review_id,order_id,review_score,review_comment_title,review_comment_message,review_creation_date,review_answer_timestamp
2c5e27fc178bde7ac173c9c62c31b070,0ce9a24111d850192a933fcaab6fbad3,1,,Não gostei ! Comprei gato por lebre,2017-12-13 00:00:00,2017-12-16 07:14:07
c0f4c8301f8c29d6f53d239e194bb4c2,04db86e3493b3724ac4bd3c9a397e23c,5,,,2017-09-12 00:00:00,2017-09-13 14:33:49
8b230a1373c6dc4bd867099fda1d7039,071251fe3b3493294536f03737a8a679,3,,Eu comprei duas unidades e só recebi uma e agora o que faço?,2017-11-09 00:00:00,2017-11-10 10:38:37
c2babb5fd0e3e13707274820a7227d25,0193a99edc8c599aaa16f9b9e991efb8,5,,,2018-08-02 00:00:00,2018-08-03 04:55:37
033fb23c97ecb11c0548f4763bef5773,0b8c6aefe987f59ab3cea15927aedc8e,5,,,2017-12-29 00:00:00,2017-12-29 19:51:26
42ae74a43661be8587b2e2db054179db,0a187dd7f4efe70e8c3b6e3779b3b133,5,,Ótimo custo-benefício,2017-09-14 00:00:00,2017-09-15 14:15:14
5241fcad10d7b45a1761f1e1e1536faa,0bcbcc3e0a09b3f6a9495de35f452616,5,super recomendo,"chegou dentro do prazo e o produto é de excelente qualidade! Acabou as dores nas costas, estou dormindo muito bem!",2018-07-07 00:00:00,2018-07-09 18:12:17
3a3ea86822a881a0e7c2245b37472eb9,02bd92abe094825e0683bacaacb64285,5,,,2017-12-15 00:00:00,2017-12-15 21:51:08
7914fa319f12631679d1704d7dcd17df,06ecfa8dfae87263e05d953aa561603d,5,Top,Recomendo,2018-08-22 00:00:00,2018-08-23 01:51:28
eb6d75bedecae7b3dbea11b8530637d8,00b9e0f8f588d0406a3de447eb606970,5,,Excelente produto.,2018-02-17 00:00:00,2018-02-19 16:20:08
c29578721fec42d32a8df09c414aa4fd,04eef545c54d444825c506ba170a26bd,1,,,2017-05-17 00:00:00,2017-05-21 12:41:38
b2be7263730fe13fdea91e59192fcdde,08288e829c6b9a810a4392bbc30545dc,4,,,2017-12-09 00:00:00,2017-12-12 20:32:57
7d6004d7847ccfef51fb4110ea0e7c57,0a76ae785560c5882874b2738c60d958,5,,,2017-08-18 00:00:00,2017-08-21 12:23:58
07b48dbc11677f5021dbefcaba550ed2,0527142b56f235b4936a8573f33b020b,5,,"O produto chegou bem antes do prazo estipulado, amei o atendimento! Super recomendo ",2017-07-26 00:00:00,2017-07-27 22:55:48
5442f4e36faa9fd2ed031c645a9d9acf,043f43899c67438005004d160d18f55c,5,,,2018-06-20 00:00:00,2018-06-22 21:53:48
8dbb6fde7a7415595ef18047707f2f42,031cf625cad56f5761e51c2675f0c0ae,3,,,2017-04-05 00:00:00,2017-04-07 19:16:11
755509047344db65b4c12fe56626765d,08d7ec7381dc51d41a0e4d86314b7a98,1,,,2017-01-27 00:00:00,2017-01-30 17:40:30
ff3a1044a7a8dfad3e9c8eae2a39420c,09744659d8e64274cf91bb288d9c3aec,5,,,2018-07-31 00:00:00,2018-07-31 22:16:27
5f8ed42b9eee8adbd7344caca4ca507e,05ad071b550b1cf2815e8bf3bec3291f,4,,bom em todos os aspectos,2017-05-20 00:00:00,2017-05-23 10:43:03
92e62e4f3ea203ac193f3271d85b11ea,061295e635460bf36f1bb41bd54fd2d2,5,,Gostei!,2017-12-20 00:00:00,2017-12-21 00:39:53
b189da69da7ab9594434aae851c4945e,0a178d660889f4e9ef1087483fd6ce9d,5,,,2017-03-29 00:00:00,2017-03-30 10:36:53
004580d2657b221e45f84f4169675ecd,049ede3fc839758e81752a9dacd1f911,5,,,2018-08-11 00:00:00,2018-08-11 18:03:41
36bbb1ae000efabd9bfe4e1923a159ff,08cd10d946b1fabbe08d3ec8dcab8777,4,,,2017-08-19 00:00:00,2017-08-20 04:23:19
5fdcb2a2c4de7fbbf5715788535f4a96,058350ebe1e9c9b426d1331b4b6063d1,4,,"Gostei muito do produto era exatamente boque eu esperava, entrega dentro do prazo, parabéns recomendo a loja",2017-03-31 00:00:00,2017-04-03 14:38:12
9d14b1424ca737608bc50f9d3c1a78bb,04ad8c8d81d4c6b6936947bfe41c20fd,3,,"Produto de boa qualidade, exatamente conforme anunciado, e o preço baixo é uma atrativo a mais.",2018-03-20 00:00:00,2018-03-21 03:11:29
19910e37f2130c56f553edfbdc0c65fb,00b12f4674177ef40c4bdb034138c843,5,Ótimo custo x benefício,Produto chegou dentro do prazo. Veio conforme descrição e é excelente.,2018-07-21 00:00:00,2018-07-24 13:29:35
4fa8392da03c452f77faa3f2952fa346,0bb77e62d791c3e5b009815ac19825be,5,Bom ,Muito bom mesmo!,2018-05-24 00:00:00,2018-05-26 15:55:48
f11d548dc1a7c713bff0b6d2ef0dff7c,0016dfedd97fc2950e388d2971d718c7,5,,,2017-05-23 00:00:00,2017-05-24 20:08:51
19074f5809403265fc47263ea93325ee,028d62c0fdae574114981f4fb33b5538,2,,Comprei o produto dia em inicio de março e não recebi no prazo abrindo até um protocolo para resolverem minha situação,2018-03-29 00:00:00,2018-03-29 15:32:27
c54629f4fc4dcf65a10efb35322ec769,06ef1c484cc535575da1724b5c6b913a,1,,"Não recebi o produto, assim como nenhum contato por parte do .vendedor",2018-05-12 00:00:00,2018-05-14 09:56:51
bbb937e9c2b62a2205af03e8a7fed42b,0ba01684638233b0955369c3ccbdb414,2,,"comprei um relogio de presente de natal para meu filho e ate agora nao chegou. enviei mensagens e na ultima conversa o relogio chegaria ontem, porem nao recebi nada.",2018-01-06 00:00:00,2018-01-11 10:44:19
77ac6288ca3e09284cb264d6b0b4d7a2,0ad0006728103ff08cda112f7940bcd1,5,,só poderia entregar mais rápido fim de ano ,2017-12-29 00:00:00,2017-12-29 22:23:00
624b50017953c221553a76cb6054fd99,0aa9e8581362267ddb91df2f3a64f811,5,,,2018-04-03 00:00:00,2018-04-07 01:43:38
057c9a1e8e767d8bf6fa59ac43a82435,0adf68e8a310f18fc7e75cffa60901b2,4,4,,2018-07-13 00:00:00,2018-07-14 17:25:04
e92d07515318cef52299bd1c5ac7e9d2,0901941512e5bef7c9fb39452262234d,5,,,2017-10-25 00:00:00,2017-10-26 15:35:02
07a89e81e4631f2eb2111e4cf347f006,05dc8285104a0f76f6e8d6b2ff9417b2,3,,,2018-08-29 00:00:00,2018-08-30 00:26:33
9e96e374304db42a8aecd4a97d53cc1b,00f251b943aba645652c7138e4716fee,5,Super recomendado,Estou plenamente satisfeita com minha aquisição. E recomendo. A única coisa que não concordo é com o valor de frete. Autíssimo.,2018-08-21 00:00:00,2018-08-22 11:09:52
073075873e2d7603248cfc951ad7c2c8,0cae0419c5938004fa8b8dba302552d1,5,,gostei de comprar recebi o produto antes do prazo e de boa qualidade. recomendo.,2017-07-22 00:00:00,2017-07-25 14:53:00
2f17f8ffe35062ac9d76c4dde9c181eb,06d7e8a85f5cfef576c5303ed7d7f2e5,4,,"Entrega feita no prazo e produto em perfeitas condicoes
Parabens a equipe",2016-10-20 00:00:00,2016-10-20 21:56:45
576095ab61345b973e9ee6e8d10b0ebb,0ac484b631e29034fc50593451c208b2,5,,,2017-07-04 00:00:00,2017-07-05 12:51:17
c02f9133515444a1281341896eee1a21,01b4dfef1c8848e8c0431ce17f5f72ea,5,,,2018-08-17 00:00:00,2018-08-17 22:50:34
681f83974b36c2f3b2dbb66b31c2d101,03bd6f7b95588e476cdef4abb2cfdd0d,4,,,2018-08-03 00:00:00,2018-08-04 09:52:20
f99ff17e430a53efe61d359faa3b425e,009838529bb913846ab6670d22865381,3,PRODUTO COM DEFEITO,SOLICITEI DEVOLUÇÃO. PRODUTO COM DEFEITO,2018-06-27 00:00:00,2018-06-28 11:09:14
bc84fbdb0fe01d7532f76f27be322d0b,0ccc28cc32fa5c8ca6a3b2d594700714,1,,,2017-11-17 00:00:00,2017-11-18 01:49:23
9ffe2034f40d65f5541cfecbd8156e86,0af403b34dc11cd542ac6d94ad39aede,5,,Estou muito satisfeita chegou antes do prazo super recomendo ,2017-08-25 00:00:00,2017-08-28 01:05:12
8ec042451b89064557a26251a05b9549,006e91ddb0674525f84ce0da0655c7ba,4,,"O produto chegou como eu imaginava,por enquanto estou gostando
",2018-04-17 00:00:00,2018-04-19 23:22:20
189089fd0b77adae63b5f9def3573c9b,04105b54650921ca3246f52e6f175f46,5,Excelente,,2018-05-11 00:00:00,2018-05-11 14:22:18
2d2ef3021d5a4856e7774efa91ac1c6d,01405161cfdf60dd80df1f393a2796d5,3,,,2018-08-21 00:00:00,2018-08-21 17:27:42
13e80f4d3fe96747729573b4a95484ab,07d60a76803db63f0ca6708011e8cf9b,5,Excelente!,O produto chegou antes do prazo. ,2018-04-29 00:00:00,2018-04-29 21:53:13
23bb19a944b4148d8f438485a594964d,044406a115a855072a8e79d38f028a80,1,,,2017-08-11 00:00:00,2017-08-12 02:14:46
3ba4306480ae86226634b10b023a1250,0a6b6d3fb4616f5b647bc8b0b8f69e0d,1,,"Nao foi entregue na minha casa , por isso nao gostei , nao tenho tempo de esta indo nos correios..",2017-11-07 00:00:00,2017-11-07 14:35:15
830636803620cdf8b6ffaf1b2f6e92b2,0176a6846bcb3b0d3aa3116a9a768597,5,,,2017-12-30 00:00:00,2018-01-02 10:54:06
9c8fa795fde24263e0ccbcbc91b8546b,083f267075b03a6cd837f4faa2c7b881,1,Meu produto não chegou,,2018-08-02 00:00:00,2018-08-02 12:19:03
5dc55cef4dad0e715dbb062e1dd24a03,07a97e5f41dfa29925b661eee8e73c26,5,,,2017-08-30 00:00:00,2017-08-31 00:53:11
bc50b08a79b2f5729c815cf3c3d2ba39,0713f1dd3cdb0f62e71d9a1f01c2bc0b,5,,,2017-08-11 00:00:00,2017-08-12 00:11:06
19b4862e9952de13d95f480bb053955d,0121cfa7c946e6589f50d7012d3eb5eb,5,,"Recebi o produto que queria e antes do prazo combinado, muito bom, recomendo com certeza.",2017-09-07 00:00:00,2017-09-08 14:56:50
6ba1766d9c526808f65628f92152e350,0a1bbcb7a1af6b58931664e147542a2d,5,,Otimo produto e entrega no prazo,2018-04-19 00:00:00,2018-04-20 19:00:01
08ee947fb131a0a99cc9c7cb8b111238,0666806082c797ed8410aadc2e08f286,5,,"Produto lindo, ótimo",2017-07-08 00:00:00,2017-07-09 09:59:54
b62b86ff6108447c826efcf1b157168d,04c28d1572e04b2b3e5b80ca7559e750,1,ENTRAGOU NO PRIMEIRO DIA,"ABRI PROTOCOLO PARA DEVOLUÇÃO, PRODUTO DE BAIXA QUALIDADE DEU PROBLEMA NO PRIMEIRO DIA DE USO.

lannister VIROU UM MERCADO LIVRE....6 PEDIDOS 6 PROBLEMAS ",2018-06-21 00:00:00,2018-06-23 00:12:26
e417e6865995952bb2c2369de0c5737b,063de687a6d9389fb6f6934d19d447f8,5,,,2018-07-10 00:00:00,2018-07-13 20:26:39
bec790c60b0c290955f484d9d3cee718,0cbd0d96e2c18087121c68e209f4e8a3,5,,,2018-08-17 00:00:00,2018-08-17 22:41:41
96ff76965f387549b7d95cb14f89026b,02ec38bbb2e837e0ef32fae6c5a651b5,4,,Recomendo.,2018-03-22 00:00:00,2018-03-24 07:32:36
27fbcb5b1968f2a7962a116c864b2c0e,0a2798cd0ba9166659c07e35ef5eb817,5,,,2017-11-25 00:00:00,2017-11-25 22:48:45
9f853654157c9872b51a099689306366,04210d64e3bdb5a0cd44eb156294991e,5,,,2017-08-25 00:00:00,2017-08-25 21:32:16
91456dd99a250d92478a066ec5d91b41,09914aa3bf0c742de9a4819692ec756b,5,,,2018-01-12 00:00:00,2018-01-13 00:52:21
75478c69aba47abf44e6e84c41ba955c,08c6860a0281fefc591da60249d5fa76,5,,,2017-04-28 00:00:00,2017-06-17 18:54:56
c2aa1cfe7ec7e57ef01153b86af55823,0be098c4a208559b0e6c96c3254481a7,5,,,2018-06-29 00:00:00,2018-07-01 22:20:00
9a7e6c8bad289a9e0140a1ad20e74819,00cf47526e0f7920b381b2baf4ecf1c7,4,,,2017-02-17 00:00:00,2017-02-17 22:59:53
42d7a05a8e13b315d10ffe3d674c3b31,049ad2bf8710b108e943f5074aed4939,4,,,2017-11-11 00:00:00,2017-11-14 00:02:35
90467e68d8367851bea4a1ece83906ee,070d6fe21e7d454b11f1cb27ca2c15c0,3,,o produto é razoavel ! envio do produto embalagem propria! chegou td amassado quase q danificou ! ,2017-08-27 00:00:00,2017-08-28 13:56:05
772c2f1e27628ff6805a84279b9aefd6,05290ddcf1e8fa2c773e1f37015cc56c,5,,,2018-01-26 00:00:00,2018-01-27 11:16:17
8bc406ac3b0cd96a8e7cb12b976f91fc,07df21cf38c17b4fef05f15d23e3cce7,5,,Excelente serviço,2018-03-08 00:00:00,2018-03-09 11:40:33
11db908ead2e5a77da340ab06c338fda,0a576c94e0a66f147bb4d6949602b85c,3,,,2017-10-05 00:00:00,2017-10-08 13:54:54
68426e9ee9e1e7c6112d218108fa8a5e,0bfa8870838091fe8171ed69f6b89fee,5,,,2018-08-25 00:00:00,2018-08-28 23:15:12
ed19d7f5da6c2c6d4d79f4ec2425f63f,02f751c4c2fc8ca376b65c8847b65f4d,2,,produto entregue totalmente diferente do comprado,2018-06-21 00:00:00,2018-06-25 17:44:56
9d75dcb54cb981f5e25c9f074b58e475,04df14e9618f3ad47f7b1e353b0b9c50,5,,Recebi antes da data prometida. Recomendo esta loja. ,2017-05-30 00:00:00,2017-05-31 19:22:17
aad7dc9aa6d09fba99cca76bcdb0fee3,0c69307b707522f4bf7267c44d06e182,5,Satisfeito!,,2018-05-11 00:00:00,2018-05-16 16:00:40
12bb7793384d3ab81de45068d3da0012,02de39953ce1cf1f7c6d46aac400ee82,5,,,2018-07-31 00:00:00,2018-08-02 19:02:01
3d04a2f375e99a14f0b7087621ba4f3f,022d47e6dd2e127493b8f51c8408078c,5,,,2018-01-23 00:00:00,2018-01-24 00:44:13
9376bf7d9d828774c24d324a7d172bc0,05d6faf8d3942006edf7cbc669faa965,3,,,2017-09-19 00:00:00,2017-09-21 23:01:41
b0d430ed9495cb7bac03457bed6e2ab3,0700ebb6d2f93a025b6ba09074cb57c2,5,,,2017-04-28 00:00:00,2017-05-12 18:25:04
7f8a0fe83bb922984aafc083363174ae,065b60cb1eb8ac3e010b81d60ab6a5a7,5,,,2018-04-18 00:00:00,2018-04-19 02:25:51
f47e865dd8d556ecf314e528d0a1e852,0257956857cf61994611a0a19f4bc247,5,,,2017-10-25 00:00:00,2017-11-09 22:00:11
a2f5682d3a0e84dfee20d6d69c4a5452,0b8dbb26699a171be239666299d2174f,4,,,2017-03-29 00:00:00,2017-04-04 11:18:39
d101eb825268c249b4acf3d4e82868ae,061aa244b31dd240e079ad7a7ce3f32f,5,,,2017-09-27 00:00:00,2017-09-29 22:31:37
720c04e4c1e4ff21d791f37ea740ff0c,058a84184b0421a60f75fdbda47862c1,4,,"Produto entregue, para os leigos como eu: as peças vêm desmontadas e devemos montar, algumas, tal qual a biciclieta, necessitam de cola para permanecer de pé: melhor opção é a cola madeira. ",2018-04-08 00:00:00,2018-04-09 11:34:12
f8177a9118239d4b02cb69f910e27abf,01f74145603bef2ef33949099b48ad28,3,,,2018-01-05 00:00:00,2018-01-10 20:14:06
6c55efc753d963f63f14b6dd6a80d3fc,09ae00385becd9090c7e85eb465605e0,1,,"Não é original, infelizmente o pós vendas da stark é extremamente ruim, pois já entrei em contato e até agora nada, aí consegui ligar para o fornecedor parceiro que já devolveu o dinheiro.",2018-04-04 00:00:00,2018-04-09 12:23:38
d2368792d9b8930c843ce18524cbf7a9,03e53afdd1e98f83636c3fd14562c7ab,5,,,2018-01-06 00:00:00,2018-01-07 03:26:20
0791c771f1267190ec3ff08e214acb3f,04b2afb6447774881079872788d97883,5,Excelente ,Eu recomendaria essa loja. Chegou dentro do prazo. E ótima mercadoria ,2018-04-27 00:00:00,2018-04-27 16:15:31
0300525ef63e9c77a5a798fd312e13f1,08fc1aa23fef732befd3559729544a6a,5,,,2018-05-08 00:00:00,2018-05-10 12:59:24
42c3deb8333a26b38db2618f6c2ccd44,08a8e10798c6955302701d17eb84fdc0,5,,,2017-03-24 00:00:00,2017-03-25 02:12:03
b0473cbc5ea1533d36d3230c17aa569e,06f66faa834248ccd67fa52058285d27,4,,,2018-08-14 00:00:00,2018-08-15 19:43:58
005323819530bea951c3b5d04a381fcd,03e5d6a8dd520898f86f8429ccd07c21,3,,,2018-08-19 00:00:00,2018-08-20 16:47:35
fb837deb43044179a59c4f70b62d331e,05ddf4cc62efcc6f34b8c693eaa2db01,5,,,2018-07-10 00:00:00,2018-07-10 22:28:34
23e790c68acbe511dd7b94c6707f2e41,004f5d8f238e8908e6864b874eda3391,3,,,2018-03-23 00:00:00,2018-03-23 10:19:03
dbcd48d3ff3e8bc81c542ba3e20049cf,072e34b42ad90d7472e9a798f19a6bdb,5,,,2017-02-10 00:00:00,2017-02-14 15:03:41
48f315adb0fcfc986321083d894884a6,076d991923ee938761994a4255f5c5da,5,,,2017-12-30 00:00:00,2017-12-31 12:26:08
d48d8cf67fee1056aef5deb18770de55,00254baeb6c932b0a8aeead91fbd02b5,5,,,2018-05-31 00:00:00,2018-05-31 23:19:37
b6b6afd5b6f92ffdf7c7775a565e7402,03350e641d4d30d50b38c2e3030cd394,5,Otimo,Ótimo produto e chegou antes do prazo,2018-08-19 00:00:00,2018-08-19 17:56:50
0f4e9b7aef843d404deda454d5e3eede,0b9705637e1c3ef0cc684ae4f190964b,4,,,2017-11-11 00:00:00,2017-11-15 18:44:05
0ab63ffeb12e341efe783d1728c704e3,052b35671e2bdd45aa889c5fa09e2809,5,,,2017-12-28 00:00:00,2018-01-01 18:22:33
8538822c4c9eb266f02f91ff3b53e9fe,009c278fa2ed6e7ec498200b60193ca8,5,,Sempre cumpre os prazos de entregues,2018-02-01 00:00:00,2018-02-04 20:43:30
25497dbac0b1609fc171157d193d8dfd,02aec12849744e266394182861265286,5,,Estou muito satisfeita ,2017-09-13 00:00:00,2017-09-14 02:33:23
eed7085ce3adf482ff727d83ef83e297,03ba96e3cd1a918f1e0126c93dd93bb5,5,,"Produto bom, entrega rápida",2017-12-02 00:00:00,2017-12-02 23:16:47
330a99d8cfbb85274e381d9359854b82,0b0448ca144af06370f09b67224e0eec,5,,,2017-12-19 00:00:00,2017-12-22 11:26:52
93bff38e529369b84919d539aa3dc449,0715dfcf2383aa72c181d8b47f6cb589,5,,,2018-02-28 00:00:00,2018-03-06 23:17:46
edca52d5f55c0bc82295d08e72f04b65,084408fe97c377238b5ee3e8bed4c99d,4,,"Bom produto, gostei. Apenas faltou ser um pouco mais alti. mas recomendo.",2017-12-12 00:00:00,2017-12-14 21:57:29
8ea6704aa2159a173d862db54016e6e1,016e4acfc34b9f2abc69795f47c92f0e,5,,,2017-09-19 00:00:00,2017-09-21 22:00:26
2583de5c6e9a468230d34d84b7e6a773,0c3190b4838c596fd1d6cd74e0436120,3,,,2018-03-07 00:00:00,2018-03-07 20:42:56
eb29c16f2a5cf444dd0c6f608c9f7ce7,09442375307dcece0366e86601bf99f9,1,,Gente ainda não recebi minha encomenda. Como fasso pra vocês enviarem de novo,2017-11-29 00:00:00,2017-11-29 16:50:40
86766ee6a8e7769fb6315f94385a5c26,0a14f9fc5324099db2a5418351592675,5,,,2018-03-14 00:00:00,2018-03-15 12:10:29
0804475d14abed07c40f065687d3b635,0760c994a2f88f9ba4f19c5622906609,1,,,2018-05-12 00:00:00,2018-05-13 13:47:29
ca2afdf36803f89a7d902413d16a8143,04e46e7fa33e86e068e66a04601ed8e8,3,,,2018-03-20 00:00:00,2018-03-21 10:39:27
96813c044224f5c1ea4226e2083b1f9a,044d94a4ac73b24fe28ff5293ac35bd8,2,,recebi 2 dos 3 produtos desejados ,2017-06-27 00:00:00,2017-06-29 13:36:26
1c40e29290a1f02915bf8a05196da48c,08ea06da9974b971f8fad4929380e24b,5,,,2017-12-14 00:00:00,2017-12-16 21:02:57
f92c32107f173029ae3b66a050d44ba7,070a5949c100efc1ad56b852f5a278d0,5,,Super recomendo o produto e a loja!,2018-02-15 00:00:00,2018-02-17 21:09:28
b588a4a27f125dc8a175ccd1d61677d1,098a986ddd350e605574040b04554267,4,,,2018-02-04 00:00:00,2018-02-07 17:47:42
3c2171b3d99d0b0a89e4364cd42170df,0103878b7ed86b6ec873cfae01379472,5,,,2018-08-23 00:00:00,2018-08-25 02:41:30
f275195ead64ff0b33425ec949b98f23,05c3b5a011d47cd6cd88d4c5d6c15b90,5,,,2017-07-08 00:00:00,2017-07-09 12:08:56
a16d7831ada4217c64f89225d1fd000e,08f95199562a41bb3a899717810c7af2,1,,Comprei com a voltagem 220 e veio 110v,2018-05-01 00:00:00,2018-05-02 14:18:46
1299de51d55c2c4e37ca6bc17a23a5f4,0be5e6659fb39043971e20321fd45edb,5,,Entrega perfeita e bem antes da data prevista.,2017-08-09 00:00:00,2017-08-11 20:38:58
51f09b6e0b53582b71656d9911e22a9b,0aaaf9abbd6e61df3d49c4d8e200bf2b,5,,,2018-05-22 00:00:00,2018-05-24 11:51:36
ba144f56c858a23a2934439886bf8778,0aba4750be63d17b0b841afb6a84a629,5,,,2017-11-15 00:00:00,2017-11-17 20:46:32
ec024209026e41e8e0da5708ab89ac62,01e4eeac4002b2e57b7ada6bc3a3c38f,5,,,2017-08-09 00:00:00,2017-08-10 14:20:55
b88d13fe58cb01fe8acd1cc517f35e8a,0128412231f9fe9d7e944eea5392fc6b,5,,"Tudo certinho, obrigada.",2018-08-31 00:00:00,2018-09-04 12:12:28
9b42e70d5cc95aa5287bbe5dc42273da,0849024969adbd058756b6d843f3c1c5,5,,,2017-12-23 00:00:00,2017-12-24 20:07:54
a34ba33faede53b2060490a1439bf425,08158c9f50214fc5872aba47814160e7,1,,"Data prevista para entrega 17/5, estamos com urgência desse produto e nada. ",2017-03-28 00:00:00,2017-05-18 11:21:01
2109c6f76fe8efd4aed30ec2dfceacd7,0a492dfba0efff86d173382ee6c65a1a,5,,,2018-03-06 00:00:00,2018-03-07 01:02:24
5b6a8e5dd9b7391030171b81a283b437,09d20920406c53e92821c0f4a82b3811,5,,bom,2017-11-28 00:00:00,2017-11-28 16:43:49
ba00672e913ce14547c103153135a83b,06ebe0964f3c6ad099d9117fb1e66980,5,,produto de otima qualidade chegou rapido,2017-10-24 00:00:00,2017-10-25 16:21:55
ea316fe3d24e401a0926b4bde8a548c2,07dee0f0916a444098de4beea749c5e5,5,,,2018-02-20 00:00:00,2018-02-21 10:18:41
dac5e910d571f7e017ac236f73eaea39,00c826c901ab01b6f598a8f0c9b56b82,5,,,2018-05-03 00:00:00,2018-05-03 20:16:59
97a1e24c2ae1fa7f655f817c0010cf8b,08f5487befe25744feabb3203a4dc09b,1,,"Indo para 2 meses da compra e até agora nada do produto. Simplesmente péssimo, não recomendo. ",2018-04-04 00:00:00,2018-04-04 12:35:14
050dc4d6c3121ff334c4958e2169cef8,0132158c30672a8c52997a2492613ec2,5,,"Atendimento perfeito, dando garantia ao cliente.",2017-03-16 00:00:00,2017-03-17 17:07:32
d52d6fcc1547c2b176114746aefc1e5b,06da8e499e3e6c47151b945f8c9eaab3,5,,,2017-07-05 00:00:00,2017-07-06 18:22:56
a0e6fd41926d57fe4cca8af2e42d8a2f,0b61dd71ead1e65e9d50db5b89cb5cc4,4,,,2018-06-21 00:00:00,2018-06-22 00:44:42
2f338e841a0ab8d47d42380f03b7943c,04f2e760bb583d5d2f8b88e247d58d09,5,,,2017-11-30 00:00:00,2017-12-01 09:14:18
c0e9d6955c472cffa14f031b35ea1466,004d76fef3dd46eb4f70da049c8d1f93,5,,super recomendo,2017-12-27 00:00:00,2017-12-28 10:05:53
f848b64cd6f3e412e2b0730dc4964872,025321e4e9674e090b7bc101f9c5ab5a,5,,,2017-07-03 00:00:00,2017-07-04 16:25:29
544f8ad1928f4048c3c57c1251b9b6b2,0b50f9db645dbb8c98ebe37fab6ecb3e,4,,"Bom.
Compraria de novo",2018-02-03 00:00:00,2018-02-05 22:59:45
385a950b97d99b4f95d6196ef8b4f1c8,00a9536682ecb394a3794c1608200803,3,,Produto de qualidade. ,2017-05-23 00:00:00,2017-05-27 11:18:40
67c3c726b27df0f733b3a740164d7e4b,09e1adca3506ecf15eefdb37196f2515,5,,,2018-01-23 00:00:00,2018-01-23 23:31:29
f4f46fbd001c96b9cfdbcb2d76d7cc6e,0191ee5deb2474bc1f4189fa709289b2,5,,,2018-06-27 00:00:00,2018-06-30 22:09:10
68fb724224b317e092c333be6ea9a4ae,06f0ad130c4b691011f1a12a33649a2b,1,,,2018-03-29 00:00:00,2018-03-30 22:44:41
f179f37ab67273e58097abd9c0cb65a9,0b020adf769218b4661b301ce96c0ca3,4,,Produto bom correspondente com as informações fornecidas mas gostei mesmo foi que aentrega fui super rapida apesar de um erro do correio. ,2017-10-20 00:00:00,2017-10-22 18:11:20
d9081bef60fac3464eb803ade196dec0,034fcc4584bd6b6ca0c0718acf969c79,2,,,2017-04-11 00:00:00,2017-04-13 17:07:52
f4676280e26780cbf82a1af76b2bc71d,03ee7babeb6e80cbb48962ce1719fcf7,5,,,2017-09-05 00:00:00,2017-09-06 14:36:21
2a1993cf1867bbfc58d8a8d8db314408,028e069ddb78a5a7179f1e6734e226c6,2,,Deveria melhorar o prazo. Demora muito tempo para entregar a mercadoria. O produto permaneceu alguns dias parado e já podia ter sido encaminhado.,2017-09-13 00:00:00,2017-09-14 02:22:30
b5666f6f3ff0d12f933f6e97460aa9fc,0b3580bfab9b4aa7c6b53769a4ee5189,5,,,2017-07-05 00:00:00,2017-07-09 14:34:03
73379b4fbaa9719927399f567286c84a,0aaab3c070a479ff8654a14d13ea750a,5,,,2017-07-12 00:00:00,2017-07-15 12:49:25
1397863386a165b4cefef5ad335bea97,093c11a6b12993f96cb7eaa348a3cd09,5,Satisfação,"Fiquei muito feliz com minha compra, os produtos chegaram bem antes da data prevista fiquei até surpresa, mercadoria bem embalada e tudo certinho. Amei e super recomendo.",2018-06-23 00:00:00,2018-06-26 09:22:24
f7d1dc1c32e1221a940e04255e37128e,0354fc44bfc5b7a6d382427c6046f5e1,1,,,2018-02-22 00:00:00,2018-02-22 16:56:35
bab6ad2691b15902e1517c8a274fe578,07294ed0ece67bb004a4813c77dfc3e3,5,,,2018-07-26 00:00:00,2018-07-27 17:33:52
98b371a25f6c53c0ce93feab839c2bd8,0507a74781354ea643bff372311d2a97,5,,,2018-05-24 00:00:00,2018-05-25 00:52:41
efd4ae7425ef4af845be67c9bdf2c3ab,0b3e1c68302779e0c67d97c5b8ed17f7,5,ótimo produto. ,"Embora funcione a 3 pilhas grandes, funciona muito bem. Recomendo... ",2018-08-09 00:00:00,2018-08-10 01:46:52
6eb22fdbb42ecce1a902bab10ce2520c,008dd5e80ebf8f849aa0c5bf4e22ce7a,1,,Me entregaram um tapete errado. Estou aguardando providencias,2018-03-24 00:00:00,2018-03-26 22:06:36
ecd4114eb921e79ccc5e14ff101e86c5,0bcc4cc85c24f23e22013fd22f99728f,5,,,2017-12-21 00:00:00,2017-12-21 23:32:05
4b3588c776c3ea20c413a0a319c4121c,00d8d65b666158b633f96054d31af43b,3,,,2017-11-08 00:00:00,2017-11-10 23:45:39
e661e2175953b47a82c7fd5c39d67cff,06ba77893723a9357f7e681bf336fb2c,5,Mini receptor de TV Digit,"Produto excelente, preço melhor ainda, entrega no prazo. Perfeito!",2018-07-31 00:00:00,2018-08-01 09:26:48
646911398e830c60a97bf2ee554d5f9d,05c32a488871489caad8b008dc77b890,5,,,2017-08-12 00:00:00,2017-08-13 02:21:33
c29d4db79bce8a436623763f93eae4fb,028587d8834cae89e572f1db671d0419,5,,,2017-09-07 00:00:00,2017-09-08 22:21:46
97202a38234764336e31aa9b56dd1a33,06dc4c865466794eb744032dc81b2c3f,5,,,2017-05-05 00:00:00,2017-05-06 01:20:40
802cc51d1b8af1b533b620308058fa1f,037540b18a708608c766355696a57467,1,,ainda nao recebi o produto,2017-12-14 00:00:00,2017-12-20 16:22:17
285602b69a6385e63181799594dc6fe3,040729c8c0dc6288b3fb10ca9da26f72,5,,,2018-05-15 00:00:00,2018-05-15 17:52:26
74de5a3946d3ea591516ac00d9c069f2,0913c46b1cafecb52e5a9a55b6c0e0fc,5,,,2018-08-31 00:00:00,2018-08-31 21:30:58
db906c7bf5a315d79c4c9e26405f3434,03f948b381187f1aab320e84e7be949e,5,,Produto original conforme no anúncio.,2018-02-08 00:00:00,2018-02-10 22:18:44
6c99a4b1d6860dd65eef5dddfe4e34c2,0b27d99f32650074301e63c1e00a2720,5,,,2018-05-10 00:00:00,2018-05-11 13:26:15
51c51352b797c3355f8fc29318e0ff49,0c33ff1cd479e404710b74a6077f6248,3,,A descrição dizia q era feito em gel...mas não era,2017-12-02 00:00:00,2017-12-02 23:13:09
fe8cba6f81893b720741f9f5461b5a84,056349f85a73d794119c4286c95a52de,5,,,2017-03-18 00:00:00,2017-03-19 17:54:46
d4681f0c6039641c6d16f6e7a9fbde12,0719c4577b69cf807be736608c144bc8,5,,,2018-01-31 00:00:00,2018-01-31 15:51:04
a34592b61bdb833a760839efc2179a56,079aa97bd14929502e11d87d14790792,5,Muito bom,"Tudo certo, chegou no tempo certo e veio tudo ok",2018-08-21 00:00:00,2018-08-21 20:43:40
8b63f42602fd24d50063b62eb98fdd68,0a979eab29ef830d6363887a00907fb3,5,,,2018-02-17 00:00:00,2018-02-24 12:50:38
0b3e6ff10734ba9994be771d7a929cf8,0996218f2d0c8ec0cb08f7498588bc41,5,,,2018-04-06 00:00:00,2018-04-06 23:38:50
57998f6fb9bff624291f11c44033bf57,03128233e78ed8ade6738f2043f4cf8d,4,,"Pela experiencia de compras no Mercado Livre, acho que a entrega via Correios poeria ser mais rápida(postagem).",2016-11-01 00:00:00,2016-11-02 23:07:34
006aeabb2a1ff6d8074ecb4b56afd4d4,05095322e4f3619255e9450335966c33,1,,Quero cancelar este pedido ,2018-03-25 00:00:00,2018-03-27 15:06:09
37d9edce34334ee50dc6eac0f7680a19,07279e06272270e7cb604d1901a4f374,5,Excelente,Ótimo produto. Entrega antes do previsto.,2018-07-21 00:00:00,2018-07-24 02:26:52
68ef7659d73820d74b1f4c59254b1bc0,092dd56170a9fa63acf80b11ef09f095,4,,,2018-08-24 00:00:00,2018-08-27 12:56:12
33c95eb62833a4b8cc9e2611c5fbaa07,0641dec5794661d69c598d2535bc0b40,4,,Produto chegou antes do prazo. Recomendo.,2017-07-27 00:00:00,2017-07-28 09:27:46
29c97736a5313384c6ffe24e2976661e,0acb52bb1603d9a69f0965fb43c08a99,5,,Funcionou perfeito,2017-12-09 00:00:00,2017-12-10 00:52:03
dd409b3352f2d9fe294d93d18680623b,01825d0debce07b6502f4aff38a00e69,5,Amei! ,Muito bonito!!!! Satisfeita com o material!!! ,2018-07-26 00:00:00,2018-07-30 15:46:13
6dbcd849e397578068afa91c18b793f2,020c2cd20d09193b79c51797a82aaa3e,5,,,2017-12-05 00:00:00,2017-12-05 22:20:02
6fb563dbbefbab605cdb639b9aa896cf,05deb664157a8c5022b440fc420bb397,5,Ótimo!,"Um ótimo custo x beneficio! 
Recomendo!",2018-07-31 00:00:00,2018-08-02 22:18:05
f28b2d3524f86a0501189aab29bbd7b5,02d63a39dc1b1a296141b46d3db19415,1,,"O produto não foi entregue, houve a necessidade de retirar nos correios",2018-04-14 00:00:00,2018-04-19 01:57:54
f3ee11b1b007b522dfa98b2821bd174f,095d64baca2fe257a3dfe98da12f0460,5,excelente serviço,"Tudo transcorreu conforme acertado.. Gostaria até em adquirir, que não consta em tela, dessas capas (tamanho por encomenda: enviando a medida), para dois som de mesa, é viável?",2018-05-22 00:00:00,2018-05-24 13:04:40
1461c71247b3463faef26443f8d89868,07261a56ea5f8537a7bc47d5155d2f40,4,,,2017-04-06 00:00:00,2017-04-06 13:49:13
bdabc1d3f30672a89459da6c76eafb5c,05c12734a5d14a9b9528b3eb84f30e50,5,,,2017-06-03 00:00:00,2017-06-03 23:44:41
70ae06b2293c9f9a0f56ef5e787a2143,09349cbc001ff756f199a461de7a39b4,4,,Superou!!!,2017-11-18 00:00:00,2017-11-19 08:14:20
85c313208ca78b15f111304c28407163,0417b4ccdad2da3b88aa378eef45528c,5,,,2018-05-09 00:00:00,2018-05-10 00:08:47
dcfb74ab8c173dac259294d70bb39143,078c9d6d720f254fc10c5a162169197f,4,,,2018-06-08 00:00:00,2018-06-08 15:46:26
1c0270c2f36ee2902424717621261325,02b39a781ee24f6997ad691ea7a01491,3,,,2017-12-18 00:00:00,2017-12-18 21:56:05
cd41737f26d591fa0ffaf94cbdf63a57,0c4a286213e6b3657aa94773d386a229,4,,gostei muito do produto a entrega foi antes do prazo eu recomendaria para amigos,2018-03-30 00:00:00,2018-03-31 17:43:24
20e6860f9850ff884ef1f1f32ec777b1,0611a79fca63467aea19ba6f75536058,1,,,2017-07-12 00:00:00,2017-07-15 04:53:11
aa8907781ed98659d92da283009efd0d,02fe1a0806a5041f35fc69f658202c34,1,Já solicitei a devolução ,Produto enviado é falaificado,2018-05-23 00:00:00,2018-05-24 00:02:04
7d73c7f8b466fdfdd12d893942ed359b,012bea13f9a355c983efb59a3f23583a,5,,,2017-12-16 00:00:00,2017-12-17 01:50:59
820cdaf6676a3383f73d1b6ee1d0a5cf,00d88c00221ce96a1cfcaca9f2fceb3b,4,,,2018-03-29 00:00:00,2018-03-30 19:04:03
7e5776e1e618fbbf990c0d18c548c868,0810ae0fa88d7880bf3d2fa5fa172f60,4,,,2018-02-16 00:00:00,2018-02-17 00:19:38
05d49508e8ef4575a2fde920baafdcf4,070162e1ae6ad420c0766af516a31a5b,1,Quantidade errada,Comprei 2 e só veio 1. Espero uma resposta pois só esse pedido que veio errado. Aguardo o outro ah eu.,2018-06-29 00:00:00,2018-07-03 21:07:03
c34338acdbcc5847fc05eff624430fec,08dd806c9344c87a3f061a6540a65041,4,,,2018-06-09 00:00:00,2018-06-11 22:59:06
244f4e779f3e97ed92fd72f1af6d964f,0661cdf16c55936467e8d8c561e50730,4,,,2018-08-26 00:00:00,2018-10-18 12:22:20
da955036a86691e84e6f5e2f4e64d53c,03552fc24c87d99787c9e2e961bddc9b,5,,,2017-08-18 00:00:00,2017-08-19 09:01:34
f246f99e97c76807ca17b45f1e18b088,069d3deb0a2f7dec8447aa0140aea178,5,,"Gostei do produto adquirido.

",2017-07-25 00:00:00,2017-07-26 17:21:40
f2501442c9410fc8af7cb8d293877820,02b8c16664d3c254052472397ae6d244,4,,muito bom,2017-08-25 00:00:00,2017-08-28 10:51:20
e5f8c4097c5eaf7582202655f0a3f936,0910cddfc72928e063254f00c73e8d5a,3,,O número da pantufa é menor do que a numeração de sapatos normais.,2017-07-18 00:00:00,2017-07-19 02:21:24
7ddf02359e1512627d910c51230539ff,0259bebdec429a3ec5a653df8f28574e,5,,produto entregue antes do prazo,2018-01-27 00:00:00,2018-01-29 11:39:55
91d696370490d901858c8492475a2cde,063f19fae1eadbb92dc30d00b7cc870c,2,Produto veio sem peça,"Produto veio sem peça importante para prender o pendente no teto. Tive que me ""virar"" pra conseguir uma peça similar que não é a mesma apresentada na foto do anúncio. Considero Propaganda Enganosa.",2018-08-17 00:00:00,2018-08-18 00:44:56
f1a823e2b26158a843a6babd4bbdfea4,054df8d1a5ab3cf520be20c25d98f5f4,2,,,2018-05-26 00:00:00,2018-05-26 18:53:53
1a19cec016e220ff18d24df75317d26a,03171e00c28f7c3e5c779c2c1009a458,5,,,2017-08-26 00:00:00,2017-08-31 00:37:34
4886f3f54bf9adb34a5b244acd36e47b,044bcd01474ba715e7cb11d5a70ccf0e,5,,,2018-04-08 00:00:00,2018-04-09 03:12:06
66f7db391eb7d76e6e000881feae50c4,0a393be90b03100dcea4aa21f2e027ec,1,,,2017-12-06 00:00:00,2017-12-11 12:38:15
1b444f947865b8a025fbb41f75f62110,04a0e5cbdfc606ebca72c5b78caf81fe,5,,"Gostaria que criassem uma forma de entrega, melhor, pois pelo Sedex temos que retirar nos correios ,e a mesma fica muito longe de minha residência,no mas o produto é perfeito
",2018-01-31 00:00:00,2018-02-06 01:45:15
a4b2bf3ca1b43cc51a33691c34d48de4,0ccb5b7bf95c5b642f3717b08c633361,4,,,2018-07-14 00:00:00,2018-07-14 22:45:54
0f65cba61639e5e07d9486cb811d5882,05bf7a31e9d3eecf93db6a8e4508ed8a,5,,,2018-03-14 00:00:00,2018-03-14 11:38:11
bb4ec1526be7317dc8b03b4e229f285b,0a4bcba63e99001ad0349d8832963afe,1,,meu produto não chego ainda y já paso o praso de entrega ,2018-03-21 00:00:00,2018-03-21 10:31:15
380b841eee47f391e0d3fef0a38620b7,03cfff56e65677083384243927b9915f,5,,,2017-02-23 00:00:00,2017-02-23 03:47:14
5cf7e91091f5389ffe21fd3f4cf48e7d,03cf8d977a18ea1308ec10c0f7de2f4e,5,,,2017-05-03 00:00:00,2017-05-04 11:19:47
b357eae2bb439f6297fc234747d8f3db,06ab29b4849c4417bdac17b1e8a6e482,5,,,2018-01-12 00:00:00,2018-01-12 18:27:55
f436d913b24e86f7520f537fc803c88b,039ff75de38e514eaa8ffb2618d5227e,5,,Gostei muito. Recomendo!Produto de qualidade e entrega rápida.,2018-01-10 00:00:00,2018-01-14 20:16:38
e74c1ef059f75189c6c30bc69fba6629,0ce50541293dbe475fde11c04962e953,5,,,2018-02-17 00:00:00,2018-02-19 12:22:30
8cbe0a707f3917105a226a61185c404e,0a721c801fb74738e32f7ffc3c068a46,5,,muito bom,2018-01-06 00:00:00,2018-01-11 22:27:40
287ad282a167c89fe196978cee506bd3,005a1dded353107dbabf8ffc83a20365,5,,"Excelente,bonito e ajusta facil no braço. Nao é grande, tem o tamanho ideal e muitas funçoes. Super recomendo.",2018-03-03 00:00:00,2018-03-06 02:11:43
11293705cdb84239bc4a059c24df99bf,052b49cd1787ff86171b4e374f53c42e,4,,,2017-07-04 00:00:00,2017-07-07 13:52:33
ad16d7141537a8e34f781806b1953ee4,08f016204423b6b70f37abfa64ecbc64,4,,,2017-06-06 00:00:00,2017-06-23 12:31:08
71531f6a2657d5acbe7bd6731c816b28,00602f25bffa1dcfb71e202fbf9824fb,5,,,2017-11-28 00:00:00,2017-12-01 00:31:27
dc101d3b9d33e937b83c956774beb874,07c09839b4951ac37863cf9f0f79dedf,5,,"Gosto de comprar nesta Loja, só acho o preço dos fretes bastante elevados.",2018-05-20 00:00:00,2018-06-05 01:08:32
c3bad6ace99f286cca63a9dc7b2cb5ef,08ed4f84b1a078202e8da80c8d96dc77,1,,"Boa tarde,qdo comprei era cartucho hp 933XL original e veio cartucho desconhecido com tinta.
No anuncio nao deveriam colocar a embalagem do produto,pois pela foto é que eu queria mas vei o generico.",2018-03-10 00:00:00,2018-03-12 17:52:46
0c5b33dea94867d1ac402749e5438e8b,000229ec398224ef6ca0657da4fc703e,5,,Chegou antes do prazo previsto e o produto surpreendeu pela qualidade. Muito satisfatório.,2018-01-23 00:00:00,2018-01-23 16:06:31
21881853688dd9e9a5eff42d80386420,0ca1bac7f133e0eced641bff853f52ea,5,,,2017-11-08 00:00:00,2017-11-09 08:59:33
8eed22621654998dadcd8e3ba410729c,0a31cde0de75146ec6aa043161f74cf3,5,,,2018-07-25 00:00:00,2018-07-25 22:41:24
3069d1d660f6a9c76b9037d9d840d892,00c62d05602c1ca8164b98746d127fa8,4,,,2018-06-13 00:00:00,2018-06-14 08:15:54
bdda9930cf86602b45697bcdd1e0915e,05519ea9a25c6f57bfaa4ce4c372b26c,5,,,2017-05-30 00:00:00,2017-05-31 10:14:03
36e21cd6d8131bdd6fb5c86f0ce9c9c1,08fb515ec54c34ca06b1e2268acc429c,3,,"Os produtos foram entregues no prazo, porém dois produtos tiveram a cor e o modelo alterados!",2018-01-24 00:00:00,2018-01-26 22:59:29
8bade70862f66500d826776e33ed3695,05ec8e2b68474e347ff47b71274e2361,5,,,2018-07-31 00:00:00,2018-08-01 10:04:55
b44d03b5f149cc8c7fe0bcc9cf46117f,0752235c99010e0a475e14cebb1baf81,5,,,2018-08-17 00:00:00,2018-08-18 06:44:57
8ead08c13f7da50709a85e9be201f969,055e6f9e14ac5805a9bcb99a480daeb1,4,,,2018-01-05 00:00:00,2018-01-06 00:09:54
fc05d7ad59e2d1c26f4b74b2626e17d7,073f64b0ac2c4ba51efd4327faca2d39,4,,,2017-08-17 00:00:00,2017-08-18 05:09:15
eafa0ae0a785c85ec8e5a7000e7a99ec,0435404d45d367d6da14e7628c40a041,5,,,2017-06-02 00:00:00,2017-06-04 22:38:08
75c52e4275d457dc412611bd6f157363,0b05441635d9a251f9865b985bf985de,5,,,2017-12-23 00:00:00,2017-12-26 16:17:06
2d4850fb277c0a62a75dfbdbac59fdca,05200ccb21bae81c6c32914d7c3bb778,5,,,2017-12-23 00:00:00,2017-12-24 01:17:06
4d132fb703371931d448548ec68ae90d,0597a201736db0915eac0e92b5e0f6d9,5,,,2017-10-17 00:00:00,2017-10-18 08:51:44
7016bd48b8a252ca1e581df8913e803a,0176d7e16d1bd14cde42d9d3a24e525b,5,,,2017-08-25 00:00:00,2017-08-28 01:09:27
81d10fcd7806dbadc56109cb7cfaa105,062682155c454b125c630e1deebff4ea,1,Negativo,"O produto realmente foi entregue no prazo, entretanto chegou todo quebrado creio que por causa do acondicionamento",2018-05-03 00:00:00,2018-05-07 12:36:29
903db4bec5b321c64960b1fba1fe0b1b,088683f795a3d30bfd61152c4fabdfb2,1,,,2017-08-17 00:00:00,2017-08-17 13:02:46
404efba309561fdd4a3ba7de9825dc27,07f6d8849f66cadda64c15cea9a6c321,5,,"Produto de qualidade, nem parece que meu zenfone 3 zoom está com película, já que ela cobre a tela inteira, realmente protege.",2017-09-13 00:00:00,2017-09-16 20:16:49
fcfc31341f9eb4b38ab788484d8e0401,011108c8a3d6eee6807f48a2e639439f,1,,NÃO RECEBI O PEDIDO NO PRAZO E AINDA NEM RECEBI O PRODUTO UM DIA APÓS O PRAZO MÁXIMO.,2017-05-18 00:00:00,2017-05-18 18:41:40
d7bac1f899e21596591b25158a9e17be,0b03fa2615b44079dad6c958f0ef2a02,5,,"Amei, é ainda mais lindo q na foto!
Entrega feita antes do prazo 😍😍",2017-12-03 00:00:00,2017-12-03 19:16:58
cd618247d19ac8200e2391d4e9c84272,0c92cd0095b2e1f57c013f2094f4e434,5,,,2018-08-04 00:00:00,2018-08-08 00:39:31
1d5dbcfa23ddbb9d33851994dce47886,0c0a67b96b88d50a44c1cf028cda65a5,1,Meu produto foi devolvido,,2018-05-04 00:00:00,2018-05-06 12:10:11
60ee9f17042b0d52dbfa562765257b24,05259e30e40e08eddb05428cb38ff248,1,,"Produto chegou com embalagem violada, rasgada e o produto era usado, com marcas de instalação. Mais de 20 dias e não trocaram. Fazendo devolução do produto. Sem comprometimento com o cliente.",2018-03-23 00:00:00,2018-04-09 12:17:40
aea18b525504e6d6cd40b116a35f6cc8,0a7888b4a8bdf63a03f4e7db63a6fc59,4,,Produto de qualidade.,2017-07-25 00:00:00,2017-07-25 21:45:09
e5f3ff041a0dc755bd4ace8c5cfae361,0392bc239ce28b0377e6b3073df2c674,5,,Entrega rápida e produto muito bom!!,2017-07-25 00:00:00,2017-07-25 23:27:01
5821c8dba0c12a0c8bfd9d1ccb7ba536,0c4e55eefa45381c3ac66984b7be7822,5,,Conforme anúncio.,2017-03-11 00:00:00,2017-03-13 23:30:48
a0b3a06052d46c8d8fbbc088f2f7edda,03976e284ff273b3e5fda450030f32c1,5,,,2017-09-13 00:00:00,2017-09-18 13:30:07
a503ca4b3f485f69c4209b829ac9eb95,01da413c142606bf28e461e3a732f653,4,,,2017-08-30 00:00:00,2017-09-04 16:59:21
36272a624d93914a3fc574b0f9fad77b,0abc7357d2bbb06a7d4d0b2a24d4ebd3,2,,Chegou o produto errado,2018-08-08 00:00:00,2018-08-08 09:49:27
a646c3106b4a61862a6010448577e1fe,0961e67affdacb23a647b67618e2bc70,4,,,2017-09-19 00:00:00,2017-09-20 18:00:03
e8ed320ac9b85bbbd59652cf22a942ad,0c23e216707906b2996b9e2a5bf5ca93,2,,Não gostei do produto qualidade ruim ,2018-06-29 00:00:00,2018-07-01 20:14:48
364c1810dd7b91b58d6223321e556165,0550f231a3ccfd0e87217ef2e816c7dc,3,,,2018-06-27 00:00:00,2018-07-03 02:18:48
e880864e64f669aea8904ee3f201875c,00789ce015e7e5791c7914f32bb4fad4,5,,,2017-07-18 00:00:00,2017-07-19 16:57:30
535123f01c39643fb05abed6ed0a4779,0886f12bc4f3770e8660c836cd58abbd,3,,Demorou um pouco a mais que de costume mas dentro do prazo,2017-09-02 00:00:00,2017-09-04 02:01:08
3e504e8b7242b39b4a4a3359d1d87c8a,026f3440c258a87c9f6fb9c8e1bbb6e7,5,,"OTIMA, OS PRODUTOS CHEGAM PERFEITOS E SEMPRE NO PRAZO, A UNICA COISA QUE ACHO CARO E O FRETE.",2017-11-03 00:00:00,2017-11-06 12:31:46
ec538acd7bebac25727995e047b33307,0a7af36dc9b46e0920a68a9e2ee2198e,5,,A empresa faz de tudo para agradar o cliente e fez isso com qualidade.,2018-02-06 00:00:00,2018-02-07 00:34:35
ff9ed603a0748e2152f7590c57cca78f,0aea5ed8df108f7cb387c099ddec65c2,5,,"Muito boa, poderia ser mais rapido ",2018-02-17 00:00:00,2018-02-19 23:34:39
3106ea497d43ca7dab0a730011b645b5,03ff7f74352df18b6a9a261d68befe5e,3,,"Fiz essa compra e recebi meu pedido em dois dias separados, até fiz uma reclamação achando que estava faltando o produto. Acho q deveria ter sido avisado para não criar uma nova situação.",2018-04-13 00:00:00,2018-04-15 02:40:36
34592a91e941932fcf44fd337be968d2,0032d07457ae9c806c79368d7d9ce96b,1,,,2018-04-19 00:00:00,2018-04-19 10:53:08
2e99a7b357655372f64ed0a2d4c6e79a,0be7e98768e4af5d5f972b05d01a82e1,5,,,2017-11-30 00:00:00,2017-11-30 14:42:17
a9714e0a329db57a9d88a4e4f363275b,0849ccbfff0e8fd7168be6a62ca74a0d,4,,,2018-05-17 00:00:00,2018-05-20 21:01:02
1499de0b00d2fde6dd0cbebf49833e89,062bddc5be851fec2b59598cc33498cd,1,Produto errado,"Recebi o produto mais veio errado, ainda não recebi nenhum contato da empresa!",2018-05-16 00:00:00,2018-05-17 00:51:45
cdcd0cb0ec3a23a2fb64a421d5cd3b55,0309a18e1e836baa9cd7289da085b4e1,5,,,2018-05-12 00:00:00,2018-05-13 00:00:26
cc451beb8ef5ce647e45002b9b484390,013a98b3a668bcef05b98898177f6923,3,Recomendo,"os produtos comparados form entregues antes do prazo.
Mas o valor do frete esta muito alto.",2018-08-18 00:00:00,2018-08-19 00:07:35
f9243bc8c06c1922d8cf743482a42a6f,0807ef98d4c6786b58238e6dfb2d2a9c,5,,,2018-02-17 00:00:00,2018-02-19 17:54:58
6d8f99d23b8ef3200ef680aa27403bf8,02e0c2efb6d9bb2a95ca90b7e78bec1f,1,,"Comprei 5 cobertores de microfibra, no qual recebi apenas 3,ficaram faltando 2, gostaria de saber se vão fazer o estorno do valor, ou vão reenviar o produto. ",2018-04-10 00:00:00,2018-04-18 00:09:29
bb3f0d964070721c2753334d21e4a465,0cdc602941468800cf63d3385e750f8e,5,,Entregue bem antes do prazo. Sem nenhum problema.,2017-02-23 00:00:00,2017-03-02 12:28:19
9cc587c90e3b61361c2a9ec96c9a71c2,030e558867da892772c999f60d09e854,5,,,2017-12-19 00:00:00,2017-12-24 13:31:58
a8b57f9dd7b9b1c3a01fb5267c82d18a,07c25d3d928865cf442fac10a30163c0,5,,,2018-01-25 00:00:00,2018-01-26 10:12:53
25e492084e63a0a94df0724481188a6e,0af646de6e8d7191b1020ec0a5defcee,4,,,2017-05-13 00:00:00,2017-05-15 12:32:16
e293707f0bcb06fc579a199e4040ee4f,03eea4a8ecfbf94e0aa787c2d1b098e9,1,,,2018-02-04 00:00:00,2018-02-05 09:24:18
efd81afcb3d3062e8be63f61844ed22c,08ac0336730e831f16eeadf576564ff3,5,,,2018-08-04 00:00:00,2018-08-06 18:37:57
96fe2621b1de783f56e922339273b72f,033abfda50a317e7664dc789031fbdef,5,OTIMA ,OTIMA ,2018-06-30 00:00:00,2018-09-25 17:46:18
d0b2ce11b126aca999e6dc06b31adb99,0560d47b670c197def5674ae22fe4fb2,4,,,2018-06-26 00:00:00,2018-06-26 21:01:43
755064345b43800f2321cb1b7fc4c021,08904f6557108c451821501ca9e6aa4a,1,,Não recebi meu produto até hj. E não recebi nenhuma satisfação.,2017-12-28 00:00:00,2017-12-29 15:14:04
b9afe7aaad8daae902d00b0486903e85,064c48df7cb281b1f0f0cfcaa2a69662,5,,,2017-06-14 00:00:00,2017-06-15 14:44:47
e8b8217d2113e68ce952f83936a2d85b,03b5ec589ff32d3dac9dd2f9f06496d6,5,,"O objeto era para minha filha, ela ficou satisfeita.",2017-06-15 00:00:00,2017-06-18 20:50:10
afef4127f20abbadf7db635c5a1fde75,04f026e6517b3845e4ea1a9d0328adfc,5,,,2018-04-25 00:00:00,2018-04-28 17:41:55
7b0001714b86c036ec00df4fe2ca8d41,02ce6664223305cea5b46ef1f2d81461,5,,,2017-08-09 00:00:00,2017-08-12 18:25:29
ae5d884727f796a78dc1f4860a0bf393,055881c8e807f4d1147c2f075d51d604,5,,,2018-05-01 00:00:00,2018-05-02 02:11:35
d6c11f3fb17252c2fbdbe34b5360d862,059cc0a6e41682f072113815225a5ff7,4,,Recebi o produto muito antes do prazo informando!,2018-02-28 00:00:00,2018-03-04 11:24:42
a47832fc905918220d6e1a9642bbd0eb,0966b61e30c4a07edbd7523f59b3f3e4,1,Não recebi o produto,"Comprei o produto e depois eles informaram que não tinham no estoque, mas no site da lannister ele continuava disponível para venda. Já solicitei o cancelamento da compra, porém não obtive resposta.",2018-07-05 00:00:00,2018-07-05 12:35:40
d84c0043073a843280cb7315c3ec6fdf,094960a25bb327dca31de0e2b9a788f9,5,,,2017-06-06 00:00:00,2017-06-07 11:25:07
49520a7b95778eb6d1ef6466c26d7f3e,0572c996d9b4a7645bb071a158a64bbb,5,,Entregou dentro do prazo.,2017-11-28 00:00:00,2017-12-05 02:00:51
e1fc5865f896ad0ca6ff957859f89691,076ae5516316ecf9f17dc3cc78437eac,4,,,2018-03-03 00:00:00,2018-03-07 13:40:29
c754f7d842c3e3b7c71e5308b96075d8,04f92792b1960e9302825742e0751a5c,5,recomendo,"Muito bom a entrega e estava dentro do prazo. Alias foi entregue antes, sem nenhum defeito.",2018-06-02 00:00:00,2018-06-03 22:34:36
63afae1a32dcb5bf563449f9367a186f,08427834d148946950a3fe92a596e1e4,5,,,2017-12-12 00:00:00,2017-12-15 09:40:40
613ca5ee97a6f1f42cda34e629ed1642,059f6abcb045619604ec4af08b4b5456,5,,,2018-02-18 00:00:00,2018-02-20 19:12:38
6bf77d2af89fbd9784fea3820bd7ff7a,0171835bbc71bcfacc26e9f59d56b62c,5,,,2017-07-04 00:00:00,2017-07-05 12:42:02
957a75b7b1495f598dbc17f8f59339ac,049c19712aca2d6e4ddc43c83183cdf6,5,,,2018-04-24 00:00:00,2018-04-25 12:00:17
77701c0425c416ba088a7abb9a21ceb5,00eead1d5a799277ef3d6b387b0bebef,5,muito bom,mais rapido que ja vi,2018-08-31 00:00:00,2018-09-03 13:32:43
6a8e305d9d11dca392bbe277a2617fb1,0c1eabff9739bc1f4ac404d1a8a13db5,5,,,2018-08-16 00:00:00,2018-08-16 22:20:58
44bc69d1b7152e3ffafc7364a35ae192,086d49a75db554056a171c0c706a7e18,3,,,2017-11-18 00:00:00,2017-11-21 10:51:57
2c3d0e973902c6db6ef14a1a91e5dee0,098a083175759c53525b6288a6e46119,5,,Excelente chegou no prazo.,2018-03-24 00:00:00,2018-03-24 22:37:07
0a717531c6b3c376bf358798366cf062,057712e71c25f78b04ba3452284c110b,3,,"Excelente produto, mas houve muita demora na entrega.",2018-01-06 00:00:00,2018-01-11 09:58:43
e3ae3d989246a32412a8e80e68048115,01e4121d4b2dcfb2ba6b8f367652aee8,5,,Bom vendedor,2017-11-04 00:00:00,2017-11-04 17:08:32
66680e8c08175e1e79f7ca234af09e60,07bdb6811431a929abbd2ada5c891dc5,5,,,2017-08-09 00:00:00,2017-08-10 13:26:27
b1b806daafec7280aceaae3c334acbc3,0c51fc08a502b9c73f0476234f991613,5,,,2018-03-21 00:00:00,2018-03-22 11:57:00
2fb027c81abb6b47423f5a5e57088255,0858bbf6d922af574797281c8df8de5c,5,,,2018-08-15 00:00:00,2018-08-15 17:06:39
c285ae20da371b48a6cfff44a1eca284,0210336762a2618a562576d1266efefe,5,,,2018-05-02 00:00:00,2018-05-04 16:19:01
4fdc5421a5fb7eb10f16ffecbd76eae6,04b23c68df88327f687ea03eb2f34d7e,1,,Produto não entregue. Prazo expirado.,2018-03-09 00:00:00,2018-03-11 14:17:10
68ac24cdd55046d7b21f15c21f3e0500,0c6a968e3824f733a18b9c40b2620865,5,,,2018-06-08 00:00:00,2018-06-11 13:33:59
960374369d86f45dca189f6b8ed2d88b,0b77e4a3c5557d452990e1cd1136f0b5,5,,,2017-12-30 00:00:00,2018-01-03 22:02:08
223e233bcc19e29c3a1057f5b4d34435,0921e6115b1fcc24d5dcf35570b68933,1,,Passou do prazo ,2018-04-28 00:00:00,2018-04-30 03:50:30
ee40ec76a6566abad15cb95596544d9e,0c65eb5a1415db7a20dfc869c9277e7a,1,,Além de não entregarem.não fui avisada nem reembolsada.,2017-09-23 00:00:00,2017-09-27 16:23:43
a56cabc25bed2d55ddd1a73c0b791566,05cd5649410dd46b0467669ff19e294b,3,,"Quanto à entrega e prazo do produto, tudo correu bem. Sendo que ao funcionar, o conversor apresentou um ruído intermitente. Gostaria de saber se tem como substituir por outro que não faça ruído. ",2018-03-20 00:00:00,2018-03-22 01:31:26
cf1e687f2b244ab531f66e19539d6ca3,08bf457a7ecf8ba28efb48f0add11cca,3,,,2018-08-10 00:00:00,2018-08-15 14:30:49
9ecc0eb8baa29a847ef16f38101478b3,09951c1a8c91dc28f008c3ccc634f1fe,3,,"O produto chegou na cor correta,, e na qualidade esperada, porém paguei frete para ter a comodidade de receber meu produto em casa e tive que buscar nas agências dos correios. ",2017-11-07 00:00:00,2017-11-08 20:20:31
e218db55097b60f4f6f704945563c3da,02ae2a6d1d1f1432dc743ca4f67033df,5,,,2018-08-04 00:00:00,2018-08-04 17:08:29
4b281f665f787283361be70f919860c4,081081d7c1bab4679737b9254c3e992a,5,,otimo,2018-01-09 00:00:00,2018-01-12 11:33:35
9e39daac927a41483d7fcbf14829fc46,0210f3225937e9d7702e0c3fff098b98,5,,,2017-12-02 00:00:00,2017-12-03 06:19:24
320784679f1e88d2ca6d1674cce49b50,06c6a92df74580db95364b36aeb8f5b9,4,,"Pedido chegou no prazo, produto de acordo com o anunciado.",2017-05-27 00:00:00,2017-05-30 21:19:18
c0001b239d903967dd453d3207023875,01f216b447564f9ea791b521db577ccb,5,,"No inicio fiquei com receio.
Adorei,rápido e pratico.
Obrigado.",2017-02-01 00:00:00,2017-02-06 13:01:36
dcb5a99ac081043da014276823f67c51,09a0d7c2cc6f652acd3537e7a91c7000,1,,"No anúncio dizia ""Marca--- Canon"" e eu recebi um produto ""Similar"" ""compatível"". Se eu quisesse um produto falsificado/pirata compraria na minha cidade por 10 reais, não precisaria recorrer à internet",2017-05-20 00:00:00,2017-06-05 18:40:59
3cbc05dbf9849d6c317d93fe4a1d8e65,0c54d16446b830ff65da96eb16304fe8,5,,ok,2018-01-12 00:00:00,2018-01-12 20:26:57
6d61a5411b9e9cd49b469a1ca07834c3,006f7dfffe2d90809598e8f1972b829b,2,,Demorou para entregar e quando chegou veio errado. ,2018-04-06 00:00:00,2018-04-17 23:03:40
9f0e358c8d72472d5a426e8ab01668e1,02671152ed141efc95384bdd230bc544,3,,Abri uma solicitação pra devolver o produto pois não veio do tamanho que necessito.,2017-12-13 00:00:00,2017-12-13 22:56:33
a8de0261982c86c22c9c74773ed4ad7d,03bb0baa2f30152130d3d5df8e44507e,5,,,2018-07-04 00:00:00,2018-07-05 12:47:53
01afbf1352ce8b782d2c21cdedceac91,0b1b823864373547749dd203c2c4adef,5,,,2018-06-29 00:00:00,2018-06-29 21:02:11
3463ea11426e5dc8338ae33518f58c29,08d1ac9ae1dcec96c3422ade2005fe94,2,,"O produto foi entregue corretamente, mas achei o prazo de entrega muito, mas muito demorado.",2017-09-20 00:00:00,2017-09-21 01:55:46
15bbdfb558b4f5c177200c7e85f17edb,02b63408e665194f2794a94576001e56,5,,,2017-03-28 00:00:00,2017-03-29 11:52:09
e18b65fe319a8c35cb4011c760dee30c,02f4865eba77caf307bb9f08d0a59a32,3,,,2017-05-10 00:00:00,2017-05-11 09:35:30
048f2c1863ecb829fa1743118faa3bc3,0a56861d762ee1f82f5cdc2de2b1f71a,5,otimoo,veioo muito rapido.. e é exelente .. qualidade muito booa .. ,2018-06-30 00:00:00,2018-07-02 18:09:28
9ea90d1dbdb63b7a71fd45849a02e1bb,08c182b2e7095965cdf8fb5be1cd5b3f,5,,,2018-01-05 00:00:00,2018-01-05 19:22:12
bc446fb6d1072f04c9f66bf2a691a9cb,06a7f7a7fc6a846c853dd6f52a81be06,5,,,2017-02-16 00:00:00,2017-02-17 11:28:09
06d3a25a4c66292e12388aaa7193cfc5,06f2e7e5aa8764a77b596c6eb6d56fd6,4,,"Compra segura, entrega feita corretamente",2017-11-07 00:00:00,2017-11-14 21:53:08
689de8cb4fd779a82361dc0a3500c23e,09d8a4bcd943fd4bfc7dd6b64b7c328e,5,,,2018-06-13 00:00:00,2018-06-14 01:03:49
21224bd6338538b8ad1ee3a5f2b3c527,0872d0faafe0cb56e6f2c594cca1522c,5,,"gostei chegou em tempo, e em bom estado conforme solicitado
eu recomendo!
Mary",2017-10-07 00:00:00,2017-10-08 12:39:19
febbc8da6b7bb374b45d631ef56a99c1,0659ee4a8b8b8da8337c94d35e423c74,5,,,2017-12-02 00:00:00,2017-12-03 19:45:50
39e48c63f9125d35d5460f0b3919d979,050db8a61ea366db684e7d127082b5da,5,,,2017-07-19 00:00:00,2017-08-16 16:50:21
ec013a7d5a17eeb21ba80e42c70cf174,06afc1144eb9f51ef2aa90ec9223c7f4,3,,"MEU PEDIDO FOI DE 2 UNIDADES DE UM MESMO PRODUTO E ATÉ O MOMENTO SÓ RECEBI UM....
COMO COMPREI O MESMO PRODUTO, PENSO QUE A ENTREGA SERIA NO MESMO MOMENTO, VOU RECEBER DEPOIS A OUTRA UNIDADE???",2018-08-25 00:00:00,2018-08-27 13:33:33
2b456024eebc601ea8a1457d4a5149e5,0adc694b12e2711cde18a5d31576bef2,1,,O controle remoto e uma replica que se compra em qualquer esquina nao traz o nem o nome da marca cce me sinto enganado!,2018-02-16 00:00:00,2018-02-16 10:31:11
c725cec82edcb41a041401b679ef4a9b,076d71b244e240e104ffe5bf5985faa2,5,,,2017-06-07 00:00:00,2017-06-10 12:33:46
979fcfafc6ed1972b4b39a3f350405e9,05028bf6da42dad66775424835329d50,5,,,2018-04-25 00:00:00,2018-05-01 19:51:30
faf57a9057f8a222acf61f50e876f84d,0c73b283fdefcef04be55400a4f6ccd1,5,ÓTIMO,,2018-08-15 00:00:00,2018-08-17 13:08:06
221d82d1698741e357d718c897a8adae,09ec3f2a1a1ec11f2245a4538a00eae3,5,,,2017-06-29 00:00:00,2017-07-16 11:42:14
5ef54aacd02622d2d1fefaaf539b939b,003d0634280ff3d1d3a54459349a6899,3,,,2018-03-28 00:00:00,2018-03-29 02:13:16
48ef86dfeacd937b2ed74e2845011652,0ba375898f7c9b49e9d12cdd4f4467e8,5,,,2017-09-01 00:00:00,2017-09-04 00:23:03
d5c53719d693b137cb69c2163061bae3,03481652329171ff571df2c58bae0167,4,Antes,A loja trabalhou bem e a entrega ocorreu antes do prazo!,2018-07-09 00:00:00,2018-07-12 11:10:10
e6405cfaf702182cacd26755e41dc40b,0c7f78afde3e635c59eef76c3f1a5ea5,5,,,2018-03-28 00:00:00,2018-03-28 23:48:22
bf9977804ffdd2fef346c0033d82551d,0630ba8015b69f03e65dbe4be3aceb4f,4,,"Atendeu minhas expectativas, bom",2017-03-29 00:00:00,2017-03-29 21:32:29
9ac323fe5a32b2d1f0f0159c5ae42a67,03e53a3c2ea313a49e89aee8f8c44970,5,,O produto até agora não fez efeito espero que faça nos próximos dias,2017-07-01 00:00:00,2017-07-02 00:36:22
866007a68fcc92936862aaaeecf4b04c,0bcb782ba7956aa53f7f565159107488,4,,,2017-10-26 00:00:00,2017-10-26 17:24:04
aed38a2c5cc4f1e9d707556d60db0289,00a690becda145533fa5a54daa7b6ad5,5,,fiquei muito satisfeita o produto e bom excelente qualidade ... ficou lindo no quarto de meu filho .,2018-04-25 00:00:00,2018-05-01 14:56:03
78180606acf0640f0259a4864517418e,08e33dc1bf04d3cbc2fb5e93fbfcd6c2,5,,,2018-07-04 00:00:00,2018-07-05 10:24:58
23e8999822026d65f7e9e9030bd98b54,05f4c59e4404655a57c7bb10ff944d3d,5,,,2017-12-11 00:00:00,2017-12-12 13:28:41
d8a7f8865aae4323034ef043d37d3c79,0c3edd1850a593f62fea844191a4424c,5,,Kit bolsas lindas gostei muito!!,2018-01-04 00:00:00,2018-01-05 11:46:13
a72a99a64cbebe9251c9848586521329,0b88df5bf12a6df08bf27d7db86e4ab6,2,,"A capa veio ok, mas a película de vidro veio errada.... Menor.... ",2018-04-20 00:00:00,2018-04-20 08:58:51
b4ec59a2e5b6a3ecbab333a9280308a2,0ba1afba0d7716b50cd8b5f3c7e4e638,4,,,2018-05-24 00:00:00,2018-05-27 15:02:46
c192ee9b99f5432f5d27311fd158c85e,02f4dd90ba0feb8ec394cac05862d2b5,5,,,2018-06-27 00:00:00,2018-06-27 12:57:06
b5c9aa83935388c89bd9b1b2ce6d1439,0013503b13da1eac686219390b7d641b,5,,,2017-12-21 00:00:00,2017-12-24 05:03:01
d2e263f52b764f44ba415aee6b8ac881,02cda26d2cd43c51fefac9e3291fbc9b,2,,,2018-05-12 00:00:00,2018-05-12 21:10:28
4e709d2c686b40cfe195a86b008ebc89,0283a5f1680cc866884c09960d2462e3,5,,,2018-05-24 00:00:00,2018-05-26 21:49:05
01b0147e17032d7aa4b7b4c84d934d0a,025fe62703ce31742dc8bbe8b1a99b56,5,,,2017-12-21 00:00:00,2017-12-22 11:44:50
14b445ec5a4a2fd600e00baf71e70933,0487b772aa23074a39079a6967041b72,5,Parece estar tudo correto,"Não usei o machado ainda, mas parece em ordem e a entrega foi rápida.",2018-07-31 00:00:00,2018-08-01 17:39:38
164fba09ca80765e400c72749b58c267,001862358bf858722e1e2ae000cfed8b,5,,"Adorei, compro novamente!",2018-02-16 00:00:00,2018-02-20 14:11:32
6c55936b2a44ea148eb02eb8dd4e3fc4,0b23ff20645a72c0c1183b6b8ba15719,5,,,2018-02-22 00:00:00,2018-02-25 03:58:41
bf12e036c2906aa789d614c6dbd15ee4,0a8c0b59c2efaacc405838782a56c156,5,,,2017-08-06 00:00:00,2017-08-06 20:25:15
9f82e3e85b0eef3488d8717954309d15,0218c7a4fb8d5b1bd22c82b783b8359c,5,,"Entrega dentro do prazo, embalagem/produto bem condicionados. Recomendo.",2017-10-24 00:00:00,2017-10-24 18:33:54
eb0a5e66d996050334014587b1c8699c,04bc36cd51141e11c2cbbd188b6e47ca,5,,,2016-10-21 00:00:00,2016-10-22 00:14:57
e630ac2f0aa00d5a123a0ef2680f7366,05aac5a18dcd77932007f57de8650622,5,,Recomendo ,2017-08-26 00:00:00,2017-08-26 18:43:52
d03e099017b71c723ff948b298997c01,0b1e1706859ca49fb88d353540f6eaa2,5,,"Produto ótimo,atendeu minhas expectativas. 
Entrega super rápida. ",2017-11-25 00:00:00,2017-11-27 11:23:27
dd637f7d450ad9b231755668f8974707,04464191f1b76f60684eac5609f3bdda,4,,,2018-08-03 00:00:00,2018-08-04 15:02:16
094a719c72f1a7cb2e76527e65bf4074,0c3d62f1aa70d604db3bc56082aee4ca,5,,,2018-07-07 00:00:00,2018-07-08 03:37:03
6f72bd7f99a205cfbebc52faea8a1877,020d90b47730f065a03723587c20a57f,4,,"Recebi o produto no prazo, mas solicitei devolução. Estou aguardando instruções pra devolução ",2018-05-05 00:00:00,2018-05-08 02:02:31
56e149fcba180f05e328035ab79ecdc6,012670c73246a753cbde0a215c2b9e8f,1,,,2018-04-06 00:00:00,2018-04-06 21:41:24
4bd34a108069f4b42861489333b6b777,0a629239073738043764cd721c8ab2da,4,Ok,Não tive problemas em comprar nesse site,2018-06-22 00:00:00,2018-06-22 22:25:09
4c005336534ec2765a6263e9af602580,08ccf73c206d15fd2668cdb6f32b5e04,4,,,2018-01-31 00:00:00,2018-02-03 02:46:47
5902b08239c8e7b61c90831cf70945b5,08659a24c131a7a894f45544a4ab4751,4,,,2018-03-13 00:00:00,2018-03-14 08:57:39
a92f27e3e70cc3f7e193e489be255a49,0352796ceb3700a87606f6f19b1d20b3,4,,gostei,2018-02-15 00:00:00,2018-02-18 20:26:02
07b1239e580dc2a50085ab2e50691624,0bd6ba2a0ad5458f31a20239363b2e00,4,,Produtos entregue dentro das normas e entregue conforme o que foi pedido.,2017-09-02 00:00:00,2017-09-05 16:22:22
3d19852c23fff17c55a4e8f29aa71b9e,0a131976e98291762104959158e2bdc6,1,Pessimo,Meu produto veio falsificado. ,2018-08-06 00:00:00,2018-08-07 15:40:29
1c90f28058ef78800e6e34a00ef10b67,0b49ef15b00408f4b3cc8c7ac0c5ae19,4,recomendo,"tudo perfeito, entrega, prazo e produto.",2018-08-11 00:00:00,2018-08-14 14:19:41
a738aa683a09dc5979abc7d9c2cc8029,0cc76fbe09687fda664178e9fc6c404f,5,,,2018-01-07 00:00:00,2018-01-08 13:48:20
ae91cb172a711788931e78848c4f58d2,07bfea8893b7262f7d61cfb2068b12c3,3,,A capa é boa mais não encaixa perfeitamente no aparelho deixando parte da câmera e sensor de digital cobertos ,2018-03-30 00:00:00,2018-04-01 10:26:49
1d686db6ccb45c5d2e5d3c2ede9f4874,09cd0ef00759c25af3a62b31366074bb,2,,Exagerada a espera pra receber no produto.,2018-04-18 00:00:00,2018-04-18 12:24:36
81cda91ea35eea1d66cf69d100a13a7c,0ca492845a50b96f1143aaa61470c070,3,,,2018-04-11 00:00:00,2018-04-11 21:42:29
b5fa6cd0ebef3486178bbe40f7c252e6,0796436a57062ff1b4a95616fdf3f2fa,5,,,2018-08-29 00:00:00,2018-08-30 03:54:30
3968a368a5f3cb0f71621df1b0570ec0,0a7f55f1119615e9adba581bc94ee02c,5,,,2018-07-05 00:00:00,2018-07-08 13:28:40
aa73c5ea4732a47ee6644153cf718d26,0c228d925a49aa5e3b35febb948f4f72,5,,,2018-07-31 00:00:00,2018-08-02 10:26:21
9267fe6768cb10a9c410bc1f9f806c92,0518657f142278ad13d645c6b5b0a669,5,,,2017-11-01 00:00:00,2017-11-03 20:50:48
277a9d4ab73fb65db832152f14086fb1,0ab90720b8aeea3179e8f0919884bd24,5,,,2018-01-09 00:00:00,2018-01-12 10:03:38
f4d5af97fdf1db6a523c9f0e33c9d46d,07068f92ceede34d93d6dd0b5117feef,4,,"Só demorou um pouco por conta do correio, mas foi tranquilo, recomendo!",2017-04-20 00:00:00,2017-04-23 01:33:00
f1b657309ac1b766264dbff13b5e66c5,02b57854fda246aca8459d17f5ccbffa,5,,,2017-10-09 00:00:00,2017-10-12 13:52:13
23df6481c68d6e8652b9f047c7d13a93,0ba2bc78c04f47c4757a465b7d7e4f79,5,,,2017-12-20 00:00:00,2017-12-22 21:24:31
76516aa098e629f79c3a3c390d553f2f,09519116d7d66f8a0ed5c02048573c7d,5,,,2018-04-24 00:00:00,2018-04-25 15:19:08
0cd4092ed362fc1c6c0e17812e507de1,01c998b70e420ec36563386a4b71c6bc,4,,,2018-02-15 00:00:00,2018-02-16 16:25:24
3e606c5228fd98bfdf7744297b4888f4,0cf808a0c021f642770317ad30665b02,5,,"Chegou antes do prazo previsto, cortina de ótima qualidade na minha opinião. ",2017-11-18 00:00:00,2017-11-18 22:31:51
b921902036a309589df1170f8d698180,03a0b96d81d76a3214b7b49ec31e6eb7,4,excelente!!!,Muito bom... vamos ver o finalmente deste produto.,2018-06-21 00:00:00,2018-06-21 19:45:54
bcf79cd1d5ae6677cec9a946b1c98f10,027fb2504084c231e857f6cf558a9992,5,,,2017-10-15 01:00:00,2017-10-17 14:00:23
24cdd80da82e116e44dd293c222477f8,0a7224dae678203f5b1a0715b55ed4d0,5,,Produto ótimo conforme a descrição. Super recomendo o produto,2017-09-21 00:00:00,2017-09-24 14:05:31
a7a918faa0daea573ae2c42fe207f41d,0b34b5b5c46c8870d8a0a667d2f6bb4e,5,,Produto de qualidade.,2017-12-12 00:00:00,2017-12-15 02:01:04
7d4cca38e9c356d85dcfa78b80dfa265,0345ba423eed2b009e0e407b19c422e4,5,,Produto entregue no prazo e conforme a descrição,2017-05-23 00:00:00,2017-05-24 11:23:37
dbf71f79f088d589caaac656b426eab8,00a57dfbb049fbaae10763e2cf15f797,5,,,2018-07-31 00:00:00,2018-08-03 11:41:30
0501aab2f381486c36bf0f071442c0c2,0068c109948b9a1dfb8530d1978acef3,1,,Espero obter uma resposta para minha encomenda. Comprei 3 controles remotos para ar condicionado e apenas recebi 1 controle Komeco e dos 2 controles Elgin pedidos e pago só foi entregue 1 controle Elg,2018-02-09 00:00:00,2018-02-10 23:55:18
f2a49130214ff0c206b6ce6f26412a4c,048f62c5f28797fb7a060c3f3c3e3e2c,5,,gosto de comprar nesta loja,2018-05-10 00:00:00,2018-05-11 17:35:04
eb164f6c5cf6b85214360131fdfcbbf0,005b49de51a4e006055e8487a50ad8e4,5,,,2017-04-28 00:00:00,2017-04-30 22:46:37
37f375d929ddbd1b6d728d9748f32493,0247aa98317f60908e99f44e7a2a4896,5,,,2018-01-09 00:00:00,2018-01-10 11:01:40
346366aa8f06f93df6ba775332d8477b,084ba79e5ae4e7d7ff0221c538c38832,5,,,2018-05-04 00:00:00,2018-05-07 00:12:52
3168980f6016be8ce12a206ca66a5b89,04ab36803e2945bace40db80eaa54bc4,5,,,2017-10-27 00:00:00,2017-11-02 11:27:32
e05679c7985c1563cb18e41a40eb31ed,051c701261744807b2535ab976842f7e,5,,,2018-07-12 00:00:00,2018-07-14 01:23:39
fcfd1222b78d4d434515ea06d4f5cfa8,0bf0591471117549d48c64d47aa33e60,1,,"Amanhã vou ligar no atendimento solicitando a devolução do meu dinheiro. Produto super frágil, minha mãe vou esticar pra por no colchão e rasgou.
Não recomendo.",2017-03-26 00:00:00,2017-03-26 22:02:47
9be34edbd1b2918f84d5724e2eaf9f36,09854629eee79bc8d606247198ae822b,1,não recebi o pedido todo,ja enviei mensagem e ate hoje não me responderam . so recebi parte do pedido,2018-05-09 00:00:00,2018-05-11 23:37:44
4742655b1e39dd8f4ae75fa947d35bb0,0a8f35ef46160ef897c27ba8c423d823,1,,Cadê a minha torneira?,2017-04-09 00:00:00,2017-04-09 23:00:39
8a80875f1c32524e4563986f4c23d256,00f324f6ec332cd73ef8be4888573662,4,,,2017-07-18 00:00:00,2017-07-21 23:34:53
7d40e25eab1940c37c48e3230550ae81,0b3457e0c4ca3f53aed80917d932b787,3,,"preciso que seja trocada a razão para: Cooperativa de laticínios Serramar. O restante esta correto, não adianta carta de correção",2018-04-15 00:00:00,2018-04-18 19:26:15
30e6903f3556ccf830e022242367ec20,05eb212cd5b01c76bdb5215a49df19b6,1,,,2017-07-22 00:00:00,2017-07-24 14:33:13
084172b8ac17e9a65d63bb08f249b6bc,067a8c6d7efd34e3595ef4bf1500c766,5,,,2018-02-06 00:00:00,2018-02-08 17:39:11
60d7acc9c24c48d276a7eafc30338425,0aeb20ab92028bf31d5d8b2314b03092,5,,,2018-02-15 00:00:00,2018-02-15 19:40:13
424ec901809a526a46915448cd6b6a85,04a772c0620384a8776c4fbcf4af5c01,5,,,2017-12-29 00:00:00,2017-12-30 01:34:04
e90351a2e646910880be93f44eaf7cdc,0c6a2732270e3f0f66bd73dbde93b59e,3,Funcional ,Entrega dentro do prazo.Mais a película fica descolando as laterais ,2018-08-05 00:00:00,2018-08-06 15:04:04
c6967e2c399bfe4a35f350c091f15e9f,0850d4915a0e1d284feb7aeee9f88573,5,,,2018-08-12 00:00:00,2018-08-15 01:53:56
6943b547823c4f9cc7eb7ffc9c41fb35,076f1fe978468db6b826f40f714da65f,4,,,2018-06-12 00:00:00,2018-07-01 01:23:38
9080215b4f2493f80b6e6878460787d6,055cf2a6f9343f99acdb5e8f70e49bd8,4,,,2018-06-05 00:00:00,2018-06-12 17:34:31
6047838dd8a5dbb8c9ba0ff132ad9748,0190e75feb05f78ccb1b56853ca4f6cb,5,,,2017-12-06 00:00:00,2017-12-07 00:06:28
957f39cf558e5859f09415b629c2550b,04040ee654b248cdc512a68ecc83e4cc,4,,Entrega super rápida. Produto é bom. ,2018-03-30 00:00:00,2018-04-18 23:53:58
96ed913accb0e9acf3220e6dddd079fd,06bd4e8d281ae8780eadabe2f8886368,5,,,2018-08-22 00:00:00,2018-08-24 23:40:59
e1db3dfe4999562ba222a60c4919e389,0b4bb296de7b6b5d24103fdd585b1241,5,,"Fiz um teste e é totalmente impermeável, muito prática.",2018-02-24 00:00:00,2018-02-26 23:35:58
90959f7bb031d8dd24c89112ec4dfdef,0470834755105bf0bb1c3062a73f1d99,5,,,2017-07-21 00:00:00,2017-07-22 02:18:15
a7537e6be4293ba89a916d2aacd422aa,078c97da8566e6052ff4f0925dadcbb4,2,,,2018-02-23 00:00:00,2018-02-23 22:24:23
ec5296057b600b646ddddf9258929145,0b8e4fe7f85610340424b314dc68c366,5,Gracielma,Ótimo,2018-08-28 00:00:00,2018-08-29 10:14:34
c82c5a36408d4ca405138a5093625960,0c29afa3d55c9d983ff14ae80e79984a,3,,Recebi parte da minha encomenda apenas. É uma pena porque o produto é ótimo e veio no prazo. Não entendi porque não veio completo.,2018-01-12 00:00:00,2018-01-14 08:44:54
d51a7e4a1acb4bc85564d1462120a755,03b8df6ce0954c5df5e83e0a6caaf5ee,5,,,2018-03-02 00:00:00,2018-03-03 02:26:26
5d7cfcde51f2c9a469446425f93ffdb4,0261b9a1fd7da49cec3906e055b2f59d,4,,,2017-03-16 00:00:00,2017-03-16 19:46:11
98ac0edcf4401c2087a8258023bf7c23,01b4a2ad3420c19a1c7c402513e7725c,5,,,2018-01-19 00:00:00,2018-01-20 08:58:12
06eb874bb4498b6a876bcfbb4b1f8808,0608991422469365a7b98644f2456aed,5,,,2017-02-24 00:00:00,2017-02-25 13:59:53
8d53ec8f3c716ff99408edfdaf0fecf2,09eedce5add123a462c46a3e0ade2dd9,5,,,2017-05-24 00:00:00,2017-05-25 12:38:09
6e9aff9e67f63bc674c187931371748a,09b584a0cd8717a01d318729fa61a867,5,,,2017-09-01 00:00:00,2017-09-03 19:01:52
b04ed893318da5b863e878cd3d0511df,03c939fd7fd3b38f8485a0f95798f1f6,3,,"Um ponto negativo que achei foi a cobrança de 3 taxas de entregas, sendo que comprei os 3 produtos iguais numa só compra.
E mesmo comprando os produtos juntos, chegaram separados.",2018-03-20 00:00:00,2018-03-21 02:28:23
c2e2644dc2210c0137d5828c409def35,0ba4b12916fc52234012c61ed7ebce94,4,,,2017-10-27 00:00:00,2017-10-28 00:22:44
a10626040b7e80cab32f111c5bc782ae,08c94cca559ddccd243fc551e088b856,5,,,2018-08-01 00:00:00,2018-08-01 19:12:35
b3660036bce046fa596b3e7e45d2fa7b,0691840826e5dce3ddfb305ab26bcfab,5,,,2017-03-23 00:00:00,2017-03-23 14:58:28
14453ead666af8b24582574f6a7969b6,0b912988b29c93bf79e780956d8d309c,5,,,2018-05-08 00:00:00,2018-05-12 01:23:40
935219a671b96f7172618ab5deca2454,04af40a6714e5ab254138fcd4863f0c1,5,,,2018-03-17 00:00:00,2018-03-19 22:37:59
6e4dd71b65928852f9a1e62274d1e973,0ab4790a52443a30df72f298b03077db,5,,"entrega rapida e produto veio em perfeito estado, comprarei de novo",2017-08-08 00:00:00,2017-08-10 19:33:15
7de6dc79156edb73422c0c60f5f3bfd9,0a3181424fe55b41f1f0d53150c6523f,5,,"Comprei para minha mãe, ela amou e chegou antes do prazo.",2018-01-11 00:00:00,2018-01-12 00:33:37
27abf489a0e46ad7dfa4dbdac61b188c,0045e3085f083f0f38d24bb3f22e6593,5,,,2017-08-30 00:00:00,2017-09-02 06:07:39
dd3c89c89126e6915e8cf972967508b7,065fb1ee0ec59ea0a68b3105a59a69ce,5,,,2018-02-22 00:00:00,2018-02-25 09:09:45
b0991e2673cd0b872a40dac5f44187e8,03f4fbe820830f14931ffa4631cb0912,2,,"Fiz o pedido de 2 un do mesmo produto, foi enviado em pacotes diferentes, ficando sem rastreio.",2018-02-06 00:00:00,2018-02-09 10:03:13
65349a0cafff91227434e3f02777e3f4,096b88181e326e47c571be4560692555,5,,,2017-08-25 00:00:00,2017-08-30 22:45:46
27e2f709b86113bf03892be1f2a98c83,035518626172ac1884aa3825eb7d1379,5,,,2017-06-15 00:00:00,2017-06-18 19:55:19
5b6c7183b7e7852246a7bfa48cc7d893,049bad09d9281445edb6dd1d6ece7395,5,,,2017-07-27 00:00:00,2017-07-27 19:24:15
f388b45bbb2f229f0837218d0a774658,057a97c066cbaf1feaba87f5422ce04a,5,,,2017-06-14 00:00:00,2017-06-15 11:53:20
327425bbda502d806f410c544b730a23,0573b5e23cbd798006520e1d5b4c6714,4,,Recebi antes do prazo! ,2017-07-14 00:00:00,2017-07-17 00:20:28
7771804ee0d24976026765ba2de38617,0647c4896cbb3bcfe3a48f652dd058ca,5,,,2018-03-08 00:00:00,2018-03-08 23:45:57
503f74ff295077771fc38f47e8d2764d,07e5d726cba4eb976dc6c2db2ceae28f,5,,,2018-02-21 00:00:00,2018-02-22 00:13:56
6353b8257e9dd6124d7ebaca4811aabd,04130ed2567c23daa988cca5f1860430,5,,,2017-11-21 00:00:00,2017-11-29 19:15:18
9bf7e8ba55f9234030f226db1260b3a6,0b8f8315c63f765c07a31a8c7e28bad0,5,,,2018-08-23 00:00:00,2018-08-24 11:40:31
13202d91d77372e2ff282a4b01dd1404,02f6d9982a52e44cf5a2be82598d078d,5,,Também ligar para o cliente quando for preciso,2017-10-05 00:00:00,2017-10-06 18:14:08
f4e530fe3b4e9d15e217000bcdaeb5eb,067d7f81fe42137dd925344dceb47d20,4,,,2018-02-15 00:00:00,2018-02-16 13:36:21
548841b1cd10c8a55d18a16cdd8cd34b,0745fd0c5e5bd55f752798a152b1d04b,5,Dez,Excelente!! Bem antes do prazo.Perfeito.,2018-08-31 00:00:00,2018-09-01 13:16:52
de00d2f5a3373345eb8f157702c59c70,0476f6eca64ad7ce1bef51f7308871bd,2,,Cabo de energia veio cm defeito ,2017-04-04 00:00:00,2017-04-06 01:22:12
c1870da32af76706d4dd938bb7a088d9,0ae6247166276150abcb71aaa91b0498,2,,,2017-06-09 00:00:00,2017-06-10 00:12:24
1dff5e5a748ad2a527ffc95391b0f835,014a0793ab3d930d6f3b206cee474af4,5,,,2018-06-28 00:00:00,2018-06-30 16:37:11
476f9f0acb1a350622e73dd4f341ecec,092de8ef0dad90862e5c0dfb15a10790,4,Produto com boa qualidade, Produto com qualidade e com toda informação no rótulo.,2018-06-30 00:00:00,2018-07-01 01:54:09
02d5ceeccb057144d1ecd749282f3475,09d3f9f1be63c067456cc619076685a1,4,,,2017-08-30 00:00:00,2017-08-31 22:04:29
b790ae0237b00dd2c0835f66d449bbad,0a0f50037a1e1b7c239ac621dbd8a03e,5,,"Recebi antes do prazo, a embalagem foi muito bem feita e o produto funciona corretamente.",2017-10-03 00:00:00,2017-10-03 23:50:20
7393397a032399b66cece496d4b9f05f,040d7a91a18a8d2262e45df7c8ea8051,5,,Rápido ,2017-08-16 00:00:00,2017-08-18 17:10:46
4be0fcb2fc18e0da288ad4f45c38059e,00b30bb163474583c14db1689259cf4d,5,,Recomendo!!,2018-02-18 00:00:00,2018-02-21 01:43:34
d18920d1b17d94fa8a70f2569baf3a8d,06a10466a6e3befcdcb37637948fea4a,5,,,2017-12-12 00:00:00,2017-12-13 08:29:27
13f67875e47aa3056eddbbd94a66e367,0327e521bdeabce73fcf327b2fc94c92,5,Ótima cinta,Material muito bom. Design robusto . Cumpre o que promete.,2018-05-05 00:00:00,2018-05-05 23:47:39
815018ecb191fd9d1cadd856c1447762,078f6a01964ee122ef20881df839af31,1,Produto não recebido,Não recebi o produto que esta sendo cobrado no meu cartão de credito.,2018-08-18 00:00:00,2018-08-20 11:53:15
1f2bc6823f575f52178a28cfae86ba81,055b200c986fe0efa2547b28241c3318,5,,,2017-09-07 00:00:00,2017-09-11 18:14:28
d17f60def571608b9b788a5d9afea3e1,09b38400b1601bc9dea9de02c710857f,5,,,2017-01-28 00:00:00,2017-01-30 15:53:26
e55576d791c76ff5ab2549c700d1405b,00e1426d4c79f2e022570012c1ff57ed,4,,,2018-04-06 00:00:00,2018-04-07 16:11:37
d52e262e8fe647e751234f2e8534cedb,0829f68cdf3850bb5977ac321e0fb8d5,4,,"foi entregue no prazo
",2017-11-10 00:00:00,2017-11-21 01:08:07
e0f224b38ffaa51f860d043208dcc8d0,07ae1be141672315e599bc7ebf23c5f5,5,,Adorei! Lindo! ,2017-10-08 00:00:00,2017-10-11 14:48:00
c2207ad9f31f8380c9c3b599939bc8e6,04e2e5f16cad2f04bb156a4bcc034520,4,,,2017-12-19 00:00:00,2017-12-22 12:30:33
ac7f5de1bea97d48a4a4ba7c0edcaa53,01428962dce3b65e5433eaeb16c0f48f,5,,"Bom preço, qualidade e entrega rápida!",2017-08-01 00:00:00,2017-08-04 04:04:09
48e842fd2d333bf25db3a318410b7941,0c021596b865eb54c02ad64bf7d55aea,4,,Mosquitos frustrados pela boa qualidade do Mosquitero. Nunca mais acordar cantando.,2017-10-15 01:00:00,2017-10-15 20:01:52
85b0c36f463e19aa709b2ee1446513ce,059bbeb3477ed66fd7e670c3f879009a,5,,,2017-08-03 00:00:00,2017-08-04 09:32:59
a340f90364bbd6157a8d62d9cc34aa4c,0ca4b3b797fddd6288abcd726e5669e3,4,Boa serventia,"Insatisfeita c a entrega, pois paguei o frete. É tive que ir retirar na lj dos correios. ",2018-08-30 00:00:00,2018-09-10 08:29:45
f541ca6222ee91321b6d9938b23db8e0,06b7df1d1d3dd3e36628fc7078908592,5,,,2018-05-05 00:00:00,2018-05-06 21:08:45
955942ee34ced547818e56f754da2893,099a55045696dde09f58f62e8e82a542,5,Ótimo ,"Amei os produtos, organização show para meu closet!!!!",2018-06-14 00:00:00,2018-06-16 18:29:53
4752f49c65f0e85be766def8840a0d00,04cc9ab9d21b11d7aca691cf7facaaa1,4,Entrega em duplicidade,"O pedido foi entregue duplicado, recebi 2 de cada item. Uma das balanças veio danificada. Aguardo a retirada dos itens enviados em duplicidade.",2018-05-05 00:00:00,2018-05-07 18:37:21
abb6136be971d03feb72019ff59767e4,055d978254ef5cedea2b841646d888f1,3,,"Uma das minhas tesouras nao veio certa, veio com defeito ",2018-02-17 00:00:00,2018-02-24 19:16:48
6094552723ad6725db8456d059425501,04b7151492b049661380a47e0449f9b6,5,,,2018-07-11 00:00:00,2018-07-11 19:56:47
f7bbac6b6901d7636435ea406a856e34,0017afd5076e074a48f1f1a4c7bac9c5,1,,,2017-05-21 00:00:00,2017-05-21 11:30:42
e09e188f1a36a527d4d1abb21e0bba89,015ed18d7ea7ca5c14f3c1decc55daf1,5,Positivo,Capas excelentes. Recomendo ,2018-05-29 00:00:00,2018-05-29 15:45:58
ef09f96c211ba8a930d7fd4f6f93651a,019c4b64cf3d733807ef5bc8bcf6d123,5,,Excelente Produto.Eu indico,2017-10-24 00:00:00,2017-10-25 00:12:38
c31ea104a363fad1e8c129d9d1796c97,05f18c930e9961675a68af3b18efaf6b,5,,,2018-08-10 00:00:00,2018-08-13 01:35:29
4f398ef28f9f6856ffee37d3af975136,08adcddad19d3acf37d1fa01cb9ded1e,5,,Gostei muito ótima qualidade . ,2018-06-30 00:00:00,2018-06-30 21:02:33
3b832135ecc38433a22f120fbf642c22,0a80da8a2e86f5f401c7514602bc1105,3,,"Foi entregue no prazo, mas ainda assim achei que demorou demais. ",2017-04-28 00:00:00,2017-04-28 19:05:54
a4b24a72252f986e407bec001b28302c,07e43f12d5d3bd569e03916b9482a8d5,3,,,2017-08-16 00:00:00,2017-08-16 23:25:07
16f5b09c7e6783e8bd3bc6b16f2fb3db,028aa7c930356788f861ed1b7f984819,4,,serviço feito. padrão. como deve ser sempre.,2018-01-30 00:00:00,2018-02-07 15:58:10
a4b85b9c6b868330183be4557804ca9a,0ad0daff42cf44b50d0bac4c64722e4f,1,,Recebi o Kit e veio faltando o condicionador ! Estou muito triste e aguardo uma solução!,2017-05-13 00:00:00,2017-05-13 19:51:05
36eaaec40223a992216ef47ff3f8c903,0653c5290cf561492eae4f626799994d,5,,"Bom custo beneficio, entrega antes do prazo ",2017-09-23 00:00:00,2017-09-25 21:43:33
0e2023d49b13eebcca2fb73a1332466d,0478ce23b7b39ac01b3bbd39109b083a,5,Otimo,,2018-08-18 00:00:00,2018-08-19 17:11:54
72b492fbb72802212422bfc90e7de777,01c22546c4f9914e232006df82d96e0f,5,,,2017-09-22 00:00:00,2017-09-23 09:09:16
28f4c89b661532d392fbb2307db4b142,023ae47e11483bdb8aa35fa4662aee1c,2,,"Esse foi terceiro produto que comprei, porém a qualidade desse, comparado aos dois últimos, é muito inferior.",2017-04-19 00:00:00,2017-04-20 10:25:39
e4bdb071895665b0bfeeb9f5c6fbd354,0ad9d4e4f4c9746b59ddb9c18d30d241,4,recomendo,Recebido antes do prazo previsto pela loja e chegou em perfeitas condições,2018-08-15 00:00:00,2018-08-16 11:10:01
b9d439794c5619c0609e1fea573766a7,0ae310aba8893f64631cffc380d5db8b,2,,,2018-08-28 00:00:00,2018-08-29 14:35:00
14c38bf0bf4082c923f3fbba24d8d762,09d6c2dd8c08336a2cbd1c449a2ef158,4,,,2018-02-22 00:00:00,2018-02-24 23:50:57
97fcff561479f61f07e6aa56a8c19a38,09c03e22399940d7e6fb194297ae84a3,5,,,2018-06-16 00:00:00,2018-06-19 01:29:54
ba511c286364b5a4bdf31da0162d234f,054db90b78e9a5af5983855572b4e6d8,3,,,2017-08-31 00:00:00,2017-08-31 09:40:00
ca50d05af330515f3afdbe1204bbddb3,019edbdfeb6923e55558362c2b84ec37,5,,,2018-04-06 00:00:00,2018-04-06 22:40:37
b858eb7a2dce75641666f92e3e54f01c,06339e75ee1b614953aef978ef01d766,1,,"Produtos ainda não chegaram; fui comunicado que extraviaram, e que será enviado novamente, mas, comprei para presentar, mas a data esta próxima, e o produto não chegara á tempo. no aguardo do produtos",2017-05-19 00:00:00,2017-05-19 11:00:49
d74c41005aac6736c5c6582001800e9f,00eb7b95af5ed25aaec66d4ff5295846,4,,"Otimo atendimento, produto entregue bem antes do prazo estipulado, mto bom.",2018-01-16 00:00:00,2018-01-16 16:29:41
706beef34c46836933cc5366aed639c3,052957b74548fe2ce95f70d3623e6eb3,5,,Tudo que comprei veio cwrtinho,2018-06-19 00:00:00,2018-06-19 14:14:34
fdd4b55b6de914c43a246dda580cbdef,034d69957b2269cb4e06b31561b64973,4,,,2018-06-20 00:00:00,2018-06-20 17:25:11
6eb443894e0de3ac2d3dba4d96b9ff73,010061e3aa0c6ed5e393dda0652bbee8,4,,,2017-11-25 00:00:00,2017-11-27 13:08:32
0a96b1610a1f683b832492b6b0fec006,055b09c841dc52097e688df51b163310,5,,,2018-05-03 00:00:00,2018-05-07 15:08:46
b1a7e6bea48ebd760453f2975eb5c5af,06aa0aa8c22027ebb953d501c4238512,4,,"Produto um pouco fino, mas o pelo é de qualidade ",2018-04-28 00:00:00,2018-04-28 21:44:32
15073db64c504f65d191c8f2ef0b91b5,0b8ecdf43368739829456740ed76b909,5,,,2017-09-12 00:00:00,2017-09-13 00:51:43
7d8d9c35d49419b797bd45c4b04a9f73,0c21f042461cf5e64d2c087fdcc93fd7,4,,,2017-05-18 00:00:00,2017-05-18 23:06:53
9c6b132bbe345b43981456409b618d92,099d62f80912acec8ebfabeed29585cf,3,Recomendo.,,2018-07-05 00:00:00,2018-07-06 21:55:43
bf5addc377d443c3ccb64d0595a5d89b,078db7c551c5b6a107ba6d586a13f14d,5,Vendedor e produto,Vendedor pontual e o produto satisfez minha expectativa. ,2018-05-24 00:00:00,2018-05-27 03:43:12
2e16f3beb70656962b643fb1e786668d,03604d9c184f9290e997c49fb585b2b5,4,,,2017-11-22 00:00:00,2017-11-24 18:34:08
a55e240fd81e7ecaa4bcc98703fb4b9b,02058d1c3b825765a4ec45968b8a1c97,4,,,2017-06-06 00:00:00,2017-06-09 11:18:39
d10a08135705b7e6765018493e84db9e,07b1810af93ee79a38977779e7a410d0,3,,,2018-08-21 00:00:00,2018-08-21 19:13:52
2a2a1fda017244fb14ecb3efc78b050a,08db2dff56f31598b313e96bd2b04520,3,,Prefiro opinar após receber o produto,2018-01-11 00:00:00,2018-01-11 20:48:03
e782b0fcb31134326818ec162535e15e,01946da9e2db8bab61d79296c037ee1f,5,,Produto atendido conforme divulgado. ,2018-01-26 00:00:00,2018-01-28 22:31:11
de1cc2f20d0b4b51a9dd12b3e242cb47,0852d26c3b55f84aca9d256f91a44bea,5,,,2017-08-26 00:00:00,2017-08-28 00:18:38
b7a1de28d1001f594fc6a0c05d5018f3,008c3a655c66f4d92370d0d422732f69,4,,,2018-03-10 00:00:00,2018-03-11 15:42:42
f34140b83390699f84f7e591ec42d0af,08c79f0b250cc3b309a69dcbd0debdc7,4,,,2017-12-22 00:00:00,2017-12-27 09:10:13
0b1616a4aacf1b403171d85d24fb42f8,00b8d354b36820e9d6131fd5173c5581,5,,,2018-03-09 00:00:00,2018-03-10 14:20:56
897934eb47ceb2eea2629c44d1734569,01ebb9ed879d6fa1da4857ed617972ab,5,,"Tudo conforme anunciado, produto ótimo, venda OK!
",2017-05-13 00:00:00,2017-05-14 13:36:50
68aadabe98bebda381f9b6c172af4e92,07159640598ab46b708279254ec3be0f,4,,,2018-06-28 00:00:00,2018-06-30 20:14:15
3bee719a36726483ee9cb2396440df37,0b4ed5311f55b9b8f0f30b35e5b45dbd,5,,,2018-06-09 00:00:00,2018-06-11 12:19:16
a48dd5824a95a050bb7a7fe6f1679afc,09868b0eb512bfbbe98900f16d79d055,1,,otimo,2017-03-30 00:00:00,2017-04-03 22:59:03
1f0ccb21898560fc98055802b17eb225,03c1fddd11851ddf712a2c28bd3df54a,2,,,2018-02-15 00:00:00,2018-02-15 23:59:17
77860efe5d65224e040f0cae17792df4,0a93b40850d3f4becf2f276666e01340,3,,,2018-02-28 00:00:00,2018-03-04 22:20:24
9c0d430a7782599622cd150790f57791,01fba151a6fa8315ff6dc6f29fe2f2d4,5,,,2017-07-14 00:00:00,2017-07-15 15:54:38
aee1f5bdfc0f44fd54ec0567f0dcf73d,00995d799817ecc3bd2abd8fbe59c430,1,Produto errado,Pedi um produto e veio outro ,2018-08-03 00:00:00,2018-08-08 16:44:44
e289b2c66b6dac89145a1e291cff71c5,0159b449009b3f8748ed7c56e9d84afe,5,,,2017-12-29 00:00:00,2017-12-30 22:12:45
02284c831b6710cae27c477cca3b2d72,02ff3675b59b53ca5cdcb2b6752aeea1,5,,,2017-02-15 00:00:00,2017-02-18 10:26:23
4ff9a24999699f7104ed23fec2563351,00130c0eee84a3d909e75bc08c5c3ca1,5,Super Recomendo,"Produto entregue adequadamente e muito rápido, gostei muito do serviço.",2018-06-14 00:00:00,2018-06-14 19:50:09
5ae43b36a1375017c6c868591b008d76,05a71c571d4602a72418b73366543cd9,1,,,2017-09-22 00:00:00,2017-09-23 01:51:50
2ab872d094bc7ecd92a5b4b4d1f35a07,099c1abf14984c667bf8026fc23fb0ba,3,,,2017-06-02 00:00:00,2017-06-05 22:46:40
bcb9b20908e8d87cdb2d91d489ac2132,034fe9142b806fe19c1cbc1c752ab08d,4,,"Só foi feita uma tentativa de entrega, tive que retirar no correio e em um prazo também bem apertado ",2018-05-12 00:00:00,2018-05-15 10:45:27
cb5cba6694706bab593637759309e268,0acce7378714d20548f0f5f1b71f6458,4,,...,2018-01-11 00:00:00,2018-01-16 15:24:15
53f02cb7e455919931fddb13cc17b5d6,07f18be24ff2d6a39b166d2fce1bc2b3,3,Bom,"Gostei do produto e do atendimento, a entrega veio ate antes do previsto. Muito bom.",2018-05-25 00:00:00,2018-05-28 19:49:02
fbd1a934ddc398415283de65e1dd6aba,036322082c079184f5bc9e0b338e1f1d,4,,Produto dentro das expectativas visualizadas no site.,2018-04-21 00:00:00,2018-04-24 11:36:41
8a493eee2ee69a5a6884b5aee2a8fc44,020aec76c43508e4214579c52c1133f4,5,Satisfaz perfeitamente ,"ótimo produto, alem da expectativa.Encaixa perfeitamente no mandril sds plus",2018-07-03 00:00:00,2018-07-04 20:35:25
29deb834fe85289f910e2ba77e588f0a,0aeb3ec8a78414261730773ddc9d2f7a,5,,"Produto de boa qualidade, muito bonito, muito bem acabado e com excelente preço.",2018-04-25 00:00:00,2018-04-26 11:27:21
72c756b88a658787811f5ef404eaad1b,0c349a33319c2d39efe799b472d71e7d,5,,,2018-07-31 00:00:00,2018-08-02 20:31:26
ebafde0e0d7cc00d0af52d25a3ba12fd,0b5588f04551d90ee148462bb65dfddf,3,,,2018-08-04 00:00:00,2018-08-04 23:33:37
5840e1607b49a4ca6ed0861235b5e0f5,0b76ed588a46e17ca968f7fcafab6c5f,5,,,2018-02-07 00:00:00,2018-02-08 10:33:18
40d9367ef2e05a0847a4929dede88467,0cb398989a2bafd3944803b5427a622d,4,,Chegou antes do prazo amei ,2018-04-05 00:00:00,2018-04-05 20:18:08
9f44239b8be4526385339833fa12f344,04a2b4ee7fcf9fa8bf25b8d5bc770152,5,Recomendo,"Produto entregue no prazo, foi entregue corretamente e atendeu as minhas expectativas.",2018-06-14 00:00:00,2018-06-14 19:43:15
cb0afae1cc469a190970ac52d4fa2a5a,01bc343311e5b8090b64d6ab287a5cf0,1,,,2018-03-24 00:00:00,2018-03-24 04:07:18
bd0ba73756170d19369b3f6664193a7e,08ce9cd3e783fce12327d4071e041fc1,3,,,2018-04-27 00:00:00,2018-04-28 09:53:40
27707bdab4a7b6bb49a2c3bcdf41e995,04eafa8a91ba0d51dc0c193bb67afc87,5,,Ainda não enchemos a boia mas a princípio veio tudo certo e no prazo de entrega!! ,2017-12-07 00:00:00,2017-12-07 20:44:26
ebab7243ffb60e4e8509c8da2591e3a2,068e67bb959e282e8d5a3191c5e130ab,5,,Adoro comprar na lannister.com........,2017-06-15 00:00:00,2017-06-18 18:46:44
83fd11bf4165b019cad01e2c4f2db687,0337e9398b087d93f41230ceb2410b50,4,10,Ótimo ,2018-04-28 00:00:00,2018-04-29 11:04:35
e8ea3d83611914b5a445adbdd5c37072,0715dfcf2383aa72c181d8b47f6cb589,5,,,2018-03-10 00:00:00,2018-03-10 20:42:13
c1a16ed9838ab7ac3a58984dd3ce85a6,0c4fc2ece57a1567b1839585c797cef6,4,,,2017-08-09 00:00:00,2017-08-11 19:55:06
ef0e80d66fdc79ebf04c086fe293b320,05a4879e7e161809c8bf4d8171b0c670,1,,"Ainda estou aguardando a entrega do meu produto, mais de trinta dias de espera e nada de chegar.",2018-03-08 00:00:00,2018-03-08 13:22:07
749c50faf29840efe1cc9f6231952eab,02c9fa29186a8d00b3e73d3837ea40e5,1,,,2018-08-24 00:00:00,2018-08-27 00:58:47
0f2b080bbfdb71ef35dfcfdbb74d21d1,0c283c8e0c146f4528295a6f4ade284f,5,,,2018-07-24 00:00:00,2018-07-24 23:02:44
e3622c89828665ffdf99fc78db902199,045d5f2b9ec233c262c0ba79867e37fb,5,,,2018-01-30 00:00:00,2018-01-31 13:39:18
c0f1967ddd00bbca4394099aeeddaf54,02c51fbf49fd8169c04fbc30e9632ebf,5,,,2018-03-27 00:00:00,2018-03-27 20:45:27
80118d9c84347c955926d677817cc2d6,059a13b49c0fb6d21e423fad48ad1c44,5,,,2017-03-17 00:00:00,2017-03-18 11:59:13
583b16b779468b04999a3922bf90652c,0b48910785067fb42fce896aaaf7ce81,5,,,2018-03-07 00:00:00,2018-03-08 02:46:23
910f7f863978cf42c85c79c9aaefe353,0607f0efea4b566f1eb8f7d3c2397320,5,,,2018-03-10 00:00:00,2018-03-12 15:39:26
a0f04642529144b0ad835cee385e9947,076dc4ca874b482e0fed6263b1ff1b5f,5,,,2018-08-15 00:00:00,2018-08-20 12:36:16
70ee92ef59c39341f2c3db2a40ff367d,07edcfe51903bc7e23501f6b87f2bc46,5,SUPER RECOMENDO,A ENTREGA FOI RÁPIDA. A PANELA É DE EXCELENTE QUALIDADE.,2018-06-12 00:00:00,2018-06-13 11:46:56
981e55970a47ef6088fb2ebc6bba0f19,07166782eef2ad2a57e415ec606fa7c3,5,Loja maravilhosa,"Amo muito , vou comprar sempre .",2018-05-11 00:00:00,2018-05-12 01:41:26
0c927b4c61d2fb7ad5bdf1f654e0742e,0a82501b7148667eaff8dc8811a58f06,5,,,2017-10-28 00:00:00,2017-10-30 18:02:53
f3ea152cf4b220869cae6f610416ff10,0c63a4c9a17deeff24d65bec51f3a5ec,2,,,2017-10-07 00:00:00,2017-10-08 00:18:34
f28ef34726dd73d001d6c5e36dc5a90f,0c6ec1022958b35c45335231ea396ad2,5,,,2018-08-28 00:00:00,2018-08-29 21:55:07
2bff33dc84f22cb436848a6df55e9f09,0410fab6a2d13d2339283e1e2522518f,4,,"O PRODUTO VEIO COM O TAMANHO ESCRITO ERRADO DO QUE FOI PEDIDO, POREM SERVIU.
COMPREI PARA SAMSUMG 10,1 E VEIO SAMSUMG 7,5",2018-04-18 00:00:00,2018-04-19 10:46:33
70070121d30be33a5b77a3689a998d95,02748e01a6356d0e5072ac06f4dd0bc4,5,Dez,Ótimo ,2018-06-14 00:00:00,2018-06-14 21:28:11
0dd6bc6c24b5acb954ae0ebe6e49e028,08f70652fecc748f3ab45ccaac355cb1,4,,,2017-10-18 00:00:00,2017-10-20 15:38:15
47b7815d496aab56fdb2a2f2fd11571e,0081ce648af7d6a7bac2a93b6035d1e3,5,,,2017-11-23 00:00:00,2017-11-23 15:37:38
8b93edaee75bfd5128d2246622427d39,0cdc74fe3f18369cdc397f87a9c4a737,4,,,2018-06-19 00:00:00,2018-06-20 13:35:27
e6a0327eeb06785a1b2428e4477d2e4c,0c23622888d617e198e3098806d986a3,2,,,2017-03-16 00:00:00,2017-03-16 19:34:23
633107c3b506eaace68250e59f6fc53b,0bd81c3fc5ab72f8089147192cfc3f5b,5,,,2018-03-16 00:00:00,2018-03-16 18:51:23
e33a3ceed03ced802b306652ef810725,01f78824e3a8e474a36d8dfc2a2c35f4,4,,,2017-10-07 00:00:00,2017-10-10 11:31:16
eef80d182614e11838540dcfd2c03779,062b1b23a7928be5abeb406e5889e08e,5,,,2018-04-27 00:00:00,2018-05-03 11:05:40
58350a1e14d51154edff84857490dd16,061ba2e2d7544790b6ed6b5b4dd9278c,4,,,2018-05-24 00:00:00,2018-05-28 03:53:24
00e83098473a2d8bc148947034c2234e,081820c2ad1ad7f6c452c1e845529fe8,5,,,2018-08-25 00:00:00,2018-08-25 23:09:09
3e07b53ce68915f2a9408444033fc1e2,07d23ebd900562c310938c158c23d6be,5,Atendeu as expectativas,,2018-04-28 00:00:00,2018-04-28 20:51:27
ff866282bd08a08c563517ec40b56970,08d4e83325f02f000d2ba37961c0b8b3,5,,,2018-06-26 00:00:00,2018-06-27 12:05:04
82513976c91d4d49dca2db5ab48208ee,094f7614f77e85fb05c77ecb164afdc3,1,,Não chegou,2018-03-21 00:00:00,2018-03-21 16:46:04
6d3234ab820cd1d7b0e74a4b80292613,009ac365164f8e06f59d18a08045f6c4,5,,,2017-11-30 00:00:00,2017-12-03 11:20:35
2fc25ee35e7a4e282957f39a48967734,0be31296e8456f2017743c363de5a1da,5,,,2017-09-13 00:00:00,2017-10-06 13:12:38
7ca2a86edee466a2fc80ca91b00e3737,0acff4874d0f6558ab78a80bb4c8a3ff,4,,,2017-03-25 00:00:00,2017-03-28 10:57:01
3ab16d26ec1a3bbdf9e26d69060aa2cb,0c50644a967084c645a3bfdf0cc47545,3,,,2017-03-03 00:00:00,2017-03-06 11:34:35
59e9a61f493f97b94fb0fd4937c678d4,058b8a9dbc89de84bb37a54c8c5be44d,5,,"O produto é bastante confortavel e bonito ,chegou antes do prazo e muito bem embalado.",2018-04-10 00:00:00,2018-04-13 00:13:31
8a8cd62f1260f732c65c5e2ac41e7e23,00324b3eda39ba5ecce3945823e3594c,5,,,2018-05-04 00:00:00,2018-05-06 01:41:52
8e22523ae196790faab350c3f6d539a4,0ce17a5e9ad81a5eb5a948080e9b4332,1,,,2018-02-09 00:00:00,2018-02-09 19:26:46
0a3cb710b3835621f7bf78d6a928f4a8,0135675503322d804abef7ec5ed4824b,5,,,2017-10-31 00:00:00,2017-11-03 01:12:57
ea0cadbfcf623003add6a407d65bab59,0068468c453d28c8ef3fd089e50a5847,5,,"Antes do prazo, porem tive de pegar nos Correios, pois eles não entregaram em casa ",2017-12-15 00:00:00,2017-12-17 17:21:03
96c909fa8b1b1c09f17a00d4c7143146,0b8bb51ed8b0431e4783fde5550895c2,5,,"lindo , produto igual ao anunciado ",2018-03-14 00:00:00,2018-03-15 11:19:52
27ba5e7f4fb966a3caaae8c0a3a208b7,0072847849eafe70995fa51a714c81ac,4,Recomendo!!,Muito bom Produto!!,2018-05-23 00:00:00,2018-06-01 22:15:15
2bd8719254aefa1927bbf94b3b70e7d2,0c29ee02f432c35cb24a70317de6457c,3,,Eu não tenho como avaliar o produto porque não chegou na minha residência ainda eu espero uma posição da loja sobre os correios quero cancelar a compra estorno do cartão,2018-04-12 00:00:00,2018-04-12 08:13:28
3ddae8159f530ea5781f079933002809,0bfda4d08d29cbf3e31f33c5e213dc77,5,,,2017-08-25 00:00:00,2017-08-26 23:02:39
b192e296721bd03e6e2ad43f10673058,0181409c6498f79e161dde79c2a7dc59,5,,,2018-08-10 00:00:00,2018-08-11 01:33:36
484fa30ade5ec0ba41a10d2f887dee22,0615cb58aaa538ad222e5ce52b5cc2bf,3,,,2017-03-28 00:00:00,2017-03-29 10:21:23
bdbf9276610bc5eca42c6891ea493a90,06adc78b559bb5077b7748618fb45c17,5,,,2017-09-07 00:00:00,2017-09-08 05:19:28
222b777bfad7720ae2afbc1018f49aab,02b73712c7944322d0b5a314f2424ee4,5,,"Produto muito bom , recebi bem antes do prazo , gostei muito e recomendo.",2017-09-27 00:00:00,2017-10-01 16:22:31
e30904765562f17185a34282ec1996e4,02d2287dea15cd93d945f1749f3288ed,3,,,2017-02-11 00:00:00,2017-02-15 01:40:30
edb5ee7c33c2afed4531051c25cc8603,0b3d8a1bbaa4e340e25adfd640f70308,1,,,2018-05-08 00:00:00,2018-05-10 13:43:37
7855f912c032a6ce1e5d6e871e1bf533,0a75d2b40c23e608bc7bac42a6c8e508,2,,,2018-04-20 00:00:00,2018-04-22 04:05:40
491cbb400053482f124b82ad332f363c,0778b810e2b38affa71607aa32043365,5,,,2017-12-21 00:00:00,2017-12-23 08:56:22
1b0839ccebb9490fbcdb51ea708519a3,049b358d74d74c40f7305eb4a4bc378e,5,,,2018-05-16 00:00:00,2018-05-20 11:05:08
fe1711409007a1243f6fa3a1118d416c,00137e170939bba5a3134e2386413108,4,,,2017-12-12 00:00:00,2017-12-13 11:08:31
37355ee55db959a6623923e1e0f202be,02d273267575a29864f552b2de598580,5,,,2018-06-14 00:00:00,2018-06-14 18:34:52
fe293fb387a151b94417eeabaf5b5538,03953c6f8f398530d8847bf6000ffa78,4,7,Entrega no prazo ,2018-05-30 00:00:00,2018-05-31 06:21:47
f281a47cbe77eeb6bc658024e4406ac9,0872f22df707596feed1639609f6eba7,5,,,2018-02-16 00:00:00,2018-02-20 11:15:23
c27e15c6b9136851a59d4fa087930752,0231a1f06afc507072e11f93fa6e736b,5,,,2018-05-23 00:00:00,2018-05-24 00:55:50
fea20b1048d312d3af0da5a91ce1b983,0c00ee38c8f26756069a581a5fae12f6,4,,,2017-03-21 00:00:00,2017-03-22 11:05:55
5c5acc3b3e8cb4807c8e52bb0fbb717e,06de165212eea16e848d38f4392d5c11,5,,,2017-06-29 00:00:00,2017-07-02 00:56:46
9d32b6f01dda87c478005b8ad7491e4d,02701a0103fedd7310a8d575f9a8d291,5,,,2017-07-29 00:00:00,2017-07-31 22:51:27
9cd3d531eb742c0e90f57cf7b54449bc,0686d4f89fdf2b3625aa705b7ed7ac95,1,,,2018-04-07 00:00:00,2018-04-07 06:28:46
70ec9854e650a414239c3dd2a170c2b7,09905fd2dc65b5998da50f11ae3ed6f0,5,,,2017-09-27 00:00:00,2017-09-28 11:09:19
6d1c23083e960eaa5daa7505e8aa7071,002f98c0f7efd42638ed6100ca699b42,5,,,2017-08-08 00:00:00,2017-08-08 23:26:12
e46b005dae1fccdacfe03061706b87ff,01ba9a2e5dcc1568b55695106d677b0c,5,,,2017-03-07 00:00:00,2017-03-08 18:44:31
e06db39e96b47d3be749afd5562fab79,07680abcc9878ad415215bf0945baf7a,5,,,2017-06-29 00:00:00,2017-06-30 11:53:13
00c1dba4fb6e5e32c3f5c5e550d98a3e,0886b681f437971243d241ece6cf21d9,5,,"recebi os 2 produtos sim recomendo a todos voces esta de parabeis nota 10
obrigado",2017-11-21 00:00:00,2017-11-21 16:24:34
3d50587f3e672014c7484df8bea059f3,035c01a45e289b155db4e47cf39b29d3,5,,,2018-08-24 00:00:00,2018-08-24 18:25:27
88ffc8372af27855368e5d6641d30601,08f982d8b8d8de12b00d35edefe5d26a,4,,,2017-11-17 00:00:00,2017-11-25 02:38:56
66fb21cb4f7d9403de5efea31d448ba0,01cc71a8154340ae61126b5ee9b48fef,4,,,2018-06-12 00:00:00,2018-06-14 15:11:58
bb9a2ef992b36f4c589cd668a51fe742,0b273b3e899144ab36619eda910cc72a,4,,,2017-12-13 00:00:00,2017-12-16 05:35:39
eb6bcfe142e1b5f9239d17bb8dafa312,0905f7137e1f4f12a50086594c3a3eba,5,,,2018-02-24 00:00:00,2018-02-24 21:37:13
df92ed71cfc3be12198e0a8217fd5af7,0572a001d46280ab9ab95964665ff768,1,,A caneta espiã não funciona queria que vocês manda se outra para mim pôquer que vocês mandou não funciona não carrega não posso ficar com ela sim ,2017-09-13 00:00:00,2017-09-16 02:00:02
ceb8edcfc6a17b16926b7c9acb47abcf,006e05e81c068ddc38e48ebe189b922e,4,,Atendeu minhas expectativas ,2018-01-04 00:00:00,2018-01-05 00:02:42
e8e6ec36ab309ed7d9b718d0cd9fda90,0ca8999f0176e37f35b6e49a9b2569da,1,,"PEDIDO APROVADO DIA 06/10, POR DEMORA CANCELAMENTO DO PEDIDO NO DIA 17/10 E MESMO ASSIM MANDAM A MERCADORIA. ESTOU TENTANDO, DESDE O DIA 20/10 CONTATO VIA stark MAS NÃO OBTENHO RESPOSTA/RETORNO.",2017-10-25 00:00:00,2017-10-25 18:41:30
8d59c9b86613aef68aeca720c374159f,03fefb6f166efd081e05a842f7def973,5,,,2018-03-08 00:00:00,2018-03-09 11:48:53
9bf8026358e58bc72aa495b9f81d5271,0c6e84e1109b6c5630774291a85fef1c,4,,"Produto entregue corretamente e dentro do prazo. As tampas não são firmes, mas no geral é um b",2018-01-30 00:00:00,2018-02-01 14:47:27
964536484513ff51faa34e0bb5332744,04f1689642ed3c3e45244d4f7b2fe731,1,Estou com problemas,"O produto que veio não é o que eu comprei, inclusive a nota fiscal veio em nome de outra pessoa, e não consigo contato para resolver o problema",2018-08-30 00:00:00,2018-08-30 20:40:53
c09a15559c31dcc9c73516d87ababfc0,048f3e9b77a965f84a501a7f29076128,4,,,2017-08-03 00:00:00,2017-08-08 00:04:18
17294ce926f77bb6992d94e9801742d0,0cc4f59df564ec8dd6539dfdd8b29472,1,,A Ducha chegou sem o desviador que consta na foto. Já reclamei no SAC da KDT emissor da Nota Fiscal no dia 07/03/2018 e ate o momento nada foi resolvido. Favor tomar providencias.,2018-03-08 00:00:00,2018-03-15 12:29:19
431e4b3f419549aa70b8e1be4a93d25a,0521b661c320287be1f5a92a52760c8b,5,,,2018-01-16 00:00:00,2018-01-18 20:59:06
172f7b6d686d828fde80e96705961576,03ba490d83feaba677aede829ff79db1,3,Meu produto,"Bom dia, meu nome é Ana Paula Amancio, e ainda não recebi meu produto,. Peço que me dê uma posição , pois já faz muito tempo que comprei. Sei que devido a greve dos caminhoneiros tudo estava parado.",2018-05-31 00:00:00,2018-06-07 12:14:03
5351042eaa92837894baaf5517adbc7f,043d31a14bff24ead2b38f6b84a10437,5,,Excelente,2017-06-10 00:00:00,2017-06-11 03:09:32
b6d5bf73ced54e8d5d3aca6d577bab84,05ea901eba2a26661f43478b5c6b02d0,4,,,2017-11-18 00:00:00,2017-11-23 09:37:23
dbdcc491b2557c3441d71cddd1543e55,08cf63d17d15433573bf10ae778045ab,5,,,2018-02-24 00:00:00,2018-02-26 21:55:01
c3a3e991eaf0805592aa797a14d191cd,057bc88d7845bc736fbe1fb27f2932f2,1,,"Não cancelaram meu pedido na data certa, agora tenho que levar no correio",2018-02-01 00:00:00,2018-02-02 12:34:40
2db4971d8cf4d58fd9179a2ed6acac4a,0297a2a062d136015afa9f5d9623818f,3,,,2018-02-15 00:00:00,2018-02-16 08:58:41
fb438ee1afd42dc7a34710a4d343917b,0030d783f979fbc5981e75613b057344,1,,"Comprei dois produtos no mesmo dia, sexta-feira de black friday, no início de dezembro. O jogo de panelas tramontina chegou dentro do prazo, que era até o dia 11-12, mas a pipoqueira ainda não chegou.",2017-12-17 00:00:00,2017-12-19 20:26:21
ac856f7beef2d24b61257d0c2ef26ae7,051fcda88d997d3ff86012da2a556342,1,Carteira ñ é de couro ,É couro sintético!!,2018-08-30 00:00:00,2018-08-30 22:53:02
585ae31deac2a4bcbb0c492191ee4f0e,01443cd06ea8bce82c554a46f307459f,1,,,2018-02-04 00:00:00,2018-02-05 12:02:37
9c3c3ececc0b00e60603367eeb10f8aa,02971473bcfb16642904d57bc3be50b8,5,,Estou satisfeita ,2017-07-05 00:00:00,2017-07-08 23:24:40
e08cf2c93af13c6e5575594d75ac296e,0b446830af3811ef0d7c2e0db238af50,5,,paguei o frete e tive que ir buscar do outro do mundo errado tem que entrega em casa,2017-09-12 00:00:00,2017-09-13 10:21:27
a4ac7acd4139a5f2e8e1dcfbf8f8dac8,05a2d609ab3024701d66a27590ea1d68,5,,,2018-03-27 00:00:00,2018-03-28 02:16:40
6af7149022130b99d94615243b222ff9,05a6f444527fc90e28da6088b1707b20,5,,,2018-08-21 00:00:00,2018-08-22 18:19:20
cedf7442463fb31dddd3f334267a57ec,01cce1175ac3c4a450e3a0f856d02734,2,Recebi só metade dos prod,Recebi metade dos produtos,2018-07-22 00:00:00,2018-07-24 19:58:22
fc12ebac8e49b9ea5237c8c932bd8cc9,04aecd02392f7ec523e0e3f208d7e890,4,,Rápida e segura.,2018-04-11 00:00:00,2018-04-11 23:34:48
3cce888781bea8e04014b3aaa9c78216,00ce92d57f4f9a112bdb8a2a283e5f97,5,,,2018-02-08 00:00:00,2018-02-09 09:37:22
14c804b13febb208b20fbe02af53d806,06544096bb7077c0f701d0d6f660e11f,5,,Ameiiiiiiiii o produto....,2017-04-11 00:00:00,2017-05-12 19:30:09
3a65580caf96dfa181906a1751140409,0b055b1ac16d0401f76e361ff96926eb,5,,,2018-05-18 00:00:00,2018-05-20 10:41:39
73ec3d29fa167c45078e1bf974b209ba,052b00d65560313221c5692cdb22fcb3,3,,,2018-08-01 00:00:00,2018-08-05 01:05:37
e39dd47c5ef8861e48dab62d1efc1f85,0312ecf90786def87f98aa19e0e0ce63,5,,,2017-05-19 00:00:00,2017-05-20 02:53:13
6492be05508f80d617193d40ed230fdf,066ff76c980db5a993df8048ff8fe60d,5,,,2018-06-04 00:00:00,2018-06-06 22:16:56
c1187e436d9c9bdd46ab11b3bfa8fea6,0bcc7fc2fefd4ebca3cdcf34288f9026,1,,"O produto ainda NÃO chegou!
Quem irá se responsabilizar pelo atraso na entrega e pelo valor do frete que foi pago por mim, A targaryen ou as lannister? Já enviei email, mas até agora n tive retorno! ",2017-12-17 00:00:00,2017-12-20 03:13:55
286e6b04b1c7c5728677b41f8a73e34c,0b8a99d7c60d2f4d09e094e974261cb2,5,Super recomendado,"Chegou tudo conforme esperado. O que mais surpreendeu foi a velocidade na entrega.
Muito obrigado.",2018-07-25 00:00:00,2018-07-26 11:52:37
f6e05a3f6dbc3bdb1ec3068725c67677,065963d921de479181824ca8d8737935,5,,,2018-02-16 00:00:00,2018-03-07 21:35:29
a0f0f24f65b20b8fde6881d67556f99c,00d1e381c0995f0bdb95909fe7434d0b,5,,,2018-04-03 00:00:00,2018-04-03 21:52:01
1ab3bfef453ab69006a886d5fa086e37,0999a91ea28eb69b5120ccb4c90a1ff5,5,,Parabéns pela Qualidade! o produto chegou antes do que eu esperava. fiquei impressionado. eu agora quero sempre comprar na stark,2018-01-17 00:00:00,2018-01-18 11:13:27
1f26c11ee282e31cf7896aa9ca60752d,019636907d07b2433be000d9d6bed153,5,,,2017-11-24 00:00:00,2017-11-25 10:10:19
6ac1784af79388dab9316a767f6450b5,05104976125ea1e5cc04bc1f506a436a,1,Atenção! ,Coloquei que não foi entregue por que eu que tive q ir buscar. Eles não entregam na minha casa... E outra uma semana de uso o fone já está dando problemas!,2018-08-26 00:00:00,2018-09-01 15:23:03
eddec0ed3e9e5b773e5bfd338da93d07,07946e40cd8c6b2ab27f0fe14f21f7dd,4,,,2018-07-03 00:00:00,2018-07-03 18:15:16
2d01e584f6b805c0c1bb6b73de4ba4e1,0607664f90518423fdddb69ae3cf375e,5,,,2018-02-20 00:00:00,2018-02-23 01:58:08
6faf6c258bcb87ff83f8062953e11ea3,012f255bd5034b8e7fb3c91566a91cc8,5,,,2017-10-10 00:00:00,2017-10-13 08:15:23
cf657324d0487670b262c4f55c9f8f86,06743668e599a5ca8cfe58b46d058fc1,5,,Gosteeeeiiiiiiiii,2018-08-23 00:00:00,2018-08-24 08:57:14
4212c52fdd32a8361ba2d655f3811fb3,0afd81117f1c67a42890fb705304cb8d,2,faltou produto na caixa,"foi entregue uma caixa lacrada, mas somente 1 produto estava dentro da caixa.",2018-07-14 00:00:00,2018-07-16 00:14:38
5fea47a9de61baf87d5ae6fa082cd570,07677527dea7bbe02d91875f7764c6cd,5,,,2017-06-30 00:00:00,2017-07-01 03:32:15
de0516eeda06c5bf1e2cc93af45c6953,0c9390d44c63041e5212e93ac2a5c930,4,,,2017-02-25 00:00:00,2017-02-26 21:12:28
dac82cb9d560444bb0a7c805e83c5a45,040df517e85524968f559f37441b705e,4,,,2018-04-04 00:00:00,2018-04-09 17:16:19
3388a00080894e49e5299e6880a149e0,05bfcf9e287cad216cadb8a850f8db5c,5,,DEMOROU 1 POUCO ...MAS CHEGOU CERTO....OBG,2016-11-08 00:00:00,2016-11-09 10:32:07
7887b29eafe79233d82c8011d226ba4d,0347e77ba3ffb1d21339231e1f882b5c,5,,,2018-02-16 00:00:00,2018-02-19 13:36:44
e268e2dd24cc5b03ae1aa4905b19ee17,0771dcbed01969791b77f20d05573b89,5,,"eu comprei 3 produtos, ate agora chegou 1, foi antes do esperado, em otimo estado, recomendaria com certeza.",2017-07-06 00:00:00,2017-07-07 13:14:10
90033a3865e39835ba7e8526f6c8f3de,003edccf16bc5ec447f592913b3df2b4,5,Bom ,Ótimo ,2018-08-03 00:00:00,2018-08-04 09:10:16
8c2b62c023c5ce5450b6a97fce51a966,08ea1bc252569389d95f453e057ff092,5,,ameiii,2017-12-19 00:00:00,2017-12-21 23:54:04
f704e08e6bb854247bb095f3fe804857,049db9aade07d0056ead438e182f2b52,5,,,2018-07-14 00:00:00,2018-07-22 01:29:27
042e4761d745a9ad2093474c1825a2a3,048cb31a5449d208f197f1fe7b617c3c,5,otimo,Ainda ganhei um livro de brinde,2018-04-29 00:00:00,2018-05-02 20:54:16
77e0edd9f898d8667be3a63d802c1021,00b4a910f64f24dbcac04fe54088a443,5,,Tudo ok,2017-01-27 00:00:00,2017-01-29 21:31:09
6896d2d296120ee911609952de8afdfb,02905bba6aafd777542dacbfa8f4bc2d,5,,,2017-12-27 00:00:00,2017-12-30 10:43:07
b344965cb1f641de60538d1b7e49a847,07bf5c685616f41e3e2ec06b6f5623ff,3,,recebi no prazo acordado e estou satisfeito com o produto.,2018-03-23 00:00:00,2018-03-24 10:59:19
eb8de7f170ca7f29c04ea3e971fdefd5,0a9716da94d89975e6637874280aadad,4,,Recebi de maneira rápida e eficiente,2018-01-11 00:00:00,2018-01-13 23:22:31
3dd36589e68ebdc65b5abb0591cc59a7,0c67c33a0a66f1eb55919fb2e68a7a51,2,,,2018-06-06 00:00:00,2018-06-07 14:44:48
5162f0449c74538b990fad9f35551230,04daee30107ba31302f8528918ba7f37,5,,,2018-03-16 00:00:00,2018-03-16 16:58:00
ea4ed4f68f784da8f89d97feb0f2b59a,0815bb5a3a3289fdf7ac65a426cb553a,5,,,2018-07-05 00:00:00,2018-07-05 09:54:17
b9a040fc3580b8d07b49756d78bc3deb,02c05171c3cd91c2cdce7e0f861c9a9d,3,,A película é ruim de péssima qualidade e não é só tamanho certo do celular,2018-01-04 00:00:00,2018-01-04 19:44:31
ccf93cdbe16b36e348ec9940d6246e38,0bc22eca7935c1cba82382e57d3e5ce6,5,,Super recomendo.,2017-05-09 00:00:00,2017-05-10 01:10:34
bda4a8bc609d9404fcea8b8b28a507eb,04d943e133b4033bedddc46ee516f5c4,5,,,2017-09-21 00:00:00,2017-09-22 18:01:46
b085d5c0fbdc9e8dc9b06b7e629f0f76,03aba4d94f2bd838c0bb55be9d13b0f6,4,,,2017-12-30 00:00:00,2017-12-30 21:26:03
05525ddf1ceaa6bc041267203a554fef,048fec87f5858e3a91ce55d3a944b457,5,Muito prática e moderna!,"Muito práticas! Não uso nem sacos plásticos, pois levo os recicláveis limpos em cada lixeira p/ os carrinhos coletores de lixo do condomínio. Comprei tb branca e preta, p/ orgânicos e não recicláveis",2018-05-22 00:00:00,2018-05-24 16:39:57
1ff91c61e4b2fbe5b5bac7ab25c7027b,094a83226235244840060fafa394845d,4,,Comprei a caixa de som mais nao chegou . Voces falaram que iria chegar dia 18 ate agora nada. Quero que me problema seje resolvido se nao irei procurar meus direitos. ,2018-01-17 00:00:00,2018-01-21 11:34:30
8476012de2cddb561e21d2640a2651e2,0c58a94fb3bbbbca032e333885e6c2e9,4,,,2018-03-07 00:00:00,2018-03-08 14:02:57
9d18a5d2c8516a993b1cb046e7f22d69,090c44686a2c4ac5320b757784023c4b,5,,Dentro do prazo,2018-03-01 00:00:00,2018-03-04 11:13:04
98e4cdb3ea9aa0ffdc9a23c6e1085654,0136bcc7370d7fdf44bd916a6dd583c6,3,,,2018-06-07 00:00:00,2018-06-09 03:38:00
5abcaac1606e4a521a79550d43235613,043ba86e4e3f73fe5cb856f225fd8aa4,3,,"nao gostei 
porque demou muito para se entregua tive que compra outro produto
mais chegou tudo certinho na proxima talvez chega ante do ´prazo",2017-12-28 00:00:00,2017-12-29 02:11:05
357eee6e20a822c6ddb7846deea182e6,02504308041b6ad0a112b2b7159439ed,4,,,2018-04-11 00:00:00,2018-04-12 12:15:49
196a1f88189870cf5a11ffbf9711832d,01b703d8365608f2b01ed9c076d0b3dc,5,,"Produto de boa qualidade, veio muito bem embalado, até a próxima compra, obrigado.",2018-01-19 00:00:00,2018-01-19 21:16:48
7eafce69aa1cea604f4e02e944770a55,07b56b1c06dbdc14a4031c21261a7fec,5,,,2017-04-29 00:00:00,2017-05-01 22:43:04
3271020ce8d2b502a1807abd0998a8a3,05232fb1e414a006d6713c23f5cde5f5,5,,,2017-12-21 00:00:00,2017-12-23 19:24:36
57f29ef52c916272571828197f7749d7,0a2c8538b97333899a075ae94b85b037,5,,,2018-03-18 00:00:00,2018-03-18 16:47:35
9f8c45ba8fda0956664d91d75d8fb112,0bbbb66c440b6ff7b34420eb273868ae,5,,,2018-04-21 00:00:00,2018-04-22 23:27:31
e683f30aaf9e0f38c8814e30a8e8ed3a,0374e57efce00e3004e93acd6310c58f,4,,Ótimo ,2017-12-21 00:00:00,2017-12-22 17:31:23
96d1a70ba90d4f912c52d9faa8d608b2,0b3f84ce012f341897587c6e4e73f68e,5,super recomendo,,2018-07-13 00:00:00,2018-07-13 22:09:28
13671ad4aebfb875569f0c9d3b90a1a6,06851487bfc68744f67fbc8ad1934d43,5,,Muito satisfeito,2017-10-05 00:00:00,2017-10-05 23:36:13
cf62f029eb41e10d0fb0bba08bf70ae6,041f09bbcd85d178903f5bb71f11a02e,5,,RECOMENDO,2017-05-11 00:00:00,2017-05-19 22:51:15
14c3c20c1d367f82ce9800a9a4575bab,0a50b1ae078d9638440048842b7cd5c4,5,,"GOSTARIA DE RECEBER 1 COPIA DA NF, DEVE TER EXTRAVIADO
",2017-10-14 00:00:00,2017-10-17 14:54:58
67863d34d3377cf84b6c71717f4f281a,0805644614eb4e79eb6e5948057e2f1b,4,,,2018-03-17 00:00:00,2018-03-19 16:13:36
d904b3ccf28b6fd01fcb7c3eb6ff46df,00e63486fad9d24645c9c84ed77c15fa,5,,,2018-08-21 00:00:00,2018-08-22 01:20:24
e416c5b1dd2f0f130f2105237869a9e0,034e23cd76658cb8d602b1f1e42be7e6,5,,,2017-11-21 00:00:00,2017-11-24 02:41:19
2e9668e31fb249575eac43da2f163664,09e0732990558bc7eb24650cd444d8fb,4,,,2017-08-26 00:00:00,2017-08-28 22:53:12
8ad708c348bc79023b5a2159b1fa5f1a,0bdfd876931ec6df01297b40e9672c12,5,,,2017-11-29 00:00:00,2017-11-29 21:01:03
9e024622ba48cf9505afd52b3929cc53,0382e1be5feaca880336365b982b8629,4,,,2018-05-12 00:00:00,2018-05-12 23:10:50
d5a508cc463d4ba7070a5a10d8cd1154,0cd86c0a1fa24bd440af2866ae16995d,5,Estrelinha,"Muito bom o produto
Minha filha adorou
",2018-08-03 00:00:00,2018-08-05 10:54:11
6c32050d5a2a10e687ddcabb8240b862,081dff6255d4b75937a72577339b2728,5,,,2018-03-18 00:00:00,2018-03-20 11:37:58
f5d5dccfcc8f8be17b1e66bb256ea7ab,04ff62d0684a80831afbdc2f6e56259f,3,,Faltou uma peça pra colocar no pé da cadeira.,2018-03-23 00:00:00,2018-03-24 18:01:12
d6e89fcb7ba41cac6f6b9c577e25ac34,023aa4b0585594124bc50e55e0e11a5f,5,,,2018-04-10 00:00:00,2018-04-10 19:20:08
198cc970b507afadeb85a85fa8cf6e62,0a53864d69001a165085a6488ab75469,5,,Eu compraria novamente,2018-01-31 00:00:00,2018-02-01 11:24:37
dd9e33b9faef55fe526a6a6295d29dda,07e59229a9b5b12c82297cc571bd8281,5,,,2017-03-11 00:00:00,2017-03-12 16:17:01
04854a5b6520a312bd1923a6a3ab1796,0393dfaf21e966fdadf698bd0856ecc3,5,,,2018-01-04 00:00:00,2018-01-05 19:11:47
fb100b67c24f31bc9876cb1dc45f8b12,08fa07327488ff39829511ce36ed3e32,4,,,2018-01-17 00:00:00,2018-01-21 21:34:25
f23e77b96f875900da3463c46d2e76bb,019536ad39a0dea8bb75c00359a0386b,5,,,2017-09-26 00:00:00,2017-09-27 16:18:50
8831f162e90713593ded7143de3dac62,03f3b08f9da8df7604b68b2fd5999e9a,1,,"Estou há mais de 01 mês esperando a solução do problema conforme atendimento aberto .
Quanto tempo mais terei que aguardar ?
Tenho que buscar ajuda no procon ou juizados de pequenas causas ??
",2017-10-26 00:00:00,2017-10-29 00:13:29
7411d9369fc6ba19505f31c004d58215,04c5574dca3570ecdde1cf8527993017,1,,"Produto chegou antes da data marcada, mas a qualidade é ruim, impressão falhando. A impressora detetou que o cartucho já foi utilizado.",2018-04-04 00:00:00,2018-04-05 15:55:27
074291e15d9658ba16ece6c74c023828,084e6aea84bfcc0627bf4da8d657938e,3,,"Recebi o produto veio tudo okk, mas alguns raladinhos na madeira mas acredito que foi por conta do transporte mas poderia ter sido embalado melhor em um plástico bolha por exemplo. os pés são de ferro",2018-02-01 00:00:00,2018-02-02 03:33:40
d8d3640343ff17b02e1d071ce13365c3,09ce65f75711be9f04a63700ae3c5adc,1,,"Vocês deveriam passar algum contato direto com o fornecedor, minha encomenda ainda não chegou e agora ?",2017-12-09 00:00:00,2017-12-09 10:31:00
207e752f69ebd26ebb17910880dde845,07528311766b5aa54d193747c66663df,1,,,2018-03-25 00:00:00,2018-03-25 20:45:18
430b433ef0c0357286486f3d3df76579,0bf50993f89a58468cac45f3ef587c96,4,,,2018-08-17 00:00:00,2018-08-20 13:27:41
7e025cd65f46ec8452484b4f2a14870f,05426618bfbb87e04fdd3a60a5bfef38,5,,,2018-07-31 00:00:00,2018-07-31 22:35:57
5c5a41cbee19a5550658eb349724f967,039df018e03e7c5db83bace2fa6af002,5,,,2018-05-22 00:00:00,2018-05-22 22:51:10
ce1b17272a108c0fcfbc34086af8c210,03330e2f4e93c51662a7c77d92a4e0fd,5,,,2017-09-29 00:00:00,2017-09-29 21:26:04
1ea0fe929024d5a3d1ad67792c6b7826,048846960b74c996a4af7802498f52f2,5,,Amei o produto ,2017-06-10 00:00:00,2017-06-11 15:32:07
32103f7ad6e08ff696e5f6ca105dcd18,036dd381dfb3ec75e0a63e14828cc871,5,,,2017-09-14 00:00:00,2017-11-04 11:30:12
a4ffea489ee5faf9edb3af2cf81d19c0,06d74ea6a80deeb7e69a3b1d5bfb9585,1,,"comprei a cortina e ela veio com diversos rasgos, estou tentando devolver o produto mas não estou conseguindo.",2017-09-05 00:00:00,2017-09-05 23:17:26
3ed9d0f8d46515973f1118eb6d85983c,02870408b4c4492b036a48140f2092ed,5,,O produto foi entregue antes do prazo. Ótima compra,2018-02-06 00:00:00,2018-02-09 12:22:37
663de98451ef8785972482d84156ac0d,0b3407e419ef6be66392971885acce73,2,,"Desta vez meu produto não foi entregue corretamente. Pedi e paguei por 4 unidades, mas na verdade recebi apenas 3. Estou no aguardo de um retorno da loja.",2017-02-11 00:00:00,2017-02-14 09:11:02
a40f0c2a34adeb50bdad53795bb90fad,08b3f1bd357ed38db6e89e3e0f3899be,3,,,2017-11-21 00:00:00,2017-12-21 12:57:02
dd90ee2585a5a6f5614b629c53d1b2f5,071d4951a2505f0880cf9db3a48e21f6,4,,"O produto atende para o que foi designado, porem o acabamento dourado arranha com facilidade voltando a cor original.",2017-09-20 00:00:00,2017-09-20 15:06:29
6571c3172e6f0c85fb3ebbf29f1e5d8f,0b365bbd59e2f75bea276c81bb916dcb,5,,,2018-04-19 00:00:00,2018-04-23 19:04:33
e0e0834afc3ae142cf6fda85ebca7914,088f428b537f8a80e52118e3e409ed50,4,,,2017-09-02 00:00:00,2017-09-06 22:41:36
25a560d8d4761d8199202aef436f8420,04c35d140fbc805e40f33f6902661c4f,5,,,2018-06-22 00:00:00,2018-06-22 22:42:21
c85afda1c8b28f286e6bd96b0dada99f,05a971ae7a83a0b371ae1b5bfc45514e,1,,Fiz uma compra em janeiro e ainda não recebi. Nenhuma explicação sobre o atraso. ,2017-03-19 00:00:00,2017-03-19 04:31:05
5fd48c5ee0484bb295246fb79aa18383,0b50bea7ba1e8ba7a21b01b7c9d1350b,5,,,2017-11-09 00:00:00,2017-11-09 17:08:44
2318f92eade9fb2d9210d191e72f7ea9,079ade008533bd5cb246826aceace87d,4,,,2018-01-26 00:00:00,2018-01-27 03:16:58
94d8730e5cc750ee619bc09794341c42,00e365f4fc03d1098841af23d05c17a6,5,"Excelente, recomendo",Ótimo produto,2018-08-30 00:00:00,2018-08-30 22:23:09
5f7598b58ab3da70853bb85afa72470c,0782e07a7692b86e29c3fcec805b3bfc,5,,,2018-07-07 00:00:00,2018-07-08 02:58:06
5fcfab15e41dec56d42c883a668635a3,00b6e66f005a657a6b13eedcacdf9342,1,ENTREGA DESASTROSA,"Comprei 2 (dois) Tablet Qbex Zupin TX120 7"" 4GB Dual Core Android 4.2 Preto e recebi apenas 1 (um). A nota fiscal apresenta 2 unidades, mas na caixa lacrada só havia 1 (um). Me considero roubado.",2018-08-22 00:00:00,2018-08-22 19:03:04
355cd79ed76a9e5d557af1b793770c0b,0a03f10c3075f5566e5cdbef7c487e14,5,,,2018-01-27 00:00:00,2018-01-28 10:30:56
e862011b3f28e3044f2845b339d911ae,07d08b17b3bcb01de09f8306ee0c32ca,1,,O produto está constando que foi entregue mas minha encomenda não chegou,2018-04-06 00:00:00,2018-04-09 10:25:38
dc69fc44eb0577bcfee9ce188ed555fa,03dde7ab63940fbffd10162a74347e95,4,,Tudo correto ,2017-06-17 00:00:00,2017-06-19 00:06:14
8b78a6b5ac189f82a1cc3329ae3ab6f1,0c6715b2f888887f2ab9c7d6e099d38b,4,,Gostei da atendimento a única ressalva que eu tive que retirar o produto no correio,2017-11-15 00:00:00,2017-11-17 19:22:32
282ec15daab81bd9afe2452fa0ee7b39,0015ebb40fb17286bea51d4607c4733c,5,,,2018-02-02 00:00:00,2018-02-03 09:38:42
810898c7bdfff78a7442704b293c2641,097d6bb9430467d7744c857f5d023959,3,,,2017-11-22 00:00:00,2017-11-23 01:25:34
3478b281f318f515dbd413fd55862965,0bb5af1f3b46e6ec23dd85506fa8175f,2,,"Não veio na cor conforme o anuncio, a mochila não tem espuma interna. No mais tudo tranquilo",2017-11-23 00:00:00,2017-11-24 10:37:11
49b428c9ad69f132a5d7b0cab1c80c70,0ab29b3ae0c49bff1cfb0b0137c20da5,5,,Gostei muito do Produto,2017-06-09 00:00:00,2017-06-12 18:05:48
0b16bf82b16e7f4013664e6b095a6c91,0179a3003c894f1dd3b1ddda5d1f8a12,5,,Tudo dentro do esperado.,2017-06-08 00:00:00,2017-06-08 23:16:42
4e487500fc884dfc42730b8cb82c638f,02cb37269f256232b81be588ef056c92,1,,Esperei o produto e nada.,2018-03-24 00:00:00,2018-03-24 14:50:49
f0b29dcdd31d25bc3023b8c823a2dc69,01ba495d945c6a1c5b198bbad63e61c6,3,,A qualidade do produto não ficou a contento,2018-02-17 00:00:00,2018-02-18 12:14:17
a96a757f169ded9f72fc4f3c03750d60,0057199db02d1a5ef41bacbf41f8f63b,4,,,2018-02-07 00:00:00,2018-02-08 11:17:47
b1a722293efa303c51e067270be0bb2c,04652586a8416e68609d21f267dee2f6,5,Ótima compra.,Produto de alta qualidade.,2018-08-10 00:00:00,2018-08-10 23:54:15
b3f7ebc4210047dbed7e9baeb35eb031,0094dc9ea7e3cd54d95aea42685673ff,4,,,2017-03-15 00:00:00,2017-03-16 15:19:31
2cc6561587726920df601471df929f9f,08b4c64d698b84d3446b4198b9f27ef2,5,,,2018-06-06 00:00:00,2018-06-07 02:21:17
edaa16466962b4d9bf91f0dcccff3808,0bda9df0ce80203b668f46f41abf0c5b,5,,"tudo correto, só elogios",2017-12-29 00:00:00,2017-12-30 11:11:54
d2afe9603c1f04f142d8a7a11e389c06,08fa939ba176d6eb8430ef2990a68245,4,Bom o produto!,A princípio recebi um e fiquei chateada pois o pedido era de 2 suportes.Minha grata surpresa é que hoje recebi o outro.Nao entendi mto bem pq o correio fez isso mas o importante é que é mto bom.,2018-07-12 00:00:00,2018-07-12 19:05:52
bfd867e46468fecacd02cc6da1afc259,029de66f2ffa0e793ca2aad5e304a748,4,,,2018-03-21 00:00:00,2018-03-23 15:25:09
a5f8ba2a5bba6457fc5edfd182710120,00c2335723b9b74668062e946dc66621,5,,Entregue antes do prazo e material de boa qualidade... recomendo,2018-01-10 00:00:00,2018-01-10 18:29:23
e92f427dc422839efd8cbf2bd51cbecc,03a10721769c7d8f2fefab105e64fbef,5,,,2017-08-20 00:00:00,2017-08-21 13:05:59
a2ac4221870e9c8bdf6976817df6d5fe,09575d6ffa589cae127ff0e6c1b974ed,1,Quero devolve-lo,,2018-05-09 00:00:00,2018-05-10 19:05:03
47371fa592824115e1e5673ccb527d54,09c06d47b8b58dbabf753646fe5b89ab,1,Entrega,Não recebi a mercadoria e não tive retorno do stark. Péssimo suporte.,2018-05-02 00:00:00,2018-05-05 07:19:07
bef8f895661652ee0f5dbc2626864df3,001c85b5f68d2be0cb0797afc9e8ce9a,2,,,2017-12-16 00:00:00,2017-12-20 21:03:14
c91e1c1fbd4358060c60578195d16275,07d3db06b53989748df4ae194f6b0fde,4,,recomendo sempre.,2017-06-23 00:00:00,2017-06-26 20:25:14
c1c9ef9c7210ffe0305180cc39b44a54,0494d7ef89583fcaf33a1cea4bcfeec2,5,,OK,2017-09-06 00:00:00,2017-09-08 14:12:24
4d22ae6476976ae5dd25c00cb83b5ea9,031a7dab65c3430d325ad35ab8a95277,1,Me entregaram o produto e,Quero a troca do produto por favor,2018-06-28 00:00:00,2018-06-28 20:54:55
11b501537e4927eec81488bec55ddd17,008eaf9004164883520d0bd32b107261,5,,foi otimo,2017-07-22 00:00:00,2017-07-25 20:29:03
b91d1679052e726ee58d8fd9d8587dde,0a6941f89f53dc1f622f877b23601ed7,2,,,2018-06-06 00:00:00,2018-06-08 23:00:08
cee7cce45f2e1a95144dd3ea05ba54cf,06bc7036f4e52afa8213176211d6ebba,5,,,2018-08-12 00:00:00,2018-08-12 23:16:06
bbe7233e7bfef20d713f35b1c7dd4bc9,090c0cc3d47ff02fedac32aa0a7cab97,1,,Compre duas unidades de um produto é só chegou uma. ,2017-12-08 00:00:00,2017-12-18 01:15:27
62f428af199c2cd5590da4c2b280af71,025884a2189930178d9ba3b1c6d0f9ba,4,,,2018-03-29 00:00:00,2018-03-29 19:22:02
06677d8957a7fef03492bf187f29ee9d,0767f7b9a6d2c7db242000b27ca8e063,5,,Muito bom entrega rápida e garantida,2018-01-10 00:00:00,2018-01-10 22:03:02
4330cd825ff6e76f83d20e6817740887,09c0dd7d518cf413ce20facd85bedd5f,3,,,2018-03-02 00:00:00,2018-03-04 22:24:05
100d51be13942e5fdbf4da4e261b1aee,0be2b6c22a3cd022d2986721e1faaafc,5,,,2018-03-09 00:00:00,2018-03-11 21:43:22
90e71b3ac2fdc8e3e7889a783e30de02,0b497dc78b09ae400416eabda31cf6ea,5,,,2018-08-07 00:00:00,2018-08-09 11:39:27
07e385a690072bdf90e3ee7a12e31e37,010d14f76a229c295260e4ca4744acc7,5,,,2017-12-19 00:00:00,2017-12-20 00:50:14
7081f72209330c5ce5ffdcdcb59208aa,027b013d2186e25c2b82beb3679d0833,1,,Até o presente momento o produto não foi entregue,2018-05-04 00:00:00,2018-05-07 12:40:36
625a6c6f1e4da4678b448da11cbd98e9,0849eaf857ddbba0d7a97887503f9795,4,,,2017-12-18 00:00:00,2017-12-18 20:18:30
5064d6d99510e06a10487f7773f79060,05d5a67b06f86425711075939a164657,4,,,2017-10-27 00:00:00,2017-10-27 17:13:20
dfbe6dea209abf3c61e979478e917a7c,03167be79e12e9d70dc67d864eea2300,5,,"Produto novo de excelente qualidade chegou tudo certinho, dentro do prazo",2017-12-14 00:00:00,2017-12-15 00:09:44
ac46b0fe470a167ae37f5ae054416e13,0725ad25260ef550bc00be1179252efe,1,Entrega incompleta,Comprei duas unidades e só recebi uma,2018-06-17 00:00:00,2018-06-17 20:50:59
397d836df1aefe196d37c82cffb4c852,093a45d40a2500243b0a609a2351ac5e,5,,,2017-06-10 00:00:00,2017-06-27 19:06:46
71c4e9085a9bcbd7ea60eb3906879872,0392a7fd15fc16848335cb8ff143a940,5,,,2018-05-10 00:00:00,2018-05-11 02:04:27
985dad493ef1e42d5cb6be1daa62f3ee,0647d9d193d898f2ff46c9e91a3c8c4b,5,,chegou no prazo,2017-05-23 00:00:00,2017-05-26 18:57:05
6df79ce52910d70ee4b90401e0a0deb6,0b382db57a557ff7703eaba5e991e7fb,5,,"Deu tudo certo, super indico",2017-11-14 00:00:00,2017-11-15 00:08:07
a0d98f07096e66138c555444451d1c50,063250ed406abc1e7730639c79d16a0b,3,,Achei o preço um pouco alto,2017-09-19 00:00:00,2017-09-19 20:41:15
10360cbb383db4c9faef0538c7eb51d3,0c22166d9f7e5761e397affa5af438c7,5,,,2016-11-01 00:00:00,2016-11-03 10:58:51
fb7821a2726aa68b3961479a7504cf8c,06c1184eaca6e3877347f38cfe926100,1,,,2017-12-14 00:00:00,2017-12-14 12:47:12
208a3cbdaab4e8b8bc1ce68d0d70edd8,09357f9fdde223052006f3bae0367a29,3,,,2018-05-25 00:00:00,2018-05-27 21:27:20
fd90a5e13ddce4e0062b48d34ffdc701,07b3fa22681348d67c91811d31b60e69,3,,,2018-01-13 00:00:00,2018-01-13 18:50:20
c1244382fb160eff7ad2cfb0068eb39d,08763574782690116475ea62ffdecadb,5,,Só realizei a compra pq chegava antes do Natal e até agora nada de chegar. ,2017-12-28 00:00:00,2017-12-28 18:20:56
01f6b2934a74782c342449c3edffce9c,0710ec94ade6724b0816df78ee4e689f,3,,,2018-06-30 00:00:00,2018-06-30 16:02:32
63fc1507f5bd7b7b3e3c49bab26f26c9,07c04599729da94f8aeb0974035ac307,2,,"O produto na venda era uma imagem clara e bonita, quando chegou e totalmente preto e quase não da para ver a imagem .",2017-10-14 00:00:00,2017-10-17 12:01:39
3d0cc61574522a451f6e5b477ca09e8b,018cb6a10649393055c272ba2984e8bb,5,Entrega dentro do praxp,Produto muito bom. Preço realmente bom em relação a execelente qualidade do produto. ,2018-04-26 00:00:00,2018-04-26 22:57:31
97e9e63944cdc31e384a3a52969f7bba,039681a3b797611f717a3232e87f60ef,5,,,2017-12-14 00:00:00,2017-12-16 20:09:20
39f186aa301e12050b0b9cb26ef2e474,044b08f176981f660b98a85c559ad57d,5,,,2018-07-25 00:00:00,2018-07-26 09:26:01
3f5055f44bd31845ba2ae04a428be0c7,0b6626697a43f34edff9135fdd0a564c,5,,,2018-02-16 00:00:00,2018-02-19 11:19:49
5505c1cce299b1e0b3f8e4b428417362,0008288aa423d2a3f00fcb17cd7d8719,5,,,2018-02-27 00:00:00,2018-03-02 10:20:40
f7a702f98546f133f23a5922c7c1be20,00e054d0da011d5016f31011af488f4f,4,,,2018-04-07 00:00:00,2018-04-09 03:06:10
b8b67702bd44759774a5c60889922e53,0bf1392e4d1b5bb968191f48c30e5628,5,,,2017-12-16 00:00:00,2017-12-18 20:09:04
cdcf82b49e01a3dfb63c4f36fd9fe4f2,0b8a71b3f5c221a69f4d23097cd604f6,4,,,2017-07-04 00:00:00,2017-07-05 14:45:09
531d90b431a34db841fe17900bbce35b,03fa4271f18542d22ecbb7eb41802ada,5,,,2018-04-24 00:00:00,2018-04-25 10:57:02
d420f8cfdc28cb0103150c64e496f38a,0a33a983476b5e9f23c0fc9f95c9682f,5,,Muito satisfeita,2017-05-30 00:00:00,2017-05-31 15:43:41
98f761b114c7ea7af6c90965cee21f45,0267556bb9e07f6184470cf755f5b5da,5,,Chegou no prazo ok,2017-05-31 00:00:00,2017-06-01 03:37:01
223ee959d32fa6d5d1182097dfd1bf93,0c28b673ceff9e07c5de4539bb0d4ed2,5,,,2018-01-31 00:00:00,2018-01-31 21:03:36
78a41ca2ae82d3594002c65dd93661b9,0a89bc2ec7e822a78b0cef45518d6217,5,,Ocorreu tudo bem mas em outras compras eu recebia em casa tudo certo no prazo e nessa tive q ir buscar na agencia dos correios mim borrando de medo q os correios entrassem em greve so n gostei disso! ,2017-11-25 00:00:00,2017-11-25 20:04:06
b153f2bc42709698cf2e1ed6e1314c04,045b9114be21f880246ba6d749f577af,5,,,2018-08-18 00:00:00,2018-08-22 00:02:20
90e4094406fa166ca3c729a7a387e678,0a1ad2c293c3baacc6b2c2d442c71acd,5,,,2017-02-08 00:00:00,2017-02-10 19:51:13
a931fb22fbf1935545451e51208b082c,0a5e1bafba05f64884feb58a0bd822a0,5,,,2018-01-27 00:00:00,2018-01-29 18:41:57
d2e01c5597d53456f703db053fa18c63,00a3f1ef430d3984dece2f39d6cbf431,5,O ótimo,"Gostei muito da panela e do vendedor chegou no prazo
",2018-06-07 00:00:00,2018-06-13 17:22:45
0eb350ea485b3efd94c9ca214dd9cd68,0ac645ddb846d1373321decb39c9956f,4,,,2018-05-12 00:00:00,2018-05-15 09:02:45
4583ddb3607b88e55614a926dc3ec1cd,083ade26303c53b4aa1c779b67d44485,5,,LEGAL,2018-06-16 00:00:00,2018-06-16 19:49:04
32fa843355627875dcd6997e0e746a9a,061abe3150d5be34c25d2d6055a88575,5,,Chegou antes do prazo,2017-08-17 00:00:00,2017-08-19 23:30:26
76316bd2809f185e0a111cefad46df74,0b1e77ab8db5ec5c6af5514bcdf20240,3,,Qdo entro no site e coloca o frete eles dizem que entregam em 1 semana mas demora mais ,2018-02-24 00:00:00,2018-02-27 17:08:12
7750f9537fc21016d9392ef19661e745,003822434f91204da0a51fe4cf2aba18,5,,,2018-06-20 00:00:00,2018-06-20 17:35:34
b0af44ae97780d711b7595be9a829a04,041d7e3625568f4f949823fe46818852,5,,Minhas filhas esperavam ansiosas,2018-02-17 00:00:00,2018-02-20 01:35:31
5e1f168b1bd84bc6c445a439ea37717e,081e5884f403fbe66f3bce77c72c9230,5,,,2017-11-09 00:00:00,2017-11-11 17:39:45
e38dd6db11598bcf498fed2c52026fe8,0b4aab4ef70208498663141571f68116,1,,A compra feita dia 8/3 com previsao de entrega em 15/4 ainda não chegou,2018-04-18 00:00:00,2018-04-20 10:19:17
cb3e193c34f9bace8f14149346e29270,07ea296aee6d3fc7e722d3d2716448c9,5,,,2018-05-04 00:00:00,2018-05-04 23:41:31
386b2179bab3bd1e5f6bf518eaf79042,02f1d13053a2833d022b8921ee3411a3,5,,,2018-08-10 00:00:00,2018-08-13 12:00:17
49420f3d708d7ab1eae4a6f258f3e725,09a83ffe176e7f00f3b93584ee9fb07c,1,,Faltou outro kit ja que comprei 2,2018-04-17 00:00:00,2018-04-19 04:25:37
47746f14e9ac9954d196de1cfb45741e,059bbeb3477ed66fd7e670c3f879009a,2,,Só veio o puxador do lado esquerdo/motorista ,2017-08-01 00:00:00,2017-08-01 20:39:04
a096e8952867d580352f684759a44c0f,028dc52e12ddda803ec1e35eb0b7b0d9,5,,Já comprei diversas vezes e sempre recebi tudo corretamente e muito rápido. Eu recomendo. Loja de confianca. Nota 10!,2017-12-22 00:00:00,2017-12-23 13:02:52
e1633376d97c88798ae6f064e4577b98,00f621226c6f4e938348f6f3a71fdc62,5,,,2018-05-18 00:00:00,2018-05-20 13:39:39
561e2666963db41f0c7058dbd85e688f,00975e709cd12c34d3bd44e4a7f7a876,5,,"Tudo ok
",2017-08-24 00:00:00,2017-08-25 18:02:11
ffb9fb331d6b186d627da523807dfe71,03e9790f0220543f057ebca9e29b459a,5,Ótima loja,Adorei a rapidez e a qualidade do produto ,2018-08-04 00:00:00,2018-08-04 21:17:57
ba394626e5bca7b462dfe6ea2e6a86fd,0c35d1433b7a71747b7bcddd12c40ff5,5,,"Voltarei a comprar com o vendedor, produto perfeito, chegou muito antes do prazo! Muito grata.",2017-10-18 00:00:00,2017-10-18 16:25:44
012033ada3fdaa60b7618f98a695474f,08c839f6091875ffd1a1d876dd48de40,4,,"Gostei muito da agilidade.
Produto chegou antes do prazo.
Continuem assim.",2018-02-23 00:00:00,2018-02-23 11:54:13
c7bbee29422056df406097c7ee3778b5,01bbf0fb0773cef52b4d6501e83162f3,5,,,2017-04-11 00:00:00,2017-04-17 11:25:45
73e73619cfab784d20a6e2c4ee9c4f98,03705afa0a4aabe1a734ddb11c1df3f0,1,,comprei 5 so recebi 3 e empresa nao mi da respostas,2017-10-07 00:00:00,2017-10-19 20:23:28
5a31e29be128be4c68c33ecc02d4d854,0930df388b21f34fc3f0e3baa9a73016,5,,,2018-06-29 00:00:00,2018-06-29 20:38:49
50d27a373b1bae5606c80b107ba146e4,05691e7046cf3a798bfce39b35377b78,5,,,2018-06-27 00:00:00,2018-06-28 10:43:15
d3bc49c36329401e4f845faf9bb6742c,003a94f778ef8cfd50247c8c1b582257,1,,,2018-08-17 00:00:00,2018-08-17 11:30:40
966d1e9fe29ce0b6d74eaa087c7e267b,046bac99a3d9ff45ef86ebcd710b972a,4,,,2018-08-18 00:00:00,2018-08-19 17:23:02
85d99eb448495c5c7eddd5e0d37bdb5c,01cf88c5fb4298435526a5995720807a,5,,,2018-02-15 00:00:00,2018-02-16 12:17:55
0474b4e613937127c7ca819432b47816,03611c1be392917d9b0ca62977763baf,4,,,2018-03-01 00:00:00,2018-03-02 04:57:39
1c39fbe303f0fe5957597b5b838dc959,0468a84e6df93886189d80fce46bbfee,5,,O produto ótimo e a entrega antes da data prevista.,2017-04-06 00:00:00,2017-04-07 18:39:58
7dd185b4d3ffe1b73f530f68400293b8,0870ee292ce510fc7bf1ccd86a6d28c7,5,,,2017-07-19 00:00:00,2017-07-21 19:29:46
103b372eac03d96a6218a4259ca4376c,015975a1ff4fdab8ae6f42eaaffd39fb,5,,Gostei chegou bem antes do pra prazo ,2018-02-03 00:00:00,2018-02-04 00:30:30
61c4eacb83f2baa89f0b02e5c4ae1e9c,0199115a1cbfc272c5bd53117772a64a,5,,,2018-03-29 00:00:00,2018-03-30 00:05:14
1f2585fd7bf80d82fccb97c0208778ae,0a7beb2015960a4d8c4ec8bbde5a1f5f,1,,Nao recebi o produto,2018-03-08 00:00:00,2018-03-11 14:52:13
266a4985607bab3e70d2c74c7cef2e68,01e515b157491fa28d3b56e7ef342573,5,recomendo sim,,2018-05-04 00:00:00,2018-05-07 03:39:09
f7fb5dac7f5207040d1448b6e2c3b59a,0265de29d2bf47d85101018e7f7d4ff6,5,,Adoro compra nesse site vem do jeito que é nas fotos ,2017-05-19 00:00:00,2017-05-20 23:05:02
2ab5463e2ec15fbac137e3ca4c64c4a5,054cf6bea6cfdf9024aedd3639c60fb9,5,,"Adorei! Entregue no prazo determinado, em ótimo estado. Maravilhoso!",2017-06-29 00:00:00,2017-06-30 11:05:20
8d378f5f04ae59b1ef7f8ca5705582df,0c9ac816534df0e690f513c30e944475,5,,,2018-04-14 00:00:00,2018-04-14 23:42:48
ded4497d2e10b92199a80923f7f4c1f3,03a038679f94b33ae1fe8503c4e30203,5,,,2017-11-26 00:00:00,2017-11-27 23:50:18
210ac3b0b054f76bd70ac5fff6808694,08c30c203ecbdda69311c1dba85abfa6,1,,,2018-03-07 00:00:00,2018-03-07 10:48:15
29ffa85f348c533c6cf355cb9ae8bac5,0198c71148c2e08c7c52b860f640fa4e,4,,,2018-05-19 00:00:00,2018-05-20 15:29:14
d0dbf3eaa8241cbfef6dbdc44167c1b4,01a15ee6a1b9050e7678b72cb4c3b486,3,,Primeiro pedido veio o produto quebrado. Estou aguardando a troca.,2018-06-26 00:00:00,2018-06-29 11:36:52
e6e8d985b47a7680bbe8733322683a9a,01422b2c3c27fa3bc464e72eaed9676b,5,,,2018-04-19 00:00:00,2018-04-23 11:17:32
3bc797c1130a55e41badb7c4288d5ff2,0cb709ce376d73c096eac3e210ebd5d6,1,Não recomendo,"Fiz a compra de 2 pendentes e recebi somente um fui retirar no correio da minha cidade e lá fui informada que havia somente uma ordem no pedido para ser retirado,estou tentando ligaar e não consigo.",2018-05-26 00:00:00,2018-05-28 12:46:44
0ee6123918129339a0b5fe2143b67eba,0c13a63ac0ab32f6187a8347b7a3ce2a,4,,,2018-05-05 00:00:00,2018-05-05 19:13:11
5f0428a03442ea31320367014dc51a50,0818699476819463109688475b808343,3,,,2018-06-10 00:00:00,2018-06-11 00:57:05
aa67c5127a72a2e1aa57b9267601cd70,0a8fa135a7aa265638024d7c4af050f7,5,,,2018-05-04 00:00:00,2018-05-04 10:05:37
7ae12419c9680e9880899c88fca4e03b,0693609f9dc1b3f7d53a9772e54975f2,5,,"Gostei muito,chegou direitinho , antes do prazo recomendo.",2017-05-07 00:00:00,2017-05-13 02:14:32
9e33b10e6fc3172950394d14b23583db,04d93c61c57f9d6d4886adce5a64a9b0,4,,,2017-03-08 00:00:00,2017-03-09 10:13:13
a87d67558efdc68136a38b9cfb52aa6e,0866001f9f2ff47df177b77ce6abecd4,5,,,2018-07-24 00:00:00,2018-07-26 20:38:12
9d51a4b3ca6526f3dbed47ccbff94731,0417c9ab9d789459e660e8d325ce4a6a,5,Perfeito!,"Recebi o produto dentro do praza! Ótimo produto, estou muito satisfeito.",2018-06-28 00:00:00,2018-07-02 11:12:17
ce8ce666371f23e5fe966e0cfdbed550,0c38db7d528620e574c47997981525da,5,,,2017-03-11 00:00:00,2017-03-12 03:20:38
6e8d24d94e2e5fc8aaf6deea9b24c569,046cb513a5ed6d4f7506af8f88636609,5,,,2018-06-29 00:00:00,2018-07-03 17:21:22
2ca6c7c5cb2f67b7851a952795dae935,06ca213ef85421d96ee0fe529d0f5885,5,,,2017-07-19 00:00:00,2017-07-20 01:27:39
9fc4d870ea8ecb9fdee82accf9c15ac7,04398fd8d888a4857774d982da494987,4,,,2017-05-24 00:00:00,2017-05-26 00:40:06
b3adb473bdf654a65dadb24268173425,0b3aeaf1fb363edeaf5062df39515084,5,,Muito bom,2017-04-18 00:00:00,2017-04-19 15:01:48
9c68d5a0fde626f4a220e07425c84c29,041d39835d57e12ebcd5d992e2cc7360,3,,,2018-05-16 00:00:00,2018-05-17 02:04:59
64b7725627081ac88363cd4da5503231,05bc33363c34f9c8172bd111029be2e1,5,,,2017-08-12 00:00:00,2017-08-13 14:00:18
7d4ce8f5e5ae60cf877fb16dd8562d36,054c0efb53bb68011a58b28d34cf04a3,4,,,2017-08-25 00:00:00,2017-08-26 14:44:41
7bbf48933446bc2b6603e1c6fc539ebf,008fab5602c441d51f30b1464f5d4643,5,,,2017-03-04 00:00:00,2017-03-06 00:23:32
67b7e8a0a05a70257db05cf11944cb0f,0b5bc52b360d662aac171cf7ae46f187,5,Recomendo,"o produto é de boa qualidade e chegou no dia seguinte ao pagamento, recomendo ",2018-08-11 00:00:00,2018-08-13 13:54:36
d525ae8f7f5f7176184eadc23a616e68,06d4759251d186697714a0c1a3fccb0c,4,recomendado,"boa boa noite . o tablete esta travando muito
",2018-08-29 00:00:00,2018-09-01 00:21:30
d901db41e85b8767a47293e72157fa4b,05857c3db4187fe99fe1ae8b69747ab3,4,,,2017-05-04 00:00:00,2017-05-07 11:20:58
b5d5c9ff159e7f437154c3a6c37a624d,076d1555fb53a89b0ef4d529e527a0f6,4,aaa,OK,2018-08-08 00:00:00,2018-08-13 13:06:49
87674a5ea0c06831e1b50a18c14208d3,047f9a218bccce8342d77f72c2240f8a,4,,Produto veio com parte amassada e descascada.,2017-04-30 00:00:00,2017-05-04 01:02:50
3af2d248acafa14ce28445d62df802c5,0341b60065c49221a27293793f11b117,5,Excelente,"Foi excelente por estar dentro do periodo
Definido",2018-05-21 00:00:00,2018-05-21 19:46:56
984ab2d37e8a2b782c1fbe249db17229,09c6ca023de352874ee4fda218d19a81,4,,,2018-06-08 00:00:00,2018-06-09 18:01:59
ba65793781e35a1af0679be93c4615a1,02e151e3ad2aa3f8e99de08c81a93c2c,5,,,2017-07-04 00:00:00,2017-07-05 00:45:49
a155becc089f22a65da861e217a839d6,08d48caf3c6278c63213deae0000975a,5,,"Chegou a tempo, E em ótimo estado.",2017-09-26 00:00:00,2017-09-26 17:33:05
75939b1b6714190e72987bd7b94097b4,0220b52f0b019739726d80c64bd4bf08,5,,Entrega Rápida e produto de qualidade.,2017-12-29 00:00:00,2017-12-29 23:26:19
b7712166a2c13061132cf642b563417a,0573bd213dab1f238af912e296c83944,5,,,2017-06-29 00:00:00,2017-06-29 21:56:16
c2c239d413c493d844beb67af1a87516,0a31fa5371c2046d273b9fb84e3b2988,1,,Já se passaram quase um mês e nada preciso da ajuda de vcs,2017-05-12 00:00:00,2017-05-12 12:03:20
43342ac2ebc87d4c1ab43b29e5e41c43,01442602b15d4127a84ca6ac1507ee2d,4,Muito bom,O relógio é ótimo e bonito,2018-08-07 00:00:00,2018-08-09 16:28:27
85077cabe221094f7ac83406663da557,046a69282c430c5d662cee78c019f95f,2,,,2017-12-17 00:00:00,2017-12-19 19:53:45
670b40c5060abb1d47f1891034f2a336,077ba6845168434024e83698d3f8fcae,3,,demorou mais chegou,2018-03-28 00:00:00,2018-03-31 15:18:02
ce6dc316428af507a162ce423ad82b58,0771233ce445ab49cb2542af0243618e,5,,"Entrega no prazo.
Produto bem embalado e de qualidade. 
Muito satisfeita. ",2017-09-16 00:00:00,2017-09-18 20:12:41
6e9d54a085eeac8bf6033af7e48d3bba,00e0bac9f6306d8269770acf4ee4b027,3,,,2018-03-27 00:00:00,2018-03-27 16:23:23
0b824d2f68b4e1c93b7bd664285f1045,0c7207c23f4eb8c3b374c9b6f11d75b7,5,Nota 1000,"No prazo, como sempre!!!!!!!",2018-05-17 00:00:00,2018-05-20 11:46:10
03bd089dca1ac0d71c2868eb3483618a,03fab3cde6e6bb6b6715075147044dca,4,,"Boa noite,, compro nas lojas lannister a 8 anos e recomendo, pois tudo chega dentro do prazo, e com a mesma qualidade que é apresentado no site, muito obrigado por fazer parte da minha família.",2018-03-03 00:00:00,2018-03-03 23:50:13
5afea3a52ad54304905828c1691e04ab,0903e0b7f189735c47cae28e5e5766f5,5,,,2017-09-05 00:00:00,2017-09-06 04:01:06
295b8740ce703537c70538957b945815,0cd74b0dbfef5f1f8dbdcb3128f0dc51,4,,,2018-08-31 00:00:00,2018-08-31 18:01:00
d83325cdf84d2640fa514a6faadd3593,02cdf0f2b05845468fdf0c104e24ae17,5,,,2018-08-31 00:00:00,2018-09-01 13:51:39
f4af38c3cb3112b6622e6aa3f288a0c4,02447024ad7cd72fab1af9b28bebb901,5,,,2018-04-14 00:00:00,2018-04-15 00:55:39
b49e842ac3cd6eb72a310167ecb0f2de,0a1a904fb2f51218c9c7ce314190de36,5,,,2017-03-17 00:00:00,2017-03-18 02:52:59
7f65134fc751b68be4ee2d64bab0f43c,0419d1888e0a963802e403d8507c753a,5,,,2017-12-03 00:00:00,2017-12-14 01:44:29
3f4c79ddb2b15144f6c248266d3b8e16,0c3da4384feb21f0def324b1b7d6f082,1,,Demorou muito para enviar o produto. Conclusão ainda está no correio três dias após da data de entrega.,2017-12-03 00:00:00,2017-12-03 09:19:46
42b720db76c279c8f8a11105fcfccd30,0204196a1fd266bdc00356eb791b4516,5,,,2017-12-13 00:00:00,2017-12-18 01:40:36
0fbf67350b7fff65d84ff948184ba64f,016befe103ce7c9e5b1b7ef359777eea,5,,Ótimo entrega rápida no prazo,2017-09-12 00:00:00,2017-09-12 21:13:12
44f034d47317b63dcfd151dceffdb56d,072d46cbc49c2ee26ddde8f25d22f617,5,,Ótimo produto,2017-09-30 00:00:00,2017-09-30 19:32:02
92e1b69d0e1949b9f104a090f381e3d7,0a7d898c6305101e69e9f5a05cd0130d,5,,,2018-06-30 00:00:00,2018-07-01 00:24:32
efaf9c6385755921a2e404241d34450e,0381dc399ab9a6c55f83eca96907a034,4,,Não foi entregue dentro do prazo prometido.,2018-03-16 00:00:00,2018-04-05 02:46:34
b92fd4a7a4476609dd42dbdc92874662,09ebfabd9f6552771f5d90e099fa0738,2,,"Adorei a rapidez, o produto veio do jeito que pedi mas a película veio toda trincada. Não vou mandar de volta pq não vale a pena pagar o correio por conta do preço do produto.",2017-05-18 00:00:00,2017-05-18 22:16:21
496dca916245a651649048e2c3eb759c,03a18d20c8d8ed81a44b9dff494ff86c,5,,Produto de ótima qualidade... ,2017-09-06 00:00:00,2017-09-07 09:12:08
dae69c5328ab15125b7228c950c607ff,0435e97505a412ee97a24d62beb81cf0,5,,,2018-06-09 00:00:00,2018-06-10 13:28:23
6d005991d96ba4bbf92603b3fda4bfe1,0be58fa3e26bcefe9530b3e5ec888b7e,4,,A entrega foi muito rápida chegou antes do prazo esperado. ,2017-11-29 00:00:00,2017-11-30 00:28:38
70ee7ec52a7ba97e936bde7393aded51,0501e7fec71cfd7db3c1e2242e51f909,5,,,2017-12-05 00:00:00,2017-12-06 11:21:30
e9d2748b203f69132095028f45407f50,045c9852284420b9c02d156436e1481c,5,,,2018-05-23 00:00:00,2018-05-23 22:03:34
1b24459ed11b63f3eef1b67ce5c4598d,04d9462386313112744bfe028575d10f,5,,Estou satisfeita!!😍,2017-06-27 00:00:00,2017-06-28 14:20:20
b65c34813218d0089e98b8de0a50b598,031494323fa558eee8dd1bd06fc34713,3,,,2017-12-22 00:00:00,2017-12-26 01:02:12
fc99f9b6c3693f9326603f9449ab9ee3,0055b77cca3186676c147f532dd2547b,5,,,2018-03-08 00:00:00,2018-03-12 19:42:38
c44fba2f6d80cfc73054c8fa012832b1,08935d5052c6414b1960eb67796d01f5,5,,,2017-09-05 00:00:00,2017-09-08 14:06:56
8e5c5edcb3ffc10e5491380ba23b4f88,0cc7bb57999d251da473822051388086,5,,,2018-08-16 00:00:00,2018-08-18 22:33:49
cddcae62e405b254b1503ad8813da4d1,079b09f210081037c1f444e2eaca1e38,1,Ruim,Ruim,2018-05-27 00:00:00,2018-05-27 20:30:01
29d80fbdbbb474af672f7dce9d0366b9,046bc7c1d7122be13009a28d66977149,5,Ótimo ,Chegou até antes da data! Adorei tudo inteiro em perfeito estadom..obrigada!,2018-06-03 00:00:00,2018-06-03 17:41:27
43334848a48a7abf6faa2f8aba675b8a,019aaee09698daf81dcffe9d94a18b5c,2,,"tudo correu bem com a loja e com a entrega mas o produto não funcionou, vou devolver",2017-08-13 00:00:00,2017-08-14 12:24:58
b74836fc42f499d2a95b16d560e88534,0ad01dd05d74bc7891d57312627ec33b,5,,gostei do tempo de entrega,2017-11-21 00:00:00,2017-11-24 17:03:37
cdbe62ee5c73564212d05c9f1fa532b9,0bfc01cee9ffff85b714520ca97f4b21,1,Cancelamento,"Logo em seguida que eu fiz o pedido, que verifiquei que teria compro o produto errado solicitei o cancelamento, o qual nao foi realizado, Eu expliquei o motivo falei da troca por outro produto ",2018-08-03 00:00:00,2018-08-06 12:47:52
9b73fdd58074734175408da63f5f8d92,06837ea96cf92f33a18a1f2c84c540c6,5,,,2017-11-19 00:00:00,2017-11-21 17:42:28
017f0e1ea6386de662cbeba299c59ad1,02355020fd0a40a0d56df9f6ff060413,1,,ja reclamei varias vezes e ate hoje não sei onde foi parar o produto que comprei. quero cancelar esta compra e quero meu dinheiro de volta.,2018-03-29 00:00:00,2018-03-30 03:16:19
553da66912302e12aacb22599311084e,0655a10c9ee5cb0fa451edebb94102be,5,,Entregue bem antes do prazo: altamente recomendável.,2018-01-09 00:00:00,2018-01-10 00:59:18
f58325a189b533108ea7141e53ee15ba,003423b755b562962a6225a8de40d12e,3,,,2018-07-25 00:00:00,2018-07-26 23:22:47
791f31f7ab8846592122420409c41203,0c89556cf6859f7e4b104f2883aa1b97,4,Recomendo,Deveria ser mais barato!,2018-07-27 00:00:00,2018-07-27 20:48:55
d855e2bc61da193168076e4d71e4a766,0559598ddb2398bb4c202d6efd54f04e,5,Recomendado,,2018-07-25 00:00:00,2018-07-26 14:01:52
4584332312e3bdc5e3946dfbb8c79114,0a00e9b0112a0e7ba031426a31659196,5,,,2018-08-16 00:00:00,2018-08-20 15:34:11
08af1a16cca5edd546f4a10b6e87af2e,00125cb692d04887809806618a2a145f,5,,"produto como descrito, satisfeitíssima com a compra.",2017-04-08 00:00:00,2017-04-13 16:42:37
775c3bf98315bdddc4df1379632ce717,05aacaaec38544ee11d42a69bc098d4b,1,,sem palavra pra descrever,2017-03-18 00:00:00,2017-07-21 20:58:53
d031578282db43c3390dc45c4fa29a2f,063a0b076f63cb908176d8c1cc6ec049,2,,,2017-03-21 00:00:00,2017-03-22 21:24:19
3fe9c511cd318fceba2df5b95cd32247,09a93e48d7e84fa082320df90b072c7b,5,,,2018-08-15 00:00:00,2018-08-15 21:05:51
c3db33f9fbba7d039ea00db2f56680d8,050c064324e4ea0fd891e928b776a24a,1,,Toalhas super finas.,2018-02-10 00:00:00,2018-02-10 20:46:30
4e86afbe9bac5784d8453425b6b8c1e8,0c9f41e58fc40c21ef9150e610aa6691,5,,,2018-08-28 00:00:00,2018-08-30 16:50:16
dd428a0d1cf22f3e435fd66ba37fbe8f,0651282cd5dd7e7103729d800b143334,5,,,2017-07-26 00:00:00,2017-07-27 13:38:12
00f8624c9927055f87d88c098ca94b0c,09f08a5ef3dbd9a7c895c647f30bb059,4,,produto entregue dentro do prazo,2018-02-03 00:00:00,2018-02-11 22:55:47
367e99d8822c0870f9cc06141fc5d8f8,06a7cc29c9ea73fb0e7d4dc3d9284a76,1,,"Chegou sujo e com a tinta grudenta. A fita de led já veio descolando e a fonte é enorme, impossibilitando a instalação na parede. Não tem suporte para pendurar em parede, nem apoiar em mesa. Péssimo!!",2017-12-03 00:00:00,2017-12-03 23:22:55
cf4788bd42ab67ab9b5e35a4c0eae84f,0b38581eaa98bfe8d55c956b4dab5bcd,5,,,2018-01-11 00:00:00,2018-01-11 14:27:59
2eab0b2e6f5bded4d9b0b2afcfdf4534,02e0b68852217f5715fb9cc885829454,4,,Gostei chegou rapidinho,2017-12-03 00:00:00,2017-12-03 21:56:37
31dd0ceb4410f4cc60d60cfcebfb74f0,006c42f310102c1910b3c5793ce5fc34,5,,,2018-08-16 00:00:00,2018-08-19 12:19:20
2b3be1b474ad09840c61870aea497e22,0a36782ef456fa3a812be422d9a3f8db,5,,,2018-04-13 00:00:00,2018-04-13 20:28:09
ca96cd096375d4c74d0ca1e5cea64e8c,0046176ff0dbc2a178b7885355dfbb71,5,,Produto entregue prazo ,2018-06-05 00:00:00,2018-06-05 21:46:04
fb7a716c17f5c07692e60c21ffd98773,01500f2503fa84279982d9d87750021a,5,,,2017-09-15 00:00:00,2017-09-16 09:23:33
5f0b83ebe7d6da98c1d9f329506a4d29,0916594b6973230f69379f83d3bac036,5,,,2017-05-31 00:00:00,2017-05-31 23:07:06
cce74c56f7ac29407263c55e13ae0f83,0aa6d207e7ba004eef415715c25765ce,5,,,2018-04-21 00:00:00,2018-04-22 13:37:13
30238c825f92bcc8042752dab1ee1d20,082390c0275d73d20f55fec91903bbd7,3,Ainda não recebi o produt,"Só foi entregue apenas um produto, a nota fiscal veio constando apenas um produto, mas a compra foi de dois produtos.",2018-06-02 00:00:00,2018-06-05 02:36:14
3aa725d1ae40668294f8a90e9623721b,0b29af0ace8656af84d2a20b635e697b,5,,entrega feita no prazo,2017-08-23 00:00:00,2017-08-25 12:11:01
bc02a8d3edafa817016e07179680d09d,0b95f3147f8a038de06187063d90008e,4,,,2017-10-25 00:00:00,2017-10-25 23:12:32
a6346b456f86d813e783c2ef7df3a551,09a069fe7d45eae2e1c4910e90e365ac,4,,"Gostei muito. Logo vou adquirir o preto tbm.
",2017-06-09 00:00:00,2017-06-10 11:24:48
b1a77b85a7bfd56ff35f94fc31461a27,04082ed3fe3aa0b4af00796e94ead6ba,5,Relógio Casio.,"Show de relógio, modelo muito bonito com preço excelente, entrega antes do prazo, recomendo.",2018-05-26 00:00:00,2018-05-26 20:55:29
e8c7818bdc3267d37927619195286c6f,0435b65bfd0a1cd1c48a82f5b405ea78,1,,,2017-08-02 00:00:00,2017-08-09 18:37:51
e92da858412a9583df3dfbfa513f961d,017cf0b342401318dcaeb25478e13a6f,5,,"O site que mais gosto de compra. Produtos de qualidade, preço bom e as entregas sempre acorrem antes mesmo da data prevista!",2018-01-14 00:00:00,2018-01-15 13:25:42
232c96ccef267c81d18f3767192d9f8a,07e2767fa261c1d690924d6d3baa379f,5,,SEM QUEIXAS,2018-03-06 00:00:00,2018-03-08 18:28:12
766775b5f60e0ee70f5c533f69165763,037f15d346c870059c0e6f4275a01206,5,,,2018-06-09 00:00:00,2018-06-10 14:58:44
5a6cc30077bdd090b6133ef059638830,0311da9b3ac095a57a2662813e179bcb,4,,,2018-03-13 00:00:00,2018-03-27 03:58:56
49948bccb9b7ea121f19369347f0320d,09514821d13482daa26aadf8c2273e7f,4,,,2017-02-19 00:00:00,2017-02-22 11:05:26
4a1c0ecf94443cfa6ff94905bc41cd92,003f9bcc09427647c4b9d361a523545b,5,,Chego antes do previsto bem embalado e do jeito que eu pedi,2018-02-09 00:00:00,2018-02-09 21:58:55
9372e10f9d9722f1b02358b47dddb90b,055aed279e13c9571499453c260726e9,5,,Foi muito bom comprar nas Lojas lannister. Só falta receber mais um produto.,2018-01-31 00:00:00,2018-02-05 22:06:50
ce54689337a8fece62ae625ec2740c0c,0ae4456639dd07164db5f2433c8f55e4,1,,,2018-06-09 00:00:00,2018-06-11 19:57:21
61a47a0ef301a2e3260576f25514e099,06bd462509d378184b5aedc7d5ab4a18,4,,,2017-12-09 00:00:00,2017-12-12 10:31:07
9794820fcd1ad6bd9e3c7e8e5221d2c5,028b18bcd128b49e2982741f83b78e77,5,,,2018-08-16 00:00:00,2018-08-16 18:20:39
6f476bffcd6fbca98e97c9786f9bce4d,0bbd832750aad342a252f529cb93d020,4,,,2018-03-22 00:00:00,2018-03-26 12:54:57
4a9331cb4a88ac647de22fbc722f4cae,0a2fff457eab3cadff378f87851dac15,3,,Produto simples e funcional.,2017-03-04 00:00:00,2017-03-05 10:48:37
fefd8203055a66ff6aaea4e45b814270,097c2a2e5ea719c510238bad5d902cef,1,,:(,2018-03-15 00:00:00,2018-03-15 14:28:35
71b0899037738abd8e3b5e1c2fc48d93,0bc39bd28c890bfc209ed033de71bbd4,5,,,2018-03-16 00:00:00,2018-03-16 22:31:30
55188756932534d499d5ed1f7b996b28,008f831b7185cff7ab35a46c37d64cd2,5,,,2018-07-08 00:00:00,2018-07-11 12:26:20
63da7bbd78171367bd1de27375bcadf5,044496e055fca9c2f17e1309e77a48b6,5,,Produto lindo cm na foto recomendo... Chegou bem antes do prazo,2017-09-19 00:00:00,2017-09-20 04:29:17
7f002c0ea8eab081c295155138f964e7,002f16b7bc4530031b7d90f791b12d8a,5,,,2018-07-07 00:00:00,2018-07-08 00:15:34
43745c8264f57c63059d6e142fd467ec,05606ddf8218cebe483228af6f9031ba,4,,Está ok,2017-10-20 00:00:00,2017-10-23 13:28:31
af6764416d934ead061348488f0da1db,0170e40334131d971605ae70efb33e4f,5,,,2018-07-28 00:00:00,2018-07-28 20:35:53
2f9b7a5a8eaad6f1bf8082944b6ad6ab,0b137ac032763829e728afcfee3ac3f2,4,Satisfeito,Satisfeito,2018-07-07 00:00:00,2018-07-07 23:04:13
bc99e8911baf06b4d1d126d9f23baeb3,027a84a16c22c706669f35d578853f3e,1,Atraso na entrega ,"Quero saber porque tanto atraso na minha encomenda, porque deram previsão de entrega para o dia 23/4 até hoje nada",2018-04-25 00:00:00,2018-04-28 11:37:49
3898ec559339700a4cf63d62d775c218,047ad2bad6fa4c12dd98ff4b00ce0317,5,,,2018-03-29 00:00:00,2018-03-31 01:00:46
7bc5e55d0cfe90e29152303ab9810e5f,0893ae2dd572c400965d60fa77f45076,5,,,2018-07-25 00:00:00,2018-07-25 21:08:26
3aef9dfb2257fbc33b82bbe19866030c,07a4d93bf559c596edf3f808c5af4720,4,,,2017-05-23 00:00:00,2017-05-24 09:32:38
25bbf71e62fd3dd2970e0419da2f1ad7,07efb6b65a21feb31a7567eb0dbd2476,1,,,2017-08-05 00:00:00,2017-08-08 12:36:20
63c761f149aefca945305229a59ba3fc,07440dff5293ea24c5fac25a473c2eef,1,Ruim,Sempre comprei nas lannister é essa foi a primeira vez q comprei e não recebi a mercadoria,2018-04-28 00:00:00,2018-04-28 13:04:56
48da5ec28b78ee3e1ff5ceab2c2f2600,07b6b194d5b1f0c26bbc794748048aeb,4,,,2017-10-21 00:00:00,2017-10-23 15:13:02
342f70239e5131a5495becea863368f5,0712d5a2573948df98ba556ab362ef06,5,Buena,"Muy buena

",2018-08-31 00:00:00,2018-09-02 22:17:27
eb4ec047b13ce1dc3aad6b941ce59597,068d6b1cc2388cb0c5dcff8815760818,5,,,2018-07-26 00:00:00,2018-07-30 13:08:22
7775d17dd35ceb9832b77c6d03e0900a,014872cb0c4fc7695c70484966baa65c,5,,,2018-03-17 00:00:00,2018-03-19 12:19:55
62bb1f2d221574bd8ef702b8eef06ab0,061e6ce7ec63fcace40d4ae11584763c,5,,Mto satisfeito com os serviços obrigado,2018-03-23 00:00:00,2018-03-23 23:12:57
78501a9b9db091b048acbd3ea7e48026,0bd044f3b358bb88951e3ea66eadcc70,1,,"Depois dessa compra meu cartão foi clonado. Estou muito chateada!
",2017-09-27 00:00:00,2017-10-01 12:40:27
fcbfcc15cd98e74175283a82dee4f7c1,09e90e3936db197d43b9bde1291c307d,1,Entrega nao feita,O pedido esta como se fosse entregue mais nao recebi nada,2018-08-10 00:00:00,2018-08-14 12:12:06
c9fd7708afe47b930f5fd33f52b06efc,0bcde0684eba5746bbb90d6d9089570a,5,,"A embalagem do produto é um pouco diferente mas faz parte da mesma marca e o valor nutricional é o mesmo, no começo fiquei na dúvida por causa disso, mas não tem problema gostei também. Site ótimo.",2017-11-14 00:00:00,2017-11-14 21:50:10
f80fb2b2524681de2aab812fe10ea057,00f2a3509bd600bd1a06a48353788d93,5,,,2018-03-02 00:00:00,2018-03-02 21:30:55
55aa9e9a84ddc5afd8a39955ae09de24,0c44de2eb92602da9bddda1c7b66aa30,5,,Chegou antes do prazo. Tudo ok,2017-12-28 00:00:00,2017-12-28 21:26:50
5c99135015da52c00ffcd62a16bc13d6,04f5536db820c4ea1450c353f92d5de5,5,,,2018-04-25 00:00:00,2018-04-25 23:25:08
77136b940e2015eb10f853379d5b4149,05bef443b850685058070c9e781988e8,5,,,2018-06-27 00:00:00,2018-06-29 22:41:03
bf40d97f6003b62f493bff381ee68b6d,0330631bdb2ec8c341f487ed9c22fc8b,5,,,2018-06-08 00:00:00,2018-06-09 02:57:19
8f8ab5a821c02c9c6641b66ce82b4e69,03a0133b4a72f7ca0affd3ecbc9b43f4,4,,,2018-01-25 00:00:00,2018-01-27 19:46:45
78412bf6c796b43df999fd87750d28ea,002175704e8b209f61b9ad5cfd92b60e,4,Recomendo,Produto como descrito. Mas não gostei pq o som do alarme é muito baixo.. ,2018-05-03 00:00:00,2018-05-06 13:42:10
48a82d740f73ba519ee5faa66c72bc7f,0081ab2c99dc85945c28926b77dc6960,2,,"Pedi HD 500 GB SATA Notebook Samsung R520

1 unidade - R$ 269,00 cada

 
E recebi Hdd 2,5 Notebook / Desktop Seagate St500lm030 Barracuda 500gb 5400rpm 128mb Sata 6gb/s",2018-02-20 00:00:00,2018-02-21 00:14:15
e608080b234af356dd8ea257e2294aa4,0379c7b005e9be5439462ece4e356341,5,,,2018-03-13 00:00:00,2018-03-19 09:50:57
714b8f899b9e039e4fb59ff083935f67,00a174dbf11967d260033fa6ab711493,1,,"Produto chegou quebrado, em uma avaliação inicial nos pareceu ser uma embalagem que não garante a integridade de um produto feito em vidro.",2017-12-20 00:00:00,2017-12-20 22:22:56
d495978a7ba677fea65dfd9e5f26e90d,0c7019c628b3991e648a3769eff36f6d,5,,,2017-07-08 00:00:00,2017-07-09 13:39:54
91f9113ebcc5de9c0d8f9e6ab3e25ed2,0045f5225a96ef46630701167528fdcb,5,,,2018-06-19 00:00:00,2018-06-20 14:15:41
0a58cca3eeddae351b4e1ed21980fea2,04784f58d6d77df7f4c12da82a4577dc,5,,,2018-04-25 00:00:00,2018-04-26 10:07:07
28b0d80498bb734d625b3ff34f42d331,032d90128bd4c1c63e317ab45ddc2879,5,,,2018-08-09 00:00:00,2018-08-12 16:38:30
63129a6e23d59348de919a21ea0c0b47,09633885de2f89ed80bb53c2de1f944f,5,,Entrega muito rapida,2018-02-06 00:00:00,2018-02-07 10:36:49
48e5a8c1352ceed8d11aef2c09c71664,07df89d2b7c5f2d12c3eb2a3ebbe66af,4,,,2018-05-12 00:00:00,2018-05-16 11:15:23
b1945c9e366fcf5a921a54e4263b881f,0ac83eb5438f811c9d825c0a059a0f28,4,,,2018-03-21 00:00:00,2018-03-23 22:31:15
2b19adf616381c27ce8b5755c9dfc3be,047d4038afddd0dbca117fce7d5019d0,5,,,2018-01-16 00:00:00,2018-01-19 10:08:03
69562a3ef7275da6677f3e30e5f7c24b,0b7ed5e5b6354118fdeec73b9f9fd8a9,3,,"Legual o atndimemnto
",2017-06-17 00:00:00,2017-06-19 23:10:45
627cac4531f301f12b42f48b225a0edb,082388d7ce9557ef064199ef978a8f3e,4,,,2018-08-01 00:00:00,2018-08-02 15:49:23
8094797e1394b6ddeedfd8bb0c6cadfe,0236711b7bfcba7479639be980c21128,4,,"produto mt bom,excelente.",2017-07-06 00:00:00,2017-07-06 23:56:09
ec02e8b5acd431a4db9e1f5f712dc732,0071ee2429bc1efdc43aa3e073a5290e,4,,,2018-02-01 00:00:00,2018-02-02 12:46:16
96667382e8a1867dcae942a21d7e02f3,01cbdb2a8c075eaf248af643b3389f73,1,,"o prazo venceu e meu produto não foi entregue. 
foi uma péssima compra, não voltarei a comprar",2017-08-11 00:00:00,2017-08-11 14:04:37
50b767ded6be09112211d654d854780a,05593bfa78dd87f8fb6d212a614f4b23,3,,"comprei tres relogios,vieram 2,o mais caro de 181.40 ainda nao veio,paguei no boleto dia 9/8,estou na espera",2018-08-21 00:00:00,2018-08-21 17:57:27
cd5ba18bb2209dd23d3ae4a21542fa27,0681602384769af218b41f80e0808278,5,,,2018-02-01 00:00:00,2018-02-05 02:20:30
5e8cf40b4400760c62e1a3e99683c0c9,013b811ba81339b7634ab5231c547e6a,4,,Bom produto ,2017-11-02 00:00:00,2017-11-03 18:27:12
3963a000656066e94a9b441cf35f82d0,06c5e0b010707e400bcc627771a27226,5,,,2018-04-13 00:00:00,2018-04-13 21:35:16
fdb58742d2820b140b7b8d52bc11535c,00e5b655df1cc911466758210325c67c,5,,,2017-07-19 00:00:00,2017-07-20 11:19:08
18aca283e8c3e54123f4bd2b7b082620,0c5421914af517ebe266de68658e492c,4,Entrega de produtos ,,2018-05-04 00:00:00,2018-05-04 22:23:02
bb9c485f8e2dd38a3af6f38187144722,006127b8b9a1681a982313ed7129c3c0,5,,"vou comprar de novo , gostei e é excelente os produtos obrigado!",2018-03-21 00:00:00,2018-04-05 17:13:26
03868fb047b0ee816ecd972a14fad1f5,086fbd1d738c8b0bf972f0757bc57e9c,4,,,2018-02-01 00:00:00,2018-02-01 18:32:28
882b626f3a9b240272b8efa5802c609f,0c4d9abe48221137e67e9d01a442df13,1,,"O produto veio com a pulseira descascada, paguei pelo frete e eles enviaram via Correios resultado tive maior transtorno para retirar nos Correios e quando fui ver o produto com defeito.",2017-12-21 00:00:00,2017-12-21 11:06:02
638c55d560d1269eac04cc36c32aa612,062fb51d4257a8a7ef0bb5df1becde54,5,,,2018-01-24 00:00:00,2018-01-24 19:24:54
1aaa8b2223999696cba5c7d554b2e1c5,0c4c58fca6e92bb1b43c04a406e73a86,3,,,2017-11-30 00:00:00,2017-12-02 17:21:44
eb61558cbb9f3ffee503acc196589994,070fcffce3b0a655482d4f5f11607599,1,Não recomendo,"loja Medidas Bolsa Grande: 32cm de Altura x 45cm de Largura x 24cm de Espessura
realidade
consumidor Bolsa Grande: 28cm de Altura x 38cm de Largura x 14cm de Espessura
",2018-08-07 00:00:00,2018-08-14 18:22:56
7dd894ff9083d89c4be71013efe104a6,02875e2e1d01d7a1533215fb97510b06,5,,,2017-08-31 00:00:00,2017-08-31 21:29:01
a6e3dfee361f949152457c630767d1a5,05ce664903d14969bd94d9633ffd8f14,5,,,2018-02-03 00:00:00,2018-02-07 01:16:43
d6fdde99767b01508e0b0d537e757741,07f593272eee0c411250e23e84846787,5,,"Nao recebi o produto,ja liguei varias vezes estou apreensiva",2017-12-10 00:00:00,2017-12-11 10:03:26
bbdc596ea9d5e5811c33a24483cc5f58,0999bc97673a2bbf7a81731329196b2d,5,,,2018-04-12 00:00:00,2018-04-14 20:59:14
17d188bc5eb7c658e6fa39f5f35c23c2,00c9d9e61ed13f5bf2f0344da1aa4775,4,,,2017-03-07 00:00:00,2017-03-08 13:05:23
c7b2552112adec8e461c5931a7b62f02,05e756a9715655ae26d98822c44eac0e,2,,,2018-06-08 00:00:00,2018-06-11 00:02:57
e6514bfb990b35522784418f8e227ae8,00bcee890eba57a9767c7b5ca12d3a1b,3,,Pedido ainda não foi totalmente entregue. Continuo aguardando pois ainda não expirou o prazo de entrega.,2017-07-28 00:00:00,2017-07-29 17:41:45
b0cd5a963a0c6d0a679d01b2f383e393,0978aeeb31e430bca8401306d75a8164,5,,,2018-07-27 00:00:00,2018-07-27 21:55:04
d8ee4e86fe4febfe60d9d97e2b0a56fc,06c2f55902daa48386515225a766e7d1,1,,Sempre compro na lannister mas dessa vez demorou muito a me entregarem e fiquei mais triste pq comprei o presente dos meus sobrinhos para o Natal e não pude dar no dia eles ficaram muito chateados,2017-12-28 00:00:00,2017-12-28 23:28:49
a1f4cb4f08977c2d979b74c2389f00ff,093a8c168710da385a8c59d3149ea380,5,,,2018-06-06 00:00:00,2018-06-12 12:50:20
29a36b1d233f0c446decbb5b894bf5c9,00750f68bb64537034e93554c64b41b5,5,,,2017-11-15 00:00:00,2017-11-19 17:03:41
6bf668b43c756c5d3ae5a8ba582aff12,07a95f982477a213f498dba6bd405372,5,,,2018-05-19 00:00:00,2018-05-21 22:37:02
630f7695d0f9e0b4f0388c8c619ca3ba,09be8ba0b5c0e3195ef77302707a192f,5,Recebi parcial,"Eu recebi somente os quadros, até o momento. Faltam os lustres, mas ainda está dentro do prazo de entrega.",2018-07-07 00:00:00,2018-07-08 02:16:41
4bd7655b4c9fbcec111c8d52c4d0a5b9,05302619b1bff6733f64a97851af68cd,4,,,2018-02-08 00:00:00,2018-02-14 16:14:43
5db3fdbf517b442373adf54031972a88,08320dbc54cab8156a9a9f7c74a8b078,4,,,2017-07-29 00:00:00,2017-07-31 12:25:44
51b9186876d4708a91786f8517fe7106,000c3e6612759851cc3cbb4b83257986,5,,Recebi td certinho antes do prazo! ,2017-08-20 00:00:00,2017-08-20 19:56:31
242a520a5ee0bd2d5ddf064441f2b7e5,0c4284c2b4798ef2f308a6748fa63dc3,4,,,2018-06-22 00:00:00,2018-06-24 13:42:23
3e12fadf24ff72a1e094490784f57a3e,00d831d5c3ea03b7cd6f883ad799c7e4,5,,,2018-03-18 00:00:00,2018-03-20 12:29:53
9d67e4223a54caffdc04c1d7165a4667,09115b2d7c4d9d65a35b13be42e668e7,5,,,2018-01-05 00:00:00,2018-01-06 12:42:01
d8caa043e9ac7b110805514e008f3126,0c431e960acdfda9c7a640ee9bac19f0,5,,Entrega feita bem antes do prazo... Muito bom...,2017-12-05 00:00:00,2017-12-07 10:25:54
bf5d7d95fac1ebf815baa3f5d772c9d0,0382be412d28f04f932ae97df15d634e,2,,,2018-05-17 00:00:00,2018-05-19 14:35:37
2830cebc81269505af5db71b568b05b2,071deb193a4682621c819936d21ae127,1,,Faltou a capa Case com a película só entregaram o cartão de memória.,2017-11-28 00:00:00,2017-11-28 19:08:43
84f574543532edb894e7048d99a91e69,084ba8afde2ae7dcc7610239f97b7d43,5,,,2018-03-20 00:00:00,2018-03-21 11:18:14
2809ff2850a09f3dcd6c73cd913bd6d1,01721e0729fcb75ab238248fdbb48eeb,3,,"Relogio anunciado por 245,00 .(210,00 +35,00) nao veio incluso frete na nota. Veio apenas 170 na nota fiscal. Quero uma nota com o valor correto que paguei . Ou o reembolso da diferença. ",2018-04-10 00:00:00,2018-04-10 23:01:56
5f858b753107dbe795ef3ee8c8b9b4f8,091dcb1d0729687de77f652e849db3f1,5,,gosyei muito,2018-05-17 00:00:00,2018-05-21 23:55:19
66e1078073f6c367187af35c86ca1650,015fb6b5f739788434fa690540f90f19,1,,Comprei duas banquetas brancas no site pra ser entregue até 13/03 e até agora não recebi bem minha casa.Aguardo providências ou vou procurar meus direitos d consumidora.,2017-03-15 00:00:00,2017-03-15 20:28:13
50b09c811df96a297bf8824830d01bc6,01ae5e4c5d2549f7c05000a2f5856c28,5,,,2017-11-17 00:00:00,2017-11-18 10:46:01
fc57396a780d80044f27231be6876eb1,01d9a9aa7feccdaf99f7ea832bfa7301,5,,,2018-08-24 00:00:00,2018-08-24 23:20:49
85fdf2e27a4627613ec12f21368699f5,02f2f6063eb01b5e6e29bda347635389,5,,"parabens, espero fazer outras compras.",2018-03-24 00:00:00,2018-03-24 21:43:55
6da4d57cbd97c7b665169913c92493f7,02dcfbe3274b16820a9fca74c156dc9a,5,,"Muito lindo pessoalmente, dá até dó de jogar com ele e deixa de enfeite.",2017-12-06 00:00:00,2017-12-09 15:40:49
7494221bb7f6e9012c991b6a10e69394,02608b91ec6070ff5fcd4b63dd964232,5,,"PRODUTO COM UM OTIMO CUSTO BENEFICIO, INDICO A COMPRA A TODOS",2018-03-02 00:00:00,2018-03-05 17:54:39
909607f067d2bda794beed009ca3af30,0bd8d3c647ff6125dc1689eecf809a90,5,Frete alto,Reduzir o valor do frete,2018-07-07 00:00:00,2018-07-09 17:25:42
c64de2ad9db9937406cf3c4b547fb3c4,052ad30f046f581349410a7b366ef674,5,,,2017-06-09 00:00:00,2017-06-10 13:05:15
cf0c4a5c8ad78f555938c6def4555bc5,0977997b1c07196d7d76a0d79c50117d,5,,,2017-03-30 00:00:00,2017-04-03 17:16:30
04e018c5ebbc4ee1dd0b1386ab54d333,0b602fa35e64e463c90698d2e859af54,5,,,2018-03-28 00:00:00,2018-03-28 22:23:29
02e23ed335737d49c0474beae4f3bb64,0678d595b99f7162722e241ea36f7512,1,,,2018-03-21 00:00:00,2018-03-21 12:09:24
49b3965bfd9cb42e16a607013adf3c55,036ca0743763d04fe093cfecfa2b2e14,5,,,2018-07-04 00:00:00,2018-07-05 02:50:34
6e91aa06f34e93026d2e15a26f429021,05c491d6be497dcfa89fdb1f9eb41004,5,,,2017-11-29 00:00:00,2017-11-29 19:59:27
0a321ad0318428b5a2a3df2575561aa4,0bb5b2fd739934d00d6c8ad3a4e0f5a4,5,,"Recomendo o vendedor!
produto entregue em perfeito estado dentro do prazo!",2017-08-16 00:00:00,2017-08-17 01:56:48
d78c0b8028a07318e7d17a653e8cdd7d,0848fc09700c8afc1c372a4b2b7be70a,5,,,2017-12-28 00:00:00,2017-12-29 19:21:43
891251e205309fb9fdc3a1f63d113120,08a5a57f90304e3e736623cdd8eb0166,5,Ótima ,Satisfação ao cliente,2018-06-13 00:00:00,2018-06-13 23:59:15
925d741032e32153d8dbe41c6b82813a,09bfe605baffbe939fb10d3e8936346e,3,,Vamos aguardar a entrega do mesmo. ,2018-03-16 00:00:00,2018-03-18 12:34:28
1f67aaca534ed51903f35bd523ef4716,0261459497a63d27d6f197c00f2402d3,5,,,2018-01-06 00:00:00,2018-01-08 11:09:40
f54cd12e380cf5ac38f2a46feaf2d34d,0896d006da3ad8dc1b39b408ea428eb0,3,,meu produto com defeito,2017-09-23 00:00:00,2017-09-26 13:13:35
19580df8bcef303de529019aaf087bde,09ed65e35d505a8ce95a82e5c0d1dff3,1,,"Comprei 3 luminárias, e recebi apenas 1!
Tive um problema com a compra de um microondas há menos de 3 meses no site lannister, e agora isso com a luminária, agora me pergunto quanto um cliente vale?",2017-12-04 00:00:00,2017-12-04 23:10:09
e2dbacc496671b9daca7bbcc9ffeff53,048e579f89c9b3ca9a05550876740754,1,,,2017-08-09 00:00:00,2017-08-09 19:41:57
f87b67c126dbceb8e017d8c1d624c029,07ba523a0c48b0ae0920551684e13ab9,4,,"Mercadoria entregue , conforme prazos e regras acordados. Recomendo. ",2017-08-19 00:00:00,2017-08-20 10:44:22
52c97eaa8423be300b20474053645896,068c06f0ea08ab32e127f87aafaa834d,2,,A cor não veio vermelho como na descrição do produto e sim vinho... O material achei q fosse melhor.. Porem vale a pena pelo preço...,2017-09-27 00:00:00,2017-09-29 20:37:46
d94e4abea93b24cc3d31e74c30900505,0550cddd79cea841641e17c802d9c403,5,,"Melhor que esperava. Ótimo projetor 
Excelente acabamento e ótima projeção.
O produto entrega rápida,em 4dias exceto final de semana recebi em casa.
Me encontro feliz e satisfeito pela compra.",2017-08-15 00:00:00,2017-08-16 00:53:16
ef4673a36257bbea7c1236458020c4bc,0847671e74f36253e410d74921dff936,5,,,2017-11-29 00:00:00,2017-11-29 23:12:33
25dc20296539c2265bdb107d052151c0,0a70b96b1997e3c8953bfa4254ad1144,4,,Produto e preço bom. Entrega ok.,2018-03-29 00:00:00,2018-04-03 01:44:39
5fdf24a3e828d26bf9223063532aeeb0,0c2be278c997477b9910904d12e520a2,5,super recomendo,"lindos e modernos, amei!!!!",2018-06-20 00:00:00,2018-06-20 23:00:44
7de41237da8d764447099ccab315aaaf,05efc756dc2f2fdb4e8e914ad1a73f3c,5,,,2017-05-28 00:00:00,2017-05-29 11:21:36
d50fe9b0523b248bb35a9b7cf9f5685c,038297c93a230b204ceeca7e2720b464,5,,,2018-03-03 00:00:00,2018-03-04 05:30:04
e9d74f1a048d45e56aede83edb7ce6a1,051d3d717e96b76b07fc9076b88d671f,5,,,2018-02-03 00:00:00,2018-02-05 13:12:24
ffa2c25cd0762e55a211db9ba078343c,03be2f620301ed720f761e04f00270d4,4,Boa loja,"Boa loja, s[o a entrega que poderia ser mais rápida.",2018-06-21 00:00:00,2018-06-22 00:52:46
a057d6a44fd71b7629e842838c97756d,0ce0997380b2110e5d35697ce4ddabd7,1,recomendo ,Estou aguardando uma posição da loja em relação a disponibilidade do produto,2018-05-30 00:00:00,2018-05-30 11:02:21
0d9f297fdbd2ecc9825c6c5691a842d9,05580ea6005bac590a3f143473c9b296,4,,,2017-12-20 00:00:00,2017-12-26 16:51:35
5d0190ed1bf075e353adc264c01658ac,0452092bf08cf43ddab32ebec9e75d2d,5,,,2017-03-22 00:00:00,2017-03-22 22:22:41
e66cfd879876752a96f9c035dbde8e88,004ca5ae248069d68e8594df8abf6ce0,5,Obrigada,"Adorei meu produto, e chegou tudo perfeitamente ",2018-06-16 00:00:00,2018-06-17 20:23:06
5b8c61b957fd400c597693be6c153742,0c35edbaa0be6feafb77f2846a3750fa,3,,O couro da carteira veio descolado em algumas partes. Está abrindo cada vez mais. Solicitei a troca mas até agora nem um retorno. Já comprei faz 3 dias.,2017-11-30 00:00:00,2017-12-02 22:47:03
e1da9c609c4cf92492ee09603a16e9d3,0b937678b38558c4fec110aed9d5f8ac,5,,,2017-11-24 00:00:00,2017-11-26 18:26:25
635edb6b999ddd3fe59862c7c0511e8f,0baaa859b7ff0b4d1f674a1d5c3049f3,5,,,2018-06-12 00:00:00,2018-06-12 16:51:27
1f353e434bfd356bd9f24dce1e9c7e47,057889a9d468c179e39e9a6cdb5f4f8e,4,,,2018-06-27 00:00:00,2018-06-29 00:54:50
3dbdbdad14d24312fec4c98138f2365a,04a2349771026865337d7e70a2ae0af4,4,,"Produto aparentemente funcionando. Deixando somente a desejar um temporizador, regulador de temperatura e manual de uso.",2017-08-25 00:00:00,2017-08-28 04:54:39
83d69188d68dd3c1e81f971f1415cdff,08b986f813ffdc9e5872992aaabf796f,5,,"Sim, recebi o produto correto, e no prazo estabelecido. A caixa estava perfeitamente lacrada e, quando aberta, tudo estava aparentemente normal. Todavia, não este o produto, mas creio que está tudo ok",2017-05-20 00:00:00,2017-06-01 14:53:14
4f323fffd67e906669c1ca74b6d05b0d,045339fcba21e00a00a822ca77f55c0c,4,,,2017-03-04 00:00:00,2017-03-06 12:26:27
788d9544a3a3be5f77df004c7a549891,0c2ffdbbbd418a6e9f2bb7fa8ebd9b35,5,Mochila de rodinhs,Otimo produto resistente e bonito. Chegou bem rápido.,2018-06-23 00:00:00,2018-07-02 12:24:08
83ee902798f9036d41037dfae704a80d,00ea33f994bec0bbfda582074083ae12,1,,,2018-07-01 00:00:00,2018-07-24 02:35:56
9f40edadb85ddfbc19108da6b956dab7,023dced8c25f743c5fdcf14edabac7a8,5,,Vendedor muito eficiente. Recomendo!,2018-03-29 00:00:00,2018-03-30 02:54:12
163fc8433f53cd1204f22e8bac5424b3,0cedb7b34000334cf6a9e407fcaa5203,4,,,2018-07-26 00:00:00,2018-07-26 15:08:17
818ff0573a35f4a2786808cff8ebba60,0656252be8b31ab4b264a730f9e600cb,5,,,2018-03-23 00:00:00,2018-03-23 22:31:31
636b46b89d42c2313ae016ba50cd64c4,0bb7e708846c7f44630a64e18292bb87,5,,,2017-09-30 00:00:00,2017-10-02 20:28:27
ff63039a53ffc37e72668c4e61b6492c,099ee5555931216b461149b6fa1957e6,5,,,2017-10-10 00:00:00,2017-10-10 22:48:08
2d5369cab620a25a50c6aa3393eeabda,0209ef2fa3cce5eb798c98f5b6142849,1,,"produto entrega na data, mas veio errado, aguardando a solução ",2018-02-28 00:00:00,2018-03-02 18:11:53
7d43b316590867005b8342320c549c2a,0c4a23679a622eb0793aaabdc6ce5750,4,,,2017-09-21 00:00:00,2017-09-23 13:14:57
c723e865ce953619bb23079a6cf2a84f,091c34308e51d6dff47fe839b7aebbd5,4,recomendo a loja,,2018-08-07 00:00:00,2018-08-07 19:08:15
6473bbc1f5c26d450fe6d63dda2e0fdb,05f215a71e36c6985cb764b530d1e45c,5,,O produto é de boa qualidade chegou em bem antes do prazo convencionado e eu recomendaria sem dúvida Parabéns aos empreendedores!,2017-07-30 00:00:00,2017-08-07 01:24:00
b2dc6c720fdc92207f8214008c44cef1,0a383b731ceafec6fe7047720b1ea52e,1,,Apenas o tapete foi entregue a cortina MELISSA não. Registro meu interesse em receber a cortina.,2018-01-24 00:00:00,2018-01-25 13:30:07
b37f7dadca196047b004826a99934d2b,0758aeea44cefb9c7f59333c7c691714,4,,O produto é bom. Mas o preço é altíssimo...nao é compatível com o benefício,2018-02-16 00:00:00,2018-02-16 19:55:20
e31545c0cf8abb164a90146216fbcd20,05b57f5540e48c853b6235bf8ff10e20,3,Bom,"Bom dia, o produto que comprei, recusei-o mas até agora não me reembolsaram.",2018-05-10 00:00:00,2018-05-10 04:27:52
b249a97b7e9c6b8f363a6d680537d89c,0a8724bf3ecd49bce712851bbbecaf35,5,,,2017-11-02 00:00:00,2017-11-02 20:13:40
c0b455d9c7b6e0afe2449be11824e479,0596e04bc1e3bb1649cf6d1f8545e5eb,5,100,PRODUTO NOTA 100,2018-08-23 00:00:00,2018-08-23 13:26:21
74350f1304aece2c06aad61ef597edce,0c61d8257611b6d6465f9c8ec5674b0a,4,,,2018-02-08 00:00:00,2018-02-11 00:51:18
0b6f0ee7ed8b73ffcd887a502c021ed5,08cef746691fa27e23fe2c32a02c0e21,1,,Sempre comprei pela lannister.com e essa foi a única vez em que o prazo encerrou e ainda não recebi o produto. Inclusive comprei por outras duas lojas bem depois de vocês e os produtos já chegaram.,2018-03-29 00:00:00,2018-03-29 10:30:51
aa5ef758ec2362a180731f8cea04ff80,05bd4a1f3930d20f351ce8c406d77103,5,,,2018-05-04 00:00:00,2018-05-05 03:06:36
c215a1f0ef0a29aabd3cb9cd7c56d9d5,02e440cd2d735b66f2c859ecd1ec44bd,4,,,2017-12-15 00:00:00,2017-12-18 12:28:58
003db433cae2214483c5b97472810543,0c855b2afa3ba71dbaaf066c4fd83518,5,,,2017-06-22 00:00:00,2017-06-23 00:49:50
4f496df0e391550f20642cf43ee4b9ba,06dec2690e0cd75d327646a81fdba74d,5,,,2017-02-16 00:00:00,2017-02-17 04:50:12
e55b588f11281158fef8b96fe5ca5584,0904fb2c91a18099a0b7315f1ac9501b,1,,"O produto além de não ser entregue, não consta nenhuma data para sua efetiva entrega.",2018-03-15 00:00:00,2018-03-15 10:09:16
6ff0c3b38706728bce8d7f1390fba9be,010efe60bdadc9261d1902f3c1dda5f3,4,Recomendo,"O produto atendeu as minhas expectativas, recomendo aos interessados!",2018-06-16 00:00:00,2018-06-18 10:41:42
3bc7e5898ed7ffd7c8f640884d8b9b18,0a791a17784db64bbc47f6b666011d9e,2,,"produto veio muito avariado, com tintas falhadas, no rosto do boneco, escudo do capitão américa arranhado e não fica preso no suporte e o braço ""molenga""",2017-08-11 00:00:00,2017-08-12 17:08:11
59445efb64d0a58345aef4ad3c876f77,0406e86d8cc991f78438e19919b901de,5,,,2018-05-10 00:00:00,2018-05-11 00:53:17
9690eff7b6aa6dde3bcfa94dd4d62fbc,0292fb46a5e22715459cb9a7b96e7aae,5,,Satisfeito produto chegou antes do prazo,2018-04-24 00:00:00,2018-04-24 23:42:24
8928004690de207823c49726ee9d53df,00921e4911895b93c7b4fc0d80c0815e,5,,,2018-06-21 00:00:00,2018-06-25 14:09:28
a415161841575ba0c1dcfccf98bf8a10,016ff85737c2072ab00a705cd8f87799,5,,,2018-01-11 00:00:00,2018-01-13 19:16:53
aa49687654da3c573f0319a7cc6e7675,091a28ca837aa39b709aa41c0ca3d24a,5,,Ótima negociação.,2017-09-17 00:00:00,2017-09-19 20:44:50
9ca467773f2ee8fb11c531e757fffb53,01b02139ac5f79a5de2c56284af7bb3e,5,,,2018-05-03 00:00:00,2018-05-03 18:23:38
c960cb5735ac5467c68767043ca8ac5f,03a09960f3b0d2b2565271fec21a8c94,5,,,2017-12-30 00:00:00,2017-12-30 23:50:20
5974692abeaf7b6344d170d4c92a683a,0c81fc19191e17701fb34579f8eb7840,5,,recomendaria,2017-08-04 00:00:00,2017-08-07 11:49:28
b507219d87f7fb4acc439f11e313a05c,05d885b852158b0280c4abe2cd5108b4,1,Comprei dois chegou um,Comprei dois aparelhos e so chegou um!!! Cade meu produto?,2018-06-21 00:00:00,2018-06-22 00:33:02
c9b660735e89fee3ad4cb8827de985b1,049ac54eda25ad838a76c65dcfd27c9a,5,,,2018-08-18 00:00:00,2018-08-21 11:10:57
21f093e8633c9296286aca13f37a839d,034733b9cacb3d55bce1e49c422ae3e7,4,,,2017-04-01 00:00:00,2017-04-01 22:56:46
0fedf15beecb27cf25b85b75f1ea1445,0b0b271dbd163df371ef9fa4ff573490,5,,,2017-08-15 00:00:00,2017-08-15 23:38:49
90bb3c9f83e763781cffd6996e360118,090cb921c3319702919eabe80bc9f5ff,1,,"Compra do produto foi realizada em 19/04/2017, e ate o momento não recebemos este produto, o qual temos urgência.
Compramos nesta loja, pois normalmente entrega antes do prazo de enrega, Desta vez nã",2017-05-17 00:00:00,2017-05-19 12:59:46
e2a6b4194381bb95f2b0262d6d4751b6,045abe3dd2d7c962b78a446b053238a6,5,,"Foi a primeira vez que comprei nas lannister pela internet. Foi ótimo ,gostei muito do produto .Recebei todos perfeito .Foi muito bom mesmo. Fiquei supreso pela rapidez.",2018-03-21 00:00:00,2018-03-26 20:30:21
79a302cbcca841a7b8e7af947ae898e4,0577713eb945f355426be26104c26b77,5,,Compro na lannister.com há muito tempo por ser um site confiável e produtos de qualidade...,2017-05-20 00:00:00,2017-05-21 17:32:48
7b478d5f58db8f13e3c40f3184740395,090d23542dd542b9a9e25fa9d5d9e528,5,,,2018-06-15 00:00:00,2018-06-28 14:39:19
e6c8f2ab517ef19dd0a02a771fecc827,008a40c2b8b21893e04945ce58854b55,1,,Esperando o produto para avaliar ,2018-05-09 00:00:00,2018-05-09 21:20:32
6270ee981877fa09fb6f30f12ac9f5ee,05d3e8073cc594f353b950b312fc207c,5,,,2017-12-07 00:00:00,2017-12-07 23:28:33
893e3f29b64ec6d74e64637813c919ff,0c5c5872985d8382ec1df7d0ec721875,5,,,2017-11-25 00:00:00,2017-11-27 16:09:02
4240a769ad0271e3521cd8438ea62c69,04a0704d5a3f27305100a48682d41bb6,4,Recomendaria,O produto chegou bem antes a data programada. Achei ótimo!,2018-08-21 00:00:00,2018-08-23 17:37:20
5f353312d83597f852ef91153aa01705,0256530d814cde05587fcd8e1b992bc8,5,,,2017-10-17 00:00:00,2017-10-18 02:50:19
0467560f511c516ddaa54a60edb0c291,0c995611a99f81268d859184a416f1db,5,,,2017-02-09 00:00:00,2017-02-14 15:58:44
6b8357a607a21690b7db561a8093fb29,05d27719c66597da0628a53f6009ed67,4,,,2017-11-15 00:00:00,2017-11-16 00:11:04
335c6bd4adfc46e0fe32d82d756dd3bd,097255cccb9ac174d481479fae72556d,4,,,2018-06-30 00:00:00,2018-07-03 05:56:17
6a0e178821840d4be84a6d9b7074c3d2,06ba91cdc30ac6c7181e933cf2135932,3,,,2017-12-28 00:00:00,2017-12-31 17:01:05
d6fd70410572acfb703ff41e01cb1ef7,083dcb43c3410ea112ed46dc5e8f6674,5,,"o produto chegou para mim, antes do prazo. Fiquei super contente.",2017-12-15 00:00:00,2017-12-19 13:00:47
7572bccd555fa419ba1d4918b61f49b5,06e93d3bf0469b969d3eb95a8d55d68f,4,,,2018-02-21 00:00:00,2018-02-22 10:12:13
1cc3671e6ebcb2429314d7b7f5e1a31f,07460d5693ce1f6577ebd04b4ad091eb,5,,,2017-10-03 00:00:00,2017-10-04 00:16:48
eac0b3c759a637f2007a89ac67eca505,0547cd893959df1f7e54aeaee4368577,3,,Bom,2018-05-11 00:00:00,2018-05-13 22:34:43
c0ca402c553b4911e2a6683db62f31a9,08d2474dd3622ba4e0992955a950810f,5,,,2018-02-01 00:00:00,2018-02-01 22:51:09
5f3e9c42fa03c034ba2d5345ffab59e7,0b8f73a9816cb775a1bf1492c3bca4e7,1,,"O produto é totalmente de má qualidade, as ""bolinhas"" são na verdade adesivos de papel, e as latas vem completamente preta por dentro, podiam ser limpas pelo menos.",2017-12-01 00:00:00,2017-12-01 22:33:16
28479d7beb719f44390bf0da3120dc52,07884a0d48bbdae5f9a1d8582b57e09b,5,,Vamos continuar comprando,2017-11-14 00:00:00,2017-11-15 20:21:31
3a93161d60e03a74da25a0e067b711bd,0bba959fbb649221ae07d0c128ba1809,5,,Recomendo,2017-10-03 00:00:00,2017-10-04 13:45:11
082e7b174bb2d222022d8a403da0f399,01d90c5856f7551e108f2a0864ff6e54,1,Pedido errado.,"Meu produto chegou incompleto,faltou um produto, o whaite. Estou muito chateada.",2018-07-06 00:00:00,2018-07-06 20:15:37
c83c17af32c8d0fea7d4c7480d177575,05d3fead61b937bd7176c28ef8ed34be,5,,Recomendo!,2018-02-05 00:00:00,2018-02-05 20:49:57
8863bb089913509f39a19e5328284969,041cba819a99569f87996b65b73ea82e,5,,,2018-03-23 00:00:00,2018-03-23 19:43:16
67968ce033a77eb07bc8b3e1b216ebfa,064330ca980cc4023706283a3c4b89a4,4,,,2018-08-02 00:00:00,2018-08-05 01:25:34
41b71ce4b8849a56b4d51b9c87c19711,0c0b4c682dc77d70dbc4cf1ed44ede36,5,Muito satisfeito,Produto excelente. Facil uso. Recomendo.,2018-08-18 00:00:00,2018-08-18 21:28:06
7afcfb95a80fca72c90bf4e1d8fe75c8,05ccdfa84392875afc23c1ae9f014ce4,2,,,2018-04-26 00:00:00,2018-04-26 15:30:21
27692a6cb910eed2742e05760b4fee4f,04dfcefdc5881bd3db8f516999a758af,5,,,2018-06-23 00:00:00,2018-06-26 23:49:38
add5f638c3b8e08435388ff3f0ec5b1d,03347815dd6e37a668b3954401838318,3,,,2018-03-22 00:00:00,2018-03-24 14:44:07
dfdec5e46056b782f3a59b8ec3206767,019a242bea1553b3b7e12bc38cb57a23,5,,,2017-11-14 00:00:00,2017-11-14 21:17:45
f1ddaf6f025d65d26dbc230d4d39f3a0,08cbb1d4cd574b126569b208fd4b26ea,5,,,2017-10-27 00:00:00,2017-10-28 19:55:22
552f903e01e944a9dc6ccd6cd82136a2,0c8497b3a4cac1978ea4ef63fbc78312,1,,NÃO TENHO NOTÍCIA DO PRODUTO COMPRADO,2018-03-01 00:00:00,2018-03-02 18:00:39
9f41ec035556ef78746bcaa3cb3b3c25,068b7fef63e846d22b1080f9c99f2bd4,5,,,2018-01-26 00:00:00,2018-01-29 10:41:28
8714b46869f1443598b323957fdeccbb,02f82a2b0b79e9dbb86c47cef1e92063,1,,Comprei o modelo Master (com prateleira) e me enviaram o Standard (sem). Solicitei cancelamento e devolução ,2017-05-13 00:00:00,2017-05-14 13:47:12
25aa51a8159df62d6734850cffbb725e,058d432115cdaa3b04a19b726bdd837a,5,Ótimo,Gostei muito do site,2018-05-04 00:00:00,2018-05-11 03:48:04
25bee9c195ffebbf23996b86857c86e1,055cfc7366f3dfdbca102536d95381bb,5,Ótimo e prazo rapido,Preços ótimos ,2018-06-12 00:00:00,2018-06-13 00:44:03
fe4cbcab59ab133b24d73937983975fa,0444bf76794ff96fd22fff6be21bdb6a,1,,Demora para resolver meu problema pois meu pedido foi roubado dos correios e ainda hoje espero alguma solução mais se parece que resolver com o cliente vai ser uma das últimas prioridade...estou agua,2018-01-23 00:00:00,2018-01-23 12:03:51
491db33864d3c802ea8dca259cc241c0,07e8a98c9affe8a0d02edf6229912b90,5,,Recomendo esse vendedor ,2017-07-30 00:00:00,2017-07-31 04:43:47
41e3754ca6af628865ed1743863c348b,030840d9a6c8137615d5a2c916667c2c,5,,"recebi certinho e antes do prazo
",2017-08-16 00:00:00,2017-08-18 18:43:03
322b1b4279b6230c04e033e901ce4e59,07f2e5679e13d0e45de9da85bb833558,4,,,2018-07-13 00:00:00,2018-07-14 01:18:06
cfc5a5cd555beb63efcbbd327c96dffe,0c484845a32b2d44b9857ab5c1956b99,5,,,2018-04-17 00:00:00,2018-04-20 10:47:24
68b49cfcd9420c6ad09af97ea8268e7c,001ab0a7578dd66cd4b0a71f5b6e1e41,4,,Loja rápida na entrega. Só houve um incidente pelo fato de não vim o produto escolhido e sim um similar.,2018-01-18 00:00:00,2018-01-25 03:07:10
b2c08803c3f5e4bb8be584ef5c18ba16,03c83b31dbc387f83f1b5579b53182fb,5,,"O produto por hora está funcionando bem, a estrega chegou antes do esperado. Parabéns!",2018-01-18 00:00:00,2018-01-18 23:36:45
9b2ff76be27d661b66cbc44c2b62b9eb,02efbfba398618f44f8c4097d6822ddd,4,,,2018-07-31 00:00:00,2018-07-31 23:24:33
800c34623a5ebde9e05050e94f5669da,07e5349fe32847b4bc266836cda0705c,5,,,2017-12-05 00:00:00,2017-12-06 01:22:49
8764e98862e485dc959f68bab513c8b2,025d78a44b8f48c66fd09239910302b1,5,,"Excelente vendedor, rápido no envio do produto, com certeza farei mais compras neste vendedor. ",2018-04-24 00:00:00,2018-04-25 00:58:10
487f70f55e05290e1c3fc5c52f97db71,0830fb3429c4807bd185a32fe5241b8a,3,,,2017-12-31 00:00:00,2017-12-31 13:51:06
7de99669d80f12799da75072779930f0,0bcf4c7784f314d5c92bcfc30b7813e2,4,,,2018-05-09 00:00:00,2018-05-09 23:12:15
ad0a3b5ddb2f46989b644576a6d4d373,057e8245e6408a7f5db33b517c481617,4,,,2018-03-13 00:00:00,2018-03-19 18:30:28
d0c68afa7cf1efff6e6e00805f89b4ea,0a87254b512c79f0943355540a189d77,5,Muito boa,"Estou muito feliz com o produto escolhido por mim,A entrega foi dentro do prazo, o produto veio em perfeita condições...tudo muito lindo,adorei....
",2018-07-15 00:00:00,2018-07-20 13:13:53
49714af7a15efcf00dd06444d764de11,02e275a40a23c32f81e13045c84b5a19,5,,,2017-11-28 00:00:00,2017-12-01 12:29:32
3556a1df028b45210dedde11ff4925b8,04093e1c2379ed67d202eb2914ded68f,5,,,2018-05-15 00:00:00,2018-06-06 22:28:21
3dc28c3760134625a36ddef418974396,0801f0d06dea3e577f48276a2a225597,5,,,2017-10-26 00:00:00,2017-10-26 20:09:01
d44741a860604f5b10b91f2ca4bb3c8a,0462bad26ccfb8508951beb9ea398ae1,5,,,2018-01-24 00:00:00,2018-01-24 22:00:51
0a41cdf23605f9efb6e1abd8bf214ac6,01b15a896c5842077af2aaf4a9f94309,1,,"Paguei o produto a vista, não recebi no prazo estipulado e não me enviaram nenhuma informação apos vencimento do prazo de entrega.",2018-04-15 00:00:00,2018-04-15 21:09:49
46e5878cbc7dcd49a6c4615ca19186cb,02a0f7101947ebb4e6d2ec4c1c929bbb,5,,,2018-01-18 00:00:00,2018-01-18 02:56:38
5b3b77da45b1f53831324a3362e14d41,00f5fbdc777e8198c1ee008122e28ae3,4,,,2017-08-11 00:00:00,2017-08-11 16:09:46
5e4e50af3b7960b7a10d86ec869509e8,00048cc3ae777c65dbb7d2a0634bc1ea,4,,,2017-05-23 00:00:00,2017-05-24 19:00:09
ab30810c29da5da8045216f0f62652a2,013056cfe49763c6f66bda03396c5ee3,5,,,2018-02-22 00:00:00,2018-02-23 12:12:30
fcfa60430840fe4a6515da108d4cea21,0a36bd172604d49ae57f2ae440a0dc70,5,Otimo produto,Até estão estou amando meu capacete😊,2018-08-11 00:00:00,2018-08-11 18:19:42
465ddd5d473fbdee9a68ed584812db49,061b74bca735bb2c1953e40bc098101d,5,,Tudo de bom!!!,2017-11-28 00:00:00,2017-11-29 06:30:50
338c93022d484ae4291c3dfa9374e705,049446a8732fca98a50e6767bb58bd49,5,,,2017-12-27 00:00:00,2017-12-27 22:21:03
f72cb5a49cf65547bcf2889d2285270d,0124e0c5bfae1979838a91e47df53f14,4,,,2018-02-16 00:00:00,2018-02-16 22:30:23
2709f90fc715db94b83653feb1713bec,0a20f1ed151eaf6d4f8947f6081e1d02,5,,,2018-06-06 00:00:00,2018-06-06 23:24:08
e6bef10baa50ed8af1f632f0113a1aa6,086f8f18f98299e22931d762c63db2b8,5,,,2017-11-25 00:00:00,2017-11-27 14:44:18
b614815acfc3b4cd7a7db60fa7453a8d,03a77816f8b67ef237ecca2c772c4851,5,,,2018-06-13 00:00:00,2018-06-15 20:36:35
a4ccea58df3ba68cfb00f725e9fe2423,0c87dd1621990a460672f431810cb35c,4,,,2018-06-20 00:00:00,2018-06-28 22:27:04
64705002057140d46c08068d176f203f,0b1e73fa546894ad7310916b480de067,5,,Ok,2017-01-17 00:00:00,2017-01-20 21:34:01
c66baeb7bc70f386f5c1af213b424c03,082730bdb06cc2b755fbb33becd6ccec,5,Muito bom,,2018-08-02 00:00:00,2018-08-03 21:05:48
27c3b9cf451399a8858f33e1a1f91bfe,06a05e46d787299f6277bfcb590f2ef5,1,,Comprei no dia 10/01. O prazo de entrega no momento da compra era de até 12 dias e até agora não chegou.,2018-01-31 00:00:00,2018-02-01 11:00:02
bb25bfa4fb74be2ed7c1525db49394df,0805ef7875f007ad8ae7f5179c939667,4,RECOMENDO,A colcha é muito bonita e destaca bem na cama.,2018-04-24 00:00:00,2018-05-03 14:40:22
4b22cd1c2bd512c68303b15baee20a35,055b1b19fcb7ec836c23f44053344b20,3,,,2018-03-07 00:00:00,2018-03-10 01:14:24
750d0e266ca8e0a55070fb20bcc087a6,0cdbb064516056ec9be699ddabadc42c,4,,,2018-08-03 00:00:00,2018-08-03 22:55:29
644926b134945775fcc996aec98f3680,010ff1cfe12f3094577e72b7bcecdf98,3,,Comprei um produto e veio faltando na entrega... ,2017-10-20 00:00:00,2017-10-23 23:17:06
ade05584f69a2de81e5cbdfb2dca6bd3,01908071e35fdc75bc0d7764f153abc2,5,,,2017-11-14 00:00:00,2017-11-15 01:12:27
ab05550bee6699840a981a8db793c652,06a9ff8c19b2d371a45c48568283929b,5,,,2018-02-16 00:00:00,2018-02-16 21:13:42
f74195296a314d10a4e0331cadbe6073,040b98b117606d34ba51c4d274a15e2d,3,,O produto principal ainda não foi entregue e consta no site como entregue. Ainda está dentro do prazo por isso estou aguardando o recebimento do produto.,2017-11-10 00:00:00,2017-11-10 22:37:07
89739c9f425d56e160756ebe5f91ab74,05692a713a2d25d85ac77a607b7db643,5,,,2017-11-22 00:00:00,2017-11-23 15:44:43
5a52d9724ba2d978548352fd339709a5,03170fde460344ffa21460ac08f2bbd3,4,,"Pedi cor azul marinho e veio cor preta. Tudo bem, é quase igual, né? Deixa pra lá, porque para trocar esta bolsa vai me dar muito trabalho, mas para uma compra de grande valor não vale a pena.",2018-03-08 00:00:00,2018-03-08 23:31:39
fcec1f83cec286d398e21eec6e29ef7d,00e7aeced1d61792368ec7bf8b967a90,4,,,2017-05-05 00:00:00,2017-05-06 12:58:49
af7de312ca4e17a959f9d2290e91fc07,0afbc110b84719faaef4887a5cff5a2c,5,,,2017-02-16 00:00:00,2017-02-18 23:25:05
6453879a422cb8285885686c3473fbc6,03ebfa9712b7dbc7031291856263b314,5,,,2018-03-28 00:00:00,2018-03-28 19:31:15
6510c19a96d1f415a4f8f8933137330c,070d0196420dc138bcfaa72cb10eea02,5,,,2017-11-30 00:00:00,2017-12-02 16:17:33
b9a59bc533983027dc5455255eb3851d,0a499296998c5b2e877297984bdf657c,3,,,2017-04-08 00:00:00,2017-04-08 21:33:52
d082733d1acbb8f750efbc7acf98df96,0a84b71d2fd93eeae49d3149a3e08003,1,,,2017-12-22 00:00:00,2017-12-22 12:28:56
067e9ae2a832a8965a10237e365081c0,087f3b4c583de715fda96594b3a03b65,4,,,2018-02-16 00:00:00,2018-02-19 19:30:14
acf3f5b4d93975335ee6a76654cd495b,056bfadd41b8600ad5ecfef2ac132188,4,,,2017-12-05 00:00:00,2017-12-09 13:53:28
8d697839be8221452e9d4f96347d0612,0148d3df00cebda592d4e5f966e300cc,1,,PRODUTO NÃO RECEBIDO,2017-09-13 00:00:00,2017-09-13 16:23:19
72bd80534b0e73c14829319464e72cdc,0066a1fdaee16ad5022c5ef979d0b661,5,,,2018-06-17 00:00:00,2018-06-19 23:25:15
999ebd57046ece954c0583db44bae78a,05640486a5e0b8140b20506acf791af2,5,,"entregue bem antes do acordado, em perfeito estado.",2017-07-13 00:00:00,2017-07-13 19:14:11
d8589a39daa87c37145da281ae1dfc79,0c63eb238a8ea5d783171577db5d7f70,5,,,2018-01-27 00:00:00,2018-01-27 16:47:36
bd286e807bb94da87ba6869b8e4f7498,084eed5f31d7cd5291671a544852e5d4,4,,,2017-10-17 00:00:00,2017-10-17 23:36:49
5fe3cfc552ec8c7480c26fb0069fea22,090ece27665c1cc89eda287f8e834e11,5,,ok!,2017-11-07 00:00:00,2017-11-09 20:19:59
e580b8c03cc6c1cd55ae874f699842f2,014e36af18c280a94d880a16b2f00713,5,,"muito bom, rápido como sempre",2017-11-10 00:00:00,2017-11-10 19:15:10
34001736ae83eb235714cfcbfc879e5c,0532db7075ba24a851a342f08d0e0b39,5,,,2018-01-20 00:00:00,2018-01-21 02:27:32
6bad2ba7fbe21010d6e0bb0fbd24729c,025830a006d984bf712a8c6a1eca41c0,1,,"Estou aguardando meu produto chegar está em atraso! 
Mas já recebi outro produto antes queria saber porque esse não chegou? ",2018-03-30 00:00:00,2018-04-01 05:10:08
37a3db57c38a89888e816054444d60be,099b01b8cc6b861aa593247b2f7e0b7b,5,,,2017-06-09 00:00:00,2017-06-12 12:21:38
6e46a3bdfe047f1cf3c322d67f163200,0c5a4222cc662d4e0ec50de57f1f8b98,5,,,2018-06-08 00:00:00,2018-06-09 02:05:53
4c20aa2a35c19958e4469315c45875cc,09f7918cf38caeef665ddea1a74a6a5c,5,,"Excelente! 
Veio certinho, veio bem antes do dia. 
Super recomendo... 
Obg ",2017-10-12 00:00:00,2017-10-12 15:38:14
3635d3aa3f7365d1b357dbb2eeedfb7e,0373227125997244e6f59bd76e717abf,5,,,2018-08-18 00:00:00,2018-08-19 17:18:30
4cc1916fe1f6597577e86cc5d6acb125,0417dce62cd5791d3d0005ca971b2ba7,5,,Chegou bem antes do prazo!!,2018-04-07 00:00:00,2018-04-09 22:26:45
fea0c44e1764fd767e849ffc4838a6c8,059b6e617cb9675ad8bc74b7aa750e7d,4,,,2017-02-22 00:00:00,2017-03-04 22:57:13
de4bbc248a2afac157bd615103c50362,05424cc0493d8fa049aa508505e6c773,4,Muito prática!,"Tudo certo, ótimo produto e bem acabado.",2018-07-05 00:00:00,2018-07-05 19:14:07
d1e9dafe0f99aba318e4aadd48039ea3,09d048d5bfb9dd1a82f696ce9863e9b0,1,,Comprei duas unidades do produto e só veio uma. Não consigo atendimento.,2018-06-12 00:00:00,2018-06-13 14:17:59
1a169dba2e4c1091195d39f3ce660cf7,0561429ac3333cdeaff4cdd6bd1ebfb6,5,,,2018-03-08 00:00:00,2018-03-08 05:44:25
800773eee9bd8299fe7d491ca8e823d5,09c10d01ea598b37493ee93aa01cb066,5,,,2018-07-27 00:00:00,2018-07-27 22:23:59
4ce02df4328f09eb2a07977be1ff8e83,0434058c92c9306bb6d1edd50bf3526a,5,,Entregou bem antes do prazo. Muito satisfeita.,2018-02-20 00:00:00,2018-02-20 21:19:30
0b85533916886ec08bc515ba160ce0c4,00f1bb0af030935db1745ee28367ea26,1,,,2018-08-19 00:00:00,2018-08-21 17:47:23
b16a7e09e3a58bddc92bdedd70ec8c7b,03e327642028582cff3316f1726a9f00,5,,Boa recomendo,2017-11-07 00:00:00,2017-11-07 17:15:01
8f036fc586e78d021d9261d335ea58b6,03572de4ee0598b00c48f6de965fcf78,5,Muito bom,,2018-08-05 00:00:00,2018-08-05 22:03:33
3b63e248408250d4c98008cb39dc0007,08d0b596c492f5a5041d003063f18320,5,,,2017-09-23 00:00:00,2017-09-25 12:43:54
7d7a61dcbf5d2ce0eac6a0d13eed1b50,0866fdb0c7de244fd6acbf00a2cbade7,5,,,2018-03-13 00:00:00,2018-03-16 14:56:30
72e56a1bed8c8b9f79e9c13f23362989,06e15cff14f4bc72fac07dd6e6518113,5,,Produto excelente. Entregs rápida,2017-12-27 00:00:00,2017-12-28 19:40:44
f893d195e262851a9fb5adbbdc0a6316,03d0e68d9f396f3c4e69dbbb0abc3564,1,,Não recomendo essa loja pra ninguém comprei o presente do meu filho no dia 23 de janeiro vai fazer um mês e nada ainda estão dizendo que o carteiro chamou e ninguém atendeu fiquei o dia inteiro emcasa,2018-02-21 00:00:00,2018-02-21 13:06:57
c8882e88e0242e15707d751b5b66fd21,08213e46524c11c2501c5d0a59ff8b7a,1,,,2018-05-30 00:00:00,2018-05-30 10:36:38
682d49ee57c9988ce3d75b484ff54c02,0787c233e9c027ebb134e0339cdc1ef2,5,,,2017-08-29 00:00:00,2017-08-30 10:21:51
6a72eedeeefe27cf71d344fdf29e671b,0695bd018cbf6e999fad4c321b32d26d,5,Tudo certo ,"Produto muito bom, tudo certo no meu PS4, recomendo.",2018-07-24 00:00:00,2018-07-24 23:30:12
2efdf07992f8a1f2c932e3a912b4f8b4,098f60afb74eab906fedaf802a833a97,4,,,2018-01-19 00:00:00,2018-01-21 19:19:38
00f4e871aa4c212a739df433c74353f9,035a721e5bfc1bc3f4e1ba0d7923cc84,5,Excelente!!,Produto chegou antes do prazo e era exatamente o que eu estava procurando,2018-08-15 00:00:00,2018-08-16 00:01:58
14f0810885e1daa91bb78878cba6da41,0029c5db35ef291ce99d1262012e7daa,4,,,2018-08-31 00:00:00,2018-09-03 00:48:34
d6059f386dc380e57cee1239be6d1b89,040f27ad597191f7832612a806fa682f,5,,Entrega rápida dentro do prazo ,2018-01-09 00:00:00,2018-01-10 01:08:50
66008c9da0dad502a2e3c36a37117d02,0c91b697f968a592811f9300675c6138,4,,,2018-04-07 00:00:00,2018-04-07 21:37:09
df58909c43a6367823f72f84f64c8b28,0ba1fcf42e40850f464b8ca9b0b5e9fb,4,,,2017-06-23 00:00:00,2017-06-24 18:58:55
05963dcfbde31057b421fcff02bb4da9,0119e98feb97441cb456c010c25b04ff,5,,"Entrega muito antes do previsão. Produto na validade legal e em perfeito estado. Excelente.
",2018-02-01 00:00:00,2018-02-02 14:11:32
8f81195f65aa1adb005c86f7931e8589,012f29911fcd2f1209d937741a6bbc6f,5,,,2017-05-23 00:00:00,2017-05-24 17:31:17
b83fa5b65581494479cbf3aa82ee35b6,08a0229449937f03d05a335929cc455f,4,,Ótimo ,2017-10-19 00:00:00,2017-10-20 11:15:35
2631c80139142b5cdc216306cce42aa9,07e481567db300783aa22d7cd202f1b8,5,,,2017-05-30 00:00:00,2017-05-31 12:34:35
6c2a373095c7b10b93ee0b9d0da7996d,08597f2b3cec1c223f1b7950bda0a9fc,5,,,2017-11-02 00:00:00,2017-11-03 11:43:27
88c78ab8422c17dd1d066b316a8f6705,0c9c4a61bb41aa0184a25922a829bd51,5,,,2018-03-07 00:00:00,2018-03-09 15:14:30
61a597b070ac07d623109c987e117db7,0733aab1e972ab531705cf45a1e77281,5,Recomendo,Tudo ocorreu conforme programado.,2018-05-04 00:00:00,2018-05-04 21:26:13
a41b4757eb355ad682a098f2189a0c53,0a0eb4fdd818ed6fb62d07792c948971,5,,,2018-05-23 00:00:00,2018-05-24 18:52:16
c6c1bcc1b5982387cea67cddf36d7772,0baa34fb7824f076c177df17da43b62b,5,,,2017-05-17 00:00:00,2017-05-18 12:26:28
5e33269228033e7fbacbc9aa3936bb3e,01c7b08f0c05952ce15edb928bb63d2d,5,,,2018-04-19 00:00:00,2018-04-22 01:26:41
ce73ffa784816e3cdc52587e2580efd9,069370014d6465fb28770cd9449402c5,1,,,2017-12-16 00:00:00,2017-12-16 09:31:07
0c8ac0545799d6ca19a93a25f6c34cf8,067bc1024a45f0e3cf23b724757e55e2,5,,Boa. Entrega rápida.,2017-05-25 00:00:00,2017-05-28 16:00:49
88b8b52d46df026a9d1ad2136a59b30b,00e7ee1b050b8499577073aeb2a297a1,4,,,2017-05-26 00:00:00,2017-05-30 22:34:40
d65a8cf4b660799a787f7468fdba859c,0c38c51b8a775bccbf8a0e340be3cece,1,,,2018-08-22 00:00:00,2018-08-22 16:45:10
b395c14e0be3c47632ab3a9ecf0e8201,00c42b1633c1b2fa4e937bf312466561,5,,,2018-02-09 00:00:00,2018-02-09 23:31:14
19d351dcf773c3ecfdc31314a9f5f777,0508c1d4ce32ccc40fc59d0592478608,5,,,2018-06-20 00:00:00,2018-06-20 22:59:49
7d535c2ab764e5df6e4062d3d431ac1a,0cc4a0e7b03976348e97bf0721a96376,5,,,2017-12-23 00:00:00,2018-01-02 15:02:16
52274f3fba49d15f8bf0b7e4a4d66242,07d393eec6ab2c8c4a90dd4344b6abf9,5,,,2018-03-22 00:00:00,2018-03-23 01:01:00
dc9f9fe5aa92c67a8b1457ed0b2111d1,033c0d8e5bce8110d7900e088c75389d,1,arrependimento,"Solicitei o cancelamento antes da entrega, quero exercer meu direito de arrependimento, devolver o produto e receber meu dinheiro de volta. O site da stark dificulta o processo e não SAC",2018-06-15 00:00:00,2018-06-18 15:19:05
3f9a735e3351a7b5159a4d1691a0b9b2,0035c0b07126fe9c24a325216fb96064,4,,,2017-12-08 00:00:00,2017-12-09 02:28:07
52581de581e4f894291165e634dc2dfd,09e6dfb3a40d9c2e75458a76ff06e2d5,5,,Recebi antes do prazo.,2017-02-17 00:00:00,2017-02-17 19:32:34
708d3528f7c13301bdad8f80b845ea64,006df90050498994d670b40da4651d22,5,,,2018-08-16 00:00:00,2018-08-17 12:05:23
b171ef52e026c55eae25c89362055c08,0c0c2969d3adf4fffa3753dcc37f135d,4,,,2018-08-22 00:00:00,2018-08-23 07:39:13
df0472726f87f99281c50480f719c39d,0ba1123843391ede0901811438202c24,4,,,2018-05-04 00:00:00,2018-05-07 11:28:38
09c55ca8b79fa0e085f15048bec198ec,02c6f38cbd2d15df19cf2621019823fd,5,,poderia melhorar o preço de restante ótimo.,2017-07-19 00:00:00,2017-07-22 10:34:20
9b3befcbcf41e8c3017ff0df7de79b8d,0667371275636232a05d55f2a8eada60,4,bom,ok,2018-07-25 00:00:00,2018-07-26 22:35:57
4b0491e86c4f31c6ccffca4d228a31f2,089099bac717ea03540251a8c02858b6,4,,,2018-05-17 00:00:00,2018-05-20 14:46:13
d61a683c6401494f7311af37b45ff720,0c5a9096edbc36c60badeda355d91e19,1,,"Produto não entregue no prazo, ainda aguardando sem conseguir rastrear localização exata do produto, muito ruim o retorno ao cliente ",2017-12-17 00:00:00,2017-12-17 02:55:50
33b24ef184897d10e52aebe027c7b295,08613505c6d1fa61ec5908afbb99fe84,4,,,2018-02-27 00:00:00,2018-03-02 13:25:00
4155833440f10909211f327371428bd6,00a12754417a49a9dec20361849aa917,4,Recomendo,,2018-05-11 00:00:00,2018-05-17 00:34:10
b4e6e4e5cbc62d687a6df95b5616651c,02e15a348e5f7ae74cd23e7904095aee,5,,,2018-04-11 00:00:00,2018-04-14 06:06:39
063fd5dae9d4eeb11acd9f8d3822b7f1,025a548c7e6d70e6b6cf600a112b0d9c,5,Super recomento,o produto é exatamente como mostrado no site. Super pratico e resistente para o que indicado. A entrega foi feita bem antes do prazo estipulado.,2018-06-16 00:00:00,2018-06-18 14:33:44
38d6a243bd49728d163efab3be64044a,09ab8a3234b24017600673c296756fdf,5,,,2018-02-05 00:00:00,2018-02-07 18:31:44
50e4002da5a4b33b456628a0bcc6c36a,0918eb0a00743c2cfeb69cce4fe4fe1e,5,,,2018-07-13 00:00:00,2018-07-14 00:48:51
e0c5e8fb1d07f6be451e005845667948,06b54aee2ec1ca4bd7a460c7d256cce1,3,,,2018-05-03 00:00:00,2018-05-06 16:31:31
db623c60f9d36f61d5730bec6e23e976,0a029b521ffceb219d63dce7e02403bc,5,,,2017-12-24 00:00:00,2017-12-26 11:40:55
6b15b6cdfdc1070ddbe822ee5b6f3ba8,08688e50bd932bdbd480bb25e55c70de,1,,"a capa veio de cor diferente da que eu pedi, e a película não é de vidro, e ainda por cima está torta",2017-11-24 00:00:00,2017-11-24 21:25:11
1b753dd878fe837c9e3e56598df4e0a8,0c00bf3feaaced2a198154419c788fc5,1,,"Produto de péssima qualidade. Já chegou com a tampa desaparusada devido a péssima qualidade da madeira.
Vieram 4 pés para serem aparafusados sem nenhuma indicação ou manual.
Muito ruim",2017-04-05 00:00:00,2017-04-06 13:09:35
1bbfd50bad517dbeb993926d510272b5,00a4d94df1c9757661679b2f4bd6d311,5,Ótimo,Ótimo,2018-05-08 00:00:00,2018-05-10 13:48:59
7e92c32ae297ef950ee69781d9f1760c,00061f2a7bc09da83e415a52dc8a4af1,5,,"A caixa do produto veio com uma pequena avariação, mas de resto veio perfeito...",2018-03-30 00:00:00,2018-03-30 04:04:56
4e543f263ffb28f9bcae65f5b24e5de6,09d7ebb0b2075f15dc48bd8da3961fe0,5,,,2017-08-08 00:00:00,2017-08-08 23:31:56
2c688cce6551ac8e3f42d5ec1590156d,05547569f5543318997d30464eeb74e7,4,,,2018-06-29 00:00:00,2018-06-30 14:31:41
4bbb2b339000f635e56a939f175e0244,02a96427d96112413499795f52a9a4e8,5,Muito bonito.,Produto bom ,2018-06-02 00:00:00,2018-06-02 23:58:18
70ff5acbb5f5df2813075d49b71aa518,02659c8edf02d1cb48b8b388ac7da90e,5,,Excelente preço. Atendimento no prazo.,2018-04-24 00:00:00,2018-04-24 19:22:02
0ae96590fe77127fe9ea8b77d4eb5f11,0bf738ff836108e7a308061b6d77342d,4,,,2018-04-14 00:00:00,2018-04-16 22:26:09
59042599ce5a42dfa44c02948b5c46b2,00ceda91cb2ded8570ca73e70571740a,4,,,2018-02-17 00:00:00,2018-02-19 18:19:12
c7278def082030c8d81b18bf48d5d7c3,02855eb3e469890c3b741adb0fd64f71,5,,"Entrega foi bem ágil, nenhum problema durante boa processo de compra.",2017-05-25 00:00:00,2017-05-25 15:56:33
bd3ef9077ee766eebf795468b944c721,02457250c331120c9dea3bf840316d54,5,,Muito bom o stark super indico,2017-07-20 00:00:00,2017-07-20 22:01:14
a73b66147e5876fcb019236590ab5d73,08fe747a18955f4657172a09f1660620,5,,Entrega antes da data.,2017-10-12 00:00:00,2017-10-19 00:44:59
6e79c4bb1364da3e1bc29d8fcf6d9910,055e4873984d5da3b7d65dc86a3c4149,5,,,2017-12-03 00:00:00,2017-12-03 22:02:48
b641613c737b31d7563d8a4f6f49b362,058c8f9e226f52cd43f44b0aaa72a395,4,,Ótimo,2018-02-03 00:00:00,2018-02-19 11:50:54
f0f0e4b014b947280709107cd4785ab8,04d49c33fa60bbc46ab8514d0811d0e3,5,Surpreendente,"A qualidade do cubo pelo preço me impressionou, recomendo muito",2018-05-18 00:00:00,2018-05-20 15:24:25
dce234af5a3ddc21eee3fccc37e59e1c,072d14a6096a0b4e29e3e2d6f11f58fa,5,,Adorei! Muito prática!,2018-04-07 00:00:00,2018-04-08 04:26:20
beb271943a2ce45d5726c91897dcef3b,076594c6ae7f8e1157b7321c148efa86,5,,muito pontual produto entregue certo de acordo com a compra,2017-07-21 00:00:00,2017-07-24 13:18:59
be62e874f83c741cd16409d87a2ebfd4,09bcbc199f0fa4268cc0122304696ea4,5,,,2017-12-20 00:00:00,2017-12-25 12:44:46
3a6ebeb7f45583720372e838e99cec6a,019886de8f385a39b75bedbb726fd4ef,5,,Produto foi entregue antes do prazo e em perfeita condições. Estou satisfeita.,2018-02-24 00:00:00,2018-02-27 15:10:57
ee14f40b1a44a5eff952d4ab42ae9c74,0ce8dd4235e50ae2f8beff18c2ae0c26,1,,Comprei dois cobertores e recebi apenas um,2017-07-01 00:00:00,2017-07-01 23:18:11
54db85b14f429cf77a659733b6832deb,023b49300b34f2b9961857266df731dc,5,,,2017-09-29 00:00:00,2017-09-30 20:53:45
c7602d7e1c9718d0fbe0c54f3ff39789,0c41f512e2783cc1d84227b9afee153d,4,,"o valor da nota fiscal não veio com o valor total pago, simplesmente chaegou sem o valor e frete cobrado",2017-08-08 00:00:00,2017-08-11 15:04:03
154ec7c14c74a74b47e049257fae71d1,03d409e5b5b19ae88c43b41b503fdc5f,5,,,2017-09-09 00:00:00,2017-10-28 13:07:14
7f42120721834bc0543755e8387fce6b,01cadf993df82ff0e318addbd022f0fe,5,,,2017-10-24 00:00:00,2017-10-29 22:28:03
5bc5cb6d15bad220824a37198584b590,0b5143acf46cd4dd573604b449451bcc,5,,,2018-07-03 00:00:00,2018-07-04 00:35:22
62696170537b9f2033e80ddbf5667bf1,00fdb72e467da6f3b000b19b368a6cf6,5,,,2017-11-01 00:00:00,2017-11-01 22:35:13
b8a500fccd2cac0d7a7ae6f047156bbb,0b704d9bda1b350e1350d64af21b3411,5,,,2018-07-03 00:00:00,2018-07-08 15:43:21
92bccd2e117636e9587600a8d46c4f7e,0869a3c8a1dd07c13e4847627fcc704f,4,,,2017-12-12 00:00:00,2017-12-14 16:19:57
e934b832e3bd9951f2a163ea80cfe20d,03afb3c10af52ddfa3c33b9881bf43f8,4,,,2017-12-19 00:00:00,2017-12-21 21:48:38
e685315e0fe2da4ab49baf5f0c3a812c,0c505e1ce394e4cd4ccaedf5fcdbc9b0,5,,otima entrega ,2018-08-02 00:00:00,2018-08-06 00:27:20
beb336ba89a6895623f8837542fbf2f0,07429f7601b56a66d1854c79a2f5c9e5,5,,"Prazo de entrega bem antes do previsto, produto de acordo com as descrições, Recomendo.",2017-07-22 00:00:00,2017-07-24 11:19:02
4cda777329fd7a7a7b81e17fd09294b6,0373763807c25ce94a4b85c7c0f47062,5,,"fácil de comprar, entrega rápida, posicionamento da compra correta.
Excelente.",2017-08-15 00:00:00,2017-08-15 23:46:04
c1f31049c43e3b79465759197018d2f8,08accb1f1ce9ae08483229dd246b8911,5,,,2017-07-13 00:00:00,2017-07-14 10:47:32
1cdf6db5c9b480e4c8c068e66b894d05,082d1a4833001c9e4d9a97109ea180d6,5,,TUDO OK,2017-10-21 00:00:00,2017-10-23 18:11:25
fa3159a1b8a8b104d5c618855bea5ddd,0acba0d89b659e968c61996fce491be6,4,Recomendo,Muito bom.,2018-05-09 00:00:00,2018-05-12 21:08:06
5cd87517abfb8dd07dbf265064652393,0691511b757c6190f85d5c20481ddae1,4,,,2018-08-05 00:00:00,2018-08-06 13:01:55
c2ed685e0bf450d14a38fd8992097563,046100ad996b1c80d13e7e90fccd0560,4,,,2017-08-16 00:00:00,2017-08-20 20:33:21
8278f8f8baf225cb959254c4c73568f3,005f25968fc854ea16fb16f5bdbc87c7,5,,Adorei como sempre entrega rápida e produto ótima qualidade. ,2018-03-21 00:00:00,2018-03-21 23:26:32
3590167a693b2f2312743bc9a03a8d28,0a5d7e24850c68bf00d39bd62a9a45ee,5,,Tudo certo. Recomendo.,2016-10-28 00:00:00,2016-10-30 20:24:24
0328101f90a5cee5bed609d24c0c2b69,05ad33706a0ad42482ba7f17236d4bba,5,,LINDA!!!,2017-10-19 00:00:00,2017-10-21 12:30:44
0702042c521c275c7f4271a8301f9d2b,044e7b17d9488e54fc8417df5289f503,5,,,2018-04-26 00:00:00,2018-04-27 02:44:43
a0041c52d660e5f47267893c53b156ae,09023a853a37b3ccb3ca46372068748b,5,,"muito bom
",2018-02-22 00:00:00,2018-02-23 20:36:04
28352065da2a697da1f83e4a128f64ad,00af3d9ddff7f256e83d79247dbe1a9f,5,,,2018-03-08 00:00:00,2018-03-11 04:22:36
5a5d27666e66850f806992e22a04c483,063f2375ecf74934d05e78a476f92cb5,5,ok,positia,2018-07-28 00:00:00,2018-07-31 10:29:39
2133f949ee3cb66ab7270f54013c6690,052a5969146f40fe550f442f52f302b7,5,,,2018-05-22 00:00:00,2018-05-22 22:30:04
90729a53369ffc280ea4a179bd337406,02c9b2b746777e4dadcf72941e5a010d,5,,"Produto chegou em perfeitas condições, antes do previsto. Recomendo",2017-05-03 00:00:00,2017-05-05 16:59:45
d2cacfcca1563bba5ebc02360bb34b43,08f20d527e3a4331f254f4063920c6e4,5,,,2017-08-03 00:00:00,2017-08-03 23:52:50
b0c6af585a16552e3ac5b441271c907c,009e11afa25aa95ae78e60a793995c9b,5,,,2017-11-01 00:00:00,2017-11-02 12:42:33
1db640bb7cfdc521d6a2690104286916,03c7acb8cfb3a3567a70fee4a1e2f82d,5,,,2018-04-18 00:00:00,2018-04-25 18:49:27
89a02c45c340aeeb1354a24e7d4b2c1e,0035246a40f520710769010f752e7507,5,,,2017-08-29 00:00:00,2017-08-30 01:59:12
1b046fe377ecb3ebe4269fc6489c7e4c,0cdea1c34ce2e9ca670b2e6df1d6c207,1,,,2018-04-05 00:00:00,2018-04-07 11:25:44
f99d8ffb008e843e3f041bf1b077f5a4,08f6cddc0499702a4dbbd26f2b04b986,5,,,2018-08-01 00:00:00,2018-08-04 13:02:10
9a55e25487ed36136b7f5b5c4058ef3a,0bcb914e60bb0de6160699483722bc0d,4,,,2018-05-22 00:00:00,2018-05-23 08:30:08
8839ae72e97099ff10cf6e91185f65a6,03484f6953887cd37a7974b52f3107f4,4,,Acho que deveria vir com manual de instruções de uso..,2018-03-10 00:00:00,2018-03-11 15:32:43
fe7a8e59afcd90e2e28d3e0bbf3c10d6,0757cf1c2a32b4597b8192f2c4912adf,3,,Na foto a almofada parecia de melhor qualidade.,2017-07-25 00:00:00,2017-07-28 03:31:18
aead216ff885196fc26c370253ad5462,02d3254501ce969c22c38d060166bf68,5,,,2018-07-24 00:00:00,2018-07-25 22:08:22
809f1ce4510bc2fb5d1b94610e529c7c,012a238ab54294a3b365812ccc82b135,4,,Chegou antes do prazo.,2017-09-20 00:00:00,2017-09-21 18:48:01
eff6e46589c2f6ee04b494b7e9080014,068254dc0ecdb91d62f52c658b4dd09a,4,,,2018-04-14 00:00:00,2018-04-15 00:19:37
70cce2ced272e009210c99014f79552a,09249f4625a56408772a45322aadd544,5,,,2018-08-17 00:00:00,2018-08-18 13:39:07
cf5a9ef9ec3696895221eeb4f3bbfb2c,09e7742cede3e38bad12bf8e4e015d6c,5,,,2018-08-10 00:00:00,2018-08-10 20:18:49
69bd892e6286a3532be900bc28335268,0af905b4a536b95528b4eb5dd2c192da,5,,"Recebi antes do prazo estou muito satisfeito
",2018-03-21 00:00:00,2018-03-21 19:54:50
2b5f8e4ee49182f85de7efa1f0b5db0b,01f9f30f42a15cb09e70666d0df18856,5,,Recebi antes do prazo e feio conforme no anúncio. Amei.,2018-01-27 00:00:00,2018-01-30 10:28:40
831727d2f7296efc560689a49f30043c,07fc346abda30b632be799f5b4be2bd8,5,,Cadeira confortável com ótimo custo benefício.,2017-07-28 00:00:00,2017-08-01 15:15:49
69f66c86b1efeda67996434fd6fb97be,0987ca7d6618e8d1a3bcc49207d6f713,3,,,2018-01-07 00:00:00,2018-01-08 14:33:54
f9fa15be4256577e89e0dec0b093126d,02a9c0d24428f373731752bcc9719ebe,1,,Comprei bem adiantado pois era o presente de aniversário do meu sobrinho e não chegou a loja entreou em contato apenas 1 vez e não me respondeu mais. ,2017-07-06 00:00:00,2017-07-06 10:29:36
6cb2910ae5cc3282484f45fd531a35c5,0a2f3c7b4abf07c314a043c7044b0522,4,,,2018-06-06 00:00:00,2018-06-07 03:46:41
8a84c8c37602ca4eca868e5ae10d0a9c,05e6d57ea1f64b4e9a0b37c669515cfc,4,,Tudo certinho entrega rápida mas frente muito caro!,2018-07-08 00:00:00,2018-07-08 16:06:43
688cbd12d6c521ab52a6439f25f6ce67,08202fbf5047a2f85a0983ac291a69fb,5,,,2017-04-12 00:00:00,2017-04-18 14:02:43
9d0e152a1983460f059ddffcb8af03bb,03054d8a8eefc2981cfad06f58e27979,5,,,2017-10-20 00:00:00,2017-10-20 23:45:27
f6e15a64b6d140bb98df86a837030ed1,093974ced77f199dd42068d1adf5c359,4,,,2017-09-23 00:00:00,2017-09-25 20:12:02
6622311236f86e2a75d144c28a858a6a,0c0aeabd6ae9d7a303af615334a220d0,1,,,2018-08-28 00:00:00,2018-08-30 20:54:49
e11851a671f2222fb3e4d3266979285c,082b1b681e5c80c5334f290e6d5a5405,5,,,2017-11-26 00:00:00,2017-11-27 14:45:04
ee0da173ad11141bd1f6a6fe70d4e29a,02a79582212a06e4d617380fb2db8636,5,,,2018-01-04 00:00:00,2018-01-06 22:31:22
af16f22d69b1898ad689d1b9f54f0ebf,0cb87161e7b8247087cc93117f44a6a6,1,voltagem errada,"No anúncio não informa a voltagem do produto, ",2018-06-24 00:00:00,2018-06-24 11:41:17
139df29f09c6f8eff22df73d2452ea49,0ad3d55b3745d0afb5dd2d9f86c25dbb,5,,,2017-12-30 00:00:00,2017-12-30 23:48:50
3d8eb19299138d4df13ff5978bb95676,03c765107c8fc34c68a82bbd6c686856,5,,Amei! Chegou antes do prazo.,2017-04-18 00:00:00,2017-04-19 16:46:00
9dc60045b1a4717dcfbdfa2987e6ba76,038b8c914a94247880b6a34413e74a34,5,,,2018-06-12 00:00:00,2018-06-14 22:54:12
ed6d4d76014c09f05a729980e12fff4f,0cc61cbbb97b708ac85f95f24e7e4439,5,,,2018-08-18 00:00:00,2018-08-18 22:12:34
2c181a9f31239d94ce4798230e614c5d,059c0bd12954b4e72327c0ff67d9f2e8,5,,,2018-05-11 00:00:00,2018-05-14 13:27:46
d2bd0605af8fe4caa1b821281d083716,05871d52118762aaae93a3682fc5fe2f,5,,,2018-08-16 00:00:00,2018-08-18 00:24:01
4795244d1f5ce48a127037c883008809,02680f764ca402aabbb86572ed2731ef,3,,acredito que poderia servir como uma tampa que levanta na frente e fica fixa no fundo.,2017-06-01 00:00:00,2017-06-04 00:04:05
97a3747570ff4b8f68e192c7f8bf0c77,031a9aee4d307a1ae62ed71224c63215,5,,"Parabens, recebi o produto em perfeito estado e no prazo.",2018-02-24 00:00:00,2018-02-27 16:03:23
3116fd58abf10f2f081cee027f9f0de5,04064f81e71399939f72222d7c701c47,2,Estou no aguardo ,Estou no agurdo do meu produto,2018-05-25 00:00:00,2018-05-27 13:13:07
4ebc2a805f936d2e6451207d574692e7,087c44ddc65697d4a3a2af9234c5a22b,5,,,2018-04-20 00:00:00,2018-04-22 17:14:52
28838057a89892189cccbde97e7d80ca,00b4c651133c06fb175123a492f1cac3,4,,Entrega muito rápida.,2018-08-24 00:00:00,2018-08-26 18:41:21
7cde4922013c93c64bb61b9b5184a056,0af034558afede965f6b00c62d5176ed,5,,"entrega passou um pouco do prazo, mas justificaram, produto muito bom, recomento",2018-01-25 00:00:00,2018-01-26 23:02:00
2b9ceab5b312df7a7909da0f0b363810,041829597c49c92cb66b0e5813936286,4,,,2018-02-24 00:00:00,2018-02-26 18:39:32
8f85ea47e7b4e6f2de2d69a35fac644f,08dd1de0a5ebe393a3beb05a4cd4894f,5,,,2017-05-21 00:00:00,2017-05-22 01:40:18
e20a8a09ff734905b23bfaaa999149b0,085364fbac51681978eace38694d4683,4,Boa,,2018-05-11 00:00:00,2018-05-14 19:25:55
9a8c3d00303da515be0f1621dafcb42f,0ba66e23f27848fd3bbff7f24632b0b1,5,,"Achei lindo o espelho
Recomendo a loja
Pois chegou antes do prazo
",2017-12-21 00:00:00,2017-12-21 18:28:55
6d98a0e08e968abbe726f988e63b50e7,07b1682544dc5cbc0eb87fb56e1374b5,5,,,2018-08-18 00:00:00,2018-08-18 23:06:39
99b2f2e6766fa0fa4054d1ce143be0e1,0260b4ed1d24feacffa9d9783016a467,3,,meu produto veio com a lampada quebrada estou esperando o retorno do baratheon,2017-04-10 00:00:00,2017-04-10 11:48:27
0fc9093b0259417061cf203c213f3ab5,0a44ca66dfa067a69bc92ef82ba68acf,4,Ótima. ,"Produto atendeu as expectativas. Comprei para a minha namorada, ela gostou muito.",2018-05-20 00:00:00,2018-05-20 23:15:19
6def627a714b8949eb19f79dacbe3744,0743b54da8ffd8f7f9fe79fcaf006000,4,,,2017-07-06 00:00:00,2017-07-06 23:07:01
a8b288904c26a36ecd837ac5b7ceb92b,06b8cdbbc86d64ea69af76036c523827,5,Quase perfeito,"No site da lannister a informação do tipo de saco descartável é NANO. No site não diz o número, por isso recebi o NANO 11 que é maior que o saco do aspirador, vou ver se funciona corretamente. ",2018-07-21 00:00:00,2018-07-25 06:25:42
7ef9038d4a48bfecfffe884412e57bbf,05e7f330b0c9d2769d5aa193ee88baa7,5,,,2017-04-07 00:00:00,2017-04-10 17:06:33
7309654bbc4d018d01bbeb8d7d512f03,09f929ce6d526af69a12f1a54230e396,1,,Quero trocar e não está carregando meu tablete e está c defeito,2017-05-20 00:00:00,2017-05-21 12:26:40
83720f7ad9190ecb0abdf9591f234447,01e9b3d727e46edf036b0bd549c38bb4,5,,,2018-02-06 00:00:00,2018-02-07 00:03:58
c91a939f78b89544be8bb784156fc110,0328d8f9de9ac416aef56ea44972a5d8,5,,,2017-10-25 00:00:00,2017-10-25 17:50:34
94e5d1bdc096f27616e03aaef754d32b,05248f2049e2194bcb2108983868308f,4,,,2018-01-30 00:00:00,2018-01-30 21:48:44
1ff9c6dda12684096bc0f1b885e049d3,0b84f3f6163172e6ede5bbd0b5b98394,5,,,2018-08-25 00:00:00,2018-08-28 01:00:13
0ff6336b02bad0ae40a50114db3781f7,0a2902af9ad58b25df153a4e743b5db9,5,,,2018-01-06 00:00:00,2018-01-06 21:47:40
fdae91f394183e7509686b6001b769e2,008d9bf350ff02ed444b3452cf3f57e0,5,super recomendo,Extrema pontualidade e ótimo produto.,2018-06-14 00:00:00,2018-06-15 15:14:27
3324992b38eb4e320e3dfb69bcf7ee57,05c163d46637e5c0c23a0075dc1c854c,3,,"nesse pedido eu recebi somente a película de vidro
a capa não recebi.
o n do pedido é o pagamento foi no mesmo boleto no valor 65,68 incluso o frete.
",2017-07-20 00:00:00,2017-07-21 16:06:29
ecc7ac5f5054164379b2a956c5bf51bf,04d11ad47e18aa9180d9d9cc7678f496,5,,Parabéns muito antes,2018-03-20 00:00:00,2018-03-20 19:53:58
8a8ebb5019795478156fa952acd050b1,03ef5dedbe7492bdae72eec50764c43f,3,Recomendo,,2018-08-31 00:00:00,2018-08-31 20:02:48
d3d9b9f80b8c4850a6afaa9d55bf5e7b,048cc31326007f07b576b46beddecc12,5,,Gostei de comprar mais uma vez na Americana! ,2017-12-16 00:00:00,2017-12-18 20:37:09
58fba994301774191d7fef8f8af5bcd7,06215d34c1ec4e1106eb12ae5fd0370f,1,,"eu nem lembrava mais disso, comprei o cel e os cabos e nunca chegou.....",2017-03-29 00:00:00,2017-03-29 14:48:51
a041ca2f5d1da38f91366ab121d46bbd,048fc26beee4f076edae01e578a13fc8,5,,,2018-02-16 00:00:00,2018-02-17 00:10:36
974e17569a12138629ff031e5982e32b,0044c6f6d22dd280534344177c81b989,4,,,2018-06-05 00:00:00,2018-06-06 14:24:23
a0cdc625483b8941a98c9aa424fa7272,0a859572e5956923f4b083363aae7d7b,5,,,2018-01-27 00:00:00,2018-01-28 12:49:11
73cbbf42da03356de2bae3a2e397a2f6,0bf48b98131c5057bcb4754449acc91b,4,,"Recebi meu produto num tempo rápido, porém, por se tratar de um líquido deveria ser melhor embalado, pois, meu produto derramou, acho que deveriam colocar isopor na embalagem.",2017-09-23 00:00:00,2017-09-24 22:15:39
08d4d532e58f561966a38c9731a3de47,034afd1b074e35a1d1dcf70c4a5641b5,4,,"A loja é muito boa, porem neste caso, só recebi um dos itens do pedido e ainda não tive resposta da loja",2017-12-07 00:00:00,2017-12-08 09:34:11
043ea4099fdd226b8c8c9357b9a29c91,0b2ee90d3a8923635f74af64e78d2335,5,MT bom,Chegou no prazo tudo certinho ,2018-06-27 00:00:00,2018-06-28 15:09:17
d45542da29aba75ab7de07684f99741f,063929a628206b3f69eaaa2e003ca695,5,,,2017-12-13 00:00:00,2017-12-13 20:38:22
c3986fafb58bb6d9cee9cf353de01acd,0b33796d2382e9a9fde619a584ba7216,5,Super recomendo,"Ótima loja, ótimo produto.",2018-08-30 00:00:00,2018-08-31 20:08:13
a8e27cc3249c6723806e0da320636e1e,0716d86faf8bd36dcb5bdaee6777b272,4,,,2017-05-30 00:00:00,2017-06-01 19:11:24
3896c3eee0db7feaab0c4b81f8da2806,07fac8f9cadb792264f2985ef93eaa13,2,,"Na descrição e fotos do produto, mostra a capa do Zenfone 3 Zoom, mas a que chegou pra mim não foi essa! ",2017-05-14 00:00:00,2017-05-15 13:03:40
dd71360a5cfbdf6fabf5bff418e3513e,00664284de7a3470d22931ed78615ee4,4,,,2017-10-04 00:00:00,2017-10-05 02:01:26
d52cc0a66e354897ea83668590d10c50,0a0cda0a8f1fac8330c16b7a8b38bfb8,4,,"Eu gostei muito do produto ,e de ótima qualidade.",2018-03-23 00:00:00,2018-03-23 18:29:58
181558c031e9a0df40cee5e873eb379d,00f6ac4816d12f49026b09f2aa77d15f,3,,"BOM ATENDIMENTO, FACIL DE COMPRAR ENTREGA RAPIDA.",2018-08-14 00:00:00,2018-08-14 20:35:57
2479e0d192ce543ae88c67c051b7ad4b,039dffcfcd2b5404d42beff4bbeff110,5,,,2017-05-27 00:00:00,2017-05-28 01:08:37
d00f5cb5eb03f6cfa4c441b113ce8f70,0b2f7d7319f367295bd93624be36ed1b,4,,,2018-01-06 00:00:00,2018-01-06 21:20:44
d77bf457af84f53ce2166e8e197ef6d3,0b1c59b14d8f5965dea7bc2db28a34ee,5,,,2018-07-27 00:00:00,2018-07-27 16:05:18
b4e8ec7012eef81503df0e1e6c65f281,00588f5f20fee630b83d4709e0a42715,1,,"Recebi o produto, porém, veio com defeito. Não funciona, nem se quer liga. Já comprei vários produtos pela Internet, inclusive das Lojas lannister. Estou insatisfeito com este q comprei. ",2017-08-31 00:00:00,2017-09-03 17:29:44
3b9a423bdbe8734ddfeb09bced16e5d9,000e562887b1f2006d75e0be9558292e,3,,Bom produto,2018-03-13 00:00:00,2018-03-13 23:03:22
b6b911bfa77a64e9d7ad9a576ff1658e,0441b92c70bbdc1ae99a187e05d52621,4,,Tudo boem,2018-02-02 00:00:00,2018-02-05 17:35:51
920cf0785c35616d2921a6b993a8dfe9,0566f139f1d1dff8ebfb3b1233ef4dd0,5,,,2017-10-21 00:00:00,2017-10-23 21:55:05
c6c7956b90223735bc3593e1d0de3a89,0b958a89cde3a26acc1aaa43b64b999f,3,,Me pareceu velho. O contato da bateria está enferrujado e não funcionou quando liguei. Tive que abrir e lixar a parte metálica que encosta na bateria.,2017-06-23 00:00:00,2017-06-26 16:28:33
629fffeb1ef6226ffda91cfde105be50,082c7986084072affce4f8c0a20a39df,5,,,2018-03-21 00:00:00,2018-04-02 11:31:40
787a452b54147f8f64737b1e040234af,0009c9a17f916a706d71784483a5d643,4,,,2018-05-01 00:00:00,2018-05-01 21:14:43
b8cee9378533d4b44a8d3d13c33a713e,01d0f6cd01d79574621a56a1b9e21019,4,,Tudo correu bem. O produto chegou antes do prazo informado e em perfeitas condições de uso. Recomendo a loja.,2017-10-03 00:00:00,2017-10-04 14:36:00
f25910172cec8625caad2d0659c9032d,0229bc966620f05d9d8fc29c704aa6ff,3,,,2018-07-29 00:00:00,2018-07-30 18:29:39
8970134d361e25daa1eddb853406d865,01ccc64a2b38fdb87c25cb1944934670,1,,"Comprei dois fones de de ouvido e só recebi um, ainda sem funcionar, estarei devolvendo na próxima segunda feira.",2017-08-26 00:00:00,2017-08-27 00:53:29
63caadb2dbbd0471d5f5c638a7988e7a,0380d4bc2621c9c80b674b729d4c6c02,5,,,2018-02-21 00:00:00,2018-02-22 01:45:33
ad14469f2392781f6cd830048f438e04,09f52f8bf94d5676c277ef72ec077c75,5,,,2017-08-25 00:00:00,2017-08-26 15:05:38
42a246c794c285de53f60a2220898bcd,0bf20dbe580a4ca2a717523e7bf6c610,4,,Apesar da demora na entrega chegou dentro do prazo e está tudo correto.,2018-02-05 00:00:00,2018-02-05 18:13:14
750e22e73b8420d20eb15615fd25580c,05b771d711b0fa6d8ca9f42c3cc29f41,5,,,2017-08-15 00:00:00,2017-08-16 11:31:37
72f46f7f115128b8909451da545c515e,069b0c9fca582b429e998f512a4c898f,3,,,2017-12-29 00:00:00,2017-12-30 11:59:31
d68b58c6ca07c6575ca6ca5571ee7520,05ca3bba2e4c3bc5c601b57af96cf3cf,5,,,2017-02-23 00:00:00,2017-02-24 10:00:54
ba7a3eb67716399c38061eeaddf868ed,01d601c4d70f016f1e32ee8e82d6d4c9,5,,Muito bom,2017-05-28 00:00:00,2017-05-29 19:05:27
3e2077f5e653f7feb84021b9aeae83a7,05297254c9e41d34c1a38f75ca8656d9,5,,Produto muito bom mais o prazo nao.foi cumprido ,2017-12-14 00:00:00,2017-12-18 19:59:16
13de33fd67cb2f1a941f7a0cd217d577,0025081dcf9330f9a5052ae82c6ce396,5,,,2018-04-06 00:00:00,2018-04-07 11:41:49
08a1b9ab2c8ef32b5771b6f3f0ce3678,0ac372f92fbec55ca27ef4fa99a6a13a,5,,Farei novos pedidos;,2018-01-25 00:00:00,2018-01-25 21:44:46
a50cfbc9683cb01373b6ab41c81584e7,0877034e4780ed6345f93f2c0e0d48ec,4,Bom,"Produto recebido conforme o combinado, tudo certo!",2018-05-23 00:00:00,2018-05-24 12:34:28
ed32418e8db1ae36650654ac40d861a2,0b82a32f3caec8e9157049e294486ade,4,,,2018-03-06 00:00:00,2018-03-07 00:25:47
17d8b3163ac20a9a72feb7cebb4b2725,059c31805aaf1f282276575595379050,5,,,2018-05-12 00:00:00,2018-05-13 03:25:27
9d69d3d0d3cebcc39eeadb453905388f,002691433f09002ac9ca0c4e8dbb8ead,5,,Chegou e está OK.,2017-02-08 00:00:00,2017-02-11 13:47:50
23475c0efeee1d2b07bc4690e5217301,01c139e11e826da7bf9782cf1ee904bf,4,,,2017-03-15 00:00:00,2017-03-15 23:24:11
a9c85105ebb8395741958f97104b5838,0562291f2b37f55cc259053d2230fdc5,1,Queria efetuar troca ,Depois que a compra foi efetuada desistir do produto mais não pude cancelar . Agora quero trocar por outro produto e também não consigo.,2018-05-10 00:00:00,2018-05-11 01:08:51
ba183cb54a04c2bb3ceaa454fe6646ac,0a8d9ed968d08daf5ef8a5cbf0bbe833,5,,,2018-04-13 00:00:00,2018-04-17 16:22:36
03829c850ab01575b7a96da448531319,0b84583d6c4780ec023cc037e77410d2,5,,"Foi entregue dentro do prazo, e corretamente.",2018-01-13 00:00:00,2018-01-29 01:11:48
9c5a6d4e25c5c677c6091dec19e8770d,09a38776c4e31230864f867821174daa,5,,,2018-02-17 00:00:00,2018-02-18 21:08:15
c3a9c486f5d88c848407644135b9c807,01a75ac3dd000b7628a684be97c29234,1,,COMO VOU AVALIAR UM PRODUTO QUE NÃO RECEBI,2018-02-08 00:00:00,2018-02-08 21:13:41
0342a4f8e2d6ff26d2978a2b4f835808,06263a9c3476eea0ca0fd70081bc7cda,3,,Não compraria de novo se for entregue pelo correio,2018-03-01 00:00:00,2018-03-01 23:56:19
1e52eb94bbc8f1761becda9b55b555c4,0618bf2e52dc2aaefd882d186558e642,4,,Bomfornecedor,2018-04-15 00:00:00,2018-04-16 14:46:15
1b398c5a99d445670df5f5536bcaa059,09b6cccc4166713f232f26db93a5d21e,5,,"Por ter ocorrido tudo perfeitamente bem no processo de compra, recomendo essa loja. ",2017-08-13 00:00:00,2017-08-13 23:10:43
7b07bacd811c4117b742569b04ce3580,00018f77f2f0320c557190d7a144bdd3,4,,,2017-05-13 00:00:00,2017-05-15 11:34:13
05898c635b2e1b93d868c1728df8aa95,02ce7f70a5c7a6b04c29a98b061d68b7,5,,mto bom,2017-06-17 00:00:00,2017-06-21 00:50:03
fab6aa1b4c382a27ae8625faa342c229,0ab7fb08086d4af9141453c91878ed7a,4,,,2018-04-14 00:00:00,2018-04-16 20:17:51
32921b4e09c9a19d61fe46ce04231b84,01f66e58769f84129811d43eefd187fb,5,,,2018-07-14 00:00:00,2018-07-16 16:20:04
aea672ac00b54c5ebbc7cb3344189ccf,07d395244b58ce72bbecdafbb1b60ace,1,Produto errado,Comprei um produto e veio outro. Devolvi o produto. ,2018-07-21 00:00:00,2018-07-24 00:16:10
64501abda3f658f417f89871e48a11bc,09ce422617b0ec4c246ceb2922ea1ea1,5,Entregue antes do prazo.,Linda peça em ferro. Compra tranquila e entregue antes do prazo.,2018-08-31 00:00:00,2018-09-01 01:01:28
770c2c8d31312c9bef213def9f75df34,021dac6e3120485db6a77474aa21b979,1,,"A empresa não esntregou o produto, a lannister enviou e-mail informando que a empresa não vai entregar o produto e não consigo cancelar a compra.",2017-12-19 00:00:00,2017-12-21 11:30:34
0e0a69b3130ca45352929c564f5ab35e,0199edc5b01351df8e73a674aa473ee7,5,,,2018-04-04 00:00:00,2018-04-04 23:03:57
a015cc06c920a479526c8b5f48ef99de,02c371100bf54facae80322579c7fefb,5,,Menor do que imaginava a foto demonstra que maior mas ficou bonitinho ,2017-11-17 00:00:00,2017-11-18 22:33:10
9a514d33dca7fc5220b041297ac44d2b,026a69b8c98fbfc61de9050c41f1dd95,4,,Muito bom produto entregue antes do prazo e funciona muito bem,2018-03-12 00:00:00,2018-03-12 22:11:30
f2ce501cae72a9fa31b87f6706117142,045acee11e62afca7764429c5710dac9,1,,Comprei e nao recebi....,2018-04-08 00:00:00,2018-04-08 13:44:16
4e12b16a718da8c55f85f153df42b9bc,09a12008dce38051d0f39f922b380e05,5,,Recomendo a loja ,2017-05-24 00:00:00,2017-05-25 10:31:51
9cf30ad0b8fd44a8d6f9acb8b5a43dcb,06debbd4d40f6d36dc28c4f7dc647c1b,5,,"O produto foi entregue de forma, e a condição do é impecável. É possível notar o carinho que eles fizeram a almofada pela costura perfeita e o cheirinho de bebe. Minha sobrinha vai amar. ",2018-04-12 00:00:00,2018-04-14 00:19:13
e1f383b37520aa2389359fc10a024d18,0cee13b4c26d8a1508693a49a3859285,1,nao recomendo,"o produto não correspondeu as minhas expectativas, comprei um esteto e recebi só o estojo.",2018-06-07 00:00:00,2018-06-08 02:06:04
377e6da209e91c34d92c0e5710cc0794,0a584a18a05ee90c0e3793bb14a9ad3a,5,,,2018-06-28 00:00:00,2018-06-30 23:10:33
6507dd4ed3991705315c72b4a9cec8fb,0abb65aa29ab57e5f52f657d22b47648,4,,,2017-07-13 00:00:00,2017-07-14 14:27:52
b451340372fe77d29e473c4d0818429a,0755976647cbb58f1c4aeabeed997490,5,,"produto de ótima qualidade e com valor acessível, recomendo a todos.
",2017-08-01 00:00:00,2017-08-03 23:00:07
a2037c0365ca231d18cd2f76bb22e4e7,040b9db3ba0a38c2c2b139d6604576c8,5,Excelente produto,Excelente produto funcionou direitinho.,2018-07-04 00:00:00,2018-07-04 19:28:46
c0f0e3a2e8957868617faeb9bff6f557,0c0432a85e60b5eae5f6b1e0c3ea9e0b,5,,,2017-12-20 00:00:00,2017-12-21 13:59:53
5373204e340f16043e14faf2eecd7d11,026d16bd3f41638e1003e974e5487904,5,,"Muito bom, Tenho pena que vocês não enviam para o Norte do Brasil.",2017-10-11 00:00:00,2017-10-13 22:44:37
178917725db1bf849dec13019be043eb,029e3b4c8e64bea4ba22e456cd1930a3,5,,"Entrega no prazo, produto de acordo com o pedido, excelente",2017-08-25 00:00:00,2017-08-27 21:47:40
49e20fc97efabcd919acc3793902ea18,0528d983de4118f6b36d55e407d24f94,5,,,2018-07-27 00:00:00,2018-07-28 15:21:33
fd08dddfb9370841fef93f86da18a3d1,0707e2f91c707859b79e711d852150c8,2,,"Não recomendo a loja Vitrine dos importados, não tinha o produto que comprei, entraram em contato avisando pra mandar outro similar. Fiz outra compra direto no site da loja e aconteceu a mesma coisa.",2017-04-15 00:00:00,2017-04-17 14:50:10
2f01e184f6941f28cd62242a0849641f,03d8ac7f462c593ad4ca1fe32c20cd83,3,,,2017-05-17 00:00:00,2017-05-18 11:54:25
b97775abcacf826e90ece42c12973942,0c7ea5e6e467f13639db3b35dcc316b9,5,,,2018-01-17 00:00:00,2018-01-17 18:48:14
57cef98ab665803d91c1cfd9ef4d7a89,0a327f9c209a8317bacc1f86dda65f52,5,Ótima compra,"O produto chegou antes do prazo, em perfeitas condições e totalmente de acordo com a descrição no site. Excelente compra. Fiquei muito satisfeita.",2018-08-03 00:00:00,2018-08-03 22:39:20
f018f0c6074ba4f219f9a51674eabf20,031177de64d3bb73364a5f3306551105,5,,,2018-05-08 00:00:00,2018-05-10 14:01:40
058bf7235b99d44cefc0359d3a2b325f,09fd9b0402ed675bbd1ee1e81171ac7c,5,Produto certo e rápido,Produto correto e entrega entregue em tempo ótimo,2018-08-30 00:00:00,2018-09-08 12:26:31
1e364417d579f43eb3ea4f4eafe289db,002af7fa9eb99d1456bceb6a13d6fc0b,4,,ok,2018-03-13 00:00:00,2018-03-23 22:20:28
9c091ee5d51ce56add4515d8e05b5c0e,0b40648d6c533ac73822cb32caf5cfa3,5,,,2017-09-15 00:00:00,2017-09-18 18:45:37
7b58ab9af058862a4c04fc829caa7251,016a938f2b34aa5ef05027fc83f5b81b,5,,,2018-01-31 00:00:00,2018-01-31 23:58:28
849b11a3bf8bb23980f79de258b58cf3,063f6b61015cb748333bd76ef0deac47,5,,"O produto foi entregue no prazo correto, bem embalado e de acordo com o esperado.
Recomendo este site de compras. Muito confiável.",2018-01-12 00:00:00,2018-01-15 15:34:53
6b2b6be95a8f710afbba4f3d8f6bd642,00f1c7c1542f5f86c3091749d9e939d8,5,,"Amei produto mt bom, nao sao todos pinceis cerdas naturais mais a maioria eh. Adorei alta qualidade os pinceis to apaixonada ",2017-12-27 00:00:00,2017-12-27 20:39:23
10153c6e8359f4e73f3a796cc033c96b,08322b6d209359f491acb1e5f89cb371,5,,,2018-08-31 00:00:00,2018-09-09 19:33:29
7c449392c607b86cd12c7eb751d7ba71,0bc2f31a926a812c0002115befdfdebe,1,,PRODUTO NÃO CHEGOU,2017-12-14 00:00:00,2017-12-14 09:16:44
a3db4bd42fac355b02616def92034d9a,06bad3a130e91f7b26791dba22abc0f5,5,,ótimo,2018-03-09 00:00:00,2018-03-13 11:13:38
265e6d99461ed7db35a7f48a00df7e6c,0504447548229e075dea8441b37b1e2a,5,,excelente aquisição,2017-10-07 00:00:00,2017-10-09 10:41:34
8278360118b83106ae74ccda2f674525,0558d3449b449e4da4a5793f542d0785,4,7,,2018-07-11 00:00:00,2018-07-14 15:22:36
5984f4cbdd0a64a065fdfc7bfb4f9a44,05ae7d6bd78e2a61f4c0076a9d690aa8,5,,,2018-07-26 00:00:00,2018-07-28 20:12:24
e8e4fbf06cebc109d453f4c7c6ddc49e,0a001a3fae4c5478fd40c669ab7c7f48,5,,,2018-05-22 00:00:00,2018-05-23 00:16:03
09205f7905d834e664c154b4f277c471,0519649fc6c78b0e228b6ea8e6767095,5,Otimo,"Muito bom, e rápido a entrega
",2018-07-25 00:00:00,2018-07-28 10:23:07
505c449d56a835e4a0beb4ab2d475bdf,05b3b36808b4c685d4a2753ad6fec9a3,5,,Bom produto...tudo certo,2017-11-22 00:00:00,2017-11-27 11:52:13
f00b44cef61c7ab5684d7f7f19806c76,0a6e8d7b7db627f4863678eba2a98eef,5,Excelente!!!!,"Super recomendo, ficou perfeito. ",2018-07-25 00:00:00,2018-07-26 00:43:35
38df60295c11344f0dd213f6a4b55740,0c986e5002868d137f566b34fb183827,4,tudo ok,tudo ok,2018-08-04 00:00:00,2018-08-04 20:08:18
de622ecbd471d6b409ad21eadbaf3088,08fb5d31021fb887ce4ab33b8cdb804e,5,,,2018-08-29 00:00:00,2018-09-01 00:13:56
076b220e7e26204fe4afe27632279c9a,017dcb6892d4469a13dee34f241f8c4e,3,,,2017-11-23 00:00:00,2017-11-25 22:07:36
45db7279aa5059b91c57b334273055b9,01699d74ff89d35f15093f83d7783c39,5,,,2018-05-06 00:00:00,2018-05-07 00:38:36
f9dc1e05e8b8efa6af2a6bd92992ea01,05c882a9c704a528bfbaa15fd8805d43,5,,,2018-01-30 00:00:00,2018-01-30 23:57:52
c6f396499b8be4942f569048f61e27d8,04396584556ebf06343678f29cb10832,5,,"Eu sempre compro nas lojas lannister, sempre me oferecem outras lojas para comprar, e as vezes recebo até mais descontos. ",2017-11-01 00:00:00,2017-11-03 11:48:46
552fa0089a53d872f6614cdd94fd5fd2,02521a906b13fc8ff9314bf88adc31ed,5,Amei ;),"Relógio rosé lindo e robusto, um pouco pesado em relação aos relogios de outras marcas similares ao tamanho, muito bem embalado. Cx de madeira, NF é garantia incluso.recomendo",2018-07-21 00:00:00,2018-07-23 20:53:00
6253a27e35c7c147bc019f67e1b6d3c4,06d614f169d6f1a04c85b382d4bd462c,5,,"Perfume excelente! A loja, super recomendo!",2017-11-30 00:00:00,2017-11-30 20:30:34
abd6b3598a54961d10642d6f1df7492c,05fcebb08e5f6447834c6593dcec9c81,3,,,2017-06-02 00:00:00,2017-06-02 14:42:42
5c5498e7235333a7d12722c623ea58d5,064314e503e36ce3869a9901434fc6f4,5,,,2018-08-25 00:00:00,2018-08-27 15:53:07
2035ef3233d051912ee3302018703b4e,098252064bc68acd5911a587b58b2cc4,1,,,2017-05-11 00:00:00,2017-05-14 12:27:26
dbcc8337677aaefa8a711819880d4cf9,0b82d0616f1ad8da15cf967b984b4004,5,,,2018-08-10 00:00:00,2018-08-13 20:52:22
a49b895a288f4ac63b617bd77844c338,08b54ba8454bed7d08802bc62e33fbc4,5,,,2018-06-16 00:00:00,2018-06-26 17:56:47
8eacc880c8a3839d25ee4f832fd083c4,07fbc4f433fc8754c492bc6dfb0b1c52,4,,,2017-07-26 00:00:00,2017-07-27 20:11:16
ed90272bfebd71826ce6620baff11b03,004b62108b876867938746ad3154167f,5,Muito bom fornecedor,Chegou corretamente e antes do prazo! ,2018-07-13 00:00:00,2018-07-13 22:14:40
76819285580691b11de8fcf55c74f7ed,04a1e228e53006582fabe65a7767258c,5,super recomendo,"ótimo atendimento, o prazo da entrega superou minhas expectativas, o produto chegou muito bem embalado sendo preservada toda a qualidade oferecida pelo fabricante ou seja sem defeitos ou quebradura.",2018-05-19 00:00:00,2018-05-21 14:03:18
87e2a75e23485157ab0786d9094ea5f8,021d35119e0e191a4fa47715d479b6f8,4,,Muito boa compra,2018-03-17 00:00:00,2018-03-19 09:57:19
a210b49f209b44c805f4d11476234daa,07a75ef36022ad882d61416543b23c54,5,RELOGIO DIGITAL,SATISFEITO,2018-05-23 00:00:00,2018-05-28 18:01:35
e51e845c4d2bd39118699d95684878f4,0989631de28d3313632d2c5f34a71f57,5,,Veio como eu esperava produto muito adorei recomendo a todos!!,2017-08-08 00:00:00,2017-08-13 03:14:53
b6cb3817d609e80a0ed2c4fc9583e9ec,00ba414462370af2d76195d12e0d5481,5,,,2017-12-17 00:00:00,2017-12-18 12:18:53
358058d8b57d1a621d6fdb039f71a3c1,0c7e21efc59802d22c10a8fd7d3501ab,5,,,2018-08-29 00:00:00,2018-09-03 10:33:14
ef9ba46ec63a6c980d046d0e18b1db43,0176e50f3853fa068127afa3daff6402,2,,"Tapete Infantil Formato Margarida Dupla Para Quarto
Conteúdo da Embalagem:
01 Margarida Dupla 1,30m x 1,18m
No site constava o tamanho acima o recebido é de 0.77x 0.60cm super pequeno não gostei",2017-12-30 00:00:00,2017-12-31 11:43:30
a89c0db7dc16543a1d7567d4145eca42,086928951ba74a6682919fc942c458d0,3,,"está faltando 01 item, gostaria de saber quando vai ser entregue.",2017-10-08 00:00:00,2017-10-09 18:01:46
214727c7112e82a4e70d9e883ad00de3,07dedb9d22cef1af1540ab753c537c4c,5,,,2017-09-24 00:00:00,2017-09-24 23:07:15
2820a27cb81757fc08f3241188130070,0078a358a14592b887eb140ef515f5ab,5,,"Muito lindo, ficou perfeito na minha cama.
",2017-11-22 00:00:00,2017-11-22 22:04:37
146414b06d9564755545de241ab1a3fe,0ce94e50ed7d28e7856f3d127990d17c,5,super recomendado,"A cadeira chegou bem embalada e antes do prazo. Recomendo as outros compradores
Vera",2018-08-10 00:00:00,2018-08-10 18:04:13
2461a38e639fc91af62ec215890ee9ce,08ee999a47fad7aab826e8604eff09a1,5,,O stark esta de parabéns...,2017-06-06 00:00:00,2017-06-06 23:09:35
e94ce6518de2ccb1289fc10c498735c5,042a2a13d31a166caca991455002fe1a,5,,,2018-03-30 00:00:00,2018-03-30 23:59:45
48625edf6669a88563f5bff5158bbbf1,08504a0dce0a3cd13b3f7971d29fb991,4,,"O produto não veio com qualquer manual, mesmo que em inglês explicando seu funcionamento. No mais o produto é satisfatório.
",2017-11-09 00:00:00,2017-11-10 02:13:55
e3bbe2b34fc6ee19b6b0c6f8db864845,0c06719338eba9ad30362c43bad76d87,5,,,2018-07-17 00:00:00,2018-07-17 18:55:24
fed9c690cc582aec9a3108042b4418a8,0c70293ae727a4e81099ec24e6190342,3,,,2018-08-04 00:00:00,2018-08-04 19:07:08
afe659e4d6a440cba555cb108d8b8abe,07156fa55794dec196d72e6d8b07339a,5,,,2018-08-28 00:00:00,2018-08-28 20:16:42
1a285b7b23eb3c79ae4dc322fc609e8f,068d0d74dbf3b124a2b65bb2aad2387a,5,,,2017-08-29 00:00:00,2017-08-30 12:34:05
0c130a90c27e43298824b3155e809063,04b21593198275390ded3d92c6d9fd6a,3,,,2017-11-30 00:00:00,2017-12-02 00:56:47
4251bcdbfe1c2b461e04df903e3d5436,0396488303af9f0a78feb9ffa7e48949,5,,,2018-08-02 00:00:00,2018-08-04 21:44:50
0b46bea5910486f294455e008e7f4dff,07b93986d3989da936b0f9dfc9ab8972,5,,,2018-04-21 00:00:00,2018-04-23 11:58:52
ff6a974d76ad43c73bb2a1287af02e54,0152f10d04554388634b75f079f069fc,5,,,2017-09-23 00:00:00,2017-09-26 13:12:41
ef87bc123cc63a4663d024b076f63149,06addb9b5cc9c47e661a6eed12276418,2,,"Além do atraso do produto, veio sem manual de instrução e como sou leigo, tenho de me virar para instalar o transformador",2018-03-30 00:00:00,2018-03-30 16:37:32
f138a07c01ef4f1f4e4e55f66b747b6e,0901f97cdb91762c043d2330c81919a4,5,,Chegou corretamente isto é importante da confiança ,2017-12-08 00:00:00,2017-12-08 23:00:31
4f8ea8193f535f0bda1de5069d449691,0a6fa9e79a320b107d846fdf76af5901,4,,,2018-02-27 00:00:00,2018-03-01 10:29:34
211fa81a22870cc634265ea85b751e40,03caa2c082116e1d31e67e9ae3700499,1,,"Peço por favor verificar a entrega do pedido, pois não recebemos.",2017-10-18 00:00:00,2017-10-19 13:10:39
2d52541042f716378f73f4e0ac685e6c,0681ba84087325819dc1f41d4f79701d,4,,,2018-04-11 00:00:00,2018-04-11 19:12:08
38921c05fd2135d3c8ea44cb46489cc0,03b9c1e9a4406645c06dde26f4a704e9,5,,Muito bem atendido,2017-03-11 00:00:00,2017-03-13 23:53:27
e0dc8fab5795424a7804391737854036,032445a7ba9d6dc90dfc011a48e5c954,3,,O produto foi entregue antes do prazo! Parabéns!,2017-07-29 00:00:00,2017-07-30 00:51:49
4137535d0428b18614003a4ae87df665,0bd66289bf194ff3edb0841291f58da1,5,,"Muito bom recomendo é Econômica boa de usar na pia, minha esposa gostou da torneira. ",2017-04-29 00:00:00,2017-05-06 01:06:16
67b32c7d475f02d5722e4c682e148bd2,02b7cbd604df10c09427902dc682b0d3,5,,,2018-03-12 00:00:00,2018-03-15 10:37:33
be25a764affdb3f5ae8d60d18587d459,0b277c8a59b6fac83b512d46a575c8cc,5,,,2017-06-22 00:00:00,2017-06-23 21:30:58
7f02afb0742a2db54aa20999744bb935,0b50495c5cfeda8c9d7abfe80aea74e4,4,,,2018-02-07 00:00:00,2018-02-08 00:39:52
8ed8b84117127bde20d83b08163a485b,065c05543ebdfd79fb629b2b4a6ab904,5,,Satisfatório!,2018-04-04 00:00:00,2018-04-06 14:16:43
43b57183443a4f51dd3ca7093fe1048c,0a2da53685ead0fd45e8609cabf19f5b,4,,,2018-06-22 00:00:00,2018-06-23 17:59:27
00130cbe1f9d422698c812ed8ded1919,04a28263e085d399c97ae49e0b477efa,1,,"O cartucho ""original HP"" 60XL não é reconhecido pela impressora, consequentemente não funcionou. Além de ter chegado com atraso de mais de 15 dias do previsto. Preciso que seja trocado. ",2018-03-07 00:00:00,2018-03-20 18:08:23
376a8e7348f6f3250bbea7b1f2745d94,03abe0f86b91213bd62793ca180b232d,5,,,2018-08-01 00:00:00,2018-08-11 23:23:38
2e705dddeb84f768c5a62f055cb22e03,04c35d9b971c2df38635b6c4a1983c35,5,,"Muito bom o atendimento ,e muito seguro e grande confiabilidade , fui um atendimento vip.",2017-08-05 00:00:00,2017-08-06 20:24:58
2644ce5e6ebf852f33671cd474f15eef,07cbb7b6d1c67566a892673386b5bb9b,4,,,2018-08-28 00:00:00,2018-08-30 21:30:05
e4bfdfdfa014200544b14131ff33194d,0911316604300fefa8aef39f81380c66,5,,,2018-07-11 00:00:00,2018-07-16 13:10:57
77ce5a097bf5eb06d2fc051d969fe0eb,0bd8de09c6bb3ea2457b00aef3b682d1,5,,,2018-05-15 00:00:00,2018-05-15 15:15:44
ed9d8647a150ec10df0c85513200bdd2,0c162a9eb881c1a8a2e5bcec41cd2cfd,3,,"São toalhas mais finas, porém já esperava por isso, e pra visitas inesperadas são ótimas.",2018-06-26 00:00:00,2018-06-27 13:35:29
4bc23bbcf933cf9437b205ff0be80d3c,0ba4f7e89d304a02edca85087abfd14c,3,,,2018-08-31 00:00:00,2018-09-01 02:54:00
c97a9791ae651d85c75a27e9df56d7d1,00bd2cb7e9076e1ccc9f766fc01a4cfd,1,Cartucho HP Genérico,Cartucho genérico sendo vendido como original.,2018-05-01 00:00:00,2018-05-22 18:23:54
220fb247572a0281a4c35bc114b5ee9d,0cd631e2d8ce9cf21c9ebe5b44f3a8c2,5,,Ótimo produto. Atendeu direitinho.,2017-12-14 00:00:00,2017-12-15 02:57:48
3133785c17e751f13ec45232cb93d508,0cae2524ce4d7c4658153705a054c722,4,,"Excelente alcance.
Só acho que o foco poderia abrir mais.

Entregaram uma semana antes do prazo, muito bom!",2018-04-19 00:00:00,2018-04-23 13:20:34
65fdf805ab0f482008c713eeae6a065f,0ac320cb8bc861f5745b6406074d960a,3,,A caixa danificada colada com fita a apresentação do produto não ficou boa,2018-06-07 00:00:00,2018-06-09 19:33:11
df74ea212b51b7eb6427d6deeafea1dd,031e7d4e559a1bf08e71a419aa998d0a,1,,"Entrega realizada quase dois meses após a data prevista. 
",2017-05-13 00:00:00,2017-05-16 12:05:08
edc7ac11e8e280a6898c6035d6b4e058,02358a9949662b292e80635305dea78b,5,,,2017-05-24 00:00:00,2017-05-25 18:29:43
6fe7703dfd7c424c185bb9fa304e42bd,035d66b23a4bba74f8119f9ebe3458ee,5,A greve geral prejudicou ,Mas tudo ocorreu dentro do esperado ,2018-06-07 00:00:00,2018-06-11 04:39:34
59421067f8108c7b8c4a87e0770ed3ea,05086b5a715c97d1971784b6ae899a6d,4,,,2018-07-01 00:00:00,2018-07-03 23:02:37
8b9c20a773458cb2677630794d2f43d8,0aa1d9509ae8e0c76c03ad7ba91dc81a,5,,,2017-05-26 00:00:00,2017-05-27 09:11:25
1946690d311632b916f24327657d293f,0b32bf55276b5feb681f6ed6fd670692,4,,,2017-06-29 00:00:00,2017-06-30 10:29:30
35f26611c00c2632ba92df91ef05229e,002834535f7a609a5c68266f173fa59e,5,,,2018-08-11 00:00:00,2018-08-13 11:34:35
f0929a53fa913931c91d9ed93b9b3b42,0756f4ba0fd88d3e50c7ae0d66edfb4c,1,,Estou esperando o meu produto já tem mais de 10 dias e ainda não chegou na distruidora de Juiz de Fora. ,2018-03-25 00:00:00,2018-03-25 16:46:46
22f40398d46dfd05666f7632235059a6,068687bed88cddd9705b861e5ff18fec,5,Muito bom,"Chego uma semana antes do prazo, paguei na terça na quinta feira da mesma semana já estava na minha residência.",2018-05-11 00:00:00,2018-05-11 23:46:21
0e61097c34dddeb24c71b3e346b11631,05b6dcf764ce18df76138d88dba0aa7d,5,,Bom,2017-10-18 00:00:00,2017-10-21 00:41:34
690612e4dcfd8c05865ded2c6da079d2,0807b732c1e7621078473cec87389c8d,5,👍🏼,,2018-04-27 00:00:00,2018-04-28 00:33:46
381208efd477e6b63c7787b2fdbe2e25,0bfe55f7a11b408e6519d50eb874b331,2,,,2018-04-22 00:00:00,2018-04-22 16:14:28
a17a58abebc8a78d7b2b2689e15f39fb,031530e9ab00574597b21443baa61f08,5,,,2018-03-16 00:00:00,2018-03-16 21:51:26
4718385cd25d6f8c8d55e17c65a6ce2e,0c84ff9c3089de63fcc506b71018c31d,3,,Boa,2017-07-07 00:00:00,2017-07-08 11:36:40
df09047e6066285684559518adc9e6c1,090395e4f947097290d8bde7125fe883,3,,Demorou um pouco mas chegou,2018-02-22 00:00:00,2018-03-01 13:16:35
8b6e0047fdac5b80331b7121817bd127,0ce15b4615f37580142c31f7da6147e3,5,,,2017-08-04 00:00:00,2017-08-07 13:54:36
df1195c72bf8996f3b3974344b671941,036ff362f1e7465c0ecad8f54b2e6c06,5,,,2017-12-31 00:00:00,2018-01-03 13:12:32
03c271eed6e359e8bb82c4c438ac0338,057b58254cebaa14e712b7beb7bfa9a8,5,,,2017-07-08 00:00:00,2017-07-08 23:10:15
c969bc755e621ef0d6560860890b9f64,0a72bb193c65199cdd69574aac533a83,4,,,2018-06-09 00:00:00,2018-06-11 16:47:30
7cf64fec752763f7c5c94c17903e4925,0c5eda39e0658b7d2c514e27dd287cad,5,,,2018-05-17 00:00:00,2018-05-20 20:36:55
5115758d8fe089a8638d1506065ff40a,0b1e280f28b576497838ec7684444971,5,,,2017-10-18 00:00:00,2017-10-20 10:10:44
437f9255b1b02cd4e7c656b3e2a911f1,0ccad283af81aa4910d7cd1e092326d1,4,,,2018-03-15 00:00:00,2018-03-16 11:01:00
cab77355bbb04d55276d35a2bbcf2d27,05728fca024954ba1ce915ad5c94991f,4,muito bom,"rever o prazo de entrega,",2018-06-16 00:00:00,2018-06-20 17:54:11
32401e0c6a804e4d02868f32a3d6f3d2,08b3dc9205759c9df94d231f6257b344,5,,,2018-02-08 00:00:00,2018-02-08 23:18:29
5d33da3d85806d330fbce84f50597a51,0bec54b12e30ef962cea0714ea592545,5,,Lindos os panos de prato. Acabamento bem feito. Amei.,2017-10-31 00:00:00,2017-11-02 19:53:15
86714f82a12c9f136e1fc871cccf4a13,0359f367ef22ad541b0bdc484158be09,5,,,2018-08-18 00:00:00,2018-08-19 20:41:55
0be07054d23f0f335ee4d15f4ee9886f,04730e3327a051a939ae815e14e482e1,1,,"Produto de péssima qualidade, ja chegou com o cronômetro quebrado e os botões com defeito",2017-12-14 00:00:00,2017-12-14 22:19:09
3c9afba479723cd8aeebc7649665ef6a,0735913c4b3a961b5988041799a7543e,3,,"Eu recebi o produto pelo metade paguei por dois e recebi um
Eu queria saber como faço para poder resolver isso?",2018-03-09 00:00:00,2018-03-11 21:59:46
5b9ebea57f604aa69cabd760dc1f11ee,048d699adf41881d80ac3ed5f632a3aa,5,,,2017-05-09 00:00:00,2017-05-12 11:23:12
4a3b1433c4bdc1a5abaf1542e3b9e929,0b8e8a083ebc7823271b2618f31eb1bd,5,,,2018-03-17 00:00:00,2018-03-18 02:28:13
f96e11334318c5d80195a383b5c64d2f,02cb7027f3074adf1407706d712298f7,4,,,2018-08-18 00:00:00,2018-08-20 14:24:58
7adb642b2e90e4b6105da815066a6579,07bca5c8ae457c75c959c5e26fc04e3f,5,NÃO RECEBI OS PRODUTOS,ESPERO QUE ME REENVIE!!!!,2018-06-05 00:00:00,2018-06-05 19:00:12
cad515a82b5a6648c6c1b579ca8dc29a,045b7b7bf230ace5044f87ad5de18dd0,5,,,2017-10-28 00:00:00,2017-10-29 21:49:16
4cb916a9a99e35c07144d8c615089cf4,02d9d1d66bff41ffbce36cb7248351f3,3,,"Recomendo.

",2017-11-04 00:00:00,2017-11-04 16:44:14
b1ffaa4ec9f2cced7d2db17f2de2484a,02951078a21a2d9341ea16089a4d5031,5,,,2017-04-06 00:00:00,2017-04-12 19:15:53
22eeb8bd9ae0aca5971d08b457e0268a,0a1adbda846638d279cb086cd1d0cad0,4,,,2018-04-11 00:00:00,2018-04-13 11:24:42
f1d72c86d8801bdf634f944b525ee5e3,08edeac38b68f66bf2e8c3701badde1c,1,ruim,"muita demora para entregar, um produto tão pequeno.",2018-05-19 00:00:00,2018-05-21 11:55:11
550c21d2f7646d2fa7524ca6919cabba,0a3ff573ad87fe549fa3ce5c3f07b2cf,5,tudo certo,"Tudo certo

Acabei nao gostando do cetim, mas tudo certo com a entrega e o produto chegou como o esperado",2018-05-11 00:00:00,2018-05-15 14:32:40
362bf8ef5f6aefca0c65e3a97e2db452,045e848420a12f1b3dbcb2e6e375852b,5,,,2018-07-04 00:00:00,2018-07-05 11:28:41
ec4bc98fac6aa6233fe2fc75245a9286,0c139f0f63f0a404368637f931e98d01,2,,,2017-04-29 00:00:00,2017-05-02 02:48:58
b3988903560ce3164fdd5f27cd1bc17d,081bfb811c30ac2ba75d0013a7fc1d65,4,,,2017-07-27 00:00:00,2017-07-28 18:55:56
742fae22e29b9be4e30ecec9b419e6fc,08030370edeb35f2f91b73f09f76a49b,5,,,2018-04-24 00:00:00,2018-04-27 15:42:30
b9d8a199e10f294033195c7af48a7c15,0493cfcda1fbe4c59f584aeffa96c098,5,,"MOCHILA LINDA E SUPER CONFORTÁVEL..
AMEIIIIIIII",2017-03-09 00:00:00,2017-03-10 14:44:20
509665dab33bf689a4eacab44eea4230,0b9585496a9549d76a405252c9a5a027,3,,,2018-03-21 00:00:00,2018-03-22 19:31:57
a271b2bb16da84dec98e16cc47b14711,09dcf31f117fe39a78c3a166109c07df,5,Bom demais!,"A entrega do produto veio antes do esperado. A qualidade do mesmo é excelente, recomendo a compra dos produtos e a quem lê, desejo a mesma sorte que eu.",2018-08-24 00:00:00,2018-08-25 02:48:49
81d037f3c671f9525b78ca27359034c4,02624f7cd7272b3e027320023dbdc99b,4,,"O produto é de boa qualidade, muito bem feito. Mas é um pouco maior que o tamanho descrito, fica um pouco grande para 15,6. Sobra dos lados mas nada que não dê para usar",2017-10-26 00:00:00,2017-10-26 14:41:01
80ae9cd409fdc1622dcc80f44398f86c,0b6f494044b2d9b79bb80f785ce292b9,5,,"Bem embalado, facil de usar.",2018-04-21 00:00:00,2018-04-23 10:34:59
786c5f3c88630687d4a585fa5f0ae59b,0b4526b3cce3a48ec0506b923481cdfc,4,,,2017-03-28 00:00:00,2017-03-29 09:42:36
2d1188a2d2ee61107412d6f175d8733d,00fed9e582d5a3e38566872eec164ac6,5,,Lindo,2017-10-10 00:00:00,2017-10-10 19:05:50
7e5553ec57494e7cd98c3c95c1a56bca,0644bbc829f241622c4c83b08436c465,5,,,2018-06-29 00:00:00,2018-07-02 01:52:38
d1cd04b55a941c1cc121bd96e04f0e49,0ab421a822cfefda840345b69417962d,5,,,2018-01-04 00:00:00,2018-01-06 21:23:29
15832cfb59d8a5b8d76445c3f979c121,0a9a43ac5fe59c6c4bee2a8f9b9fcce8,5,,,2018-07-11 00:00:00,2018-07-14 09:38:24
912e8941d90f944ccf69a7f194fcf1b7,05457977f35122e71095989d738e4a37,5,,,2018-06-05 00:00:00,2018-06-08 08:38:36
8da5acdc2565178f11edb57558d6aad9,0097aafe2a01dd54e39888976160c377,4,,,2018-08-29 00:00:00,2018-09-01 15:44:44
fd38d6f01fd271864fcb19ace4928828,02119fc90b970a6b0f5f554659843ab4,5,,"Ótimo 

",2017-07-21 00:00:00,2017-07-21 19:40:58
6ebcff50252184bf668c6945aa5d941e,0828f00051736863b477ea7277ddda6f,4,,,2017-10-06 00:00:00,2017-10-06 20:16:52
5922cf4602cbde902bff5a0cfceae8c0,01f99c97a2034ffb373556e8fdb5c7cf,4,,,2018-05-17 00:00:00,2018-05-21 17:36:51
8bca75ecbfbae81568cdaa61f3fea0ef,09b6daf7c780e789668ee3b7f4bda1c5,5,,,2018-07-10 00:00:00,2018-07-10 14:12:13
4461b6ebd628456c3f6989776f6a779e,089f9bfea8386f4b212e2145f7ad563b,4,,,2018-06-02 00:00:00,2018-06-06 21:04:41
9791c9b6d2e7a3031c57e6bcba502f36,0494b383f6155152ea987dde9647004b,5,,,2018-01-13 00:00:00,2018-01-14 14:09:48
0bf4276724a6f9887fd68829e6e9776e,0ad366bdd2946abe259eb3095c953dc5,4,,,2018-02-11 00:00:00,2018-02-13 20:09:07
7570433fc70fe75412094bc765ae39b9,0b685cd6f272b410ca1a0cd1fbf0a548,5,Super recomendo.,Ótimo produto.,2018-08-01 00:00:00,2018-08-01 20:31:50
8d1f4df8afa2391767826667f1de96d6,0b39d78b430d574a6eafefe82c11b4a3,2,,A empresa é falha,2018-03-22 00:00:00,2018-03-22 11:55:39
eec969c4611d750ff696a726f3640530,0cabda713646db439e030172e3feea6d,5,,ótimo produto e entregue dentro do prazo estabelecido.,2017-03-22 00:00:00,2017-03-23 12:27:32
2c4a6442f6bb4318f31871f3fcf284c3,02aeeaf3075593045bf2f59a7109e2c1,5,,,2018-07-31 00:00:00,2018-07-31 20:16:40
f4d86332503ffa1aae5d6e617fd2f568,093dea0d5b7854e484d59d15b2243006,4,,,2018-01-06 00:00:00,2018-01-09 16:10:34
7ebc4385f34ecc6a4e33c4ec75384d84,086c6d64a23359add6c0488fbca20ccb,5,,Gostei muito foi rápido .e vou comprar novamente.,2018-07-14 00:00:00,2018-07-14 23:29:15
81c4070474d420a77a2254b8a5473f6a,0014ae671de39511f7575066200733b7,5,,,2017-06-08 00:00:00,2017-06-09 14:25:13
abcb14a1af0382d3bf18ebc4ecc51db8,092adae6d0744065b0482cb014c671c9,5,,Adoro comprar? na lannister.com excelente lojas. Estão de parabéns! ,2017-06-10 00:00:00,2017-06-11 00:16:22
f13230a6c4e5ff294e522f5c5ca106c9,0865bf48f1aecd458a5a2ff3211dee8c,4,,,2018-06-26 00:00:00,2018-06-26 23:01:56
addbb1aff8f4f2d40d6f00f3ac2deef8,03202c9906e9d1140a8ac3e15f4492e8,5,,,2018-08-10 00:00:00,2018-08-10 18:08:06
8217b780a5ec285d426e1d6d07f38d5d,00af53fdc2002f5b6a8f16db648e003b,5,,bom produto,2017-07-04 00:00:00,2017-07-07 13:38:34
d41f539f0409497c3ff6724c75a5d9cc,01c1644529b18608f086d2ff0f3b8181,4,Bom,"Ótimo, entregar no prazo.",2018-07-06 00:00:00,2018-07-09 11:46:28
14ad094e258f9c3d214557c3aa1ac83b,05a5771b1afac9163e7cc298fc97263a,5,,,2018-03-18 00:00:00,2018-03-18 14:30:58
be70d163e1ab9bbfa1afbb223d174129,013037c3f1773cc8fdbaf8ff54d8013b,5,,,2017-04-04 00:00:00,2017-04-05 11:35:23
2b4023a4238f44d839c415bfa841ad67,083715659baf44018ac67f7914b85cdb,5,super maximo recomendo,linda carteira do jeito que queria,2018-05-25 00:00:00,2018-05-26 02:00:18
402c81ecb02dd466b0f299e91d56380d,05ebeda0c1aefd787e0ddc914af75039,5,Vendedor prestativo,"Chegou no prazo, segui as informações, e tudo certo",2018-08-23 00:00:00,2018-08-23 20:51:39
0b42044a79530681be4f652b385af2e0,0bedd120ca5fc643805cd124f8805a86,3,Transportadora Merda,"A loja escolheu os correios como transportadora. Paguei frete pelo produto, pra o carteiro não ir ao local e colocar no sistema que foi e não tinha ninguém. Achei ridículo isso! ",2018-04-28 00:00:00,2018-04-30 18:51:33
e3a02877db36e66ec5c62bb5a7f83ac3,07adb4d17fca01935d0590d775e9569f,4,,Demorou um pouquinho porque fica-se ansioso pra que chegue logo. Mas foi dentro do prazo. Tudo ok. ,2017-06-06 00:00:00,2017-06-08 23:32:37
a2808c062142b87d4d0618e14cdc3e38,051d564ccb0a1e50070ac26704a2ba72,5,,,2018-08-31 00:00:00,2018-09-01 00:46:26
67c4224b422d5ce10f4da72c53344491,07c066e1f4929584a77a8be911a0997f,5,,,2017-08-15 00:00:00,2017-08-17 21:51:14
de23c38fb03573b2fd75e8099d50fa06,0136390286be8a34efdc801ed150568f,5,,Recomendo ,2017-07-25 00:00:00,2017-07-25 15:27:14
04c900db29776b7d2cea7662a78209a3,0bdb173bda4bf7e4109fe707c309252a,5,,,2017-12-10 00:00:00,2017-12-11 14:52:31
f6cf23b0ae34e186b00885141a6f008a,098e78dea9fc1a1e1e49c220f27dcea4,1,Produto com defeito,"Comprei duas cadeiras, uma o assento ñ encaixa corretamente e a outra veio sem as borrachinhas para acabamento",2018-07-12 00:00:00,2018-07-13 15:05:26
9f645bc3cdf2e51eb29930ebe73cf63b,0cbc979bd11d1ef1cc7c050a0442c715,3,,,2017-08-23 00:00:00,2017-08-23 23:30:27
55199a6d5cc80ab954d74fd0c0593624,04e452498b75f049f617f5ed7ffc0633,5,,,2018-05-25 00:00:00,2018-05-27 14:19:53
72e192af73a4e0e299c1242539d00ce9,07f6b1ad9ba4f7a4d2326adf7b8f517f,5,,,2017-09-01 00:00:00,2017-09-02 19:02:28
e326455c67b920d030777fca5a6adf71,099e239a7cce8ed6ef0905feb80808c0,4,,,2018-06-22 00:00:00,2018-06-22 19:42:31
5abda8bb637e0604cc54fa9fa6561bd2,06f0522e3c0dd8f8ea7a738176844f04,5,Entrega rápido ,Tudo ok,2018-06-30 00:00:00,2018-07-01 05:15:47
c8895855797fa891d36a4baf086e5d87,09245c021d29cc570d8d5ca0aefd0f22,3,,,2017-12-04 00:00:00,2017-12-07 13:13:43
d885b208efbaf52d2aa9121055edcc38,09abedc2c8793fa1ef3a6eb50a9587e6,5,,"Ótimo produto, chegou antes da data prevista.",2018-06-09 00:00:00,2018-06-10 00:29:12
a131febaf6521091e40b3f8f1c340f0a,0675ebb5c8a8506766f55599dd95c74c,5,recomendo,fui atendido satisfatorio,2018-07-03 00:00:00,2018-07-06 15:43:30
5e6588ade181121d6435af19291f97be,079f16689c29acb6cab92978e6af2137,4,,,2018-05-27 00:00:00,2018-05-28 21:44:42
fd9be073525e85fc16af8d3822a99993,03f51c9adce893f63936c5146701aa2f,4,,o tempo de entrega foi menor que o esperado!,2018-06-29 00:00:00,2018-07-02 12:19:33
065853e63fe965368a1eb826b5aadda5,0759ac0ac1a0c11ab13fc66564f4e112,3,,Faltaram 2 jumps que até o momento não foram entregues.,2018-04-18 00:00:00,2018-04-19 12:33:26
dc9f2703b47e7da8bd45a0a28ad25364,08fcde049d3ee404c83e486f4822a78e,5,,,2018-05-22 00:00:00,2018-05-24 19:24:17
ba0252394ceecca6d0e9803d75182eb5,002955b0acc63d04f6724a31967e82bd,5,,,2017-12-27 00:00:00,2018-01-02 13:37:52
91bf77d9b7f7d08360be98370ab4959d,02e827a9f1e829b50b81eb9e26588ed9,3,,,2017-08-19 00:00:00,2017-08-23 13:45:47
5b3f20d314d796e5bf4d2a16a8cf7e2f,09bb35a3939c3181b4a5619cb3918976,5,,,2017-12-12 00:00:00,2017-12-18 04:28:50
43cd8e2f7d766a8b8dfd8d87957b26b8,070b4a621a6d06dcff9122e5c04b353a,5,,ótima poção de compras e atendimento rápido.,2017-09-19 00:00:00,2017-10-19 07:59:31
f0e2d6f0e98b3b5fece3238d15a21938,08eef0ee40e395cb547563fc31ab1bd7,5,,Produto correto e dentro do prazo.,2017-12-20 00:00:00,2017-12-21 00:10:42
ea74232b6e4313fd4f88421fc529a21f,04f9ef79f6d6439da363d065445c2325,5,Óculos feminino,,2018-05-22 00:00:00,2018-05-23 03:03:24
3a3260cbfe6aee0ce55f8f09ad5b5c62,09d91c794f1841e2af74d07d08518980,5,,Meu produto foi entregue até antes do prazo vocês estão de parabéns!!,2017-08-08 00:00:00,2017-08-09 03:34:39
a4c9c5239e02e3b3b0ddb53cb6357b33,031f32fc546699a954d6d89cfe9ca029,1,,,2018-05-11 00:00:00,2018-05-14 11:07:30
00f0ed1d0af92c2ee93b9f60bba00bc1,09af242285bcc7d2f8b12ce33dcfcb7f,5,,"Chegou em bom estado, encaixou muito bem no celular, capinha muito bonita e fina, recomendo!!!",2018-01-30 00:00:00,2018-02-07 02:22:29
9e32f60cfa962e56096d93347b81fe30,08869d221628341d81a9dd18a07f625a,5,Excelente,Estou satisfeito com o produto bem como o atendimento e a entrega tudo certo.,2018-05-19 00:00:00,2018-05-21 21:16:18
bc24e75d928351f9a2506bdf6d928a41,037e725440b59939735ae0aff888a015,5,,,2017-12-11 00:00:00,2017-12-11 21:18:12
3798deef21d8f01980f0e2981b4406e5,0348f1ca72aa738d53f585b01fc676f3,5,,,2017-08-20 00:00:00,2017-08-20 19:57:16
7553bab8633bce24398c75f9411661f5,07bebe0626c8053ad425381fe0882655,5,,"Não estalei ainda aparentemente é muito bonito, só vou poder dizer da qualidade quando for instalar,, por enquanto satisfeita .",2017-10-06 00:00:00,2017-10-09 00:54:20
14b13dae5b13a5e64aa90f29a72def7f,0115f8bb1dc16d3fac863ce1deb037b6,2,,,2017-07-08 00:00:00,2017-07-09 02:20:19
af0e58c3f19b048d98f593c31daa128c,096d4376832d3c6a12a5b6815590a657,5,,,2018-02-27 00:00:00,2018-02-28 01:17:34
c58021a3ebd39b50c781ca6772ba2f02,0343fa2096b6d04743321f9b9f62c1e0,3,,,2018-08-25 00:00:00,2018-08-28 03:13:44
bcd218f49cdc7d2bf2b82c1b1832b16b,0b5130f1658aa7b154635cd0c097bd4c,5,Recomendo,"Produto de boa qualidade e a loja entrega até antes do prazo.
",2018-04-26 00:00:00,2018-04-27 11:07:42
724abe4b5fcc7a4b93dd6513705432b3,04fecddbcf23f16238f35a21291ab7d0,5,,,2018-02-16 00:00:00,2018-02-17 00:54:13
32a951f63db6d40354f96d3357a9eca2,052b83db5c313dc65a07dad376ab69b1,5,,"Fiz a compra de duas peças mas chegou só uma, sendo que consta na nota duas peças entregues.",2017-06-22 00:00:00,2017-06-23 16:00:02
0b3095e2eb281b01fe6e57e0ff6abb7e,06c31507077733735c9c4593fec6e386,5,,Produto ótimo.,2018-01-17 00:00:00,2018-01-17 20:35:07
8ed30ecbbbc2fcdf5979b03cd2119783,0c40dfe4127461031cfea37fb4c63856,5,,,2018-05-22 00:00:00,2018-05-23 11:32:15
3916b65b44b8a957e2b26ad68e4e6ab0,0bda8164c1a12b6a388ebec8559ee287,5,,"Recebi muito bem embalado, o produto é mais bonito do que parecia na foto e o prazo foi 30 dias menor do que o estimado no ato da compra! ADOREI!",2017-01-18 00:00:00,2017-01-18 10:55:28
2a26472681f8c8f52d6e1ce4f136bd02,036091098bdc85e780fc3594006276b7,5,Muito bom!!!,Produto de boa qualidade e entrega antes do prazo excelente!!!,2018-07-28 00:00:00,2018-07-28 21:38:11
25ab4a1590a942e69d9b3be2c203f540,01882618ede11253381513166b49429e,5,,,2018-06-30 00:00:00,2018-06-30 17:40:50
8cb0fce73190d6aa1872be4099d5ffd2,005e5166e99d1e4d0c4f808b0540ba94,3,,Ainda nao foi entregue o produto,2018-03-21 00:00:00,2018-03-21 17:00:59
ff13810e91ca2f2bb858ffbea71fc220,052ef5dcbed8fd1d4d01ba597103168e,4,,,2017-11-21 00:00:00,2017-11-23 22:20:41
292f3793e441e5340dfab126df380bb8,01c95de6d0852189b4d6b6d32a3c8e0c,5,,Entrega rápida e produto em perfeito estado ,2017-08-09 00:00:00,2017-08-09 19:46:35
c2c98eaa3a17955a1c32a2a8b9f99e60,06495b5a6aa3e4527e8c1fb34d47ea70,3,,,2018-03-14 00:00:00,2018-03-15 06:35:23
6656126d5cd931d877987a2216a2b679,00cb18db3d9c03f8386e7fc70cad2504,1,,A mercaduria nao fue recibida e nao te ligan para avisar da entrega. No app deles nao colocan a previsão de entrega. O que confunde muito.,2017-07-20 00:00:00,2017-07-20 23:50:39
fbf6c47eb2bdf019404e766fdf85cb56,074fe9591f975471a7aad1d0d6ff6db0,4,,Recomendo,2017-09-15 00:00:00,2017-09-19 13:46:22
2a902c5a5c90513703e7455c8b53d634,0955f133d0afa54f738fd6ac4c9bc83b,4,,Bom entregou no domingo,2018-01-22 00:00:00,2018-01-22 19:23:39
0f8177d7d9fcec218b32193cc9ac38e4,0611e51b65ca1c2274c5a2463141dcb6,5,,,2017-10-21 00:00:00,2017-10-21 16:40:38
2d378519c3104207e05d5803e9d36ddd,007beb35f98c075747e6fc4fd1c0cb73,4,,,2017-10-05 00:00:00,2017-10-11 12:02:15
96be6cf5c718a0f6e3b0ed8988531566,07cbd6088d2dc5108e16680fa00b7045,5,,,2017-10-18 00:00:00,2017-10-18 19:49:07
bca66479aff87a7b06716101f32e1f44,086700af881b71e5ef67cfc7ecf4a7a9,5,,,2018-06-16 00:00:00,2018-06-19 13:15:50
55466d420814a65da21f300ba70bcbe8,04127548fb3634e50ad03765c05cdc68,5,,,2018-02-07 00:00:00,2018-02-09 11:46:24
a2e8caa48a548a3092bd6da08dde08db,00d15ff0236872686e4899ed1ce680ad,5,"ótima, recomendo",,2018-08-22 00:00:00,2018-08-23 16:30:47
68f91341716c82352aeadc33a7a41dca,029c545413b10a6bd7540401f6eef0a3,1,Aguardando o desfecho.,"Ainda não tenho totalmente como avaliar a loja, uma vez que o produto foi entregue muito quebrado e não sei como será solucionado o problema.",2018-07-21 00:00:00,2018-07-27 14:01:29
d05d2d1408be42e8a1cf0f203a8f3ef9,01667048de265bad400b945f29b52526,5,,Achei king pequeno. Ficou curto na minha cama. O material muito bom.,2017-07-18 00:00:00,2017-07-19 01:24:43
9d38767b3e59fe1a15efe2cbdeb07aae,042d7868efeb34d5748cf9262016f6be,5,,Chegou antes do prazo. Ótimo,2017-09-14 00:00:00,2017-09-18 18:40:20
96d0e35d4d053467939829ffb7295a29,097d716d21f2b46bb265aacacb716dc8,5,,,2018-03-24 00:00:00,2018-03-26 10:51:38
7b36c01df5e00cd5e1179cd8e16c4606,0ca8aabee13c6aada48490f516f823a3,1,,,2017-03-29 00:00:00,2017-03-29 17:33:08
22a2ca5506a1b04bae0211f35d1bfee8,0356e39820a87bee3544a2025249451a,3,,,2018-06-06 00:00:00,2018-06-06 18:59:26
e68f86ff21523e9120f7866fc6095faa,0b7256a28d26d7203c9d269fa12709b8,5,,,2017-12-13 00:00:00,2017-12-15 10:36:31
08565136ef319cc93dbe87ea6338b83d,0572c29de369acbc110ad921d93d01a1,5,,,2017-10-11 00:00:00,2017-10-14 00:30:50
fcc8036cbc68c3a4a201572a174d1239,014176e9538672a32d2a9b73bf53a31f,4,,,2017-12-20 00:00:00,2017-12-28 09:58:09
20a002047e47a4ab4ba47d958ea161f2,0b30e59b6e985ef789c83d08753d59aa,1,,,2017-10-11 00:00:00,2017-10-14 11:38:59
d551da337adf573d0a25ebfd02e9fb5c,01d907b3e209269e120a365fc2b97524,5,,,2017-08-17 00:00:00,2017-08-20 20:01:58
9ecefce98a6fd7dcff61854b2d9af2c1,020500486b7211f5ef873ba8ffd58cd0,4,Bom,Chegou antes do previsto,2018-08-21 00:00:00,2018-08-22 06:41:33
c67b6b64ce9918b34ee189d09da322c2,01e1617e546dc1fd372e089ab515ae34,5,,"CHEGOU, NO PRAZO CERTO, TUDO CERTINHO.",2017-09-28 00:00:00,2017-12-07 13:06:46
93611e0327d6a1769d1e68cf3caa242d,0113affd907a209209ab08413bb54226,2,Produto não condiz ,"Produto comprado foi Moringa em cápsulas, a qual, já fazia uso porém de farmácia de manipulação local. Este que comprei agora não faz efeito algum.",2018-08-01 00:00:00,2018-08-02 20:29:44
a555fec0a2d54ccb104762e54f058603,00a250dbdb3153cc6ecf4d3f07ef6a17,2,,"Fiz um pedido de 4 itens, ele foi separado em 2 entregas. Só recebi 3 itens!!! ",2017-12-17 00:00:00,2017-12-17 18:25:11
691307dcb822788822652c6c0cd50877,016c6bb57a9de6b4e8f938fa6dde61b3,5,,Recebi rapidamente o produto. ,2017-12-06 00:00:00,2017-12-06 23:46:40
e99d4540312e9e9d9edc882e78d3724b,0cf51cb385fece307e53a5c7ec808896,4,,"Demora um pouco pelo preço do frete, mas chegou antes do prazo ",2017-08-24 00:00:00,2017-08-25 23:34:00
1ee1ab82bfc7812f9bc3fc13eed58c38,0aeb0613e8d42e1a7f122908bee18eca,1,,,2017-10-15 01:00:00,2017-10-17 13:50:53
22383fe465a6905882088baa73053bdc,035ab6fc3b7f9d16f714a337ee63b7be,5,,,2017-02-08 00:00:00,2017-02-09 15:36:50
213f7fe1b5761db34adf7b8369371df9,09322de5d2e4e4aaac983f73fe652f24,5,,,2018-06-22 00:00:00,2018-06-23 10:26:36
8c7f55332d4c1aebb3841dfd68ce34a3,0626a1c665314a1d0bf29ab063d5af74,4,,,2018-06-14 00:00:00,2018-06-15 13:45:54
20be1272e2f02a7d1e403b1853f896dc,01f80c40f143af17e50622fe26ca76c4,5,Fornecedor ótimo ,"Lindo como na foto.
Amei",2018-06-03 00:00:00,2018-06-03 23:36:13
e780cc21745c4f95184dc023d47f12f6,0ceec07de9db57c3d2ba32e4fa1fd8ed,4,,,2018-02-24 00:00:00,2018-02-25 13:41:58
ce4412017a282323544155abb5c4eba6,07b4d304ff7e33edf1f9e8a63768204b,4,,,2017-12-31 00:00:00,2018-01-06 15:32:48
d28dadae6398b459a81d87981cdd3d98,00a379dfab816a83741012b71b264098,1,Não recebi o produto.,"O prazo de entrega era até dia 08/08/2018 e até agora dia 10/08/2018 não recebi o produto. 
Completamente insatisfeita.",2018-08-10 00:00:00,2018-08-10 16:52:14
aa41f0be58b89125151931b9ea0374ff,0306b467a7c7d400d265b71cf6608e15,5,,,2018-02-10 00:00:00,2018-02-21 19:20:52
f327f4d8d10dbdf26edc2a8b417c1aab,0bfa29f2e2ca95b17ab75e7ecf1f9df8,5,,"O produto é péssimo, não conserva a temperatura do líquido e ainda fica quente por fora. Entretanto não o que reclamar da loja: entregou bem antes do prazo.",2017-06-21 00:00:00,2017-06-28 23:54:43
6d946839ffedb9a14f413bae0c16749e,00dc6ad47477b3b62d3c0acbe98a82a4,5,,Quadro muito Bonito. Fica perfeito em qualquer ambiente ,2018-03-16 00:00:00,2018-03-17 01:31:10
f8f959353d5937967e028608066483d8,0124f01177fc17cf20e1974621fd759a,4,,,2017-05-23 00:00:00,2017-05-26 18:06:04
c3efa601649c7cea2f53adf9291d847b,07dc1dc61c5ee9a1387069fec64b6663,5,Super recomendo,"Chegou antes do esperado.
Muito bom comprar e receber as compras tão rápido. Inclusive irei recomendar as lojas lannister para meus pais, pois eles vão precisar fazer compras para as ferias na praia",2018-08-09 00:00:00,2018-08-13 19:19:44
76e76375f85f230b1f5f17aaf9d81aa5,055a2893cb600bebc05a16d06e3de36f,5,,Produto de qualidade e entregue antes do prazo,2017-08-09 00:00:00,2017-08-12 13:12:52
e819923a5e6f153ab7ba0b4eeb583852,020f64bdb28111d057f49277da918771,4,Bonito mas mal acabado,"O produto é legal mas bem mal acabado. A xícara é fantástica. A base de madeira é bem feinha, mas no custo beneficio valeu apena.",2018-06-14 00:00:00,2018-06-15 09:44:11
d7b8abaaacfd0ef6700507a24f8a1fd9,07a0bc58f3b841724c5b8c649da441d5,5,,Tudo dentro do esperado,2018-02-07 00:00:00,2018-02-07 22:24:36
b9d0c63ca87909c067b3deb94280e078,0b2a86ad4de68092f2026ba5cdccc64e,5,Muito boa.,,2018-07-27 00:00:00,2018-07-27 21:05:51
9f3ad8715e87aaeea76013b930cbdf5a,066bb47ddf11dd2a74faed2b3d4d53ea,4,,,2017-05-11 00:00:00,2017-05-16 02:21:08
c9712307701b423fcc95769608f61dd5,0607a1c003c16725855f65d6b738028a,5,,,2017-08-24 00:00:00,2017-08-25 06:06:31
8269c14daf1a206f45a9194f7d2060aa,068b6cedb09dad00249cb7fc310bc067,5,,,2018-05-24 00:00:00,2018-05-25 12:04:26
7e95e1759cd33a290d055cd90f07b500,00d1289d5125017a90e528b5a7cee91f,1,,,2018-04-08 00:00:00,2018-04-08 11:45:40
efa71f49f51230bb0bae1933e5a12d4c,0229b2e398fde4545d32b5bb232973ad,3,Eu quero saber cadê mprod,Eu só quero saber cadê meu pedido que não chegou ainda ? Pois já venceu o prazo,2018-04-28 00:00:00,2018-04-28 04:06:30
fd74b8c05e0982c60e48bbc35fb56812,027b81ccdf72434e7346aafdf630ff31,3,produto é uma replica,em nenhum momento do anuncio o vendedor expôs que o produto era uma replica de primeira linha,2018-08-02 00:00:00,2018-08-04 22:42:14
8e4d827b1912b0a9721487a78a9f31fc,0132f39e8ad9b42ad2d41c847f44c0ed,5,sim,Muito bom,2018-07-07 00:00:00,2018-07-08 01:41:39
d499baafea9830ce8ead2fb83e4eeda6,0c311ce5790eb3a82cfaf0ab40840730,5,,"Vendedor amável, entrega antes do prazo.otimo muito obrigada",2017-08-19 00:00:00,2017-08-20 00:18:43
c33634ab39764d4bb034c93129ec7bad,0855f6a946e8c4bef27d0ac24e524554,1,,Fiz uma compra no mês de Fevereiro de 2018. o prazo informado no site era que a entrega ocorreria até 22/03/2018. Até hoje o produto não chegou na agência do correio. Como devo proceder?,2018-03-24 00:00:00,2018-03-28 01:10:05
4068ce36cdcdd5a298ed48715da043c7,097452f101cb19b0ccc80d3a980d9755,4,,,2018-03-28 00:00:00,2018-03-29 22:07:27
abe939f6254df037fe49b581ed238d0d,05147da86ae779803eaa2a5480010af9,5,,,2018-06-13 00:00:00,2018-06-14 01:20:53
4986c35b667d32cc795f6423d2ee9351,020e6f6dee3bdcf543b857eb97373956,5,,,2018-05-11 00:00:00,2018-05-12 17:13:22
83e6f9e063b42df8108055d31402dd0f,030475e22d114f70be1a265fee326192,5,super recomendado,ainda não testei se realmente graça em couro. finalidade pelo qual foi comprado. mas creio que não vou ter problema por isso já antecipo que esta tudo ótimo começando pela entrega bem antes ,2018-04-27 00:00:00,2018-04-29 00:21:22
f0e07992f10c33e5c675dddb11365db3,0ba555009a855c3f87f818f23b4ccdbd,4,,,2018-05-17 00:00:00,2018-05-20 12:11:38
1406dfdb4ed33a5d0f5401d7a249121c,088f6cd16a7a4bb22e9ab6dc417739c3,5,,,2018-04-03 00:00:00,2018-04-04 10:14:45
c4383ce06b1fe7d81939a1c8565da1cb,07ca34c2d97b99d913debf2866805373,5,,Meu filho gostou muito é lindo ,2017-10-03 00:00:00,2017-10-03 21:27:39
dc2986ec0f6f6b2238ba9b0c853d3e59,00335f75ea6a4455b524a8dd177067f5,5,,,2018-05-04 00:00:00,2018-05-07 09:42:41
23514b40878d26605845f73c817ae2ed,0a9814deb494ce0733321ca35f215a22,4,,,2018-05-17 00:00:00,2018-05-20 12:43:45
e51e193265ef5c02711037320fc15c7a,037578a0b32fa190a1fe9f1de5fd3f30,4,,,2018-05-15 00:00:00,2018-05-20 16:16:23
c4dc38eabb396d6c726b1576a4334008,0a02d8b1995030c91c63add1acba1fb2,5,,,2017-05-31 00:00:00,2018-02-07 16:12:27
322b4eb14f967189c32b1fc3ca48f0b7,033bfdc56fab7dbb0a16e655b64b620d,3,,,2017-12-13 00:00:00,2017-12-15 13:19:39
f9f14325f60232b10a7bffcc635cf1b7,062171ae61a088263fec533c7b4aadca,5,,GOSTEI MUITO,2017-12-21 00:00:00,2017-12-28 00:39:22
8922472ab9e2d3932f0720724d22a6cd,0224d4ce99f4262f9554d248dfad743c,3,,,2018-03-22 00:00:00,2018-03-25 10:57:44
99b89a27ddf3547e2bbca3a367bc7c9a,06fef28288938378d269904800db589f,5,Recomendo,Muito bom.,2018-08-30 00:00:00,2018-09-02 00:43:12
4f569c452132acc672b313c1e300bcd8,05f5cfec67106e59d6280f62c4792d25,5,,,2018-07-31 00:00:00,2018-08-01 00:44:33
8635a09606e99530186ef0fc118bf2c9,045eff272f42f0ae0191149686f193e1,1,até hj n recebi o produto,n chegou,2018-04-27 00:00:00,2018-05-09 13:51:14
0bb17fc658b379c9e172335001d5416a,0cd218949b04611711989a6b534d9a26,4,,,2018-02-28 00:00:00,2018-03-01 18:40:09
c9aaeea201b5f1797c3d247225e68082,096b267153128e0d7f9e593bba803956,5,,,2017-06-30 00:00:00,2017-07-02 14:33:47
909f547709f0490d934ac9427976e19d,0c436bbfd70e98c64bb73b3f23a78d23,4,,bom,2017-12-02 00:00:00,2017-12-12 11:48:54
48d4f43703e3c65cabcb9e33a3de206f,03d5b9a74ff46435640f8bd737ac2237,5,,,2017-12-13 00:00:00,2017-12-15 14:30:38
c8f2e48b848a6a7d41d21f25e1bc6e17,06c9818464bb97d2f13568dd66e904a9,3,,"veio ate rapido porem nao veio com nemguma protecao na embalagem,veio a prenca seca na caixa sem nada pra ela nao bater ou pra nao machucar algum componente.",2018-02-22 00:00:00,2018-02-22 13:39:04
ee23f96c6ae0babfe97073e0d3e0251f,0c5c8063a673f3c44b6499053e534ccb,5,,"Entrega antes do prazo, continuarei a comprar.",2018-01-18 00:00:00,2018-01-18 21:48:43
83fee197221a51c0cc34e297ed760985,01d5897e2c8a23b37ec65e0e72fbe956,5,,,2018-04-12 00:00:00,2018-04-13 10:13:49
ee19ce506c02c04d924f56e1fe0994f0,0b27e5029dd7bd0891b5da96fa33a93b,1,prazo,"apesar de entregar no prazo, este prazo é muito longo, não recomendo, além do mais o frete é um absurdo.",2018-08-31 00:00:00,2018-09-06 13:32:05
10879cd9e88c1aee8ecfa148381a4a16,035678e70978296fb0e7469a611c322e,5,,,2018-01-23 00:00:00,2018-01-25 23:16:33
03be068d961f38ad7bfd6918dc8e03f5,0ab0adc81c98426d2cde86ab2ba52bc3,5,,,2017-04-30 00:00:00,2017-05-04 18:31:05
3d37487cb850644e33ce167ad01acd87,097b96a18f0058373d0f5e3041a27f0a,1,,"Pra mim quando coloco um produto a venda eu tenho manda o produto q está a aparecer na imagem e não manda outro diferente, o produto q eu comprei e muito diferente do q chegou.!!
",2017-09-09 00:00:00,2017-09-11 20:39:41
09e73c4728b6052f2a9fd5ee7b6221f8,00611822267e76e0055c25c18506f06e,4,recomendo,comprei a família incrível em 26/07/2018 e chegou em casa 31/07/2018... me surpreendi!,2018-08-01 00:00:00,2018-08-02 12:49:34
8f63aa70931486e882265d8ed3d0d59d,0964250cecc3ab90b45138c9cbbf7b91,2,2,"Produto chegou errado, preciso que resolva com urgência",2018-05-25 00:00:00,2018-05-26 02:48:30
1796d27f40f0ccefa648a935e9feb721,041273e1165dd64068aa28edb4a0cf5a,4,,,2018-03-14 00:00:00,2018-03-14 09:58:54
9f402e937d15b4664948410079ab687d,0406037ad97740d563a178ecc7a2075c,5,,Tudo certo!,2018-03-17 00:00:00,2018-03-20 15:17:08
c86d431108482a9031e5f4b6311644a4,092ae7e7141e3d69ecd0935d97e14fd9,4,,,2018-02-09 00:00:00,2018-02-10 01:00:02
dae1edc2c44954a87f5a4169dcb95cfa,056857abb03503b756f596e42d86e10b,3,,,2017-10-14 00:00:00,2017-10-16 11:03:54
dde71bef7c9530e7f7d8f5dfff5800dc,07e4ea9fe9fcc49b673d7d3197b5da23,4,,,2017-05-26 00:00:00,2017-05-27 00:57:12
310a8cff23b1b786fe266d1b350b91a2,016b451bbcd4f0766dcbeb082cfe89db,4,,Faltou porca e rever manual,2018-01-20 00:00:00,2018-01-22 10:18:36
9ec4d9e3117f57e3a18d7040d2f21e50,071be1c98f3a6f467d8e472d94350db8,5,,,2018-08-14 00:00:00,2018-09-09 21:52:44
2eda15f09642c4ba89201f8dcb784d5b,0b6d11d4a289a1574e8888f2558dd548,3,,,2017-02-11 00:00:00,2017-02-11 18:42:46
b0960b79065af979ebab6d370719280f,0b20c9791c7a502fc70f7f542e9a1405,5,,,2018-08-03 00:00:00,2018-08-04 12:13:17
f43d9dd76e85a104860c1571af851c9a,0aba00d509b25a0a90084c7137a8cec0,4,,,2018-06-15 00:00:00,2018-06-16 02:57:20
ce6019e3e8b1c055a50061656b9389a5,0573f95b59b51f2d7d98d882d64e05dd,5,,,2017-10-28 00:00:00,2017-10-30 11:16:06
4d087b63b76ed1b96206024806169656,0b43acd81f6d3f30136133517a13b72f,1,,Nunca avia acontecido isto quando compro pelas lannister associados com outras lojas mais dessa vez ainda não recebi meu produto,2017-12-29 00:00:00,2017-12-31 00:39:30
cb6aac06bc8cd2ceffcd24ff3e3ff987,0a1d3041cccb0462981aec3f0b1ad106,5,,,2018-08-25 00:00:00,2018-08-27 20:05:18
d9871014581b0e8b0a43034c1aabbfe4,033ce22f1fb407d7cefcdf8d1121706b,5,,,2018-03-22 00:00:00,2018-03-23 17:09:28
8fcc04ff03b1e0b6c3daced075d03ce7,01fac9bdfa271bcaf57218f971649ab7,5,,,2017-10-10 00:00:00,2017-10-10 15:38:35
fbdfce55ea606903374130291ae187ca,0b29027a3a98807aea23a764ab594bbd,5,,,2017-07-01 00:00:00,2017-07-01 19:05:21
11cd3f9fd80f7b8a14f251451faf641b,082c2f05e569e5d095ac086461bef733,4,,,2018-01-31 00:00:00,2018-02-01 00:27:04
7370152802d71edbcc82d8810c87251a,0c83ae77e6509fbaec6d9ae8844ccef7,3,,,2017-08-09 00:00:00,2017-08-10 12:43:49
9c7988e42f6ca64c46824d6f610ab873,08f41db8292c5a8be5d68f0a18492781,5,,,2017-08-02 00:00:00,2017-08-03 12:26:06
e3e4a66d6b6a482c7fec9e6237a8236c,0778921b814304f85cb9188625e50625,5,,"O produto chegou dentro do prazo e em perfeitas condições, ainda não foi usado porque é para 🎁.",2017-12-03 00:00:00,2017-12-03 17:51:15
7c51a8b4d9edef358403390ae317591f,0323ff12c1df8a359930ac6b84a32653,5,,,2018-06-02 00:00:00,2018-06-04 21:53:54
5bbe559187a5362158dbe3cda22b414b,00ba57ae98928df6ba6ec9d3d8d4b1b7,5,Excelente,"Chegou bem antes do prazo, o relógio é lindo!",2018-07-27 00:00:00,2018-07-28 01:43:51
95aa16d51abe6916225a97c15ed0459f,009fa9bd0d92710e840793bfefa80867,4,,,2017-07-09 00:00:00,2017-07-26 20:50:53
9ac0d21c5a68db82057a8976875fa61d,0084e195fbd72ae51599af47f04afede,1,,"a Quase 20 dias aparece no rastreamento dificuldade na entrega, ja mandei mensagens e nada fora feito...ja esta em atraso de 5 dias da data prevista e sem providencia do site das lannister..
fazer ",2018-04-12 00:00:00,2018-04-15 15:24:52
2ed402a1fb8c1e5191b31522f25a20cf,033d674880f1edbb660161a0c672e9d3,4,,,2018-03-10 00:00:00,2018-03-12 10:29:00
71f692f468623dd0739b9ca3324cb7b2,09ca36d55d4afbcc785cf9def43c9078,4,,,2018-08-02 00:00:00,2018-08-03 13:06:30
821bae3ca898cef32e2008d57e50fe10,06b491ece3a9bd260341c1ad36870e8b,5,,muito bom,2017-06-13 00:00:00,2017-06-14 23:01:16
3fc3a51ee4c3103dbb5ec0f505703457,0a0e76ba55e310fd24657a1f532b97c1,1,Aguardando,"É a segunda vez que compro o mesmo produto, a primeira vez a compra foi cancelada pois a loja não entregou o produto, dessa vez continuo esperando",2018-07-22 00:00:00,2018-07-24 10:21:50
56353f678f1de411c49a62dd2ce45f5a,0167c361757c75999575cfdd8f8695f5,4,,"TIVEMOS QUE BUSCAR NOS CORREIOS, ISSO É DESAGRADÁVEL POR PERDERMOS TEMPO.",2018-04-11 00:00:00,2018-04-11 16:31:39
61ed7ae65839dfd8f9bab981339c1032,06e084d4ca3391eeec0a110051d0cb29,5,,,2017-11-07 00:00:00,2017-11-20 15:25:00
fd43bd1963e5b75f95c7cfdcf351839d,0629053d0e1e598c7a5048031e19e31b,3,,Produto descasando a tinta. Qualidade duvidosa.,2018-06-30 00:00:00,2018-06-30 23:06:19
ff346ea41982e73474510eadbda3f356,04778abaab7b4bdfb0abb1110f1eba52,5,,,2018-05-15 00:00:00,2018-05-20 20:59:22
82ce4cb42ae15e62b1d6e34d9a4d44b1,06f39c67a9d68f76a8bfdb092852829f,5,Produto d,,2018-07-10 00:00:00,2018-07-13 19:53:21
4a6fe747b677273c62254167e3ee2af7,0a511bcdd22a725ca670b0102ac0be73,1,,Estamos aguardando conforme o combinado a entrega do meu jogo que e pra ser usado no NATAL ! ,2017-12-20 00:00:00,2017-12-22 11:10:53
323f1cdaa6220ef0aa39eb1e3fb7befa,031bf6514694552e5b2967d02e4c42b4,4,,,2017-12-07 00:00:00,2017-12-08 13:13:18
dcdbdbfe422fa969511e44b9e06844dd,02bf0154cffa7eff0ce73027221834b9,5,,,2018-06-28 00:00:00,2018-06-28 19:57:41
011f1e2ec26785d96724be3856e60055,002611a77fe03d076285fd4ca95db77c,4,,,2018-03-23 00:00:00,2018-03-30 13:42:41
9aacbe0254ffcd747dd46c93b53e41d2,08225af20bcc4b379e2019b723e44a45,5,,,2018-03-08 00:00:00,2018-03-09 22:28:50
86579f76b24c76759cdbaf1bca0b7074,038721fd1802532dae558bac820968d4,5,,,2017-10-27 00:00:00,2017-10-27 19:21:09
570cd48b3af433e758691eac885dd5dc,0467205a89711e4ec8e70ef2277e3287,5,Perfeita,Estou muito satisfeito com a compra e o atendimento.,2018-07-05 00:00:00,2018-07-06 11:29:57
3ff5487ec20a2dbc4dbf9905db59f9a4,0830f0655920234ddca71663beb629cb,1,Não recomendo,"Péssimo o prazo de entrega,compro porque preciso,meu trabalho depende de agilidade e não ficar esperando a vida toda.",2018-06-09 00:00:00,2018-06-12 23:22:14
2ca312d4b7c2a461a7a7fd54ab335e29,076291ccc60bbd19ff77babbb78324d5,4,,,2018-08-23 00:00:00,2018-08-24 11:52:06
ef8a9e9722a9ce84cf5a0936b7264f09,014e78d1239f19fdcafd760d3e52f923,1,,Até o momento nao recebi o meu produto. Esta na hora de abandonar o correio que esta um lixo. Verifiquem com aqueles vadios dos correios se irao entregar ou nao o meu produto. Aguardo retorno.,2018-02-28 00:00:00,2018-03-03 14:59:02
5c699b90f6fe44eee21915c8dcd2f587,0411b9d67ebfabf519c3e47629e91e3d,5,,,2018-03-20 00:00:00,2018-03-20 21:16:34
df4e1e05fa40b3fff7574e386f904afd,01b330808c5819a6a3cb79b72f0b8288,1,,Até o presente momento não recebi o produto e não entraram em contato comigo para dar alga satisfação e fazer o reembolso.,2018-04-06 00:00:00,2018-04-06 20:54:22
91dfefa390a77b50c7329dadbbf60938,08d84fb0470993741ba4f7db2b3ac601,5,,,2017-06-25 00:00:00,2017-06-28 12:38:56
47a414fe6211b9eea6106bde9f5a187b,034a3d1faac58f35a7364de005209f13,5,,Vocês e um ótimo loja parabéns ,2018-04-18 00:00:00,2018-04-19 10:52:08
c056732a6988e79314d90e5c90b8d2cd,0473cdb86b1d6469287e484366a1a608,5,,"recomendo 100%
",2017-09-04 00:00:00,2017-09-05 18:28:09
4292fe6130db8a6a6c8f842fc8d90507,08c7d364923b6238c246df0fab24d907,5,,,2018-08-03 00:00:00,2018-08-04 02:35:16
98f0485f7caa3d7188e25f0ddf4ad1d0,09ad94cb221ea7d2ba569504ad446082,4,,,2018-02-22 00:00:00,2018-03-29 22:52:26
d62545edd3d95c2c17b4d927acd89af5,0489b618a9367918b686f03f0cdeec60,5,,,2018-03-27 00:00:00,2018-03-27 19:06:11
2394bfe9b2f255e1c2bf982c8c548bda,089842dfdfa1f3826df7d96896c49653,5,,,2017-12-21 00:00:00,2018-01-02 11:58:20
9ed6eb689e082db42c9244a3c68ad181,0be2b529a3bc3a0f53bf110c1f01eeb4,5,Ótimo ,,2018-08-04 00:00:00,2018-08-05 00:53:32
27ffb37f01062a8aeb87292405be9131,08cdab6e94bb86120c0041ba5ce8697a,4,,"Tudo conforme anunciado, produto de muita qualidade",2017-10-10 00:00:00,2017-10-10 15:41:50
6a317a8d5424c8fcb577450d1dbb0f84,0497899302217e8f8ea8645ac33c1882,5,,,2017-02-17 00:00:00,2017-02-19 19:38:34
7b57c89750682a468eddb9384aed38f2,0360de67db844d693e3060a8b79eac4b,5,,,2017-08-15 00:00:00,2017-08-18 16:56:41
33baf3b3ecb7808bba07489fe247dca2,09da806d72011e816e9242e6d24164eb,5,,,2018-03-06 00:00:00,2018-03-06 16:47:01
300396190614d563a0e4dc97535f71ed,0277fae7eda81470bf6c87dc570e267a,2,,"Pela demora não recomendo a loja,pois já faz um que comprei e não me enviaram ainda e nem uma satisfação me deram.",2018-03-11 00:00:00,2018-03-12 12:11:37
b03edca96ff38098ebf8d7ee710c9e00,01677846a819fff5fc22d43d61e58367,5,,,2018-05-11 00:00:00,2018-05-21 17:07:11
c614539ffaa06f60ce1a1a86426dd9b0,0c0c0f650ac2a2a5be13771662829d5e,5,,,2018-01-09 00:00:00,2018-01-10 23:24:23
56b72234d1cf6679740a00c5372c818f,0903715a744e53db0a04d441d50d22cb,5,,,2017-05-12 00:00:00,2017-05-13 00:26:38
8f31d047a83248796adf0bd3fc41c0c9,026b41054c5e6b7a4e94a971bb94193c,5,,,2017-02-12 00:00:00,2017-02-14 19:36:58
b2556221e72311ef6faa442c2a0aa6c5,04bf71feb2b6d5e4c9916677d56f6b80,5,,,2017-12-18 00:00:00,2017-12-20 19:54:20
f429b672b39b10be67b8e1b0cfa79936,0b52749edbf531f1eedb8226ae141b9b,5,,,2017-04-02 00:00:00,2017-04-02 21:02:04
5a0a46d5d1d87aa024daa79f838a20a5,06556f76bd21201c0deb015022757aa8,5,,,2018-02-20 00:00:00,2018-02-22 22:10:51
65d7172a7714c7e3f2b5f636925ad2b5,019b02e139cfcd97f93366f7a38f5695,5,,"Chegou muito rápido a mala, super recomendo ótima e resistente.

",2017-04-08 00:00:00,2017-04-10 16:41:12
90870d0a52a4a15fa8a63b6cd56fa613,047e0e88828680c6cd9c476d555823e2,1,Nao Recebi o pedido,"Olá 
Boa Noite
Até o momento nao foi entregue o meu pedido de capa para notebook que estava previsto para ser entregue entre as datas 28/06 e 29/06
Gostaria que verificassem o que aconteceu?
",2018-06-15 00:00:00,2018-07-07 04:41:28
9d8c5ae16920b10ffa7040249cfd7e83,08652363092b158440e2422e7c3ccaf4,5,,Muito bom,2017-12-19 00:00:00,2017-12-20 11:29:18
b1f96b28d574440dd844c95550f6feed,02c8bbea821df770f3665094a0ecfc1c,5,,"Entrega antes do prazo previsto, produto simples, mas dentro das especificações e com preço justo.",2017-10-10 00:00:00,2017-10-19 11:38:22
91573d5fd14bcce85a7f767826df4ba1,0985a44f5d8e8bf1d6a48717584cec06,4,, bom produto,2017-05-11 00:00:00,2017-05-14 12:35:07
0de1257accba20f7a7abbae570be52c0,01ac6cbac1cda667c97d35046b75668f,4,,,2017-09-19 00:00:00,2017-09-19 20:41:54
b8649d1d77a8a0e3730232a8fb6bbd3d,0286e258217733541e80588e29c208c1,5,,,2017-10-22 00:00:00,2017-10-24 11:41:37
63602d1a0f1a329aeb18bbf8296c09bd,08791ec24b12af5af099ce45bdf3a396,5,5,Chegou dentro do prazo esta instalado e funcionando muito bem.,2018-04-26 00:00:00,2018-04-29 01:01:06
6ba1193e91ebd7593d20b9cb59eb8994,0bb96548fdaf9fb98f6a72c4936a54d1,5,,,2017-08-04 00:00:00,2017-08-06 23:28:12
00abed2e8c66d956327a71d094f2fb86,09e3a74fe474342885a70d1b2452c1e2,1,,AIND ANÃO RECEBI O PRODUTO E PASSOU DA DATA DE ENTREGA,2017-10-06 00:00:00,2017-10-07 20:18:07
63cd213d883aa73faa7c68444405ea3c,0bea7c54ed17281e684c8bc1191e0272,4,,,2017-03-18 00:00:00,2017-03-18 21:49:41
a68c75857eea8b51e9e2dd77674c8be0,0a5862d87bffd3cfdc0615c7aafcf408,5,,"Recebi o produto antes do prazo,Eu ? essa loja.
",2017-11-22 00:00:00,2017-11-22 19:18:39
696d188c4b63c89ddf651e74f1399fb1,0cc217cdcf3d4c3aec8a027679e21f89,2,recomendado,os parceiros da lannister são ótimos mas ainda estou esperando o produto que comprei ,2018-07-05 00:00:00,2018-07-09 12:35:04
a91fc1a06f7a858d61a7001d673b01b9,087e4c8f6ced94c453d434e9b2490e69,5,,Compre a vontade,2018-03-22 00:00:00,2018-03-23 01:44:26
b3bfc23b7b6be2cfb44936c97161e288,0c573af818c3b5409a2255629eec2ad3,5,,,2017-06-27 00:00:00,2017-06-28 03:25:29
397312c9f147d1a22bd3108f1d5dd42a,00571ded73b3c061925584feab0db425,5,,"Gostei muito, sempre que precisar irei comprar.",2017-05-31 00:00:00,2017-06-01 00:46:57
1fe40fc20c79ffd8dbc05d50bbf657d0,094fe0ffb99d42aba8ca2a6b65a8921e,1,,O produto não foi entregue e não obtive nenhum retorno sobre o assunto.,2018-04-12 00:00:00,2018-04-12 11:34:32
900f79cd6f50fc3f13f1b40e5b4f0c6a,0cce12b5e68a55914cd38b40985f7262,5,,,2018-02-10 00:00:00,2018-02-10 18:21:05
ac4fac52621dcc402a8c7b9e6a12f838,067410a773ded180052ac522f139ab41,5,,"Recebi o produto dentro do prazo e é o que eu esperava, recomendo",2018-01-14 00:00:00,2018-01-14 16:50:54
5cb33274cef7409dcf18e56f4fb79c66,00f2c876aa08fbba04199823952e96c1,3,,,2017-04-19 00:00:00,2017-04-22 10:21:21
6730a27ad4ee4c728863976b189c0d8b,0324ca9d12ff99bc4d2421530c376ba4,5,,Recebi bem antes do prazo. Produto lindo !!!!,2017-12-06 00:00:00,2017-12-07 16:59:30
ed255598a83e668ca7177614456ecc01,05ac54e2c004e051fa139f2efc01fadb,5,,,2017-08-12 00:00:00,2017-08-13 01:32:01
bec5c503b1c72567688df5493016cdf3,05f99bfc5053a88e0955bea396422a81,4,,A tampa é bonita tudo como contratado.,2017-11-22 00:00:00,2017-11-23 09:37:15
54adef4b14a94b081b5b5e0606bee348,00ec95a58b63378d4cc06d196cdefdf6,1,,"Eu tinha cancelada a compra, mas mesmo assim me entregaram",2018-01-04 00:00:00,2018-01-04 23:25:32
d5346a5b8665ad1139f2d7384498731f,0b9bb234d95f41600497d59b42087c39,5,Recomendo,Chegou antes do prazo e ainda veio um brinde,2018-08-30 00:00:00,2018-09-03 12:29:44
200a29f129d691db2cbdb494644c6677,0412b784548c0bf8cc35073f13923e2c,4,,,2017-10-12 00:00:00,2017-10-13 04:11:59
1f55a9b6196ba46099b4b1a71d983e91,07bebda8aee4b9a600d9c2c1a73f93a5,4,,Como das outras compras não tive problemas.,2017-11-08 00:00:00,2017-11-10 17:14:03
d855882f6116270bf5eb3ab0aa39f7b8,08783e3047d2cdfcccfcb9ee5b45772f,5,,Gostei muito fiwuei sagisfeita,2018-03-08 00:00:00,2018-03-11 12:42:09
fa493ead9b093fb0fa6f7d4905b0ef3b,02e0b68852217f5715fb9cc885829454,4,,Gostei e entregou rapidinho,2017-12-01 00:00:00,2017-12-03 21:57:31
382a51d158ceb127f42175c6a35092d5,0cd0bff6841594d9006994fcfbf3e44b,5,,,2017-08-17 00:00:00,2017-08-18 11:30:38
27a894ac7d70600fd49d2ac3b910e65d,035201c3c82a97f8a25dd6bd5244b2d5,5,,"A cor é muito diferente da foto.
É uma ótima mala pequena.",2017-11-22 00:00:00,2017-11-23 02:14:56
64dbfa35f6ab30a639ebb1ad6cbf1ce3,052514b6411113b9d1d289f49bf414e5,5,,Recebi bem antes do prazo. ,2017-10-25 00:00:00,2017-10-25 14:49:28
f02112b16bfb454f23f9eafe200b1340,0762fe35b71987563f8771eb6d14938f,3,,"Já realizei outras compras por este site, só que desta vez não fiquei muito satisfeita com o prazo de entrega,muito demorado.
Boa tarde",2018-02-15 00:00:00,2018-02-15 16:08:07
1a7a8703dc9416ea6fd26fc4e048727c,05e28a6a1994b77257df51a5e304b6ab,5,,,2017-12-08 00:00:00,2017-12-11 12:20:04
f667a1ad7db09a06581897e75a0459ff,0277e2828b1b5735351d7818e6658ed1,5,,"As vezes encontro problemas com os parceiros do stark que prometem uma data de entrega e não cumprem, mas nesse caso a targaryen está de parabéns. Recebi a encomenda antes do prazo prometido. ",2017-09-15 00:00:00,2017-09-16 23:50:51
1e1e0f31f8c19f4645439223c44f657c,0191b6a5a70bcbc6cdd39427f216602e,5,,,2018-08-28 00:00:00,2018-10-16 14:57:27
c8f6133958093a396ef5271cc9171e54,0641880e7059ec426c7e6f8ba1585bf7,4,,,2018-08-21 00:00:00,2018-08-22 00:45:47
b3dcedadaed163a8399075eadf60581c,00276d5c3491fbf55305e26891040df9,4,,,2018-03-17 00:00:00,2018-03-19 19:34:18
77c21509e2097c5df90c095e03c41a7d,012ea594e035047289b3e7c3f8b90cef,3,luminária ok,precisa ter a descrição do tipo da lampada no anuncio. é 12v 50w filamento que esquenta,2018-05-10 00:00:00,2018-05-11 01:53:45
5c0b7e34ed85ec659bb064902d878e7a,0005f50442cb953dcd1d21e1fb923495,4,,,2018-07-05 00:00:00,2018-07-05 23:17:04
1e631c9dd775acad698ebb86771361fe,0893d3e08dffcc94ba62238512c798b6,4,,,2017-10-14 00:00:00,2017-10-14 17:02:11
be4e16abeb792466bf0e7cf98623402a,0cda834be88c6e549a9895efe5e0b49f,3,,"Fiz a compra e chegou apenas o filtro , já o difusor estou esperando até agora pra ver quando vai chegar",2017-09-26 00:00:00,2017-09-26 22:06:02
82588c155bfa9331acb3f976fe040c4b,00259a44fcad3fc0474329e925d14fc3,4,,"Otimo vendedor
",2018-01-05 00:00:00,2018-01-07 21:46:43
732bbffa2c5d7f0f2b924aa0232d17e3,0a2407e0197d11314604cf01105f648c,5,,,2017-10-25 00:00:00,2017-10-26 11:48:57
e076faff1bdd8b749bc32c1a8542a128,06450a9849cb4a8c2f3bbeba9995b64f,5,,,2018-01-27 00:00:00,2018-01-29 18:06:15
9170923fe27ba8ffa5c7114a254e6053,0ab5ed0d546ae59a2b1f18acd5b6ec9c,4,,,2017-11-28 00:00:00,2017-11-29 05:13:18
18a7fade66acb1662a5ccf2a4f75b02f,0c41d48612bf91d5aaf2dab6c0f3a3dc,5,,,2017-12-18 00:00:00,2017-12-18 22:27:04
63c879304d1263b1dab3243a9c53439e,09581168b7c3d1c4480d4ba7a8437bdd,3,,"Ainda não usei o produto, mas a entrega gastou 17 dias para chegar! Ja comprei na lannister e chegou super rápido esse achei que demorou!",2017-12-19 00:00:00,2017-12-22 02:25:14
c40697cd942bc451716960beafc2e2a1,05be03ef1c99159686f59d8a51dd17f9,5,,,2017-11-08 00:00:00,2017-11-10 19:12:38
2814f166cd4a8d568be714001bb721c7,081857a1fe99545a55e83b3b1e8a8ce0,1,Pedi de 1/2 e veio 3/4,"Minha opinião seria se o cliente pede de 1/2 e só tem 3/4 não mande, há mas faz o mesmo efeito, mas o gasto com redução e maior e não fica bom. ",2018-05-03 00:00:00,2018-05-05 22:19:13
079835317e90d397b9ed686ac4e26cbc,016726239765c18f66826453f39c64e3,5,,chegou bem antes do prazo estipulado.,2017-06-17 00:00:00,2017-06-20 11:17:47
b4b441cdb8593ed66acae7d0d4e39dff,0c57cbfd927d9e62af8beee6d48920b7,5,,,2018-08-11 00:00:00,2018-08-13 20:22:06
f47a5647e4c0e53ccc638ee259740237,0cc893e70885ba7fc151e85141326ef5,5,Engradado,Muito bom,2018-08-18 00:00:00,2018-08-28 22:37:14
2ec906efefca036c48d88a5132ba171f,0c72cafc6d5d60d98d052051a2b028ad,1,,Produto ainda não chegou,2018-03-15 00:00:00,2018-03-15 05:13:20
d9b722049ec66167fc2d25438c08950b,065ac4b340bafd4f6bee041c63e10aef,3,,,2017-06-14 00:00:00,2017-06-19 01:14:49
b22755dee9b32d3bf417057778c079d7,09a21347537a52507220515fa4516fbd,5,,,2018-02-21 00:00:00,2018-02-24 00:55:15
6ffad4529023feec060cac74cbc88c7c,0368b1d608cf0cc5246c6110754d8fee,5,,,2018-01-18 00:00:00,2018-01-19 16:09:39
93854fb1aae5a2dc88618c1dc743fa37,01b6d15407d425529cbf0ec96258cb84,2,,,2018-03-31 00:00:00,2018-04-02 14:56:52
07664fd6bf5b5dd5ea7a79812775d2ae,0114835d7f0b3f674b70a989411e31c1,5,,,2017-09-05 00:00:00,2017-09-08 18:13:19
0e1054902ada74a718fad1b1463db3fe,08ea0cc26c8036f1c6c510e72f468000,5,,,2018-05-01 00:00:00,2018-05-02 21:16:22
393d4ccebffa1f16690ddd3b0f8081ee,06ed17679c8b0ff15675069ab6217783,4,,Apesar do atraso...Recomendo,2017-06-04 00:00:00,2017-06-06 19:03:43
9e98484625ab9d49072a184e72bcdb5b,028369515408fa864cfe50091d4e76c5,5,,,2017-09-13 00:00:00,2017-09-14 14:17:23
a255c1249960fd41cc75c59f8ba8ab1f,070f532c26f2505352210937089dfc79,5,,Excelente amei ,2017-09-21 00:00:00,2017-09-22 01:46:14
f8352324132b07d990c090c7fe8868ef,055eb7e5645d86bd278fc4f419622e8d,5,,,2017-02-03 00:00:00,2017-02-06 18:05:22
dc5a8d609cb82d781bfb5f008b069a04,0b8315fe345e3639eb0a1a2d6e122d36,4,,"FOI MUITO BOM COMPRA COM VCS,FIQUEI MUITO SATISFEITO COM AGILIDADE DA ENTREGA E ATENDIMENTO OBRIGADO.",2017-10-18 00:00:00,2017-10-29 17:55:01
ca800ec1a0ef65ad0733536124e911a1,0bfef24c6be372da610fb6c17ca1dafc,5,,,2017-12-14 00:00:00,2017-12-18 14:10:54
e7a6a374e32ecf6209e231e5ed7b2f2a,0260196efc012b1f83d543ba8220d0ee,5,,,2018-07-28 00:00:00,2018-07-30 12:55:16
d52df85a4d0ff5d28d7b848379f6e3bc,0cc9e18508708774c1c956cd3ad9e910,1,,Produto não foi entregue na data do combinado.,2018-03-31 00:00:00,2018-03-31 09:33:45
ca7cf7ce57b3dbd7ac2e3c23efa5e9c3,0743d4433cd56bbd7b36287a05f94e10,5,,,2017-06-17 00:00:00,2017-06-18 00:35:15
91b7c2898136ebfe5eef5aaabc0ccca5,044d4643b22cf71e768701acd9fc55ef,4,,"Produto chegou antes do prazo e cumpre bem a função.
",2017-07-13 00:00:00,2017-07-14 11:10:22
a36f38c7d205ba63c2fbc501686d9e9b,09944d214dbe0d92666178941a674632,4,,,2017-08-30 00:00:00,2017-09-02 01:04:10
17d55fb8aab1b4e415ec62dc8291b765,07da984520cb8c0de39f0b96b92c08f6,5,,,2018-04-11 00:00:00,2018-04-11 23:01:10
f68992d881bda258c42ca26cea30e7c8,029b2daf51dda061aeb1cf32c9306db7,5,,,2018-08-16 00:00:00,2018-08-19 02:23:02
38025b51b3d52fd096ce5c1ba6cbef58,0be2a2a52adfb0963b9bb86b3b668b90,5,,,2018-05-22 00:00:00,2018-05-23 22:43:27
f5fe40ed7fbeb5ed1205fa9a996aa3a5,0616463c44a86e8478f9b065e17d7c65,5,,,2018-02-07 00:00:00,2018-02-08 10:32:08
3e3bda1b62e8f4dec35845a50f9ef251,0a38b7de941db65679a11a300f782703,2,,Loja demorou um tempo inaceitável para sequer postar o produto,2018-02-23 00:00:00,2018-02-23 10:22:26
bddfb79c4a2c46e81ccc9b7c9fc95408,0b4379c15168b7275dd2ee52a06f4294,3,,,2017-10-12 00:00:00,2017-10-13 16:58:21
9152b4cbaa6e6da01e9f0d4a91703569,018fb228a3dd1a16349e73d2e41b239d,2,,"Produto com codigo correto, mas a impressora não reconhece o toner.",2018-01-27 00:00:00,2018-01-30 22:19:22
49e29d6a603a0a22d725bc7a6c337937,0c9c2a32f57d7b49bacbe81e5534cbba,5,,,2018-08-15 00:00:00,2018-08-16 20:04:32
3d2d8e622f6cb484cad37e95b9a0655c,02c13bb9b84866055ea2074cc6a83a16,3,,,2018-07-11 00:00:00,2018-07-14 02:08:02
f8863aa88e43aca1f5e88308a625d5de,0c9999fe81fb2cb90e1f0456c15759e2,4,,,2017-09-26 00:00:00,2017-09-29 16:45:14
2eca1a882efae35dd7caf61551c0569a,02f8584bbcb3aeae87d8e697737fb5b1,5,Excelente! ,"O prazo para entrega era de 14 dias úteis, chegou em 2 dias! Muito bom! ",2018-06-14 00:00:00,2018-06-17 01:19:16
970bad97e7019dbd4a4987c1cef1afd8,0536f0244395bde3fde4212b3f4d64c8,5,,TUDO SAIU CONFORME COMBINADO. OBRIGADO.,2018-06-28 00:00:00,2018-06-28 17:49:17
7bb7907be50a19fe668c2b00b2483587,086986d3fe34c0417a41f76b14114fec,5,muito bom,Produto muito bom e resistente. Entrega antes do prazo,2018-08-08 00:00:00,2018-08-09 00:56:21
6f59fe49e325d2ff33a4deddea6dad7e,00ace652c8a5072670f30674e5f19844,3,,,2018-02-20 00:00:00,2018-02-20 21:57:49
75725da7cb7b6bf2b59aae6a15847e83,057bf0876d1b4a1d8b70b8f3e74e8763,5,,,2018-01-25 00:00:00,2018-01-25 23:16:06
ae21eba5e65c4b38b8ee2cf9e544283b,019bdbaef5b5121c9b1811976aa510a5,1,não recomendo,"Não veio as duas mercadorias pedidas, apenas uma das unidades foi entregue.",2018-05-19 00:00:00,2018-05-21 18:02:17
9c01d29282d21ad5ab4385a71c53ec85,0646e0e4885dd8c69dddd6b2742b3b1b,5,,"Eu recebi mas compreo o produto errado,queria ver para poder trocar. obrigado",2018-02-22 00:00:00,2018-02-23 00:46:12
61d37d0493b0a3f3bacd45fd91c21a76,00a0116ff15ff973ea16bee881208ae7,5,,Funcionou perfeitamente no meu ar portatil springer 12.000 btus,2018-03-04 00:00:00,2018-03-05 03:50:11
ee0508c8eaba946c71c900eafac1d961,091119d8eee03ee2736786df622f1e81,4,,Produto Bom resistente e fácil de manusear. ,2018-03-21 00:00:00,2018-03-21 18:09:57
50db10cbaa3f76513bad9e60af0f4bb4,0a245a02fe848f9fe7d36aba3f785d78,4,,,2018-06-14 00:00:00,2018-06-16 22:22:14
3ec75e95fb8b14acaf6e47909eb5c980,0372d2e3d0ac2600aa8e08e6c46cb7dc,5,,,2017-10-07 00:00:00,2017-10-08 13:24:03
e5ac22a2976782899db628aa781c93a4,01f67ca8027e959060afd840aa06f465,1,,,2018-05-27 00:00:00,2018-05-27 09:52:50
ee12b5e33b78e69920c5869141a37287,058c781acedf69d42ac38a568ca97b05,1,NÃO ENTREGA DO PRODUTO - ,"AGUARDO ENTREGA DO PRODUTO OU DEVOLUÇÃO DO VALOR- COMPROVADO EM 02 PARCELAS - A PRIMEIRA SERÁ PAGA EM 05/06/2018, NO CARTÃO DE CRÉDITO",2018-05-30 00:00:00,2018-06-04 20:24:12
8bed6958acd24a6b959a23a6b0fbec4e,0094d4660e323945f84f5c29eb348aae,5,,,2018-02-06 00:00:00,2018-02-08 23:23:05
43b4616ef0782696f8d9854e0a8df78d,0cd27a304d5325e6b68ff9895525e09c,4,,,2017-06-22 00:00:00,2017-06-22 23:13:46
6ce2c486adad69ec68db3ee3a436417d,090967205f5215e5d3053cefdbce5aac,1,,"Meu PEDIDO ERAM DOIS PNEUS, e só foi entregue um. Estou aguardando o prazo de vocês, mas gostaria de saber se é assim mesmo. Se chega um e depois outro, pois só recebi um. Aguardo retorno. Obrigada ",2017-04-12 00:00:00,2017-04-15 01:45:20
647b2ff24c7fe4948bf95197a8264e4b,03e707d64a286c3fbad59b8c89cafd95,5,,,2018-04-18 00:00:00,2018-04-18 23:21:05
bb51c33b71e7fc71f2679e1c76509ac6,0580802ab0d4809dc16b4c9002c01a27,4,,,2018-01-28 00:00:00,2018-01-28 18:57:46
eb76aea7bc3d231d3160d07af2c18f22,02b8fcdd1bd75d7d5861f407dde29768,5,Ótimo ,Muito bom o atendimento recomendado estou muito satisfeito ,2018-06-03 00:00:00,2018-06-03 22:46:43
b86373798517925381cc9981431a2d89,087a471c766adfaa11fd61670213b4c3,5,,Comprei p dar de presente e os noivos amaram! Só ñ recebi no prazo pq os Correios estavam em greve. Recomendo o produto e a loja parceira. Parabens lannister por respeitar o consumidor!,2017-05-09 00:00:00,2017-05-10 01:42:33
45bc0ca8cc9a26eb02fe95e013e352da,0923cc4965fb98b0adcc8a7c6ee32f7c,4,,,2018-03-21 00:00:00,2018-03-22 09:41:15
55a60d584169979a5e876c3e64006cba,04d0a4d84d5dc9cc343ca4d0e4120a4d,5,,,2017-05-30 00:00:00,2017-06-03 17:35:28
8c672ab47d9f45e8dff459cfdf4e865f,0be284f82e07ecf4a437f85b82ba09cf,5,Super recomendo,Produto de qualidade e entregue dentro do prazo,2018-06-22 00:00:00,2018-07-03 18:09:34
f512be27cf8e8d592a53deac93d195c3,06f5f6139b33f53defc64643f1252d53,5,,"tudo certo graças a Deus, stark e lojas lannister sempre dando um banho de competencia em todos os sentidos, muito obrigado assim que tiver mais promoçoes estamos ai para comprar mais produtos, o",2017-01-31 00:00:00,2017-02-03 11:17:20
35085627170908dfa13c5bbcc3c150c3,0b5a860df8a893e7020960b28cd67196,5,,,2018-08-25 00:00:00,2018-08-28 16:01:48
d7930f91ba84abcdf7a622cd8ca92305,0406b335284c621b052c06d972ab7626,2,,,2018-05-10 00:00:00,2018-05-15 00:07:13
2afb8b2ca07fe42704c2728149939f4e,07808f3f87407774955a7ceb2f4fe5d2,5,,"Foi bem rápido a entrega, fiquei muito satisfeita. ",2018-08-07 00:00:00,2018-08-09 21:41:38
bbdc6843953ee889fecd2a223660fad0,0a0e91f265e0c09af322a473351b61d1,3,,,2018-05-12 00:00:00,2018-05-13 03:03:02
36eebeef293f303691496054db3ed9cb,056a1317ffaefaa2dff2d9ecb54fc7bc,5,, Comunico que recebi o produto que haviam cancelado pois o que realmente comprei seguindo os passos da entrega chegou no dia anterior.. Quero saber qual procedimento para devolução .,2018-03-09 00:00:00,2018-03-09 20:47:23
65cd92b8a99d36262b8d85d10ffc57e5,0cd4d3d4e2831e2089f43b6d7402c2c7,5,,Feliz com o atendimento e rapidez obrigado,2017-10-28 00:00:00,2017-10-28 23:34:28
4aeb2ffeea254f598874f6248274244f,01f7d29898cf7c5fcb583a2a29508202,5,,Tdo certo com a entrega ...,2017-12-20 00:00:00,2017-12-20 23:58:53
0c0069e8c9b21fe6b5703b41b6e0ed8d,0617fd3db51fa6cbebde41b9bd34b406,4,,,2018-06-16 00:00:00,2018-06-18 12:46:54
6e614d60498a651da49ed75e23851f39,05fd18ef3ce628a45cd42bb394ff081b,5,pinceis,,2018-05-15 00:00:00,2018-05-15 20:08:11
8d145448b02e5546abe6c1848b9aff81,0544d7932387565226ae96a9ec8c03c8,5,Recomendo!,Excelente material. Chegou antes do previsto.,2018-06-14 00:00:00,2018-06-19 17:09:01
58b68053a676fdf1d4106e0daf65a0e9,012b3f6ab7776a8ab3443a4ad7bef2e6,5,,,2018-05-13 00:00:00,2018-06-01 16:04:43
b738027f17e1e99d1f28383e84ed8948,0c7a17af18a4180dbfee261ce22edb69,5,Super recomendo,"Entrega extremamente rápida, satisfeito com o serviço!",2018-03-21 00:00:00,2018-04-29 16:30:39
7428934dc38633d863711567fcc1d567,002c9def9c9b951b1bec6d50753c9891,4,,,2018-05-19 00:00:00,2018-05-21 19:39:17
b56f67be922a00943a4de6c8dcbe2483,0cc53a27cb4eec43723454e212e469cc,1,,Não recebi o produto,2018-03-23 00:00:00,2018-03-25 13:47:41
624042c5c8e440d121e3fe4c15e1d7f2,0c5229491f40a024f07dacd49b445b64,4,,,2017-08-25 00:00:00,2017-08-26 00:55:17
7d32e7a3bf94535d91db0bdbd7134099,09859a28d56f326d009da66f7d02e99d,1,RECEBI PRODUTO ERRADO,"Comprei um varal de chao de 300,00 e recebi 1 modelo que custa bem mais barato, a empresa nao retorna e-mail e nao atende telefone e o stark nao se responsabilisa pela transçao feita no site deles",2018-08-14 00:00:00,2018-08-15 02:41:02
07882d9ee65f4249d37eb82b512f506a,04ebe10a05b6cb445e27b34f29a01c1a,5,,,2018-08-28 00:00:00,2018-08-28 22:11:04
2262182cbe03e4cdd35dd0fa4b997a94,0890337bc4f93f0370ccdd9a0c8b1f55,5,,,2018-08-03 00:00:00,2018-08-06 14:48:42
b5215069fecb31f5cb7cf1a1b9012ecc,0c3e2dc4a3eeb282bd4df0b620dcff6d,1,,Não chegou ,2018-01-25 00:00:00,2018-01-25 22:23:32
4b966d7d1873ef87048235525170f495,020f04b3da1d597b9a00b825762299ba,5,,Recebido antes do prazo e em perfeitas condições. ,2018-07-14 00:00:00,2018-07-14 22:13:34
207a42349f6e87620ffc7cf75c92a756,0a461e390d6d2280c86fa9a76b3a0e68,4,,,2018-06-27 00:00:00,2018-06-28 15:53:10
e4652f1bda612f9a73908f58554f4edd,060b4964af74f7046c4bfd56ddeeb7e7,1,,"Comprei e não recebi a encomenda. E o pior não estou sendo informada do porquê de não ter recebido o 
produto ainda. Péssimo atendimento. Não comprarei jamais. 

",2017-08-23 00:00:00,2017-08-31 21:36:53
a5f9ade8de727e28dbfb7a2ac9b31a52,01d2fc3e47376926a97ae795036db093,1,Produto chegou violado,"Minha progressiva chegou violada, além não estar lacrada veio com a quantidade de produto à menos, faltando mais ou menos 200 ml.",2018-07-12 00:00:00,2018-07-12 20:05:50
e7c82b9fb4f3d634c56895962343a961,04cb4d9e4f236cd2d6d42de8f1eea4ae,1,,"A loja me enviou um produto errado, comprei um produto de quase R$600 reais e me enviaram borracha de relógio de plástico.",2017-06-02 00:00:00,2017-06-03 14:59:22
d7f07b2b408422e5bbf4608fd36b37d7,0028de0ca693a1bb26448916a81105cc,4,,,2018-08-29 00:00:00,2018-08-30 01:44:58
41f199a161c5fb9ea92f33ed0eb74f60,057c13c6bd8799710c70ad3c7b2087ca,3,,,2017-07-27 00:00:00,2017-07-30 18:57:42
8ffb64dff7d46acf751a0a0addd48d20,0b886faaea82e30898a5dbf0ffa73e51,4,,,2017-10-27 00:00:00,2017-10-30 16:27:43
f4750e6835f314b88d75b82d60efa62a,044c27c9fb6d9b51bba0efa1fd726c97,5,,"O produto veio muito rápido estávamos aguardando para a próxima semana 
Obrigado!!!!",2018-04-11 00:00:00,2018-04-13 23:08:07
e20072dee194a91dd486e9c505d97edc,04c377db9e026afed8d38404a910c00f,4,,"Ótimo produto, adorei, chegou antes da data prevista para entrega, porém tive que ir buscar nos Correios e só me comunicaram isso 1 dia antes do produtor retornar para o fabricante. ",2018-03-08 00:00:00,2018-03-08 21:58:56
5233da52e6be3681597d2f712c5f190d,0c06a823dbc08a3948528a087cc01906,5,,,2018-08-02 00:00:00,2018-08-02 19:42:13
04d945e95c788a3aa1ffbee42105637b,029863af4b968de1e5d6a82782e662f5,5,,,2017-07-14 00:00:00,2017-07-17 13:58:06
a69c60ed55a010695a2adc23d3a59f83,05c5ce6594030e91bb9de44352d0ff05,5,,,2017-09-14 00:00:00,2017-09-15 16:12:54
16bd0549db27b86574ca9b742516e297,0c6b011f8a4f87010c23995f5807d152,5,Otimo,"Serviços todos ótimos, porém achei só o fecho um pouco frágil!!recomendo! ",2018-08-29 00:00:00,2018-08-29 20:42:20
6aaa32abdd1089f73842aef19e5ae8df,0654d38aef9f16500a4d8f635dde87f9,5,,VEIO EM PERFEITA CONDIÇÃO E ANTES DO PRAZO,2018-04-10 00:00:00,2018-04-13 16:48:04
b06a3ab8a866b7f1bcba942dfa181695,08cb000ba1516a67d8d9fbbe5f9a1091,5,Excelente,"Cortina linda,material maleavel me surpreendi",2018-05-19 00:00:00,2018-05-23 16:16:22
0d567c3c068180a6cdb629f971f8e743,0ab5a761982917ce851399f277662d06,5,,Bom,2018-01-06 00:00:00,2018-01-07 03:30:39
b1d4caa748d4f0aed4a14e36b4768699,08d27643b4ade2434f167dc1ba237b4b,5,,,2018-02-24 00:00:00,2018-03-02 16:12:42
209905a4758f7ce7abe05bae8717c1f3,0412781fb7b094ddbd06503035a2964c,4,,,2018-08-25 00:00:00,2018-08-27 21:46:51
00906040e1fa230cd447e0e2ab23221c,033dbd83c331548108afda89d5bc6b79,5,,Produto chegou uns 15 dias antes do prazo. (O que é ótimo) Entrega rápida. Super bem embalado. ,2018-04-20 00:00:00,2018-04-20 16:21:52
8a9ee17b8530436081cf8019b449b6f3,0abc76160f3b4b423ec1bcece0ade723,5,,,2018-01-24 00:00:00,2018-01-24 19:05:57
52c595498d850c2a99b31cde88cb9920,0b7260709eb6a2884329b5ec9ef2b2a6,5,,,2018-05-04 00:00:00,2018-05-07 18:45:31
f39b68cf9840b62a1e9907726a2cbe31,09b457f1152126535a2e7d4a3b73ff6f,5,,Chegou antes do prazo,2018-01-06 00:00:00,2018-01-06 20:03:39
8a116b2b95e12333041e8761a3023ba6,0739104e30e20de6c0956c0889a9b9dc,5,Otimo. ,Fiquei muito satisfeita. ,2018-08-28 00:00:00,2018-08-28 20:07:12
d9720ded97d5179ee45f28aab6c513a4,0c1c40ddebf6bcde950f7932248b2529,5,,,2017-07-04 00:00:00,2017-07-05 01:10:55
b30505cf101a32ec31fd32e6d4cf02ef,01787af385123b93ba50c5f05530ee12,5,,,2018-05-18 00:00:00,2018-05-21 00:41:20
eecc5978a195eacc33b1f736a92f5768,02b09d03f22e1da491e4d578a0bc3f90,5,,,2018-03-15 00:00:00,2018-03-15 05:28:00
a800f84848cbf48d42ef73baeff39fca,02c279c60b8aafcb89cb42f9bc4b754e,5,,,2017-04-11 00:00:00,2017-04-13 02:46:27
2a02b9b106373cd9151951efb311447b,0c532a9c46c5090a74edf2c28388699a,3,,,2018-07-24 00:00:00,2018-08-06 16:51:39
1dee9d450a2b8533d2085cef898ca4a2,03515a836bb855b03f7df9dee520a8fc,5,,,2018-02-06 00:00:00,2018-02-06 17:19:21
f1a61c26b066f95f53b34b9d1e9655ff,0c7c52a4d8b572ef9b01e3cdd38288e6,4,,,2018-07-10 00:00:00,2018-07-12 19:33:43
1fce22c3b556ac83c977a6d9c842cbe4,02b9fd867657f257dc634a2e7e0f73c5,1,,,2017-07-19 00:00:00,2017-07-21 10:04:26
799929ec060630655366f3c163a1580a,0252299d97791cd5879873cba920d1f7,5,,Amei simples assim!!!,2017-11-01 00:00:00,2017-11-01 23:19:19
5b4de63e88bbb6daf51200bbc71e7620,032a688c9db451501788d95c7f794ed6,2,,Gostaria de saber o motivo do não recebimento do produto que paguei.,2017-10-08 00:00:00,2018-01-26 15:42:44
f2f86d3e4cd5ba9be610334913e399be,06a77bcbebf5a85ba493f627e03980d6,4,,,2017-04-08 00:00:00,2017-04-09 11:41:59
a53fcd9c342e348dfe3e31276fa06e9e,0409a79770433fbb5610660b8f8cd69d,4,,,2017-06-30 00:00:00,2017-07-03 21:31:41
f1ad116b3cd3a668471e641bece92f7f,0030ff924c38549807645976adeef2c0,5,,,2018-04-17 00:00:00,2018-04-18 09:17:45
5bcb5cfa957beb3865631a5ed9a3c1a6,0c56c2d802da452669d191dfd438ac4c,1,,,2017-09-10 00:00:00,2017-09-12 12:46:44
7fc524babef936882729a39ca4cc2049,0bb9b595a2eb418ccff2dc89ff7cc58f,5,,,2018-03-10 00:00:00,2018-03-12 20:37:48
0077bd924a9e436de9b1bce12ef1da89,028ad19261e3ad3406ca689348755456,1,,mandei por e-mail a informação de que recebi a voltagem errada e NINGUÉM ME DEU RETORNO. Inclusive enviei um numero de celular mas infelizmente a empresa não retornou.,2017-05-27 00:00:00,2017-06-03 21:19:02
bf7a9d7e7196a1b7e808fdfe2f4f8948,096ed3a5b211031b766db9362e5b5acf,4,,,2018-02-23 00:00:00,2018-02-23 21:29:31
93ac91ef092822e23b26da459d19abd6,01db310c16db46c62c3d4e0857990f32,5,,,2017-03-14 00:00:00,2017-03-17 11:04:47
cfc76e4e11f297ea7401c31fcce7becb,0847b01cece36c36c9c439bd502babe5,3,Entregue antes do prazo,"Muito eficiente. Infelizmente, nao se tem muita nocao do produto divido a poucas fotos do mesmo e quase nenhuma informacao sobre o mesmo. Mas a entrega foi eficiente e eu recebi o que comprei.",2018-05-01 00:00:00,2018-05-02 15:56:27
ccb63d6e612c2ce6914bd0b1095b701c,03f0804333673c7f86f8d68acd97e57b,2,,Apesar da na descrição do produto dizer que é compatível a capa não serviu corretamente no tab E 7.0 T113. Ficou torta e não para em pé. Acabei não trocando porque meu filho a quis mesmo assim.,2017-10-26 00:00:00,2017-10-31 11:10:43
2bef283f4d0097aca1aaa5ed8de63ec6,08a1ae3618b37c278906f99c6a97fe1d,5,,,2017-11-10 00:00:00,2017-11-10 22:27:39
7c191f1d1e2d45eebc6b4b45668940b4,0c7ac4325ae837f28df12a94a51cf375,5,,Bom!!,2018-08-22 00:00:00,2018-08-29 01:15:49
be00b0997cc0b74b250f5fb9cd5f93d8,071cf21dda000c6ce3b50a56374b1b89,4,,,2018-06-24 00:00:00,2018-06-24 19:46:34
fc453127cba0cc1a93c6bdccf20e29d5,0bf5c5b5e96bce9d0093165a1697d8f9,5,,,2018-08-15 00:00:00,2018-08-23 00:56:25
8a512cdbc3ae4049bb6da825e3398f3d,0548ea59d2970d4c0fc2bca54cedfd54,1,,Nao veio o espeto,2017-10-19 00:00:00,2017-10-23 18:13:37
0bff4f6de722d177adc8dc64a2725061,0541ce103afcdd3940e866e3cbf7a77c,5,Excelente,Excelente,2018-07-04 00:00:00,2018-07-05 02:58:13
f4028d019cb58564807486a6aaf33817,00024acbcdf0a6daa1e931b038114c75,4,,,2018-08-15 00:00:00,2018-08-15 16:39:01
b1cf8688ae63ffebc73c2943910cf825,0880410ce1538dfc180e260708256fcb,4,,,2017-03-09 00:00:00,2017-03-12 03:25:08
534e500c912db8956498899d32729533,0822275bffed889280029c0c32b003e6,1,,"Até o momento não recebi o produto , não entraram em contato para falar o q houve",2018-03-03 00:00:00,2018-03-03 16:17:04
8a4c2e0e0ac32c7324b46b08bb0b5d7b,0064d74f7de7917d54768d7722ad56ac,5,,,2017-09-15 00:00:00,2017-09-16 11:09:37
d7ff1845c93dcfe1a9d9a075aa991e04,0194686a55eb0a869321fb107f4d114a,5,,,2018-06-05 00:00:00,2018-06-08 13:33:20
1590dc6e8ce18a0a4e593b28d4c0b4eb,0340d758cc0da066316cbc55fb7f7596,3,,,2018-03-17 00:00:00,2018-03-19 01:30:13
6d9236aeca36f0a36200fdd41e61e28c,0749426d1c48fe5943cbdf1316ace0aa,1,,Pessima entrega demora um século pra entregar ,2018-02-10 00:00:00,2018-02-10 12:48:27
e4c6060bbfa758d5502f20fe6c1b68a7,0825a0aa574e4d49396e37335aa640f1,4,,,2017-11-04 00:00:00,2017-11-07 19:58:21
59fb81cc0c64c0859ac7fe7f79bf505b,0877e8db9d779712c1c299b5bd8daa11,4,,,2017-12-19 00:00:00,2017-12-22 12:06:14
0c15bfe6733e576a356ce5168bac0a6e,0b3c0b254cd889f96d5426417aa548cd,4,,,2017-11-03 00:00:00,2017-11-05 18:44:44
8366d6746140acdd64a7fc686b726d30,0c557a5449164d3001dc41d9bcb3298e,5,,,2018-07-06 00:00:00,2018-07-09 10:35:18
ee445d0858c885c4c35763ab056c8ac4,03dce1563339e3dddb4cff9acda06d1a,4,,,2018-03-08 00:00:00,2018-03-09 02:33:35
fba6344711875e3999b3c04bc0a42bbf,03b93d42401e436cb00a2dd82a3975f7,5,,,2017-07-04 00:00:00,2017-07-06 23:05:56
a0b3661807e7bfdf2a192021451204cb,0bcdef8dcbbd4cfc9f7c9a9669e6c2c2,4,,Entrega bem rapida recebi antes do prazo. ,2018-02-06 00:00:00,2018-02-08 20:32:17
86cc78425d246545d0ae9e72fef89a9b,0a0185b8b72cbf2290c3e4218300a61c,5,,100% algodão de qualidade,2017-03-25 00:00:00,2017-03-25 21:08:25
b82b2af506402c1b00ac3674e27a8e40,0927a4ea2d6af04c6e8a1aecd4f9951d,3,,"No site a mercadoria vinha junto estojo, mas este não veio.",2017-01-29 00:00:00,2017-01-31 22:51:19
4952093947f2957a6b9c11eda9346a1f,05cdf90df5dcc062b68cd8b3803f6228,3,,"O tecido deveria ser um pouco mais encorpado, grosso, resistente, visto que se trata de finalidade industrial. Após lavar e retirada a goma, ele terá a textura alterada e ficará mais fino do que já é.",2018-02-20 00:00:00,2018-03-09 18:41:54
f9ed83a1f2847bba1e43c882cfaf3f79,039330ccdc3eeb07d44541457391fcae,5,,,2017-11-01 00:00:00,2017-11-06 09:45:37
e561b0e39d2c9f333daec23cc868ca85,0be5691eb4c245d190a1e194494f754d,4,,,2017-09-12 00:00:00,2017-09-13 12:41:01
0b597cbdf40b7cbd1097b787d0000218,03b0f1587efe1abafd2dfd0e900b1eb2,4,Recebi mas ainda não abri,"Recebi o produto, estou de férias e respondi pois não paro de receber emails da baratheon para que faça a avaliação.",2018-06-16 00:00:00,2018-06-18 23:28:39
377945166e0e849efe16da428aba83ac,00949655cdd8d0465e433a5e6c9643e5,5,Execelente vendedor,,2018-06-29 00:00:00,2018-07-01 17:00:44
0fc500a3473cfa4acf4269dfc486217e,03d631cfa59f71c4a9cd31a6bb7467fe,3,,,2018-06-19 00:00:00,2018-07-25 00:29:01
d90f8b30d4c93c7a53c3e79ac672efac,040f8d4b01dfd628e0ec871546a193f7,5,,,2018-05-18 00:00:00,2018-05-21 13:53:37
73bedd3ee6355c16e28ac83690f8720a,0149c597dcc0963d7315f904495b631c,4,,,2018-05-01 00:00:00,2018-05-02 04:45:04
0b6851c88ab3dce19bcb191cef4632f8,0bad561c531f95c3d0c3ef2e03ed72de,4,,,2018-02-02 00:00:00,2018-02-02 23:08:09
c9a1c311540abca5261a96c5b1440fab,0cf4406688aab4ea5593cc48304e8887,5,Satisfeita.,"As vezes acesso o site de uma determinada loja, seleciono o produto e vejo que não é vendido por aquela loja, desistindo da compra. Mas é por parceiros como este que não mais farei isso. Recomendo.",2018-08-15 00:00:00,2018-08-16 11:06:35
16dd1214a6f9a62fa22ad4830aa479c2,0036887767dea4bd43b1a88cd0d9477a,5,,Muito satisfeita com a compra e com a empresa!,2017-10-24 00:00:00,2017-10-24 19:41:59
c3c9f1aeb5802a48dc292f34eca0f64f,0b5cd7d1cb05a215bfb3aafadaab5a1c,5,,Bom produto.,2017-03-11 00:00:00,2017-06-20 02:40:32
1bcbf017e82904de2be40a965597e353,0cd8c62de8c2338e4af0afe71e56ee64,4,,,2018-01-12 00:00:00,2018-01-15 15:36:24
fb05ad0ddabe551c6b855f5a842295d1,04cfd74948a554f6f404e78f54f26b22,5,,,2017-10-31 00:00:00,2017-11-03 01:39:19
785828447e4ad5c62b47794ca3491803,019b8e16e30c8b9ad9bf87e039a27765,3,,preço bom mas veio com defeito,2017-08-05 00:00:00,2017-09-19 18:04:33
53589898a453638e556ec9377a6f0fb0,08cede37de35a7af6d659a2ea4b17707,3,,,2017-07-18 00:00:00,2017-07-20 12:28:03
1aae3323877235bf30c77fc1e308bf10,0b913c851b8dd74300045511a8120e8b,5,,,2017-05-17 00:00:00,2017-05-18 01:10:52
fa4f24e306ae2c76c1174a90ca1078a1,0a8c76aaf89178fd0f7655214a6b5223,5,,,2017-11-30 00:00:00,2017-12-04 10:53:51
d05f0409a37dbb70b17e6b25f9f18c03,0905da36ee109b78ec1a3c9e089148a0,5,,,2018-05-12 00:00:00,2018-05-15 00:58:35
24ddf56aa2c905a0beb0bda183d14113,0a671290b0be76ffb379a3c0031d2f44,1,,sem avaliação. não recebemos o produto,2018-05-20 00:00:00,2018-05-21 01:32:55
32f3f79d727922e0ce5d0d87f57e51eb,0a8bacdc71ec2a99fcc75baf60f64439,5,,,2018-02-20 00:00:00,2018-02-23 00:12:40
6ac48f6b99cdced66e3a0b027e381e98,02c84deb7aa1f2e74090d56a0ec84120,1,,Ainda não recebi minha mercadoria está parada na unidade de tratamento de Cajamar SP desde o dia 06/03/2018 como devo proceder?,2018-03-25 00:00:00,2018-03-27 15:31:03
f78a548b4b765e2b570f3bbf71776b9a,0ca4f0c14bd70b836b3f05d6e115860d,1,,Comprei um kit de 3 produtos e foi entregue apenas 1. Propaganda enganosa! ,2017-08-24 00:00:00,2017-08-25 03:54:52
3955e677f24dbf58b57e41b85baaf338,0b125520b605185e07783ab4fe8a398b,5,,gostei ,2018-03-28 00:00:00,2018-04-01 00:15:33
ab9ba194c626dbea5f453807b7ad8345,0342b8bec301294021371c16411b6c40,5,,,2017-10-03 00:00:00,2017-10-04 13:16:58
4394473bea2bff9f0cb4bef98893c00d,01d0cbd002be92b5a970cb8f233349c2,5,,,2017-08-12 00:00:00,2017-08-13 10:53:35
ea0c4643277ebbd9d998570fa21cdb14,061eb3fa9ee22a8dc3c90060e5a637c9,3,,,2018-06-13 00:00:00,2018-06-14 00:25:45
25220e954a5481d5bb657722a87e3a97,0957ed870116e596b800540427c61497,5,,,2017-02-10 00:00:00,2017-02-10 08:18:57
259c438e1657410d051b4ff70b2dc212,06c4d1be000d2b0d30d56ff06dab667d,5,,ótimo serviço.,2018-02-23 00:00:00,2018-03-15 23:17:01
35636d4e18add0ac295dd4cf3614d0af,0c6a35b799f52f904a18f2810c4d1772,5,,Muito bom,2017-10-17 00:00:00,2017-10-19 21:56:18
11b7d47518bfd0ac4518c1f08c31f3e8,007bbb40c95870c0f75a7855f2636c65,5,Excelente,"Produto de ótima qualidade,muito fofo e super macio.",2018-04-27 00:00:00,2018-04-30 02:13:40
717bedfacb8d0f837731d452d396ced8,05e52cc535bf067c2eb8337443ca0fc0,5,,"Recomendo, produto de primeira qualidade e entregue bem antes do prazo superando as espectativas. Tá recomendado.",2017-06-02 00:00:00,2017-06-03 01:17:50
cd2d6083db618ceb4ea1ebcd79bc0d32,0352f2ba09b99ccae0751e133332a46b,3,,,2018-08-05 00:00:00,2018-08-13 16:24:34
a092a54c8c852fc8837eb29ec8614ede,09545768adc993877dfa9a4024b360c2,3,,,2018-01-26 00:00:00,2018-01-26 22:37:34
367599fbac10d81599b18a4c7172c0b2,04626f2c41e6a49d4c2102a7d410797a,1,,"É com muita tristeza que venho realizar essa avaliação, pelo fato de a mercadoria não ter chego até agora, e pra piorar, no histórico do rastreio está que o objeto nem chegou em uma das unidades CTE.",2017-12-22 00:00:00,2017-12-22 09:18:12
4bd06187331f689a56824b449a4d6eff,0ab3d92f71090c758d1df7ff889a9335,5,,O produto chegou muito rápido! Recomendo!,2018-07-13 00:00:00,2018-07-14 00:46:55
bb2b220f62e4d70abe70df4a5085cf17,092e3282c11e71ea0c568efc2a92f91a,3,,É medicamento requer tempo pra saber ainda,2018-03-01 00:00:00,2018-03-02 01:59:11
f7e832eb583363bd2ef001d78be46d2f,02b089f5e85ee9c52935ede2207b13e7,4,Recomendo ,"Recebi o produto antes do esperado, gostei dos três itens, o material é bom e a cor é a mesma que eu queria. Uma das fronhas veio com a costura já desfiando, por isso não é 5 estrelas.",2018-05-19 00:00:00,2018-05-20 16:09:10
1e938ac905f5a97b681b9584b69eda27,0799a27b55977a0aedea205def0a6297,5,,,2017-12-13 00:00:00,2017-12-15 20:21:44
09a5c3dfad7af2f1f6c8454edf20263f,0412356b9ae3ad8db617e892afb02204,5,,,2018-06-30 00:00:00,2018-07-01 03:01:16
4825ff1fbf445ccde5b2298016f31e88,0410ab9a8e8b28e6399bca3e89562f95,4,,,2017-09-29 00:00:00,2017-09-30 00:19:36
525cd9dea702107724a8105fe124af80,0beab7700e74cb828b63e0a174e17256,5,,,2018-04-26 00:00:00,2018-04-26 22:23:56
502bf96ba8aa562395e821575b70b135,0770d6621e5900694909ea4a6236da14,5,,,2018-03-24 00:00:00,2018-03-24 20:48:30
40ba046aebde18cd3c6c7665993c0c70,02ed3b96772956405d25c2d35c766c68,5,,,2018-04-13 00:00:00,2018-04-14 11:59:20
de181f574f313b1185c10e9c41e446b4,03a8aa5d0860898d421c46247011c686,1,,"Péssimo, estou tentando entrar em contato e não consigo falar com ninguém, vou no Procon.",2017-06-23 00:00:00,2017-06-23 11:10:33
4da09b13d31fc2243ed33e7ce3bc29f2,0bb4c390179e95dbed8944e735b7da62,5,,,2018-08-04 00:00:00,2018-08-05 19:42:08
a6209b818df2c7684958f159ec0e6a4f,00c9f7d4b0e87781465e562dc109f6aa,4,,,2017-06-02 00:00:00,2017-06-04 11:47:35
8ee0c3441eb0deba8a2ddb73f22d49ef,062e5ab5d16890def5883cd9fe35615e,5,,,2017-11-08 00:00:00,2017-11-08 14:38:41
41133a95c7bc4fc699261de8b93fc09c,092a7de4b983f4ee3e77af64e2f8c9e8,4,,,2018-06-29 00:00:00,2018-06-30 18:26:13
7026388e44e9159fdcae2ae4923e181b,0a09de65d90e684e2fbd1c2588733f37,3,,,2017-09-05 00:00:00,2017-09-06 02:57:09
a3081a4676a5126d8fc0bcbff9149708,07c86971c5f40e822bd71ab44f684fad,1,,Estou com sério problema fiz uma super compra pra vim faltando o meu produto ... e além do mais pagar um frete absurdo para ser entregue pra vim ainda com constrangimento ... quero que resolva logo,2017-07-22 00:00:00,2017-07-23 14:18:29
d4999db951227477e2a5277b46c5d9ac,08d2ae79008d5da4528a04f28c72f839,5,,"Chegou antes do prazo, produto de boa qualidade e exatamente como descrito",2018-03-07 00:00:00,2018-03-07 22:35:46
72e78a5a03e8fde9c67e7727ae5de522,087692f9f84c65ed1560e4a3b97d5c21,5,,,2017-06-06 00:00:00,2017-06-07 12:14:29
b97dc9feb88b3b9d62bfa0925a62ab0a,0655bb542cf38197d920ac1c5c89ae9c,4,,,2018-03-17 00:00:00,2018-03-18 00:29:05
95d4f33fe97bc8a4f9d4518307353f29,04f94352a3c9730205d3fa72cb014eb4,4,,,2018-06-26 00:00:00,2018-06-26 19:00:32
ed75cc6aa01216dd6090a6baa44a0de8,091bd68043b7a721b0d82b5ff36304fa,5,,,2017-03-14 00:00:00,2017-03-15 15:37:15
0a5b2897b129b210495b0e325a3fc56f,0758eac62489b47a99c64b7d67c5ff18,5,,Comprei 3 controle remoto e cobrou frete nos 3 poderia ter cobrado so 1 frete mais os produtos são bons,2017-12-20 00:00:00,2017-12-20 20:16:42
7d45db63e2caa737014bd27f7679f410,0605918e96aec0f42a10810d92b5e864,1,,,2017-03-25 00:00:00,2017-03-28 11:37:23
d1e6f1083ae1d0b997f39b540c52814e,04e45523ce26353e6ba6a713afd77b82,5,,,2018-03-21 00:00:00,2018-03-23 03:38:42
9251f27b0df44e95270ee37392c9572b,0c9f9c0fc3c5d9e40e88bbb5910042bb,5,,,2018-08-22 00:00:00,2018-08-23 01:11:56
d5d919cf0a4c48cf04f21bfa902c13aa,0b4aab4ef70208498663141571f68116,1,,Comprei dia 8/3/18 e a entrega era até o dia 16/4/18. Até o momento (19/4) não chegou.,2018-04-19 00:00:00,2018-04-19 22:52:26
1cd4dbae0382b5ce95a48b318b624567,0b2d6210fb2a3be6f54add89639740ab,5,,,2018-04-27 00:00:00,2018-04-27 22:36:50
79c6bbd1e1934065928c3466dd3dfd65,09e04558408bf0fe846b66132dc5d64a,1,,"Não recomendo, pois demora muito para entregar!!!!",2018-03-14 00:00:00,2018-03-15 01:00:16
4a27917375f4e53b41e52e201eec1739,012eab2625c5f8aaac6f37f2c19ef62f,5,,,2017-11-15 00:00:00,2017-11-20 06:41:36
739c3a37995628aeec9fc7f7f5bc5be6,06ec25371486403c9aa7249f067fc5aa,5,,Recebi antes do prazo e amei o produto. .. É lindo e de ótima qualidade.,2018-03-22 00:00:00,2018-03-23 18:43:42
a0729512464ea56a9327f3c4343f564f,012e93f8170eb75b2f2f650629d04517,5,,,2018-02-08 00:00:00,2018-02-11 21:08:45
4198d35a785946b89c115358d9a42fb9,0cde8327c49577c3c0fed91e084daef5,5,,,2018-04-08 00:00:00,2018-04-08 21:21:07
4507299c2532575b74316d73c5f6b48f,0a3e09ae60d6eb7338e353c0c323eabf,4,,,2017-10-14 00:00:00,2017-10-14 15:37:41
73412172bd9e6389fb7a28cf5f286433,0403bed7b44fb735b6af72505c57fdd3,5,,,2017-07-27 00:00:00,2017-07-28 00:42:26
ccc3acf52b923ba40269edc6ac80baa9,0ad82b0c5d9f039a29814e465165a0da,4,,,2017-11-28 00:00:00,2017-12-01 19:46:21
1bf88081ccdaec0f560c06c86b97e9db,06ae350afd844b7e1dc14f9322504baf,4,,,2017-08-05 00:00:00,2017-08-08 08:44:26
f4181690dc1b29f8df877d712cd33c5b,05d579e3abe4a2d25c8feca9f7a685d8,5,,,2018-02-18 00:00:00,2018-02-19 18:54:01
f64303f15fc0b0c691622994c6bbee4c,01c886b4b865797097ab2d051ae30cfd,5,,,2017-08-25 00:00:00,2017-08-26 00:54:08
6343adbce4c3ff11a19d674519c51c20,0a3de305844d2e1bf9a608e702ccd373,5,,eu recomendo essa loja por ter pessoas de altismo comprometimento com os cliente e com produto de qualidade.,2017-11-25 00:00:00,2018-01-12 20:26:01
82992e272e811e59a74a62bd024bae04,06cd82bdf375dc9782609dad1a1d1d0b,3,,,2018-02-27 00:00:00,2018-02-28 03:47:49
24cf92400758a85e3bb4daf3d0edacad,034198ae241b34a9bc0d85282408937e,5,,,2018-02-15 00:00:00,2018-02-15 21:17:42
5d8cbce3988874758731d5d33ea01558,0bea543455029a72056bd0e781a8dca7,4,,,2017-08-02 00:00:00,2017-08-03 09:19:56
219cb56781473bd4ee7023459372d25c,0046e1d57f4c07c8c92ab26be8c3dfc0,5,,,2017-09-30 00:00:00,2017-10-02 00:13:27
a7d3abff766eb0ace5f2ff491c15fd2b,0899b756a6357ed330e0620ad548d70d,4,,,2017-09-05 00:00:00,2017-09-08 16:03:02
fb23af96c44b05b83a45f45abb7b75a7,0573f0fe44a09808d06e716ae1a478ed,3,,,2018-07-03 00:00:00,2018-07-03 23:34:21
212fc36138db404580b3793452876976,03b5e0da68374e8ac08cd539d0559cfe,5,,,2018-04-07 00:00:00,2018-04-09 13:45:55
90afdff7c99f9cf6df9004c44d27ff45,0327e299243edec0ed4f26712a05b910,5,,,2018-08-11 00:00:00,2018-08-14 11:38:27
40f52c0179dc126a65502a581112e53e,07adbbb19edf0b09473e75febe708354,1,,,2017-05-11 00:00:00,2017-05-12 12:17:46
7156b7272288eaef3766be790d6d4bca,08ceaa7aeb0f28f7f44988d179b5452b,5,,"Recebi corretamente e indico o produto. Ele é de excelente qualidade, gostei muito e pretendo voltar a comprar, obrigada",2017-08-18 00:00:00,2017-08-21 02:02:26
92ced3d8930a0f56ea208f348614b685,06b6cf307813747b1a6aa2c381dbe32f,3,,,2018-03-02 00:00:00,2018-03-06 20:10:53
3e68b4440b3eba12b6e8e6813b7575d7,0487e06921e4ff31dd6c111294e130fa,4,,,2018-05-05 00:00:00,2018-05-07 23:09:37
9ed60b7d4245506c65223c5199a512c0,0c305fc5f37a5b8e64e24b2ea39b7aad,3,,,2018-08-16 00:00:00,2018-08-17 08:10:11
3ebfaa06dfa27ab1103c52627adb16b3,0b47f5e9432bd433f8c5cf64e60e6e5f,4,,,2018-08-16 00:00:00,2018-09-04 18:57:28
8a05402b709128d534a95e0acfcae535,03d61f050de69049f4153f164c6f78b5,5,,,2018-07-26 00:00:00,2018-07-29 12:57:24
b1314cdfc4283bed5b3d9f504df80ed9,08e678b21510aad65dccc928f6599921,5,Perfeito,A entrega antes do prazo e o produto original. Excelente compra.,2018-07-04 00:00:00,2018-07-04 22:56:31
674c3073abf793f0da74ed3e1a029900,011a43bc9bb525517251ebb3ebc99b69,5,,,2018-05-01 00:00:00,2018-05-02 23:32:23
3d513ecda03c0a0f79e2235ae9e223ad,07a3ecc544326f0c462c5423eaca1812,3,,,2017-08-19 00:00:00,2017-08-19 19:40:13
cb1222dae9afbf14f63ed137c3c40a52,02145cbff48d443165378d41c0e49e48,5,,"Não fui informada q viria em 2 caixas e não passaram os dois códigos de rastreio.
Mas a loja foi muito solícita .",2018-01-11 00:00:00,2018-01-13 21:13:40
d4ed8fa83c53b696165bf10e145b1e4b,0b7cb1c7ea62d95ba39702f4ae850108,1,Não recomendo,"Não recebi o produto, pois não recomendo esta loja, mais a responsabilidade é das lojas lannister
",2018-05-23 00:00:00,2018-05-25 12:13:19
c6139b2f66dd402e378b0e2b7be96371,075e94be744f3e28a18d6ea444785f45,5,Lixeira quadrada verde,Muito bonita,2018-07-27 00:00:00,2018-07-27 20:44:20
ea9dcdb680be38dd30e13a5835efea0e,0a97f36e62839a22eb00bcc9a9160e70,5,,,2018-01-31 00:00:00,2018-02-05 18:22:42
81b1b9877ab57bf13e0d8ffc2f550c1a,075b7434a196cea1b664c1446bee2ff7,1,,"Faltou o item 1, ou seja, não recebi as 2 saias. Quero a outra.",2017-10-25 00:00:00,2017-10-27 15:03:59
55fbfe5a3fe7d8acd45fb2956ca2d0c5,07758ed400d130462900b1f68d042ee7,5,Excelente produto,,2018-07-25 00:00:00,2018-07-28 11:30:39
725e9884288bfc05552bc8a315d25c92,070b9bc7d401021bcb0d4d7413bb233a,4,recomendo,Produto recebido dentro prazo estipulado.,2018-08-17 00:00:00,2018-08-21 11:55:36
ea82d16528c45356557435d9349a433e,07b9098123333f897ad332b7c9c3820d,3,,,2017-08-29 00:00:00,2017-08-30 15:31:30
6d6ac8624b8453e299e97f2a1e813995,0a8c95289dc386957c00a84dcc054d5e,5,,Adorei chegou na data certa! Vou continuar comprando ,2018-01-26 00:00:00,2018-01-29 10:35:10
5ef6e357ab1f5f9085dc0223caf9aff5,0a6667b832116a7484ae779b7b0b91c0,5,,Excelente,2017-09-15 00:00:00,2017-09-16 17:41:31
409b2089b1efbe03b11f598e7b50223a,0a18d00cb652fc5698d4e3c3e01e7da0,3,,"Da parte da entrega, não tenho do que reclamar, veio antes do prazo, tudo em perfeito estado e bem embalado, porém o espelho de acrílico distorce a imagem e fica horrível. A loja, ok. O produto, não!",2017-09-15 00:00:00,2017-09-18 18:50:34
79dfe80ec5d7d4c598c6c603c454b0fe,0baa0062fe85d1ac765aa6ee112bb624,5,,,2018-08-22 00:00:00,2018-08-23 01:07:19
fd453815a71ef260b259b13440c719f6,0890110313bd12b08169c1b6bd56bf4d,5,,Entregou direitinho e antes do prazo ,2017-12-15 00:00:00,2017-12-16 11:24:05
8ff19d9d5753cd153df2fc6a75178de6,0540bf9189ef17aab470c4942f760e78,1,,os produtos entregues não são os funko pops originais. são claramente uma cópia. quero meu dinheiro de volta e a devolução destes produtos,2018-03-26 00:00:00,2018-03-27 12:57:13
bf48e509d24ae70a9ca40c9e04c149b7,0937ee5de4e9482b7503bae26f9d243f,4,,,2018-08-30 00:00:00,2018-08-30 23:19:12
16b283e80d776c46baabf45eccabb112,00f86b368251d739f1896d41469b2b7a,5,Bom parceiro,Tudo certo recomendo,2018-08-29 00:00:00,2018-09-01 19:55:23
1775bd097716d67420d128df008252eb,0b3ca8c9e3b3199306adb467fcd0e982,5,,,2018-08-04 00:00:00,2018-08-04 21:58:02
a082d3b1921e2f392d4fb14dcca7f502,06b5d30491b14242caca6d7090f29771,1,Decepção!,"Fiz essa comora p um controle de smart tv conforme pedido, vcd encaminharam um outro controle q nao tem a opção da smart tv. Sendo assim inútil a compra!!!",2018-06-19 00:00:00,2018-06-22 01:53:12
672a7fae6c0d23677d7874806b0e150e,0930362b6f24dc06ace9869ac3d05a72,5,,,2017-11-27 00:00:00,2017-12-01 13:00:01
e88112b1a206fc205aa8cccff9eb8a3e,06914a88cb181e922cc58fed3d198c98,5,Ótimo ,"Recebi super rápido, ótimo produto. Recomendo a parceira. ",2018-08-30 00:00:00,2018-09-01 23:47:58
f35cb4e70275a874b17140257501a7e1,037556f936da90c5f9504956ff286860,5,,,2017-05-13 00:00:00,2017-05-14 22:42:30
c84fd86b1e3ca4e8bcd4335f5e974160,00f8fc0cb9d9b7813f1f54fbd75426f1,5,,O produto chegou antes do prazo previsto.,2018-02-02 00:00:00,2018-02-04 00:12:44
73728df513baa19c8e48f8dde1b79792,039f61edec89c6f0edf8dd1a0bdea1fe,4,,,2017-12-13 00:00:00,2017-12-14 19:24:42
73aa847a1f270a75868d90b677ba5f21,02c8875e5351540e76019fb7429e163f,4,,,2018-02-24 00:00:00,2018-02-28 16:43:53
1a48945bfda46820ac84e8908f5673d8,0bfdd5142412ff5070415391f78d3cf9,5,,,2017-05-05 00:00:00,2017-05-06 17:54:56
3986f66adc4e18b814bac25eec4e8859,0cc14454cb400b7b154e0a45ffd5c2f9,3,,,2017-12-21 00:00:00,2017-12-22 01:26:55
bc2e81c42cffc5d3481fb8be92a9b38c,0bc16cf0c58995bbc893af2e151534d0,5,,mt bom,2018-06-14 00:00:00,2018-06-20 19:50:44
4377f5b8083a562048accc7d6900973b,00d29386638bbfd1331a2cd7ab91b5b5,5,,"Capinha veste bem certinha, não atrapalha nos botões laterais, pois é bem maleável. A película não colou completamente.",2017-10-05 00:00:00,2017-10-07 20:12:48
d4b10aacbda2987840ab6c33284db68e,09b216c85c7fb2105c85987be09e7ec9,5,,"O produto chegou muito antes do esperado, maravilhoso. ",2018-04-20 00:00:00,2018-04-21 11:41:34
04b7694418e9891cc67289741dc0785a,075a1f22c075396feebed8c71f5ccdb2,1,,Estou a espera do meu pedido,2018-02-25 00:00:00,2018-02-26 13:52:49
1af990bd4e8cfd09a1ba15490063e1e5,03005a2f16aaf981d51d8ef44222444a,5,,Ótimo entregue Rapidão tudo perfeito.Amei!!!,2018-02-22 00:00:00,2018-02-22 17:33:43
e99c29f0a950abd77239b15adaaa38b8,015f079801c424fda3edc48be99267de,1,,Ainda nao recebi o produto e ja se encontra atrasado,2017-04-21 00:00:00,2017-04-23 02:02:30
a04625605c0ed62e208637697536eff9,059a35c89cb9ee5ba740d4ac2eb8a805,1,,Até o momento não recebi o produto que está atrasado na entrega.,2017-09-28 00:00:00,2017-09-28 15:36:41
9671dedb1b2de1013e40fb78fa2f4181,065be848b8cc9a907f12d443b2e4df7f,4,,"desde o momento da compra até a entrega perfeito.

obrigado",2017-10-19 00:00:00,2017-10-19 15:01:53
1b729a0ff69b1b85e6105a45072cdf9e,0749426d1c48fe5943cbdf1316ace0aa,1,,Um década pra entregar o produto. Horrível a entrega.,2018-02-09 00:00:00,2018-02-10 12:55:50
8b299ff48cdce4dcc7a6ae338ec0c921,038eb192a216fe0c545a8ff3b1b96885,1,,,2018-01-06 00:00:00,2018-01-08 21:02:04
2aae6aa6dd84780f8af3d7c6bceca0b3,0997090fe6882d45c6a71660aaffaba2,5,,Excelente. Entrega antes do prazo.,2018-03-13 00:00:00,2018-03-13 19:38:15
f2b21f8a127e483bb9b657d958d7a3ca,088a5d99caf7f8345f08892b9c900bee,4,,,2018-05-01 00:00:00,2018-05-04 00:15:19
2e85228b64a8c361d90ac7624cb719a2,02f4ae2225612fe9e42562a8e1f466b3,5,,,2018-01-18 00:00:00,2018-01-20 14:21:24
516a627940f957fa0bf0a032f0b8b458,0a95a336d341691ae0e6359713af3cd3,4,,Presente para o meu sobrinho.,2018-02-06 00:00:00,2018-02-06 18:48:37
df85e4c882f1d5191765d52e543fc5f0,0bd5590ed46f78fceed5ab73b86b8dd4,4,,,2017-08-11 00:00:00,2017-08-14 13:56:51
9763a1cd47de9a2d1903c622b0a62192,0b5e170e94809753b83e7770cfe6bc4f,5,,"Bom atendimento. Produto ótimo, super recomendo.",2018-03-07 00:00:00,2018-03-09 23:43:25
60e294d71718f21165b1b46655aab3b4,05ad4f359a4235a593f41f0533fe0457,5,,,2017-08-30 00:00:00,2017-08-31 00:27:34
fe1fc40948c98d635692c48e7f029684,067f4abd68a2b1e0b8b158945a91680b,3,,"A invictus tem tanto potencial pra desenvolver bons canivetes... mas achei eles mto, não sei, ele n da mta segurança pro o que queria tentar.",2018-02-28 00:00:00,2018-02-28 05:06:27
fcc5ea863d8c062899f2e4e32889eb7e,008dc31c0ae7121f2791953ae5f532c3,5,,,2018-01-30 00:00:00,2018-02-01 12:19:26
2c3dac4835d11aea6b74f2448c6b807b,08e4b9181951f803229ff26c157f5045,3,,,2017-03-15 00:00:00,2017-03-19 15:40:59
a1c1d42b3455fa06424b89f557e10b64,0ad02b6f33a90fe5d09e0b416287857f,4,Muito bom,Sempre comprei pela lannister.Nunca tive problema. Recomendo.,2018-05-24 00:00:00,2018-05-26 22:10:51
bcf67dd44ecdd19c1672f970f339ba0c,0ce5b90b3bd06c388f87fd281ff7eba7,1,,"Bom preço, mais muita demora na entrega do produto.",2018-03-07 00:00:00,2018-03-10 03:03:01
59d708a41fdd3162033abd5c3aaaec2e,05c63e6b53127320a7768d19898ac320,1,,"Não solicitei cancelamento de pedido, queriam entregar o produto nos correios, mas paguei frete para receber em casa. Recebi vários email que não correspondem à verdade dos fatos.",2017-10-27 00:00:00,2017-10-27 12:59:20
cd43184718a78fd2266894d74ed05f73,08119452a05228b9c7e379abf9622dab,4,,,2018-06-15 00:00:00,2018-06-19 11:35:43
0c84bc56825708e30dc55b322dd74499,064c5d7833bce7bb4c9bff1302ac9d0a,5,,,2018-03-21 00:00:00,2018-03-24 00:15:21
d91208aecc05cd123f48d5598b5d84d5,08d61eb463e165c095e7de595a773d90,2,,prazo longo demais e ainda não chegou.....,2018-03-31 00:00:00,2018-03-31 13:19:06
a2d9740e18772ccdb88bb06cb82f13c2,03ad48120321b06697272dfa53deff2b,5,,,2018-08-31 00:00:00,2018-08-31 13:39:36
b0e885ef73501226f512e80aad8fe5f3,0584a31bb6abbd3dcc27e2d464ac863d,1,,Loja parceira do stark sequer entrou em contato.,2018-03-09 00:00:00,2018-03-09 09:42:06
c204a642e10f5e14b3455059600aa8e4,04f6cdae6a85ade2864cd5fc811fb9ba,5,Ótimo,-,2018-05-16 00:00:00,2018-05-17 11:14:51
9dc33fa7465e939bd5ad3dbe636422f1,0357e50e9686e55b75e6873a97993075,5,,,2018-01-24 00:00:00,2018-01-29 18:59:06
62773983748f65689a2b453fde5689de,022e34b10acb0f74f51f03b3bf8d996d,4,,,2018-01-24 00:00:00,2018-01-25 00:04:41
7c358a2e42590988167db1d69b3721fb,076a94fba0a6b3a82345423e9f1bd3dc,4,,,2018-02-28 00:00:00,2018-03-03 18:09:50
26990bbaadb37b20561a03c40592dc7a,0b17b204a1785111272edfadb2aa9e94,5,,,2018-08-09 00:00:00,2018-08-09 16:44:06
6c9431b423271f9d3c33556cc50e0c12,062ce984a468dfa021e43bdf17ae158c,3,,,2018-05-08 00:00:00,2018-05-10 21:47:59
7a1ef03a82ecb7239239a04f20f8e43d,0919371859b3150228068cde3b07c122,4,,,2018-06-08 00:00:00,2018-06-08 20:12:40
9adbd0ba33464bbe8696cbaf105533c6,0acb20fb04c5f71d38da116f7b92ab63,5,,,2018-03-16 00:00:00,2018-03-16 23:28:51
67ff68d7d2207bcb050d890e183f9181,0c4e23cb9c6ec62bd75c1019d58747f0,5,,,2017-07-06 00:00:00,2017-11-21 00:57:37
fb3c037b283fcf42cce322b0966b7586,05f44408d29a64126c4abc87d2b2b038,4,,Entrega dentro do prazo,2018-08-14 00:00:00,2018-08-16 23:38:31
8df1ebdd523ea514a515360d4d176e0d,0cabc61e5deb17c32904e1b512204efd,5,,,2017-07-13 00:00:00,2017-07-14 00:10:49
67b93ddea9cff7769a44b88b2add09b8,01e7138289b75d9624b04dfe12379c1d,5,,Vendedor honesto podem confiar continuem assim,2018-02-21 00:00:00,2018-02-21 21:30:06
168c33988efaf180788d8b335890a4f2,0a681d622e6b5d09ddfa071a5785c916,5,,,2017-07-15 00:00:00,2017-07-17 23:07:07
3781e7293069b0dbc1aea0dcbdb10d64,06db57a9e774a7fbdb7c8ee188baef65,5,,"MUITO BOM, SEMPRE...",2017-10-25 00:00:00,2017-10-26 11:29:03
061a55aac2e4702fcd4b8719a770f765,023b3575b6649cf01cb239c0e9603262,4,,,2018-01-16 00:00:00,2018-01-19 02:17:39
65fd4383bd1c61c311b050f432e521ce,055e121a8cefa5494be46fea4bd4f3ab,3,,Numero correti da casa é 51.,2017-06-21 00:00:00,2017-06-21 11:26:28
ba1095d3d8706d4f7db077ce305e75fe,00bd50cdd31bd22e9081e6e2d5b3577b,4,,,2018-01-23 00:00:00,2018-01-23 19:09:17
c640474773dd33b2106fcd65c574ae0c,04a964d023c9a995e1dea573959fad67,4,,,2017-03-17 00:00:00,2017-03-20 12:19:46
909f3a54efd4fbfbd8bf049243eb12b5,08e4ccc1239f87c9220cd6a87996d455,5,,Excelente......,2017-08-26 00:00:00,2017-09-03 16:43:18
0983cf3bf9ee25f2cd2ffd3845350e9f,0886e32a3289fc38b0deaddb26655a7e,4,,,2018-03-06 00:00:00,2018-03-07 14:36:24
d212b6c583f36dafb3f70ce3b9127d76,0c5d85fbd4b20a1d9d5fc6a29e739f36,5,,"Meu produto chegou no prazo certo, e eu adorei, estou muito satisfeita.",2017-02-04 00:00:00,2017-02-06 22:55:35
f332c3212788fe2fa0f2e92eddb222f9,03a479456d2571485ebce285eef65f61,5,,Chegou antes do prazo,2017-03-15 00:00:00,2017-03-16 13:18:38
16a9218ba0d2c43fdd7cae422a5cde4e,09c0caffae8336db750e232298e4a574,5,Entrega rapida,Os produtos chegaram conforme o prometido de qualidade e entrega rápida antes do prazo final.,2018-08-30 00:00:00,2018-08-30 23:27:36
4980422aefc83a45c3d413d91df98331,0170fdd7ac7c7bbad5308207bd25a679,4,,,2017-07-11 00:00:00,2017-07-12 00:11:15
659cce7bb9e2cb91e2276f45e8f0dc33,08b1c04da876c66dc6f09acfd8d12f4d,5,,,2018-03-02 00:00:00,2018-03-03 12:06:27
86ff38d4806d756c929dde2e56897f47,024d4ef645f204e4f95cb2a0d9cc61f9,5,,,2017-11-11 00:00:00,2017-11-11 22:27:04
9f2b2dee044af4983b7728ff87f43564,0a79d1506c2e0249c9aff8723bcf51e9,1,demora na entrega ,atér o momento não recebi meu quadro!,2018-06-03 00:00:00,2018-06-06 15:55:31
6f6f67bf9001fd504af727529b15ecbc,058afe6c6322b4773393a66003934493,4,,,2017-01-25 00:00:00,2017-01-28 16:24:33
bd1dcfd26e525cbbae5ec69ddd506c29,007ec946d4f798caf2b43c9d44c56421,5,,,2017-12-07 00:00:00,2017-12-08 08:43:36
923fa4fc354ec3831b6b39f1dc688e7d,08bf75dcf867b9f13026785053e87052,5,,Ótima qualidade amei...,2017-08-24 00:00:00,2017-08-28 18:38:22
c10a11544581614132e8750a5e30975f,0173932ad60ecb31c620fc523d9f40bd,5,,,2017-10-26 00:00:00,2017-10-29 19:07:46
52c8ec046f1e71dd2f4bddc76064e43a,0b65284a1a74114ea029b7676fdc1ba3,5,,e muito bom vc compra e chega no dia certo ,2017-06-10 00:00:00,2017-06-16 07:09:38
8bfd3703b1a892e3b4ae3d1002167243,08c9aa0c0fc860ffc3ae1fbd1da5bea5,4,,,2018-05-15 00:00:00,2018-05-26 21:43:34
2cc217a3ff9b3e7eb8496239c90e4dfe,0542a77eb7f00f9ed2f08c1dba22a43c,3,,,2017-05-26 00:00:00,2017-05-30 19:36:52
ba4830e47c062d40eb304e6075e29180,078012a290408a687e5802ac7ad6c0aa,5,,,2017-05-26 00:00:00,2017-06-02 14:20:03
267f39ca5178400fe7c86c0151ddac07,033e33708df28579692a3d19492c6553,4,,Esse produto somente será testado na prática numa tentativa real de furto. Aparentemente é funcional e deve inibir a ação dos bandidos. Tem bom acabamento e é de prático uso,2017-12-19 00:00:00,2017-12-20 04:03:42
0bbd41508a138d1188db1d9f765bd6bb,083606af9191f3c3119ed90e616df1ca,5,,,2017-09-19 00:00:00,2017-09-20 00:39:27
5d18bdc4ce0013544deab975abf45283,0625530241d6fc5812c0062962c29a7e,5,,,2018-07-04 00:00:00,2018-07-05 12:50:56
d785c16fd3323445a12df4273f55b58f,0a84fbd88ba3278bbb66308e79b2f416,4,,"Tanto na entrega, como no produto, recomendo a loja, pois atenderam e superaram todas as expectativas em todos os quesitos.",2017-03-14 00:00:00,2017-03-23 19:53:21
a94470bd9b6d68015ec36246cf57a887,08921fc98ee1dc54454ae8af90493c44,5,,,2018-04-21 00:00:00,2018-04-22 01:55:56
ec105fcaed331e4cb17be49b45656d0e,03ce210a1614bb5a5bd3f4e3296840a1,5,,,2018-01-27 00:00:00,2018-01-27 22:36:51
466955c83a10d0ec143b60511c906bc3,07723291efda5721921a779f58cd3946,3,,"Cor amarela bonita, simples e sofisticado, mas a lâmpada leva alguns longos segundos para acender totalmente, e às vezes falha, tendo que religar. Espero que não queime logo. Não recomendo pelo risco.",2018-03-09 00:00:00,2018-03-10 15:05:25
59c703e7066e7ac076058a175d0756d5,02b2c02d27d60c0e658675335ca80216,5,,Entregaram direito porém o correio n entregou em minha casa,2017-09-01 00:00:00,2017-09-02 01:21:21
ef40418f80ce4b9b13cc7b10974e6dd3,0ab8d66a698afcb3665ba9be03cedc6d,3,,,2017-12-14 00:00:00,2017-12-14 22:35:47
db86eee32d6b9a1719e22f2aab63b24e,086336eee2f5956e2a6a18369abd023d,5,,,2017-08-03 00:00:00,2017-08-04 00:45:45
ab1c72c0a61afa0ed1d4e5123d221b46,0b7d34c9f64b1a147d6660ceb770aba4,5,,,2017-10-06 00:00:00,2017-10-07 04:17:52
88d54c4a3a7eca36f0e2416e03f7d0fd,02014f2495eef0e869616829d481d743,5,Super Recomendo!!!,Recebi antes do prazo!!! Bem embalado!,2018-08-28 00:00:00,2018-08-29 10:40:31
6faeb7e300385ac5f8980e7498fe6a04,0b06c30e567314a9dd1c74fab08ad81f,5,,,2018-06-22 00:00:00,2018-06-23 12:42:57
df16ac94a7a9f84bc6cdce801097a282,0af4a846cbf75b456c934b786d683618,5,,,2017-09-14 00:00:00,2017-09-16 15:37:57
d8c091f6a65429d0f636910e8f969aaf,058a48943f3034afea88ff56b960dfdb,2,,,2017-11-29 00:00:00,2017-12-01 14:51:22
58309db54abf424e901c2fcd35f0805e,03a54d3b0f15ac01bad656997420d3bb,5,Otimo,Parabens nao tenho nada a reclamar !,2018-06-07 00:00:00,2018-06-08 01:59:27
1f11800d20bd5868f98acbd85889e21f,04ffb64e3f80d17e95e1934561c8f64a,1,,,2017-12-19 00:00:00,2017-12-21 17:02:46
e771833b5de7933781336fcc9aeafe74,08a2bc9386ffb58b6637add8a8e7d4fc,5,,,2017-11-22 00:00:00,2017-11-22 20:28:58
ec5008eafb628525087606fc92446865,033b0e94801f401cd19503fec4b784d6,4,,O produto veio bem embalado e corretamente conforme anúncio. Recomendo.,2017-10-24 00:00:00,2017-10-24 15:17:47
e1e140bd572dca24be659828a479275d,0a075803f6a9f73007c86d42003cc231,1,,Houve cobrança do produto na fatura do cartão de crédito. Não foi entregue o produto até hoje e o fornecedor informou que não ha estoque. Gostaria do reembolso imediato do valor no meu cartão. ,2017-04-30 00:00:00,2017-04-30 12:05:19
99264c4b3fd3b0190b168d0fbc5db77d,08b7104ed7002c5ada9a6751b7a464da,4,,,2018-03-25 00:00:00,2018-03-27 22:37:07
e225700ab0d2bbedf275ae61b6795527,079b79bacc6e0a0c7ed93cd6e3624f6e,5,,Produto veio certinho. Tudo ok,2017-08-15 00:00:00,2017-08-15 23:39:33
7579e0770ef8549b8facbc135cd76944,086cb9cd0cf7067d77fe09f31620a52b,3,recomendo,Não veio nota ffiscal,2018-06-29 00:00:00,2018-07-03 10:58:47
5c0dfd23d4f533cbe969e5438b070f8a,0a020ef040e4b3065551bb31e0aca1cd,5,,,2017-09-14 00:00:00,2017-09-15 10:43:39
c793b25686e244588d4fc71964c95a2c,04f1827088d972a62224f5203a071500,1,,,2018-01-07 00:00:00,2018-01-07 11:14:04
65049b3676e6edc693a01151a64f7a47,0cbfa7741e21d7a732157a50ad8381de,5,Pedido: 01-68698482 de 21,,2018-05-22 00:00:00,2018-05-25 21:49:04
01c72dd51799b5d941f906422dab2d28,0a52d1f5b66c689f3955b3711ba7cc17,5,,,2018-03-13 00:00:00,2018-03-14 09:22:14
f1b03a4a5b84d800e57920795189c8f7,021397df4601b61a8bd063be9b5c54a0,1,,"Comprei três e só entregaram dois.
Ficarei aguardando um retorno!
",2017-11-20 00:00:00,2017-11-20 17:33:46
e8e666370f959dacaeafbc26247760b0,04e1ca520a917164808b7fd567f9b57c,5,,,2017-05-25 00:00:00,2017-05-26 04:52:22
174a50ecc3181301a3585ff14ab5f98b,001427c0ec99cf8af737bd88e92fd444,2,,,2018-04-26 00:00:00,2018-04-29 11:07:36
43cc5ccab9673362ecd87d29d1ee6c76,0b26649ec6ddf0ad51f419691e14a0db,4,,,2018-06-12 00:00:00,2018-06-13 08:52:25
f89aa0dd2711a44be8939b544da9df5a,037f4f91c8f5cd2a6ddd52a63d97fdcc,5,Excelente,"Ainda não instalei, vamos ver o acabamento é muito bom!",2018-07-24 00:00:00,2018-07-26 16:51:14
c6df67e4467bf3cb4b05965369bb2515,07120a6d39e99f6aec742cfa39ab4cac,5,,,2018-02-01 00:00:00,2018-02-05 09:08:49
18f7753cc18c4c77f19e0af4fc3081c0,094dbecbb0ab054a620f21c04e82df03,1,,Não recebi o produto,2017-10-29 00:00:00,2017-10-31 16:46:28
51cf8834aff19f769503312845560eee,0cf68e3d525fbc20d4080a496006a8d7,4,,,2018-06-19 00:00:00,2018-06-20 01:08:56
c050246cbd6bd69c46b4b16422cd7976,09903d25ea3d162aeb40057420caa5bb,1,,,2017-12-22 00:00:00,2017-12-22 15:55:24
0fb3378a0c147b1263c56903fbcdffeb,046ce63db7db8b9160b6231429c8ea66,4,,"Ótimo produto, eu recomendo.",2017-09-16 00:00:00,2017-09-20 00:00:28
039ef96530dd7e9ce0910d86a129103f,01115c06246220def210911556bdc0e5,1,,Recebi apenas 1 unidade e comprei 2. Tento ligar toda hora na lannister.com e não consigo. Já enviei reclamação e solicitação de resposta varias vezes sem retorno. ,2018-04-04 00:00:00,2018-04-04 10:49:50
1541dc6ea5c946736ca10848be8ace80,07732c37b9e8ad65b02e545a3343f361,5,,,2018-04-28 00:00:00,2018-04-28 20:15:26
27efd1b64b5b9d292ba7ac4c35bfa8ee,007c7cb12ef3567531307ca78d395758,2,,,2018-03-13 00:00:00,2018-03-14 11:03:34
9326e30250ab80154348fdb859b70fac,06a07c0ad4e1811f48e86d2c56c7b705,5,,O produto chegou antes da data prevista. Super recomendo.,2017-09-19 00:00:00,2017-09-22 17:28:02
fa86bce5ad4e3e54fea7c36b1f3b6f2f,0a1830f41dcbe9b26dc35c0c71738796,3,,"Foi a primeira vez que comprei no baratheon e gostei.
Eu tava até pensando em comprar uma bicicleta, mais quando eu olhei a taxa de entrega, achei muito cara.",2017-09-30 00:00:00,2017-10-02 23:49:07
cdb88d66710b4e48217bb972f56a5695,078f6e79012194cd9eb77b10f6753d77,5,,,2018-08-10 00:00:00,2018-08-11 19:20:36
b6278c79e1d0cb0b520765588338f657,0a2a2670426b66ba24372c7d03da2ca7,5,,,2017-12-07 00:00:00,2017-12-07 19:05:39
896e022be4ff3920f1c4fec42b4bb73b,00998f38df3012359ef195ca75ebb329,4,,,2018-05-19 00:00:00,2018-05-21 18:12:48
c31ad0f9d2bc538dc82a45ff6793a7dd,05ad157e8f606d82b474fd05703b7610,4,sastifeito,o protudo como eu esperava so que não tive tempo de destalo mais garando que muito bom,2018-05-21 00:00:00,2018-05-22 22:18:15
42e86672989eb593c052cf74ed16e52b,03cdb68275d2470616d79840dd83e1a2,5,,,2017-04-29 00:00:00,2017-05-02 01:00:50
d7d75483b9c439ec3e4bebdd53dc7eb9,0b7faa591b1acf3fa59f5297017b3058,5,,"A tinta veio em bom embrulho, meio amassado, mas veio corretamente embrulhada em papel bolha. A tinta aparentemente está, ok. Ainda não foi testada, pois minha tinta ainda não acabou...",2018-03-13 00:00:00,2018-03-13 23:22:33
1f7aebc3c2d5bd391eb2d46d07e42b3d,08c7ad853a45735072fee2be62052da3,5,,,2018-06-23 00:00:00,2018-06-24 23:19:53
25434b3dfb19d0aafcf17660729504bc,00cb9736c0b43d6c1e2fbb2b88e69f6a,5,,,2018-02-17 00:00:00,2018-02-20 14:13:48
dbed452ff64865ceabcc0464038aaea9,0cce1e1470bc8d35d6a2bebb6991bc1b,5,,,2018-08-17 00:00:00,2018-08-20 02:39:15
7149b0b3f5eb5c13e361336974e8febc,0653cf037de0812e8ba775b4a0ea9c2f,1,,,2018-01-23 00:00:00,2018-01-24 10:50:31
451b9cb174152d89240bd6e5c5bc5dc8,0c0200c8b683dcbc6138639044bb781d,5,,,2017-11-23 00:00:00,2017-11-23 14:57:48
ec42d69544dea9a173966b9b23f9562e,0b127810f86631fa896fd74a421045f8,5,,,2017-09-06 00:00:00,2017-09-11 12:31:19
3de86d2ce266623f4cf0d7bb9d951e4a,04e83658486074318f1a806c19265817,5,,,2018-05-12 00:00:00,2018-05-14 13:10:14
025ece99dcf5abd7182e6a1af79d96ea,01c4f4e08d9e8b7c5bd47e612285993f,4,,,2017-12-05 00:00:00,2017-12-06 01:26:04
cc96d7f4f1853ffac954ce4fe2c05661,0785459f4688c430590e9ef6eff2fecb,5,Parabéns ,Ótimo produto,2018-08-31 00:00:00,2018-09-01 03:06:05
cfd6d8b6435a51f9f5b4707ab66d136e,0ac37dcbb2a733a4d81866a91ff65965,5,,,2018-07-11 00:00:00,2018-07-12 14:52:16
0aa53370a3df5872056100644c0f739e,053060b606af02b5ea4b079dd492ec5b,5,,,2018-07-21 00:00:00,2018-07-24 11:41:52
9489f6a6f096f2d670ca487950acd652,0ab49faaefb509c82d19a0d26239a4e3,5,,,2018-03-16 00:00:00,2018-03-18 17:01:42
a8d011828bc7a9508b221e3f4d6a8f8e,0b5c913b831ba3f6eaaab61c2d7cae6d,2,,"o produto é uma porcaria. não vieram todos os parafusos, o produto entortou o cano com a primeira sentada na rede.",2017-12-30 00:00:00,2018-01-02 13:43:31
f5abe05962e90915a4b48b2a12327ace,011c899816ea29773525bd3322dbb6aa,2,Achei estranha a embalage,"Recebi o produto numa embalagem de papel, geralmente esses relógios vem numa embalagem de materiais duro etc, fiquei com medo de ser falsificado. ",2018-05-16 00:00:00,2018-05-20 11:58:09
e7312d7de3ea227096127d61df6ad818,0acfe927eda045512670dbbf763b330a,5,,,2018-04-28 00:00:00,2018-04-28 18:58:01
cde0922c325805a341ec63b962dfc5e2,0a90fd1ec2b6416cf95f9f9dbca21d9a,3,,gostei.,2018-08-04 00:00:00,2018-08-06 19:09:58
4e5012ac1694f6989a56164c2a1674d7,0350fc2d00f48ad8a74efdf4d2fd4bdc,1,,"estou desapontado, já paguei ao stark 2 parcelas e não recebi o produto .",2018-01-14 00:00:00,2018-01-19 01:38:48
c13699f8e389acea5f406e527f0edfb3,00482f2670787292280e0a8153d82467,5,,,2017-02-16 00:00:00,2017-02-17 10:32:17
bf5ef75dbc5abd9a9496c1fd484853b1,0bd46f135d0346fb97b4901188374829,5,,,2017-10-27 00:00:00,2017-10-30 13:34:21
db9367af3aa46701c92947007fd9e03e,0122e81ff800460e44bb9c983ff2a2fd,4,,"Compra sem problemas, produto OK entregue no prazo.",2018-03-29 00:00:00,2018-03-30 01:42:06
b5e71e87bfbbcd2a826b9610bac99680,058e0a8627dc25b49eae4ce6ca658cb8,1,atraso na entrega,nao recebi meu produto e nem uma posição sobre o mesmo,2018-06-03 00:00:00,2018-06-04 15:31:34
685714eb030487193a594088fd424d45,08523d94685d7c7efc1381136873cab3,5,,,2017-12-06 00:00:00,2017-12-06 16:04:22
4f86ef60e447379dd2999a23899e74e8,076e07cd8d9c8b47dfc2fbb22c58e895,5,,gostei da pontualidade,2017-11-04 00:00:00,2017-11-04 19:20:19
76bdae3eccef321ba421b0e3d20e0e01,09b748b3799286e3df820f2d5528abbc,5,,"Sempre no prazo , sempre bons produtos. Recomendo ",2017-05-19 00:00:00,2017-05-22 11:38:28
83ae058b4142c07fb2acd94d7a488539,0b09c5e4c2512f627190ac55a78c35a3,3,,,2018-05-15 00:00:00,2018-05-15 16:42:05
715dec3e0830052a337ad04a364c5ba6,021f21b778ea0a81da47ebe141b1b29c,5,,,2017-11-04 00:00:00,2017-11-06 15:08:08
ec157ff7d5550fcee765224a8876c0f2,07c60b22ef2c61750215fd44cf67f928,5,,,2018-08-14 00:00:00,2018-08-18 00:06:22
50a4c1860d29729ec2766f05b3cb0c1a,0665734cec5349770a82280c326abc2b,5,,,2018-01-24 00:00:00,2018-01-24 21:21:54
a9deaaeaa6837c4bad7abf29219da20d,0b1bd7cdeb2d703ebe602a2989a86f9a,4,,"Positivo: Ótimo produto. Muito bem embalado.
Superou as expectativas.
Negativo: produto chegou entregue dentro do prazo, porém houve algumas ocorrências que o fizeram atrasar alguns dias.",2017-09-16 00:00:00,2017-09-18 22:26:03
ac4207272b8f722afbf66936608b81ae,0b8df9666ae41f9985a6f7d73047d62a,5,,"Adorei a Luminária, o produto chegou em perfeito estado, já está instalada... e pelo que eu pesquisei em outras lojas, o valor está excelente !!! produto de alta qualidade !!",2017-12-13 00:00:00,2017-12-14 16:36:43
cf89cf129edd8c5fa00dcbc2bc2ea22b,07629443859f99dfac4443b102f31ead,5,Excelente ,,2018-08-28 00:00:00,2018-08-28 22:15:19
7ad526713c05aef02533f1dd26da23da,01218a8a807fc187849529e6f12237a9,5,,,2017-11-02 00:00:00,2017-11-05 01:08:08
4b17beb9e003b44fdd0a773763cdaec4,0c2766159bd610cb7f38a657ebb28e39,4,,,2018-05-16 00:00:00,2018-05-19 22:07:28
e5b00deb2a95ef8f86c9322a38e494a4,09a1022dc99a8046b87235a846062035,5,Linda ,O tecido não é algodão mas pelo preço vale super a pena. É linda! ,2018-07-03 00:00:00,2018-07-04 01:16:55
747b559eb8f1dfbcb9faab0f3b5cb5d8,08b57d9de8bb87cfd045a7bc735ba831,5,,,2017-05-27 00:00:00,2017-05-29 21:53:02
fafb560db0bc85e7dde655a040c9fea7,06c94a45382f44abb2968a87bcee9bcf,5,,,2017-12-21 00:00:00,2017-12-23 18:00:11
a2b5c44842a2b46bf91fa4860633647e,062b06f0cb6f133e2b963e4947345e17,5,Prazo,"Produto enviado dentro do prazo. Como ainda não tive contato com a mercadoria, não posso opinar em relação à qualidade.",2018-05-05 00:00:00,2018-05-07 12:48:30
d95a457d13382354362031ebd64f4fc2,0a8ad519fc5624a7862124decee24b27,1,,Parceiro targaryen não recomendado. Produto veio errado e devolução demorada para ser resolvida. Mais de 30 dias sem solução.,2018-02-20 00:00:00,2018-04-04 19:06:42
5cfbb5185b62adf51a71d188d2bc0770,0923b9182325b77894f97a1a532c7102,3,,,2017-10-25 00:00:00,2017-10-27 17:43:57
b75e77d965a7b59e216c29e4715322d4,040375f78f9a97d7edfa4e9d2aa8273d,5,,Compensa e muito a comprar. Pode comprar sem medo de se arrepender. ,2018-02-22 00:00:00,2018-02-23 14:39:01
fe834b106b4db9ef005f6af87609e264,00f1a34f176151c4dcbd802c244e1072,5,,,2018-08-23 00:00:00,2018-08-24 16:47:36
9b8c81f680374b4b9e99ab4b8822d4b3,05fb9a42b233b4fb63dcaec6fac364a1,5,,"Vendedor sério, produto de ótima qualidade, chegou uma semana antes do prazo estimado. Nota 10.",2017-11-26 00:00:00,2017-11-26 17:40:49
c5950efcb02527a267705642e02b96d2,0baf99fae5355ac5c8b31a2d33fd830b,5,,Tudo de bom,2017-06-09 00:00:00,2017-06-12 03:14:45
11650e3cd3b71645251f426007fc7f9d,0c55bc7181a82565bc9da1e2842c84c7,5,,Muito bom,2017-12-24 00:00:00,2017-12-25 14:36:19
8365f451819ff981e5766cee1643f3d6,01b2dd042de98a15b6a9a141bf71c344,5,,"Chegou antes do prazo, produto igual descrição. Lindo !!!",2018-03-17 00:00:00,2018-03-18 19:50:42
7dddf31b1cb89678f77e28d7c0ebdd48,0838c36e9894cf5d929f58210d5b5bb0,5,,,2017-06-28 00:00:00,2017-06-29 01:08:05
7c61689015e6099852af8d2f5cb34c01,02d50facee2072550ae5a8ef3dc2e10f,5,,"falta 1 pendente, paguei por 2 e chegou 1",2018-01-20 00:00:00,2018-01-22 12:05:39
11f5075589083d80ba9698a5b8e3b85a,00cfabbe2a93b70beeec4894f86712a8,5,,tudo ok com produto e entrega,2017-06-23 00:00:00,2017-06-23 23:21:07
f2239588e91aa2fcdfa24d0107b05b77,056ab23f23c13e810d9ab8cbf9fd477d,5,,WEF2R2ER2ERF'23R'3ER,2017-10-25 00:00:00,2017-10-27 18:39:59
1fa91563e11a3d1a10e7bbb68399d365,01235dc626dcf13283207ba7f36a959a,5,,,2018-08-07 00:00:00,2018-08-07 18:19:23
1499b9bdfc9383ca49ffd56181065912,05ec9565bccc292561dec1d33bfefdfa,3,Recomendo ,Ok,2018-08-11 00:00:00,2018-08-11 22:39:46
ae126afd746324e8cff377a8196b786a,0adea70aa873a352ff8c3646aec71c31,5,,,2017-06-02 00:00:00,2017-06-05 11:48:05
2fa9d396503653d160fc21093476ee3b,03679d41c590caa3f9f56dfad35bff0a,4,,,2017-03-10 00:00:00,2017-03-13 10:36:40
b3f134aac277627a2dbc615099c74c79,0b50feddfae831cc657a703f9d929025,5,,,2017-12-22 00:00:00,2017-12-23 00:48:33
21a5d5303d298b749b0688d4a72dd494,0359008adff4c1def5a09bb92f7a5aa8,5,,,2018-05-06 00:00:00,2018-05-10 17:23:52
e76ba0e8d63a214ed9b52e22ce506aba,07f6947cb721727031402e0cd6d6e5e9,4,,,2018-08-14 00:00:00,2018-08-15 00:29:32
e03485d6335a75812bd5077196b27b63,02df7a4137081ada2a06ac6e2bca6364,1,,,2017-10-01 00:00:00,2017-10-03 11:52:10
18919e64014d2dee5a2ebf850802ec61,008cfe221ab054c89bc31720098cca51,3,,,2018-08-15 00:00:00,2018-08-16 10:28:18
1c88c1a43786628f5af97c4943de7713,04f917df18d906d8a147182234788026,5,,Perfeita ,2017-06-01 00:00:00,2017-06-02 12:53:39
a0ffec2030731d996800a2c2163b0df0,0a62a2ee479a419db8aebf78129b2f5e,4,,,2017-10-14 00:00:00,2018-02-11 20:42:51
aace238b157154c2d0f6955b7d05960a,08c01d43e93f5c485f48758550d41eb9,1,,Estou no aguardo da entrega dos produtos.,2017-05-22 00:00:00,2017-05-22 19:15:36
94f4ff835385231e34fd9f23cf4dc577,0c54f2a2eeb0c42bd55937babb4669eb,5,,,2017-07-19 00:00:00,2017-07-20 08:19:31
2b7124a1a7a4e341f4f4569977fedb48,0a6312b2e86fe734ebbddaae7fabd14d,3,,,2017-03-31 00:00:00,2017-04-06 14:31:34
1b03b27a768542084671030fde6efa3f,073df773abf715c8e62c999668a9cc49,4,,,2018-01-26 00:00:00,2018-01-26 19:01:51
81a3a61c1dafa84947901d9eeec4e605,0af93579d0c0b252568071928b2ad465,4,,"Produtos de qualidade, prazo de entrega excelente, recomendo",2017-12-07 00:00:00,2017-12-09 11:42:08
4d3a6f05ba1bb8e9a341aff20e79a13d,0b0f3c7a9bcb6ad1fccab28f9240da6f,4,,,2018-07-14 00:00:00,2018-07-16 11:36:51
db947d57dd7720a83b2224879fe06a7a,02218eb2a33847087a46d34397835b2a,3,,"Tá faltando ainda a película para o Notebook, o pedido foram 3 coisas, recebi a bolsa para Notebook, a mesa, mas tá faltando a película. Porém sei perfeitamente que ainda tá no prazo para receber.",2017-07-01 00:00:00,2017-07-03 00:59:41
f543cfa959c3289703f144a32113bd78,04f1827088d972a62224f5203a071500,5,,,2017-12-30 00:00:00,2018-01-03 10:40:06
0ebf47ff0c93defea829683bc3fe48a5,04584330f2068c5aa42306130a5ae0e5,5,,,2018-02-01 00:00:00,2018-02-05 00:55:20
3f4f9a7b2d4edd77f5ed6abff4f3ebb8,08d55c0e173bdfa5770a50a253b1810f,4,,,2017-07-07 00:00:00,2017-07-10 12:10:43
de32ddd61a58385e6c5daa0c5c2a72b3,0188ca1fe398161f0f310fec985ac155,5,,,2018-07-07 00:00:00,2018-07-10 21:59:29
2d429ce01053c817a12c0c4429931166,0965b209e76b9ac20f7dc673c735ade3,3,,,2018-03-08 00:00:00,2018-03-09 01:08:39
9f1cfbcc5c7e64efc61d53b1b2f6d9da,0927a99c4c0b6c6b2487a4e869f7fc2d,1,,,2018-01-11 00:00:00,2018-01-11 09:04:59
86c687b9094e8cbaac459c9efecde670,0735a85a187bf67cfe490862c0e72bb0,5,,,2018-04-07 00:00:00,2018-04-09 22:21:55
9912b4aced1e39fb06471abd3a729f6d,09324a6d203673f8d0b62bd726f25a87,5,,Linda foi o tamanho que eu desejei...,2018-01-04 00:00:00,2018-01-04 23:34:09
4725872391a8db2e366d839ab4b63e85,045c7a03ba28c7d7b3c58e3897f587a7,5,,"Amei a minha bolsa de couro, além de ser muito linda é bem leve. Com relação à entrega estão de parabéns, comprei em 19/11/17 com previsão de entrega para 07/12 e chegou dia 27/11.
",2017-11-28 00:00:00,2017-11-29 09:57:23
ddf396c64530f633e96ba1546d16d604,066bcda20b88b5f4d4870b32a387f822,3,Entrega no prazo,"Muito boa essa loja, não atrasa o pedido os produtos vem certinho...",2018-08-07 00:00:00,2018-08-08 17:19:10
6e0b1f8e0de9fc84b3586033d02e333a,04d545b51bf8586200b03f1e22db97e2,3,,"fixação média, mas bons para o cotidiano",2017-11-01 00:00:00,2017-11-02 00:03:29
042d000d710de80f0b387bd0f4349c45,037853d95871494e2e6147d00e37659a,5,,"Rápido e simples, primeira compra feita com uma mão, pelo celular.",2017-08-26 00:00:00,2017-08-28 20:57:26
8b5afd726cc86efde6b416387b9d3ef4,0571cdb407bf04b419c94ffd7acbd874,1,,"o película que recebi apesar de vir identificada a ""caneta"" como sendo para um CELULAR LG K10 - é inadequada para o modelo por ser pequena, não a instalei pois ficaria rídicula.",2017-01-31 00:00:00,2017-02-03 08:52:23
b556d50a332264879cd04f5a267efc48,00b47ee856118583dbec7d1f9b18d847,4,,,2018-04-10 00:00:00,2018-04-11 15:53:20
1d302aa45a8b088bb8b5615b70719bf8,0cae3fb9a90f5aeeb7b3770b88f77851,1,,A ENTREGA ESTA PARA DIA 04/04 E ATÉ O MOMENTO NÃO RECEBI. GOSTARIA DE SABER O QUE ESTÁ ACONTECENDO.,2018-04-06 00:00:00,2018-04-09 11:42:24
67086a655e65e58b09be3c7e8de7b514,0cee2d1291e4f4af44e64ffa455e15de,5,,Muito bem atendido. ,2018-01-12 00:00:00,2018-01-13 14:12:03
43a8434857dbf1118c88adfd7773f67b,0675116b5556a78cf0413f70aa9f235e,5,,,2017-01-27 00:00:00,2017-02-01 18:20:11
9cac16db2e83912be43f32354c9f120f,011375f941b3695c3c3ee58bfe0d3655,5,,,2017-10-07 00:00:00,2017-10-09 22:24:43
b0a328e40d9916676955c5079a669420,01311f2795d8463a11f9422173687696,5,,,2017-11-08 00:00:00,2017-11-26 10:39:07
39dc9b3e04f639fa8fdb4789f5d57f6d,05c44e3898cc7d836584bfaaa36d0017,5,,,2017-04-13 00:00:00,2017-04-14 01:06:46
40158dbc7bdf29337d1ef0dff0733e40,015e051dbb2407d4bd305635e46b732f,4,,,2018-08-07 00:00:00,2018-08-07 23:09:54
970b38ac016bd973fd3c44c69ce96e3b,02036bc298ab3c1efc98b116f420d646,5,,,2018-08-28 00:00:00,2018-08-29 09:18:28
2dd90fe4d4ca857c7469a13979069d6b,09ced678dfa43843d2f38c410def94aa,5,Muito bom,,2018-08-10 00:00:00,2018-08-15 21:43:06
7b6427b9942b1684991af6ad1a821179,02b939dcd55f2b17680e10690deb08b5,5,,,2017-08-09 00:00:00,2017-08-10 12:56:35
78c562ff2340f97db03c54ce669ad255,01d80471e02a3ba49c8e1d0abc2c1a64,5,,,2017-05-17 00:00:00,2017-05-18 01:10:17
0060224a4750ca9f2df557474bcfb605,00a13ab02fbe82f78cd84f14e41564ed,5,,,2017-12-15 00:00:00,2017-12-16 08:09:37
bc69d6229bf06da4c5a1986be73fd146,0368f4fdb586fe3cde123934d4ab5b5e,3,,toalha muito fina pelo preço ,2017-06-17 00:00:00,2017-06-20 11:03:25
813e42ab4fff6ebfc6646cb05d63731c,0b4d60b8c7aa289e337094f0fb7ec296,2,Acabamento ruim,"As peças encontram-se 'remendadas', mal soldadas. Pra quem é detalhista pode se encomodar. ",2018-08-04 00:00:00,2018-08-06 00:49:32
26afc2fbc7c9b9b5a6716507932115ee,069ba523744cdda8bdd148d748540487,5,,Ótima loja e Produto de ótima qualidade!!Recomendo!!,2017-06-22 00:00:00,2017-06-23 02:15:11
a3fd9317a7bd364f2c2f247d213262ae,024ab991361d48e491b7dad2f172b43f,1,Insatisfeito ,"Comprei a cadeira com a previsão de entrega de 2 semanas, já fazem mas de 30 dias e nada da cadeira. Comprei a mesma cadeira em outro site para uma amiga, ela recebeu com 20 dias e eu a minha nada",2018-06-27 00:00:00,2018-06-29 15:08:28
049cd2b0bb4c3a214d6b143a64441ed4,0aa240e0cbbe794b5470e659a22b614b,5,,,2017-05-04 00:00:00,2017-05-05 15:40:22
1058e995a9dd28f58bff16e0ff114417,011abf147a69ba486bae3a74b6cd1814,5,,,2017-05-23 00:00:00,2017-05-23 23:22:16
fd4792196a1dd7bb52384ccc54dc8c5e,05e6501cdfbd86fe9a3a788c3d411091,5,,obrigado continuem assim vlw 😉😉😉😉,2017-10-20 00:00:00,2017-10-21 04:56:57
7d11a1c5fd7b536288d74c4ea62d9128,03b218d39c422c250f389120c531b61f,5,,"Eu recomendo muito o produto, além de tudo a entrega foi muito rápida.",2017-01-19 00:00:00,2017-01-22 02:11:20
acca7f278bc9765a71349fee702a84be,03e7fbb471b77e2baedac2662bd76db8,4,,,2017-08-02 00:00:00,2017-08-07 11:04:01
81bb69ce87c40c7e6a52a97a7ceef176,0232512713ff84ce6ae5c96971894149,5,,,2018-04-12 00:00:00,2018-04-23 18:43:23
cd8ef30e7f2346f0eb622d078cc21914,07f83d154c11676890dc6275328ba6c1,5,,,2018-06-27 00:00:00,2018-06-27 20:41:34
6e70749f59293ab1cd656a1587ee6fb4,025c72e88fbf2358be05c594d4ad5091,3,,,2017-03-29 00:00:00,2017-03-30 01:01:58
ce57b21127876d49417df5df4e8a05f6,0754d33c0d259d6851e811948048324a,5,Muito bom,Entrega com rapidez ...obrigado pelo respeito ao cliente,2018-08-18 00:00:00,2018-08-19 01:27:47
746c65dc4f84691b8bf47cb233f2c4be,06be8b2c2a6e818814aa5416c3512ca3,3,Satisfeita,,2018-07-31 00:00:00,2018-07-31 21:30:34
aadfe244470f4e024a3f7b718f14f43e,06c8b01414c769ebb36a9cd0fdb97baf,3,,,2018-02-01 00:00:00,2018-02-08 09:06:31
2456e7efff67f311120496a395833db6,0b6230647ed16f4b3e70282dc4b5b87f,2,Mercadoria ok,A cadeira veio ok e no prazo. Dei apenas duas estrelas pois os demais produtos pedidos chegaram com uma semana de atraso na entrega!,2018-06-13 00:00:00,2018-06-14 11:33:01
6e8f1161c25634d62921639833b4ee22,08ab4cd4d921b31bd7719eec989aee97,5,,,2018-03-02 00:00:00,2018-03-05 11:02:29
b4d134b18f2e2d729ddaf9a8a9c40cfd,059f8a8f4a2c52a1969278f9f484fca6,5,,,2018-02-20 00:00:00,2018-02-23 23:35:16
daa6434f0dc29f170dcb588e4c93ed84,05535f67cf6802000ad3107136cff4bf,5,,Mto bom. ,2017-09-22 00:00:00,2017-09-22 17:40:37
b83e05830d99df7462c431d41d95b299,04782e9b6da0d4326e534dae5dd3e09e,5,Tudo OK.,,2018-06-05 00:00:00,2018-06-05 23:08:04
714585dfaae51860f670446f6a9c4d46,0654ec8b2a748a63a67ea1e763857357,4,,,2017-10-31 00:00:00,2017-11-03 01:21:21
4dabd36c045ad78b9064e1a1c3e40475,06fec3f6e9e72edb698e63c30a8f027f,2,,,2018-07-12 00:00:00,2018-07-12 16:46:43
43149f150bda084967871c78a17c7d17,055bb586a2d17c7677a6096c56b6e2b0,2,,Comprei 02. Unidades só recebi 01,2018-03-24 00:00:00,2018-03-27 09:30:44
3b5f3f3862edca0f641b27640c5aa17f,0ceeef56025eee22241c8d510ada51a7,5,,Produtos poderião ter um prazo mais curto para entrega.,2018-02-17 00:00:00,2018-02-20 13:30:08
2b62c1a9b0b489804fda56fa0c369b22,0a2c9c3fedb974fcf5a8a569e9ba9da9,5,,,2018-08-07 00:00:00,2018-08-09 16:57:21
ad701398a18f00b505feb7809f545565,06cbf106e272a3ec4e936665d4489591,5,,,2017-12-22 00:00:00,2017-12-22 21:52:47
4d7c2bef15d360e5dd9bf40a40d92e51,080480ad9ab2cde9dd7f580cc063ecc9,5,,Gostei muito exatamente o que eu estava precisando.,2018-05-30 00:00:00,2018-05-31 23:55:20
3be32536d1f13ad5dede569d6ca97b3c,02acaa2a6f24e9c4e0bec7141b65f29b,2,,Nessa compra não etendi!! eu tentei realizar compra do HD juntamente com a capa o cartão aprovou a compra somente da CAPA. O site pd ter me ligado para cancelar a compra do produto menor,2017-09-14 00:00:00,2017-09-18 19:03:57
59d160f8ce92172828b257462f39f390,0c40894addb46fce19ca6ca1f11d9bff,1,,COMPREI 2 CLORETO DE MAGNÉSIO CHEGARAM APENAS 1 UNIDADE.,2017-12-09 00:00:00,2017-12-12 11:28:30
75182d5a487add1610318e2f4358bf41,0c9b9834c09d4fbf6bbadf2b3fba9828,5,,"Apesar do prazo ser longo chegou no prazo informado. 

Sem problemas. ",2017-12-11 00:00:00,2017-12-13 23:12:49
8c2052115d045b89f144d3f27d55f6f0,0c511eb6cecb1f110a807dad27440c81,4,,,2017-10-11 00:00:00,2017-10-12 18:29:58
51e76237a210a933a50f843f7f01a88a,0517f595d01e0c246ac759a754c6ca64,1,,"As tesouras vieram tortas, cor diferente da divulgada na compra. ",2017-10-26 00:00:00,2017-10-26 18:29:29
958072afab08ff7bdeaa28f281ea989c,0b01066982af6f2681ea9b0169f0d987,1,,A mercadoria ainda não chegou.,2018-04-08 00:00:00,2018-04-10 15:15:42
212f0a07de3fee7aa4f2505822b2e71f,09b010b4dba0b79a21a0505f234e44fb,5,,"Confio no trabalho das lannister,",2017-04-18 00:00:00,2017-04-19 19:21:59
139796620a5b63e4cc097380c7a9a810,045e9ebd4d41affc66333d58c3d107c1,1,,"A cadeira veio toda arranhada e encardida e a montagem não é fácil pois os encaixes são muito duros e no manual diz que precisa de um martelo de borracha, que não tenho e vou ser obrigada a comprar ",2017-03-14 00:00:00,2017-03-15 21:57:54
1cd141610c5f0120f82ebf5d2f2900f8,09d557bf440b6c3b40cacfbb24fd5e28,5,,,2017-01-20 00:00:00,2017-01-29 04:16:36
c6dbd92da12d8e4bcb5511bdbce042e1,097abce97e431993434adabc1aaec4e4,5,,"Entrega rápida, bem embalada. Referente o café estou testando ainda. ",2017-10-17 00:00:00,2017-10-18 02:13:33
56e7229994c5ec84360c20804cf01ad9,07e2a9d486a8394f2700230396e8d5f0,1,,"Continuo aguardando o produto e pelo rastreio está preso em Curitiba. Era p ter sido entregue dia 24 e hj dia 27 continua em outro estado.
O frete da lannister é um dos mais caros e o que mais demor",2018-03-25 00:00:00,2018-03-27 13:36:32
1e88b26dfacb4dd92cdc3a69bbfc685f,0911bde30c594a8d02279916da2ece61,5,,O produto chegou bem embalado e antes do prazo!! Recomendo!!!,2017-11-02 00:00:00,2017-11-02 14:59:07
b41c78f038e982a1836f2b00ec1184f3,0c2cf3b3583c8f83ff9b3122d44fdaeb,5,,,2018-08-29 00:00:00,2018-08-31 21:50:44
7736a068c44fe1cb63e150121f660ce0,0627a80d6b5c65e9b212271f845e34da,5,,,2017-12-14 00:00:00,2017-12-26 21:24:22
805f073ded483cd20fe121cecfee6fa1,042ce41927758767ec2aa0de06486b4c,1,,Compro em vários lugares sempre entrega no prazo e até antes esssa não entrega no prazo,2018-01-04 00:00:00,2018-01-04 13:12:55
667eedb21c629e2f6373d591a9a6e690,09045ce363fa81cd9f206c86b989e2ba,4,,,2017-12-20 00:00:00,2017-12-21 13:04:16
5e952a465eefe3cc3a52ebb3c5ffed3f,0bf01f26ad0f401b182bd0491ee79d34,5,,Chegou rápido e mesmo sem eu ter pedido veio embrulhado p presente. Ficou ótimo. Me poupou bastante trabalho.,2017-05-16 00:00:00,2017-05-17 13:13:47
0a997585ee6ed5a775b3ad71f0882f0f,04031be66943a9c385ff683fcc99d288,1,,NÃO RECEBI e NINGUEM da LOJA ME CONTATOU POR E-MAIL como prometido,2017-10-06 00:00:00,2017-10-06 23:05:29
a89e4e5aa54127b4e7e9ca74880b7027,035da499656c96f8f1cf920dd57ddc49,3,,,2017-04-19 00:00:00,2017-04-20 12:51:30
16577cca21dba444bc65541b179265f2,07ca60831e2821d9443f1a0dccecf9ca,5,,Gostei muito do produto . Chegou bem antes so prazo.,2017-08-19 00:00:00,2017-08-20 11:35:49
3441c8b3f9d14f2b1b2ac7097a54bc1e,0bb0ac36c272438c710c3ee74c77da1b,4,,"Muito bom, gostei do produto. ",2017-12-20 00:00:00,2017-12-22 23:31:31
2e941606ce3dafa1b662e9e2e5c37ac3,0cece095c1c8f6bd21ec851d74642943,5,,,2018-03-11 00:00:00,2018-03-27 21:24:33
7c7070c302d48281801317141495c4a6,0988c678736998fba42218af0ebf2c1f,1,,,2018-04-18 00:00:00,2018-04-22 02:40:22
378c8919b2a9ce60c8890bd8a09d8814,0426ac8a5e4a839db34bb45d7e313fa3,5,,,2017-05-17 00:00:00,2017-05-20 11:17:20
9d2292fc5c59419f8261cd601921c1bd,071b93a866ff2f7302f456e6bba8c9c7,5,,,2018-05-03 00:00:00,2018-05-06 02:21:51
aff581929ecdc4fe71217904ed607ff1,0588a3721b3d0a1f0b549fb84fd9cf10,5,,,2017-12-30 00:00:00,2017-12-30 18:46:25
7fffeb4e839b2c056166906486d3fb76,06eed67b7a87cac349143f3319c2b9fe,4,Ótimo ,Recebi o produto muito antes da data estimada para a entrega.,2018-08-25 00:00:00,2018-08-25 21:46:05
2babb4ff46d7b9d2548ba9ec917edd59,0cf8368e4bd533308d1d3b77bd9f2844,3,,,2017-07-28 00:00:00,2017-07-29 01:44:44
f6b13d5739d618c0a5189c679ff1bc7a,055bef2dbc886956379d21a556e11ff9,1,,,2018-02-02 00:00:00,2018-02-05 00:06:51
b463b66ba37525658fa149f429bb3cc7,05822c51346e781a05c5d2e497f1ccc2,5,,,2017-07-22 00:00:00,2017-07-23 02:15:11
8decc61f1f65c71972037dbd185910d9,0ae17ad341b336248ad884272d8c1c93,4,,,2017-09-21 00:00:00,2017-09-23 19:56:03
1ba18537eede297662157041edcb59ba,08f77a9d173ce275845e91e81500838c,5,,,2018-07-06 00:00:00,2018-07-06 20:08:46
6c50d16eb583d5db7e841b77e89b7045,0b223d92c27432930dfe407c6aea3041,5,,,2018-08-31 00:00:00,2018-10-24 16:27:36
ea56517f21f9a2ccde6047f836c76fb9,00946f674d880be1f188abc10ad7cf46,4,,"Entrega rápida, no prazo. O bebedouro é muito bom.",2017-12-18 00:00:00,2017-12-20 15:00:30
a1675bb2e8f0a4eac81b438a516004b3,03b5a8a7f871d2a792f7af458fe13b4a,5,,ótimo,2018-06-19 00:00:00,2018-06-20 10:21:41
bae8e00df5d855b5f7b21c14eea225ec,066e583c1ef730d7f1685807bc618cf7,5,,,2017-06-17 00:00:00,2017-06-20 13:34:54
8a74b9b05e32005b0a2b54da8cd537c8,044223df7cb37509bfeb2a0df1250ca4,5,,Muito bom entrega super rápida ,2017-11-21 00:00:00,2017-11-24 09:31:01
5fbe896d79120f44ca5337431a1e49c4,056a21113c096b87e87743862452a7d3,5,,,2018-06-26 00:00:00,2018-06-27 00:31:47
ddd55612a8a3aaedbca8f601af394c1d,08c7b46d1dfd29f3200c439119cfe4ac,5,,Excelente site de compra,2018-03-08 00:00:00,2018-03-09 01:50:16
0bcb86ceeed37db5b90a37872ab917cb,0a5235f11c613716411d3a631d55fc60,5,,Compra simples entrega no prazo produto especificado correto enfim simples e eficiente,2017-06-23 00:00:00,2017-06-25 23:35:13
d1a87be03a110a1a7672a073c491d799,0c99132c4ff916416ba8f74c378f1cbc,5,,,2018-08-18 00:00:00,2018-08-19 01:06:15
32a3733785d70a5a3b31db048410cd79,04e86e883a36a0775ecb4f34f581770d,5,Muito Bom!,Entrega Rápida!,2018-08-29 00:00:00,2018-08-29 17:21:31
895a3cd3a82e3fd327a5a55dc77fba94,04ef688ecd44ca2621c3f78abfdf42f9,5,,,2017-06-29 00:00:00,2017-06-30 02:57:16
ac791c0d5046bf28183b385b303dec25,0143924743f240e1fdcd6a8918fbe147,5,,,2017-07-22 00:00:00,2017-07-25 22:45:10
7175313d3bc445caa170ba666479b5f1,029b99b0436c25c8de22cb828831ffa8,5,,Bom,2018-08-11 00:00:00,2018-08-16 20:37:19
e7c57985fa8c5d3f0e7766fd0bf1e25f,02b02f566c72d81744ae60c7b6afa22d,4,,,2018-03-10 00:00:00,2018-03-11 00:13:13
eb7d7b649d0fb5cf60e1510754c30cda,0cbea266e238cccbca8f44662f87c527,1,,Meu produto era pra ter chegado dia 17/04.. E nao chegou. E nem si quer tive uma resposta da loja que fiz a compra..,2018-04-19 00:00:00,2018-04-20 02:55:11
a3def978a2d1913db106c85884165518,0ae45a816351887a536ef37fd5fd9853,5,,,2018-05-16 00:00:00,2018-05-17 10:28:57
c28764f05957e08181dbe0f9887ff5fa,035bb18fd268637e7d91814bf5e27fd4,1,,,2018-02-10 00:00:00,2018-02-15 17:12:49
e39806f8cf60e78471d43c5a2a944c5b,08bf2c1104a4d1382d651ad4e921b4a6,1,,"Na foto do site das lannister é exibida uma foto do cartucho Canon Original, porém o produto recebido não é Canon, trata-se de uma cartucho genérico de reposição.",2017-09-09 00:00:00,2017-09-12 22:48:42
0376d85a5ae33bc3ac59b5bc08987c50,073d1fe6e4e8956db691e04a1656ee9f,5,,,2017-10-07 00:00:00,2017-10-09 11:56:14
0fc8d70eb24bbbf348a9ac736fc7329f,019543c0de8386be97738b589ee695aa,1,Inversor de energia ,Apresentaram um produto que não tinham no estoque ,2018-05-30 00:00:00,2018-05-30 22:52:26
d81d06e82cd5badc43c09002a5c9dab4,055336f2daf168319875b812d23de1d4,4,,,2018-03-29 00:00:00,2018-03-30 00:08:36
db037ae39af80ca4f9c4f3cc4acfbf48,01a3ee1c837fb57db23d898f0eb5111d,5,,,2018-01-30 00:00:00,2018-02-01 22:38:13
63fece601f7ef9a3d20a166e3ade1912,0b584b729bdfec204ec2aa5d21d6ca56,4,,sim,2018-08-15 00:00:00,2018-08-15 13:53:34
85ea27ce3c0e578251c4efc7fa4a0a91,0363e6de0e2139c4988c0dba606fcafa,5,,,2018-04-26 00:00:00,2018-04-29 22:04:05
e5d2115f6c9c479a4f3a97faadf5d2c1,0446b999e57cddf002396ed4baa07074,4,,,2017-10-03 00:00:00,2017-10-04 10:37:21
3becffe61f4cd6cc20e5c75dbb9fc851,050c32bac1e923fa3406fdedf75feb89,4,,,2018-04-05 00:00:00,2018-04-09 18:21:22
fdc51a0132acc414fbdd65b98efe865c,055bdb24d39579d9c7b5d26176d05573,5,,"Excelente produto, recomendo a todos.",2018-03-24 00:00:00,2018-03-25 21:50:35
5d27d15f77a08095b66b838ffcfd4db7,0975d77f1213304145f61b455a53792c,5,,produto entregue dentro do prazo e com ótima qualidade.,2017-06-20 00:00:00,2017-06-21 19:07:24
d3f69299837ae9a0b5414838a9650f9a,078095c153e500cfcdd068f00b8d2e98,5,,"Ótimo vendedor. Chegou o produto combinado, com ótima qualidade.
Chegou antes da data prevista.",2017-09-06 00:00:00,2017-09-07 11:13:36
f1b65022be4122a220c31bc14a8ef316,0ca3024fdd038f1b734a8f1bc57e9055,5,,,2018-01-23 00:00:00,2018-01-24 00:27:44
d4469da4ea0680551bd2f446a5e45a28,03c6fd082fce47bdd5e0dc1f81a9626f,1,pessimo ,produto com defeito. ,2018-06-06 00:00:00,2018-06-06 22:55:26
1236b7dbfd9670e17d4f7803192c94a1,07d4b24a68e2180d4bc5aaf5384fa78b,4,,,2018-01-09 00:00:00,2018-01-10 12:38:34
efaf0fc4b2ebc052afececf72d0f0ff0,05bd0df2a2f8b3719b66372a66b8f5ec,5,,,2017-12-22 00:00:00,2017-12-27 16:58:16
ab2a7a5b86afdac6192523b81cf562b6,09c636e254bb18eeef943452017249f4,1,,"Produto com defeito 
Preciso trocar
",2017-11-26 00:00:00,2017-11-28 16:11:17
a8f93b02b6246be3ce44d69f32b5eec2,04814d2760b610101075888832621881,4,,,2018-05-07 00:00:00,2018-05-08 17:20:12
c30d6744ab6fe92e7c8c95aafde19d79,01dd912bf415bd6f499af600aebdb866,5,,,2018-02-17 00:00:00,2018-02-19 15:03:27
17ca05032700012a11d694bbee1803b3,0505a29e827a4c609b3fd250c0313bef,4,Bom,,2018-06-30 00:00:00,2018-06-30 23:05:33
4014bd2dd9d3d0d7d7ba7d6094c5d69d,0150004d4d8eb63f9948de164da34e34,5,,,2018-05-24 00:00:00,2018-05-27 14:33:42
58704f84a52dcc8fc85937a56ae96b0e,04497a3993ecf2e604b91ca0a8a80ecd,5,,,2017-09-27 00:00:00,2017-09-28 14:18:25
33a0abe4f6491bc5f16801f20cac1617,02c8da4642d8bb546d022a0701ea1b5a,1,Péssima,"Preciso fazer a troca e não tem ninguém que me dê o suporte para me auxiliar.
No site não estou conseguindo.",2018-07-28 00:00:00,2018-07-28 21:34:10
8310a5e3eba617e7001736220b7afc51,0079bca8e89bd52fdb87408e4f3fb94d,5,,"Segunda compra com esta empresa, muito bom o produto e o prazo de entrega sempre antecipado ,muito obrigado!",2018-05-09 00:00:00,2018-05-10 01:13:03
d2498f3c3ad02ea70f640ca9b00e58ed,07bec24c128f1f4047bfc582732c1d9d,5,,"Como sempre, entrega rápida, produto de qualidade, bem embalado e em perfeito estado.",2017-12-14 00:00:00,2017-12-15 11:00:21
f9f78b3943f7d4ee9c9f14a0d6747228,0385c406dcd7068b21e209740a4ef876,4,,,2017-04-21 00:00:00,2017-04-22 09:51:13
1a2ec7393987d338ab29d920ec84d8c3,08fe21124b36efe247030b7939603f1b,4,,,2018-05-10 00:00:00,2018-05-10 22:57:01
4771a63bad5c46252eff2fd09c6a11fd,0ac247d71d19fc1748abb7e53af648af,5,,muito bom,2017-11-30 00:00:00,2017-12-02 17:47:25
0c1f99527e7ccc1721f0d5fec8cd26b4,040a4487d2c737f11caa0eafc5ba5cf5,1,Recebi a metade ,Veio apenas a metade do pedido.,2018-05-04 00:00:00,2018-05-04 20:35:06
89e8a0f05925c8c7d44291cc9fca1dff,09903fb2d8388ac463b7c269c099b6cb,5,Correto,Conforme o esperado,2018-06-25 00:00:00,2018-06-27 16:29:05
57ec7785783f4ce8b5f649f9e6e5253c,0cbe8449b3c0fac35f49a95db13cbda9,4,,Otima,2018-02-22 00:00:00,2018-02-22 22:55:02
8ce160c77a071b312b46b411508c7654,036bbb637f99f662c928d303d461ffe1,5,,,2018-03-29 00:00:00,2018-03-30 15:44:19
feabb1ba2d5024a5a2e590bda08ecb9c,0a098ea7aca0cfbc728417697c86e807,4,,,2018-03-31 00:00:00,2018-04-03 16:48:23
281392468c6d4b0b8f11c0c84720cc14,0ba1dfa80ede726f98e36af9a418e437,5,,,2018-05-01 00:00:00,2018-05-04 11:40:21
b464f802c685235e19de33c1cd5f8745,02725851051698269253f0823e7824b6,5,,,2017-09-09 00:00:00,2017-09-10 12:53:48
5445f00741b5fe53315debf22fcf4cea,06d1315b8f0db57ee04b47b21db6626c,5,,,2018-07-28 00:00:00,2018-07-28 22:03:05
6eed2d0df39a1afa42c2f95b76835c22,032cf75b6991a44f9583d652730066d9,5,,,2017-10-07 00:00:00,2017-10-10 17:11:34
12427be2474f61dc6a228b14d021fbce,03dd7d68a345c4fb5061f35f29ad959a,5,,muito bom,2017-06-23 00:00:00,2017-06-25 14:18:42
023aa6bdd1102d6522194bbba667050a,0ba07d4c280cb853d92c8734162c1cde,5,,,2018-03-06 00:00:00,2018-03-07 13:10:42
522c69a94665b92993259876b1349b3a,0c9e044483d9a7ed3543da28c65f36b2,5,,,2018-03-22 00:00:00,2018-03-26 21:26:52
152e5db76f1c543c84ebbdba45ebcbc7,0658b7d98d204e0beefedd5e8c0fad45,3,,,2018-02-02 00:00:00,2018-02-04 21:02:02
7673836bd9fcb50a58ddac0ce207a571,0cb2239ee3c4947fce4ab10c1742fe67,4,,,2018-06-07 00:00:00,2018-06-08 10:10:14
062f03869a3c7bdbfb7e526be5f4fb60,05e1843fb576fb0a18a1e9bdfa3c18b0,1,,,2018-03-27 00:00:00,2018-04-17 11:34:43
3a634bcebc5ad14f8a7708af166964d8,04af00b2ad7756ba45549af1e832d8da,3,,Comprei a mala vermelha e veio preta,2017-12-14 00:00:00,2017-12-14 23:23:18
2b22e145b387bcfa47c3086c47eee536,06fc554a38ed6385ac2b121049b5cad5,1,Decepcionada,"O produto chegou quebrado, a caixa estava como se tivesse sido aberta diversas vezes!",2018-06-30 00:00:00,2018-07-02 16:27:20
396eacbff771557619771e8d4b58ee77,002f19a65a2ddd70a090297872e6d64e,3,,Minha mercadoria não chegou e ninguém entrou em contato para resolver nada...,2018-04-18 00:00:00,2018-04-20 05:01:01
7f7d1adea127e1aaf8db9bdf6faecc41,0bf5f8d1827bd25b377ffbe375420463,5,,Tudo nos conformes recebido direito ,2018-01-20 00:00:00,2018-01-22 18:56:56
b02a40c3ff2dd7ebdc31e625788c50ee,03ee63602079004d0098fecfc1d4cfe7,5,,,2017-08-25 00:00:00,2017-08-27 20:53:12
23fe28112fac5ed672248c2c7b61a3f5,01c4766d43d50d892132f7bb04d97300,5,,,2018-04-05 00:00:00,2018-04-06 01:02:03
446f85d6a0b245da5e2884422dbe73ef,00f98eaeddb9debc8df8cb27e08216d4,5,,Entrega rápida e produto bem embalado.,2017-10-24 00:00:00,2017-10-26 15:11:20
1c31362a931db633b1c72dc4d6dc4835,08c6e1a2fd34f15d601cd3e006378da1,4,,,2018-04-28 00:00:00,2018-04-30 01:49:45
a9ea686fe6eb3c2759efd1b0e50c2d74,09b866628e60ce05f3e25fcfde9722c4,5,,,2017-08-10 00:00:00,2017-08-10 20:01:31
c8a84bd448f61ebddc630e33e30ed692,0ca768c507d1fc3c61bd950bb1c5231a,5,,"chegou antes do periodo combinado, produto otima qualidade",2016-11-08 00:00:00,2017-02-21 00:34:09
1b3107b34780f9287128e02c3b4022da,00d4439957b7fd3f8da4a33a965817fb,5,,Ótima entrega rápida excelente loja comprarei sempre .,2017-05-04 00:00:00,2017-05-08 16:37:27
c282ef979190aa23e545fb79f2509182,0b9a8b8e703c7c54c11e7f2a057d3cfc,3,,Chegou bem,2018-04-12 00:00:00,2018-04-13 11:30:14
228540e6ba28762c381dd01276b73d3d,0847e79b172a265faa7bd23222c56222,5,,,2018-06-22 00:00:00,2018-06-24 18:31:32
59ee39a775401eabf433776b7da30c2d,03672cdb5f2c133e401946a14a7dff3b,3,,,2018-04-12 00:00:00,2018-04-17 14:12:59
cc38d9ee8e9dd8b3c1a0ff42d4633304,02a58113b6c316d2aa7e110c8bdcbe6a,5,,,2018-03-20 00:00:00,2018-03-21 10:05:58
8cf0d68c1d347ec8b5e64b962c5fd12c,0c17d2ca8fea3e6d807410a0c0c44746,1,,,2017-12-30 00:00:00,2018-01-02 12:24:02
8ca5764890772ed8dca028e1c969d898,07f5bb6759aecb6dd999fea544057758,2,,Rapaz eu estou precisando do meu kit de tesouras fiu de navalha e não foi entregue ainda é eu estou esperando eu quero saber se a loja vai mandar pra mim pq preciso desse kit pra mim trabalhar ,2018-03-03 00:00:00,2018-03-13 15:01:09
28b8de03073719ee531b07a5fe97228d,00fe20fc069833ab95021b46d6862646,5,Muito bom!,"Gente recebi meu relógio em 2 dias, muito rápido, o produto certinho, estou muito satisfeita.Recomendo!",2018-04-28 00:00:00,2018-04-29 13:25:04
51185d0df3927488308d31360c734f5a,010e7dda85fff564e8b7076ae3928efb,1,,"vou avaliar quando receber meu outro produto.Comprei dois do mesmo e recebi um.Porttanto, não considero que o pedido foi entregue",2017-12-13 00:00:00,2017-12-14 10:33:08
9a8ea4b33b58761aca2770323c5fbd9e,08915d73ff742886f0b4c9429af3c959,5,,,2018-04-28 00:00:00,2018-05-05 01:36:18
d1be8900685fc489d5940df2eda734cb,069448c08929653f9280f77f9d746ee1,4,,,2018-07-07 00:00:00,2018-07-09 20:49:04
c09f612be6c63ed70be7561dae7612d3,0475d054d40280dfba750663c9ad7a0a,4,,,2018-08-04 00:00:00,2018-08-07 17:36:18
fc046f9ab22f7583a6007971d526062d,08e4ca5f437f69407fb01cabd2d7a0b8,4,,,2018-04-10 00:00:00,2018-04-12 16:01:30
772e517c6b7967d60ddfede003482e7e,059cd34e948c8025e660c89c0de2d792,5,,CHEGOU NO PRAZO E O MATERIAL DO PRODUTO É DE ÓTIMA QUALIDADE.,2018-03-22 00:00:00,2018-03-22 19:40:18
a1a020107703479332a3174ccbf3c039,0a40f88667e7bbb7ef87efaa9a2177ea,5,,Produto muito bom adorei o tecido e entregue no prazo,2018-03-07 00:00:00,2018-03-14 18:04:24
c600cc7ba0d390b9b4468a4674caf773,0c047dd1c8c2fcc61365b5787d59fd6c,1,,,2017-10-22 00:00:00,2017-10-22 05:10:32
5c21268a0f8bae726edb3aa4db3e6bde,0036757472ece3dde52fd4bfd929c90e,2,Mesa com cavaletes ,"Demora absurda para entrega, dentro do prazo especificado por eles, mas ainda sim muito demorado!",2018-08-10 00:00:00,2018-08-14 02:57:36
b108527ae40ad36c1657265c78a5f7ce,0911e1a17247955a0d55f29f3199272b,5,,,2018-03-15 00:00:00,2018-03-17 16:30:56
db74db5a8dd3cfb8c222216d2d59ec47,09c681e9069e20d7f2ecd587151f1b88,4,,"Produto de acordo com o meu pedido, atende aos meus projetos, muito bom.",2017-12-21 00:00:00,2017-12-22 10:32:47
5af47447c28ea02a627a144cc2cf3804,0413fe9eb0eb4aee51ef3065e9c91aa3,4,,,2017-07-12 00:00:00,2017-07-13 02:58:16
56fac8bfb37426c0553dc250f056556b,0786c4c0e6cac26fe4f5c558b232e392,5,,,2017-08-29 00:00:00,2017-08-31 10:45:51
228f7548d2cedd1dbc4d8f0b8557cb0a,0385da8ba64dbb10adf8f80e55cae6f4,5,,,2018-05-04 00:00:00,2018-05-06 16:42:53
a458ac401ec9adffc29a1ecc04175adc,020c01e41104519842f8a15605af646c,5,,,2017-02-15 00:00:00,2017-02-18 14:48:57
9d4736d50938a362f4e9f3d4980fc70a,04911e590c1c5c9b8e750d3ac1344d54,5,,otimo,2017-08-11 00:00:00,2017-09-06 18:29:24
751a87a34a5e686acb96adee6f435df5,01978b8bae8292ffb4cee6abdf9b9089,5,,,2018-01-04 00:00:00,2018-01-06 13:30:50
d62ed33d17a38ec5236e4cbf9019fcae,07055a132b3dcf9a44b88259dea3e3b5,4,,,2017-11-04 00:00:00,2017-11-05 10:26:05
85da16503a576748ee5544bd8a5b9355,002b4e6fa42cd4a22cc86abc18fe9c05,5,,Produto de bom custo beneficio.,2018-03-20 00:00:00,2018-03-21 09:57:37
a50abad98ade7eb49ec61b42dc81008d,018bb1508d9156b81990407b91fb35a8,2,,Ainda estou aguardando uma resposta sobre o fato de ter recebido apenas um dos dois produto que comprei...,2018-08-25 00:00:00,2018-08-26 10:11:34
b7fe825a931a313b8aa2d18e8004b328,0bd15125e46474dc9318288ae0ea528e,1,,"O prazo para a entrega já era absurdo e ainda assim conseguiram nao entregar no prazo, ainda nao recebi o produto. ",2018-02-28 00:00:00,2018-02-28 12:32:46
4f349e44f7f8faa7c94110d2049c2455,085c76ec2a854d66417d0dddc622adb0,5,,O produto chegou dentro do prazo e especificações previstos.,2017-06-01 00:00:00,2017-06-03 13:27:34
e994eee4c27eab3f2c9be63f1deab125,07f400658513d45866ee381bace93793,5,,Recebi os produtos de acordo com o pedido. Tive um atraso na entrega devido à greve dos correios. ,2017-05-10 00:00:00,2017-05-16 14:29:54
36c2ea98074272115badfd5d12dc4f91,033cec9a46b0dd28fc10c800f9f3d878,4,,"Correu tudo bem com a compra. O único ""problema"" foi que durante o pagamento não dá pra saber que a entrega é pelos Correios, e a embalagem veio bem amassada. Preferiria transportadora particular.",2017-08-19 00:00:00,2017-08-20 00:12:18
de19668496caa13a86c1d2e15bfa76f7,09f2c6e797b432724b3a123f1ec897bb,1,,....,2018-03-09 00:00:00,2018-03-15 22:46:50
f7aa6431738f209a90f4df2ef2b886e4,01e0386aae6c6385feedb58bd4aae5c7,5,,,2017-12-12 00:00:00,2017-12-12 23:45:03
f19cbe0a9f3a5a471807c5ba948ad9cb,0a631e92a5097a6cd94c5b7002778938,1,,Não recomendo pois meu pedido veio errado não foi o produto que comprei veio um totalmente diferente ,2018-01-04 00:00:00,2018-01-12 21:31:51
53a796ebb6934010e69897a70049688d,01e51b7c3025655646143d09b911e1d7,3,,"Gastei muita passagem depois de pagar frete, passagem e uber tá faltando 1",2018-02-01 00:00:00,2018-02-01 23:32:12
3ab67a77b18d6752676fde29dea5e346,01029b44abe6e15c8df48b1b759ab437,5,,,2018-07-06 00:00:00,2018-07-06 22:34:46
9ab0b4714556d539f954a0f1afa673e9,022b1f3510a95b396431fec95f5de236,2,,"Péssimo e gosto horrível! Impossível de beber , não desolve! Me sinto arrependida! lannister usei só 1scop gostaria de trocar não faz 7 dias q comprei, tem jeito ?
",2018-03-11 00:00:00,2018-03-13 22:17:01
cc7df97919658416d7254012624dadf0,0a275b76a325d0ea648f62a087597d85,4,,,2017-08-16 00:00:00,2017-08-16 23:25:52
e1a68f36fb2622cccf5c8112c5bb540f,02dade411839b1c334363dc9058e1124,3,,,2017-10-03 00:00:00,2017-10-04 00:03:44
71d5dd15707c2463aaf6bf469460337c,003a7f59d7e08a9c61d9e2881fe6459c,5,,,2018-08-28 00:00:00,2018-09-02 20:38:38
b92feae5dcb8e17ad3c39300beb6582b,0bae1ef5e585b8bb8d250d4a75736bf6,5,,,2017-07-18 00:00:00,2017-07-18 23:29:01
dbc720a4e199bae970466c45ba8bc209,0a2ea907b178650afcfcab07e55b70f6,5,,,2018-04-21 00:00:00,2018-04-22 14:49:47
43371c1a0e4aca64fae050dfd86ffe96,09b9364d966593e51c1edead847fd220,1,Péssima!,"Comprei dois relógios, um Relógio Feminino Bracelete Dourado Strass que chegou com defeito e outro Relógio Feminino Bracelete Flor Com Pérolas que ñ chegou, mas consta como entregue.",2018-08-18 00:00:00,2018-08-20 19:01:04
b7bebac9c7e441a141173904ee4e567f,05fad97db96406de1787c7a532c46a2b,5,,,2018-06-27 00:00:00,2018-06-28 00:10:45
1422561645d5ca46cdf7e2b37e162c0d,00d50baf1bc56a3c59de1810a6b84b0d,3,,quero saber o motivo de não ter sido entregue o produto - 2 pares de anjos de rede,2017-06-25 00:00:00,2017-06-27 11:53:57
3f16c95e382208693ce5e9aac0ef268d,0ae42629f60238674d1b98c5651c8d68,4,,,2018-03-23 00:00:00,2018-03-24 13:33:17
288dc8f85fe22f9a06ba5628e22679e8,0a814fddd9db7c515225361a87b607bb,5,,"Recebi o produto bem antes do prazo. Ainda não foi testado, pois, é presente e não foi entregue.",2018-04-27 00:00:00,2018-05-01 00:52:55
bea74535e0bf38ad4bc7aa99e098ba02,0c5ba56a140a9fea3b9815c2a191c47b,4,,Esperava mais da pintura. Mas minha filha amou.,2018-04-10 00:00:00,2018-04-10 19:49:19
768803b1c676f65ece6170d189d5741b,05387d537bd2e5027aadbfb6a5123e4b,3,,,2017-11-21 00:00:00,2017-11-23 23:59:11
104a7af20be0626bd7e736a2f3e3732e,0cf80be143500050973f324c3e068196,4,,,2018-07-31 00:00:00,2018-08-03 13:46:35
0f03da69aaadc7a246c33c3797f8e834,060e3be7253bd20351674ea9eec80ff6,5,,produto muito bom,2018-01-08 00:00:00,2018-01-09 13:26:02
00ae483894e7aae7ee28b3e95ce3a30b,028cad58dbd393e348c73435f8192919,3,recomendo ,"A imagem da pintura é perfeita, igualzinha do anúncio. Porém, achei o material pouco resistente e não tem acabamento nas bordas das peças. Mas é lindo!",2018-07-11 00:00:00,2018-07-12 16:13:21
2ff8bc1861bd8d95a7f32588ca91edde,0b0e92124b8a170cb0d9bb34154aa70a,5,,"Excelente produto, capa de proteção com ótimo acabamento, com detalhes na parte traseira que fazem toda diferença, material flexível que dá muita sensação de segurança, com entrega antes do prazo. ",2017-12-15 00:00:00,2017-12-21 18:35:22
e2fbd9f0ef7b724c7ecb351601a857e7,0812eb902a67711a1cb742b3cdaa65ae,5,,"Mesmo a máquina ter vindo errada, já se prontificaram e estão me dando assistência para vim a máquina correta.",2017-03-04 00:00:00,2017-03-04 21:40:41
bd0a0bd1630fbee19e013a5182cd2eea,0493b5f35d3ee7b1f7e2d98ad782820b,5,Comprou levou !!!,"Sou cliente satisfeito, nunca tive problemas com essa loja; lannister parabéns a toda a equipe...",2018-04-25 00:00:00,2018-04-26 13:29:45
47f37f9313bad169076696c1424acc18,0240c9d87266e4cabc3bacdcdc6e77e4,5,,Excelente,2018-06-19 00:00:00,2018-06-19 21:28:27
638120b4b785890e0e2f263d660b4594,031096cba2ef517ed59888ecb13d69e2,5,,,2018-01-17 00:00:00,2018-01-17 19:54:48
8648b19b4749d77d06a7bbe86a272a52,095eb530e061e441f8ad27b2c8ca549f,4,,,2018-02-18 00:00:00,2018-02-21 01:34:21
4473352c621784b3251766ad8cbfa984,0084209c576daad6ff4534902fcb4892,3,,,2017-07-19 00:00:00,2017-07-19 19:35:57
e7d15b171ac1bfece1901e0c42c6600a,025e095e20c6575abee30657b956b3ff,5,lannister.COM,produto entregue no prazo e igual ao anuncio! recomendo! top!!!!,2018-08-22 00:00:00,2018-08-27 21:08:13
fe484ae393fb82d7460257f8a796d193,0ac7165ffdfae2004f48cf07156a3644,2,,,2018-04-28 00:00:00,2018-05-02 01:02:29
7060e438071d6d92247cacb6f49ab033,05093c063b3e4c3b5f4ef831d7da7fd5,5,:D,SUCESSO :D,2018-05-22 00:00:00,2018-05-23 02:48:45
e671736a13c7123cb20cb49547bbbfb4,05fcb26e37b34aa73157fa81401b6b15,5,,,2017-10-24 00:00:00,2017-10-27 01:17:18
9e1fddec3770005b198bda46d6645221,0c897c38d294bbc817bc78528cb47e27,5,,Ótimo atendimento!,2017-10-15 01:00:00,2017-10-17 02:04:05
c6a8ebde2122565bca89ff7d32b58c9e,0560d129c1357ea719aab1cf2cd4f03b,1,,"Está constando que a mercadoria foi entrega, porém não recebi nada ...",2017-07-07 00:00:00,2017-07-09 21:07:10
970153b7d53ecdcddb670dff7e7aa3a7,027e4543814c3b3509bbe890c569a841,4,,Satisfeito com o prazo de entrega.,2018-04-26 00:00:00,2018-04-29 10:42:05
b8f853dfe7d28d82b1d4d4e4cdd2ab24,082143e4f5f63e4e768aa4d5c70d0d02,5,,Ok cem por cento,2017-06-27 00:00:00,2017-06-27 23:30:02
b921257d8efc05b20448db875265ebd0,0a05e512c3e656802c930be4c1766c2a,2,Nao recebi,muita demora comprei a fruteira e maos de um mes pra entrega insatisfeira . Meu pinceis comprei estava na data pra entrega e nao entregaram passou a data e ate agora nada ,2018-08-10 00:00:00,2018-08-10 15:03:49
af57ec5c03db3bd872799e5bde09bf94,024b3b6b53b99a1eb8b9b34515106765,5,,,2018-02-03 00:00:00,2018-02-06 01:47:17
979f121594de2326c06258d97f995677,02742159d4c85a23b993b6f11ae044ea,5,,,2018-01-23 00:00:00,2018-01-24 16:15:09
2bb3d61e7dc2e18509e5e83bd5ba1571,0b843b79b45dddbd796c0a7e51b2c6ca,5,,,2017-03-23 00:00:00,2017-03-26 17:52:43
022d64e74da67861361ae7da92faa4b2,08432abcf785878edf1221a0611960ea,5,,,2017-02-09 00:00:00,2017-02-10 07:45:15
631389b8a23d40c1206e464a27b4ea4f,04ebaf1d65a804a49b4b1011467aaf47,3,,,2017-12-08 00:00:00,2017-12-09 20:37:27
748bb9e62140cc4a7a3a6d871569451e,011667ae100a333a3051c9a23e3f0283,5,,Entrega bem antes do prazo extipulado,2017-12-08 00:00:00,2017-12-09 11:33:20
237270df7f5d2e0fb30285d696a283a5,0b9ac892eece5e74725c3699a0eec646,5,,,2018-02-09 00:00:00,2018-02-10 14:23:57
99fe39f6a32eb903380358023aa34a4d,0724f5287d69b7a3fbcf9ab02054ca4a,5,,a loja cumpre o prazo. o produto serviu pra o que foi adquirido.,2018-01-06 00:00:00,2018-01-08 18:16:20
5e1ee2e924a1dd10d80b99555383c0a7,03515a836bb855b03f7df9dee520a8fc,5,,,2018-01-31 00:00:00,2018-02-01 01:26:24
227297a9f619c2475f04834982469206,04492e6b1fcee5317506f927e0e89eb2,4,Boa,"Aparentemente bom produto, só terei a certeza depois de lava louças.",2018-07-24 00:00:00,2018-07-24 20:38:29
4b694abb31e64a3fdc7dc42f6385bd23,0bff41f23a1260a23cfe070af558eef7,3,,Houve um atraso na entrega......deveria ter recebido ate o dia 13/11/2017 e recebi no dia 18/11/2017,2017-11-18 00:00:00,2017-11-19 22:16:14
70c68d149839e65c3c8b6a59a2429689,052fd91f936f4938c1085ce62862142a,5,,,2018-08-09 00:00:00,2018-08-13 23:47:22
90d861b1aa5bb7df60657ae42bdeda51,068d8eb8e288e07e76b3e86b4a793f31,5,,"O perfume é perfeito... 100%
Só que a entrega demorou um pouco, geralmente as compras que faço pelo Américas chegam muito rápido... Bem antes do prazo mínimo... ",2017-06-20 00:00:00,2017-06-20 22:45:54
62ca1c43f98746de9a22bc08fbb751fc,023efd060c082063e299dc77891ea1b7,5,,,2017-11-23 00:00:00,2017-11-23 15:29:20
722f0a43a96c7975c12248efdd79da18,09286ea342ad6877942f93c17e1caf4c,3,,"comprei, já paguei e ainda nã recebi",2018-03-09 00:00:00,2018-03-12 18:14:08
001bb836b02b47248df2f134b8babbe8,089a371eeab2f86ebe76b23a4c99d3b1,5,,"Linda , amei",2018-03-15 00:00:00,2018-03-16 11:18:48
93610b5f48047c121acd2223b52c839f,045797b656bf633566b0bcff412442a3,5,,,2017-12-23 00:00:00,2018-02-06 06:49:57
42b28d86959df2a22161e5bcf99e897b,0c7c1a76995d6e6abffab973788b1992,5,,,2017-11-14 00:00:00,2017-11-22 20:27:34
ecda161a814c83c3e95a126b2bb3efcd,09d062f6e1122b61b5ebf287cfd6be11,5,,,2017-10-25 00:00:00,2017-10-25 14:37:17
aac8b6a5571fe1f45e0fdb71f95e5a53,04d73d34ddd1f5ebc0c603615093e2a1,5,,,2018-03-10 00:00:00,2018-03-11 19:53:24
80a4116c0a06c466f1ce917bc3ba8253,0cd445b0eedab80706bb88ed32325d08,5,,,2017-07-29 00:00:00,2017-07-29 23:45:47
4f8d13f64ba0eeeeaac793133f265048,094067c0f56b5d0a4dbad0aa60bd26a6,5,,,2018-03-18 00:00:00,2018-03-18 22:36:49
7ac26429fc8552fd901dfe27cff4974c,0332002e367c17e6c4111ae2dd8a6aaf,1,,Não me entregaram os produtos ,2018-03-27 00:00:00,2018-03-28 01:24:48
d0623b911fd8bbc335434b79307b52fb,086da3118e7ada3cfb7cce476954af52,5,,,2018-06-09 00:00:00,2018-06-11 16:40:16
963e12d9a7c84e15c199bb5f062e599f,001e7ba991be1b19605ca0316e7130f9,5,,,2017-03-29 00:00:00,2017-03-31 14:40:45
5f0baf50483e2ae8a66be589773d9f7d,0a6e242b5cf18e140304453da637866b,5,,,2017-12-28 00:00:00,2017-12-30 17:11:07
a1dae4732d7c20a3378411f23b9dbf6e,088858a852d62de0c175c9cc4bc0ddb6,3,,Entrega muito eficiente ,2018-05-18 00:00:00,2018-05-21 01:30:19
182365ddd5d2262fe3152df43225a78f,005997dca4c1fc45066d0a03d54a6469,5,,,2018-04-14 00:00:00,2018-04-15 08:06:28
1dab0cca791860e7229dec127b1378e6,073c1615e55e3c047b8254b49d3503df,5,,,2017-08-17 00:00:00,2017-08-21 01:07:45
45bc34eef33badd39f0563df591cdbcd,0930c651c82aaf68df7e69eed1816170,5,,BOM,2018-03-06 00:00:00,2018-03-07 15:27:30
b7cfde97a0bc1b60d91de805c3845c81,081f94ba9d60353dcfa2200cf9bf42cc,5,,,2018-01-06 00:00:00,2018-01-07 00:00:52
b0ac90f8da3d33b824f684ab7f123452,040c71e2bb944537100baa9dfff8e2ac,5,,,2018-03-02 00:00:00,2018-03-04 23:52:54
ff53e0eb936cf25b0f35d2d4e9f37de0,08e5962f7b156426e52078f8504e9b9e,4,,,2017-06-18 00:00:00,2017-06-20 19:09:36
230b7a9d94338dd0964ab4f947097a5d,0539642c2ba6dfd6c8ca8dbdb16d85d4,4,,,2018-03-01 00:00:00,2018-03-01 23:13:39
513479201a9ed27a3b72f462f66b683d,05d7aaa733ad65477075a3b5bf0f1017,5,,"Parabéns lannister , entrega no prazo e produto lacrado ..Recomendo!! Uma ótima loja online !",2017-10-31 00:00:00,2017-11-02 13:18:08
fcf4be5fada861dce4d75427367673fd,0a40305560dea2cdc17c6661f222375d,4,,,2018-05-10 00:00:00,2018-05-10 18:53:12
eeb09a5dade99682ad9768ed19fffa93,0aaf8268ec2a56cb1befff78bd5cc190,4,,,2017-10-07 00:00:00,2017-10-08 13:27:00
50f1f4c8d4d78da499d86c45d65298e2,07c7fa36b89dfaf7267abe05818b2322,5,,"Estou satisfeito com o produto adquirido.
A Lojas lannister.com, entregou o produto bem antes do prazo estabelecido, o que trouxe satisfação , e com certeza vou adquirir outros produtos.
Parabéns.",2017-06-08 00:00:00,2017-06-09 16:34:38
4fc2f7b9e0e4c5c672ff6de75d37ed4b,00f7c5b41250e0126ced62d612ff4711,5,,"o prazo de entrega , muito antes . otimo, eu adorei. ",2018-01-24 00:00:00,2018-01-25 15:06:43
61c830647c9e5a0412daacf2dd41762d,01aa38b66d95377a4f276f78742aca15,5,,,2018-03-04 00:00:00,2018-03-06 19:25:46
9465a7ab04d2e253e4e5a38a2f4046cf,0718634f87a84ae0468224ecca3584d1,4,,,2018-08-25 00:00:00,2018-08-25 20:25:22
b5fc84f0ea03aeece9381c0864b39710,0973b2846805e4eaacbdff441e3dbc8e,5,,Não tive problema desde a compra até a entrega.,2018-01-17 00:00:00,2018-01-23 10:44:47
9325dc8071e925fe198df567ad98a265,052b7ade468bbc426187ed75fbc1fb3b,1,,"Produto não veio conforme o descrito no anuncio e um deles veio com defeito.
Solicito o reembolso.",2018-04-11 00:00:00,2018-04-12 11:38:18
4355af3c87faeeb232afdc04687ab96a,08a5453387460507541a8dc95bd67856,5,,Site seguro,2017-12-27 00:00:00,2017-12-28 10:20:08
94cf28607682af482d772aeda97a640a,0441f678672cdd5323a2cdf79004ed48,5,,Super recomendo,2018-06-24 00:00:00,2018-06-29 21:05:57
3a3fa34e575809cc026b3b59627772b6,08f616b964002ad1bc12de1069f82edd,5,,"Otimo produto,entrega perfeita recomendo.",2017-11-22 00:00:00,2017-11-24 15:54:37
e4b92078957ad6ca7e4f833efd51b4bd,0b16fcb0e3133c83e8c82ed7bd6ccb1b,5,,,2017-04-18 00:00:00,2017-04-18 21:53:46
c1ee0f89172b5e966e685b79b34985ea,06ffc260a153bba52d82a18f91e8f760,5,,,2018-01-24 00:00:00,2018-01-27 12:41:30
42ce43f58bb917edfce02a7270925113,041bceeb0d1b95b5079ffb1ba84a779d,4,,"Chegou bem antes da data prevista, nem Tava esperando! Ótimo ",2017-09-14 00:00:00,2017-09-17 23:52:47
240eaef6afb1ba08a823352443b25f2f,0452090193a8d241f971d25e584e9ca0,2,,,2018-06-07 00:00:00,2018-06-07 20:25:12
9241761c07d04bd0fbdf97c00c2bee28,0982c70ab125dee2e64f27e5aa2b4fb8,1,,,2018-02-22 00:00:00,2018-02-23 01:01:15
b001e81a0265dcc5c64cf011157c6fd5,06c07d5b2696b9631375e2877c955b3b,4,,,2017-11-14 00:00:00,2017-11-15 01:18:15
bf7021a47d14ad8371c32422fda69a36,061a6c0d2222c7c9f49a21e108579b49,5,,Tudo ok ,2017-02-24 00:00:00,2017-02-25 16:13:14
2fc0c04ca9cfcaefd8645e0ff1772218,0b941db180b52d77ad40655b465e6632,5,,,2018-01-12 00:00:00,2018-01-12 19:02:34
36c1ce034b007259eadba974829421d8,05b3514bb9492bc0eb20959fbf445927,1,,"Pessimo atendimento ...depois de 1 mes da compra, entro no ""meus pedidos"" e aparece que meu pedido esta indisponivel..e muita palhacada!!",2017-08-30 00:00:00,2017-08-30 11:03:42
68ac9745acb009bf5ceba8ddc859acdf,03bf6a245a6dfdc3cea6bb75ae4fa3d7,1,,Ainda não recebi o produto que esta parado em São Gonçalo desde do dia 29/03/2018.,2018-04-14 00:00:00,2018-04-16 13:29:49
1953fe2b3ed66278c9ebc4cc45883d70,030aeef4719e9d33e0c39bd00a9a14be,1,,"Não recebi o produto ainda, consta que está nos Correios mas ainda não chegou na unidade para retirar .... Aguardando instruções .... ",2017-07-16 00:00:00,2017-07-18 09:55:21
c5ba7cb84544af5fdc4d685eb448bc85,038862523957395d9316afa8b8b70976,4,,,2018-06-06 00:00:00,2018-06-07 11:20:35
691fc621fcb25fb189fc2064dbfccf93,080d1460c228aebf236ed5800edce044,5,,,2017-12-28 00:00:00,2017-12-31 00:38:32
f77aaa981164122e616629eecab18504,09f86b7099faeb6a9d85623c5dba9665,4,,,2017-03-09 00:00:00,2017-03-11 18:38:47
3a2b00f210f999e20f6adba7c6ea0f10,0c88a53b9198ad46968371a374433183,3,,"O produto veio conforme o pedido e dentro do prazo, mas fiquei chateado pq a caixinha de veludo veio danificada, provavelmente pelo transporte. Vou ter q gastar para comprar outra.",2017-11-02 00:00:00,2017-11-02 14:45:00
7fee1c00b1dc53e5f4a4056c72f22c44,0424f6bc3d0829eb2829bf77fb01e60f,4,,,2018-02-17 00:00:00,2018-02-18 00:09:47
5cf730cfd42335e5cd27ec690267323e,08b1d58f92c4e0dabb12dfa3d57f3b41,4,,,2018-06-06 00:00:00,2018-06-07 12:54:26
4b2a7cc467bed323b82b05eaee618d88,0736d2c28616a3c87bb2f53f71c94575,5,pontualidade,Um bom produto.,2018-05-29 00:00:00,2018-05-30 18:51:00
970e21c70c80c2e3d555e3315df162a5,01a26a995dcef1d58bdee5b8862c7a02,5,,Chegou mais rápido do que o esperado.,2017-09-28 00:00:00,2017-09-28 18:47:18
b8c9591e32e57692d65a84d0280b511e,0a45ff140fcaf02e1b09ca845b0ebb13,5,,,2018-02-08 00:00:00,2018-02-09 01:31:50
e9d47e43f318c7ed45baf391f67f77ee,04c16a4e370df99cc2e5e4228ee63820,5,,,2018-08-11 00:00:00,2018-08-13 13:43:14
b0460f161ad3affcb80f4e155a6514e3,0c8d2195cb6aab1034f95a0f87b149dd,1,,"A descrição do produto não condiz com o que é! Na descrição da compra está: Composição: 100% Algodão. No entanto, na embalagem do produto a descrição é 80% algodão, 20% poliester.",2018-03-27 00:00:00,2018-03-31 21:31:16
85c08c1da6ade649c3e5547cadb2fa83,0c7fc95baa5e16992ed412ccea7f28b3,4,,"Recomendo. leve, versátil.",2016-10-26 00:00:00,2017-05-11 16:42:59
2e75163abeb07514849686ef66752d6c,0a32ad9d3be8a5b1ce582225aa1cd166,5,,,2017-07-15 00:00:00,2017-07-16 17:49:36
24e3eb415dfe9457d332a972e7de59b0,0c73113256d69beb31380c221529f19b,5,,,2018-02-16 00:00:00,2018-02-16 21:56:26
7a068a9d04fad4f2b51ee363ad3dcab6,06f3401b97e4d89032cbd5ac7670247c,5,,,2018-05-10 00:00:00,2018-05-16 02:56:19
857743c84ac9482097d98d40b0ffe562,0275c0ac1928093069b95bb67cba52d8,5,,gostei muito tenho uma retficação meu nome correto é Maria Faraildes Santos,2018-03-15 00:00:00,2018-03-15 22:26:30
25cf23110cd00aa5d30744f2b0b84b03,06f38dfd220e723c33a775d36f5d2756,3,Achei muito frágio..,,2018-07-06 00:00:00,2018-07-07 11:01:40
e3edd8ecd3ff9237e06a48e3e17cd60d,0a703303bdedfaa80afd4eb17280f2d1,1,,A,2018-01-29 00:00:00,2018-01-29 23:44:58
4aa0252e1cfde437f3924949a3b83973,0a53fca4f1040863a7aa5e7b0634ac09,5,,,2017-10-19 00:00:00,2017-10-19 21:47:06
2c48fb125e8435b3b99c07736c1ccfc1,065bc1a2569e7a22835b49f40208f394,4,,,2017-11-14 00:00:00,2017-11-14 20:34:12
847d56318d8b6cc31ec0699b8568208c,0b6e75056fea21ce5208e0a4d56a058f,3,,,2017-12-06 00:00:00,2017-12-07 09:51:07
ce0a3bef35657cc4205304825be2fd77,0504c112cd5ef9650a65748c4dc380cb,5,,,2018-05-10 00:00:00,2018-05-14 19:45:13
7d8d252cc0ae002b13db033ec1cd9dcb,0cf8068e7b7318f0e518be23c903b9f2,1,N foi entregue ainda ,Demora de entrega,2018-08-15 00:00:00,2018-08-15 14:13:55
686137c25a257e0fbb5f182a08995478,065c76c0f11720ac66d53d0903f762b6,5,,,2018-04-03 00:00:00,2018-04-05 22:11:11
29b2addff603f3b05cba7b97856542d2,0c03662cf0a2be624f6cfd189de46224,4,Recomendo,produto muito bom e chegou no prazo.,2018-05-03 00:00:00,2018-05-04 13:07:31
c333ea140f590a566807fdd6125b1ac6,0c92ac263657a43f18927cc6392e3816,5,,,2017-06-07 00:00:00,2017-06-12 11:34:54
d97520fc69a640b504924ef4fdebd5f5,033af049cbcadb2511579b127ba27582,5,,,2018-03-20 00:00:00,2018-03-21 00:23:34
0cc421c6ef616a9aa6392d5d6e7ec65c,03ddab02775c66c855ad41424ae356e3,5,,,2018-02-20 00:00:00,2018-02-20 23:40:11
d3ecd19e8da2aafda26502d4c557b515,089e38da3f1d828e95e2117ba84af02d,5,,,2018-03-10 00:00:00,2018-03-12 23:52:10
8a8ebc6d3625402f2eef893ff5d39ef1,037e4ea044a589bcfbceb43210ba7024,5,,Muito bom,2018-02-23 00:00:00,2018-02-24 01:47:28
ca10be11b03f001f5aed10a6e38efbcc,017c16deefc1868a33a5966485ea4721,5,,,2017-12-02 00:00:00,2017-12-03 15:52:50
b7eb6c2c8f8f610d633d691765756cc0,020a1591ace758e4c97d7843e1a03a88,5,Perfeito ,Estou muito satisfeito obrigado. ,2018-08-16 00:00:00,2018-08-16 22:02:57
d78aa3d7bd8479bce9500c7b35fe0357,011f9dff2545a2cf8ac1809faed3ec88,2,,,2017-08-10 00:00:00,2017-08-11 09:58:45
7463bf3ed1e0a8b4519ad8a610ed9e8b,0560378d48b9de8b969d8f5601e3767e,5,,Um produto de qualidade...recomendo,2017-09-30 00:00:00,2017-10-02 17:35:24
84a40189927f97f05285dc6f841a7561,006557c3221c1fcd02b0106343ab357b,5,,,2018-03-03 00:00:00,2018-03-06 02:07:14
91b0f714645c7c2ec82db003abf5ef77,07320b1c77905dc3d2e11126b143221e,5,,"Recebi o produto dentro do prazo programado, muito bem embalado e na primeira semana de uso já pude perceber os primeiros resultados, estou muito satisfeito.",2017-07-27 00:00:00,2017-07-31 12:07:31
871e71dfcdebfc4c66df202bef8c7dd1,077c116b10b1c482b78d24fad9fa14a3,5,,bom produto atendeu minha necessidade ok.....,2017-03-28 00:00:00,2017-03-29 02:04:58
2d5f45068d4eb8c87f3d9bfa87311a5c,07fcf4ec8cadbea34c5b508e35e716c0,5,,"Não instalei o pneu ainda, mas parece ser de otima qualidade, super recomendo esta loja",2018-04-24 00:00:00,2018-04-24 22:33:07
bfd996c433f99bf90dfa8815f832efa6,0c892a79e462e31570b88739be67f32d,5,,EU gosto muito de comprar no site das lojas lannister,2017-04-05 00:00:00,2017-04-06 11:20:18
105facb42b5b9147996f0b1b6fbf7b80,04c3bddd55df58e83123e3b174855489,1,,"Holá!
Não recebi o produto é nem um telefonema referente ao que comprei.",2018-02-24 00:00:00,2018-02-27 00:13:54
ab014ccfb8995cd17cfa45bd5ea6e6f4,090df55d4945ec96f88731875465407d,4,,,2017-07-26 00:00:00,2017-07-29 02:21:20
5e46ffd28e5bdb67c2c8cf8ba6623590,08d19d4c103470970b2f830e48e2d3a2,4,,,2017-12-20 00:00:00,2017-12-26 14:27:25
914fcdf63e172e1d68f988a3ca78745b,02ec4da9d03014f06d711d60eb37cc22,1,,O produto está com defeito e estou aguardando a loja entrar em contato comigo este tempo todo e até hoje nada...,2017-05-16 00:00:00,2017-05-18 17:50:23
1ccdc91c61f9e61d0ff7b41bc3d91db5,08273b57741a2ee2f20725323393b0a2,4,,Parece bom,2018-04-11 00:00:00,2018-04-14 18:44:29
180dfe7942ced5fe628898930a85c927,01ea9d9ce4b86204f82b79184897371c,5,,,2017-04-04 00:00:00,2017-04-07 13:26:24
c8ab2a6e0022e1db1f92e4bfeb57f724,00bf1320ffb5fe47a845feca16c0e0b4,5,,Loja recomenda ,2017-10-27 00:00:00,2017-10-27 09:20:57
a2bb2d1f3d6ccd3f1a589983b74c6729,03d9d682de9c41158e00e17ee26d9070,5,Excelente,Rápido e eficaz,2018-08-15 00:00:00,2018-08-17 19:19:36
3bf1853a5cc1c40ba2fc20bb37967e09,00ed64bc080d87b4ab7f0c433bc5e98f,5,,Muito bom,2017-06-08 00:00:00,2017-06-09 00:46:42
5be08021d6773a88d92bfafed4ed764c,03a11ed94a7381584b86c4968625207b,5,,,2018-01-04 00:00:00,2018-01-10 13:17:33
e9aab17a6fff7e6b1882d06ae9f10775,0b87d8d6c28694778a03498aefa389c9,5,,,2017-06-03 00:00:00,2017-06-03 10:03:25
5ae22ba2627f403bf84b91efa5545349,03f2794ace8d10c0af8614f6fac2be3e,2,,,2017-05-25 00:00:00,2017-05-28 22:49:51
6bcec201f01e14dac82b5dde47209a53,0132d77609dd6e1867515ec57d898c10,4,,Recomendo essa loja,2017-10-10 00:00:00,2017-10-13 01:38:59
4a18ba9ced6560c8428a23962d009325,0b736121c8d0bffe6c9e592d6f91ba5c,5,,,2018-03-01 00:00:00,2018-08-28 12:39:53
6eb9e518070839597f4d35f908f89521,0c11df2b80d95b1eabdcdf3790bb3347,5,,O fichário que eu comprei veio bem rápido e estava muito bem embalado. ,2018-03-25 00:00:00,2018-03-31 21:58:54
84cb7c6a1dc40d5f7694aa6b147a4eba,0bc71f9d1d261859e298454e14b3775d,5,,Ótimo produto entrega antes do prazo tudo ok ,2017-06-17 00:00:00,2017-06-17 19:24:23
02e6641db9f60bde84fa6c081705c4a4,094fe1a1311bdcff558e373c756412d7,5,,,2017-03-17 00:00:00,2017-03-18 16:19:20
c0ab8f68921e5fa959c9ca288b0d5e52,075d1d2a3ac6d55e925dda5e2ad0c6fe,1,,"Comprei 2 araras de roupas no dia 18/03 , no entanto no dia 04/04 recebi apenas 1 . Mas na nota estão me cobrando pelas duas. ",2018-04-06 00:00:00,2018-04-06 10:32:43
aa14f4906858028563219ba25cf6ba8f,068ef03abe39323450b52f486b34bf3d,4,,"Produto bom, recomendo com certeza",2018-06-29 00:00:00,2018-06-30 22:02:21
f157a0a40a47a16bf69ff74011b46d4e,05252513392111e8721062d8ecd9edb1,5,,,2017-06-01 00:00:00,2017-06-02 21:17:37
fac8426d82bb74be6525d879e34629b1,0cf9e3fb10440c4f24991613c58587ca,5,,,2017-08-23 00:00:00,2017-08-24 12:07:10
6ef7f7fe808269bfcaa4ff5a3d1b1bb3,0029f17cf0e7640c5cb6825af681303f,5,,,2018-05-11 00:00:00,2018-05-14 13:13:34
e0a8a3c6ad3e841b294a4aa387faad52,00f426c7214575822c3cb44ea59ef0f6,5,Muito bom,"Veio tudo certinho, eu super recomendo esse produto.chegou antes do previsto.
",2018-07-26 00:00:00,2018-07-27 11:45:51
5d4a00fb97a41a42d897f32ee94c33f1,0775e96080c552251cd76472d32e0c83,5,,CHEGOU NO PRAZO E ERA O PRODUTO QUE EU QUERIA.,2017-09-20 00:00:00,2017-09-21 06:31:35
9c3dd040d4890495aa4097c047229bd5,0173e291db71c3e688829f7f03e2d34a,5,,"Fiquei surpreso, entregou mais cedo do que eu esperava, chegou no dia 18/07/2017 em vez no dia 03/08/2017.",2017-07-16 00:00:00,2017-07-18 19:53:15
a61fbd9b21cc4dfe9caac417a664b069,083556b25c9ff2ecef87ad43b8d265cc,5,Ótimo relógio,"É do jeito que está na descrição, estou satisfeita, um ótimo produto e custo beneficio. Indico muito. ",2018-06-13 00:00:00,2018-06-21 05:39:25
58d7811454dbd0d12f06e7ed59e86026,0352646a95973b0e19127d2b6a6fb6db,5,,,2018-02-01 00:00:00,2018-02-02 02:56:47
59617f7d53e405d92785018fad00b90e,0101aea69a09e1aa32caa6dbaba98503,5,,,2018-06-17 00:00:00,2018-06-18 13:48:35
b609377fec42b3ecc646a9bbd3d41658,046afc54df6dd8bc98ee2c0e653b70d8,1,,"insatisfeita, fiz cinco compras, quatro foram entregues conforme combinado, somente deste vendedor não.",2017-07-27 00:00:00,2017-07-31 21:27:39
a6aa6832e27f9328ad3730cf54e494d0,0b252b879dbab76b4730df79aeb1778f,1,,"Gostaria de saber o motivo do NÃO recebimento do produto, visto que fiz uma compra com 4 (quatro) produtos, sendo que três recebi e o controle NÃO.",2018-03-10 00:00:00,2018-03-10 20:11:12
cc2f5e84c41e41a565ab2f98fa79db3d,024bee763e8abbf0cd46fa7f440c41ea,5,,,2017-08-18 00:00:00,2017-08-19 16:28:07
9f84ea8a523ca1c8801460890ae82663,004ba47bb589cdbc485e6025bd6d3c81,5,,,2017-12-30 00:00:00,2017-12-31 11:07:46
9894a050b424884c354ce0a333bc3f42,05434c77e67f2531d6b5a6c5f8bce535,5,,,2018-08-16 00:00:00,2018-08-16 23:36:48
f039d83d0c7c3a1f737457f98372afe9,0ca29d76f0116d46b7b5f364523feb38,4,****,"recebi o produto 14 dias antes do prazo estimado, ÓTIMO",2018-05-23 00:00:00,2018-05-24 11:05:37
af2dc73665c3820dde598897d159ec67,0647f4a0c12192bfb5ea1032d2e2ecdb,5,,,2017-09-22 00:00:00,2017-09-25 02:09:29
97ca439bc427b48bc1cd7177abe71365,00010242fe8c5a6d1ba2dd792cb16214,5,,"Perfeito, produto entregue antes do combinado.",2017-09-21 00:00:00,2017-09-22 10:57:03
c7b55ccc64b8f96698f588cde60f0134,058ff573aef21e528adcab8b8717c43a,5,,Fiquei muito satisfeita com as mercadorias recebidas.,2017-10-06 00:00:00,2017-10-07 21:52:04
03bc0dfe7d915613ff8830e6a208a78c,0a2d80bb09b766e032d077eb834788e4,5,,,2017-10-24 00:00:00,2017-10-24 20:13:44
29f6668099232dccfbc78d5cbabee59b,07da7d9fe6a7a8388af1f996b3bb0472,5,,,2017-12-27 00:00:00,2017-12-28 11:50:56
24032d5e0c5948f8d6c641c10266f07f,04ac671da9c58d9111811d06df6d2513,5,Dez,"Eu gostei de tudo.Continue trabalhando com dedicação,atenção e zelo.",2018-04-29 00:00:00,2018-04-29 20:15:49
517900916c3cd9b23098fab202e7afa6,064406f58fe12697ff148d9a5851fe9e,5,,,2018-02-10 00:00:00,2018-02-11 00:23:24
d1f5bb61bfa7899affca740d09ec430c,0aad58aeffa6b60c76d25a4bcda14815,5,,Produto de qualidade!,2017-11-08 00:00:00,2017-11-08 21:38:02
c6dbf0194da8031899d49f44f9739908,0620816b111616c1a7c0e03f8929bc4a,4,,"Fui retirar o produto no correio, pois não entregam onde eu moro. E chegou em outra cor , chegou em perfeito estado .
",2017-08-01 00:00:00,2017-08-02 15:24:38
265ee6035a9873a9550ed2bf8ff8d3be,0c87b31e37ed8557e234cec91546d4cc,2,,,2017-12-03 00:00:00,2017-12-03 10:08:52
f7c4c5f08fec1d225e177fef18b7ffac,08796d7a1fa345c5bce8f3f53435e21c,5,,,2018-08-21 00:00:00,2018-08-24 14:38:20
27574e7114a16b13c326fde42072dc80,03df18ab5ba4464030b07f49dc6d206e,2,,,2017-06-28 00:00:00,2017-06-29 11:10:17
7ae0d9f2cccd0a3a4f5de9d285299def,0c3a3b87904bb79c4042f7e75896b56a,5,, Produto ótimo. Chegou com tres dias. Parabéns,2017-12-30 00:00:00,2017-12-30 21:00:39
d5deb97251ffe05bc64d31815dcfa507,0166cc8756d58b4a30fb49de83527120,1,,Já cancelei essa compra. Não sei porque estão insistindo com essa entrega. ,2018-02-24 00:00:00,2018-02-26 19:58:06
1bf2b9a92e76901b24965acd9cf95e66,02852b112ad108b3d2b3d4ee198d84a8,1,,Muita demora na entrega. ,2017-12-24 00:00:00,2017-12-24 04:43:12
a6c1e7b8c9dd1a6d544202d4ab0e555e,0263464225bdea582f602c369c2b6061,5,,,2018-05-01 00:00:00,2018-05-01 19:27:13
89a6b8bacb510efdb4e2fab878499e0d,0c2a184d46c54e6a31e9d7a2a920b4b4,5,,,2017-12-14 00:00:00,2018-01-04 22:50:42
b4ef0952b33875181e0b1d763ef028b7,0713892246596f649555ebebe57a9a7b,1,,O produto que me entregaram não é o mesmo que mostram na tv.pq não tem nada a ver.,2017-11-15 00:00:00,2017-11-15 22:23:24
6674f2baaedf33dc4e8368cc98be8fb9,02702047ff5a89b9dd2f5afa7dcff91e,5,,,2017-05-23 00:00:00,2017-05-24 12:37:42
1c634b7bc49be5353fe2648ef59017ec,099c89b21c9d60fe648ec0bbd837bb3e,5,,,2017-10-10 00:00:00,2017-10-10 20:15:28
23a2f429eaff01fea6058cac65b2e1be,087b9476284aab4d762f05d8c0181aab,5,,,2018-08-31 00:00:00,2018-09-03 10:46:34
b979f04caa83cfa7b5f55348945343f2,05fb90958eaf5f1c3287acf11060525e,1,,não recomendaria pois não estou com o meu produto e a loja não fez nada pelo seu cliente,2018-03-23 00:00:00,2018-03-23 10:46:10
d91caed1bd6a2aa68b331908b1c116ac,032c9c5e050a01a77c20be3989064308,5,,,2017-08-25 00:00:00,2017-08-28 10:50:51
a41b8cc3a8fc6f63c9562d983f26fb54,09cbcd1a5e559da522327abcf7e30dda,5,,,2018-06-13 00:00:00,2018-06-13 23:34:43
0084d42c90ed006b38e8ec708e2221c9,05e94f64bd375a4fc88a39430e020d54,4,,"Entrega dentro do prazo, recomendo",2018-01-31 00:00:00,2018-01-31 22:15:52
b48927abb9891dd7e79f1564b9f56bc2,02950daa1214da108fb29cb5a0a3f74e,4,4,,2018-07-01 00:00:00,2018-07-02 13:19:49
f487db2da4a05477b855baa14da975bb,0c9f8646d592c21c2015b929996427af,5,,,2018-04-07 00:00:00,2018-04-09 20:28:35
6e8314a5c94950d3e88876572f703440,0171ca1dc94d8ebde8bbd3b686f44c41,4,,,2018-05-13 00:00:00,2018-05-15 16:20:36
e2beb230194e1034c9a467d2a435bafc,0bed480c1f9245de6f38a5c738dfc5f3,5,,,2018-03-02 00:00:00,2018-03-05 19:37:10
a015d06ca41cdcf47084943444fa27b9,01358622f65717728b3b2ec2cf4e8812,3,,,2017-11-01 00:00:00,2017-11-02 02:24:21
d196efb3298b337bed492f8d21cfe8c4,0858c9b11272c041d6de2fdcdbc392f1,5,,,2017-04-18 00:00:00,2017-04-21 05:50:47
500e44cb7b35829e4d350d922ab66606,02d8088eb13e63f678999f21c72b0047,5,,,2018-03-16 00:00:00,2018-03-18 11:16:27
f2d6f1f06d598cf2f974569eb91070bf,0963806fc66877ce2fbc42be9a91f3f1,4,,"site excelente , confiável",2018-04-24 00:00:00,2018-04-25 16:05:55
1907db2f7d12a28d0d59a6be497f038d,010d15deea8cae96ae86ea8097917a17,4,,,2018-04-18 00:00:00,2018-04-24 20:39:00
b1d3671c5c70d51c88f44257d66951b2,0a0ae6383118ebd8939e7d18c5dda408,1,," Não fiquei satisfeita com o acontecido , espero solução ",2018-04-04 00:00:00,2018-04-04 18:08:37
80a859c6282478eee1aaaba6ef2c5cf8,01b1800f51715ab76f67caf732206437,5,,,2018-07-28 00:00:00,2018-07-28 22:39:35
ec7234cd3b3d132a67702ecb8eb8ab22,045524a5ae6c874b746523a6fd79f4f9,5,,,2017-09-09 00:00:00,2017-09-12 21:19:48
42b7deb3faa4e2832f01981a9da3b5f6,0c3722131f9ebd9c4949a2dd31fb2402,5,,,2018-03-18 00:00:00,2018-03-18 19:16:39
9e74017e094cb80abad0818e2d1ec046,0cdc9c620e68547b5d7b5b5d974b675b,5,Super recomendo,"Chegou certinho e bem embalado, e teve um bom preço, compraria novamente na loja. ",2018-06-30 00:00:00,2018-07-05 03:40:29
1aa8f6134b5f4b2a4b00161dccd44828,05f9e5c577faa3a272454a2ceed5c64d,1,Não recebi o produto,Bom dia. Ainda não recebi o produto.,2018-05-17 00:00:00,2018-05-21 11:10:26
9386623e4633ecab3bac4782dbded49c,0afcd5d6405dd1fbe9554f4ffa99d2b8,1,,"comprei o produto e até agora nada, dizem q está nos correios, se fosse pra eu buscar em algum lugar, teria comprado em loja física",2017-08-13 00:00:00,2017-08-14 16:47:46
b38fd358097d35ff765b6f153d2fa9fe,0524a4740833e4c479484d6fd2735725,5,nota 10,eu recomendo produto muito bom recebi antes do prazo ,2018-08-04 00:00:00,2018-08-04 18:30:53
cd98115d9b9265c1f56d37503b5c1013,02ca7369ae10c2f90a73b79be24387cd,5,,,2018-05-12 00:00:00,2018-05-15 10:55:06
3e7aa115a279795fd18b07539388c7f9,0adb50a218c2b7e86f14120be935b949,5,,,2017-12-02 00:00:00,2017-12-05 15:26:59
b1f144d5813b39f6dcdc33dd3631d02d,055ad36ee30e9948bbe9baba852913b2,4,,,2018-03-28 00:00:00,2018-04-01 00:08:15
716eaa176b81f148e146498650ca7a64,039d7fb9ace69aed37b1baf88ff01cb0,5,,,2018-04-09 00:00:00,2018-04-09 18:19:50
8fa2b3d1b62265e07b8c55bf80d41f11,0a3c7a080b1152884a662e6da68906e7,4,,,2017-06-27 00:00:00,2017-07-02 13:48:46
9dd01bce304bd48ecbc5717757bbdc0d,04f2e46bdb0ab9fb67a417100fb3ca71,4,,,2017-10-19 00:00:00,2017-10-19 17:54:22
6cf95288d2946e455ef8f4a65ed181e2,0acdae809654a2de1235d18a12cf73f3,5,,,2018-06-20 00:00:00,2018-06-21 00:49:32
9513626487d894bfb2bad968496c416c,07015ec9fa46c951514edc46a108d719,2,,"Recebi no prazo, mas comprei o hoverboard com bolsa, e ela não veio gostaria de saber por Que",2018-01-29 00:00:00,2018-01-29 20:02:37
6fd50484c0d432f5d5f58da6a2598b18,067cdcc9257641b7d0ed7a49a466dd8d,3,Pelo valor...vale a pena ,"As bolsas chegaram bem antes do prazo, no entanto a bolsa grande veio com pequenas avarias; uma parte está descosturada e o acabamento dentro não estava tão bom quanto o da pequena, que veio perfeita.",2018-08-11 00:00:00,2018-08-12 12:33:36
274b0b9b47166d8f7d3df239424b50ef,0b1e7d45ede8adf7964c242ce45846f6,5,,,2017-11-25 00:00:00,2017-11-25 18:07:12
cf0688ba808483ed4e44522bec5e85ff,0b97599dd090a41840a4edb5e521bc4d,5,,Excelente ,2018-04-08 00:00:00,2018-04-08 16:02:17
158525283ed2d2d04406372be5898827,027bc78621f14cf45a7ce8dd83bf6516,5,,,2018-04-15 00:00:00,2018-04-16 11:20:21
5e76628e62cc4cf41a3b8332a151622e,011405ae7b89def8ffb3468eb29c299d,4,,,2018-05-10 00:00:00,2018-05-12 17:04:05
6e11801004dbf1cbede53d487b3deee0,0828ce181ff4d87d201f07043986d0d2,3,Não gostei do produto,Depois de montado o produto não inspira muita segurança....,2018-07-25 00:00:00,2018-07-27 01:33:18
b20e94ff0fd34f9494dbe711e140461f,037a1aed2e8a5752977fd27aff7c230c,2,,"O produto foi entregue porém com defeito, vou devolvê-lo hoje.
",2017-11-28 00:00:00,2017-11-29 11:43:53
7e3f7328ef91b28e9ecf85a1d9a6dfca,0378193927bcea58a229c432fa102ba9,4,,entrega chegou antes do prazo gostei ,2018-01-11 00:00:00,2018-01-12 04:51:32
f9db40191e3575b5eed759097d787546,07c33a9470d0df2a30cc8a8ebd0288d1,4,,,2018-05-24 00:00:00,2018-05-24 19:21:15
1fac9acb29e014e3b9b393d5c8505f99,0188777fe321843a18be24a6e9aa1e53,5,,ÓTIMO,2017-07-29 00:00:00,2017-08-01 20:55:50
519be44d5610810aaac0b0ba928e8028,01a921eb5bf5df0c2990e62563ceca49,4,,,2017-12-12 00:00:00,2017-12-13 00:41:18
d1192467387175d8068db87723053ae7,0ce1d0a0c2f36c2ba5f02094119bbebd,4,,"Tudo certo,mas na foto do site submario o fone aparecia com um cabo p2 auxiliar que não venho com o produto.",2018-02-25 00:00:00,2018-02-25 14:37:58
5ebc30303eae0499c9929b88da8c5b6d,055d54b48c1c7292933cb2e27f73ee81,4,,,2017-04-06 00:00:00,2017-04-09 19:53:17
6ff51174df20a9f4ffa8da4700743b01,044cd7ffb6a41e6e5513c6595a2893ca,5,,"Os detalhes dos quadros são lindos, super bem feitos e acabados, amei!",2017-11-16 00:00:00,2017-11-19 03:43:21
04745d26710c5231a17c8e73530af24d,03ee388839265510fa5edd811e0e1485,4,,,2017-10-27 00:00:00,2017-10-29 22:47:39
939fe38641c70cb7f02846833d7bea1e,076d991923ee938761994a4255f5c5da,5,,,2017-12-23 00:00:00,2017-12-24 12:15:37
9529662a64c9c9172af6672ca413a471,036e37b0e268e6087e88d3d7a676c13d,3,,,2018-07-12 00:00:00,2018-07-14 17:40:49
7ca10e3bb1fcea458e71d37c503cb743,077700dcf4e3bb4128459fc825a4056c,5,,,2017-11-30 00:00:00,2017-12-02 22:36:46
bbab8347323754372b7ba067e0a0f1d4,08b450b388221bfe5472ed23887a7564,1,,o produto anunciado é diferente do entregue. No rotulo no site diz: zero lactose. O produto possui lactose.,2017-11-08 00:00:00,2017-12-26 20:11:21
cfc361872d7db18d75c0176e0536614a,0c3e491fe8f99458825a93daa40f4401,4,,,2018-02-28 00:00:00,2018-03-05 13:03:41
cadc198bca03b4ecce1202b481522e20,09777f429af8cc60d951cad68db15b6f,5,,,2018-04-17 00:00:00,2018-04-18 11:11:25
1eb5858e58649b1e028b3f0d13f3df54,019d444bd00f1ccb4643de466f9a1525,1,,,2018-04-20 00:00:00,2018-04-20 12:57:52
1810b125fb57149a9eba2256c47101df,0cee95c34f2cd6a8e38d9b170b9a468e,1,,Recebi o produto errado e já faz dois dias que tento falar com o fornecedor e não tenho retorno nem mesmo das Lojas lannister.,2018-04-24 00:00:00,2018-04-26 00:55:54
7ff02a61c340c864ca6c4fb11e0675b9,014fc889637133d9075190ba873dfc03,1,,Bom comprei uma capinha Sony xa1 e veio xa1 ultra a película também veio errado,2018-01-25 00:00:00,2018-01-30 19:13:26
486d7e64e0d9a69a923b675d5285f62a,083c3a567b005b0f7261c9c0c76fe151,4,,,2017-03-18 00:00:00,2017-03-18 22:51:39
fde4f1456a7ac3ce856f5fdc34ddfdaa,01f65c9e501f46d2a15af4d2b28e6081,5,,,2018-07-15 00:00:00,2018-07-16 01:29:41
cebd9f61a0afceddc79245d4473a771b,0297f94a646c942bde497bd200cce1ed,5,,,2018-01-11 00:00:00,2018-01-12 18:18:10
324f719a599fd47fc3cdb7d0ac621212,0a15572811e0bc23e2963de1cdf344f0,5,Ótima ,,2018-05-05 00:00:00,2018-05-05 23:37:14
c622d6b6e92b64acdbd4ad586389b102,02f886b28af7079755677a544bc54fda,5,,,2017-11-22 00:00:00,2017-11-22 17:48:06
1799568e4eb04e7ab3e732af8caaade0,0b2e6b4673da2264a5318ef4abe1fd44,5,Antes do prazo,Está de parabéns chegou antes do prazo .,2018-07-07 00:00:00,2018-07-10 00:24:12
f44a85cc5523284d5fc256b538cd334b,01f74d38c7379a28cc0ac3d90e80c7ea,2,,,2018-02-28 00:00:00,2018-03-02 17:08:50
9b1eb5c63f072a93768ac24eaa6aeebf,0726665518da3a4e1b9efff4de0089fc,5,,muito bom o atendimento. produto chegou rápido,2017-06-07 00:00:00,2017-06-10 14:40:43
94c0e9eae0f6b2c3c12026ac9bd85c70,0764f8b9a45b0305b75e1bbd614ffaaa,1,,comprei a cadeira em corino e veio em tecido!,2017-10-02 00:00:00,2017-10-03 16:27:31
82a6bee6c7c4e62f4dbb17b8dd4b989e,00fb055886536063afa0dbee07a0944f,5,,,2017-06-02 00:00:00,2017-06-05 10:36:42
988dc6a5f1195fa0eddb48291f111258,05108247830e6abf604da38aff20907f,5,Ótima entrega ,"Foi entregue antes do prazo , adorei ",2018-04-26 00:00:00,2018-04-30 15:36:51
cab77cf0c1c0fa24a5712ac1b403ec16,08ede61c43aa112b05a8207ec1847298,4,,,2017-06-30 00:00:00,2017-07-02 19:03:54
c5f404138d9568bebb5dde204d15b25f,075a544c5f4ed4bb75f82b160465fe76,3,,,2018-03-06 00:00:00,2018-03-07 12:32:38
50a2f0ad1cf298e87065112ff66a31cc,0b7a6fc05a25cefe1287ad5568d08c4f,4,,,2018-05-22 00:00:00,2018-05-22 18:05:09
d2eeadd2336e4f1de76044c1e6e15707,032de52b21013e176ee997c8f210dd66,5,,"Recebi antes do prazo e em ótimas condições. O produto igual a descrição
Amei, facilita a vida ",2017-12-23 00:00:00,2017-12-24 13:06:38
716c2d623b9f28b1d8317cad8390b769,0a74dbb3f48ca542f83c5911f24e472d,5,,,2017-04-29 00:00:00,2017-05-01 00:41:07
6a86394bc96f01e1b1d7a2d92ef6a515,06a63f38cc8f4de325c456f6843c7ff0,5,,,2018-04-03 00:00:00,2018-04-04 10:49:22
31ccf4fb500b2d3ca77b10041ad0811c,05a61d016706110ed3580eeba84e31c7,5,Super recomendo,Produto chegou no prazo certo e tudo conforme combinado. Satisfeito com a compra.,2018-07-03 00:00:00,2018-07-04 13:16:01
0608339a6799710d6c3001d582726fc2,0633c2f778161bd80bf27cb619d6437c,5,,Parabéns ,2017-02-22 00:00:00,2017-02-28 07:25:12
7ee778a725e0802d53768266ee7a031b,0c350088bd84d6620d87abdd2b1e09ca,5,,,2018-04-13 00:00:00,2018-04-13 05:04:17
5858be766a592ec7bebad665ca6043da,031e976ccc4a1678f5485552ed1ae778,5,Ótimo,"Ótimo produto, recomendo, chegou antes do prazo",2018-08-15 00:00:00,2018-08-18 09:27:22
916e081bd89e2556ac9685139f1bfd26,098e4bd227693adc9a292cf3a42ea7a4,5,,,2018-05-03 00:00:00,2018-05-04 17:04:23
656e0ba8d2a2884ddfcf53827be387ba,033be53bbe3f76953bada81a6a40d3b6,4,,,2017-11-30 00:00:00,2017-12-01 09:43:37
8b643d7c33cacaa2864a9b377be958c2,0198e0de42189b3941d46857a87fac91,5,,,2017-11-09 00:00:00,2017-11-11 20:36:53
8d1d25538cbceed8fa1039fa16ec7601,02a266b82c117c3bffd894e713438484,5,,"muito satisfeita com a compra e o produto, entrega super rapida chegou antes da data prevista e com otima qualidade e super bonito , tudo conforme estava no anuncio valeu muito apena ter comprado .",2017-07-25 00:00:00,2017-07-26 01:26:15
dd7ca799a77a5a4352791b214a3384f9,0745201fea5d6f4aabd42e92a7d3b3b6,4,,"As Lojas lannister sempre surpreendem, vendas perfeitas e entregas efetuadas antes do prazo previsto.",2017-09-02 00:00:00,2017-09-03 13:13:42
b4a51e31fe558e1b5211b1d0ffec8039,0b3506e1bbe1a7086dc5f9f41c594b8e,4,,,2018-08-29 00:00:00,2018-09-01 00:19:23
067a7c380b9af3bef7076511ff91c7a8,0ac69790e2a6e4c075edbd78648a3594,5,,,2018-08-31 00:00:00,2018-09-01 11:53:12
76532a805483d23a46c07ae297cc7605,078d2f79c229fd2c2759339ac97242f4,5,,,2018-08-01 00:00:00,2018-08-02 12:52:15
6b02ca538195756f2249b1722c991c51,0741ee0ba3cb46d86325be2879e18706,5,,RECEBI NO TEMPO COMBINADO COM O VENDEDOR EXCELENTE PRODUTO NOTA 10,2018-03-09 00:00:00,2018-03-13 12:26:52
15b6594ceee5bdef1f30c621358a3461,07900b3f0c35328917b0bec1c06cd28b,4,,,2018-06-06 00:00:00,2018-06-06 22:58:47
1e2ef262bf03f09f5adecd789125ee98,084dc35511ef0934cbe4f52d6b1e17ed,5,Recomendo,"Produto original como descrito, e entrega muito rápida.",2018-05-19 00:00:00,2018-05-21 15:00:41
0c1282d7c8d0e20e7df62a4578d5aa0a,0777a9060e11a166516210320a84d38c,4,,,2018-02-22 00:00:00,2018-02-24 10:18:30
9d8880c652814072aa1c9c410d7050d4,07144524b0b12343da7f0e7227dcb28d,4,,,2017-12-20 00:00:00,2017-12-21 12:28:07
76490235ad8806ae84bba549abe4682a,081409ec388a7be098904b884d149db0,5,,excelente produto preenche as necessidades indicativas do fabricante,2017-06-30 00:00:00,2017-07-03 13:04:16
c7371eb3d2160fe08c4f96b899269007,09e21d9c7aee6884dbb1ac35cf2dfc70,4,,,2018-01-13 00:00:00,2018-01-16 18:07:46
2a64cb44fe3788589e06fc7eb2b29aa1,081aa4722ec9005a164bb9e2c2090911,5,,,2018-06-23 00:00:00,2018-06-24 10:20:41
2093f01c11df2ebdb8755c98012d3051,0c16747a08be86a9c23f1cb8f3e7568c,3,,,2018-04-24 00:00:00,2018-04-24 23:42:58
2b14323706e595e92a0249318d589f06,075024c4910bd35a5d251813d59009cd,5,,,2018-04-10 00:00:00,2018-04-11 02:59:39
cfa2aaaa747f3981cd5fae499dfff210,0b7d200784c21ea7b4f3484da9a4a484,5,,Parabéns entrega super rápido... amei,2017-10-08 00:00:00,2017-10-08 18:40:32
8265263ee1a5ebd4c6fd1f8bff94ffa2,0ad81e043e6a8e37686407afb25710a1,5,,,2018-03-23 00:00:00,2018-03-26 00:20:38
356ed486b5100482bdef71ad87a13c43,0a32952933d2a181dfe8f11d41f9f9b2,2,,"Recebi o número 44 
Meu pedido foi o número 43",2017-07-14 00:00:00,2017-07-15 03:01:47
934478779c7b6246b8de50047009fc37,0a03b50bb658dc86547261ba8cd5676e,5,,"Não tenho o que reclamar, foi tudo cumprido conforme disposto no site. ",2017-11-17 00:00:00,2017-11-18 17:28:29
5970c88ddb36cdc09700d715d687461f,033a7061d514534d3459c3f1f06fe341,5,,,2017-08-30 00:00:00,2017-08-31 11:07:27
503e9524ba2d3fe3adbe50ee7e25b901,066debbd2c7642782a8fa6ec60fb6722,5,,,2017-12-14 00:00:00,2017-12-14 19:15:00
ca8da5230ae7af44d96b5b6d64b8340a,02fbb3b024a111c7e8a629bbd86df0e2,5,Super recomendo,,2018-06-07 00:00:00,2018-06-08 16:13:12
693c8407f12680ee2aab80dac19fc38a,0b888bf3da7f8e0586d742ecbff15fd0,3,,,2017-04-07 00:00:00,2017-04-12 20:48:52
b937f9f2c645942e72596f9d7b0c9a22,0ace5fbf6db2942061542a808558b9f7,5,,,2017-07-13 00:00:00,2017-07-14 23:27:12
2668a27b2dca9e659dcf3b58e2a5d7d5,008ce8764db2e397e153000e017475b6,5,,,2018-05-24 00:00:00,2018-05-27 00:18:31
d87036967e03e35496f70e33f0c855bf,03c14c8290a74e1b205057282a26c63c,5,,TUDO OK,2018-02-16 00:00:00,2018-02-19 15:28:36
7d0f7752f613fb85fdad8c35a6934e53,07bcb0695fd4e3121e2fae21fbef3d28,5,recomendado,entregue antes do prazo! ,2018-08-04 00:00:00,2018-08-05 01:10:25
115ca4325e16583ab4308cc6553eb98a,0cd41d4323d14560d7b92ef270ec6a2a,5,Otimo,"Otimo.perfeito,acabamento muito bom.forrado",2018-04-26 00:00:00,2018-04-27 12:50:25
e2b40f9b4be27ff5a9f567f6df79f0ee,01614e3e58906ab6c7e2f27e9b349f1a,4,,,2017-10-07 00:00:00,2017-10-08 00:20:30
4ebf5b5da283104833e22176bc6c53eb,08be29a19a75ae2f62a0f1250c4f67c6,4,,,2017-05-19 00:00:00,2017-05-20 18:28:49
00032b0141443497c898b3093690af51,04fb47576993a3cb0c12d4b25eab6e4e,5,,,2017-05-30 00:00:00,2017-06-01 23:28:55
042e7423077b3c5fb84b3c538bea47e0,00c8be06a8029e300dabd52c7d4c6ad2,5,,Produto cfe o anunciado! Entregue no prazo...,2018-02-28 00:00:00,2018-03-01 00:49:31
e95aacc83825025333aab66661177eb0,047250e11ece4201a2083bc3b62866bf,5,Ótimo,"Entregou tudo muito bem embalado, amei. Amo esse fone por isso já comprei 3 pra família toda.",2018-08-21 00:00:00,2018-08-23 21:13:52
6d07d4d57669bef61e34f07bf0d23d46,016a6dbc80aea6e2d217d2bedbc7b59e,3,,Bom,2017-04-20 00:00:00,2017-04-24 17:02:23
63f2ec6cff0adbed5a51b1a3b960a1fc,05ec7d4c58b47c6c3249400c512851b2,5,,,2018-01-04 00:00:00,2018-01-10 12:43:19
e66211b7d320ad08bbeb22cc8bcef95e,0b517c01a5b46fd3e16b389ea6f4ad3a,2,,,2018-03-01 00:00:00,2018-03-02 18:15:10
379a465848bb6813840684800a0467e9,031f488d7e8549b5d8af94f5a3e9300e,1,,,2018-03-23 00:00:00,2018-03-26 01:47:50
122cd8233139e0759b48a0cc738290c6,084051935208c688c8cd5fae3d15810d,5,,"valeu, as carlotas vieram intatas",2017-03-29 00:00:00,2017-03-29 05:18:57
0d854cfa8cb101a368475ffb274c31fe,09fd1722d038ec5290cb862bb8ed8e46,2,O produto não corresponde,"O produto não corresponde as imagens do site, as rodas eram em amarelo fluorescente e vieram em verde, uma das rodas não gira como as outras e não tem o mesmo desenho. A marca também era outra.",2018-08-30 00:00:00,2018-09-01 21:29:33
610d689648c010fdd9e5c10f09828b64,032b42b17fe9daa676ba9447f3dbbd0a,3,,,2018-08-15 00:00:00,2018-08-15 11:00:46
f9907962a8c8aadc205b6c052ca2d693,046af6e24851f4a0a0e7849112980219,5,,,2017-10-21 00:00:00,2017-10-22 00:44:51
789d8683ae3543986f677d1f0ef53bc9,0382a97e1263d0013315090a6f4714f4,5,,,2018-05-16 00:00:00,2018-05-16 16:15:47
ee196bfa49304cd3f3e4a083502cd94a,058cb75116972074baa3c4e594d2a851,5,,"chegou bem antes do prazo , produto d boa qualidade e fácil d montar",2018-01-19 00:00:00,2018-01-19 20:24:56
d87c687dd8b02f8ada8388b7509a5040,039749cde6a67a679fa5602f776cefa4,2,,estampa diferente do anunciado,2017-07-08 00:00:00,2017-07-10 20:38:56
cedf655149bc1c7b96aa85193ab695ee,0178ff2480e2e8fb84d456dd3dc3d777,5,,,2018-03-29 00:00:00,2018-03-30 00:21:59
09481b038846cd866ea71915f662969f,0a53c1150d1019fb4e5e6224e887011f,1,,,2018-05-04 00:00:00,2018-05-04 09:08:33
6c2e38991a4e85b84d43026547d81afb,060a509c86c388937eb130705ea09e52,4,,,2017-09-29 00:00:00,2017-10-02 11:57:13
a4a4b14d711edd678b3be6362a97a794,0c8703831f0dff29ae877f4f9cce845c,4,muito bom,bom de muita utilidade,2018-07-27 00:00:00,2018-08-01 20:52:29
eda19eef0167fcf6223eba2c1e592203,0c2bc0e5935dcca29a9e0cc2e5236a13,1,,"Nao Recomento, vendem produtos indisponivel no estoque. Depois temos que esperar a boa vontade do estorno.",2017-12-03 00:00:00,2017-12-05 02:47:44
c9609ad6b6be684188c83d8512de50b1,088217fa841fd3da3004a1a7e1d525f8,4,,otimo,2017-10-12 00:00:00,2017-10-14 16:05:02
76aa26669d7083c87478515dbc9900b1,08b7dbdd744f8be921b6e7f7fac199b7,4,boa,gostei,2018-06-21 00:00:00,2018-06-24 14:33:54
5064355081b41502d7c21cd1079375dc,034c16aeedd39a916ea470f22a048b22,4,eu recomendo,lindo o produto,2018-08-24 00:00:00,2018-08-28 12:58:04
9e87ead877cd0c3f54d2b89201bd2304,05861bbf66a8cc3d5cdb6db76fece371,3,,,2018-04-20 00:00:00,2018-04-23 04:26:23
2d82b18238f21c709719ee38401b400a,08cae26133a5501cdf7b13db6bcf39e6,4,,,2018-02-06 00:00:00,2018-02-06 18:44:27
d9f91c0b9fff09ed0874b16a8b695ce2,023669233121f0fb7899e5be2b22885f,5,,Produto ótimo. De ótima qualidade. Meus felinos adoram.,2018-04-20 00:00:00,2018-04-23 00:02:21
8420b3e50914747182486ad39918ec98,024d4903890a56c2e98df63a32206bd9,4,,,2017-11-15 00:00:00,2017-11-25 03:14:24
07497fd46afda465dbe2e8e4046e717f,045806c8806bca9909e23a1a79cfdd0c,5,,"Gostei do produto escolhido e principalmente da rapidez da entrega recomendaria a loja sim obrigada. 
",2017-12-28 00:00:00,2017-12-28 21:44:36
00b0203f5935237549c310eb2a35d600,043332e857863b02677c1e075e3cc0cf,4,,"Produto veio como mostra na foto,veio certinho e chegou Antes do prazo,super recomendo,amei",2017-11-22 00:00:00,2017-11-25 11:50:09
26a7b599ab347b400fa24de845740837,0c75e71e90c568ddf98a984598c228fe,4,,,2018-06-27 00:00:00,2018-06-27 20:24:37
a970d13e04c86c973e689b907dd155fb,04a92860751dfe7ae41f71e1228ffd18,5,,,2018-06-05 00:00:00,2018-06-06 20:14:21
d625ccaf70bec90c2a91de71777f2b76,08dd64e78f26024b266515d5262be17f,4,,,2017-05-31 00:00:00,2017-06-06 09:06:48
4910a0d41fca570cb921f0090ed5c4f8,003cc6161d7a2593f2525cce0c330d32,5,Muito rápido a entrega! ,Amei o conj! Foi entregue rápido! O conj é perfeito ,2018-08-08 00:00:00,2018-08-08 22:10:40
3f0b17a6e67885ab5eab4a07f5f71918,00beb247698c6aae94e3f859d279e2cd,2,aguardando para avalia,Aguardando para avaliar ,2018-05-30 00:00:00,2018-06-01 22:17:17
08e22ec125b45e847a0985ab9088a64a,060653209bfa61cf4b308a00e3861875,5,,,2018-06-13 00:00:00,2018-06-14 01:28:53
b5de417e41dd79749f7a7d15763968bf,053774f3c674d850192a31b9c1a8ab3a,5,,fiquei satisfeita com a compra me entregaram antes do prazo previsto,2018-03-22 00:00:00,2018-03-23 13:08:08
42bd18b4a9757a63d6bc9b4cc348c1dd,03aba68b07658f28f29612641f08d4ba,4,,,2018-08-22 00:00:00,2018-08-22 22:10:33
01c055a5b5794771b2d9595073007de8,046735e8e55ac5d5eee44e008b9e9720,5,,,2018-03-28 00:00:00,2018-03-29 11:15:23
bc91e54ed19ec8dc5b43859d7911ef00,01c0514b1f2a7375948323b959cc5682,3,,,2017-08-12 00:00:00,2017-08-14 00:56:59
23b26df6a6e269e698c680406434f5a2,04dc24624a669b293bee03e97b344440,1,sem profissionalismo,eu estou mais de um mes esperando o produto e ate agora nada eu fiz outras compras no mesmo dia e ja chegou menos esse da targaryen,2018-05-23 00:00:00,2018-05-23 17:24:10
603b312d0ba6291ff8c7a0c68371e1a6,0553f54e437f2d7fddccf81ae9a646c6,5,Recomendo,Todas as minhas expectativas foram atendidas,2018-05-16 00:00:00,2018-05-18 00:14:33
d683039ed1b0b3b6d8a025c73fa5deb2,07ffab4def2a95548ff6ef1b9d7e0f5a,1,,Produto não foi entregue até o presente momento e o prazo dado pela empresa já expirou. ,2018-04-07 00:00:00,2018-04-07 11:53:04
8df530b74636d8645d4c66f2b7d0ffa7,034e643b615bc5da33b1ede13e2ae803,4,,,2017-11-17 00:00:00,2017-11-22 21:58:50
1d2c3faa7ebcfcd1ee2d973d26ea9085,0b42c660077b29a5c0b8476149a037ce,5,,,2017-12-29 00:00:00,2017-12-30 01:29:16
368f8cc4567aec8dbe94d4b0426d8619,08b0cc275164eab92e5797432fa89770,3,,,2018-08-16 00:00:00,2018-08-19 14:56:05
22beb21889fdc250a122c0aeb1d57501,01dd288e8605af239a3a35e550e89235,5,,Entregue antes do prazo,2017-08-01 00:00:00,2017-08-02 17:04:55
e08c58594d61bc93e6d07e3e61635d33,041e2854aac3d7cc5af940995ac6be0b,4,,,2018-05-15 00:00:00,2018-05-16 00:23:38
f1aadf4294fbbc13dd2453241041e574,03af60619b8abd880dd136ed837be800,1,,Não recebi o produto aínda,2018-04-08 00:00:00,2018-04-08 04:16:35
89a17ed31ff6bc2eccd8c21bad675546,0651c427722f910d3a2238dca1975fcc,4,,,2017-12-15 00:00:00,2017-12-17 14:56:14
df930a1619165132f8833ca42fd93c52,0bec9641279215e466966512f6b444cb,4,,bom,2017-10-21 00:00:00,2017-10-23 11:31:34
56a8653aed1b3dbc6f0b104daa080572,02a0929986b1647b2df9bb303b4851b9,4,,,2018-06-30 00:00:00,2018-07-01 01:54:09
0c7377d0bc78bdb3df502047361f9cb1,029c366599ce117100419a093b7f6132,5,Muito bom ,"Estao de parabens, tudo certinho ",2018-06-26 00:00:00,2018-06-26 22:46:06
b7d5be13907b48e623dfa1a4059a153b,09de1c09553be98d80e730e53641c515,5,,Excelente! Entrega rápida e o produto é lindo!,2018-08-26 00:00:00,2018-08-28 22:08:46
2e075c46b3b9abee63dd10ece9f6f9e5,03d9b0241efc2b1690172701f6800f21,5,Excelente,,2018-07-14 00:00:00,2018-07-14 20:13:44
d8d0e6a32adb4f9b648ca6c0d6532848,0c53c83ddb6fc0f6d915cda471c0aee5,5,,,2017-09-14 00:00:00,2017-09-15 04:32:26
d367c2ac5c3155139c03ecc14a75513c,0b1bb6f28394acad8dac5b3f4e2a28c0,4,,,2018-01-30 00:00:00,2018-01-30 18:04:16
c7c1bc1196ebf0e402f0bdf799769829,08a19256bfef2a2b1f0fc654723a9c71,5,Produto Velho ,Produto Velho. Parece que foi recuperado ,2018-07-11 00:00:00,2018-07-11 21:32:09
a772ef874558736ae6892d83493fa6af,01156b662f3f47b249b5a8881d205f08,5,,,2017-09-28 00:00:00,2017-09-28 23:18:37
1515687f5d4ffc0f13deb03922c8785b,0bfbb90a7081700d37f79af63c088655,4,,,2017-11-23 00:00:00,2017-11-24 10:04:02
5bca48888c37df859f8fa44f2e633f96,02b7e7c49710de373ce4bb83fd4bf81d,5,,,2017-05-18 00:00:00,2017-05-19 10:54:46
79f39398e77c8d871e852120be51eb28,0463f8ccb9ec5832bfeffdd28ce2359d,4,,O produto chegou no prazo. ,2018-01-26 00:00:00,2018-01-27 20:48:52
7c7d0a7bb5f4b7e668c4e00a931ccbf4,0af96849112c968e7764ac7f17e4f9f7,5,,,2017-03-09 00:00:00,2017-03-14 00:30:59
b9e74146e8f546fcf1729a1c6af005b2,0a8f8c393d9dbc5901daf7d157afc427,5,,Produto excelente! Exatamente como anunciado! Entrega rápida! ,2017-06-15 00:00:00,2017-06-16 02:02:45
0607cc6bc4b9ed40167e174226b38824,04107d105302558ebef9aa631b9bd13a,5,,,2018-04-24 00:00:00,2018-04-25 01:13:03
ef2ae354ddc887baeb9f400ac05f260f,00bdebefeb760588a3425fad9dfed3d9,5,,,2018-03-15 00:00:00,2018-03-16 13:13:19
db3e8ce048075837462df966513f938a,0a3bd18b5c5d505aedd969dbba6ff069,4,,,2018-08-22 00:00:00,2018-08-24 04:28:46
c65c2050616903a3e95525f191efcc0c,084ce670827e3ebb5f585818b985bc25,4,,Tudo ok na entrega,2018-07-10 00:00:00,2018-07-13 16:29:48
8cb8a9c63307618f214c42789262aea2,0095790a64527ec83aeaaf99023c050e,5,,,2017-12-13 00:00:00,2017-12-13 22:00:26
53287b1361bd3fe51150586bf492bf52,08beae16754b76c55e9f49c7d4d138dd,5,,O produto chegou 15 dias antes do prazo. Super recomendo! ,2018-03-10 00:00:00,2018-03-11 10:22:43
575f8eb047c553ccbb0c7910456f15c3,04dd5aa087f6b04e0e145fb4c4fef047,4,,Produto ok,2017-12-12 00:00:00,2017-12-13 14:04:55
111458efc80255e6b121e32fe2fc0459,06e168d9ebbe911b7113e44536929f11,5,,,2018-01-24 00:00:00,2018-01-27 02:43:47
940144190dcba6351888cafa43f3a3a5,00042b26cf59d7ce69dfabb4e55b4fd9,5,,Gostei pois veio no prazo determinado .,2017-03-02 00:00:00,2017-03-03 10:54:59
21d1b78ca88b09c249532341a4f23e2d,04c3f7aeb511208363bae893105bd410,5,,,2017-07-22 00:00:00,2017-07-23 01:15:33
a3a174dbf8bf3e1ad821890ede142c99,096ff3d928fd9b00eed2c839ad0c2223,3,,,2017-06-02 00:00:00,2017-06-04 20:16:15
c7ae6b7ce2981450a84ea641f5b64dc0,00dfb074b5c910fbd08e04691c4b712f,5,,"De qualidade e entrega antes do prazo.
Recomendo ",2017-06-16 00:00:00,2017-06-16 22:47:27
9e4fd03b5a08a52627b4d4ab7b42e7d1,04711aafa1156335ba1ea7f6f7b7daef,5,,Ótimo,2017-11-17 00:00:00,2017-11-17 18:20:26
40d0bb40dd32c96990957d9f6ca647d4,08ad3a94339e1bddb2167b3c51faa4ac,5,,Positivo. Muito seguro comprar.,2017-08-16 00:00:00,2017-08-31 23:02:51
7e3a650136bdc03cde6a1052544a2d94,090c6fd239a12ac8f6a825897ee15d6d,5,,,2018-07-25 00:00:00,2018-07-25 19:57:48
ff6f8a215e79341725efb72cd372975c,015dd4d6681d1d15c0afebef64a0a092,3,,,2017-11-10 00:00:00,2017-11-10 20:50:57
7ca9742170e86a899f0900a7ed4dfef2,0459f8e390241a0cad720e0fce4e66a7,5,,,2017-10-01 00:00:00,2017-10-02 12:44:18
d65da0d380459ee3c500a261b6acabaf,02dbd29bc7a490d582762fae9f0fd997,3,,,2017-12-14 00:00:00,2017-12-15 11:05:19
f46bbced5162393285222160b429f223,0afa4eb653f04cb1809253eb3b1f9768,3,,,2018-02-23 00:00:00,2018-02-24 19:17:27
86bafcc569d70e744f7d99960af9fa23,04abf2d38859e6dfcfda69ed28a10aff,4,,,2018-04-13 00:00:00,2018-04-16 11:25:15
f207f951e25c3632c955769df9859eef,08bdbdeaf1626720051193300f93806e,5,,,2017-03-18 00:00:00,2017-03-19 17:22:14
40c67c837a6a1a69b3396c121ff9cc0a,01074135a88ffa5978eaadfc7f482f2b,5,,,2018-04-18 00:00:00,2018-04-19 00:45:03
a239c7f61e6e2efc345f1b415bd5fc45,08d820f39b00e575ea55d845ac9a13c2,1,,,2018-08-22 00:00:00,2018-08-24 21:31:31
e6c090a248db56e4fd1595acb4e68d33,09af99436ca3dc8d1de0f26ce6857112,5,,Td ok.,2017-09-03 00:00:00,2017-09-05 14:06:58
2592558a52d6556a930ac8f701a1790c,0a8fa6b5910d2d1326480e5837f6b51f,5,,,2017-08-31 00:00:00,2017-09-01 11:39:27
a5445882ffc3019a22c09498da727100,00e6786fee8f476835c151a4d3fa9bf1,5,,,2018-03-22 00:00:00,2018-03-23 20:20:45
78414a852cc5572be36fd9c4a235e619,09dda1ced4a7c14c742c7f2678c36641,4,,,2017-09-02 00:00:00,2017-09-04 01:18:01
09b525b4aa68f282f30053a489c38065,06a3bd42be69cdf39cd785d311b54a45,5,,,2017-09-27 00:00:00,2017-09-28 02:14:31
6402eaa568948ca90139163eeb29097b,030bc9dbf75985f16a84a296363fda3f,5,,,2018-02-25 00:00:00,2018-02-27 19:44:35
68610875fc0954529b2169b03a55296c,027ae252d37e5527c2e109e268b222e2,5,,,2018-06-05 00:00:00,2018-06-08 12:14:27
c5bde0425f768ff0d98e75e03cb17972,0b7b12a402b064d880d3cb31051f6d29,5,,,2018-01-07 00:00:00,2018-01-07 13:10:33
1662aa14b270363cc37f4a67bff75e7f,079f35f555387ba548cf2a98cca8c43e,5,Excelente,Chegou antes do esperado!!,2018-04-26 00:00:00,2018-04-26 21:38:55
bdf7a30058c2863083371bd7ad6c7a04,0c9f4cd9a2f5e3783d9ec0f4daa33741,1,,Solicitei reenvio do produto após a resolução do problema reavalio.,2017-09-24 00:00:00,2017-09-25 11:59:24
7ff3e4a8c40216cdc78be392af8550f7,07926fd3755c862341b7c7a15ef40b30,1,Produto errado,Meu produto veio errado. Outra estamos. Fiz contato no dia do recebimento dia 24 para devolução e até agora nda...estou aguardando ainda...,2018-04-25 00:00:00,2018-04-28 17:06:02
25797d45a4e622c827ed6511a8e2aaf0,0718c5bbf159e96715ef033576c56316,5,,Essa loja entregou o produto solicitado .,2017-09-01 00:00:00,2017-09-02 07:17:07
cd8e40df7f20a8563fb9f48942cb8fa6,053228d082dcc4c3730e511ecd4c9fa0,4,Produto bom,"O produto é bom, porém não chegou em minha residência. Precisei buscar nos correios. ",2018-08-21 00:00:00,2018-08-21 20:34:59
a9f67d4d31e4a27dea57c4b8db68e1a6,011105c3b5b8693eda1bfb1f152cec2a,2,,Não recebi o produto ainda.,2017-08-09 00:00:00,2017-08-17 13:25:55
6fede56cb0643444a56fc227090605f7,03181fddac1b424c893821ec539b2abf,5,,,2018-05-09 00:00:00,2018-05-10 00:38:55
0d953190c8ed55747f7b7ad3af2885e3,048cc42e03ca8d43c729adf6962cb348,5,,O produto que chegou é mais bonito do que eu esperava.,2017-11-24 00:00:00,2017-11-24 18:34:45
673656c6a0a7245bc967eb5c5871b825,0113c9989fe6e5007795daec0633b405,4,,,2018-06-30 00:00:00,2018-07-03 08:37:06
3b4189089996e8f0036b1666c2abd040,0ae08ad3fa90d3854fb8e22472d9b1a0,3,,"Muito obrigada pelo atendimento
Deu tudo certo",2017-08-17 00:00:00,2017-08-20 00:07:17
a7136c14b2a0839fb1662d37b14dbcf6,056703c10dcbf4f451315bb1c0c0d7f8,5,,Produto chegou conforme combinado. Recomendo o site pra todos. ,2018-03-29 00:00:00,2018-04-01 11:28:16
8dfd51ad2b1d9b160b0d1780e6817e79,053424c24c059910d1e31829dddcd4d9,5,,,2018-07-13 00:00:00,2018-07-18 00:53:08
f75692ffecad36beabd8a72d511c1153,06b7229726fb71407516395c69b6172a,1,Não indico,"Ao instalar o cartucho o computador indicou que o mesmo era usado ou falsificado, solicitei devolução.",2018-08-15 00:00:00,2018-08-16 10:55:49
f610b0f06c4d9ff5f8d2d2df473b2f2c,09cbc615350e91dae35a37b78994c91f,4,,,2018-02-28 00:00:00,2018-03-01 00:46:26
d59858813df002a1fbbc21bf4f66e9e0,01835ef41c5ac66dd9ec6084fa1d0533,1,,,2017-05-24 00:00:00,2017-05-27 13:16:16
6ad7f5d644c39363abb2ae71365d902b,0aa31b21d8142ae99420dec2c667e869,5,,,2018-03-23 00:00:00,2018-03-26 11:56:59
c2d8b9ccf439d0bd793ce458be78f738,00f57f2ccce2a2e3f393fe8f5e616e0d,5,,,2018-07-17 00:00:00,2018-07-18 19:23:22
81410d45435bc2b4d2a23ec856f210a3,08e617c0a81895c4d5f6ab1e4a20fad0,5,,,2017-02-03 00:00:00,2017-02-04 12:18:25
42e0196d5ba3f5527d893b25c1381232,031e9d02ce26fb5bb1f85335708fc70b,5,,,2018-02-20 00:00:00,2018-02-21 12:15:13
fe5eb098ea93a5d102113c6a72df973c,058af2b14bd6831bf3350cc96b0f4822,5,Muito bom,Recomendo o produto e o vendedor,2018-05-26 00:00:00,2018-05-27 12:42:05
8c893c88f70053fc5885d9a46eaaa140,0972cd8199019b252faf977c4d3da6ea,3,,"O produto veio em uma caixa de papelão em tamanho ideal, mas a bateria veio solta no interior sem nem uma embalagem para proteger o flat da mesma....
Recomendo as mercadorias sejam melhor embalas.",2017-08-02 00:00:00,2017-08-03 12:48:25
75fee0da00c70de5a357ea08a5d45987,06f157e2c7fe91f2e7ae8d344c6fd456,5,Muito bom.,,2017-09-01 00:00:00,2018-04-26 22:42:17
426e4c273f92559bdc3118892650f3f6,06b29dbcb820a53c15525933a91ada27,5,,"entrega no prazo ou antes e produto correto e sem avarias, muito bom,parabéns à toda à equipe.",2017-10-20 00:00:00,2017-10-21 01:34:08
62841cb07cd25d34d2431f69abf43b42,07983cb4fc401b8663874432b9b14124,4,,,2018-03-27 00:00:00,2018-03-28 14:41:17
7a49d6129a979bbbb500cb14853d2714,056bfadd41b8600ad5ecfef2ac132188,4,,,2017-12-05 00:00:00,2017-12-09 13:53:55
7292d883e3c46c0c9ee53bc3e1d4fb4b,07161bfb5748163ca6d0478bda1b0a5a,5,,recomendo muito,2017-04-11 00:00:00,2017-04-25 10:35:22
0ba8ff1a2b3967c4bc27d7ed2074b7b5,027286057add812ecb77ad0b23604c06,5,,,2018-03-14 00:00:00,2018-03-21 16:27:45
d6a19d103115c4f026327aae3351a019,0ced306b608e9bc80ef960368a3414a4,4,,,2017-07-12 00:00:00,2017-07-20 19:41:44
737372e855cbef4d342692e9a38f9848,06875ab72c5b9bb2eb303a70031bfeb0,4,,,2018-01-16 00:00:00,2018-01-18 23:59:45
355ab6d221abdfb4c02e27695fcc6d5f,0652543c9f8586d33500c3d0e4ddc6a6,4,,"Superou as minhas expectativas, entregue antes do prazo, bem embalado, produto de acordo com o pedido.",2017-05-19 00:00:00,2017-05-20 13:00:35
2bf3890219fda8d54c35c8b70253fb7f,00345f338696283410b7977d2e3efc89,5,,,2018-08-31 00:00:00,2018-09-02 16:58:33
66f8bdc27889025248a4004647b2675d,07182ece031138fc6c7f81b60b1eb329,5,Boa empresa,Excelente empresa ,2018-04-24 00:00:00,2018-04-27 12:14:31
e82cd275683e30778be338cf598fe096,04f87887045aa20403546af3facb8ad1,5,,,2018-08-02 00:00:00,2018-08-03 12:45:10
60bb25089d52124e4581d41f1d60906d,0543af37e49147c9e0293a6d700917cb,5,,Recebi o produto em ordem. Antes do prazo estipulado. Em 48hs. Muito bom. Recomendo a todos.,2017-06-10 00:00:00,2017-06-11 13:51:20
7dbab863ca4ca6ddf43ad4c7adc88b8b,02d33b6a9d9e61e68ef9190bd30aefce,3,,,2017-12-17 00:00:00,2017-12-18 11:02:49
1b912a1312ad781a30e60bf32c51ee41,06f69fec6e098f6350cefea19ca51ff4,5,,,2018-07-11 00:00:00,2018-07-13 19:49:45
951ad9e8cdbf61ebcf728759756a10fc,070492c570207c7d9207ed0eb2254ec7,5,,,2018-05-10 00:00:00,2018-05-10 18:10:53
fa93ccb6be83a4fe024c7bb36558fd95,0b87d9e59c7c19b041fe36e77aa33a42,4,Excelente,,2018-05-23 00:00:00,2018-05-24 20:06:50
671a65bed4c9881a0f90360003fe4c13,05afef1c185862cab9062b322ff25cc5,4,,,2017-08-22 00:00:00,2017-09-01 19:10:24
818a5187dd832037151fffdad9e3dbf3,0286c83491d80e29a5f16c150abb76b2,4,,,2017-11-02 00:00:00,2017-11-03 14:00:23
0764257edfdd97a3bae2775ed866f4a7,06b709d62777971bc95e6c32886f3ddc,1,,Quando comprei pela internet dizia que era o modelo turbo e veio o simples. Como devo proceder ?,2018-05-05 00:00:00,2018-05-07 12:16:49
128a735b2343028678544f7254b81c6b,0749c0c521a53f4a99f4c7be0d92df95,1,,"Não recebi meu produto na data estipulada.
Ainda estou no aguarde da mercadoria",2018-03-21 00:00:00,2018-03-23 12:32:50
d219fd8cb5df6e1aad5479faa194b397,06ad94997dd34a7c2186b82d8e9be6a5,5,,,2017-07-13 00:00:00,2017-07-23 12:11:14
eb8450e05041f9172d14d1ae3d4c6668,06a02b60d897c8f12fb3287e9de120e3,1,Produto com defeito,O produto tem um pequeno defeito e eu solicitei a troca. Estou aguardando instruções.,2018-08-21 00:00:00,2018-08-21 19:15:13
6431101fb3dd532f6255990227065c5d,0820ec4a663815afde264b1f4cbfeccd,5,,"Loja transparente, correu tudo bem, recebi o produto antes do prazo, recomendo !",2018-01-09 00:00:00,2018-01-09 16:46:41
848ceae590bfaaa591249003a196dc54,0978a75c5390506e56614f327e7fa342,5,,,2017-06-06 00:00:00,2017-06-07 01:16:06
8111e0c092a1af3beafc471428786b79,099be5827a2f9692b1c1ad111affc9d1,1,,"O Produto não foi entregue.
Foi necessário retirar em uma agência dos correios.
Aliás, o produto é de baixa qualidade.
Sem embalagem...apenas um saco plástico para envolver esse ""pseudo relógio""",2017-09-14 00:00:00,2017-09-19 05:30:25
6f0eaf72345c9f379a3d8afc4e9c5c0c,0a864e1c3705f361a953b0f2cc47a60e,5,,,2017-05-05 00:00:00,2017-05-09 10:46:12
dbe069a9b44520c5c35d0de49aa3206f,0b6ea9219b1603082ec87a9842e8e017,3,,O produto chegou em perfeitas condições. Mas foi constatado atraso na entrega e solicitei retorno sobre a entrega que não recebi. O produto chegou dentro do prazo sem atualização da sua localização. ,2018-03-08 00:00:00,2018-03-08 16:52:26
448f1212cb446ad888971972f4685cda,086961934db99fd12a25cfeef96ff2cd,5,,Muito bom,2017-05-25 00:00:00,2017-05-26 11:36:13
dc091b5d54f7efbb4733deb12f10815b,0cacc6e732b7bc8f08cca2ba2604fb1e,4,,,2017-10-14 00:00:00,2017-11-07 00:42:19
8a5f871b274f5d61c6ca3fa35c2dbf56,04ad6306c963b60d59a354f6cb9a3e13,4,,,2018-04-04 00:00:00,2018-04-07 13:34:57
5657624f36ade21d856ada4fc262f83b,0777f4238fa29d5c69367c8847a2f6ec,4,,,2018-07-29 00:00:00,2018-08-01 15:21:16
6322c405c0f34bf3ad870fd1a6b1fced,0006ec9db01a64e59a68b2c340bf65a7,5,Boa,Excelente serviço de compras on line.,2018-07-31 00:00:00,2018-08-01 23:05:10
def95f809c279bd4123490e0ae286b61,0cd10c551ff0a0d5c0e5839bfb766219,4,,Veio faltando uma peça. Tampinha de fechar o local que ficam as pilhas.,2017-05-23 00:00:00,2017-05-23 23:10:51
506f8ef1dc2f05166e67a6abeba5e2cc,09e78337fade609c785bdc87f287a535,5,,,2018-04-08 00:00:00,2018-04-08 12:52:30
954b827dd06383c995a8c902188f3358,032b0e60cda9e20b30fc4b3bf1079e50,4,ótima compra,qualidade ótima,2018-04-24 00:00:00,2018-04-27 17:50:22
ac36bfd5c5f80019934c3ca91516bb35,048c6b6617c20f59a0ac4e9a348667e9,5,,cumpriu todas e detalhadas instrucoes prometidas ,2018-01-30 00:00:00,2018-01-31 07:26:02
593ba0be9678356cbedc7662c3887815,0942763b4318676d85b3185d80f57cd3,1,,Ainda nao recebi o produto,2017-10-07 00:00:00,2017-10-09 22:36:56
55a55f19ba68cd3eb9946a36521f63e3,03d7f508a18d76f89489c40b7008f7e4,5,,Mto bom serviço ,2018-03-21 00:00:00,2018-03-21 21:19:26
245af34daaba495d728280cc83520c95,03edbc910db946c979e09e67eb6a0d9f,5,,,2017-12-27 00:00:00,2017-12-28 14:53:19
83196ba4246506a2b12585e6594a2b64,05f24644b8019e68652b4216a5a5e956,1,Não recebi ,Não recebi,2018-05-01 00:00:00,2018-05-02 12:59:41
5a7168b59e5d1ac052c5cff9878ab425,02bcd06d9bfda1c2a4037560bed7b90f,4,,"Chegou muito Rápido, apenas 3 dias!!!!",2018-04-21 00:00:00,2018-04-23 21:46:33
b4a3bc74e0a5f71d05fec44e0d84e591,065f2f78a7067e37f695bed618512704,4,,,2017-09-14 00:00:00,2017-09-19 17:29:04
c482e152f9448b237a65a276254facc1,0a8ab5666933ac4865f2c36c5e7b5a0c,5,,,2017-08-10 00:00:00,2017-08-11 01:44:30
5db2fa5dabc88d80d858556b966053ea,039fc6a7aa5527e4cf6ed3c3eca00c15,5,,,2018-01-06 00:00:00,2018-01-08 22:58:32
fd2b9b3d7a1d37ea563db194ba4c1886,07f56da421233e467768e579872a0a9b,5,,,2018-06-29 00:00:00,2018-06-29 21:53:35
2f1f9b4f09da6cc4e88fd7323ffbd952,0a1e9a535a370a7613939cdf2196c089,5,,,2018-05-11 00:00:00,2018-05-11 23:02:08
42c45160a32dc065d129b454503c0658,09ea2181de5a14e01d90b6ff01835a33,5,,,2018-04-11 00:00:00,2018-04-11 21:47:23
f966bc0b36c31b258079acf6bdbafcb1,07b79f0a3ce4734c9f80f8f932ffd4ab,5,Recomendo totalmente,,2018-06-03 00:00:00,2018-06-04 10:20:03
b99156786c82f695cbd36bed7ada6110,083c350532e95d46b3c25b7c41b1ad63,5,Muito bom,Boa qualidade,2018-06-02 00:00:00,2018-06-05 02:37:13
5247997bc84587c8125a38b3c9562a30,04b9ffa87087a2450449da3911146316,1,,Não recebi o produto!,2018-04-27 00:00:00,2018-04-30 01:02:35
bd2eed7f57dabb1222efe5f2c915fe28,08bc3c916f77ec2affe03716dd076af2,5,,,2018-07-05 00:00:00,2018-07-05 21:27:29
7bb3b00389d7f1bde2856212a203ea87,0714c5e5a4887535cbf5a60cbab73fe4,5,,,2018-03-28 00:00:00,2018-03-30 17:13:10
b78ec168d6c327eba5fd100707cfff00,0629771ee9bc4f49e6d2fb6d637f00a7,5,,,2018-04-21 00:00:00,2018-04-22 02:52:07
515da289d55287bc7bf45cc2fa1eda67,01b06b4d63c340902dbe3d9f8b2fe821,1,,"Bom dia! recebi o pedido pela metade, só me entregaram um bico injetor!
Paguei por 2 unidades e só recebi até agora 1 unidade! Fico no aguardo!
",2018-06-13 00:00:00,2018-06-14 15:04:04
69698ae028b7e8862db709dd671ebed0,0ac51a16347f7a7497b799596ad5fab7,4,,,2017-05-19 00:00:00,2017-05-20 22:47:43
813d1ef40d2d7819b6a0200e91acc3b8,0c79ffcb0fed5ff297c2a68be02f4f8c,1,não recebi o produto ,não recebi o produto ,2018-08-16 00:00:00,2018-08-18 00:48:10
b4e9f72dcda0aa60ad5933fe3b8e183f,074054ad3d2e5ee3fc6f098d06f321f9,5,,"Produto entregue antes do prazo. Parabéns.
Logo comprarei de novo.",2018-02-08 00:00:00,2018-02-10 10:41:25
f57ff1aec07193a06f4fc055cc660091,00ab210695a17fe10e6b23616ae5bc97,4,Boa loja,Bom ,2018-06-20 00:00:00,2018-06-21 11:22:52
9f635f380a60d44145fc25f487cef467,08090fccbb124a320054723db6201076,3,,,2017-12-15 00:00:00,2017-12-18 09:11:41
34af2f7c4b3ec348698485781c2bf296,082e1d9362de402518ac4c47b4d82dd0,5,,veio como o combinado e entregou antes do tempo. muito bom !,2017-08-12 00:00:00,2017-08-15 11:01:54
d840dc5cb4178a602a558b05891c3d91,090e9f5faaeef6a858eb1663e67c0838,5,,Muito bom,2017-02-15 00:00:00,2017-02-16 15:55:51
6e14d39ed9a8e8448aae42174d326c99,081acb555a1113c7c97b5c19a34852a1,5,,,2017-08-01 00:00:00,2017-08-02 01:00:49
7e62fffcba18d00947831fde1d36fc7d,00eef7fe9e315a85d1a61a50cccb2494,5,,,2018-02-25 00:00:00,2018-02-26 17:56:10
2723c86af518a49d3dabdc839f4f8dc4,09195dded6636223b79ba89aa778d5fb,1,Recebi o produto errado,Mandaram outro produto.,2018-08-17 00:00:00,2018-08-20 10:45:26
27c3a25574444e27146a2947293b5759,01237c761ffb72594a466ed514518af0,5,,,2018-07-11 00:00:00,2018-07-14 02:25:33
161e320a7e03809809cb858cac0a369f,0c0c250234e385578b31a38b198cf900,5,,"96% perfeito 
",2017-11-08 00:00:00,2017-11-08 19:50:20
84571d616832f65d77914ac434f205b2,01e84dcdea7f8180214c9cf9f058f0dc,5,,INDICO A LIJA A TDS... A entrega a imediata...,2017-11-10 00:00:00,2017-11-10 23:21:01
71673abcd15a4524b60a86b5cf6c13f3,097be4cd83ab97b83a12738175758dc6,5,,,2018-06-19 00:00:00,2018-06-21 16:34:36
4d0b94b13b9966be8f4dcf8d08da7c9c,042649285cd08ef7c546445419b43407,3,,Apenas não recebi emails de confirmação de compra nem andamento do pedido. Nem da stark e nem da loja.,2018-03-17 00:00:00,2018-03-20 18:24:31
f4a063fd397ee5991d8e0d3545ec4125,04c1e5f3771cb0ccfdb672669807401b,4,,,2017-10-07 00:00:00,2017-10-08 11:27:09
0ae6b9f0a26a4300075e146a1dd38516,00ad1a02d4d9decad15c7e8f8a9470cc,2,,Frete muito lento! ,2018-08-18 00:00:00,2018-08-19 17:11:48
f9531d6908bc8670e64ba5c9948ca265,08933455a78346ec6d1d170ddd9bdb3c,3,,,2017-07-18 00:00:00,2017-08-01 04:15:43
c1c91114745808e3a387a188a3ee22e1,0606be58306f48924f5b44a39cfab9ec,5,,,2018-06-22 00:00:00,2018-06-22 23:09:45
9d65da416a1748c07c6ec35cfcff2e76,0a13aec53ae766fb150be89f7c93a73f,5,,Muito bom chegou bem antes do prazo ,2017-10-12 00:00:00,2017-10-16 01:10:41
67815a715d23a88b3afefa548cdfbcb0,06fef7fd666bfeff415e544f1648a7de,1,,O produto que comprei é de complexa instalação e só é possível ser feita por um profissional experiente. Fiz a tentativa e perdi tempo e dinheiro. Recomendaria a loja para compra de outros produtos.,2018-02-07 00:00:00,2018-02-08 19:02:44
d9ce29c696497061cd2ba51bb4fe9eec,0753ba0519dd531e78e0abdedb16be35,1,,Dentro do prazo previsto.,2018-06-08 00:00:00,2018-06-12 01:49:58
225b6952d36e8d5d5c46f0faae4c9827,012973f4cb6743d00d7e2644ddc8804c,5,,,2017-02-07 00:00:00,2017-02-10 03:47:02
4c85967c10d01b1f6b52ff8c8fa5d69d,0474da9403011efc4abd2bf594e9b68b,4,,,2018-08-14 00:00:00,2018-08-16 23:54:20
002e8e05b26cca7ce8704371bd06406d,07220c39eb26068368e675009154d635,4,,Aguardo o produto,2018-04-11 00:00:00,2018-04-11 11:09:23
bca9f15ccec755e2124696e982cc5a2d,077b4b3a3d03fcdfce6a94e53ccdb3a9,4,,,2017-12-01 00:00:00,2017-12-03 20:28:21
c387f66eefa39ad9538f89141f929b53,01255808a3d38a8dd69aa93265a4cb88,1,,produto melhor do que o esperado.Valeu,2018-02-02 00:00:00,2018-02-05 18:08:22
92698da8206521c3551649963946fcd8,0c8058646f24f81b942fe644c199e978,2,,,2018-06-21 00:00:00,2018-06-22 17:54:23
7ecb82e62756c3a6b40c9db6a00b9b9d,00b2d2f2b5f7b98e6b1828764660134e,4,RECOMENDO ,"RELOGIO LINDO ,POREM ELE É PEQUENO ,ESTOU ACOSTUMADA COM RELOGIOS TIPO FAUSTAO RS ,MAS ESSE BEM LEVE ,SÓ QUE VEIO CAIXA DE PAPEL BEM INFERIOR POR SER CASIO ",2018-08-16 00:00:00,2018-08-17 11:00:30
88f4308491cebb5d66ab6db6da198f06,04b7bd5687bbcc2087d9af68fe7302b3,5,,,2018-04-06 00:00:00,2018-04-06 22:17:59
c6bd134b0bf3e2d76f5f32afa7db7f63,072577283d9ec2718f05c37d141d65de,4,,,2017-10-04 00:00:00,2017-10-07 00:45:40
ff5a35ed603775c044e3be75bcbff706,0c2989120592c0873f156da4204fbfb6,5,,,2017-03-30 00:00:00,2017-03-31 01:00:38
cfebfb2e92d1d14dfb7652969da0f2f5,05a5446738fb49ff21e44d318df1189d,5,,,2018-07-31 00:00:00,2018-08-03 03:11:11
e5334046a69604c4d9d443ff51bbf752,04158f13c5f4533ee32baa89521cf9ba,4,,,2018-08-29 00:00:00,2018-08-30 01:45:50
cddefed6b5c4782df5914e6d8d9781b1,04011f820bf820fa27cf4cc1fc06d3be,5,,,2017-11-24 00:00:00,2017-11-25 04:52:40
6125c137b326cdeb9fd6945bd059fe08,05c8ada178f3ab074886530731749bd5,1,,"Produto com embalagem inadequada, parte central do espremedor chegou amassado.",2018-04-12 00:00:00,2018-04-16 14:29:09
06f45fcd8b9b54c30b0de110eb849228,000e63d38ae8c00bbcb5a30573b99628,3,,5,2018-03-28 00:00:00,2018-03-28 18:32:10
0098a1f240c3744c8b356396ad4da32d,01c391e962558d0793e8dd8f6bad0999,5,,,2018-03-15 00:00:00,2018-03-15 18:11:46
cd4638d96bb4a760dd4d397f59e68db1,09410001d65f75b36821f9556694a895,5,,,2018-06-09 00:00:00,2018-06-11 10:25:45
4d807c10e7c3c3ab91974c835996aa5f,057c9f435d8e14fda9a72b7bbf8b381d,5,Excelente,,2018-05-03 00:00:00,2018-05-03 19:45:37
86e533291f6350426af5f81f9dcec845,0c228f37770f365a3d0e1f7493595e09,5,,,2017-06-28 00:00:00,2017-06-29 11:42:58
47a90769011b3f7f2b290849a6183099,0514e4dbba025db4265c73bfb7371261,4,,,2018-05-01 00:00:00,2018-05-07 14:39:32
5b007ffa5e969281684bd01355558c3d,0870e65cf1b3551a87735b85ee9dd147,5,,,2018-05-26 00:00:00,2018-05-26 23:27:41
f426163b8ed2096bbacc4ce10af9fd52,088cbb32185a7be453138d87370d1fea,4,,,2018-05-15 00:00:00,2018-05-23 15:41:10
1d761686b04483a839398a60576202a7,09dd119f5cafd6888b0e67ebcff86a45,5,,,2017-12-17 00:00:00,2017-12-26 21:07:38
f3683e1ccb832930718ac193a2072b56,0cb32545f515420d9f3cba2c55ae3c4f,3,,Não recebi o Travesseiro Duoflex Natural Latex LN1102 50x70x16 cm acqua.,2017-11-17 00:00:00,2017-11-18 14:40:38
8fbcaf3ab7fd4c8fa59097a866873c09,00858d03144cc35cfd1dd043647e7c88,4,,,2018-03-23 00:00:00,2018-03-24 11:35:56
b2585703c18817000ed60d02f8626ef0,0b1652557b7b9bf7c885236e4798dd91,4,,,2017-04-20 00:00:00,2017-04-20 22:28:27
6ad4fec6fc0f7a5cd309fbe144ae9a1e,01855f880aae9a984c7c33b26fcf2e02,5,,"Chegou antes do prazo , super recomendo ",2017-10-25 00:00:00,2017-10-26 11:43:50
db1e375b79952366afc0afea8f6396aa,0945dadba69dad599e42c31e78450de4,5,,"Produto entregue antes do prazo. Recomendo pela agilidade e atendimento.
",2017-09-26 00:00:00,2017-09-28 19:34:40
7e4a8e10243ca16322bc7d3ec0f31cd9,0a814d38aa19654a3f35654847ba74b1,4,Ótima ,Tudo muito certo. Prazo tudo muito correto adorei ,2018-06-13 00:00:00,2018-06-14 05:33:24
f8df0db8b0740b6721a6bc426b62c8c0,06ef029fb5e8d178fae15f909432ccc7,5,bom,"bom, chegou bem embalado",2018-05-19 00:00:00,2018-05-22 18:50:36
1fcd0134d149630eb0fbc4222e871e0e,08bc5baa3da6ce0746413cd9cf227e9e,5,,,2017-10-26 00:00:00,2017-10-26 14:30:03
459538ff3f3cad242ff5d73edcc34ac7,0b07e7d1e914b970ab1ee7402cddd4ce,5,,,2018-06-30 00:00:00,2018-07-03 10:41:04
9a077b6caa8dbf434d11db61160e8146,08a9634db941b72179ed30feeaac2541,5,,,2017-03-07 00:00:00,2017-03-07 22:23:38
88253a39500425fa6b474dbf29f6b37c,06daa9224cad114ece451ff00c20d49f,5,,,2018-08-23 00:00:00,2018-08-23 19:39:16
41d916fd6ddfb6a401e147efe54bd18a,08eb6a0ddc93b1cf16dd629389dc691b,5,,,2018-03-23 00:00:00,2018-03-23 23:37:49
98c303ce6a5deb174c7a4b76c882d940,03b936f126145f2bb36600400aedb13a,1,,Produto comprado e não entregue no prazo. O fornecedor não deu satisfação a respeito do atraso.,2018-03-16 00:00:00,2018-03-16 12:46:42
df267a21d1889fc2e94794b4a61d577f,0449fc8e83f3042e2e415a2bc3f2a424,5,,,2018-04-28 00:00:00,2018-04-30 20:35:12
c7695defb8fb8eb8eeb8c4dc0f6558ea,00f1cc7439ccb8671133776d1829faf5,4,,,2017-12-02 00:00:00,2017-12-05 15:15:02
59f20e937732ae3f9c5932222fe53a70,048e6e4623dbf118c43e0f5572016faa,3,,,2018-01-11 00:00:00,2018-01-15 11:40:50
8f5381b6980cdbc2aee588d4f21fb6de,0549a140f31f96d7cafd46b91d604c06,5,,,2018-05-15 00:00:00,2018-05-22 01:16:34
cff0f0a13fae4955810924f132dc19e9,0777357b31babc84dc93894f0a58b942,2,,"Embora tenho sido entregue, devido ao rastreamento do produto, que foi faturado no dia da compra, poderia ser entregue antes.",2018-02-21 00:00:00,2018-02-22 12:20:18
1b3ae7eeb0e0264bfaa592abb644cd55,0a0bb5e5ea635dc355ca8ef22dfac150,3,,,2018-07-14 00:00:00,2018-07-16 09:05:16
d0bc707487472e411f18423ec4350cbe,0438652a8cef245640be57b30610a4fb,4,,,2018-04-17 00:00:00,2018-04-18 10:14:59
99f7cda40471ad775f47573d1e006372,02e8498a91ec0e72dfaff47b27c805a3,5,,,2017-11-19 00:00:00,2017-11-26 10:45:01
b793725422d848517417f2e9ac1d4eb9,06e4e324b83309e575442446e34377d7,5,,,2017-06-28 00:00:00,2017-06-29 03:37:35
7bb7b1142359c7c0ed7602c05e99d46c,0193517cd10a54473b6fd8392b58313f,5,,,2018-06-30 00:00:00,2018-07-12 21:43:06
00e927398b7a872a23c8990b38b7026a,021d08e4057e5b6414c8d2f69f4f72a0,1,,Comprei o produto chave canivete para Logan. Mas o produto que me enviaram foi a chave comum. Não vou solicitar a troca por o produto vai me atender. Mas faltou a atenção no ato de enviar o produto.,2016-10-31 00:00:00,2016-11-02 12:04:41
86986052a121c933382cd52402e99320,090c8122737bb94ca7fcbbf412be42d0,5,,,2018-02-15 00:00:00,2018-02-16 02:42:42
d826ec40de27669548f70a58d33828ea,074c1cfd061914778c545332b9c8cc5b,3,,recomendo,2018-03-29 00:00:00,2018-04-03 16:35:07
cb0c6f127785a509aeb3425cb8cd9b29,093a09a0bc3967dca46180c7bfe3aa29,5,,,2017-11-21 00:00:00,2017-11-21 15:35:18
b0dea9d0ea87ddd8241125fea3206322,0adaff16f16a26f5570209f0473fd609,5,,,2017-05-13 00:00:00,2017-05-14 17:56:12
eaba80591930b9d527ebab9266c843b1,0b0adccd993fe865dc205586fc9fd045,4,Tudo ok,Produto parece ser bem frágil mas atende a expectativa.,2018-08-02 00:00:00,2018-08-04 12:33:30
33243c6c9920899fb1aa6189e033f5ec,043cdeaa13251e7dd736f65b9ef6498f,5,Capa carteira,Ótimo produto de excelente qualidade com certeza recomendo a todos.,2018-05-03 00:00:00,2018-05-04 00:00:36
267baa054eeca55460962aa0cb50df81,00e4050fe32e786290a29c61141e979f,5,,,2017-08-25 00:00:00,2017-08-26 02:15:59
4dbac0a161b82c15310a07883d279181,087b7573e7bda014f7f61b472a7cf555,4,,,2017-03-07 00:00:00,2017-03-08 13:57:40
32a37ee6700e59d717b030412dc6c086,09a72b0eeb69a0a5727d321f51fc313b,5,,O produto me parece de ótima qualidade.,2017-08-09 00:00:00,2017-08-09 23:29:24
94128e3db46c62d9e61e868b6e36917f,03489476aad23c09fa16e1c46ad38044,5,,Lindo amei...perfeito,2017-09-03 00:00:00,2017-09-05 21:58:57
b0a0305c4f70783f3f863ea54a3467f8,05ddc7eac5c1d01a5412368354426943,1,,,2018-03-21 00:00:00,2018-03-23 11:46:51
d783a9fcdfa4e8f4b8e8bbe29cb73d3c,01fa35042136b75da24ce2a391b30eb9,5,,,2018-01-13 00:00:00,2018-01-16 01:03:14
fc5c92ef865ddb64f5b4e07d800cc351,085b1f163267ab9db88bb6b4145e0df7,5,,,2018-02-09 00:00:00,2018-02-11 17:56:52
26047d8bef3a8804af41108ee9b7fb02,057cb6913750cc04b72dbeb174afb208,4,,,2018-08-24 00:00:00,2018-08-24 20:09:43
76482611de077c743a502410fa5500a7,0166ae6ff6d450bbac3eb4ed2885c0f8,5,,,2018-06-24 00:00:00,2018-06-29 01:35:55
f256f37937f41f98c38b07726a0734f5,08e92ad91f0ce4572b374d35637140ec,5,,Boa atendimento ,2018-04-03 00:00:00,2018-04-04 12:29:22
895c9204504eaf3f52105868a225617e,08acb70a4f06f300068802d8776fefaa,4,,,2017-08-03 00:00:00,2017-08-07 14:36:48
138ccf5f8cf03bfb6544e627db1d9a8e,0bd92af478239fae08847d13e9fd8617,5,,,2018-04-26 00:00:00,2018-04-27 11:15:44
ec8f046a64c196d5b099c2d0c4bd4ca4,05d92af741841f7bfebf71cc949b807b,4,,,2018-02-08 00:00:00,2018-02-12 23:42:08
56191d941fd97ff53a5bd81a4072f0b2,09bd279b1d189a59de559c5f558ca857,5,,"Gostei, tem até caixa própria da perícula",2017-03-09 00:00:00,2017-03-10 16:29:01
fcaa556611b774da9b5c8a73040aa76f,09ae30c3aa82707a515bda0df370f7d2,5,Razoável,,2018-05-04 00:00:00,2018-05-06 21:06:09
b79a3940cd9e3f388bbba39cea8a132f,08ec1f862c4cca80515d39b2787601f4,5,,Gostei do serviço ,2017-12-01 00:00:00,2017-12-01 20:23:50
ae3df6f745d81ce9c2db98ee7854d7b3,039ab3369f399f5a3ac25e99435a8251,4,,,2018-07-04 00:00:00,2018-07-05 05:02:53
7f05ffaf413a01b93e9cbe3e527a91ab,004345d16a1ab2c21962992c721c8643,5,Bom.,"Recebi tudo certinho, recomendo.",2018-07-12 00:00:00,2018-07-12 20:59:46
c62fad0a8dd9f5af876adc1e2041758d,00337fe25a3780b3424d9ad7c5a4b35e,5,,,2017-09-28 00:00:00,2017-09-28 21:44:15
8b7c3987d5c08f8ce223294ce3ae1fec,09bc4b63b3a1b631632aebe28d64df0a,5,,Foi uma ótima compra.,2018-03-06 00:00:00,2018-03-07 05:07:44
d1a53616f812ae017a1d0490e6a96805,0aa3718b7db60c5ebec88b485cb975db,4,,Ainda não estalei o teclado para afirmar que está em perfeitas condições. Todavia quanto a compra foi um processo tranquilo e recomendo.,2018-07-24 00:00:00,2018-07-24 17:12:39
ec426acd2710d2c88ffd80b66629ccf8,042f96d01e1471ebf86650ae185a0746,5,Dez,Excelente sou cliente assídua e recomendo sempre parabéns ,2018-06-20 00:00:00,2018-06-23 23:04:02
6c5e2d8a97b0770530451fdf69728258,074eec999695249a1f80e3c7ea1aab01,1,,Não recebi o produto entao não posso avaliar positivamente. ,2018-03-24 00:00:00,2018-03-24 22:29:38
c1dd7c6a2154caaf1a6accd68842286f,09a38776c4e31230864f867821174daa,1,,nao recebi o produto,2018-03-07 00:00:00,2018-03-08 20:48:39
8b719fde61c963ed8ad6dd602afafcf5,0a32919eaa38cf81a09bb4cd2ca383df,4,,Produto dentro do esperado...no prazo,2018-04-19 00:00:00,2018-04-20 15:12:32
ce02b60adbd048931f2c07edf22f2dd7,0c47aeb0b91c17647935a2b53c38d083,5,,Entrega bem antes do prazo pedido pelo vendedor.,2018-08-16 00:00:00,2018-08-16 23:17:56
1e62f9d5cf5ccb955bfee492ab431d59,011bf86f1b7dacebda2c874333cf656b,1,,"Venho apenas um lustre, e eu comprei 2 fico no aguardo.",2018-03-22 00:00:00,2018-03-26 22:41:31
fa357f80d648c5b0fa9ef53e7bccf3c5,08f33b9700f597f74ec8fc4f1d56eda7,5,,,2018-07-03 00:00:00,2018-07-03 17:55:45
0c5bd3a7268c104cbe41c37509724640,0184d4ddb259e1a4cfc2871888cf97b8,5,,lannister é campeã ,2017-09-10 00:00:00,2017-09-12 21:33:58
e2278447a34cac1172f07c08fcda1708,02a059e99249511338c51476bf3d942e,5,,otimo recomendo,2017-07-27 00:00:00,2017-08-02 00:22:48
c3c7a148164f07326f1d927912b3617b,0731519818400f39a85714db501f1781,3,,tudo certo entrega rápida,2018-01-27 00:00:00,2018-01-28 09:08:27
09946d2f0f8f1ee560a1f9270a2fb078,0a6f6183affc58729c775e30654be436,5,,,2018-04-17 00:00:00,2018-04-19 14:13:33
7708f25610a2fdf33582de4391a5ad23,04b9b5e585a9c4f0a8e54706eb6dca47,5,Ótimo ,Chegou tudo certo e rápido ,2018-05-12 00:00:00,2018-05-13 01:31:44
f47c31d5e0536df533aa1abcd5696c39,0516c22655fe1e1f0b3390f4ee3fc5f6,5,,,2017-02-11 00:00:00,2017-02-14 16:37:08
e3a6d06d8607004e5d9e717ad2571ac2,0339ed6316da69c73459e191c10ff6ac,5,,,2018-08-10 00:00:00,2018-08-11 02:22:48
0fd183945b80ee0c32e9b7688468429e,05709f85ee94e226753ae0ed0886b69b,4,,"O produto não gostei, já está descosturando. Vou devolver... já fi o Processo. ",2017-03-17 00:00:00,2017-03-17 23:28:00
38f0416ee0f11928ae6f8a2fcfccece0,03e2b2c32adfd7016fbdf98a70a7077c,3,,,2018-06-05 00:00:00,2018-06-07 16:31:50
cfbfd0309a115a8e7bb29f63626865b4,02b57c07010db3ded50936152756a6e8,5,,"produto lindo, qualidade excelente e de facil colocação",2018-03-03 00:00:00,2018-03-07 00:34:28
330d75fe1669e2e8348b43ead263125b,09475a764868b0fa004ced42388fe6c6,4,Otimo,Muito rapido a entrega produto de otima qualidade,2018-06-10 00:00:00,2018-06-12 17:04:50
d9b9c78b2cdb27a8d33623bdb51c7ebf,065d7ca47199c0b027e288a77c59a167,4,,,2018-08-05 00:00:00,2018-08-24 22:29:47
cbc8129ad304f66b4d5809ba8125381d,08d0d3587fdedecc31be9c29c74b819b,5,,,2017-11-07 00:00:00,2017-11-07 15:01:24
7ae3003ed24b061b8398e9d0dd1ac7eb,0b13a698a0b7a62e8ec891081558b7aa,5,,,2018-01-18 00:00:00,2018-01-19 00:20:29
7af9e2b0995464cfc8c8324f71d1f89e,076b2c2ebef1ce8600aec810d3bf6286,5,,muito bom,2018-02-27 00:00:00,2018-03-05 19:09:30
a3178786589189e899a91908284a5bd8,00fb278a99144cc1004b3ed1452ff5e1,3,,,2017-03-11 00:00:00,2017-03-12 22:35:04
69a9fe09408c99f657549de879aa5a93,030c39b681ff2f80d984e9190524a029,4,,,2018-05-11 00:00:00,2018-05-13 21:11:40
6944be2bf675380ea8b597607372ba7c,0362e923f805ae4dce58fd78c86c96c4,5,Recomendo,"Chegou bem embalado e bem antes do prazo estipulado!.
Ainda não montamos a fruteira,mas já agradeço pela eficiência.
Grata
Mary",2018-04-21 00:00:00,2018-04-27 13:56:18
2a2cf1254839024314ec620239ff91f3,0c5a7b3c5703837ef40113972224a978,5,,,2018-04-04 00:00:00,2018-04-04 19:46:51
7b207563e4dff6404c66d65997966b7c,00e6bc6b166eb28b4502c1cad4457248,5,"Produto lindo, delicado..","Lindo relógio, não é muito grande, ótimo pra quem tem o pulso fino como o meu.
A loja está de parabéns.. produto chegou bem antes do prazo.. e com uma surpresa!
Obrigada!!
",2018-07-06 00:00:00,2018-07-06 22:02:45
9b397d6f45040f27706235d11f311a38,0227da6a9a5c5d03b593cc9c2bce3463,5,,,2018-04-18 00:00:00,2018-04-19 12:41:58
9dcc9b2a7b4a86a55d631d413e6fc156,0912c75b2f7561be5da7aee13e0150a2,5,,,2017-09-19 00:00:00,2017-09-19 20:51:24
f5ac05f43ab9a3b415418df52725d099,0882461df7b87e99ede0ca735cf32e00,5,,,2018-02-28 00:00:00,2018-02-28 22:23:02
876ecc787db036a50679566c9c2053ab,0a280a8b4ce3fd3a61a076492e5d6b00,3,,Até o momento recebi só uma peça das 3 comprada,2018-01-12 00:00:00,2018-01-12 20:39:41
d9747eff1b4a8de45209f818efc17cd1,0132fef017ccf586491ca3685de667df,5,,,2018-06-08 00:00:00,2018-06-08 21:36:31
5d69f7c4509fd0df3222e86c060c9d0e,00f6dbc6195397197ee147ee45607a2c,5,,,2017-05-18 00:00:00,2017-05-22 12:04:55
0dd2be2fade8f4c15fd986a6b35edbe8,00378c6c981f234634c0b9d6128df6dd,4,,,2018-02-27 00:00:00,2018-09-24 01:28:27
e8270c57b30da09b2f4e0d71bc821e1c,0a84606bdb8331708400882d2e921524,5,,,2018-07-03 00:00:00,2018-07-05 16:39:37
1c2e5af391bdb89cc36263f6b6666627,05408ed33df5e0bbf70d578dbdca2f29,5,,,2018-08-01 00:00:00,2018-08-01 19:47:54
ae35753e783b1a5de135f133dcd1216a,06c9d7fdab61bfa60de3edd9ec99a28b,5,,,2018-04-14 00:00:00,2018-04-16 12:49:29
3fd471476904daad6fa7e136d2283efd,0c47c8eb31ce1b27d2cc41c7475aeab8,5,,Ótimo produto recomendo ,2017-10-29 00:00:00,2017-10-30 00:52:56
69b36b3932114ec8a9ae2c0c2d57bee7,03dec253b6e471bd5b0653cc53b79e95,5,,,2017-07-07 00:00:00,2017-07-07 23:37:47
b5241b5cbf069d586cd40a743c7cb004,01af7745a283aeb0f0754495c4b51ac7,4,,,2018-03-16 00:00:00,2018-03-19 12:44:50
a0be406e5bb269ff36b8c657ff935b3c,05a0f6d062da2d6c66fa846737770d35,1,,,2018-02-21 00:00:00,2018-02-23 11:20:26
025050034fe97f815863a0e89dcbb9eb,0a6003474a7471ca13dbdb23b2c04ec6,1,,"Espelho veio todo arranhado, parece que foi econtrado no lixo.",2018-02-20 00:00:00,2018-02-21 13:22:58
68d127e185459c5767a4206e170418b8,05df1c1ff1b3e0ba073493d2ca0bdffc,4,,,2018-01-30 00:00:00,2018-01-31 13:47:25
3eb83f15fd3997e78e70b5ddcf85b3bd,0308fbee05263aa1eb0b932e2dc7b4fd,5,super recomendo,"ótima loja, só está em atraso comigo na entrega do sofá de canto. Que espero receber em breve.",2018-05-10 00:00:00,2018-05-13 15:51:00
929b68f0b112e7ae60bf175badf6b1b0,0744ce655e97e70eb03a99cf52385502,5,,,2017-08-24 00:00:00,2017-08-27 16:10:04
11f5089db59d7bbb6a94323e1a104f2e,0489c7b710f3ebccafbd087c3c53bc2d,5,,,2017-10-26 00:00:00,2017-10-26 23:04:19
33885dadbb5e1363adbab24fb29256c0,048beca6ccda094fb80bbc704d7c493d,4,,,2017-05-09 00:00:00,2017-05-10 12:57:27
6399bafa5a0e48f6e4b9bfa8a78962c0,0a7ef385ee9080d0edef043521ec3114,2,produto diferente da foto,"Gostei do relógio, porém a foto que esta ai não é nada igual ao que vem.
Não recomendo.",2018-08-17 00:00:00,2018-08-20 02:38:08
5a6f97d40424345583693d7c62155192,0b1e1533654221aac3796e0a8ca9161e,4,,,2018-02-03 00:00:00,2018-02-05 11:34:04
c9b75b50eaad93310a5ee6f923832bd1,03b70c61372aebf257ccfacc6ca0aa58,5,super recomendo,entrega rapida e direito,2018-05-16 00:00:00,2018-05-21 12:28:24
15e96db8450eca556a2c47336d65a197,0161962c6c561d3acfaa3e2db9a14f96,5,,"Compra realizada sem problemas, e a cortina foi entregue bem antes do prazo indicado! Recomendo!",2017-09-21 00:00:00,2017-09-21 22:15:29
b8e9df6f19cafbb2a40a19c2f1f43543,03b89e8b0ef3ba18cc903dbaa7aff107,5,,,2018-07-13 00:00:00,2018-07-13 22:26:32
7690250dc049bad8aa127677169e0296,03f9705f9135ccb809e74e902f19b2e8,3,,,2017-05-20 00:00:00,2017-05-23 03:34:48
55444521b7193afad4ac0341a9afa2ff,0cd0056af7a12a71349c17f4114acb3f,4,,,2018-04-17 00:00:00,2018-04-21 20:02:30
a0eb8752b0b1ba17d5d308796c065c7d,068ded3b756569845d5ede597fe3b9d6,5,,,2017-06-10 00:00:00,2017-06-13 08:54:32
dadeb30f338fad33e8e06c966d27510b,01dcbb39823b4cda39ddcc6679fb00ac,5,,,2017-06-08 00:00:00,2017-06-10 22:48:54
8556934ed866a436e1cbe64536234d7f,00d0ff2017f9ea13dd7eec7470ca473a,5,100%,Ótimo ,2018-06-28 00:00:00,2018-06-30 18:04:44
4ebd94e5936c7f44247506f1d1558d9c,05d46826bd0fb605d6b00e30e9141882,4,Chegou super rapido,Chegou super rápido e bem embalado. Recomendo!,2018-08-30 00:00:00,2018-08-31 00:46:55
4c181470fe8913d077417417a79ecc9a,06a31d324c43e3350e4a83fb663c151a,5,recomendo,otimo,2018-07-25 00:00:00,2018-07-28 13:47:25
c3016fff50725fe3e66d4ba1d0c8d5d0,01bb52d7a8dffb8bef5b79268487cd10,5,,,2017-06-20 00:00:00,2017-06-21 18:55:16
1d7e758bfdc2755619d70846eb62b197,0c1426109d8295a688ee4182016bba59,4,,,2017-12-15 00:00:00,2017-12-18 13:21:33
ab6a0b60d4e9f228d27b04e6d8bfdc77,07f770114a6de1a65f865bf22d8bb20a,4,,,2018-08-10 00:00:00,2018-08-15 22:52:16
135431b8c8fafd8b5b2865014e377b76,0a881bec2e3ae03ba47a8d04d5dfc450,2,,O produto não veio muito bem embalado e uma das chapas veio amassada e o espelho trincado. Mas atende a finalidade.,2018-08-16 00:00:00,2018-08-17 11:26:53
ed3250003509c5801746b8410fc57454,056f1217c54403f6300ea6b50f6716d5,5,,,2017-11-15 00:00:00,2017-11-16 00:12:42
cc1ce095d850d1d931b32f706b1885b5,0bdba50744ca6b6e2c44940e00050e5f,5,,,2018-05-23 00:00:00,2018-05-23 23:22:10
d51437a43439a146d9bf96b54f1d1d5e,0517ba063462fdd36525fd7e9ef72cee,5,,,2018-03-27 00:00:00,2018-03-27 22:50:36
6450cd82d98ec7fdbf849de6e9784c1b,01c2c8708930c4fb8ed278dfe7ec93c7,5,,,2017-12-01 00:00:00,2017-12-11 16:17:57
80a44adebca41c95a1e55b3da6ac72a9,0891b66cbcc48cf64f31ae9cae3d08d8,4,,O produto chegou antes do prazo ! Muito satisfeito ,2016-10-28 00:00:00,2016-10-31 10:22:02
0fcba8d8f7a0b1373cb7d54a3129a845,07b4f186d84795c78fcd70a18b36c256,3,,,2018-08-24 00:00:00,2018-08-28 11:43:29
fdebdf1d62fa117c992742c3b6fc8b60,0b7ca56dc6b9eb97c8a0c7b19341b025,4,,,2018-05-05 00:00:00,2018-05-08 11:16:57
d5d14948f1d22e2cc0dd9689117bed46,067e0bf1a58a53c58a1e15f5143ae36e,5,,Adorei o meu produto veio antes do prazo e tdu esta certinho,2017-12-27 00:00:00,2017-12-28 01:41:45
e24003b837eabac1c450791f9e43e680,0501724b4f41a7c8ab490d4beacf4d07,5,,MUITO BOM,2017-11-18 00:00:00,2017-11-21 13:17:03
f3f7dbf0220fe95b4705bd88833fcc17,06d6b5a626ba890f56dae296e1384f75,5,,"Rcebi bem embala e be certinha, bom vendedor",2018-02-24 00:00:00,2018-03-06 01:21:25
b1c83abc115ddb8ecfd76f17d35c3c92,024a74550cdbd36c0fe3955fc9e2bcf0,4,Produto,"A capa carteira veio correto,mas a película de vidro veio menor do que o aparelho.",2018-08-16 00:00:00,2018-08-16 12:07:13
c5bb039b82c3df601921179000483ae9,00efb72d8e18533f736e86770705d094,4,,"produto conforme anuncio, aguardar quanto aos resultados",2018-06-14 00:00:00,2018-06-15 12:19:28
3377008b1325b226aed063d454f83fb7,0091a677651feaf5a08d7bb147681e14,4,Entrega no prazo,"Meu pedido foi entregue bem antes do prazo, obrigado, super recomendo.",2018-08-29 00:00:00,2018-08-31 20:46:10
18b94de202d11bb20603ccb68b760f99,032de54ca8e40cca1098da6c68ba92b3,5,,,2017-10-01 00:00:00,2017-10-01 17:39:57
39e487a4fed35193ae6f996755255be5,0c077fbe69b84abe12774536d0904060,5,Entrega rápida,"Adoro stark entrega sempre bem antes do prAzo.
Produtos ótimos",2018-06-23 00:00:00,2018-06-23 22:57:15
fb5827692def3d296c2310ad226ca7dd,072a8923b88a4247c16f4c0bca2f3177,3,,,2018-01-17 00:00:00,2018-01-20 07:00:18
5475f270a8a341a0c48262e678dfe190,0115d160c5fbd758a139ff90821db60d,1,,,2017-09-19 00:00:00,2017-12-22 20:37:01
c7648b3ac575c0897be62b3b87e7adc0,06b0e5a0e09e97a92ab2614c36c4bea6,4,,,2018-05-11 00:00:00,2018-05-14 12:38:40
105cfb86ed0e7b6585bed88154a757e3,093fb737d1bbfe9d3794b96acf28d546,4,,Muito eficiente a empresa . E ótimo atendimento.,2017-05-17 00:00:00,2017-05-18 12:49:14
deab4d88c0f15863d2b2c670cc08c8a4,018778568fad26695334c784563c08d4,5,,Nota dez ,2017-10-25 00:00:00,2017-10-26 12:07:04
cf27a93fecbdcba7f825b76cf9256cb6,0b710815eacb6ac13165d4cf70dbd5cf,5,,Sem problemas.,2017-02-25 00:00:00,2017-02-27 22:46:15
c9ef8475a36541fe723aa294d4a9d78f,0b5d86d1d6e2e765f19774b9572b1987,5,100 ,Ótima ,2018-08-26 00:00:00,2018-08-26 21:06:49
10f62fdeea5332995b98c326bc9a9ee4,00b4846d477a7baf5d4e47970bc08c7e,5,,.,2018-01-31 00:00:00,2018-02-02 22:04:24
0b6445ea9e2c9d9e0a383012e13d260a,026d2c7c84b97eb8854ca3fbdc6ab840,4,,,2017-03-22 00:00:00,2017-03-25 10:14:38
a356a4da9e38a96199ed9635e0e0b7fb,05d61bb749461f4805dbda51f767fa47,1,,,2017-09-16 00:00:00,2017-10-15 18:32:12
0b5c8a5de69548f277a793e3a65fbaa9,013bc5ce14f856d31efc8bebdc3a278f,5,,,2017-02-15 00:00:00,2017-02-17 19:00:52
ce1f46d52af042c7936a40784cd85808,04ca915235b56ef2ce81703cdaa6a24b,5,Super recomendo,,2018-07-11 00:00:00,2018-07-12 10:15:05
5e2498f7df1ba3394c541579018580aa,09956a4d0066f2ef4e70f7ae51e2c9f3,5,,,2017-11-01 00:00:00,2017-11-05 20:21:29
0fb289126ceedb9e9152ee2a14a040c9,03d3db2eb72705d4b4dd30987cf610f8,5,Produto recomendável,Os produtos chegaram dentro do prazo recomendado. Já usei e adorei. ,2018-04-25 00:00:00,2018-04-30 19:18:50
fb2dc0887b260ad8fa4f6fb83c74071d,00c95282163553a982f38481f9488481,4,,,2017-08-18 00:00:00,2017-08-19 00:12:31
57c3f35188a594a53796f48fc5040f1b,09684ae9062cccfa9bbd158453857401,5,,,2018-01-13 00:00:00,2018-01-14 00:59:35
3c3f9d6e21d364cf42fe90f8f21224a6,0517edc6ddee491e072a844bfbb54c86,5,,,2018-05-03 00:00:00,2018-05-07 10:21:56
886b742955a382070a0a18057a9be4ce,06486b73d8d1705c15e0d13f6adcbf84,5,,,2018-01-26 00:00:00,2018-01-27 18:16:33
8a95151bcdcfa7e0064ad99b9454aca4,06715eb38b73fdec38cd6db5aadc0214,3,,,2018-04-18 00:00:00,2018-04-18 21:43:27
bd186ba5b34b4f246234fa2c0d17254b,00a1e977cf6e672402963940db55d919,5,,,2018-07-28 00:00:00,2018-07-28 20:41:40
7b966764bb6f5a4aeeefeab0f6bffb50,059511087f2394ebd55a674537a7c2cc,4,,,2018-03-16 00:00:00,2018-03-21 20:55:50
4a923f3f8563931594d2da27e910940f,06bb67936cfa5ac3f449e4f6733de4b1,2,,Não é como a foto!,2018-06-19 00:00:00,2018-06-21 18:05:45
2cb38ea7eb239ffde6e01a3722cada7d,083a4afaefd6690e5cf5918275c4e413,4,,Ok,2017-10-04 00:00:00,2017-10-10 19:09:34
19d9d01fe7c323398deeef4b6860ef57,076c344fa6fb7b7284fe98fbcb257ab1,3,,,2017-06-14 00:00:00,2017-06-14 16:37:33
01addc8c8ace317ba333ac895eb871d3,07b76b6fdc57b96ed6406457e05ddecb,4,,"As minhas compras sempre chega antes do prazo, e tudo muito bom, e o atendimento e otimo",2017-08-11 00:00:00,2017-08-14 13:25:38
42b11d8401b96a53b3e2a1818f968f88,08636a3fcd5c2b3e957b9b8c6ac8ecd9,5,,"Tudo bem!
Entrega mais de 10 dias antes.
Grata",2017-08-26 00:00:00,2017-08-28 21:01:17
8f8ff713255bd00c6984be348a81dd01,07b0c48ffce8f9ad9878efed80bb428d,5,rrrrecomendo as lojas ame,muito satisfeito com minha compra!!!!!,2018-08-28 00:00:00,2018-08-28 22:27:19
bfcfb2f57496fc0a075630883d915338,0cb617c8bf1a34cf77947ac7d8b393f0,1,,Achei o produto mal acabado,2017-03-14 00:00:00,2017-03-16 04:42:41
89f820429b1db81e8641b5dfacd072b5,04689f2d82bbf4efb4cd3300961d4211,5,,entrega rapida e o produto veio em perfeito estado,2017-06-21 00:00:00,2017-06-26 16:48:21
15a2ce40b55a1cd0fadbd9d780734c5c,0a8b7ed1fb705a8af99575dc742cd328,5,,,2017-07-29 00:00:00,2017-07-30 04:13:51
12d2bc331d283befc71eb3882cb4a570,010d6db2f77220b394f147836c94f27b,3,,,2018-07-22 00:00:00,2018-07-24 18:44:18
fbdf6c83b8044ccef9ef48d59bc90228,08c21d8b98beec294f0dceb8b54cdfd5,4,,,2018-04-28 00:00:00,2018-04-28 22:39:40
391088414e8ee4f21e6713babb5e5232,01c1f3c10d2641a10cfd97ffaac0b3f5,5,,,2017-12-15 00:00:00,2017-12-15 21:53:21
84a851ee0a04b9cd8982443a435ac580,0c71e6884d0d7ae94fe52ea917b42fc7,5,,Entrega rápida. Bom produto.,2017-12-12 00:00:00,2017-12-15 14:06:08
5fd417acd5388a6e5120d72da29e2516,0a46b68a258a6a2a44012e312063afa9,5,,,2018-02-18 00:00:00,2018-02-21 14:19:56
56ea50b0a877feea7570b587460602d8,0a896d016dd3a53c584129cd14e0875c,4,,,2018-07-26 00:00:00,2018-07-27 11:40:01
0437e19f437a02ab0d355e0fc71f22d8,03138c298bfe1ee7855eefc9442346a8,3,,,2018-07-15 00:00:00,2018-08-01 19:29:51
0f81cf9200aa4fb5a03b507aa57829ca,0ad87ef89708a3c8f63a0016074b24f4,5,,,2017-03-15 00:00:00,2017-03-18 11:39:59
74f06cfdadaca0f2c07b31292ded2991,0c5f42741cb893d18fdbdce191decef5,5,,Ótimo produto,2018-07-07 00:00:00,2018-07-07 22:22:55
390694c8e7d1bfe3b616a81eeb0a3976,0abd009f16e89981bdb8ef51c8df289e,5,Tudo certo ,,2018-06-23 00:00:00,2018-07-04 01:16:44
64c657be7f1867c89e8a00a1c5d4b141,04eb8bac62618bbc56c582cd49493669,4,,,2017-05-24 00:00:00,2017-05-26 19:31:24
f8f59965f4964d00bc7891c0cc662f63,0974bbaa486709066c644587a5cb6623,5,,,2018-04-06 00:00:00,2018-04-08 20:24:50
b7ce5a0a606b61681caee5b8cdd3fcbd,0690b2d9b983cf580f407531575622c5,1,Ainda não recebi ,"não chegou ainda a encomenda, o motivo deve ser o correio!",2018-06-01 00:00:00,2018-06-03 11:56:11
242f67219fdb077d985bcb997f461610,0cf1684e713ddfe42529ec72206b25b3,5,,"Produto veio certinho, na caixinha com manual, veio na cor certa e chegou antes do prazo esperado, super recomendo o littman é ótimo ^^",2018-03-29 00:00:00,2018-03-30 17:35:03
0703fffcff61f8c7f73ac1d823a06efb,0560690f57123e9331f5731479b2d505,5,,,2018-04-19 00:00:00,2018-04-20 05:52:11
b12249ab53c0200b4d703f82d8740aba,08632fe0bc1f85190f242268f3410561,5,,Chegou antes do prazo,2017-07-26 00:00:00,2017-07-27 12:34:11
e0f22f5095fcf60e28abd7aed98dadea,0098dbda25722a3f019fe252a0cd10b3,4,,Muito bom,2017-10-03 00:00:00,2017-10-05 21:56:45
4fc38948400945fb91f673881bc94995,021363783b521e9813dd62bbcb77d1dd,5,,,2018-03-22 00:00:00,2018-03-23 10:24:42
8094797660b57a0099a766bb217303ae,0436c197b0ba8265af9fa94b7f444866,1,"Consta que chegou, mas na",CONSTA QUE FOI ENTREGUE MAS NÃO CHEGOU NADA,2018-08-17 00:00:00,2018-08-20 18:28:27
e47ae8369e467939c615bc63c688b2fc,0babf33efe3b411528d29e03b76acc5d,5,,,2018-02-20 00:00:00,2018-02-21 10:05:02
e67c5db6ef471a98391171a2153ad9c6,0ab778cad17847f8538aa63accb88b27,5,,Lindo o papel de parede ,2017-12-12 00:00:00,2017-12-13 02:29:01
5953f52b557af98c07c3bf0a969bc0e9,02fafd9313d5274736b9740f23006a8d,5,,Recomendo o produto está correto já testei está funcionando ok,2017-11-30 00:00:00,2017-12-01 09:16:53
2652e0f764b98b9c81a5f7663d7c8e06,0854ba21ce30d4c823d2822a698f5bf9,5,,,2018-06-23 00:00:00,2018-06-26 01:02:01
2d0b6dddd8e5bca3a7ab2b497d3a51e4,0b838846dd20161681d3072fbc6765ff,5,,,2017-03-28 00:00:00,2017-03-29 01:02:05
d122204d554e857f530b5db68e6d2563,05ea910f7ffffe471fab783ea0d8e424,5,,Recomendo muito a loja e os produtos,2017-06-27 00:00:00,2017-06-28 15:26:18
466ef4327b628808767bcfcc47bd557c,0afc9d224a6bcb1862f0d678183a5140,5,,,2018-03-01 00:00:00,2018-03-05 11:31:06
e517d5dc53a57e65685f791b663b56e5,079ad290e98bc46b5d7e0ce9fc15af1b,5,,,2018-04-10 00:00:00,2018-04-12 00:52:34
196b0564beb6482d279aacb928383228,07d2babcd3c3d273aee2781512cc5904,5,,,2017-12-30 00:00:00,2018-01-05 16:00:29
907454429e22486a4df1ad90984acfa6,09ea2f085e77814c3b31377ba10aa4a1,5,,,2018-02-21 00:00:00,2018-02-24 06:27:32
50da9f30d55fea7ba6f250d48a336f59,0ca64e59f59b26fb6fb2726f907bb52d,5,Excelente,,2018-05-20 00:00:00,2018-06-26 17:41:07
86a7f07c719e4e77c6cf10e10913f9cc,00d2559e61b9a0744a0552c35c5ecccb,5,,,2018-06-19 00:00:00,2018-06-21 20:51:53
7f45bcf3077930a927826f806f0d4e50,0b8223a2d582ee50740baba714b65256,5,,,2017-11-27 00:00:00,2017-11-29 16:21:09
070dc070834a65b7bf328f093b141535,084420ecc28fd09f04b4d0c5fa9929e1,4,,"GOstei muito, veio certinho",2017-06-09 00:00:00,2017-06-13 00:00:00
fa2d523cc60173d4889520763a2e4851,001021efaa8636c29475e7734483457d,4,,super recomendo,2018-03-09 00:00:00,2018-03-13 14:04:38
380dc2ca18d87f8e5a88b40f2a436401,0b528dd823a72d145a342b30a202dfa2,5,,,2018-04-25 00:00:00,2018-04-27 17:21:38
7065886a2b080c5ef035832419e15b87,04da77eda115c14a16e28e6d0bcdf33f,5,,,2017-10-10 00:00:00,2017-10-11 06:16:00
cec8012ed22686c84e29354b2ab2b62a,047723564a4f371af7f16f08f08ae0e0,5,,,2017-12-19 00:00:00,2017-12-19 22:34:31
24ec00d28a8ceb90ace9293a13327d9a,07883af69dfb22686ef985505006f9af,5,,Custo benefício ótimo. O tamanho e a qualidade são execelentes,2018-01-31 00:00:00,2018-02-21 23:38:42
39f3bccde117f80f73e697c3f347edf2,08a4c77d9546c8928c3dd4b20da1b773,5,,,2018-04-19 00:00:00,2018-04-19 21:38:12
58c1b4375b71096cbabb138d645d2e4a,0cf34928cb98d81a295f478ebf553c84,5,,,2018-03-09 00:00:00,2018-03-09 12:09:11
1b17f8021eb491e1dc6dbf821928a987,06e30282882c8f52575603b55ed877ce,5,,,2018-06-05 00:00:00,2018-06-06 01:17:26
4cc3ab817995f7ff274f0929d248a135,0bc4a984d79279c843421830f595273c,5,,"entrega rápida , produto de qualidade, e preço bom",2017-10-26 00:00:00,2017-10-26 18:53:24
a1793b83150f72ab9da0edcba76457b7,03c16ffcf7b8792fa870d8cd7abc4b7f,5,,,2018-04-28 00:00:00,2018-05-02 11:39:01
425a811f40352e1d374eebebae5a8a73,056c68d093c100017aab1f00f260705c,5,,,2018-05-01 00:00:00,2018-05-02 12:05:54
dd5d5b718dc3d8aae7ab848e2d52379f,0c02a4cb5207e682d63a1343cbddd13b,2,,A transportadora que a loja escolheu é muito incompetente ainda não entregou o produto,2018-03-14 00:00:00,2018-03-18 12:34:33
da994205e06161a28253e62b0ce835e4,07fa03f414c1129ccd4a8fb44f441f13,5,,,2018-02-02 00:00:00,2018-02-05 01:10:12
7e608ff3d5e09e4b8f3af38e0073fdda,0108c64ec135e4a7a75e9b5102af9bfa,4,,,2018-02-23 00:00:00,2018-02-23 23:49:26
919bba755447de0d8e5d779216792ca6,08d70627d548cd883ac394cc5da92d87,5,,,2018-02-24 00:00:00,2018-03-02 01:07:31
d20f35e15b62939e254d325d0348f34d,0928f756f49fcb66326d54f5d1bf7830,5,,,2017-08-22 00:00:00,2017-08-23 13:54:30
31299ab2f257b250243533a03d8d26ff,0c8afaedb1f20b1655f3ff0d84b4424c,4,,,2017-07-05 00:00:00,2017-07-20 16:37:06
fc43602cdde557975e080825887c1a62,02db3eec8ec9d3a35e2afe15367f21b8,3,,,2018-04-04 00:00:00,2018-04-04 17:21:44
0e9e56e1305a21c908f816f7fc557137,0bc97d91a9a3a1923234614958556071,5,,,2017-10-26 00:00:00,2017-10-26 23:30:38
238a12522c5612a71bff684302f62cb2,0aec9f1ca543dc390eb38620dc9c6429,5,,,2017-12-09 00:00:00,2017-12-09 12:22:08
b123c87a07ac962184a21b6cbf967f8f,0c1457493ca1492c4a4417fc278605b0,1,,"Recebi no prazo certo, mas não foi o produto que pedi. Só não devolvi por falta de tempo. Mas é a primeira vez que compro neste site e vem produto errado. Mas te bem vou ficar com o produto, mt obriga",2017-12-22 00:00:00,2017-12-23 00:00:26
b65df8a05779de77e5a342fcbfa7719a,05cece27facc8007b2952d0b5bbfe9d6,5,,Produto de ótima qualidade.,2018-02-09 00:00:00,2018-02-09 18:48:55
15ccee870f868c1fc330d3822243cf78,0aaf52291c13507e7fe4f565f079ad9a,5,,,2017-02-01 00:00:00,2017-02-01 08:47:58
203567c9a2e325185c963d8dc1b283d9,07f375fa02d74b14cf7562276d6932f1,4,,,2017-12-16 00:00:00,2017-12-17 00:07:23
738d56d72368243bfaa2bcb42a872a01,01e662008f03009eb9b97f9333fcd6b4,3,,,2018-07-15 00:00:00,2018-07-15 20:38:06
6b47a3257da75745f1a3e5c468e573f8,02d0cd05f04ab2e3c1acc473b0abc865,1,Não recebi o produto ,"Além de não chegar no prazo não consigo rastrear ..
Só diz que há dificuldades na íntregra e mas nada !",2018-05-05 00:00:00,2018-05-07 11:10:54
e372a84a9ed8ec83f69c6c091c698108,02d2fbf1c9a20d04ceab86eb736fa22e,4,,,2018-06-20 00:00:00,2018-06-21 13:13:46
51663313faed042186a1954e39c21f97,0c51a7661156c6f9ae61b33610dca175,5,,,2018-08-31 00:00:00,2018-09-02 11:32:53
6b61a8edb15f56e397fe91f156060db5,059d893dde97f787f2f608d5a5d13e0b,5,,,2018-04-07 00:00:00,2018-04-09 21:33:54
f1b28d8389b384304d4158835b926fac,0452166f3b0d8e378179ecea1efdfe05,5,Excelente produto,,2018-08-15 00:00:00,2018-08-20 12:04:36
eb68989ceba7ce98d1120f3dc98f22dd,0acd987fec172c76297f6aadad48c67a,5,,,2018-08-02 00:00:00,2018-08-05 19:50:40
da8f9a4695fa7990d898918b880e8963,02cbfc1aa8d209d7fec3325970ca22a6,1,Pura enganação,"lannister possui parceiros que são de confiança, sendo assim , não contem mais comigo!",2018-06-21 00:00:00,2018-07-07 16:36:12
6e560a451051f3de4591b2d2dfea4a15,03ab852861cd75d0a9225c92a3354a3a,1,,"Não posso avaliar ainda, pois não recebi o produto.",2017-12-17 00:00:00,2017-12-18 08:14:50
9b166cc422830dbc7a4fbfc3783105ce,03e4b19921428d651853f2935176e951,5,,"top chegou antes do prazo 
recomendo ",2018-01-23 00:00:00,2018-01-24 06:33:04
0b447497b22e8ff33609ef5df6e466f0,053eb07a9c8d113f338336ff5544d18d,5,,,2018-05-10 00:00:00,2018-05-11 10:42:23
af3ca49ac3f2f46ef6b31425bc2c0968,03798f08af4c622b81b2c8f46c8bfba9,5,,Ótimo ,2018-08-02 00:00:00,2018-08-05 00:48:21
9f8cda0208f15358442a32ac3ace6a02,054316a4a3afc149108b6b1431d11274,5,,ENTREGA COM RAPIDEZ E EXCELENCIA,2017-08-03 00:00:00,2017-08-04 15:47:16
ea0b51b100b362808193c7c00043343c,0c4af986e0aaede577f05163c1ee5911,5,,"Fiquei muito satisfeita com o processo num todo, desde a compra até a entrega. Muito rápido.",2018-08-25 00:00:00,2018-08-27 13:33:21
cca0db795bf22a3a505e44024fcf0b8e,00229e4e43f7a7e0b9dd819ad43268d3,5,,,2018-04-06 00:00:00,2018-04-10 00:22:02
25b4f2ca82ed77e1c41d2ba4945ac07b,08c50a01a3260630c82c21826c0061e4,5,,,2017-10-21 00:00:00,2017-10-23 14:34:05
66278f48fccb0e4fbaf896458c8403b0,0ab82628350881eff00a09a3a0c73970,5,,,2018-03-10 00:00:00,2018-03-12 11:53:39
c9317f668bc275d2ff5aea671664b589,0c5f595f24dcb36af04ddd9c0655d4ab,5,,,2017-09-06 00:00:00,2017-09-07 07:11:54
eeed3605612f408a2f6ee0f87095a604,066772e2164fd7dbdff9ded585851352,2,,"Comprei duas esteiras de apoio para copo, paguei pelas duas unidades e me entregaram apenas uma.
Até o momento estou no aguardo de um posicionamento.
Grato, 
Hélder.",2017-04-02 00:00:00,2017-04-04 17:55:25
b86a403531959a305dc40a2c703fb26a,00c842d0ae6462afc1d38fc055b02c75,5,,,2017-11-22 00:00:00,2017-11-22 19:00:38
b58e1de68449620f8fa3c9b71629c3be,06a1b81d611c5616272de7c53c41472e,3,,,2018-02-28 00:00:00,2018-03-02 03:43:17
89108dc405cb52d3af2130b200879441,0648c919c26e4ed9eae8879a4c17796e,5,,Recomendo a loja produto entregue rapido.,2017-05-11 00:00:00,2017-05-14 11:42:13
b321fc540587fa4c7827d1842f7e2dcd,07711b948fc93b9294d8b5832d0f0a83,5,,,2018-02-27 00:00:00,2018-02-27 19:50:27
1595809104a04f6611904c1549cfede0,0a2de98201596f294c0d11b01a0100a7,5,Loja muito boa,"Só uma sugestão, saiam por favor da logística doa correios, pois o serviço que eles prestam é um lixo. Quanto a loja nota 10 o produto e o que eu esperava",2018-06-09 00:00:00,2018-06-09 21:56:57
0256e9e353c0e962380afff523cadbcc,0757cb4ec76f9d0456800e40957db304,4,,,2017-07-13 00:00:00,2017-07-18 10:32:43
0115633a9c298b6a98bcbe4eee75345f,0c9850b2c179c1ef60d2855e2751d1fa,5,,,2017-09-21 00:00:00,2017-09-26 03:27:47
fd750679bbe8de238e52e57ff601fa91,0900f1b09f4249e09ce4735618757707,5,Super recomendo,"Muito bom, recebi muito antes da data, super rápido!!",2018-06-30 00:00:00,2018-07-03 21:18:20
ec6491882a6c2c8c115a364d90eff7c6,03c6017ed63622d5a2ddd03fd0b1fee7,5,,Entrega dentro do prazo,2018-03-01 00:00:00,2018-03-02 00:09:21
a2937161bd6607b827771b6e47e9156e,00cee8a4dbb042385cbbd84699e78b2e,5,Sim recomendo a loja,recebi o produto intacto,2018-07-26 00:00:00,2018-07-26 22:18:08
245a763a3844a4032b7e814d894a771b,028e37ed7cdd54ad41506f61df708cf9,5,,,2018-04-13 00:00:00,2018-04-16 13:19:38
5e06de9229aa5bdaac8fbbdf19beb338,0cc36282e7b0e281bb99dfdc8c0f11aa,5,,,2017-09-14 00:00:00,2017-09-18 22:06:01
e6900bd37ec7a3f7b0f0a6c81034ee7d,03eae39a27aeab0f8c9ad5b84555a6d1,5,,Chegou antes do prazo,2017-08-20 00:00:00,2017-08-21 19:16:44
32142f460e963751434179d30def0c64,07cacf10cc226618237904718bfb96c2,5,,,2017-07-08 00:00:00,2017-07-08 16:28:18
ecb1653e6e57ed0c87b10b0276a42933,05123197f45cd213617dbd9523bd23f7,1,,"Comprei um shampoo revlon de 1L e chegou um shampoo revlon de 300ml, sendo que eu comprei e paguei o de 1 L",2017-07-29 00:00:00,2017-07-31 17:55:14
ed9c4cef237b26624da80683d83637be,061304e42542425c8ff0be14d03126e4,1,,parceria sem responsabilidade,2017-07-08 00:00:00,2017-07-10 21:20:33
472ecfdaed067b48f67b0f0f427e7314,066da535b01be4b26ca70864a62d92e1,1,Insatisfeito,Fiz a compra do carrinho de bebê do meu filho antecipadamente pensando que chegaria em tempo hábil e me encontro numa situação em que não consigo devolver meu dinheiro e não consigo receber o produto ,2018-05-18 00:00:00,2018-05-22 00:24:33
dcb3c68821b178fc6733c5825819573b,0cf2af331f55382bd5698864658e73f0,1,,,2017-05-21 00:00:00,2017-05-22 14:08:37
e14a30f2ab8b131f684039d00bf9c1e5,0670e42d70788dc30446908644d4cd74,3,,Olá. Recebi meu pedido apenas de maneira parcial. Comprei 2 unidades mas só chegou uma. ,2018-03-09 00:00:00,2018-03-12 02:29:39
d41b2478f69db37fda8bda02df2bebf1,05b45bd050b8c16805abca656246149b,1,,"O prazo acabou e eu não recebi a minha encomenda. Ainda estou aguardando um retorno da loja. Descaso com o cliente, jamais compraria novamente e não recomendo a ninguém! ",2018-04-05 00:00:00,2018-04-05 04:31:36
d3cb6027d7cd65b0e50848fecb79b9a8,00ab1aba567dfebdc39caa4e7ca2f1b2,5,,,2017-09-13 00:00:00,2017-09-13 23:46:27
0cd25123ee693761394d2487b0fa3cc4,09fe6a53d51c53e7961252621989b67c,5,,Pontualidade e qualidade do produto. ,2018-01-19 00:00:00,2018-01-19 23:37:49
73a79e2a1f6f877314942828c37e0006,08915f902759876fcac1ccf9bbc966cf,4,,,2017-09-04 00:00:00,2017-09-13 13:46:11
d10c5f0e60868ac9f491f8ff0f2cf2bb,010ab3b1993057e91f825c672375a66d,5,,Tudo como esperado. Excelente.,2017-03-03 00:00:00,2017-03-04 10:02:11
c4fa7533121c0927528689bf9254ffe8,04a5e3a44cf4310b56f1a18f38f103e6,4,,,2018-02-02 00:00:00,2018-02-03 19:22:03
7e1d5f9133ee8fb5559312d23ce54dcf,0b1651a280049a50402bc56d50785c3c,5,,,2017-10-17 00:00:00,2017-10-17 22:38:10
98227f0ca1372b30413360b44ebe3e59,0517a3e68dac3308995edca2144db36e,1,,,2018-06-03 00:00:00,2018-06-05 05:30:11
6d868b704ed27cae5754c3b61572c734,062e658558167913d261c1089bf9357c,5,,,2017-06-15 00:00:00,2017-06-19 01:43:51
99420a22a8a3a5c176f902684e16e984,08906bb784f60b396fdf8fb1773c5e47,5,,,2017-11-11 00:00:00,2017-11-11 23:32:12
ef934cb281e0d78398561e5fc9c3806f,041d5ff28cb7d9b107b7461064dd40e2,5,Preço excelente!!!,Preço muito bom e produto entregue bem antes do prazo.,2018-05-24 00:00:00,2018-05-25 21:49:25
002d89a798b17f7c2887bd11785b09ec,0446aaa642b81cd046c44edda61ed010,4,,,2017-11-09 00:00:00,2017-11-10 20:22:03
2aa67822b8a43583960aac2d2f1fd3c0,02d84940c88e0c1c91ec65aeb663578d,4,,"Gostei e funciona bem!
A entrega foi rápida.",2018-02-08 00:00:00,2018-02-11 22:40:47
4739cb5a03c0f692d24322bb38c5ddec,056905f3e09ca68fc9ed4780498db866,5,,Recomendo,2018-04-18 00:00:00,2018-04-19 09:35:14
7a07fdf493262f1ed57a3cea303dcbef,082d9e610509b115a17045c97c207811,5,CEDO AINDA PARA AVALIAR,"Comprei 4 kits e só recebi, por enquanto, apenas 01(um). Por isso minha avaliação de que ""o produto não foi entregue"". Penso que deveriam inf na compra q viria em partes e não td de uma vez. Aguardo.",2018-06-19 00:00:00,2018-06-21 11:34:16
e81adc4877ed5728a8637b5f964024ff,084080266521db39cd371403f8534271,5,,"Recebi o produto antes do prazo, venho conforme descrito, perfeito",2018-04-11 00:00:00,2018-04-14 03:49:53
47d7ee072ab1ed821f291fd8ef2916c6,03368cf33950e57f7da415d43f792e0d,4,,,2018-07-05 00:00:00,2018-07-07 19:59:08
184daa25c193922889fb2360d9be6005,058b47cafcb62845676917a46cf732e4,5,,Amei,2017-10-17 00:00:00,2017-10-17 19:36:58
66a9e1480d71cc7376202d51275d6c52,07420892c4caddea9908f3e55218a5ba,4,,,2017-11-23 00:00:00,2017-11-24 01:22:53
b377cb8dad191d597c78ee7c346be59d,09bfed54145e573d48e1685dcf11fb6c,5,,,2018-05-08 00:00:00,2018-05-10 14:10:19
c4bc11d45c181de6ef39f4153eadf019,07d3edf3fa2d24ebc102315c95ec89f4,4,recomendado,produto bom e entrega no prazo.,2018-08-09 00:00:00,2018-08-13 12:04:17
986009b98e3a263002311c952e05417b,08e744bae85a55aa0143f7b41878a45d,5,,,2018-06-21 00:00:00,2018-06-23 21:22:12
c849daf583f57fd347665346f48cb3bb,099d60cb800db65a72d355528bb7f41e,3,Pedido de troca ,"Satisfeito com o fornecedor e prazo de entrega.
Porém, quero efetuar a troca, o produto não é o que imaginava.
Obrigado pela atenção.",2018-05-16 00:00:00,2018-05-16 20:10:41
4a72bdf3e363be129c889bdd8753a7a3,08a9de4f4b0ea83738478f16caae7bea,3,,bom,2018-03-03 00:00:00,2018-03-05 13:45:07
910d61db30be43e9b33ed8305fcad0dc,0b52695e8c759b22075c6937089c4158,5,,Produto como na foto em perfeito estado e entregue antes do prazo não tive nenhum problema ,2018-08-08 00:00:00,2018-08-09 01:55:01
393c7f570fda1569eaa70092f81e6dae,014e7d12255fc66b5ea5e6c93eb4be7b,4,,ENTREGUE CONFORME PROMETIDO,2018-02-17 00:00:00,2018-02-20 01:44:16
967105bbfebcd9101ec6c5442dc5866d,0725532304d0cfa92301860fe3075a28,4,recomendo,,2018-08-09 00:00:00,2018-08-10 16:55:55
f72dc5627bd78fb840c136295ae345f5,07f6c3baf9ac86865b60f640c4f923c6,1,,,2018-03-25 00:00:00,2018-03-25 10:30:31
cfe825fb768eec732f60e69851819728,072b97d5244a16a4573ad547ea7d15b4,5,,,2018-05-01 00:00:00,2018-05-01 22:21:15
c8d9607a0b1ae27f7986d47d77195c91,0123098b96f3d4014545642be53d891c,5,,"Apenas havia lido na descrição que o produto vinha com vidro e não veio, ma é lindo de qualquer forma.",2017-08-30 00:00:00,2017-08-31 11:16:55
1671f48ebcb15accf1446761e406c6f3,09e0e42eda6d72e0bd2a2e232d1c78b2,5,Muito bom!,"Entrega rápidissima, produtos conforme o anúncio...
Recomendadissimo!",2018-06-22 00:00:00,2018-06-23 00:27:48
c3f756acfc060f7420e808253d975d64,09afbfa0da8baf5f4eb28c82f7209afd,5,,,2018-02-20 00:00:00,2018-03-09 23:00:01
c3c86e1e572e8ebcdd6a1a4a0f388733,09c8e8de8792915ab68564b4420f246f,5,muito,Estou muito satisfeita e recomendo.,2018-08-30 00:00:00,2018-08-31 14:39:15
f36407e207d5b9317bf8d3703b5b022d,00b5e1c770b1868ec1b6b726be3aa9b9,5,,,2018-01-12 00:00:00,2018-01-12 15:44:43
923a355eb062b71fe0bf5e603739dadf,0b9e555377748cc93362b079f2653a42,5,,,2017-12-22 00:00:00,2017-12-23 22:04:27
af8ca261f6ddef9582607b211da6cf05,070f721954fa2416856b2b30e3c3c341,5,,,2018-04-17 00:00:00,2018-04-18 10:57:34
ad1b54b4e63c46cf496d32c78d6d88a1,0cb752bde20054fcde65c16163ab64b9,5,,,2017-12-24 00:00:00,2018-01-04 12:24:15
9d0d66c4e6d4637345b7ee245912fa65,011724d1afbd91844302627f79a66800,5,,,2018-08-16 00:00:00,2018-08-17 03:10:38
93b353cd792fb51ab4f7b91ee643f4e1,01eaa000fe5c9f80f535c3d0cad25a47,4,,,2018-08-18 00:00:00,2018-08-19 09:45:39
dc017af5d5c4fb973a75cc04a001f7dc,08d551ca6776789b820288466888bc3a,4,,,2018-08-30 00:00:00,2018-08-30 22:15:15
cefce09ad4204ea557886a5366ba5d76,076d3284be23e6c6ed0267f87775b62f,3,,,2018-02-22 00:00:00,2018-02-28 11:58:26
8fcf098ed8049847b5a73f3131cb6b60,0812b411edea2fcc36b4bc1f8e4e36aa,5,,muito bom,2018-01-30 00:00:00,2018-02-03 13:06:07
6f4f1cf452ebca3b2ee4a22d0fa58773,074d6aba62abd52ad27529d3fb746260,4,,"Caixa veio amassada dificuldade paarmazenamento pós i
Uso. ",2017-06-22 00:00:00,2017-06-23 19:25:06
a3a92f5e24a14b076a64520e8e477b60,048860a9cc82e1ab85c2d34174944cc8,4,,,2017-12-12 00:00:00,2017-12-14 16:56:47
7bc15b7bfcffa5328ee33c83f7be950b,0c16e6184d4cf8be09b57e667eb67bcc,2,,"Recebi o produto dentro do prazo, porém a tensão (comumente chama de voltagem) da lampada não está de acordo com a informada no plug do suporte. O Suporte e para 250V e a lampada 127 V.",2018-02-21 00:00:00,2018-02-22 20:44:56
b13417b388bac5cfde7fa1ec73d67093,0c91f244ab45cbe4383163d46635b442,5,,,2018-08-01 00:00:00,2018-08-03 16:48:56
dabbc6a240a91423a91461ca3ce74bd0,0159c6355a4e32f6ac68d838e2228150,4,Recomento,"Produto entregue, fim de semana irei montar.",2018-06-20 00:00:00,2018-06-21 13:15:20
ca93820aacfb46dd633b5fe940b0c5b1,03a85a6adb776ffefc4a8d7f845b10a4,4,,,2018-07-05 00:00:00,2018-07-11 02:51:31
2995bd97f892c55e78dd69147e45e6fc,055f84fd2ebf314ebec85f8e1312f4f4,1,,Demora na entrega.,2018-02-16 00:00:00,2018-02-18 10:49:06
e5c604899ddf11228366256a8f459f85,0286dd0f954cb641dc3eb5db5e4467e6,5,,,2017-12-22 00:00:00,2017-12-26 12:46:23
de0c49c0866d78bb694363f68e1562fc,0c760c32925c8a67562a4621ff46556e,5,Ótimo,O produto foi entregue corretamente e com rapidez,2018-07-25 00:00:00,2018-07-27 14:40:36
ac34bee7bdd87b53fac18d523753c15f,017499de14d22ef9e9a83ca54727480e,3,,"O cesto de lixo já recebi, mas o jogo de pratos com 6 unidades não recebi, e os produtos foram comprados na mesma loja. Se puderem me dar um retorno. Obrigada...",2017-07-20 00:00:00,2017-07-21 15:19:35
91a7eaaed4269303641406a3b3be9b73,04d3e9115c05c6494aa7c1063f96db5e,5,,,2018-07-26 00:00:00,2018-07-29 23:57:28
eb7ee712ffda46cabfbcbd89d4a910c4,06d7e8cde0488b6d0b67852d2295368e,5,,,2017-12-11 00:00:00,2017-12-13 21:32:47
6114b3ba9f9a3e32fcd7a3eec810f571,0ccd1517dd0bbe6fd30dfb1dc40a0133,4,,,2018-02-24 00:00:00,2018-02-27 16:41:59
599f31a50911868fc9b530cb505f4561,0759c200a1d9ec728ba380676bccb583,1,Naorecebi minha encomenda,Não recebi minha encomenda e a mesma conta como entregue. Estou tentando contato com o vendedor e até o momento não tive retorno.,2018-08-14 00:00:00,2018-08-14 17:14:47
e8ba5ec028ada1f73891685551e78b7f,00471463a6106056c1a2a809f70de640,5,,,2017-10-13 00:00:00,2017-10-19 14:10:40
b117cdaefca717b74e8737071db6d59c,0534ef1065535a4a5fd90098c1ad462b,5,,,2017-12-12 00:00:00,2017-12-12 20:27:02
f09f9d15cfb4d97719d87eb90d73f0b7,04da4dc0ed95cc93f9f25375fa08ad47,5,,,2018-08-30 00:00:00,2018-08-30 22:37:52
f8d1886843d0f1de0abb78c88646199a,0240111ef6f94ee97599bd002acec1cd,5,,,2018-06-30 00:00:00,2018-07-02 01:16:21
2b5e2bd64a28032d70a818b52a62e6b1,0bda83aa61608436c3403ca200bf12d5,1,,,2018-03-21 00:00:00,2018-03-23 06:25:33
6137f7db016b62dbfeba6a7fb73dc4eb,0679f01b97036fd74d1ee72a23c45426,4,,"produto de boa qualidade, chegou antes da data prevista na compra do mesmo. ",2017-03-15 00:00:00,2017-03-17 20:17:52
8cf4f3bc0ff1152376d2cab289a3276e,043e7f7cfe1fdc68f4ba3dc83504db83,5,Perfeito!,Produto veio conforme anunciado. Recomendo a todos. Veio antes do prazo. Minha filha vai amar. Continuem assim. Valeu.,2018-07-12 00:00:00,2018-07-15 14:24:28
7390e8e2bcfd7a05448daafe3ed2ba1a,02342201aaaf713fa9f51c6d44444424,4,,,2018-02-06 00:00:00,2018-02-06 22:37:29
5d7b837a90ddaea3a74bae691f5bd11c,074241ce500ccb810dc2a36222167798,4,,Produto com preço justo e exatamente igual a imagem.,2017-12-08 00:00:00,2017-12-08 09:41:38
b893290024bc36b857a627c571d58879,04948f70a0acaf8f9bcbc5602c4a7a47,5,,Gostei muito do produto.Entrega rápida.Recomendo as lojas lannister.,2018-01-27 00:00:00,2018-01-27 21:35:45
12eac1e196e88bb2c209a7eb4d032c87,0aa86627eca7db30ae324772cc15ff7d,5,,,2017-09-16 00:00:00,2017-09-18 17:44:29
ce515633795b14f60509d3755c1d9d8d,0721528eb05d8e5bd84d8220c5d4de19,5,,,2018-04-19 00:00:00,2018-04-25 00:57:19
a9f79481bb695fddfa207cea5bc94918,061c97a9bd7911f9d2031e1b820c344f,5,,,2017-05-10 00:00:00,2017-05-14 17:29:26
8236417ad9cf970573cf2dfdacec47ce,093b4a025c91a570d1f3b60d428b60a0,1,,"As compras que fiz no mesmo carrinho foram processaras de forma separada onerando o frete, uma das compras demorou demais para ser enviada e ainda não recebi o produto.",2018-03-18 00:00:00,2018-03-22 11:34:52
4382f0022ddec1f370c9f4211d515a38,0b691ae66d643c4c266fd72bd6ce77ce,5,,,2017-08-30 00:00:00,2017-08-31 11:50:08
77ac93a0c372a6bfc5092c0fff0ddea6,06499dd792313ae78e92e4819ffceff9,4,,,2017-05-11 00:00:00,2017-05-11 23:29:23
11add646b6f7db813519cc630785d759,01380d0df5b7dc8bd13f2266a57bd42c,5,,,2017-04-22 00:00:00,2017-04-24 21:33:35
4a0a0281e0c19317eb352563bae374e1,03e94224875e6dec154cc7a142ce5de2,5,,,2018-04-26 00:00:00,2018-04-27 00:54:41
1c490754c3e988e58de38da9b7b75da5,019440e41e276668d99d996d5d1a22c1,4,,,2018-06-20 00:00:00,2018-06-22 12:38:46
53112825c5bf06f1a81c76dc4939ff51,0bbb3f7791a87d0307555e57da3a1ff1,5,,,2017-04-21 00:00:00,2017-04-24 11:25:06
70acab2aeeea827c15643cb1fc2888c5,0bca8e07f15636c260b1f794be423ad9,4,,,2017-05-13 00:00:00,2017-05-16 23:58:35
9bcb586603a31eb07e3f9391fe460ba7,0c894d8f095e6bb51a9f22123a149507,5,,,2017-04-06 00:00:00,2017-04-06 22:46:14
4d2ae908810bf76631f2a90041c03f66,01e6f40a293da5a9dc11e49695c7541d,5,,,2017-06-08 00:00:00,2017-06-12 02:14:33
69dd338f88a1312dc8b8a3258417b02e,02a3c3a1c72dbff557b2f56fc0caa847,5,Muito bom,"Chegou antes do prazo,bem embalado e como esperava",2018-08-14 00:00:00,2018-08-15 01:55:42
c6884b2e22dc44b28a560023541721e8,0bff3ac704b2ab4cdb69873f3f551ce1,5,,,2018-04-25 00:00:00,2018-04-26 03:16:41
526422b1e00d40074041807ac1b515c9,0bc9cc637f074aa7df9fb7f206125066,5,,,2017-06-02 00:00:00,2017-07-13 14:24:36
eba375fa5fe6f3dc7ca2aa6682b46170,0025c5d1a8ca53a240ec2634bb4492ea,5,sensacional,"ótimo produto, bom acabamento. Para quem está começando nesse estudo sobre o universo, principalmente estudantes é uma ótima ferramenta. Tenho feito vários estudos com o auxilio do telescópio.",2018-08-01 00:00:00,2018-08-03 15:21:12
9283454a9548d2bbb39aae159bcab38a,09bc338a4e0ae30bcaebd7f1a2c6d3ea,1,,"Demora excessiva para entregar a mercadoria, quase trinta dias",2018-01-10 00:00:00,2018-01-10 14:50:10
8ea8888651149da7714755507cd4f1bf,0cd266ef44ad3b8afcae07e465edecc9,5,,"Chegou antes do prazo, parabéns!",2017-06-14 00:00:00,2017-06-14 15:02:34
1bcf89ee7d13a8e29abb4a22198fc3e0,068bd285dca5547429e81de9e95ff9cf,5,,,2018-02-01 00:00:00,2018-02-01 13:14:08
34c1f87191146d4c6e5390dcc4bd1eb2,04e4230edda7cee2d7656643461d47e7,5,,Entrega muito rápida! Super satisfeita! ,2017-06-06 00:00:00,2017-06-08 17:08:56
0be586f4a7490072986a7d7b2c4ed838,08e9e443708079a97897e24456987f83,1,,Nao posso opinar aind nao recebi 🤔,2017-12-03 00:00:00,2017-12-04 02:47:35
edce492973effd81b1d1cd2352e6fe87,0213da24bc9b884c4792ae4c54eb0bf3,3,,"a peça veio com defeito, o frete custou mais caro do que o produto e minha maior chateação é que para trocar vou ter um trabalho absurdo",2017-12-05 00:00:00,2017-12-08 11:50:21
61634761a74ea7da85151cf094e88306,0724cc371750e7fdfe769d2a8bdd5b92,4,,,2018-02-04 00:00:00,2018-02-06 12:32:34
bbe9c4ce095bc858fbb4c9898f89903b,0cbd2fb0c897c82c6b348a62de100f4e,5,Recomendo,,2018-06-30 00:00:00,2018-10-14 22:35:56
f11179c46ce5b0fce4ffc946f8a107a9,0aea558128f1a96bd223babc4dc79bd3,5,,,2018-02-08 00:00:00,2018-02-09 10:28:04
bf2f1411251c3f9acefbaa3be4df3ab1,0382a4a9c39917c21b842b7c15f4be23,5,Muito bom,Produto entregue antes do prazo.,2018-08-21 00:00:00,2018-08-24 00:48:19
529b6c617623b1d7c6a580bf65013045,08a547386e268879b689fca252e6a334,1,,"Não recebí o produto, e mesmo tendo comunicado ao baratheon o que ocorreu me recomendaram aguardar 02 dias que a loja me contataria e isso não aconteceu. Exijo uma solução imediata.",2017-12-14 00:00:00,2017-12-16 18:16:46
9e380c1a77fe6f9e171948a5dbdb40e4,008990da719764fb392914d8ab53ad04,5,,,2018-06-06 00:00:00,2018-06-06 19:13:08
666880858e69f22eaec87ee444449c4d,04bef5ebaab368e72d66decdad88fddf,3,,A entrega foi feita na casa de uma vizinha e o correio nao avisou.,2017-07-20 00:00:00,2017-07-22 19:43:20
bdc982b4929382ab756527bf1267e8d0,05b44fc08ced0af18eba71e859288f3e,5,,,2017-06-01 00:00:00,2017-06-04 02:53:44
121fb5828efbb27dbad3d6e287fd406e,02ed129a369c56d40549270ac5900864,5,,,2018-07-06 00:00:00,2018-07-06 16:51:52
e7702e8e9b48e95f630f6e81212e332a,08b46ab06eaf71cf043929ebf277e280,5,,Entrega rápida,2017-06-07 00:00:00,2017-06-08 17:58:29
5bdf704ce1edc91bc6c73abede903d1c,073fa4be4665f397a289842b1053229c,1,,,2018-01-24 00:00:00,2018-01-25 10:01:21
d3eac395d55c778972785cd3f3543535,052bc85c00310b85dc5b3cae2d25aebb,3,,,2017-09-12 00:00:00,2017-09-15 15:29:18
bbd9ee735f66519f50d60b983ea02280,0492eead55cd90ba9690387cca2baa20,3,,,2018-07-27 00:00:00,2018-07-28 13:01:00
a2dda8918a04d98411c10068d3af52b8,0bb3a41b7a70c65fda2461d34b495c5e,5,,,2017-12-13 00:00:00,2017-12-16 23:52:44
5a3ec37dcbb99afd954613ac8c19c7bb,0a06917fb1c4d93dddc71d9ca7dd8790,5,,,2018-08-31 00:00:00,2018-09-02 12:02:19
17f6cb1929ce9cb1927019c73042707c,0a9290cec2889b113c83f052547448f1,4,,,2018-01-18 00:00:00,2018-01-18 22:12:24
53a0a69a872049b73b15856485888770,0a46f220430c5aeaea27e7ebc76bae76,4,,,2017-05-10 00:00:00,2017-05-11 08:01:22
d3112b3c33bf7df1eb38b0321b98756d,0cda3f4a118f3654ee4e487e867fa036,5,,,2017-08-18 00:00:00,2017-08-18 19:33:16
26b7bdb44536bd32680fa6f2213cc961,05bc55c2402923914487bf644d917ad5,5,,,2017-12-21 00:00:00,2017-12-27 20:28:15
b7dc38a17166c6d772bce2caaf64f10b,067c946a70abc2e1e8d9185ae309b48a,3,,"produto bom, mas esperava que fosse melhor, levando em conta a descrição do mesmo",2017-07-18 00:00:00,2017-07-20 01:45:48
f2ef4bab77b6670b5862b064ae04668d,00a870c6c06346e85335524935c600c0,4,,,2018-05-17 00:00:00,2018-05-21 00:22:10
22d8b5728d61003c2a3e47392aafb609,0b71862ee9cbb65cc3da31466a6c2990,4,,,2018-03-02 00:00:00,2018-03-04 23:24:31
dccce5e064541deae00163b6234ae471,0282e83acfe3e7aaf60c871a4a9aca61,1,"Comprei 02, recebi 01",,2018-05-18 00:00:00,2018-05-21 09:02:04
fa4963b31bf78e710e59a6a837f6a11f,086ce45c7045b3c6a4b503bd3ec73413,5,,,2017-12-20 00:00:00,2017-12-21 15:51:30
e5f239e7f36ddbf2f9131612fcfa910d,021288ce4f15c031270df5259df1b551,5,,,2017-12-21 00:00:00,2017-12-24 17:14:45
79cc05eda94c425c9324bddccd8ac8d1,0a3fcfaf1098f95867cdeeb766561eae,5,,"Parabéns pelo respeito ao consumidor, sempre comunicando o caminho do produto, prazo de entrega e o produto entregue corretamente. ",2017-05-10 00:00:00,2017-05-11 10:24:03
942d88828eb820343b3741f7374874aa,05af503aea07ddc5530506f2c349756f,5,,,2018-06-14 00:00:00,2018-06-15 11:11:46
a30eaf9d8175750b3d441355a9b2b4e2,07be9bc8241fb542df3e10f395d5b412,2,,demorou muuuuito essa compra ,2018-02-15 00:00:00,2018-02-16 00:57:15
b7a03f0a0d3ed751a88506a1261a2fa6,06a02ea4efeed60e7e8e29a50d4bedaf,5,,"recebi rapidamente, antes do que esperava",2018-01-18 00:00:00,2018-01-30 02:48:19
d4eab4abbb06cb27ddc9c126c8ac896f,0546ac640227025eb2df422b1f613f66,4,,,2017-06-30 00:00:00,2017-07-02 22:34:53
9cd0f3cbfc2c5224844f9c4a50af945e,06caf4b0e55d9bc015a91fa77432a1cb,5,,,2017-03-22 00:00:00,2017-03-23 01:01:16
ef50728c91f5cc40994829d452b625c5,0a6b605082c96184ffbfcee379404d6e,5,,,2017-06-28 00:00:00,2017-06-28 15:05:53
127ebe6b10f305a4fb8bf03c7a40d485,02a7c0948e8f36cc17e787f73395de4d,4,,,2018-01-03 00:00:00,2018-01-03 21:32:52
64d1910e671c970d0d25718a85f397d5,010b143d83a59b355cd5a75c0f0fd785,5,,,2017-09-19 00:00:00,2017-09-19 21:09:20
5911406999ba0f348a05d3b97876ee6e,01f04ef1bf8714247c5286afd8579353,1,,Produto com medida menor do que a informada no site ,2017-11-09 00:00:00,2017-11-11 10:04:38
e37316f0709d09b45b48bc3323f108aa,06efe66e043ee5d43f8d6edcba44d653,4,,,2018-02-19 00:00:00,2018-02-19 19:51:29
99396375575a3181aec45fc5545c9671,04fa206258b069b5900dd56e6cc87a63,3,,,2018-04-17 00:00:00,2018-04-17 22:17:42
597d8a0afda6de1803777bbb160dea65,030e9e4de3076fb365bf6549b920215a,1,,"A imagem do produto estava incluso o aparador, mas veio apenas a máquina com as demais peças sem o aparador. ",2017-06-07 00:00:00,2017-06-26 22:07:04
d1cad0d055c9efc3cabdca920557307b,030e234a82944425a6f46d5b2552b848,4,,,2017-03-31 00:00:00,2017-04-01 10:41:38
aa173c18bbb400a845d3cb04182496e8,042cfa84b1415cdcea821bcbc1bb8f4c,5,,,2017-12-23 00:00:00,2017-12-24 10:26:46
afa581bb9cc556675fd85cbb4950ea07,0c1131dcb8c6ec0c895af6aea3e70983,1,,Ainda não recebi o produto é nenhuma satisfação do vendedor,2018-04-15 00:00:00,2018-04-15 12:22:03
2d6c798ae4baf69ae3730a5ecadd679d,091e624f9b7253204dee183a89950a4a,5,,compra sem embaraço e atropelos . Recomendo a tds.,2018-01-10 00:00:00,2018-01-12 02:22:39
8d51b4c9fbbf9bf124a9d2b41d9c4833,057e5b8975ad03882989369de7b803ff,4,,entrega rapida,2017-09-23 00:00:00,2017-09-24 03:06:15
93a66b31621ad3d29c44ccc9300c91dd,064e219a982901ccffc2d33432b77a2c,2,,,2018-04-21 00:00:00,2018-04-26 16:20:02
4ad51e957873aec8dc882de58afc34f1,081d8e7957ea9756d18875b8505c2886,5,,Muito bom ,2018-01-17 00:00:00,2018-01-20 14:13:04
dc190388c4be43f8b81d0b35f4e4032d,03c8468d3001db38cadd59ac670341cc,4,Recomendo a todos!,Chegou antes do prazo e o produto e muito bom!,2018-08-02 00:00:00,2018-08-03 21:32:01
236ccf78a5c4c350c18fdc1ae12b0187,0009792311464db532ff765bf7b182ae,5,,,2018-08-23 00:00:00,2018-08-23 16:11:56
b2463bfbab86e0cfb44ba2c2fb191a1c,0ba2b0331265d38d1c6670ed6c749732,5,,Produto de ótima qualidade,2017-08-26 00:00:00,2017-08-28 00:51:04
fe391df62f78d3e213c58f2873bfccb4,01e9feecd7fba975c1869a8fbbb38b65,5,,,2017-04-05 00:00:00,2017-04-06 15:14:46
17bf66548da55f35f0fe2af9b679fd6b,06fa245bf2ac2f602be83224fc55ae39,5,,"bons produtos 
sao pequenos mas bons",2017-06-28 00:00:00,2017-06-28 23:47:18
9308d1a45a9b9c5402e9d817445eec7f,09d49d145e25e27490765a4085a8e720,2,,"Equipe lannister recebi o produto incompleto, ou seja, está faltando uma mochila Barbie Grande. 
lannister tive que retirar a mercadoria incompleta na lojas do correios.

Atenciosamente.",2018-01-17 00:00:00,2018-01-18 14:37:21
8426170ecc3b099c443fb92e3314f6f5,019d79b37e56c6d56d6323fed0c54d70,5,,"Gostei bastante de comprar nesta loja.
Recomendo!",2017-06-07 00:00:00,2017-06-07 21:38:48
9db043a63b54e244ad49089aa4dd4b4d,01d48ed99667ce49eaeaa7980a31b987,1,,"Não recebi o produto até agora é não falaram nada como vai ficar, quando vou ter o dinheiro de volta ,ou o reenvio do produto porque tem quase 30 dias da compra e continuo sem saber. Não recomendo. ",2018-03-29 00:00:00,2018-03-29 11:06:46
79c6bf432f5636f603ccd67b3cf0d5d6,0948bd714f9f0ca68d9e70af5090d3f6,5,,,2017-05-25 00:00:00,2017-05-27 23:08:31
b701b2e3b150cee0359b3b2b9e172bd8,0bb0dd89956cc5f44ff556c2189e7160,5,,,2017-07-04 00:00:00,2017-07-04 23:18:42
3388112184744332eff218f52f976618,077743f9ba8964fff85ace5b958e5284,3,,,2018-01-05 00:00:00,2018-01-08 20:15:17
665588e8d896a3a90cac1ed02c499a43,0cb34be1b04ffaf4d4ad9cd5f4195855,4,,,2017-12-21 00:00:00,2017-12-22 12:15:47
5076af2d96f24ebf0fc77530db7e695d,0cea1002b907a645918a03922e9fadbd,1,,Ainda não recebi meu pedido e o prazo expirou dia 15/12/2017.Gostaria de saber o destino da minha compra.Vou ter procurar um profissional para resolver para mim.,2017-12-17 00:00:00,2017-12-19 01:52:43
5dbfd8aad46c699229768ee910b5d52a,01b241fa1421c8284e8c1029a503360f,1,,,2017-12-31 00:00:00,2017-12-31 16:24:06
d3794f2789c70321f54042476beff0c2,0b34845fe9cff17643b298ed508ebb7f,4,,,2018-02-02 00:00:00,2018-02-05 11:35:20
ffabe56f58c7da63109442726c79df2d,02f2c7fceceffdefd9a7e96abe08d93f,5,,,2017-07-05 00:00:00,2017-07-05 23:51:30
9e3a9f386bb97e2871d51201a37231f3,07cba3be3e87c6b1acd31377b79122b1,5,,,2017-07-07 00:00:00,2017-07-07 23:24:04
96c938708fca53049a80d09e7fe28082,067ce97888318cd8d89a45bcb4adc94b,5,,Adorei,2017-10-21 00:00:00,2017-10-21 14:11:16
634a1bdb931379873f0e7526378a838c,0758015124a0c9af755d31a7bf0efedc,3,,"nunca tive problemas com a loja.Neste ultimo pedido de 3 itens, apenas 1 chegou. Estou aguardando.",2017-09-30 00:00:00,2017-10-02 22:08:41
95ae5c0c6595c9f75ddc037cca0596ae,001ac194d4a326a6fa99b581e9a3d963,5,,Entregaram do prazo ,2018-07-13 00:00:00,2018-07-13 21:02:34
5c3f2a94aa82a70fbd5a5efca8c6d9ec,09ae0443d05fc72908daed24036acb22,1,,"Apesar da entrega rápida, o produto é de má qualidade. Trata-se de um relógio 3em 1 (relógio, bússola e termômetro), mas a bússola não funciona...",2017-03-24 00:00:00,2017-03-27 12:53:07
00b49439147c80e6916759355791a8cf,03dbf3a42789c67ed5e2198f08d997dc,4,,"Paguei o frete porém não foi feita a entrega em minha residência o produto está no correio, sendo que já comprei e foi entregue em minha casa, o problema maior é que os produtos tem volume para retira",2018-03-23 00:00:00,2018-03-27 14:33:29
9e5749e589e28896bc8c9b05dc1b9cf5,0c2b241aa0c85f5e27ad334225793b87,5,,,2018-05-15 00:00:00,2018-05-16 11:06:42
7c97bac9b9cdad868ef11901a8ae8e64,0c6829c9d92a6bb545d7bf1734d094c6,5,,,2017-11-26 00:00:00,2017-11-28 10:48:58
dd47ff895a80f9728c45b2e636aa311c,06c7208cefd133b492daeccba355ab99,5,,,2018-04-03 00:00:00,2018-04-04 00:53:33
d95962b1b4c23be31196b750630d00d6,017c9c82265e832840e4209750680e94,1,,Por enquanto insatisfeita.,2018-03-28 00:00:00,2018-03-28 12:43:43
b8d37056d44f44af9f1583729415022e,05a9d9ce2b1a217223ff7c5a60e509b2,5,,,2018-01-11 00:00:00,2018-01-11 20:21:05
1312cfb62c1d3ea994523ba8859e117d,05b7b6d543fe8045020d831080945bfd,2,,,2017-12-29 00:00:00,2017-12-29 11:23:18
ae2d634f7292f13490bed168ef805b04,0755fe651d86dd2feb3c6fff952d81e8,5,,,2018-08-02 00:00:00,2018-08-04 23:04:14
7023361867142cb611f3fcad4186d48b,04d551f13024f132b86b2fdb707664ed,1,,,2017-06-23 00:00:00,2017-06-23 15:27:51
1dfbbd9e9e838069b98495616dbcd80f,05cd95d42f28b378b5abde39c13473df,4,,,2018-03-06 00:00:00,2018-03-08 12:25:11
048baba3f11436d12b06dab572aafc21,001e7cf2ad6bef3ade12ebc56ceaf0f3,1,Pessima,O produto chegou e estragou sozinho,2018-06-05 00:00:00,2018-06-06 19:01:54
422c1afb7640cc680806495e97b042f1,09b9b2b8758ca1fd4a9bcd3f2af6fb10,5,,Excelente produto a loja cumpriu rigorosamente o prazo!!,2017-11-29 00:00:00,2017-12-01 19:02:44
ffeeddb16f5e9fcc48713153952af089,05b126974a95c4a8c2ed51e8e0334c6e,5,,,2017-07-29 00:00:00,2017-07-31 14:59:38
efb52a9e8d6bf0b1479d039556b90a12,0482c10b78fefa5a30abb519aa9dee93,5,,,2017-11-14 00:00:00,2017-11-17 10:55:48
a8646fc151b038578cee1cdd77496e92,01fe473278bb7522f081c21ee8e4cbd4,5,,"Em relação a loja, foi tudo como combinado.
Produto não posso ainda avaliar. 
Estou contente com a loja.",2018-05-29 00:00:00,2018-05-29 18:51:07
a93978156c0b9c1a472fb6e6d2e8e344,0c16f8307002e4ec5c616b4824fef268,5,,,2018-04-29 00:00:00,2018-04-30 22:18:08
9f50047c6d13bac04b9eef7bdf0c4b43,061f31c732cb84a989d5b62660212ecc,2,,"Na imagem o produto parecia maior, a qualidade e péssima, ja tem arranhões, e não gostei em, nada!
estou devolvendo.",2018-01-21 00:00:00,2018-01-22 16:57:49
fc9d24a71b4a4113664b69b01cac11e5,08724b06f2204993989fa6c331dfa3d6,5,,,2018-06-12 00:00:00,2018-06-13 11:57:20
8c9110482b15dcae40a3e092b5dfcfa7,0756c3213eb9155bc1209caced66eb82,5,,,2018-01-11 00:00:00,2018-01-12 02:01:36
097fa04feccc1a2d323329e940da8455,01ed8d522a969ceeb6ba285a161bf4c9,4,,,2018-05-19 00:00:00,2018-05-23 11:56:55
9ada297582cb3b44ed33c4f79491e6b3,0b555f0e6493540531a30e6cf25fb030,5,,Tudo correto!,2017-05-31 00:00:00,2017-06-05 10:56:47
ea29724e66e4e0350e60f5fb558fcab0,0096668e5b0b8e9657a6f7209a4e58b4,4,Recomendo,O produto atendeu minhas necessidades,2018-07-21 00:00:00,2018-07-27 13:35:59
96b66724c3a8e913588e7ecbe96f72f2,04749a8c0b72cda9ebbd79d27a0d1e40,5,,,2018-08-08 00:00:00,2018-08-10 17:18:23
34d9d695fe15d371061b388f4e76f1e4,06613112cdd7761776322081835b1b96,3,,,2018-03-10 00:00:00,2018-03-11 02:01:13
ccbbe07079f016d8714dc1b2f3f3d6f4,06475c925f62299396ae63b9e9468486,5,,,2017-09-13 00:00:00,2017-09-18 12:58:50
34be7cad8ff81d2db82434fa4b35bf77,02e405aa2667a116637cdb4affaf93c0,5,Otimo,Muito bom o produto,2018-05-01 00:00:00,2018-05-04 10:55:09
83ae258ecb0e94505ea103d6e2a14070,01be6ff226324644f283dfab69369848,4,,,2018-03-29 00:00:00,2018-03-30 13:45:04
a81bddfffc8092295dd48079b2ce50f2,012248555cb0bf51df99199cef81d562,5,,,2018-02-18 00:00:00,2018-02-19 13:33:30
b290fd0f50d396278096ab84660f0ca9,068c0507e1af74b156beee1db2deed7a,4,,,2017-07-28 00:00:00,2017-07-30 18:45:29
254c44f5ba1d60f9890ef18466a13dc5,029f7a5aabaadfcdfe8c0eddb59a1069,5,,,2018-03-09 00:00:00,2018-03-09 16:16:47
b1b8ed5013ee80279488d05cd327e154,0aed18a03ea2ccdb5981aea3524b304d,1,,Pedi duas cubas so recebi uma estou aguardando resposta de como posso resolver isso no mais a entrega foi no prazo e a que recebi e de boa qualidade ,2017-09-23 00:00:00,2017-09-24 15:50:34
e2958a3020456dddc10bf8e274fd9e9d,00756576f4e494406945ac21cb82cfe0,5,,,2018-02-10 00:00:00,2018-02-10 21:02:19
18ed830fbdfa070fd9100df11e19bc4f,0a10c45a73c3213a1499c3989973849b,4,,,2018-01-24 00:00:00,2018-01-27 13:55:55
1cd81913fb9155495988d42b7289ca52,03c968d10d8c63bd2388245d02579fde,5,,,2017-06-08 00:00:00,2017-06-10 00:52:49
59ce43dd79e8f0f74d852d632431723a,06f8ee6a5ff26786c382b4fcf5b8ebe7,3,,"Comprei uma cortina branca de voil com blackout. Pela foto, não vi, mas o o voil é branco transparente e o blackout é cinza... Feia!!!Ninguém quer uma cortina de voil branca que na verdade é cinza...",2018-02-07 00:00:00,2018-02-08 17:07:31
c6444d7b1f53bebb0c1a32cd2c8e9c3b,01d815029787ce30f6f64900ee93ba37,5,,,2018-02-06 00:00:00,2018-02-06 23:03:08
54e98e7b1cba1b4845358ded6c86a2fe,008720830a8a30e39e6f22f81818a141,5,,,2017-08-19 00:00:00,2017-08-19 18:31:54
e19f31db602ae8378c04a6d0608aa476,00d03eb3425f41a599ae2f788e23c07f,1,,"LOJA NÃO CONFIÁVEL, MEU PRODUTO NÃO FOI ENTREGUE.",2017-03-31 00:00:00,2017-03-31 10:57:01
4f75ad95e4aecb15fcac6dd4ddaac937,06fa97ae36cda18a1e8ea370f3f2edf7,4,,,2017-12-22 00:00:00,2017-12-22 20:14:14
902b6dad7a22075c0c5c2a96eac86dd8,08a2535facf687274c238d2c9f59b7ce,1,,"Comprei um módulo de controle para LEDs e recebi uma sauna, sim, uma sauna!!!!!
Já fazem 4 dias e até agora não recebi um contato da loja!!!! Não recomendo.",2018-01-27 00:00:00,2018-01-30 10:42:33
b32930990e33cf9f531f3814681019f5,09dbda42baac941ca241f8cea65b2306,3,,"No email que recebi diz que os panos de prato foram entregues , porem não recebi. porisso não posso avaliar essa compra",2018-02-07 00:00:00,2018-02-07 18:11:04
fd03f797e6b8cc82be1b949704b400d0,0683849d0c0146afc4977ada6e86bc88,2,,"o produto não se encaixa direito,pois o modelo do agile é 2012,só por ter 2B não foi o correto,mas falei o modelo/ano ",2018-03-01 00:00:00,2018-03-06 15:52:14
4177b6a61cdb3abbbf65f59112e5af3f,02a001cb5f40b1fee4f0375c89cce463,4,,Produto recebido conforme contratado.,2018-04-26 00:00:00,2018-04-27 13:16:27
54c22e900c0460b9a93b25157227ca98,0a7dd1e47d756727fdfe4b0daf9a655b,4,,,2017-12-04 00:00:00,2017-12-04 21:53:11
4a12dc20628ed1703f7ceb181792dfbd,078631b9a61981e46492905d792730c2,3,,"Demorou mas chegou. Coloquem os dados de entrega porque lannister nao da suporte nem responde chamado.
Tirando isso eu recomendo.",2018-02-21 00:00:00,2018-02-22 00:30:26
cf9e467c61776e6e2c7a46251eda1288,03af220bbd928b7dac065e6febed1c5e,4,,fdsfdsfdsfdsfs,2018-03-03 00:00:00,2018-03-05 11:40:56
7920a14517c50dc4b316b50aec8c98ad,0c2bbee72e02611ffd7ba4c1b30b7a18,5,,,2017-12-03 00:00:00,2017-12-05 13:49:08
902d36dc3a5d4aaac9bc422102932246,0a9d793da20eb89ec326c840c46d7a9b,4,,,2018-01-31 00:00:00,2018-01-31 21:50:05
b7705d1881618b1682a2c5cb0e358311,014bd8ca0827935402ac39f2751b2fcd,2,,,2018-05-17 00:00:00,2018-05-21 15:30:21
298428d10857cf2539a663d441964b0e,0b75da0be2772eb19f522706b2078530,3,,,2018-08-30 00:00:00,2018-08-31 01:49:56
a7b9e108553bffc30a730378efa1e023,05cb96d379b1a3df48333ecaa572bf26,4,recomendo,muito bom produto,2018-08-28 00:00:00,2018-08-29 13:37:06
0d72c69b37422ad350252a51474aaaea,01144cadcf64b6427f0a6580a3033220,3,,,2018-02-15 00:00:00,2018-02-15 20:09:25
ac147ce0f2524059e01257f85e5d0a68,0b93889b7e9059e7715f55306f977460,1,,,2018-06-08 00:00:00,2018-06-11 13:39:55
adf561423652bcd029459cb67da080e8,065d95bb9e6d5bbc0a5a2c40579b16e5,5,,,2018-05-12 00:00:00,2018-05-15 02:39:21
87a89f5cf94cb9dc0f81ba2a41b547cf,00d5fac7792747fba4b528f23930bebd,5,,Obrigada ,2018-03-15 00:00:00,2018-03-15 23:44:37
8e534068db4d682d998f52a97f6c118f,0983f1f175846f974bff91862731fa68,5,,,2018-05-04 00:00:00,2018-05-29 17:07:46
4488aeefe49359f73c6b65bb6c831bff,01ba82170ebb683c73793bb809bbf1b9,2,,"Fiz duas compras uma chegou e a outra estou com problema na entrega, não consigo contato por e-mail ou por telefone para reclamar.",2018-02-24 00:00:00,2018-02-27 17:00:30
8c1014a74edbe19fc14b214dac6da6ac,024602a52e3c89ca5f963affcd2bedad,4,,,2018-07-17 00:00:00,2018-07-17 22:36:40
ebe543d3c72488b3f90b226fcc1d5408,0be4a277478192493eb95d8a53ec5912,5,,Eu gostei muito rápido ,2017-06-07 00:00:00,2017-06-08 00:23:48
b2d5431ac7acdac769552d2728047232,0a2d541ba7c40984543d72b5eb0abcba,5,,"Ótimo produto, chegou antes do prazo! ",2017-01-31 00:00:00,2017-02-02 18:33:36
254d7f4c6c49493b571abdd4840b70b9,01f48b2a27229e667db384b5b9d5dfa4,5,,Fiz o pedido em uma quarta feira e recebi na sexta. Recomendo.,2018-05-19 00:00:00,2018-05-20 18:09:44
dac3e15234f5a20e11a20c3c5474742a,071516a72b8a838c15842568d1b995f9,5,otimo,"Otimo atendimento, eu só não recebi o produto certo, pois eu mesma errei no tamanho a hora de pedir.",2018-06-15 00:00:00,2018-06-16 11:27:16
87efa865093101e041b6183d4f9cd7b7,04a59fe46fc5aa341da5378c195ed53c,5,,,2017-12-12 00:00:00,2017-12-14 21:47:21
414dba935769d2ebf94eb1717b2a8823,0a4717812af08b022a25c46f110d881d,5,,,2017-12-24 00:00:00,2017-12-27 14:06:26
b3f79b50cb871014e033dfd4c5d7952a,09dd83f72b2516179cd46b81121fad23,4,,"O Produto Chegou de acordo com a descrição e imagem , mas demorou muito Quase 2 Mês ",2016-11-29 00:00:00,2016-11-29 21:50:03
6f0e67c2e73a7e8ee6bc2cbf558dc0db,022ba76c6e0c4336514521a8cd4b8fbb,5,,,2018-06-28 00:00:00,2018-06-29 01:52:44
8015b775c232cd170042d0c3edd8fb12,0216b8a71f44f126ac083fa5d639fe47,5,Ok,Recebido dentro do prazo e produto ok com o aprese tá do no site. ,2018-08-25 00:00:00,2018-08-28 14:25:19
b876ee2e0f35c262e91311180772613f,0c5cdf9ab91788bffa3d0f7e8ce4b213,4,,,2018-01-30 00:00:00,2018-01-30 23:50:11
2e6627dd45aaea3d80efa214683f1f6a,0aec87a19cce94ceda3bce4b605d9423,5,,,2018-03-22 00:00:00,2018-03-22 18:56:54
feec57fc9238d7eb5eaeade66e40ded8,07d9d11b0175952638ddd53d7855f8a7,5,,Compro varias vezes da lannister.com. Sempre satisfeito ,2017-12-01 00:00:00,2017-12-01 19:25:26
67b1ab8f3ec19d5a90f153f21757d3a1,0005a1a1728c9d785b8e2b08b904576c,1,,"Na descrição do produto quando fui efetuar a compra, estava detalhado os pentes de disfarce.
Quando recebe o produto verifiquei e notei que não havia os pentes 0.5 e 1.5",2018-03-30 00:00:00,2018-04-02 00:52:01
f3f26ea61e514e716f6ab84ce4e8d8b1,02ef9aa8b6692c2ff049065f5a150c28,4,,,2018-08-08 00:00:00,2018-08-09 11:01:49
2f0f01908bca68b300e26067cfacf071,04b7738ad5fbb213eeb7a2145bea8242,2,Recebi só 1 de 3 itens,"O site do stark consta meu pedido como totalmente entregue, mas recebi apenas 1 de 3 itens. Já comprei antes com a targaryen e gostei, a entrega foi super rápida. Mas não concordo com constar meu pedi",2018-05-19 00:00:00,2018-05-24 19:05:25
13962a155e708cae144caf8ac738b8e3,0c71a69769943ff74326682f85d34be9,5,,,2017-08-18 00:00:00,2017-08-19 17:56:56
fa2ea06b0117bc5461c5f7d963d6c614,0094bd07f49fed90209ffa62d1ef26d6,1,Não recebi o produto,Comprei o rímel tango de embalagem vermelha e recebi outro produto. Entrei em contato com a lannister solicitando informações para a troca e até agora ninguém respondeu.,2018-05-17 00:00:00,2018-05-20 09:53:10
c31c3c888f96a44195c462a6025e422c,0af2dfad3d581894c3b6e266461802c3,5,,,2018-04-24 00:00:00,2018-04-25 20:50:37
7d0ee6018129ffdf5c3b7b0b63e1430a,0c734449f0a8246894a537f0d4355dc8,5,"Bom produto , divisórias","O produto é bom, mas no anúncio não constam as medidas o que é muito importante pra se fazer um investimento dessa ordem! Arrisquei e é comprei mesmo sem ter as medidas mas foi um risco desnecessário",2018-06-30 00:00:00,2018-07-01 14:40:53
c93cbd724c41efdbe250c17711c77331,096375c5433ecff9fd971ca2bdd40f1b,4,,,2018-08-15 00:00:00,2018-08-18 22:19:56
ce4eca17caa6fcbb5327bfc0f7fd4367,04164ec24abde688d0451ee982797344,5,,Muito bom ,2017-12-08 00:00:00,2017-12-24 13:00:35
e275704523c69b527b3d0835028dd930,04bf4de54cc6a9145f3ca780b9f45d54,5,,Adorei agora só aprender a usá-lo.,2017-05-26 00:00:00,2017-05-27 05:34:26
2b334d5e20dc2c7428516d048ea22c8c,00fc308dd7f0937682698becaa9dcc45,5,,,2018-08-28 00:00:00,2018-08-28 19:59:36
1796647cacbc755d9dc93263b9950d2a,064df82a5ad596912cc304c6c72a42bf,1,,"Fiz a solicitação de cancelamento do pedido e não obtive resposta da empresa. Ainda por cima consta no site como produto entregue, porém não o recebi.",2017-03-23 00:00:00,2017-03-24 23:06:41
e37076e09238348c38ed8fa91e60b6af,06f4b63a078dd3d2ca46e379c2ab419e,4,,"Recebi o produto, dentro da data. Porém quando fui abrir, percebi que o lacre tinha sido violado e estava faltando a bateria do apresentador. Mas como não conferi durante recebimento...",2017-06-28 00:00:00,2017-06-29 09:27:58
5a5bf33ba3d30ddc2eef5870d35ba1d8,0944dd6401b58739dc030557fb149b25,5,,Produto de acordo com o anunciado e entregue antes da expectativa.,2017-09-20 00:00:00,2017-09-21 12:48:39
c37672358ceae5c859eeecbfa8c16612,0918b01313c67da779fa4b5356537024,5,,Produto bom e entregue no prazo. Parabéns lannister e empresa terceirizada. Bela parceria.,2018-04-24 00:00:00,2018-04-24 18:07:44
0e17d310588eba5e3546959a4f5864eb,0c8d39b03d0d4918d66be0eae8f57a58,3,,,2018-04-05 00:00:00,2018-04-06 01:53:21
a3463d762d3bebaf2bcadd4b0f438036,0c4a4755b0b19ba216edd6af92e5656b,4,,"Não Utilizei ainda, mas chegou bem rápido ",2017-12-30 00:00:00,2017-12-30 23:57:02
aec5bef702c2089e59a155af625d695d,04276973bd289a01c0eb40a277fd919d,5,,,2017-07-29 00:00:00,2017-07-30 15:44:58
2b3aebb4b3903d9c5bf68b2317ae5c29,022c0ddf029d7d3ba3d83bd524805629,3,,"produto mal acabado,deixa muito a desejar,qualidade do tecido ruim",2018-02-15 00:00:00,2018-02-17 13:15:55
7d785ed51e4bd0880cb37cbd33151054,071429b44ba39c70ea22550070670c00,5,,"ótimo produto, atendeu as exigências.",2017-11-02 00:00:00,2017-11-06 11:30:25
d5f1a660f5626aa4f485d6268452bf0d,065881aa6f8059a970c8fd9947f717e4,1,,"Gastei com o frete de 15 reais! É gastei também para ir buscar a mercadoria nos Correios,porque vocês não entregaram em minha residência.",2018-01-30 00:00:00,2018-01-30 22:21:51
0c808a3391fee478d16b6f36fc269b15,0a6a4a209e43892afeacdecd8a5cfdff,3,,,2017-10-25 00:00:00,2017-10-26 00:31:48
4424f6abee4bc34ecf15b5e2a2a179ac,07664da4fa93862f7f2f3fd353b99e73,5,,Ótima compra!,2018-02-07 00:00:00,2018-02-12 23:08:45
87d38823c8e926b57ec61e64f5466cfd,001dbc16dc51075e987543d23a0507c7,5,,,2017-02-14 00:00:00,2017-02-20 17:07:46
87e52dee894fbd86a88ebdc7509e7a1a,00c8bfbb0a1224dcdb0180a544247159,3,Loja é ótima,"Eu comprei umas cestas de vime, comprei 6, só que veio faltando uma tampa. Então não fiquei totalmente satisfeita! Mas o produto é muito bom!",2018-05-12 00:00:00,2018-05-12 16:17:37
08f6a5321fc8bef604b61e807b6d4736,054418a6880b7e815bf64730ef040574,5,,,2018-06-07 00:00:00,2018-06-07 22:25:26
4468ac1449f217cfb02de99d68752ae8,0c6f709251c3df262aeb79458ad96a1d,1,,"Recebi a capa errada, maior que o celular. Vou ter que devolver. E cancelar a pagamento.",2018-03-10 00:00:00,2018-03-12 18:09:46
d12e1b070112ce0606b597f645467b41,0ac17fe2ba4ec29a3914030b7009119d,1,,,2017-03-23 00:00:00,2017-03-23 13:23:15
cf4eefb6510e64a170aab487df038898,01a0013ddc7cd129e350e8671b56a263,4,,"ótimo produto, de qualidade, fácil instalação e com proteção de qualidade (IP67)",2017-04-13 00:00:00,2017-04-14 20:07:33
faf6b4b913649d52fd2f0d6e5e3657d6,0abf7f13c92f93e708a28f32316b13d3,5,,entrega rápida.tudo certo.,2018-04-03 00:00:00,2018-04-06 12:36:25
3f3efbede2e50d200e8f85443e3a91b8,041082480b107a1303236e0c21b8bcd5,5,,,2018-05-03 00:00:00,2018-05-04 11:29:52
1d65ee99944759a8fa17c28fb9b3dd9e,0510f632b86f01064ebbde67deb63bb5,5,Excelente produto.,Excelente produto.,2018-07-05 00:00:00,2018-07-09 00:31:26
852be76f8b0eb01b5fd3928fbca7aeb7,0332e2e8114f5904403029875ac75329,5,,,2018-05-22 00:00:00,2018-05-24 19:59:38
e1c4973ea0efba4211b3c74737f76f8b,05c30545ba4331e04ae0de1523bb41f4,5,,,2017-09-16 00:00:00,2017-09-18 19:10:29
039a1725da1675760f07b775c27b1453,0b192907ec8563bda5210247497aa9af,5,,Super indico. Parabéns Loja americana.. bem antes do prazo! 👏,2017-11-04 00:00:00,2017-11-05 07:15:27
eaffaad74fe59e16d6e9842857c280ec,0adf4c5c9a1399ceefdb7ba880df1ca7,5,,,2017-03-29 00:00:00,2017-03-29 20:59:32
3e0aea88446629cf77666c2e675c7719,0c5af151e04733e8c7ba3c911a536f83,5,,,2017-06-27 00:00:00,2017-06-29 13:34:48
98106d0eaa1ed9f6d48472c7312bad4a,08748bafebfe3d00f17771505f3df1e4,4,,,2018-04-08 00:00:00,2018-04-09 16:16:08
377f5ba3ac5fcc587c0b852b5504e2d5,0bb6d291f1488ae4922e89c2f6105f33,5,,,2018-07-15 00:00:00,2018-07-15 21:23:52
cdc0e786fa6a5e8a0b56ea55678d6a3f,02bd584dedf7373cb07b6540cadf9a76,5,,,2018-08-15 00:00:00,2018-08-17 00:25:24
dae14348c2757d0e2b44ad8ff59b2b7a,0b0b4cbb5b4eb45bad5bb031b56ea1e1,4,,,2017-11-18 00:00:00,2017-11-21 23:41:29
6264b11fead62efb50b820579b22e0c8,045fdf416ed4db7ae710009397448586,4,,,2018-01-25 00:00:00,2018-01-29 10:48:36
7a468a52658dc0b4a8d6a3b03a688820,0a8e3f635501e67cdbd29e6ae3bda9ba,5,,,2018-03-22 00:00:00,2018-03-22 23:21:14
2ab716db6d7c8e9715cb779e1e0b454f,0b0bd9b754737f8954ee14d15c7acb85,5,,,2017-12-27 00:00:00,2017-12-27 17:01:23
01206bbbfcfe2d85dc0c646a8ddb73d4,013bc77d3ca5fba084a241fdcb307393,1,,"Entrei em contato com a empresa 3 vezes e não obtive resposta em nem uma das vezes.
Uma falta de respeito com o cliente.
O prazo já venceu e meu produto não chegou.",2018-02-21 00:00:00,2018-02-21 17:39:35
4b38ab37d96665ac2fbee06532041c83,088ed3ea83b658f4974b48fbbb26a795,1,,,2017-05-03 00:00:00,2017-05-04 10:03:50
f32fd5d39168e19eb59a86fb547338d2,045fb730a757a5379d79bdbc42d4e84b,1,,"Apesar de constar como entregue no histórico de pedidos, nada foi entregue.",2018-08-18 00:00:00,2018-08-19 11:10:09
391e61bca20ca5e12f1c0649e37e5457,06ff6cb289c9f1d1ccacc6764874e3c2,5,,,2017-08-23 00:00:00,2017-08-26 02:23:52
b4640bffa6f54a0fd2e3cebac1d90109,0b93ee12012954d6b2a2c9a69ce4fd24,4,,,2018-01-26 00:00:00,2018-01-26 20:58:29
4f6e12bc3ae38e544afe80471d2f9ab5,07bd0c7e13ac7c3a408dd3bc8f18fc78,1,,,2018-02-17 00:00:00,2018-02-19 18:41:09
a3768896b7621dc0daa97ea1095019a2,0cd93455c51655ebb590c07a06d584a1,5,,,2017-04-04 00:00:00,2017-04-07 02:15:42
d76a6bc3b030117e1397a16c25f1ec97,0b3d6a3ba1e60a466b54775dcff1bf7d,5,,,2018-08-28 00:00:00,2018-08-29 08:14:14
0b62928029b0b2614ba1f2ec1115ebb8,0bb931d01ae91d63c98608e9125c1c1d,5,,,2017-09-20 00:00:00,2017-09-20 18:27:10
8ed1b213b1444d5c4cd6df8b6001de86,09425a70c5acc9730fc3e17c1e81ac2c,3,,Não tive nenhum problema o produto chegou antes do prazo. ,2017-11-09 00:00:00,2017-11-09 14:42:42
3130a4ab1374a000169cb884f6afb873,092166b50105729618cd1dfb1e7c650c,5,,,2018-04-10 00:00:00,2018-04-10 22:17:25
c01a58425ae29323d98087159b4fdfcb,046022868cf3fa04a308811fd6b0b282,5,,,2018-06-27 00:00:00,2018-07-06 22:47:16
cd5c6a2cb6c92e6936ea2361c616359b,04031f8b12339dcc12fa340fe96f00a6,1,8,O produto que recebi veio diferente do anunciado o do anúncio não tinha elástico o que recebi veio cim elástico fiz uma.a nova compra de um patins e espero receber corretamente ,2018-06-24 00:00:00,2018-06-27 01:45:24
1b0d360c98484735dc94be4ae54eb24a,0a7f4604ee9cab65020038275efe1d76,1,Decepção,Quase um mês e nada,2018-07-28 00:00:00,2018-07-28 22:42:21
19e0a180def53ca626195f58c8043718,020f8f4df303ae8aa39b806b766d2681,5,,,2018-01-10 00:00:00,2018-01-11 10:08:39
4cdbd8a25899de91b1a7cd42afb69c48,060b8f810cc106b90824b59a26ceb0db,5,,,2018-07-14 00:00:00,2018-07-16 02:09:44
e6c8cde35cf95669391f662f8e0181d1,0205c3dd6f4d8e348ee72fffd114fec4,4,,,2017-08-11 00:00:00,2017-08-12 02:50:54
acdb872c25f986d5e7eb7913dff4f386,026054570865201773b27b2748af1217,4,,,2017-12-23 00:00:00,2017-12-24 12:36:01
4a1e6022bb04a5fb180f3ff6e280c304,01a4ec962d7589584c11650ca20d728b,1,,"Comprei duas calças recebi apenas uma , mas consta no status que que recebi as duas ",2017-05-26 00:00:00,2017-05-27 12:22:52
7bf0cddfe39fc68bee52ac49f40a0914,07e68b7ed834c392f26a154d8997115b,4,,,2018-08-11 00:00:00,2018-08-12 13:57:43
737ba42277519cea31dfd91a01c51142,03ea231452f07988edc699573fb971d7,1,,,2017-05-06 00:00:00,2017-05-06 21:20:10
c61f3db4bef56fe725aecdd1fc31ea8c,0b41129fd5aa1fc7c44db1eaee43862f,5,,Tudo perfeito recebi super rapido tudo ok,2017-07-07 00:00:00,2017-07-07 23:30:44
9c60124375843659c72a77a5ff825a0a,03b566bccfbc64cf92b82db663a243f8,5,,,2017-11-17 00:00:00,2017-11-19 19:31:03
775038877f3c507777081ff685e14a60,000f25f4d72195062c040b12dce9a18a,4,,,2018-03-23 00:00:00,2018-03-24 04:17:06
fdf8610b17133dc313d2d32dd01fa136,03e533f76e0f8827796f3d0a45c61dc0,5,,"Tudo incrível como sempre, lojas lannister arrasa sempre!! Parabéns e obrigada!!!",2018-04-12 00:00:00,2018-04-12 23:11:52
556170f22b16f8a66d9ff2dd9c95b107,08dfcccb31a3a2b6f527d245ebd3310b,5,,,2017-10-19 00:00:00,2017-10-23 14:33:54
49dc2d97a994cfcdb8e209eb3438e4f7,0a3ece2f39e596ede61967326bf7e969,5,Ótima compra,,2018-06-14 00:00:00,2018-06-15 19:34:54
cdd6198a0d52a385391dcc2941a67077,05b2ebbb3869fd116a0a1c247ba70d00,5,,,2017-05-25 00:00:00,2017-05-25 23:33:36
72a286fb9a1fb174262503928dc83c6a,0b93ff37e8344c6013bad16484c7fbe4,5,,,2018-08-08 00:00:00,2018-08-09 10:18:24
39fd0246491453a910ff917214704691,0a750178e6d58c01a64d8d939cdca0c0,5,,,2018-01-06 00:00:00,2018-01-09 12:19:31
ed82401f8a14706f398e45da5a09dd50,02bbf7328b514a90bedde6541c213811,4,,,2017-04-11 00:00:00,2017-04-12 01:22:44
4d9198e513b610caaeba39677207b424,01725657be56c432d5aaa2f914ae2c56,5,,,2017-10-25 00:00:00,2017-10-25 23:32:36
98386842130ddfd82cb17e1f4707e10d,0689012a897b2ac50b37994d77898bc8,1,,"Não recebi ainda e tudo me leva a crer que se não fosse atrás, nem o teriam enviado ainda. Se é que já enviaram. To esperando ate agora. Meus clientes estão todos sendo atendidos em pé.",2017-04-07 00:00:00,2017-04-07 05:06:01
23e0dc4f58de23182e67f1df4593ef90,0c4efb413bce2d4e4985bfd63bb0bc49,5,,,2017-12-19 00:00:00,2017-12-19 23:41:49
3da449f3f42e2495affe48dc7060e7cd,0814daa4d12a646aeb73c429d5852f4d,3,boa,cortina de blackout normal.,2018-08-03 00:00:00,2018-08-04 12:10:31
e908b431ab0616a4731ab6bdf1bc5d69,05fdfff95f5ea9ee431961288fce4e0c,5,,,2017-11-17 00:00:00,2017-11-20 11:26:56
56aa9b39924c7408d13861e714f0fc94,0946ea44283ef9035521460a12da1569,3,,"Imprevistos acontece, sei que a loja é séria. Espero que chegue logo meus produtos.",2018-04-14 00:00:00,2018-04-15 11:30:38
6b02c273726fbe814017cc25e1c237a4,0a485e9f82800bf8b36ae34ad2a91aa2,5,,"Bem embalado, e entregue no prazo",2017-10-28 00:00:00,2017-10-30 10:41:21
3fefb734355862cf1eb7babdf5538f69,05b7ab671d6b51e0b44ea73a54d9f739,1,,,2018-02-18 00:00:00,2018-02-18 15:42:15
41d60c9ef74c4eff3ee13268f644b1eb,0846185a9dfd578106358936887eb8a5,5,,,2018-01-10 00:00:00,2018-01-11 16:31:21
472a5cceb0c2a9519e44f45b6c9704b9,0a32c98faaa09357e357a60d02704a3c,5,,muito bom. prpduto de qualidade. prazo correto.preco justo..adorei..Obrigada.,2017-12-21 00:00:00,2017-12-21 17:20:27
4f802b82f71bbabf6267a95a291a7df7,0660b9ab6d1e2653ba4395a095e58cad,1,,"Pelo código de rastreamento me mostra ""entregue ao destinatário"" porém não recebi nenhuma encomenda até agora e já faz mais de 24hrs no momento em que estou escrevendo aqui.",2018-03-21 00:00:00,2018-03-22 00:53:09
5cd9783bbb9f52357528a14fdfb5b2cb,0259ec3c458d0e8c7564647a42408fa6,4,,,2018-04-03 00:00:00,2018-04-03 20:36:33
35f71c119ace399625e16530a86d9205,0b8b249ad3dde632e5f162167e0b9f07,3,,,2017-08-11 00:00:00,2017-08-12 18:22:13
37b1da1f0e40121760677e6e9c7232fd,004fb5e6f90a178dc74ad2b016649249,5,,,2017-06-17 00:00:00,2017-07-10 01:20:21
8ad2c8c3d97c69fb921975669c1adf1b,0b549e03c90c9817ce5280ce5c06dd75,5,,,2018-04-08 00:00:00,2018-04-13 15:11:46
405eb2ea45e1dbe2662541ae5b47e2aa,03c939fd7fd3b38f8485a0f95798f1f6,3,,Seria ótimo se tivesem entregue os 3 (três) pedidos de uma única vez.,2018-03-06 00:00:00,2018-03-06 19:50:32
e34ab45b78e9bb02caeedbc409b44ded,06f539e73d3a46feae1fa4667cc82f98,2,,"Dos 2 produtos adquiridos só um foi entregue já que um veio errado, falta mais atenção na hora de empacotamento dos produtos",2018-02-01 00:00:00,2018-02-02 08:40:08
ed572527a5e73f537301486af48a9fe4,03fa3f4dec4b3647d00532079f723fec,1,,lannister é o pior site de compras na internet muito enrolado as entregas,2018-03-25 00:00:00,2018-03-28 00:27:52
036684047348a1a43a8eff63e34d6f22,0bb7822b99c8352126fdad34ac75c53c,5,,,2017-12-21 00:00:00,2017-12-21 23:26:42
6ca5fef1785585249628558cedde588b,06375e8bcbe64fb1da3b499fa42a7991,5,,"Sobre o aparelho ele tem dificuldade em bate 3 bolas de sorvete, demorando o processo de preparo do milk Shake. ",2018-03-16 00:00:00,2018-03-16 21:10:54
e54339df600240fd415a2e1561c2e607,02640665fed0e2c2cdbe0f266a2aa1f2,5,Tudo ótimo! ,,2018-08-30 00:00:00,2018-08-31 11:28:12
890f7b5429ffba41920a0ca552372c06,010fadb12341d8253d920362fc8f7a16,4,,,2018-03-06 00:00:00,2018-03-07 11:40:09
8eb5d2a997a7e3071913876a95399b33,0b127810f86631fa896fd74a421045f8,5,,,2017-09-10 00:00:00,2017-09-11 12:25:04
454fde65d9047c62b117a52ea5365e5c,05c7aa3928dd1b25667ba59cdc277505,1,Comprei 2 quantidades,"Bom dia, comprei 2 quantidades do produto e me entregaram somente 1. 
Preciso que entreguem a outra por favor",2018-06-26 00:00:00,2018-06-27 10:51:52
7f5aa387d15c7a7f89a054e8f0599acd,04378b376807e5fbc797362f9e06ea2d,5,,,2018-04-25 00:00:00,2018-04-26 14:34:43
3dca11df77acc554aa2f0f98292bbe43,0397de68fce44f5cdd948f2a5e83862b,1,Produto errado,"O produto entregue não foi o produto comprado por mim, o pedido foi feito para o Aspirador De Pó Ph Rapid 1000N 127V e foi entregue ASP PO RAPID TURBO PAS02 127V, Desejo devolução do valor pago e reti",2018-08-22 00:00:00,2018-08-24 13:41:03
fa0df0adc563ebc72edb340053b2d2a9,0cedce314f08f29c07de4eff348e16bc,5,,,2018-06-13 00:00:00,2018-06-15 20:48:49
396bf5b356a86bcf5925ada93dd4e710,0245af1fbe1f70f5ac7c1793c78f12cb,5,,"Produto conforme anunciado. Chegou dentro do prazo, muito bem embalado. Recomendo a loja parceira.",2018-01-31 00:00:00,2018-02-01 00:59:52
f55e59915a07435c3615737a15470d96,0010b2e5201cc5f1ae7e9c6cc8f5bd00,5,,,2017-09-24 00:00:00,2017-09-24 18:35:01
71caac186cc8ac856fc82d88bc47e3f3,0b9e3cb461332c63fffd742e522832a1,4,,,2017-11-09 00:00:00,2017-11-13 07:16:28
924acd3740f00a4e792de00a102469ab,0b5754bbc86b2ff33bba8be1cab6c230,5,,"Relógio retrô muito bom, gostei muito e recomendo pra todos.",2017-09-15 00:00:00,2017-09-16 03:19:16
5407e1832e9e3234e3368638973551c1,0207f5a2635f4e2d29acd00fc01a36ba,5,,"O processo de compra foi super rápido e a entrega aconteceu no prazo. Quanto ao produto ainda nao utilizei e não posso avaliar, mas o serviço da lannister foi muito bom.",2018-03-20 00:00:00,2018-03-21 02:49:18
b98a9a888201b117e1b5c38a2754fbed,049f68d642ed97629f4f13966b3082af,4,,,2018-01-13 00:00:00,2018-01-13 17:46:49
284cb8b32e0ea2b7b5b1d1bf0c29a82d,00bbc4179554524748f77763ddd62266,4,,,2017-08-15 00:00:00,2017-08-15 20:48:05
282c5f5ba757237ea5e52730a3af2351,0aecc6c0c2b3598d9cd3119e0a58dc1b,5,,,2018-05-16 00:00:00,2018-05-16 20:32:54
96e966e38837f437b8e2d68749b511bf,03e1f719ea43e7eb59344cf78cd99ff4,4,,,2017-07-13 00:00:00,2017-07-14 10:50:18
e65f1838b833c8b0740780ac529341ad,0635e2196d30b3003d5381ca15cb3d87,5,Linda carteira,Carteira linda conforme descrição aparentemente de ótima qualidade vamos ver com o tempo,2018-05-22 00:00:00,2018-05-25 01:44:55
f7d390c21d987ca7b33576b37c5c8218,051b95df471b0bc57ac737b9d3057954,5,,,2018-05-22 00:00:00,2018-05-23 03:28:53
406d013ac8564ea21dc767b4ead09655,0800193c2810da8b955ec8cae2b82e11,4,,,2018-02-02 00:00:00,2018-02-03 09:09:53
a2384d0c0228a634c1827e33eef64d7b,039bf70a4c27073ca9d7a4e509b42dc1,4,,,2017-07-02 00:00:00,2017-07-02 19:50:21
9dbc1496b7073b7ba2b159a33b9b3dbd,07424cae1deed4169c2b56d1d150acf8,4,,muito bom,2017-12-14 00:00:00,2017-12-14 22:26:43
db9f4eda6c4504be0e0e5e11e6212356,02913330a2afb68b49bc9c5370bd5517,3,,,2018-02-15 00:00:00,2018-02-18 10:04:06
af583cadb40682e192066f86bea95cdf,0c46fe7e5915cf8413d797e298c50dba,5,,,2017-11-16 00:00:00,2017-11-16 08:52:25
c93423e4c3265bdd437331417288d5b9,0583f502e04564cfe79eb0e4f5939729,5,,,2018-03-01 00:00:00,2018-03-05 10:44:38
100b6666dd31375f65f183c1e5d97ea6,00bc78808b22918a467b2fa4b8ef5d68,5,,,2017-05-03 00:00:00,2017-05-10 15:44:46
55b2d875b50539eeb6939579828e5d2e,0c1f5fca68708d9a22f8a9fe30b5c588,5,,,2017-02-01 00:00:00,2017-02-01 13:13:46
df8b2cb135fc9a92edd1a01e33e6fc81,0cc9d4d8d1534bc29d091be67ffabdab,5,,Parabéns pela loja produto veio bem embalado em perfeito estado,2017-05-03 00:00:00,2017-05-03 23:00:06
ff731909a2a80a8f13f6c59d7de398ce,0c489872e351bedd37f08d3d940806d3,5,,Produto de qualidade e preço excelente,2017-06-01 00:00:00,2017-06-04 13:58:45
0ade8e2b8da1801b2d3c936d20be4c0b,03d6e874e44c091359a3ad62f2bec233,5,,,2018-05-09 00:00:00,2018-05-28 18:36:45
05f951c3ffa5712f2efef3a681bc6924,069d921a767dfeb76fb4a7f39bc4217c,4,,"Gosto muito de comprar neste site , nunca tive problema , sempre chega antes do previsto. Espero não ter problemas nasnpriximas compras. Continuem assim !!! ",2018-07-12 00:00:00,2018-07-12 23:15:56
ff43b0b79098f5be050d79f3b7ba0b17,0533573d16b0c12cc9a3f9f97f67111b,5,,"Super recomendo, chegou rápido.",2018-03-06 00:00:00,2018-03-07 11:01:19
a1dcd596a37db2ce3ac6051013e13693,0562a20526fecdaa1eb5019bc3920cd9,3,,,2017-04-04 00:00:00,2017-04-05 04:14:28
ca6cc3e5014a5895ad2d867ace8db3fe,03229ded9d99164ee8bac7116050dd23,5,,Entregue antes da data. A máscara banho de verniz é ótima. Ótimo custo benefício.,2017-06-10 00:00:00,2018-03-26 18:58:18
a79d0e55a3c1bb354483afb7565c8715,048741d7885a7fded1de887eb956fff3,5,otimo,Sastifeito com a mercadoria e com a entrega antes do prazo parabens,2018-06-21 00:00:00,2018-06-21 21:05:25
fab6d0ecec1f4ceef133ab41c2503384,07a26b88cc90e93f5c9401de11a60793,5,,,2018-08-26 00:00:00,2018-08-28 20:15:12
6ec710a155a150384c9c1ab40daff614,0603e869ecff28981f22e3ea3e91911b,5,,Sim.eu recebi e gostei muito recomendado para meus amigos ,2017-10-10 00:00:00,2017-10-13 21:59:27
31e8065438ef524fa7a3d10da95f817d,09e74688e8059c85519cce1489af2e5c,4,,,2017-04-08 00:00:00,2017-04-08 22:20:38
3edb05682faef2679f3614db836bda87,00c9474e0334f7a4ffc8c3a8bd21a51e,1,,,2018-05-17 00:00:00,2018-05-22 12:13:19
8ef268a249105fd3e909d4a3e07866b7,098f664519835e5af0a1f20f4d778fdf,5,,"Produto ótimo, entrega excelente ",2018-01-05 00:00:00,2018-01-06 00:31:32
8efb23b55fd7072a150b11d1a5ef4669,0616b1a248556f0f4c5aea97beb0729a,5,,,2018-08-21 00:00:00,2018-08-21 15:13:50
cf9a24282053c9409dfada3c3ef38651,094e2ca5a39bcc45b4077867bf5dbdff,4,,e bonita mais e muito quente,2018-02-23 00:00:00,2018-02-24 02:21:45
036e6b3b4dc0b58b3727153d9c97c226,02bee300cb834a5d334ae42fdc325e7a,5,Muito bom!!,,2018-06-22 00:00:00,2018-07-16 10:52:04
4a17e1266d4d7d3ab94efaf38a03d651,0180ebc47853bfc5997af28f5a7e8849,5,,,2017-03-29 00:00:00,2017-03-31 19:17:29
ab96766d4bee52213549a6b8520d6557,02ea547b6d2ee25305588fd50df58b46,4,,Não entregaram o produto ,2017-04-20 00:00:00,2017-04-24 15:14:04
a6df7b334e347de2188f985d33ad5901,0b5b77a10f85ebcb19877591a0550895,5,,,2017-12-16 00:00:00,2017-12-17 11:57:11
838df1ee16b54bda93983a488c82dea9,0c2cc9644e4c9bb77092c7971cc436bc,3,,"Quem embalou devia ter colocado o produto em pé e não deitado, pois o referido produto vazou da embalagem!",2017-09-06 00:00:00,2017-09-26 21:57:56
1f648bef98584106439d28a0c0e8a34b,0baf7e063341d21b649aa73045ce5395,5,,"Material muito Bom, chegou antes do prazo ",2017-11-07 00:00:00,2017-11-07 23:57:28
ff5c2bc13b0227100a4467e0c3038a6c,0a1ff79efed81178cd6303f7704e96da,3,Bonito,Produto bonito e bom porém na descrição tinha que ter o tamanho achei que era maior e é bem pequeno.,2018-04-26 00:00:00,2018-04-27 00:03:32
503bc0a9d17afb9f3864f23ba889698c,0ac6093ec7bb2a5eb1da4961999ee9d6,5,,,2018-02-19 00:00:00,2018-02-20 02:36:13
01629dc27909205db2b54bb230365693,094af1d0ffa8afa4ddce0e4892491313,4,,Produto entregue antes dá data prometida!,2017-04-12 00:00:00,2017-04-15 00:04:31
61ac8a25a55a0fb8ed83e555d1939dd1,0268c75309d105bb28b7523f57f46a69,1,,,2018-04-28 00:00:00,2018-04-30 12:31:53
813cb5a953b16f6ff9c0e40172fb5b7e,0b98d69e5b550f6727dc0beb88d1694b,5,,,2017-10-25 00:00:00,2017-10-25 14:35:21
8fd38cd215ce05a645eeee15edc6ebad,0c921abc41428f29f1b5d4c52714fe44,1,,,2018-04-04 00:00:00,2018-04-04 12:06:57
62b06d612edbce55976929b89eee55ec,05c60320bb28437325f2d6d67467d93c,3,,,2017-12-21 00:00:00,2017-12-26 19:48:33
2ea1c0ea0a2a19ca6ac4789cc35c2645,03f3ce5c73e3eaab0bdef61d0713ca0b,4,,,2018-03-20 00:00:00,2018-03-23 02:02:02
44e12007fb3637b369e716ef2a2d57e5,07242eb6740fc0feb5044eda405a4782,4,,,2018-06-14 00:00:00,2018-06-15 11:38:24
10fc5b1b4214860cc9b5acd30e350f5a,0b8d9a9a4de4be0a6a5f0778f97ee6b5,5,Nao entendi,Nossa amei chegou bem antes do prazo da entrega tô muito satisfeita ,2018-05-22 00:00:00,2018-05-22 23:54:17
0b7f1d51251cdd73346eed0296022fee,0499c7fe87611ea8ba76fc6ddceaad0e,1,Péssimo! Produto errado,"Demorou para chegar e não veio o produto que comprei. Produto mau embalado, Produto errado e NF dentro do produto em nome de outra pessoa. Péssimo! Quero meu dinheiro de volta!",2018-08-14 00:00:00,2018-08-15 12:19:25
b44c4d8ddcb2488d0badac6181fbe4cb,01d72d42aaedb3736840132071d51100,5,,,2018-04-06 00:00:00,2018-04-08 21:53:23
1ceabea38427c4c6a4b1f79bdbdedf85,0c2145845231f6707fedad2baf767b41,3,,,2018-01-10 00:00:00,2018-01-10 23:27:07
c96b08622c86b09682223ac20cb2576d,05f54a9f4abf370b7c655d914159ab98,3,,,2018-04-11 00:00:00,2018-04-11 16:31:50
785c2ff2ec598fb882613adc5fb2869f,092ae6b690ac68b7ced1f67eaf5e37ff,5,,,2017-10-28 00:00:00,2017-10-28 21:26:51
99356555f15a8c2f427088a25f5f6b6c,0c42ffbb7daabd630cbe785466d587c0,4,,,2017-08-19 00:00:00,2017-08-20 05:39:15
68d8100b5525d2d5e9d2da1ea0118611,08e8db59cdb3cd620eda092781cf84ad,5,,Td ok,2017-12-12 00:00:00,2017-12-14 21:27:57
32c1cb697bfcf1c6b7f71236a2b37bcd,0583457e98d0d734222af5237cd8fa94,4,,,2018-04-18 00:00:00,2018-04-21 17:09:35
a91b9e62f7052ce22789feac712d39fa,0640b06b89343b8b664b6ddef40ba020,4,,boa,2017-11-14 00:00:00,2017-11-17 03:34:21
8ecbc4adfcc0eb9559b7547f11762b1b,072500f428180f8c177181dd1e027d5b,1,,,2018-03-22 00:00:00,2018-03-22 18:33:49
53a6e60a59b77d967a5c1507ae59e32f,0a59027d2270c523a10d1c29e6c53a71,4,,,2017-02-22 00:00:00,2017-02-23 12:12:59
7dbbbcd2fa802f920b17b2fc4e38772c,02a4b1835e0a493657a4d3281ca249bb,5,,,2018-03-15 00:00:00,2018-03-18 19:10:23
cab045f50c702aa2ac102395019a6325,0437be9eb5f6b26660f0b5eafd1b1994,5,,,2018-01-10 00:00:00,2018-01-11 10:48:50
03c217dbae6ddcc5cbfd7d6a46ecf5c0,0368dc5a797fb5e3dbca70876ad9c164,4,,"Chegou no antes do prazo, muito bonito",2017-06-08 00:00:00,2017-06-09 00:00:15
741d999b25acde8c889c3cf850063733,0799d89dedaf5ef08f3a90b967cb2ccd,4,,"Bom dia! 
Data estimada da entrega do produto seria 16/03, porém ele ainda não foi entregue, creio que possa ser pela greve dos Correios, mas gostaria de saber uma posição, por gentileza.

Obrigado",2018-03-18 00:00:00,2018-03-20 11:22:53
9b9d23b5fef18b97161b0201e4b9f412,0a32aa7d8d3f344fb31eac306336daac,1,PEDIDO INCOMPLETO,"Cobrado duas caixas de lente, com a nota fiscal e chegou apenas uma das caixas , utilizo lentes de grau diferente . aconteceu erro na separação do produto e empresa não entrou em contato até o momento",2018-05-03 00:00:00,2018-05-03 18:53:37
29874665dd8556edb73ab0a60510e968,0b36b5725c37564b933ec5845f63b635,5,,,2017-10-18 00:00:00,2017-10-24 19:14:19
cedc1af8b09b5775f40ce2f22037db58,03518b1ed227311405c355ccbda81a80,5,,Show de bola,2017-08-02 00:00:00,2017-08-03 10:33:02
ba77e12451621ce6a84435539e25757f,0998d3f4248f4c162beb9c06e2f87480,5,,foi bem atendido,2017-08-16 00:00:00,2017-08-16 23:28:57
f807c448ac9588f71d313ec6a4ce4d84,06b92ba9145c3323e26ec7e27b35375f,4,,,2018-01-30 00:00:00,2018-01-30 23:25:42
b29b8ea48afc22f8cfb579db9acc3750,0960eb7bc90d80c2f02eddc17c25ee2f,4,,"Chegou antes do prazo, produto cumpri o que promete",2017-10-28 00:00:00,2017-10-28 22:10:30
3fbb9f98fa47e6456c2e228882107944,0c31ed220260a476cfe59bbb6608b7ad,4,,,2017-06-17 00:00:00,2017-06-19 13:12:16
c99f399808597872afb4f5f0bbb73d47,08f09d9ef3e4f3cdfa18431097f40682,5,,,2017-09-21 00:00:00,2017-09-24 00:29:33
c6095770890e8be211c2e634bf85ce1b,094303c767dff093564257cc4d0e2c29,5,,vou continuar comprando aqui.,2017-04-01 00:00:00,2017-04-02 13:33:51
8aeb32e7c14849d865a6e87f4f8602b9,043ad325c92b4317f9ff48836a7a4e9c,2,Bom,Bom esperar o resultado,2018-06-21 00:00:00,2018-06-21 21:15:09
4ef9ec73293d4b2283c22af2e166da15,043d2e177e6762a2a1d029db6338d84e,4,,,2018-05-31 00:00:00,2018-05-31 22:41:49
7cb21f0fb57d449e064c836dd323e52a,0662642f8ec31225fd369ca4026cb610,1,,"O pincel chegou quebrado, não fiquei satisfeita com a mercadoria ",2017-08-12 00:00:00,2017-08-14 19:25:50
cfde3bdd3de5197dcc7b47187b0400e3,03ba7e127b7a5243620b6c62c740d722,1,,Paguei por dois itens e só veio um.,2018-03-13 00:00:00,2018-03-15 17:10:28
6f3f526b8894d9dd4d949ca30c03f920,04d7676ae07d3a61604185998b0d51d9,5,,"SUPER RÁPIDA,SUPER RECOMENDO",2018-01-30 00:00:00,2018-01-31 11:46:13
a23308dbbd64ccd07b1eb80a7b9c1fdb,0bcb4fff8fdbd415067a30c6694deb7a,5,,,2018-08-29 00:00:00,2018-08-30 01:24:57
948d72c72c13076e71d52923ecdb746b,07b8c9805a09c2feacc0864c00ec244e,3,,.....,2017-09-15 00:00:00,2017-09-16 01:15:10
02526606cb71891062b4a8b1bb325844,066f62cf2a2ba7b1d0012bf6d4f5f0b3,5,,,2018-07-05 00:00:00,2018-07-08 12:51:01
b2e801ce3f2a8c208ad20a48a9787b0e,0af28d87520565eb3b57c9b2abe1a2cc,5,,"Infelizmente, não veio gravado na torre do computador a etiqueta com o número de série e com o código de serviço. Também me negaram uma consulta sobre a instalação do PC. No mais foi excelente.",2017-10-18 00:00:00,2017-10-21 14:11:15
725bbf0cd9fcca04c39c59fe1d35e86d,09268d8b25dd31ae78b464efd453d069,5,,,2018-06-15 00:00:00,2018-06-16 01:53:31
baf518cab16558b9fb1676901c604e71,0680b3722414028009984ae5c04c5df0,3,,Só ñ gostei pq o produto que comprei falaram que tinham ido na minha residência e ñ tinha ninguém e eu estava o tempo td na minha residência fora isso td certo ,2017-06-18 00:00:00,2017-06-20 15:04:27
cc764327540e688898cdcb1df35ef00b,0a9ce4ac2d44f45f52feb4747f238d5d,4,,"Muito bom produto, a descrição pode ser melhorada.",2018-05-26 00:00:00,2018-05-30 12:46:02
7ce83db90dd849a1ceeed2d44a2161b8,033fd350afad5c65be91a385733af4eb,5,,"Entrega muita rápida, recomendo a todos. ",2018-07-03 00:00:00,2018-07-06 09:39:18
4a7a97c8b400f9c85f2f386bbae13f14,0c699835432f5ca06e878ed73f893b05,5,,"A qualidade não é excelente, mas pelo preço ta valendo. Produto igual como a foto e a entrega chegou no último dia, mas no prazo. Vamos ver com o uso, mas estou feliz pela compra =)))",2017-05-18 00:00:00,2017-05-20 04:06:44
d2a00fd19e65183c5971add26b850199,02a065131a2d2b72b45e2c63135606ad,5,,,2018-05-05 00:00:00,2018-05-06 13:54:20
c83ed955f6aba3d705f348e8f109c216,098fd8628d7e76c7dfb58d651899ff39,5,,,2017-10-19 00:00:00,2017-10-19 23:26:56
51f17b6e92d0f983bbb7857fe9ad1ad0,0c065ce922f289db756e5505cb2d71d7,1,Péssimo ,"Mercadoria uma porcaria, propaganda enganosa, não comprem.",2018-05-16 00:00:00,2018-05-20 15:12:16
542bba7a3fe11e64e0a2f8aea06b13ad,0b461bff8323f6fec51ec6254a81d562,1,Negativo ,Recebi o produto diferente do q comprei,2018-07-06 00:00:00,2018-07-07 03:25:54
ada2ef9f721daa2dfe7f6fde710839b1,06d77e4ba21f283252286b6a72fb8fe2,5,,,2018-07-10 00:00:00,2018-07-12 21:00:23
9b3a81abc28c3e1d3ac2990cb80c8b4c,0ad3fdda3076a1be91b13c89f2049266,1,,Até a presente data não recebi e ja paguei a primeira parcela do produto!!!!!,2017-09-10 00:00:00,2017-09-11 10:38:56
7d2e93a40af09890f87ead31cafedf7e,08061d4bd888415d50ba941cbd4324da,5,,,2017-03-09 00:00:00,2017-03-13 19:47:21
5fbaf2d47b555b58748f5f7b9db01a7d,00ac05fe0fc047c54418098eb64e3aaa,2,,A tinta da borda preta fica soltando na nossa mão bom que não saltar,2018-03-03 00:00:00,2018-03-03 14:24:14
e7f1468bc0cd2c3699ee4431973eceef,05bb540accb9a3fc966280b894023c9c,4,,,2017-07-14 00:00:00,2017-07-15 02:11:55
5c7f0db132b96be71eda82a897e80da1,0691811195a83594b0377267a8050e6f,5,,,2017-07-08 00:00:00,2017-07-14 15:19:19
3b83578089a50c7e8e64a3cacf284168,04116cd1278a6285625c664dc0d09594,3,,Ruim,2017-12-20 00:00:00,2017-12-20 10:13:22
4f6269649f5e684b8606e414550a257f,062668b0f8fe98dbe6d23ab391e22c81,4,,,2018-01-14 00:00:00,2018-01-16 09:31:54
aa5d4753d09c4dd7c8fe2c055736725b,08db644c231a8d55a618af8c9f1280f0,5,,,2018-08-23 00:00:00,2018-08-23 22:17:25
1079dbb2bd2dd071f7d04a1925da6ce5,0020262c8a370bd5a174ea6a2a267321,4,,,2017-12-03 00:00:00,2017-12-03 17:06:39
d4dc46a8e988ff35699028cdc034ce58,07f37be24f36255553680d16336b6d1a,3,,,2017-04-28 00:00:00,2017-05-07 18:52:05
28f8c7b789361261744cf668f5cfd50f,0abac83f9a40f360405460623503df7d,5,,,2018-05-22 00:00:00,2018-05-23 02:22:56
857936127ee4d3b8f8f14f6feb4c6e8c,0068e836900867da359bd81db9227a33,5,,Produto muito bom e eficiente para quem gosta de andar de bike e precisa de gps.,2017-10-06 00:00:00,2017-10-07 02:34:33
ce9692056afafc0df02dfee8b218b6e5,08f27a5ffb706cb79c10365101fe6791,5,super recomendo,,2018-06-29 00:00:00,2018-06-29 16:45:39
ac2538373fcfab2aff0709fbc7ec69c9,0020a222f55eb79a372d0efee3cca688,5,,Muito bom recomendo,2017-08-25 00:00:00,2017-08-26 05:26:29
e81830a2bb196d38f431e862dda76e64,04836fc7917dc0bfcfbd4456ec4156ac,5,Ótimo,Belo serviço ... Produto chegou inteiro ...5 litros de suco de uva bordô...,2018-07-28 00:00:00,2018-07-29 00:05:41
e78fe06ca498dc6dca3118e1f03fbd63,0250c3964e5ca77ecac2db28d78aa89f,5,Boa compra,Gostei da capa do Xbox,2018-07-11 00:00:00,2018-07-13 00:10:03
053fd3a2c7cce00b503b111bb2e380fe,0bb273d0289520ad7addfc985468f5bb,4,,Muito bom recomendo,2018-03-16 00:00:00,2018-03-17 12:58:15
d4df21b60f0afa1a1abd28facef0bd6e,0332758ed6bf8f4c1ffa5b6bf5b5725d,5,,Produto excelente!!,2018-03-21 00:00:00,2018-03-27 12:37:20
0ecd8db09f0bb8a92ee5f59afcd45932,0c83ca3fc3a83bd059a1834a8ffeb917,5,,Vendedor super atencioso. Produto chegou quase 20 dias antes do prazo. Dentro das expectativas.,2018-03-04 00:00:00,2018-03-05 12:42:15
ad94af3e40a5e8841d4ae390e2fbe19a,0b850781696042f7d33b6246dc49bd31,5,,,2018-03-29 00:00:00,2018-03-30 14:10:59
4f51f43441dd8bbf5dbc9568784ba131,03952349aca310eeba691019501388de,4,,,2017-09-27 00:00:00,2017-09-28 20:19:14
1c9283b3503ec244e8e7aef946108f9e,0512bcd90b810913b8177d5324c5ee0d,5,,Produto muito bom,2017-07-02 00:00:00,2017-07-02 19:13:12
4d4b378c0b98e8f7b482b73471816830,073180167c8aee312e8be08892989244,5,,,2018-05-05 00:00:00,2018-05-06 12:00:32
8c11b4be1610ca260c0dac5756baaf51,085c1b501f2aed6dc60955055e9567bd,5,,Melhor loja...melhor transportadora...melhor produto,2018-04-10 00:00:00,2018-04-10 18:21:56
c3c7da0ff90c07be333fe41ef8e8357e,0212767fce39149bfc2e12d54be96f65,3,,"Estou satisfeito com a entrega no prazo, mas o box veio todo amassado. E gostaria de fazer uma troca por um box não avariado.",2017-06-15 00:00:00,2017-06-16 08:19:57
b357f3c98ea350cb863b9555ab2b1a84,029e9be2972cf662f2cb336e98872ae3,5,,,2018-05-10 00:00:00,2018-05-12 22:20:09
a7ec78f5f3e8bebb24ed7d325b64017d,0bf51fdc3af690e954d2ee0c4346b47d,4,,O produto é de qualidade chegou dentro do prazo e em perfeitas condições. Eu recomendo,2017-12-05 00:00:00,2017-12-08 00:36:02
99de4dc0e6b7f921df82ff2747c877e9,0538bda829ac14e64a201dc84fb1ba3b,2,,,2018-06-28 00:00:00,2018-06-28 12:07:41
e69fa2f43f879bdb736a6ad0151af450,0affd51e37e6621004e4fe4fd7c64f4b,3,Recomendo,Já comprei outras vezes e fui bem atendido.,2018-08-30 00:00:00,2018-09-04 21:15:54
b1fdbe286d12e0e4cba6d53f76403537,036b791897847cdb8e39df7943367474,3,,Pedi a manta oncinha mandaram uma parecida,2017-05-18 00:00:00,2017-05-21 12:06:39
9befe230987a398d5ea018578892ca38,051fa5d5438a17a06ebfd7b77c020e2c,3,,,2018-03-08 00:00:00,2018-03-09 15:51:40
bb4adccbf5dec1dc01a9fadb2fe3a6bf,01a1553cddb473cec004af5ce2192f1c,4,super recomendo,produto otimo,2018-08-09 00:00:00,2018-08-13 12:11:04
9f7ff0247a6fa338b550e5f970a4778f,07acf8d0ac910602fc85e7355a386ba0,4,,,2018-01-28 00:00:00,2018-01-31 12:18:51
c46669eb2c1546df7a22590bcd83ad87,04c8fbbbe02b38bd685ad085fcaf29bd,3,,"Frete caro . Apesar de entregar no prazo , demorou bem mais do que outras lojas com o mesmo prazo .",2017-05-28 00:00:00,2017-06-04 05:08:00
a28d226d5c07347b2426faeb1f49af45,09df42b3e78625578555d3d48cd57be5,1,,"A película veio com várias marcas circulares, provavelmente provenientes da fabricação.
Não recomendo a película.",2017-05-20 00:00:00,2017-05-23 19:51:42
79569438829d268886368f1793f12d3d,02b7a3c4c3376a74359add1cdf94bbd8,5,,,2018-08-22 00:00:00,2018-08-22 23:19:03
983c7daec6bd71fb406cd3998e63574b,0214781b6f9215eb09fb1b78de35b07e,2,Defeito,A peca veio com defeito.,2018-08-15 00:00:00,2018-08-16 04:00:34
de5340a6f8e0a0bd078a910d91e63b96,0711187b308dcd4265872d4d1b565b06,4,,,2018-03-10 00:00:00,2018-03-10 16:56:55
f3073107f4672a68dc9590e68e855e06,09d3cd95f911da31613353ea97a651e6,3,,O produto aparenta não ter o mesmo tamanho anunciado,2017-11-08 00:00:00,2017-11-16 15:38:31
e4af1595af945df695a6e0083033b16b,0c355e13567802628373895daf5f0a61,5,,,2018-01-16 00:00:00,2018-01-16 20:52:26
d767f7be2d0049a8b6a30390d8de70cb,034bc91b27d0de97e2ffa04946137764,5,,,2017-09-28 00:00:00,2017-09-29 18:04:41
a80ffde1a478adae8438cc11e0de4fe8,0a0d25405f3880fbd46619f0852c250d,5,Lancheira Homem aranha ,Produto de qualidade e entregue super rápido ,2018-07-11 00:00:00,2018-07-12 03:02:50
b36707d6ebfaad41f813c1a250491775,07f5b36b83b8a405657140cc50c0a1f9,5,,,2018-04-17 00:00:00,2018-04-20 12:40:40
d151a8d10d919c2fabdd7f9887b06656,07c03f32b0199526169eecbbe8c029d8,5,,"recebi a placa, já substituí e funciona corretamente",2017-08-02 00:00:00,2017-08-03 12:34:09
65fc0e8bad13e968516c48c8514f16e8,09d9dfc52ee6df196fdd19dd3b7440a7,5,,,2017-12-22 00:00:00,2017-12-23 19:19:05
17d9948465244e553bb36d2644b6e4c3,096577992f6aef252ccc5ae7da09be09,5,,,2018-01-28 00:00:00,2018-01-29 14:07:20
c127bb5f691b352bcc229d948fe0c6b1,0b24d5a62da084e9c66959aff6328dbc,4,,,2017-12-15 00:00:00,2017-12-17 21:10:33
20afd7280b34224e3ef776e856a10fd9,037ded3ba29ebe9a96acb1177cc52b51,5,,Muito bom! ,2017-11-04 00:00:00,2017-11-05 17:49:31
434e8ff598df45f653a088f4c3196a7b,052a77ba9184a29a1a99c4129ec14c74,5,,,2017-12-21 00:00:00,2017-12-22 11:07:54
531674be71a589230fd096361a1085a4,093e88889ed876560de2968023715771,5,,,2018-04-12 00:00:00,2018-04-13 02:20:02
3b987e88ef226a785e4dc8bf6d30cfe7,05a1daade893002ca3c8ec9253fbb1a0,5,,"Dez
",2017-11-26 00:00:00,2017-11-27 00:23:21
69f6d217c7d4c0b36b433190c3a24bc9,037ce5266460af220f19d497b130e737,3,,"Pedi a devolução, pois o produto veio errado",2018-08-02 00:00:00,2018-08-03 08:11:54
c82c423f93b5d4a9a2ac68c93a75fbfe,00ac2a1ec784f71feeb7ba1e5959750d,5,,"ótima qualidade,bom custo beneficio.",2018-04-18 00:00:00,2018-04-19 19:39:18
c7781fbecabb290532e1a9b8f787e6d3,0933fe2645eef2cb8ca4aeadb9d3834b,1,Triste,Adorava comprar neste site!!$,2018-06-30 00:00:00,2018-07-01 09:40:02
32625c2c08605dc2bc6da3b927be0c45,01719300f9ca182b8361556a3873d8ed,3,,Entrega feito muito rápido,2017-09-05 00:00:00,2017-09-06 11:10:17
3b99e92643c371e395c584373010e479,09f58c00f941827ab206de7796785e44,5,,Eu recomendo muito a targaryen,2017-01-17 00:00:00,2017-01-19 18:03:43
697978b2c213a80c71dad3bb1e5d1d5b,03708181cb41c558287d1feff6df5cb6,4,,,2018-01-04 00:00:00,2018-01-06 00:05:29
6ee4c77d523ee4a771a9515648f0fcf7,013d92e415d1de7bf3b3b706f1b6d292,5,," Minha filha adorou o relógio,muito bonito e de ótima qualidade ",2018-02-21 00:00:00,2018-02-22 02:33:23
76a3ec4016c5708bd096178b269c175a,0a01aa0d779fc923be4cc5505b0c6dd4,5,recomendo,Muito bom,2018-06-22 00:00:00,2018-06-23 16:35:19
d203bea15072316dde7da4d68b4d46a2,02beac5428ccbd30f4b3fbded058289f,5,,,2017-11-07 00:00:00,2017-11-07 14:52:33
69bcb02291796af04d8457509f270b4d,04791a70ae0e68a0fb50758b946b5195,5,,É lindo e bem grande maior do q pensei super recomendo,2018-02-01 00:00:00,2018-02-02 06:30:36
fcd20a829b9ecb91ce8b0b9281d08fc4,0a297271052d25a8fd815cd06ec90aaf,5,,,2018-07-28 00:00:00,2018-07-30 16:07:18
9489b7af01dec3b6f362d7f8116c4d4b,09fdca9b7c6771946a1cac89dd7e89a2,2,,,2018-01-19 00:00:00,2018-01-21 11:30:22
2e6538e22130fd5fbb5a5c51ae363a68,076d0f6917a8b9325bd7de62ef6c8c73,5,Excelente,"Ótimo produto e custo beneficio, eu recomento, e sobre a lojas lannister, a melhor opçao de compras!",2018-08-31 00:00:00,2018-08-31 21:55:00
011e96c5e421c691d96b3f0065f5ccdd,091c0f9393510fe12cc5409a2601ff22,3,não recomendo,"O produto foi entregue corretamente, e até antes do prazo, porém, a sua qualidade é bem inferior ao esperado.",2018-06-12 00:00:00,2018-06-12 23:25:17
3a0b0a0dd1ccb11582eb81e9a0c784ed,005d9a5423d47281ac463a968b3936fb,1,,Ainda não recebi todos os produtos,2017-10-28 00:00:00,2017-10-30 22:58:31
ceec8bc717c77add6657e182e9a82074,00b402e8a76d3da83714c52d3977cc2d,5,,,2018-01-20 00:00:00,2018-01-20 15:02:50
7dc413fa659b6a02a3a4d275972d458c,05fcd933547be81890bc4d62357fdf3f,1,,O produto veio sem a embalagem,2017-07-27 00:00:00,2017-07-31 13:59:23
4f611351fcbae81bdd205a9d1365e6cb,00c405bd71187154a7846862f585a9d4,1,,Produto não é bom pois não faz nenhum efeito na sombrancelhas. Não recomendo,2017-11-01 00:00:00,2017-11-04 00:08:03
c31a33ceb411c95012e6e6d1d045c0c8,069514f19868af8a75ebe98f43d33900,5,Bom produto,"Tomei 40 capsulas e ainda estou vivo, portanto é um bom produto.",2018-04-27 00:00:00,2018-04-29 06:24:58
ec72e8db6271c9732565ac1aef57aaa3,003d804eef0e1b856881cd18e0cc0d4c,4,,,2017-12-20 00:00:00,2017-12-20 03:29:32
25b17e97f2e2559868698d33f0343058,03d7dd4730b71e0a310c9b30431c1961,5,,,2018-07-05 00:00:00,2018-07-07 19:44:52
70d121c93157fb1294e3cf9f674ca0bc,06a84b737d3839803dfc2e1a7e740d2c,5,,entregou antes do prazo.super recomendo ,2018-02-20 00:00:00,2018-02-20 23:42:08
d9e66d2d25f1b8876dd15e0745fb34cb,06be68018b6226b425f2a633f053b282,4,,,2018-02-01 00:00:00,2018-02-01 18:31:42
7b15e6ebecb0e962f69728c50d5e9a9d,0040a56893444cb56cba7cfe2225e34e,2,,,2018-02-15 00:00:00,2018-02-17 21:29:39
f9c1a71690bf7288861804ece5383ea1,00ae7a8b4936674ebb701d4a23719a79,2,Não posso avaliar ainda,Não recebi o produto ainda,2018-05-19 00:00:00,2018-05-20 18:56:33
60f2c1f2a9024fc24cf5ce99bf40b81a,08c8efb673039f24977bee37cb4ce21f,5,,,2017-05-19 00:00:00,2017-05-22 11:59:30
daf30fb19b216ed535165d9aa7c7ee2a,036467185263519cd4f15dde1f8664e6,4,,,2017-11-21 00:00:00,2017-11-23 20:47:25
efc15ba9ebc809fba2604db677503367,05369626de3379a1a26fa24e22048214,1, Entrega parcial,"Comprei 2 produtos, no entanto apenas 1 foi entregue até o momento. No aguardo do Contato da loja para acerto! ",2018-05-19 00:00:00,2018-05-20 16:22:54
dfe2c33bd61eb5ca78a8dea99d496357,00c47fefb9a49baec12ab3654d7f548e,4,,"É a primeira vez que faço compra pela internet, pois até então não me sentia seguro,pois alguns amigos que fizeram tiveram problemas para receber seus produtos, mas resolvi arriscar e deu certo",2018-01-17 00:00:00,2018-01-22 00:17:49
12d34aee5844084dbda5c1da86fc768a,04b7f4eff7b30fc23df0be1f249113a5,3,produto estranho,"ele deixa um aspecto um tanto quanto oleoso no cabelo mesmo passando pouco, mas depois da chapinha some um pouco e deixa macio, tem um cheirinho gostoso, mas o produto em si é estranho...",2018-08-05 00:00:00,2018-08-08 08:19:16
7123410df1071d51fdcc125bbba048d2,098899a1fca44446ebcd6eb00297d33b,5,,tudo muito bom,2017-07-20 00:00:00,2017-07-21 14:14:04
1762a5c009e60873e5955858d72a6b58,03681e41ebddb2ca0241b148a40773d0,4,,"Recebi o produto correto, porém o mesmo estava com a embalagem interna meio aberta e a capa do travesseiro suja.
Quanto a embalagem de envio, ok, mas não excelente. No mas, estou satisfeita.",2017-11-04 00:00:00,2017-11-04 20:01:21
0893ee3091f6d79e59753ad162af96e4,01a49649881d677e0c901ca0f6564382,1,,,2018-05-26 00:00:00,2018-05-29 13:57:52
ed0405017b21b89fe55282aca123eeec,001b76dd48a5b1eee3e87778daa40df8,5,,Tudo ok e dentro do prazo,2018-04-07 00:00:00,2018-04-08 01:01:25
80443c04af981384221c71dd2bb8fbae,0a63a472b54f4e94fa67f374b05fc3ea,5,,,2018-05-12 00:00:00,2018-05-13 13:49:02
ec5670a234dc0e660d4d64e1c33ffd0b,0355ae43910316435f24cb54605a820d,5,,,2018-04-08 00:00:00,2018-04-08 15:44:11
5863a4c078376d538905ae5577ef8471,07ac486a7e139e73d66011849fa5779d,5,,,2018-08-03 00:00:00,2018-08-05 11:08:47
b559b1a088dc37d6e70f9fb0596479f0,056793ca2483a5d5943cb5bd90f5b314,5,,,2018-08-30 00:00:00,2018-09-01 22:59:23
ecb0655e9b79bd3727d8731a994e2f77,048937ad68e3d2ec6e64f5105184589d,5,,,2018-05-24 00:00:00,2018-05-24 14:47:40
18e22c8baae1fd251e1af911f1c1dcaa,01ba72e24cf883d74c5479c0a626c740,5,,,2017-01-26 00:00:00,2017-01-26 22:30:30
162b60ca1f1b6375c345296db4cd47c1,0a1008edde05c441150b3142521df760,5,,,2017-10-06 00:00:00,2017-10-07 11:11:52
58ec68355003b55ea4a6d474a93eb798,028558cddca332b40b4ac4cb77407edf,5,,,2017-07-08 00:00:00,2017-07-09 20:48:18
4b050398b4a6d5a0f6d07a905a9da3cc,00891ba5de66f55000ee358ceea9b345,5,,,2017-05-24 00:00:00,2017-05-27 12:17:05
a37a4df08414757e210e830244543497,0487007c18089d38f1492091945d7ba8,4,Boa ,,2018-06-09 00:00:00,2018-06-09 21:43:58
f069621ff9a9a1e8493818bca5fd46c9,0ba49faaf02e7dc9210e94cd777d1880,3,,,2017-12-28 00:00:00,2017-12-28 23:53:28
4055d9630abc0fa8048c912e07de9aac,0a0674921d2acf422fa3f4fd78717451,2,,"Ótimo prazo de entrega, até porque foi antecipado. Porém, como escolhi outros produtos além dos dois que chegaram - não posso que como cliente fiquei satisfeita.",2017-06-10 00:00:00,2017-06-12 19:31:25
61b07da70f3200ab6ccfb13e29b9a690,0460d320a0a3d5a59cbc08636053751b,5,,,2018-07-31 00:00:00,2018-07-31 16:52:53
07f566058c96a1e18782e6df18c74f4b,0a0b0479c9e05814f250c7bea5b1a95c,5,,,2018-06-22 00:00:00,2018-06-22 23:35:32
813acc0af4b2a4ac09cef4d09c2da603,0b8c19c0cc7dce8d3706d6f67008d18a,5,Satisfeita,Confiança total no stark. Entregou antes do prazo. Perfeito ! ,2018-07-04 00:00:00,2018-07-07 10:02:25
fc61dfc1eae7e8444cbd745a0344da5f,0a77b770428bccbea7f9dbf8aec5d6ae,2,,"Produtos vieram incompletos,estou aguardando entrarem em contato comigo",2017-03-12 00:00:00,2017-03-15 12:41:35
d285564cab099ed8017ec305aaa39c88,0cadc06392b4f42042d688c35d6a1c16,2,,Comprei dois cartuchos da HP no dia 25/02/18 até agora não recebi.,2018-03-21 00:00:00,2018-03-21 19:48:33
7107126bfc4f0d691b40c606179b15a1,05c5fe623dddb59ad7462d5adf24885f,5,,ÓTIMO PRODUTO E DE EXCELENTE QUALIDADE. RECOMENDO.,2017-07-18 00:00:00,2017-08-02 18:10:31
4ffce642e2d875cee1f58ae187621408,03ea970e60ecfa4b84a69ddc665262a5,5,,,2017-09-27 00:00:00,2017-10-03 19:41:09
1b701d175d9640304b300c769ec269e9,0c371b43b9718b0e9412b2b496c96178,5,otimo,o produto veio correto e a entrega rápida,2018-06-13 00:00:00,2018-06-14 16:57:50
4b7613039e1fdff14e9ac0bcdb23cd2f,0cd60792eb628e2fe7f77456cc67c4db,5,,,2018-03-01 00:00:00,2018-03-02 19:51:03
495ae8bd4466628acb46e75535a98cd7,070c8ff950e077ba4948ef4db4733b74,5,,Tudo certo ,2018-04-12 00:00:00,2018-04-14 23:10:20
8fef3d5120812779153f022eae32b2dc,05608987284e4c496bec56c52fdb0a6c,5,,Produto chegou corretamente.,2017-03-31 00:00:00,2017-04-02 14:06:10
4bed9658a8def22e4936f98c6a2fa010,04075153ea747446984b909a58edef85,5,,,2018-07-28 00:00:00,2018-07-29 00:40:29
ed7cc4092834fc4d48b7d9d125d7c657,0026a368634b6e6f34f33b1499773a30,4,,"Adoro comprar com vocês, continuem assim",2017-11-08 00:00:00,2017-11-17 10:08:24
26f0017425ea0f9dc857a510e827b58c,074a6843b445107d87cbfaa88e2e642f,5,,,2018-07-31 00:00:00,2018-08-01 06:15:47
5d09d4c6ed0be9f1d2db1b2a0d674b57,033e7f3c73132dd6a6792359b94155a2,3,Bom,Gostei venho tudo certinho ,2018-08-17 00:00:00,2018-08-19 15:18:23
b1335ab6369036a1935af133cea0b009,0589d8b975f21fea2ad626ea99527911,3,,"Falta entregar o resto dos produtos, dessa vez não demorou, muito da primeira vez demorou um mes e 10. ( vcs deveriam abaixar mais frete de vcs que é muito caro. 
Obrigada",2018-03-08 00:00:00,2018-03-09 12:06:05
8db5b5754721e1d6dbaff626509b62fa,023dec08929b8cafa8028da5e6b527b6,5,,"Já conhecia o produto e as lojas lannister on line, mas foi a primeira vez com a targaryen.
Não tenho nada do que reclamar, gostei e recomendo.
",2018-03-23 00:00:00,2018-03-24 01:54:43
b7d1c6e7c67fccf59bd4ee30bce46f51,0261eac8b7b097ab1e28579b69e6ea90,1,Muito Boa ,Meu produto veio falta peças ,2018-06-29 00:00:00,2018-06-29 21:39:08
08b2cbc291edadfc0d923145ef261a6c,00d85bfe0e28c91b69d0fe1f29255a31,5,,,2018-05-17 00:00:00,2018-05-21 22:35:41
5fb352287d22679f6460ff94841d6e1a,0baad26e1a67410a85b2b38558dade2f,5,,,2017-05-28 00:00:00,2017-05-30 19:11:25
be0f4fa76fbfe8c93312828a92aa6f65,0711b9c575a5235790c3f863179c3267,1,,,2018-06-14 00:00:00,2018-06-16 03:26:35
49dbbd2a465d38564a957e3fcfe115ed,0cddb9a478d70a5651d1d36838974686,5,,,2017-12-07 00:00:00,2017-12-10 03:02:22
4b98df43a0ec459260816c2fa54a1432,0927272c1caea73a32570e9de18c2bb7,4,,,2018-06-16 00:00:00,2018-06-28 17:24:33
cf600b5c03009b10f47c6c38752f9aac,040d14995ebc5de6373a0bc2b5485961,5,,,2017-09-21 00:00:00,2017-09-25 02:25:12
ac4d6318c243925b2cfb2ddca2decf22,03ecec245220b63fd7f68c1737ba99ba,3,,,2018-06-22 00:00:00,2018-06-22 18:08:44
b6308f18b382e628d12301c8247a387b,017b11be3048fdfb58e63edc5fc8f4b8,4,,,2018-06-26 00:00:00,2018-06-30 20:03:22
fb83e6cb1e56797aacaeb0686c9202b2,06d6f2f9ce499ed49d414ff36f583abf,1,Péssimo ,"Pedi dois kit veio so um, fora que eu paguei pelos dois ",2018-08-24 00:00:00,2018-08-25 13:11:44
ab6b7c5d3391999b753c0bf4a994a6d2,08af87fbe33eeebc7840433d94718046,3,,Pedido cancelado mesmo antes do despacho. Irei trocar por outro produto,2017-05-19 00:00:00,2017-05-21 13:15:57
43a3e41fcd56004fd765e87f55828ee8,0650ef96422834cca0cc7799efbf6307,4,,,2017-02-16 00:00:00,2017-02-16 21:56:52
774709ed6cfcc0899062cafd6918f8cf,062afb045916ff90100893d5df84c186,5,,Muito bom o produto e atendimento ,2018-02-01 00:00:00,2018-02-01 21:13:17
ad322f75c9363f6036f4c5cba2716c6e,04ffe5a8a70cc5dd6a00b68fd6c905e7,4,,,2018-03-13 00:00:00,2018-03-13 18:41:53
22da90bd2e5a7c72124c6ae2cf4dd8cc,0229e66693fbbd736e5022221fc8148b,5,,,2018-08-29 00:00:00,2018-08-29 19:48:57
7a9bcceab85da70a4b7d4676cf895010,032e68585bbc07ebb038769737b9410f,4,,"Exatamente o produto que eu queria, entregue antes do prazo.",2017-06-27 00:00:00,2017-06-28 21:19:18
7ca0b72cf939427e7905dfafffeb8012,03ba1ceb961947c4c2945964f28cb9ed,3,,,2017-06-01 00:00:00,2017-06-02 12:53:42
635b498c97e573f64911343026d14018,00ab3a43bda739029ffce95d3b2fb56c,5,Otimo,Produto de excelente qualidade.,2018-08-15 00:00:00,2018-08-16 17:16:04
31a87459ff61b96aef062967d91a7aba,01336d091c57d8be1feca330c5f047bd,4,,,2017-06-28 00:00:00,2017-06-29 14:19:26
d996e03f501906afff19cde83443d731,0552997d7a7283a7761acc3a5f9bcefd,5,,,2018-03-06 00:00:00,2018-03-08 21:17:29
36c31ea2fb144fb09575df9702395af9,0ae3c4bb3c5a368054435dc7325c5696,3,,,2017-10-07 00:00:00,2017-10-08 00:40:17
37940b70507bd6aa538d4d1f238c4288,033dac2c6721b55b4323f622ea5c1500,4,,,2018-07-14 00:00:00,2018-07-17 00:23:36
2fedf31b453513e319f9c1934f808f46,03477f5f6bd5656e0e847d3a17e67efa,5,,,2018-04-19 00:00:00,2018-04-22 11:25:52
f50709b39dff4d7932c8dc50548b5234,09d1a6d95af99a860b37ed53fc9a3c2d,5,,,2017-09-05 00:00:00,2017-09-06 09:49:01
da45e8a3ee044437591258937aa4c7c4,011a56023faf5bbb9af634e20a85f7bc,5,,,2017-05-19 00:00:00,2018-04-02 16:25:35
3e39e56c7442fb7b63763cf672ec23ea,0930b4554e6a2135e7132b897c3809f7,1,,,2017-10-20 00:00:00,2017-10-22 00:59:22
f18f98e800d133a114ba1f374334462a,07f9acd4e59411df700a59f89d4da8ed,5,,,2018-08-10 00:00:00,2018-08-11 01:35:10
eb1d84a56473b210389448d12a8b4eef,0a7cf771945fa809fa47399a1ba0eeaa,4,,"Alguns pinceis veio soltando as cerdas 
",2017-03-08 00:00:00,2017-03-11 00:05:33
423c3947bf496671722a8e08db34c72b,0ccb884361ec00003176dab0ea647f59,5,,Nota 10,2017-06-02 00:00:00,2017-06-05 14:07:31
a19debc1c895ed0758420ce5657a9785,0b2942062fff77e603cf4837c421e9a5,5,,VOU SEMPRE COMPRAR NA baratheon,2017-02-15 00:00:00,2017-02-16 18:10:13
70ecbf86a601d639ac3198eb5b1a33da,0807e3831ca17d1d980903674c61d019,5,,,2018-06-09 00:00:00,2018-06-10 03:40:50
98087172e524099025771d805ad1cdf7,003f201cdd39cdd59b6447cff2195456,1,,,2018-03-24 00:00:00,2018-03-26 00:47:18
7fab5334376b91b1b71e36e5216cddb9,05c1808ab7242e387b4947245e0c0649,5,,otimo vendedor,2017-03-21 00:00:00,2017-03-25 19:37:35
53a1f7008aae6259edf24a03d015e284,06c5eb90406de0ba873e721e9182ecfd,5,Super recomendo,"O produto é de altíssima qualidade, mas o tom é diferente, na parte bege é mais para um pérola.",2018-06-20 00:00:00,2018-06-21 11:33:17
5472f4ae3fa785f9c0e0007dddc71c71,06cc09320698aa17c751e20ac00ba7af,5,,,2018-01-13 00:00:00,2018-01-18 12:16:06
05c115e82333328431774e0e7764abde,0b4b622bf03bb66e9d44bc4b86c20dff,3,,...........................,2018-02-22 00:00:00,2018-02-26 13:40:28
d8c5d628831a82153cba68ca2f62e797,093a73d7cb4b891645273a1879e6161f,3,,,2018-05-03 00:00:00,2018-05-04 02:20:35
fa227dda7576cac2d1766d4882739632,04b3f8c1795246a5d14db7496d570bc9,5,,,2018-02-21 00:00:00,2018-02-26 15:56:48
cd9fabcb67746a03080fca2e33e80628,02542d42d329f6514533eef3af91edf9,4,,Muito bom,2017-11-17 00:00:00,2017-11-18 20:40:58
ddf3df5460bf4d90faa12c999caa0881,08e386991831b9e99662928af783c0ed,5,Ótimo,Obrigada estou satisfeita com a compra chegou bem antes do prazo...,2018-05-25 00:00:00,2018-05-25 21:46:33
87ff27f3e5698bde2a27b2880007664a,083dcf8ec0ff8aedc0d7ad8063baad80,4,,,2018-05-04 00:00:00,2018-05-10 18:45:19
02d08166f29d0b5f2f63159d7ef73d8c,08ba140da4dd8ad477f0f3e9793edcec,5,,,2018-04-28 00:00:00,2018-05-01 10:07:11
bb3335f08b9d95eda31d59822a296a6f,0cf7571add1c69ad1e6c35589c2a8876,5,,,2017-11-15 00:00:00,2017-11-16 01:18:55
a644f6ccdca3b26271c90b7cbcaa9ad5,010ef5b0279d7512e7343cb775e423c0,4,,,2018-04-24 00:00:00,2018-04-25 10:18:00
8095794f516d18006419c21c2417cbc4,0c433b41ac4f5739f4c65e19bbdc8208,5,,,2018-01-25 00:00:00,2018-01-28 02:29:03
9d072345683f81d70fd3cee21aa87b0e,04f22b756f6367772fe11035fe75391a,4,Muito bom,,2018-05-18 00:00:00,2018-05-20 14:09:28
e8911be02688ca335249f50e0781937c,041fd411ba3cebfe101d1dadc0666ce6,5,,BOM ATENDIMENTO,2018-03-06 00:00:00,2018-03-06 18:15:48
ed6e2459158353530c3c0d88989a98be,0182f6cbb4fb10918a76485fc92d7c49,3,,,2017-12-13 00:00:00,2017-12-14 23:56:52
db8dea91f4fbde17d0c214cbedc17eb6,090eeebdb88e50484b9d37e863df829b,5,,,2017-08-01 00:00:00,2017-08-02 22:44:37
23e0a78a171391acf11bed1c50f4c054,0cf6d9903d24cb0d6ef8817a9612fbfd,5,,,2018-06-05 00:00:00,2018-06-06 13:34:08
253c1413b2b550b3799ee9b7f53ed20f,0b16257b1b7ee0922ea03954f2cae85a,3,"sim, recomendo ***",Quando da compra me foi dito que o produto seria entregue até o dia 10/08/2018 E até o momento não foi entregue...,2018-08-12 00:00:00,2018-08-12 11:46:45
ef7377c19422e1fd7b06a34c2759f1d1,0cef0a9c1d74d5ec485fb3195191caa1,3,,,2018-07-07 00:00:00,2018-07-09 15:28:53
7c5be98325066010265527b8c5f111cb,0cd19e832fefb17664d1a294b90ad192,5,,,2017-11-28 00:00:00,2017-11-28 17:52:04
d0a222871f5bc0369fae1154723d1cce,024d56279184e5cb942d9abf28fc14e6,1,,Produto entregue nao confere com o anunciado...me entregaram um produto. Totalmete diferente..der outra marca....,2017-05-24 00:00:00,2017-05-26 19:20:04
55c1a5947dd1fbae11e7f4c43cbfe9b3,0c78080d6694709647442e7efb1d2a5e,5,,Só falta o chá verde,2017-10-28 00:00:00,2017-11-02 00:51:26
9c291b4a22c80793e518a3c2ef68b3f4,04323742e042716e4427a5b3536ea08f,2,,Comprei dois produtos e veio só um,2018-04-25 00:00:00,2018-04-26 04:05:29
8675e7f74d983703ee42179fa73d7376,07c81434b5f46c9c3eacd48e60d50747,5,Otimo,,2018-05-17 00:00:00,2018-05-20 19:36:42
f121e017333d15dd8b876caec5331422,07d5adada619115cf4c03f49fc8c5e74,4,Rapidez,Entrega muito rápida!,2018-05-12 00:00:00,2018-05-26 22:45:19
31dd0a63fcea63be7027814aa923bad4,070d0ddec60c0e00d7df9483988d55e2,5,,,2017-03-23 00:00:00,2017-03-24 11:02:05
6d1a6be8fbfb1b9b4e0931a24cf0b914,00c9d0257381c7e9ec13b4505f25b2cf,5,,,2018-04-28 00:00:00,2018-04-29 17:29:01
8e5978e2cd483459e8f0c9667bc3be79,03286323ba721edf10e38e1abeb159be,5,,,2018-03-16 00:00:00,2018-03-16 22:44:11
69941b67d7d650debf65b782784692fb,0c4a1120fa16a1ccbb365aae4f54b16d,4,,,2017-10-26 00:00:00,2017-10-26 18:59:59
be0b598a7016d7044a85d674d27ed345,032bc75236a1cbaf410bb596a509e774,4,,,2017-02-01 00:00:00,2017-02-01 08:59:28
184aef5f199649bd09fd31e6b9bd48c6,09233a8391db7e924af12815e4c07423,5,,Super rapida entrega chegou antes do prazo,2018-06-21 00:00:00,2018-06-21 21:46:14
297c5dc16498e6492bc40768083227cd,09c103240d66c0e0d945071a9518d6ee,5,,,2017-02-16 00:00:00,2017-02-17 11:31:06
9f781ca62f8e7ec6279e8e79bcf41bde,0301ec492e902f2630234df285fa2a1b,4,,,2017-09-27 00:00:00,2017-09-27 11:50:58
fe1c8ee14123592e8b7e9f391b7ac4bd,0c82a229fc22597c2361656cba8d3230,5,Super recomendo,òtimo,2018-05-22 00:00:00,2018-05-28 18:32:54
b899ecf3ea855ea9e29bfd175be1cfa5,049fa9a29ba386943ccbd0954fe8b8a0,5,,,2018-07-10 00:00:00,2018-07-11 00:40:40
21ec5dc64d327727c6778a6b6144ab75,078e048ccc8dc8b449dedc064b860b0f,1,,Meu produto não foi entregue.,2017-07-07 00:00:00,2017-07-07 15:24:42
344f357394de6a300fa5a865db21c668,042e247be09aeae88a74e35766aa03ca,3,,O produto não está entre os melhores pois o preço ainda vai mais comprei dois produtos iguais pelo msm é tive que pagar dois fretes sendo que chegaram juntos absurdo,2017-02-15 00:00:00,2017-03-11 01:25:56
b79aa54c9e2e09fb170a27a8c39cb9de,043671e7714932580dc35789804ffbcc,5,,,2018-02-07 00:00:00,2018-02-07 11:25:12
f62864e67965be81f32d71ab456c46cf,09143df8420b4ae4770ea14dc443b487,5,,,2018-04-12 00:00:00,2018-04-12 23:08:18
1dde6672744e5ae18feee18990e81bed,069872f35a2ed2d455f9b64e914dd4bd,5,,Recomendo muito!!! Quero mais uma!!,2018-03-14 00:00:00,2018-03-17 03:51:17
ad49f5626c5f6601c059e47dab029b89,061bf20146d98ef4698d0324dc4392db,5,,,2018-05-22 00:00:00,2018-05-23 12:44:51
6741fb52112ee3b08a870cd4dd05ad19,0b1ebd05e50ebf9d1fc97b8b1ed874b7,1,,Segunda compra que faço através do app e pago um frete absurdo para o produto não ser entregue em casa. Comecei a fazer compras online pela comodidade de receber em casa e tenho que retirar nos correi,2018-03-16 00:00:00,2018-03-19 02:14:45
31a8f38680fddd4b9c3e4b618b4fa38d,07c670122da5df034ba8618528ed9bc8,1,,"não consegui receber o produto. quero cancelar a compra

como devo fazer?",2017-09-10 00:00:00,2017-09-13 22:40:54
c825f8e567516901b595fc4b22dd87d5,05d4aa8f649013fe68b769fa43ba7646,5,,Muito Bom,2017-11-05 00:00:00,2017-11-05 23:45:03
aa1ce94efdc9dd0634e4aa189ddc89c4,026381d57420b32237d7d89a8daf21c9,5,,"Entrega rápida, produto ótimo!",2017-07-18 00:00:00,2017-07-19 03:00:03
fbff4619cebab4ddb3f7cb0f33900e93,06ae7271902bbb087fc093137fee6e81,5,,,2018-02-21 00:00:00,2018-02-22 13:26:12
45f593b744cfde96164794362263777f,09c8e71060b07326dba9db865f46881e,5,Adorei!!!,,2018-06-12 00:00:00,2018-06-13 00:54:11
4d5f9744cb7faed110f3e8ff5be29b8e,02d8a3fffa425e73385cc7f7a6518fbe,5,Otimo,Gosto muito de trabalhar com Empresas que cumprem o que prometeu!,2018-05-03 00:00:00,2018-05-04 20:36:08
8f28fc7d29a09403973697645d73b72a,00310b0c75bb13015ec4d82d341865a4,1,,,2018-08-31 00:00:00,2018-08-31 22:49:14
d49c376aa77b459fd8dc5eceae7cdcb8,070a76f4c338fe3cda93745a22e51270,5,,,2018-01-11 00:00:00,2018-01-13 23:03:29
a4c4df5a196a1782ddde3849f5b72fbc,055148178e6fef1a7c02a3a04b6ef6e2,5,,Adorei o site,2017-11-28 00:00:00,2017-11-29 05:45:23
4edfa697d83625b69e431db394505591,035c0a7b70aeddb6865a1faa3ecd1cef,5,,,2018-01-09 00:00:00,2018-01-09 18:55:23
2ea93af37bfa3ff48ab9d84b34ab508e,0ca8b6de19bde0d4ed1fe6f90f475ab5,5,,"Ainda não foi possível avaliar o produto mas a entrega foi super rápida, bem a tempo de ser o presente de natal, correu tudo bem!",2017-12-16 00:00:00,2017-12-18 09:33:55
f811c0a2cdea796f48f9ec372b7f7631,00ab9fa91aafa3d881164b0da48999aa,4,,,2018-06-08 00:00:00,2018-06-10 14:11:55
28108d482a5175f7fa552534e7a55e09,0363c3cd0593c841b52d9817c89beaed,4,,,2017-08-29 00:00:00,2017-08-30 13:22:25
603a767d37dd8c2f5f9784c724c86eac,0c0b20eb744a9c5ec1611dfd81da6165,5,,,2017-06-06 00:00:00,2017-06-06 23:05:00
d6660fa3a472ef2a1f30e22f69753b74,06093968558c2db43ddc36679aacc280,5,Exatamente ,Bom gostaria de agradecer o site stark pois me deram um prazo de entrega do produto e o produto chegou antes da data... produto certo inteiro sem nem uma danificação! Satisfeita com o site.,2018-07-24 00:00:00,2018-07-24 18:48:11
3379a3a9dd6d9d8030b6d93c7ce17b1b,0cdbe13c72545beca47c7843784129b4,5,,"muito bom, entrega muito rapida parabéns.",2017-11-17 00:00:00,2017-11-17 23:49:38
bf56c9b8f0664fb20069f5a19a01fab0,05d657dbf5a4b2e7a685903cc8bb03f0,5,,"Ótima entrega é produto de qualidade.
",2018-02-09 00:00:00,2018-02-09 23:13:27
3c5aa4ca62ff4ffd2445555d12f773d4,06a55b1772ae6b58d1483030c97629ae,3,,Achei muito fino o tecido,2018-03-14 00:00:00,2018-03-15 09:45:27
84e71da8391e1fcee60a49cb9e3e8380,0a65a87966cf47b05a559b462c8754dc,1,não recomendo,"por enquanto, não recebi minha encomenda apesar de estar indicado no rastreio que ja foi entregue.",2018-06-06 00:00:00,2018-06-06 18:57:43
d96dd351c4f95fa10529a6b5889199a8,0093cbf16a6afb7f0ab7cc821b6f9e92,5,,,2017-11-26 00:00:00,2017-11-26 17:41:19
76bfb0a0c911ed1396bd2855ae995ddb,029f37989dcd7c9b928028086d68034b,1,,AINDA NÃO RECEBI A MERCADORIA,2017-11-15 00:00:00,2017-11-16 09:28:41
2fc1e383212e59e1a293c93e20ef1f99,0a31cb63d4483ffbef1d5503752a0b5d,5,,,2017-07-26 00:00:00,2017-07-26 23:29:43
12f7b033b79070110d66344d6c51f9e4,0a4105b08aba021f690e79d8b9810885,5,,,2018-06-22 00:00:00,2018-06-25 00:25:41
778d1d725d10aac3cb4805fe86a015d4,04a38c066d7f34688a58ac150102619e,4,,,2017-12-12 00:00:00,2017-12-13 09:32:13
f95f3211a8c1b875f30115f0015831e1,0c23c36327d99027c61ca570921b0fb7,1,Réplica,"Infelizmente o relógio não é original, achei uma propaganda enganosa.",2018-07-28 00:00:00,2018-07-30 11:49:28
f4692083409c1f5dcfd41fa88ce63268,0a154ed7ce417e33453d705b167a3d8c,5,recebi mas ainda não usei,"não posso avaliar o produto pois ainda nao usei, mas os prazos foram cumpridos na entrega",2018-05-24 00:00:00,2018-05-25 16:55:39
a9c2596a96f6cf3feeaf4f261ff53cf1,04cbdd6817839ed5c7ac28f811ed8c0f,5,,,2017-07-21 00:00:00,2017-07-21 19:32:12
b44aa4a8fc5d6fde7e26b1a946a095e4,04f352fa3f3b02bb7c523906d577c4b8,5,,Compro há vários anos no site do stark e nunca tive problemas,2017-12-09 00:00:00,2017-12-09 20:42:16
40a109a79f8b23bad7ff9f4915361339,06cc571b0a86a28fa19139270e4d3aea,5,SUPER RECOMENDADO,BOM ,2018-04-26 00:00:00,2018-04-30 19:15:49
6d9f11a5bcbecac1eaead4392cb51fe9,036d29511908c7b10872e1e72fd0681b,3,,,2017-06-12 00:00:00,2017-06-13 18:19:52
e72fc9a79111b951a1bcb58140d027a4,086e718f4bcff72026c18edaf8d572c5,1,,"Veio outra Almofada Shiatzu .De outra marca ,mais barata .",2017-09-13 00:00:00,2017-09-17 23:32:14
4c0476b01dc39292ea2e61a729f8f91e,04f7a2c35c535b543c6042ee73b125f0,5,,Bom,2018-03-24 00:00:00,2018-03-27 03:12:56
57b2500ffb8dd7296ea69abe2196b5fa,087f003cb486254f7454eead9265e992,5,Bom produto ,Gostei muito ,2018-07-07 00:00:00,2018-07-08 14:11:33
7a8d861efa5e0c85409ff65ce7c9303e,0871bd17337f3c779b6ce501af36a4cd,5,,"Produto de qualidade, tal como nas fotos, somente o soquete na ficha técnica está descrito como E14 e o que foi entregue e E27.",2018-04-24 00:00:00,2018-04-24 22:19:44
a40c893edf357590dc38416e8402b975,048d1e40afa8d75641833ebbb74f85b7,4,,,2017-12-21 00:00:00,2017-12-26 10:20:38
312d7f9a312ae8815303395faca3bc12,0a8b6e2cf83e2543f6b756e3a6d16eb5,2,,"É a primeira vez que fiz a compra, e ainda não chegou.. Só quero indicar a partir do momento que tiver o produto em mãos.",2018-04-22 00:00:00,2018-04-24 03:49:31
330bcd3b3b42cc775832221768edefe7,0987363c91de454d42d084b84a691f99,1,Relógio falso,"Relógio falso, me admiro com uma loja grande como as lannister permitir terceiros a vender produtos falsos",2018-07-26 00:00:00,2018-07-27 13:05:19
9e4d87c1146f551cb513f6874c6346fd,01d96f415da1ffc3807bc85852dea189,5,,,2018-04-19 00:00:00,2018-04-21 12:27:46
fe51e6f8063b2252b8355d6caae59438,0b4e6da2eae282f0a0072085c7adacfe,5,,poderia chegar um pouco mais rápido,2017-11-22 00:00:00,2017-11-22 21:44:02
12eba5f520c06dd34064bef2d12cc827,06a702a3caf8f33af30200f804d877ec,5,,,2018-04-04 00:00:00,2018-04-05 01:54:42
ee7173b6a5c61b19880a4d9d01748de5,01cec5c50d2d0e069a3227efba9f16f7,5,,,2017-09-27 00:00:00,2017-09-30 00:26:17
ca95fa3ceed2ad933c1b8da7068d0efb,036ea72a17833a6fbbcd3e4df8250292,1,,"Recebi o produtos errado, e não consigo fazer a troca ou devolução ",2017-09-26 00:00:00,2017-09-27 07:50:09
1e8067a9f38deb9426d4278fa2d213d0,0019c29108428acffd089c36103c9440,5,,Produto real.,2018-03-17 00:00:00,2018-03-20 16:33:35
eec429c543da485490673b4f1bcbe011,00ff0cf5583758e6964723e42f111bf4,1,,O produto não veio,2017-05-06 00:00:00,2017-05-06 05:05:21
c4b17a374b71539eb360fe5baaa9a10e,0760a852e4e9d89eb77bf631eaaf1c84,3,bolo fake,"Gostei do produto, porem fiquei preocupada não chegasse a tempo pois não foi atualizado o status da compra chegou no ultimo dia do prazo.",2018-08-25 00:00:00,2018-08-29 10:48:52
7ffe9965cb3d8ec50de101bdc6e25fc6,06b2c7035561ef12b16045ef4bf459e2,5,,,2017-07-19 00:00:00,2017-07-27 16:35:51
185d388709caefce705f1f6a421200db,0bd166e72c588bcc71cf432b653c1667,5,,,2018-07-06 00:00:00,2018-07-10 12:36:21
1f091c41c2b044a2d158a2dd1cb0bd24,06e72b5b111756079f63cf67445db61a,4,,,2017-06-23 00:00:00,2017-06-24 21:49:10
ff5a279e30910b00a59c538d8b7a7cf8,0c9c4433b5b33bcc077a814c9dd7dc3b,5,Otimo,,2018-05-19 00:00:00,2018-05-20 14:17:07
dce4884e6e42047bf2e0645ce93ef3a6,004fb11815bc03b01b20a614eef69d14,5,,Gostei muito,2017-12-17 00:00:00,2017-12-17 20:24:38
679e5bd902e952c07a0ab2606a94599b,03a9581b10792275c52316cbbca5810f,3,,,2017-10-28 00:00:00,2017-10-30 14:51:23
c85cee0680b9ccacc00ba5d17c3e59c1,0be10063ab25316efa10537954a8c7b5,5,,,2017-10-10 00:00:00,2017-10-11 00:46:37
993f120f36a11f46bae5ecbfcf8cb32e,073632ef894dcb45601e326b8d97cd11,5,Recomendo,Chegou antes do prazo,2018-06-23 00:00:00,2018-06-24 15:52:50
d420773eff59f893c2505c7ec7692065,08fec9b7a19902c2485f6f104e547f52,4,,Esperava mais do produto,2017-12-13 00:00:00,2017-12-14 04:45:33
d8dd604e2b3829c12bca3a62dc18add9,0c1e49ce507979f2fb222498663ce653,5,,,2018-08-01 00:00:00,2018-08-01 23:10:30
c90e98574fd0637b8ba80df98dfa595f,0ae7144116fa718b3bb90cd8d855713a,5,,,2017-05-11 00:00:00,2017-05-16 17:38:40
bd8d8f0a9f3e1e6c847cc3c719731804,047ac23902ffcc68f3106db4f2e4338f,5,Recomendo,Produto entregue dentro do prazo.,2018-07-24 00:00:00,2018-07-25 12:36:58
e7df44796842b5530cac591439e63d30,06588330ec63ae7132289b092c148ec8,5,,,2018-02-01 00:00:00,2018-02-21 21:52:43
4325dcc49092c0c935e4e558d25202e8,08e68e2142974e562f504a105edbba76,1,,O produto e de pessima qualidade o skate tem uma boa qualidade mais o kit de segurança que vem junto nao presta o capacete e de isopor e o restante e de papelão que não tem nenhuma segurança no produo,2017-07-07 00:00:00,2017-07-10 13:26:12
a27b9618826c2d3ebd325038fa9459c2,0424ec4615df28c58201d0828ac20cdd,2,,A LOJA ENTREGOU NO PRAZO MAIS O PRODUTO NAO ERA O QUE EU ESPERA NO SITE DEU A ENTENDER QUE ERA DIFERENTE.,2017-09-05 00:00:00,2017-09-06 11:59:40
cac78a1b9121001cb7f912bc3020c0e2,04d4e970b194babf5a7b70b11381f6ac,5,,,2018-01-06 00:00:00,2018-01-09 08:52:25
e50e9378ef58d8427072defebfa36491,0756fac8c4aef0446002871923cc6b8f,5,,,2017-05-16 00:00:00,2017-05-17 07:52:40
5fe75e4e6d3c57e8b7fc372d9938880c,068027bd6fbd44e949cfb70acad89b55,5,,"Produto ótimo. Aplicado na pele fica o dia todo.
Entrega em 1 dia (bem antes da data agenda).
",2017-08-16 00:00:00,2017-08-18 12:21:24
a2f1aef0b7824920eb560330a7f6018e,030d5292e5796b7c461070e04a7ad556,5,,,2018-02-08 00:00:00,2018-02-10 21:11:58
c8cb9544919164f774315c60d131d76b,05f8021cf7217f1990addecad0e24b7a,4,,,2018-08-29 00:00:00,2018-08-29 16:50:27
fbc52e97549347f29bc335fc3138b09c,0b4ff1c8f1d6e97ccd8e3ff14b4a663d,1,Muito ruim,Não entrega.,2018-05-09 00:00:00,2018-05-10 00:10:03
38e73d374db8aa577fa38e747c088c0c,0b4e790fdbd7616b010599cc3e5f873f,3,,,2018-02-02 00:00:00,2018-02-05 17:17:51
a35106ee96b4359d793b123df1e63433,02a98752595ee9d94c570ad3e18055b4,5,,,2018-08-08 00:00:00,2018-08-09 12:02:25
3f7b2236d855588e5a74bd3784798639,0c3a7b14aa5e70ef5991122f6bb552de,5,,"Rádio aparentemente bom, bem compacto, ainda não testei mas parece ser bom. Vem com carregador e acessórios.",2017-02-10 00:00:00,2017-02-10 10:40:30
bf42dcc85fc2ab203a33e8c2dcb5a78a,01a9d731c0f08f4f79c10b7679dcdebf,5,,,2018-08-18 00:00:00,2018-08-19 14:59:33
332a02202c7823f1c1b06baa84c26c08,08cc8c614786867bb0a845cd117d349b,1,,"Ainda não recebi o produto, o que é um transtorno, já que preciso do mesmo para trabalhar. ",2017-09-28 00:00:00,2017-09-28 10:17:43
55e57d1a620923f186621407ecb40ec9,08cd76ff1d27c6e6c522bbaead822fd7,5,,,2018-07-29 00:00:00,2018-07-30 11:10:59
ad236b3f375d9c2df9decb547454c4d8,03720fdc92032ee4abd471d172006ab0,2,,,2018-08-19 00:00:00,2018-08-19 18:51:28
890b1e7e7aa63567957643f238eb69e7,084aeb6e79318fd38a5129da7db217d2,4,,,2018-03-23 00:00:00,2018-03-23 18:15:53
8d6f2139c40625d171d99552c33847bd,0b912c351945bbd827aa7a0d181e5be9,5,,,2018-04-10 00:00:00,2018-04-12 21:23:51
e6145569b5f86fa2f4b9b68367c2da2f,022cb45264ced2571bbbd8e231838100,5,,,2018-06-13 00:00:00,2018-06-15 19:29:22
49be45f04211f9b359ae9c27efaf48a8,04b037305ba882bf9510568fe6c1615b,5,,,2018-01-23 00:00:00,2018-01-24 11:36:14
b837effd8feeff80efb2ce5d354e59da,0ccc4d2c7102c48188f50be5107fe442,5,,,2018-07-15 00:00:00,2018-07-16 13:25:22
32678db96457acabdfaa39041e47c58f,0339c36ce09427390de0dfe649d7e073,5,,,2018-01-28 00:00:00,2018-02-03 20:01:38
4bdb9e462f7bae9ae8c44d3c3199aa58,00f9b0236a85fb8a06fbd9b9c53fddd8,5,Exelente!,"Olá ,obrigado o produto chegou em perfeito estado e muito antes do prazo previsto po vcs !!
Em breve voltarei para comprar outros produtos bem interessante para minha saude!!amei as amostras.",2018-05-04 00:00:00,2018-05-04 22:31:23
0ef59a7b6b1d0bf2e179be8355d0a5e0,04ffe2f01e4967bb8dd86f8d1db29d89,5,,,2017-07-03 00:00:00,2017-07-04 01:23:25
034f7f4aa2f818cb3c74f5f00d9a44db,05e18a6cef41f63dc86b7b254954dffc,1,,O prazo de entrega expirou em 28/12/17 e até o momento não recebi meu produto.,2017-12-30 00:00:00,2017-12-31 02:53:14
629f2535484855f3c034ab8a686deb4b,08ff2ba0393c3492409f044754015f74,4,Muito bom,"O produto chegou antes do prazo previsto,",2018-05-04 00:00:00,2018-05-11 13:09:04
0191cf9d15d7059499c362496486b7f7,08d3b6ee17b7cb32e530f4488c3f6abf,4,,,2018-08-04 00:00:00,2018-08-08 17:59:04
d4b77ec803bd43141b956ba2bc7b46ab,02fc46ea58b91abb0507c92e7f6e33ff,5,,,2017-08-19 00:00:00,2017-08-20 17:47:00
3aa8013a39c56aee5d0655101b3370c9,0c3f17e10268e00c6716de19889e2cf0,4,,,2017-03-17 00:00:00,2017-03-18 13:45:01
dd01a4c582db226b64ef6bcbdd97924f,082b39e89779891345c6ebc6def4822d,3,,porem a bolsa não tem muito espaço.,2018-02-02 00:00:00,2018-02-08 19:46:27
dea2f4582b9db0bc31434a80e5decf4c,09722e140e3e1e92b67fd75e2b14b6fb,1,,Os produtos não foram entregues e está sendo muito difícil contato com o vendedor. Não recomendo a loja nem o sistema de parceria da lannister.,2017-03-15 00:00:00,2017-03-16 10:48:07
1f6a42e25e7a4cfebe6538c7f1525012,03e99d63b25fc441524d77bda33ab136,5,,,2017-09-13 00:00:00,2017-09-14 08:46:52
802767081686fbc3e2f290c17115da42,0450f2effaa0b03d5c7c5456338f48ff,3,,,2018-08-28 00:00:00,2018-08-30 14:19:26
e2102ebfaefd84fa163478c2e70b4371,05a8c94a9361d5496501f6577cf82841,2,,,2018-04-22 00:00:00,2018-04-22 13:17:04
8a456a41fc6a97fad30530dc1c6d89f9,02d5935847b855f189ad0391968773b2,5,,,2017-10-31 00:00:00,2017-10-31 17:17:16
0dcb3b14682440c825063e1cbb39bf47,098a17af931400d21917fe24f3346b53,4,,"Embora no final informou um prazo muito longo para entrega, a mercadoria foi entregue no prazo",2017-08-30 00:00:00,2017-09-02 16:38:14
bd5f000abf7dde72565cbd8a1e95fded,02605c218285d02df75a255f13396f1e,5,,Cumpre o prometido produto d qualidade,2017-02-15 00:00:00,2017-02-16 00:33:33
c91d4ae7473872e0696bcb22a5a92df0,0039500db36d50d7d0bfaf23723550f3,5,Ótima qualidade,"Produto de ótima qualidade, sabor ótimo. Entregue antes do prazo",2018-07-22 00:00:00,2018-07-24 17:58:29
b76280a49f7336f8328cc5203ce48910,0668d086b3ae41adde3aed3dacbc8fae,5,,,2018-07-27 00:00:00,2018-08-01 11:04:38
9255c41697048f77b5f4f8078656c77c,045e0b29f969d5cd3bf5ca04087a4af8,5,Recomendo!!!!,Produto chegou bem rápido..Parabéns!!!!,2018-08-11 00:00:00,2018-08-12 18:55:57
a404e68676733cbdb24325bf1434bf21,01d3d4cb8c553d507dfd26fbd8b41e95,3,, Bonita e muito confortavel ,2017-11-17 00:00:00,2017-11-20 08:41:38
c6e5a2349844084ae1ad192942eb5ddf,03f127181062ad98441893efffd412c5,4,,"Pano muito fino, seria mais digino colocar lençol na descrição do produto",2018-06-19 00:00:00,2018-06-21 22:50:16
a2af950fe6ff3e5a2e73677c7ee4515d,077d6b93c4e88d06b124cf24fb67a28e,5,,,2017-07-05 00:00:00,2017-07-06 17:29:09
0498e9722f8757426c3c3ee0b91e666d,041aa5c38550649d5b51f38ba03a29a4,4,,"Chego certo adoro comprar na lannister.com.br
Qto ao produto ainda não usei.",2018-03-03 00:00:00,2018-03-06 01:00:33
6c00ecb33deb030ecd696bc3ed43f5c4,02be6bbf24cd996eb35dad6e9e7a09ab,4,,,2018-02-08 00:00:00,2018-02-09 12:56:09
c67b0ab17e57b8d14d2ac80f69c79e2b,00e32e413e017e64ff93a9e800b8e1be,5,Parece ok,"Estou em obras e não abri os rolos para conferir, mas aparentemente está tudo certinho. ",2018-05-08 00:00:00,2018-05-14 11:17:58
40707721d8d2ab84657b2b790a75fbf6,0a87de586a94b42f2294c207845674ab,5,,,2017-06-01 00:00:00,2017-06-01 10:39:07
2980a6920abc5541851bf77df2a5816a,061cafafafb36839a8ee7cf19ab807c6,1,,RECEBI O PRODUTO AVARIADO E ATÉ O MOMENTO NÃO FOI TROCADO,2018-03-23 00:00:00,2018-03-26 09:13:03
a8982e3fcad712d8f80bcef8d6427d7b,0c65b54ed2c147ffd0092eb2308ee63d,4,,,2017-04-05 00:00:00,2017-04-08 23:14:41
baba66144fa015288affad41a896ea90,0ab93232e2390bb66ff047c39fd91077,5,,"Produto entregue no prazo correto, de otima qualidade",2018-01-11 00:00:00,2018-01-15 12:00:44
d29b117c1b7cd6f6b174aae6ff1ff013,031d26635bd08bb7f773e40be986cce0,5,,,2017-11-11 00:00:00,2017-11-11 21:50:35
f0f806fad2647042bad03dd277c38b14,0b375c9434c495b5759da891d8b26bf4,5,,,2017-09-20 00:00:00,2017-10-10 22:24:35
b172521cef380e11b2f65ad53f2b8e4e,00b44ba3d7c4a5e9a9ebafef9150781d,5,,,2018-08-31 00:00:00,2018-09-01 18:50:50
afe23ba3852f1d54132edc5088a544b0,03c1d25d82f404ea1fdfae8eb0b4c314,5,,,2018-02-02 00:00:00,2018-02-03 08:43:44
f80301e0f009d56b758343a5d15946e7,088833da9e3a3578817cee729d4e0a97,5,,,2018-01-04 00:00:00,2018-01-07 13:32:14
329f1a18b2fd9028142923119bfab8c8,08b4c8a8808af1f771bd9602e193f9b6,4,,,2018-01-25 00:00:00,2018-01-25 15:06:59
ac5425a6b093b2f1a5ac94e5d4ccd8a4,02346fd715e28d8e4fdb6893cd121f71,5,,"Solicitar aos Correios que deixem um aviso na caixa de correio, como nos países de primeiro mundo. Assim to.aremos ciência de que tem uma encomenda pendentejjhhh",2017-11-23 00:00:00,2017-11-24 01:16:08
c3e37554d1a8864a1b9d559cea59ebc9,0645ff0009ebb4d475c7e9d30520dd21,5,,,2017-11-19 00:00:00,2017-11-20 19:30:21
3fa56b793c6ba36922172fcab770a7d0,0a191803956e2748ef8dc1ed7ed5e991,4,Bom produto,"Bom produto vale pelo valor
",2018-06-22 00:00:00,2018-06-22 21:30:12
7a61381de2e49c6ad740d07279afe7c7,05d30aafa32e3fedf6eafb2e75648eec,5,,bom,2017-05-09 00:00:00,2017-05-10 19:37:27
e3e018e4a7e1b1238f1acb7bbbae3b42,05712f43d1c39effad171a8b0344940a,5,,,2017-12-20 00:00:00,2017-12-22 22:03:57
f5c4561fb57c3a29132656c167887755,089896265e5395ee8335f9f417a7f6c0,4,,,2018-06-19 00:00:00,2018-06-29 11:20:52
ab965a62d28697d0ef70d6299bed4b27,04dd35719b3865db080c89c54b9f5b6a,5,,"A mochila é bem grande e de boa qualidade, gostei muito e a entrega foi dentro do prazo.",2017-08-02 00:00:00,2017-08-03 22:55:22
4ee685a24f9a89ee87f9cbafba7d2671,010f223ddbec749e95ef3f5414f9c4ee,5,,,2018-06-19 00:00:00,2018-06-21 22:11:23
c03a228214467a35258ab52a6b7903a0,056c24c33a180450cff18b5a17404725,3,,Ainda não testei o produto,2017-07-18 00:00:00,2017-07-19 16:37:13
eaeda87957d38d40463de5905a72bf63,033ccfbdfc4d29677b7e1e6df3a82820,5,,"Bom de confiança, produto de qualidade.",2017-05-06 00:00:00,2017-05-07 11:22:57
66b80f208a1a35b9b49244623b2170a1,07e85d403be2aca377eebdf6581323fc,5,Excelente,"Produto Excelente, conforme anunciado. Vendedor rápido no envio.",2018-08-21 00:00:00,2018-08-24 01:46:47
c73e7cf5d94e37b8634053c9316ab8fc,0a8c0300318aedd7b66f6dbc27409ece,1,,não tenho opinião faz mais de um mês e ainda não recebi o produto. até o momento foi pessimo,2018-02-24 00:00:00,2018-02-26 13:11:42
7e20a7a1663d603ec27fa7c6328286d8,0ba2df57baacde1f6f36148963a494d7,5,,,2018-04-14 00:00:00,2018-04-17 01:22:57
0e181e33a33d73286c94edf47cc80465,02ebcb8b63b7e61be9514866e432d1d8,4,,,2018-02-06 00:00:00,2018-02-07 00:51:25
bed12104b8138d789dfd826944881f37,032ba6b521e033ef4b05f4bbb4e30100,4,,,2018-04-05 00:00:00,2018-04-06 20:13:18
44c742d0e38c193153b1a055196e6b22,06d991e11738ba4a916a39cafdc75bff,5,,,2018-03-20 00:00:00,2018-03-20 19:15:00
d8ecad6085c187715d3f27f3149a2615,0a65d1c730fc9bce9b5d353ff4f81bbe,1,,,2017-08-09 00:00:00,2017-08-10 14:47:27
9d2bd60c26177c0d27596b478ff5a124,084f5caa157d28601e72b588e656e3ec,5,,,2017-07-12 00:00:00,2017-07-13 00:40:59
b4169d3d64a2e1d9834f402dd55c72c1,021d0261c214591da7db51193c9aeb29,5,,Excelente. Chegou antes do previsto,2017-09-22 00:00:00,2017-09-23 23:56:59
f16f7f09e4e130070d593ace12fc8a94,094df781ddda90e70dd08ad95476b181,5,,,2017-07-15 00:00:00,2017-07-17 23:07:31
eeef10059c06ce3ad5414a234ea3c715,0aeae688def7b96d0f56187115a7a8cf,5,,,2018-06-22 00:00:00,2018-06-23 08:31:21
618e17f21d8ebd020fae024a8520f3d0,099acf2a98eba9bab889af025be407b7,4,,,2017-09-07 00:00:00,2017-09-08 13:34:53
6a263d82bb15d5569a7e274b12e7d78a,09b8d47d2f753e1c1ee4da43e4429ff5,5,,,2018-08-07 00:00:00,2018-08-08 17:12:03
2e4bc1965318b4ecb15b7ecd5b98d21d,0bd742b9af9192bb314ed381e518eb50,1,,,2018-03-20 00:00:00,2018-03-21 00:23:17
0afe9c78fcb38b6c676ada24d3ec75d4,0870bb57b1b24052c8ac2cd8df433553,4,,,2018-08-12 00:00:00,2018-08-14 10:43:36
324b1bc4a89162f994ac019108f6c9c4,01ae629e578b0eb0935ea1ce19c409f1,4,,,2018-07-28 00:00:00,2018-07-30 21:55:44
e721fd3731749f5b639a7f2a062eba45,053abf362c2b73b283a3bd5a814320ac,5,,,2018-04-03 00:00:00,2018-04-03 21:13:50
a014c8fc539f3c0a656140f2ccc808dc,01b37f50cf3098b3dd9d0450a188348c,5,Muito bom,,2018-07-05 00:00:00,2018-07-05 23:28:05
2c23f676c010e2bbedf6f7ad5e287304,0547acbb31f582333f75c3fca2652969,5,,,2017-12-13 00:00:00,2018-01-09 20:27:16
1272d9841eabb4279d4562c88c12dda5,0cbd2aa629e9ecbbcf518a10e247414f,5,,,2017-04-07 00:00:00,2017-04-08 01:40:32
ae0ded69ab7874b1179d93e0fb32ae11,0420da8d50a3784011290a782f25a8a8,5,Otimo,O produto e igualzinho o do st e veio bem inalado e muito bom eu recomendo e com serteza vou comprar mais sem sair de casa ....kkk,2018-08-17 00:00:00,2018-08-20 01:49:39
a63d2bd76f2db7ea38de3de93a4c99c8,0a7a3bb3bfcebd9e89241cf037c3bc85,5,,,2018-02-03 00:00:00,2018-02-03 23:45:12
eacc2145d6170f2f5900cce36d4945c2,059fd94aa8716f14743caff2f433be05,5,,Entrega rapida,2018-03-13 00:00:00,2018-03-13 18:24:12
66abd2a504ca25e7235bd4f495323a58,024554aeb0da84476f1c31a711e0990c,4,Recomendo,Entrega dentro do prazo.,2018-05-05 00:00:00,2018-05-06 12:26:03
b6d2aae4f3a00453bf39cbab39ff7e3d,02332b54c758506809fd87d9c2748086,1,,,2017-11-30 00:00:00,2017-12-05 12:33:30
e98bdd22e1a8baad97e45c49f7d9089c,0a5a672ddd7b5921439a990ff8efbb1b,5,,,2017-05-19 00:00:00,2017-05-22 13:27:41
c164ceed89570a3a4df7ab5cde106c2d,0b35523db4e1c1ee70badc36fc9a4dba,5,,"Chegou até antes do prazo.
Agora aguardo a chegada do segundo produto.",2018-03-30 00:00:00,2018-03-31 01:13:01
29229299e981716c47c3a353b290e8b0,0394e320572c0048e41267320a28270e,3,,,2017-05-26 00:00:00,2017-05-30 13:01:42
10718a30e54a595d3e73ab52b82ac512,01d1bb79f3dee77d8a6809aff0025590,4,,,2018-08-22 00:00:00,2018-08-24 16:21:18
d52c07a72b990d85dfaf30cc90bbd053,00c00d5b36157595e21108ba1da2828f,1,,,2017-10-01 00:00:00,2017-10-01 08:54:15
99768d5f5ef555679f5989a75f3e928d,0334c2700a7e8ac0f3efeb36b4a91e68,3,,"O produto chegou no prazo, é um boneco bem bonito. ",2017-09-20 00:00:00,2017-09-21 12:26:42
af90c9957818b0abfbe9436dab5ad72e,01a1969ee54e7016bcc0cfeb4fa8c634,3,Bom,"Recebi o produto excelente condições , antes do prazo previsto, mas houve divergência na cor .
Não solicitei a troca para evitar transtornos e demora de ter o produto.",2018-05-05 00:00:00,2018-05-08 13:02:04
e346daea3db3095a261b9b6b098c2824,03b2144a8822e91cc05da7907f21ea1f,5,,"Preço compatível e entrega rápida!
Valeu a pena.",2017-12-23 00:00:00,2017-12-26 08:00:45
be5e8c89180b8af75c1bc86c49ade556,0bf144db6ca7ef970a25b6a720947622,2,Reclamação,"Oi, recebi só um produto...o que tem as flores vermelhas...o outro não veio",2018-06-13 00:00:00,2018-06-13 22:24:31
e28404fa84b278ef34ba448a78634985,0259b4edb1ee1ebd0263f59bd790a938,4,,,2017-09-20 00:00:00,2017-09-20 23:54:21
6155df780cacb659f2677bb4fc843ad0,079c9f53e6c3253320db701a645b0b9a,5,recomendo,,2018-08-17 00:00:00,2018-08-19 03:02:10
4042382bc5bb1335ac28ead9adb5ab71,04767604594dae9050fbaf22bca08e6e,1,,"negativa enviaram produto errado, nao comprem nada que tem entrega por targaryen MARKEPLACE ,NAO COMPREM !!!",2017-05-25 00:00:00,2017-05-29 13:35:40
5a5a499c84c17a4ac69fdbcb22a62a88,02556030d826438ef986ab5fd723a9a5,1,,Não recomendo pois não entregaram o meu pedido já estou pagando a segunda fatura do meu cartão e não recebir o meu produto estou tratando com meu advogado é uma furada não recomendo,2018-03-06 00:00:00,2018-03-16 00:14:11
3d97f40d3856a16a84900a8a0048e22a,040ffb806b943aa19e0b176e7746b2b7,5,Super recomendo,Material entregue corretamente ,2018-08-03 00:00:00,2018-08-06 11:10:09
8fecfc748df894f37b6f24e31bafd387,08d9736edf0d305e722fce35c395b8f6,5,,,2017-08-30 00:00:00,2017-09-02 12:03:53
3eb435fce3d245001086092b090840da,08dae4aaedc034ee67385e739d42d0a8,4,,,2017-10-08 00:00:00,2017-10-08 19:36:35
702df692316f59677d244e66b70a4021,035c06c36cc8685238297b6af0c280f3,3,,"o acabamento poderia ser melhor, nas laterais principalmente.
mas está dentro das expectativas.",2018-03-29 00:00:00,2018-03-29 22:04:59
9f2bc568bdca89bb0d31bf7a09586e9e,087a1c1dfd41b68ab6a6cd8551147bb2,1,,,2018-08-09 00:00:00,2018-08-11 03:06:22
e7e3833964c63add44e782a8122f24b3,0a9de604052383d06ffc7a3390c727cc,5,,produto de boa qualidade e a entrega foi realizada bem antes do esperado...estou satisfeito.,2017-08-16 00:00:00,2017-08-17 01:00:58
8baec3a9052bf16524df615cb6195335,03c7d8b2c13e98ae77a8167d1a8be2bf,5,,,2018-01-23 00:00:00,2018-01-24 11:59:29
e7fe3d173ebcddbe66a24305ece0f0ff,06ba8c77c2419a72756b5660b04e3188,3,Excelente Produto,,2018-08-30 00:00:00,2018-08-31 13:20:42
b81467060b0a8b4d823bce69e3a53241,008a1b3db2a8bf63418c2cf7c7f494b1,1,,,2018-04-25 00:00:00,2018-04-25 14:37:12
c606d0bce2b665a71702ac012b058448,0694819ba6eedfe7b88c187ecb440a9c,5,,,2018-03-08 00:00:00,2018-03-12 12:47:09
975da5ced7ecc9af94390322dfe6b67e,057e837e50171189a915cb17d4621e9f,5,,,2017-09-20 00:00:00,2017-09-20 21:43:53
88055c1e97d62eb470697dd90d6634f0,0bf105a936021f82d572e73f846321cd,5,,O produto me foi entregue muuuito antes do prazo!!! Simplesmente amei! Recomendo com certeza!,2017-05-06 00:00:00,2017-05-22 21:27:40
cb4a4f4fee8af30ebea87a83a4d7b333,0231382a78f19752dabca6a86b618152,5,,,2017-03-24 00:00:00,2017-03-27 03:17:49
f010352d446f00ca2c1e7762ab9c5a99,05751d04e18329aec0f74b16883db3b2,5,,"Chegou antes do prazo e muito bem embalado. 
Só achei o relógio pequeno mas é lindo 😍.",2017-09-02 00:00:00,2017-09-03 11:56:41
8c0db1c2b8709f39a53b4e47c925b6ef,066a60f7b0700a942ba22b627ebff13b,4,,,2018-08-01 00:00:00,2018-08-03 22:34:03
aedd9a70c3cafcfa6493755a2c3ae57a,03772e1a30e1a11c351ff80f0e20263f,3,,"Foi entregue dentro do prazo, porém o produto veio com uma parte descosturada",2018-04-03 00:00:00,2018-04-03 18:23:41
e609bc0653882b0b85a404a9ff39806d,026a8d09914c519feb34944477b6bd41,4,,,2017-09-10 00:00:00,2017-09-12 20:44:41
af2cefe76aab39b87781c8e7b71c3d57,05c32785b5245ab31eb5bc6b0d41f698,4,bom,"Só fiquei chateado porque ele estava 2000 , quando eu comprei , depois ele foi para 1.690
da próxima vez poderia me da um desconto.
",2018-06-06 00:00:00,2018-06-07 22:58:43
00d39d8952f26e6bd4b68f24bfefbe6c,0551ab30e952cbf19e26f0f6baab13a6,1,,"Mandaram no prazo correto. Mas não encaminharam a nota fiscal com o valor correto. Mandaram nota baixa e estava descrito apenas um produto, com o valor muito mais barato do que eu realmente paguei.",2018-04-05 00:00:00,2018-04-11 11:45:00
46725bae865a43c83b6a17c4f483613c,0a20452461e34d59bfd981e9e06fe988,4,,"Produto de qualidade boa.
Gostei.


",2017-03-11 00:00:00,2017-03-12 00:19:23
a09b473f9da87b1b61a7302420bdd17a,044cbf8cf2b8839acd8f0fbc6faeeabd,5,,Muito bom esse produto gostei muito mesmo,2018-08-21 00:00:00,2018-08-22 02:00:55
3b9d2731ef41da3abf012c37c90aa926,0a9578b7213cdc97d31f2e5b5a359bdf,1,,O Produto entregue não foi o que comprei. Estou tentando contato com a loja e não estou conseguindo,2018-05-11 00:00:00,2018-05-11 23:28:41
801df5a83ec029ece53b911fc7062ee2,0635ec73c8d9729fec281d4b87339be3,5,,Adorei o relogio entregue bem antes do prazo previsto...,2018-01-09 00:00:00,2018-01-11 10:04:53
73ab201215866939c4a92c06627817ae,0ba9cadd4c71572ad9f78e7d3967b323,5,,,2017-05-16 00:00:00,2017-05-17 03:42:52
dfed21bfceb3d171143bedea337ab3bd,073049331da5458f61598e5d221f4928,4,,,2018-05-23 00:00:00,2018-05-24 13:15:30
c009b96bb7342e136657a4015d746bdb,08920300c97e9c4ef7728df49f6317b3,5,,,2017-12-10 00:00:00,2017-12-11 11:45:05
200e051c694f14146dd5b4c4ca9ed446,0cf3d6e83dcc1117999a235fd6dae842,5,,,2018-06-12 00:00:00,2018-06-19 16:28:32
521cdd0eac08cccb2c9555decedda2bb,0c2b0060d3c030936fff3266c4224733,5,,,2017-11-24 00:00:00,2017-11-27 12:33:21
2bb719a23002da4f40ab4b52e41dd605,0ab14c7f000642be91d882357d38b8cd,5,,Os produtos chegaram e nós adoramos eles. ,2018-05-16 00:00:00,2018-05-20 13:07:08
dab2f823414f8733c589cb5d3fc79ca1,06cd9d207dfbdde70cff4074b5b3dfaf,5,Mochila Denlex DL0011.,"Bom produto, resistente, bom acabamento, ótimo espaço interno.",2018-06-19 00:00:00,2018-06-20 01:45:26
1e3d534d59cc9460ed0adab42f6030d5,0bde6dfc382fc35f1a5ebf8ddf8e639d,5,,,2018-05-15 00:00:00,2018-05-16 09:56:55
d6ec13807678f31951505c193420d3c4,07e8c8c7545c3cf6386eaf464b1e8365,3,,,2018-08-31 00:00:00,2018-09-02 11:01:49
2e1c6379c3e5ecff9548d393146873d8,098dd2a0dabd8878380b344370974efa,4,,,2017-03-23 00:00:00,2017-03-23 22:33:49
812a47d3ea4a16b5a66849d3cac47d42,087a5caa838085de4baa54e02f8f2878,3,Produto Incompleto,"Boa tarde,
Faltaram pecinhas para a montagem das araras. Conclusão, elas não param em pé. Já abri um chamado.
Obrigada!",2018-06-15 00:00:00,2018-06-17 20:39:04
f89b382a3f0d01e558e17ebf95484bc3,063bbb83c80ba8c04934c9ff389be77a,5,,Não chegaram tão rápido por causa do feriado de carnaval mas eu adorei ??😍 Lindos e macios ,2018-02-20 00:00:00,2018-02-21 09:06:53
87ee96a485a100f66e3ab9c48f09d9df,016f868b096c236312e8bcb818ccd11d,3,,,2018-02-02 00:00:00,2018-02-05 00:16:10
528121ba238c3372755f69b80a2a4df9,09f86d1a5a7c2e8dddd1850a65f5a5d4,5,,,2018-01-24 00:00:00,2018-01-26 00:34:12
2a13faf4c0273f451db3c47e3499621e,0ce3dcca0c123ec98cc73a514f7e9922,5, Rapidez ,Entrega antecipada e produto bem guardado.,2018-07-25 00:00:00,2018-07-26 22:27:26
7ec11d4dbba789ebc0866147af1453cc,0a4581df52d24b72b87ae0feb1b11d08,5,Ótimo,Chegou rápido e são lindos!,2018-05-22 00:00:00,2018-05-29 13:17:44
f7e26885499adfbc691b262a86f271c1,0b5680deaa067376ba987f02b755e8bd,4,,,2018-08-25 00:00:00,2018-08-25 18:53:38
b9e37560ced2001d956f839df1670b16,04d95724f8e595ca13c0806541d39973,5,,,2018-03-28 00:00:00,2018-03-29 21:14:43
b42fa33f0e0e6a6a6cc04a373005229d,07d13d352c85dfbfa60dc56dea818335,1,,,2017-02-02 00:00:00,2017-02-04 21:24:30
c8f87e249f8573942b8b8c7fae93aa52,0914478fdcadbaa5c8c8b3442b4f28d2,2,,"Comprei outros produtos e sempre vieram, só estou tendo problema com este, mais no geral é um site muito bom de se comprar.",2017-08-15 00:00:00,2017-08-15 19:27:56
7d56ca1aedd67078f9c8ad049120d05a,0a5a2c824e893eb66abd0d869f6c45e6,4,,,2017-09-06 00:00:00,2017-09-09 22:59:25
84ffb235779bf4d8a7f85279d92ee62e,06136e6a6532fabbd5675f8090fca4b3,5,,,2018-08-04 00:00:00,2018-08-04 11:12:16
affe557f5c78b5494837049c00cf05d3,06ac7ebfcfa33f6656f031deaaf74a05,4,,,2018-03-28 00:00:00,2018-04-04 11:10:44
a47fb1655a2f142746f19d2535b5f565,062f0992a050330334749ffa530fa796,5,,,2017-02-12 00:00:00,2017-02-13 14:04:07
d6c66a8aecfc9ffe99ed57cd89f5ae83,065f2124da64e6bddb1120142f2ad73a,5,,,2018-04-12 00:00:00,2018-04-15 22:36:37
f247eb94a94dcd8b274fe42dd2ad8ccd,01d95eed9163a292a6788ddac08bcf31,1,,,2017-12-06 00:00:00,2017-12-06 09:09:01
b7344fe6164320fbe2344e8a98a182c2,093a57d9efa67214acc6fd5c5e1e01ae,5,,Recomendo o cendexor. Nota máxima. ,2017-05-06 00:00:00,2017-05-06 21:20:48
1eb81ad7e76a0f2a50366540c600e404,08ade2fc02096cf490d463016e5ee02e,5,,,2018-01-12 00:00:00,2018-01-12 15:20:12
4f42921c05e9df2722d89f4dc312e4a1,0c2cbbfae44e4f2bd7c747a2c2b05bbe,4,recomendo,produto de boa qualidade,2018-07-27 00:00:00,2018-07-29 21:01:55
78646aeb7460fb178278b8543218fcff,0217ad862ae7391cc3964c07ce3d6ea1,2,,Produto diferente do esperado.,2017-12-27 00:00:00,2017-12-28 11:04:48
390d5e7dbaa09249df6d32f580b184be,03c810bce9d261d4d0447b895189dc16,5,,,2018-03-20 00:00:00,2018-03-22 17:42:52
5ba29db8cedd5458c963bb4aa54a4c97,061c593a0c8fd1b92c2abc7c1a87b329,4,,,2018-07-31 00:00:00,2018-08-03 12:20:43
6c63d280dace7bf172cab443ce88cf06,076ff98c0f285dcbbf7a2d5ad9146322,5,,"Foi uma ótima compra, estou muito satisfeito.",2018-04-08 00:00:00,2018-04-08 17:40:37
659b7dc0268e5ecb628bf1982629ea9e,080a96bd106fabe8c9a74df5cb5d8d26,5,,,2017-07-12 00:00:00,2017-07-17 01:54:21
04a15fdeccc0572ca4f52b16cd50408a,0011d82c4b53e22e84023405fb467e57,4,,,2018-01-27 00:00:00,2018-01-28 13:18:49
0871a2c67e8818055e05e95e05d53cb0,0a505a7b63a33e72ba4159e3db1208c9,5,,,2017-11-08 00:00:00,2017-11-10 16:56:01
304aaea0a61ca9e8c661cc7a403be82f,006cb7cafc99b29548d4f412c7f9f493,5,,,2018-02-26 00:00:00,2018-02-26 17:00:30
d8ab569657e9b76b15c0e2df9d343123,07fff3bc2afa0d164257d4f64c4c5116,4,,,2018-05-10 00:00:00,2018-05-17 00:45:49
2d254d575ab7f65bf7bcb02f747f2587,0896eccb8187d6b1738ce4a3a1add1b3,5,Bom sim,Só não consegui se tem infra vermelho ,2018-08-18 00:00:00,2018-08-19 01:33:56
9f1098131afeff179d8564c18014c44a,0744f9056deb109779f1b309822c0d02,5,,,2017-11-10 00:00:00,2017-11-10 22:09:45
dffdf4e32e3ca3ecfd501f7d3da68b17,07b6fba80722b4ba2988ef68f8e20c9f,5,,"Super recomendo o produto chegou bem antes do prazo, sem nenhuma avaria. ",2018-02-27 00:00:00,2018-03-01 04:36:10
3963e95d3a9a069b1e3ec4a3d0eaac7a,0874cc8e3901cd3d61e47bd8041c2e8d,4,,,2017-09-06 00:00:00,2017-09-07 00:51:30
670c1a2b752d88344d11f642389cc007,013aa6ba5077072401773f83f1ee6408,2,,,2018-08-16 00:00:00,2018-08-25 11:03:50
bfa3bf0bc322fa9ba4f3b3e36a68fbe1,0c1e8da95f0bc94596b6e3571ba53a33,4,,,2018-05-15 00:00:00,2018-05-16 19:52:38
94770e3c936d0d831f26a020784b5f5f,07dcf38560b8c50e101b3281edda6112,4,,Ainda nao utilizei motivo pelo qual nao posso emitir minha opiniao quanto a qualidade do produto.,2017-10-07 00:00:00,2017-10-10 01:08:20
2a479f80fa8f5d970a8934b4713be6f3,0c94cc21548a77ceded09a70fdecc700,5,,Recebi o produto dentro do prazo em perfeitas condições!,2017-04-13 00:00:00,2017-04-15 17:24:02
372a9aef332a4c399c252dadccea36ef,085505e898297808653c70305ae11f47,5,,,2018-02-08 00:00:00,2018-02-09 14:19:00
224c46c221d3cfb01e9967158a4a71ab,05ce7829fca9c640cd884ba446956158,3,,,2018-01-16 00:00:00,2018-01-17 09:15:22
fa93424155ca9cea523dce232d9c9473,010e04b5f879320f29a9bd6ca41abc94,5,,,2018-02-24 00:00:00,2018-02-27 13:06:28
5ad8f663dbb8df6a4d66e144194b5112,089b005e56c360e749ff7185aa4814af,5,,,2017-04-21 00:00:00,2017-04-27 19:48:48
f1f40e00e3734b87d237c119bcf6ed5f,09c6a742ab99ba6516e8acebf60127b4,5,,,2017-12-22 00:00:00,2017-12-22 15:47:34
51ebb8fede4fbe6126f9f85ebdd23166,001d8f0e34a38c37f7dba2a37d4eba8b,1,,Entrega prometida 24/05/17. Dia 26/05/17 não havia recebido ainda.,2017-05-26 00:00:00,2017-05-26 20:19:13
d85fe2790b907dec77469adbd2c969c9,052121d17f8eab43c577497c9b1451e2,5,,,2017-09-21 00:00:00,2017-09-22 11:06:28
bdca8baccdc72009bbdb5d15991d02ba,004157daafa0bc8672e01f00e4f0c04f,5,,,2017-06-03 00:00:00,2017-06-06 03:09:24
73c9d31f7fd2a9ad4765b4b0257404c7,0a9c38d73482b8d81ae7f7ccc5d8796c,5,,gostei mt da entrega chegou 2 dias antes ,2017-09-05 00:00:00,2017-09-11 17:43:22
f03d3279aa97bb966cb524f82b9a8e36,0822bcde10bb5d023755a71bc8f7797f,4,,,2018-05-16 00:00:00,2018-05-17 00:12:56
83963224a4ebff3af10c5f9d094cd3e6,028e8f5a96db8d372890e03d22829e9b,2,,Comprei para adaptar um aspirador de pó veicular 12v em uma tomada elétrica 110v mas o aspirador não funciona.,2018-04-22 00:00:00,2018-04-24 04:39:07
77a21ceed057deb1212a383310e4677f,0a2820ea58a627b97ba956f38567cae8,5,Excelência ,,2018-08-18 00:00:00,2018-08-19 13:05:35
a05432037aec7cd298971291e7cb1781,0a8488f892c3e8631099327c1ec55d08,5,,,2018-07-14 00:00:00,2018-07-15 23:53:50
6b5d51b27d8ab937f038536026038fe8,0a58de38cd66544f6bbe4f5ab326e5f6,5,,,2017-08-12 00:00:00,2017-08-15 09:10:53
c08b624bc78a609149476c5beac0531e,03225b1b0b8897aa43a745d14fde3c87,5,,,2018-07-04 00:00:00,2018-07-05 11:13:51
5588a3ef8d4641de764d53b0839ab2cf,04c2b3995f83a3db2540a9217254ef6d,5,,,2018-08-04 00:00:00,2018-08-06 22:19:34
060e233d08a8b61864ea41fe8c4c5d3e,0a9fc736e210f495e2023d3a9e10319a,5,,,2017-12-02 00:00:00,2017-12-02 22:19:34
31c73ba0128060ac3fead6cc3fa7e63d,0cf00d58f941ec9b27dc839a9c6e91e4,5,,,2018-07-24 00:00:00,2018-07-25 16:33:43
1df1984887754cba325434bd44616354,09ea9ef172f36e86256bde78e5aadd66,4,,gostei muito bom,2017-12-21 00:00:00,2017-12-21 18:14:57
86fb13ff524373df815f6e2e9cfc8c08,0371bb519b3c4b04bed0460608ce6c59,5,,,2017-08-12 00:00:00,2017-08-13 14:04:07
67e42b06c918ddff969c7eeb90c51e1f,030e16ae69706dde9e78557f9b501657,4,,Ótimo brinquedo,2017-06-01 00:00:00,2017-06-02 10:56:06
679f7df6541135051132a1cfc2a72572,03467d8a7741a3737d4e3ae45ebba94c,5,Ótima ,,2018-05-17 00:00:00,2018-05-20 17:12:44
3b6cca085912b2bcbd868770ae105fc7,071d86b8fc66cad2d0bb93775be89392,5,,,2018-01-12 00:00:00,2018-01-13 19:11:46
ccf2b8c637bd34d6621fb9fbab6032ee,01b6bbf0a9ac5d54dfebb11ddcd8fa8e,5,,gostei muito obrigado,2017-07-02 00:00:00,2017-07-04 20:36:48
a3331efeaae63a7869110e32fe648a47,045d2b8e16b8512db26e4d3d1a3e5198,5,Entrega rapida,Produto de ótima qualidade.,2018-05-19 00:00:00,2018-05-22 10:44:00
a7dfafa60f93cd8fed3a0f0c92b0ddae,0c4c42e7e040dc423699b1d019b684e1,5,,,2017-12-23 00:00:00,2017-12-24 12:19:14
293814f9bce8caa701ba8c72f6397d75,066e2edfc5e388bb574fda4a61911b9c,4,,"A qualidade do produto é boa, porém alguns furos do fundo do recipiente precisam ser reabertos com um palito. ",2017-11-25 00:00:00,2017-11-27 15:25:48
219060b5fb1386882a0901c11053c556,024a19cc498cc1a9efcf675d1ca465c3,1,Loja Americana É Culpada,"eu comprei no site da americana e pensei que a entrega seria feita igual foi da minha compra anterior (hot wheels) mas foi um engano, vão os senhores olhar o dia de despacho e verifiquem a data de hj.",2018-04-28 00:00:00,2018-04-28 17:16:32
75bafae4aeb5c847a796412f96c8cf38,0438fc3e115633e11a93c878a1591016,5,muito bom,chegou antes do prazo determinado pela loja. ,2018-08-21 00:00:00,2018-08-29 12:18:28
2282a2ce004099bb4e8e8df69449856f,09138fb3bbda7e400f9aac03c238385c,5,,,2018-04-06 00:00:00,2018-04-07 16:34:35
be0b2504c29a4e94084a5f0d947877b1,0cbb4eb8eb55f8386cb8c934ff936358,5,,,2017-05-23 00:00:00,2017-05-27 18:55:55
dc4fd33dbfa1282912d78063b3cd1845,00f9b6769c6648ac08bf43081d1f2b07,1,Falta de informação.,"Meu produto estava previsto para entrega em junho/18. Porém houve antecipação sem avisos do site e nem do correios. Por fim, tive q buscar meu produto, isso pq paguei o frete.",2018-05-26 00:00:00,2018-05-29 17:05:05
a7d0113ca3a1bfe7934187d25e14387c,033cf810fd3523203bbbf2ff579a7a4c,5,,,2017-12-12 00:00:00,2017-12-12 23:48:52
83ad9e7348ff7cdf55e5df2422fe56ee,0526ac4e6b594d943d1865fcbbe8047c,5,,,2017-08-01 00:00:00,2017-08-01 19:40:19
689cc6633d7a458a074d9cb1ac605377,0a68b93a3fda1e48b30171c8db35b938,4,,,2018-05-26 00:00:00,2018-05-26 21:47:25
2dd3c718f2b9bb0a30f430eb3b4d7182,03fe9fc6d464322a67f3a221777a82d3,5,,,2017-05-03 00:00:00,2017-05-07 23:34:43
98ea13e99feb89a58c3773e8a0173952,07dacc7fe07040f20aac7d9510950eff,5,,,2017-12-05 00:00:00,2017-12-05 23:44:17
670f66c863916df3f7fd572af8de8c13,014ac3cfd0e55bdc2cdd12aa181b00cb,4,,,2018-08-14 00:00:00,2018-08-15 01:16:21
e234f3085b0881b8a770cc0203515043,0c7a6b23056ca2e73c8b369698e1d781,1,,,2018-03-31 00:00:00,2018-04-03 14:10:11
6c9673b28c6fb1b36b65a5536c3ba8a8,0197cb265e2c84b9f89dfd784095d2f6,4,,,2017-12-29 00:00:00,2018-01-03 19:09:58
de262beeb205cd9c07053831ed6b89b5,043c74b543e990bd18b14ef1e4344031,5,,,2017-09-05 00:00:00,2017-09-08 17:03:19
ae8f7194344cc2176584c193e4da5872,0b7808f7d1384e2ef75a3ea25df44bd4,5,,ESTOU SATISIFEITO COM AS COMPRAS FEITAS PELO SITE,2017-06-06 00:00:00,2017-06-07 12:47:38
5013e56af71931e3a300cd67a489549f,07f970754e737efe221e6349eeb5a8e7,5,Muito bom!,Entrega rápida...produto como descrito no anúncio!,2018-07-05 00:00:00,2018-07-07 10:39:21
91fe03f90300ed39b68ad594aed00fed,07d731b81475104eea3237055f7c0c39,1,,,2017-12-21 00:00:00,2017-12-21 05:46:09
e2aba75548e50169fed881f54842bd45,03b769c4844b71608c388fcf6f4287d4,5,,Produto chegou antes do prazo,2017-11-25 00:00:00,2017-11-28 01:19:50
a5fb93d6a9e707bd84c07da74e8d79fd,000e906b789b55f64edcb1f84030f90d,3,,,2017-12-09 00:00:00,2017-12-11 09:55:13
3f40e3a4df11fbf4e740580b3283648f,01c2d2ffe8349c5eef0ab33e8ff1f41c,4,,,2017-11-08 00:00:00,2017-11-12 09:45:13
cc897353938ed2a96cfafc865767aa42,063009988101940b4392ba9b2f2ca112,3,,,2018-04-03 00:00:00,2018-04-03 23:32:39
0313aad231025d53fbb00af5e42184fc,03183d4abec30f2231280b2746c66d06,5,,,2018-03-02 00:00:00,2018-03-06 17:01:43
ae6da7c83c7ac3aee448b366c63be6a8,084ded1a75b230fac5331c786694ab7f,4,,Recebi antes do prazo de entrega.. Muito bom,2018-01-11 00:00:00,2018-01-12 09:48:42
c1739c70298dbe46e21a825af2b984f1,00404fa7a687c8c44ca69d42695aae73,5,,,2018-05-19 00:00:00,2018-05-20 12:30:40
48db503e528a8f9384141f32f993c0f7,0ab63e307694f40a88a0ecd358c0939d,5,,,2018-04-26 00:00:00,2018-04-27 12:34:39
b9441e2aba4c3fcdf0cd441e6b06df4f,0c7eb5879f5e105bea55f6edcc70659c,5,entrega boa -,"Produto de baixa qualidade.
Se dependesse de mim, esse produto sairia da grade de ofertas",2018-07-03 00:00:00,2018-07-05 18:36:44
851ebb662ff6cacecb72f697ee014d7e,036cec7829a9824855ee4c751a430313,5,,Recomendo.,2017-08-09 00:00:00,2017-08-10 13:04:52
0af1efea47d2a41f700c109c4e5f664b,0307d42d9c781d32f86cdf1fa5c8670b,1,,"não receci todas as peças compradas, somente metade das peças compradas",2017-03-22 00:00:00,2017-03-23 12:45:48
1e20e74a22fe418fb22870283a428405,07d15c4a386205b033ba176848387b08,1,,"Não recebi o produto até dia 12 de Abril de 2018
",2018-04-12 00:00:00,2018-04-12 22:13:11
2cdc17c41219b649cb5b1ea1eca2db7a,0af058fb1b7b4ee95c3c2e1ccb9ef743,5,recomendo,"entraga rapida, minha mãe adorou o presente",2018-04-26 00:00:00,2018-04-27 11:44:48
b022e14b537e9c64b16ef6b921556944,00bd8cf08fa3998ea6ad6d16c2165822,5,,"O produto atendeu a minha expectativa e me surpreendeu com brindes, pois recebi vários chaveiros do flamengo.",2017-12-06 00:00:00,2017-12-06 16:19:53
e26900bd1096def98b829e0db23e9b3f,010c995323bc17d8156fbe2c37fed63e,5,,Produto muito bom. ,2017-04-01 00:00:00,2017-04-03 21:20:09
53666271054f7c7f2137c1f3fc92a849,06d5cbe68295558fd6c48998db3ea397,5,,"As três empresadas associadas da targaryen estão de parabéns! Entregaram os produtos bem antes do prazo, e já estou degustando um cafezinho moído na hora, preparado na prensa francesa!",2018-03-30 00:00:00,2018-04-02 21:17:02
7e693a89939b0cc50671f4a49b07a821,04453a84ff0126fdc05079cf18a34890,4,,,2018-07-27 00:00:00,2018-07-31 23:29:17
5f4b66dd1012fa27ab203890de15ea5e,0ae449254770bfec75a99b8d804e5b10,5,,"Fornecedor responsável,produto bem embalado, entrega rápida. Faz jus a uma boa recomendação!",2017-09-22 00:00:00,2017-09-26 01:42:13
c95dc32d2930d464c1136c0e01fe81f0,01b94d6940365deb1eedb643ba43114a,5,,,2017-11-18 00:00:00,2017-11-21 13:16:04
33ace47e226f256e187b8c3e7dd90127,077a77e315e3b317121a0af9962e122b,4,BOA,,2018-05-22 00:00:00,2018-05-23 12:47:24
12cd3d35aea663c3a2846b2cd6d25fe3,09179a93a7f4f710051cefde1d2f7ceb,5,,,2017-11-23 00:00:00,2017-11-24 01:50:24
c5a7bcb08598a74cd8d5800f7da1a2b9,0494bfa608beaca61486b71439135973,5,,,2017-05-12 00:00:00,2017-05-13 17:28:26
b7eea7472d90268e3d9548876eb27b2d,08fc40afed49b10079c4c6a31ffc093b,5,,Recomendo excelente ,2017-10-17 00:00:00,2017-10-19 00:56:59
6a013bc0d9ed1881e88efea769f63739,0556fe7a6dbdc95276ba0513ee5f0471,4,,,2017-12-14 00:00:00,2017-12-14 22:31:53
1b276fc628a73d1cfdbec1c8ea05aa4f,082a40b17edc8dee91ba95b20b555815,5,,Adorei a mercadoria ,2017-10-20 00:00:00,2017-10-20 22:34:21
d6225253cce83db1049d81436fe3acc7,09d8753e77ffa5e71ba4137166a3b6ad,3,,,2017-11-25 00:00:00,2017-11-26 00:51:29
d3990204fe0f3706d626c3719ed0ffdf,03059ebda0b2ad61612b300fe34ed8e2,5,,,2018-05-31 00:00:00,2018-05-31 22:20:44
82adc179f01427a2b8fe110e7930e92b,04955e4e1efe5837c88f3d4311a94fe7,5,,,2018-06-23 00:00:00,2018-06-25 14:30:51
2eab04a8f45efa131d44cf58b37ab595,0191bbb5166d4b9a68df11797d5acfa9,5,,Recebi o patines em perfeitas condições bem antes do prazo dado pela loja.,2017-08-25 00:00:00,2017-08-28 12:57:25
8e6d3b545e7019c3547877183c7fafb4,05739db46faf3be7dfe1b0f0ec37689f,5,,,2018-03-10 00:00:00,2018-03-12 09:41:30
f5f2296143c94f204ca379de94441652,0221d784b11a24077b3531e860b73434,5,,,2017-12-27 00:00:00,2017-12-28 12:30:46
62807bda54b6c1fc8bd49ed3d814eca0,02f30be57375dc610c40ca989d2385b7,2,,Preciso do vale para adquirir outro .,2017-12-14 00:00:00,2017-12-14 11:20:09
062435bd841cc779401e4f831929963c,0a671900301b8fcb176e26d685aa7fb2,5,,,2017-11-08 00:00:00,2017-11-10 09:35:36
5d82eff7a3df7d5aaaed3f3344bb3bfe,059162a0bf2726c87dd0359eef84c878,5,Excelente,,2018-08-14 00:00:00,2018-08-14 23:06:07
1e40880abcca5c1108c7e77bf320c2ee,0c5c644d05d605a6778e47d43a1185d2,3,,,2017-05-17 00:00:00,2017-05-18 16:07:09
c4d23e7538109c47f8c9aa6fa819b481,09efb7cd51fbc54c89edb7aff4a3f637,4,,,2017-05-23 00:00:00,2017-05-24 17:03:50
abad27856efa9e0a834fdb925331c55f,08804ff605210017ad305e46cbd4e3c8,5,Muito bom,,2018-08-12 00:00:00,2018-08-13 14:45:54
8230ae975b73c78f485dd446c6d1ead3,0a2f51f07c7b99722f843490cd20ec09,5,Otimo,,2018-05-29 00:00:00,2018-05-30 00:21:05
2f4e0f4c8782ede2ce0b611ddf237153,040a7d867d3a82c3dbe047e96515bd09,4,,,2018-03-01 00:00:00,2018-03-02 11:31:51
8273c77d65343356a3307740e02cc4d3,022f80b8a6f58b11018082b505f15c38,5,Satisfeito,O produto foi entregue pontualmente.,2018-08-30 00:00:00,2018-08-31 09:52:39
b0dcecac25b5ebca7d200eb3c0eff399,0beb6d45320a3ecbd50c0b5fc7d8dccb,5,,,2018-05-18 00:00:00,2018-05-20 14:08:48
78f099009af37c7fcc76c056aaf7fb43,0ab73486735f114f9e844522fa9b16ec,5,Comportamento correto,Entregou a mercadoria antes do prazo e em perfeitas condições.,2018-05-09 00:00:00,2018-05-13 12:44:33
d79d9c6ac6f454d1eff978ce1c0042f3,067546963d2dc6275eb550df0482c460,5,,"Gostei muito da loja lannister
Obrigada",2018-03-02 00:00:00,2018-03-03 01:47:34
135e5d955a1420b964a8b9a5e6ddd881,063b573b88fc80e516aba87df524f809,1,,Não chego meu pedido,2016-12-03 00:00:00,2016-12-04 03:06:12
bbd97fcfcd48b9b788877f910c717520,08b090ef007b191a5f9c454f1068be24,5,,,2018-03-18 00:00:00,2018-03-20 20:03:00
e7e2f723abee151d28a19fa3fe227eed,08003b4e485e934387afc41448692e0a,4,,,2017-07-28 00:00:00,2017-07-31 10:56:21
2a0b99f1f2d27234698efc1288ef0e7f,03ceacbc3d61dcaeade2b6b1ccc5fcfa,5,,,2017-08-26 00:00:00,2017-08-28 02:10:57
d1dc027594a6813d28d07260bd09d652,08ae4b03138c7c51262c05f8f6e58b74,5,,,2018-05-19 00:00:00,2018-05-22 09:21:54
528d90d497d677a213245256ad4ffe16,0487b902149eab8ec30e844142ee3e3a,4,,"O produto foi entregue antes do prazo, gostei da tábua de carne só fiquei chateada q a bandeja de baixo não é um material bom, veio um pouquinho amassada. Mas um bom produto",2017-11-18 00:00:00,2017-11-21 13:41:25
724f3a54ffcec821cc1047a8b8cc29fd,02a54d22a5cd81b89c0a40bf9a75d9a4,5,,muito bom,2018-03-28 00:00:00,2018-03-29 11:18:59
f476134a5846b7fc4a1fdf587353a2c0,05bf4fdb30932b7910144b4359ea9f69,4,, ,2018-03-16 00:00:00,2018-03-20 12:53:48
12c4f47ee726c5d3322bb8c48d803e12,093e91ac900104e2f587ff8d020447aa,5,,,2018-01-27 00:00:00,2018-01-27 20:15:31
146038b697b50f1abe9d8bc8926dc2fb,02dec5fbe189e3c2ccd9ba071c6bb78d,5,,,2017-12-30 00:00:00,2017-12-30 18:56:11
610cfdb138815e571a1a23b4352bfbf5,0bb9de1ada893b1bb35472e2bc19cdd4,4,,"Produto de qualidade, veio super bem embalado e chegou super rápido, muito antes do prazo!",2017-07-28 00:00:00,2017-07-31 16:15:19
7f85d9dac8935b9ecf2a8bb131a6971a,07fe18147d98a22e8f8f5e43fc09d831,4,,,2018-05-05 00:00:00,2018-05-08 01:38:18
29131453e662a20751e9063200b9c754,09eb1ae749fc79af3f5a2f4481efae6d,5,,excelente produto e recomendo!,2018-03-12 00:00:00,2018-03-22 15:12:49
8c6563bdac7a42e6ea3dec7b12e8454b,009742b43f4530bc3db7f62332c50f4b,2,,,2017-11-16 00:00:00,2017-11-16 10:29:12
1a007eca8cbc124bfda299b6a24493b2,09b70d085a1bfb3b4b2ad8b7c7e43353,4,,,2017-05-30 00:00:00,2017-05-31 11:14:55
011b6d8836d462a52966fb43eb99891e,0b9b1c5bbb14862e0e96660280048b04,4,,,2018-06-07 00:00:00,2018-06-08 02:04:21
776c5ccc5fe4508cfcec2555314f2288,08204559bebd39e09ee52dcb56d8faa2,5,,"Maravilhoso,amei e chegou antes do prazo !",2018-01-20 00:00:00,2018-01-21 01:45:27
a07683bcf2ffbc453c87a22c974c7594,012dc9e42da722d22e32c618a2521bec,3,,,2018-04-10 00:00:00,2018-04-14 21:36:38
28d2afae75d84c94f96d5ffc836d2149,068176c8a0550b07cddf7e05c8d55319,3,,"comprei duas cortinas blackout, sw corujas, recebi apenas uma, ha uma cortina que eu saiba e de duas partes conforme a ilustracao no site, estou esperando a outrs. ",2018-02-05 00:00:00,2018-02-05 21:04:53
f4309ce5f8066b7360624e3231f84f5d,020550d9cdfb7110d07fd1a1f8937c6e,5,,Otimo vendedor ..,2017-09-19 00:00:00,2017-09-24 21:23:37
86fe5f0bb89b9af6e1ecf749240a920b,0a457a7e838f772d804eebe8d6261ed0,3,recomendo,"eu queria dvd player e não gravador,foi um engano",2018-08-11 00:00:00,2018-08-11 23:15:23
962454a15543bdfa3725096f0b112d9f,0539e3f47ed27c984efee378a2aa7f07,4,,A entrega foi bem antes de o esperado! Mas o produto é menor do que medi e imaginei...,2018-04-18 00:00:00,2018-04-19 19:19:16
476e6a24d01d2fddf78f62fbf0a122d3,083b812dd46ddf24d9ae0b6429139c9f,5,,,2018-07-25 00:00:00,2018-07-29 00:18:47
cc1e78c1cba7ac4567080784a3b51ed1,0ae3b855f8b744f0999f8dd01e3598f0,4,,,2017-08-11 00:00:00,2017-08-14 19:22:29
92ed9bea12e43363333b56c9e331a9ae,05c7d88e9c05e1fa1428f1ff2dcc29da,5,,,2016-11-04 00:00:00,2016-11-04 13:27:16
5da485615c556d4ec0f1160c4f6a0fb9,0cd2179b125d8eab88815631c3ce586e,4,,,2018-01-05 00:00:00,2018-01-05 18:05:30
2570a783e95093acf2fa8a4b7dc9bf01,01c26a0b2736899633cfd6a3c1749428,1,,,2017-05-04 00:00:00,2017-05-05 02:10:58
9156d8305cadf31187fe1498745fe367,08a79aa47b2dc809df77206f0660fe5b,5,,,2018-05-23 00:00:00,2018-05-23 23:44:27
03e0207b61cdcb8f60d1105a76c71cbb,08b04eb82fbd41d6a4a779d822d57a08,5,,,2017-03-24 00:00:00,2017-04-05 20:31:11
1c1bb10fd0a3af065ed9b379b5df14c2,00418a49a685c6bb60633291c3fab17a,1,,"O relógio, (presente do dia das crianças pra minha filha) Não funciona!!!!!",2017-10-06 00:00:00,2017-10-14 03:57:26
bfe227aa0debbceffebfe9f4638dbcc2,0add19297766bc00a177a9ae740554eb,2,,,2018-04-13 00:00:00,2018-04-16 01:14:09
8e11fa572db970af0f473de58f0ce311,0c635f2fc897dc04b56643f997f25d33,4,,,2018-04-20 00:00:00,2018-04-22 22:54:16
4524cdbe8c1df91de11c2b30ade4fe8c,05cb67bde9e73ef4ed72519d1497e006,4,,,2017-03-25 00:00:00,2017-03-27 11:48:34
612c4880ee2a739e2d1d61ef9d0c055e,0a558295652f98bafe12e259c4d3fa26,3,,,2018-03-21 00:00:00,2018-03-22 11:54:15
d3bc374612a95df0b1c3f8ab51a2d6c1,03344155603005842bd94ce8d65f2607,4,,Gostei,2018-04-18 00:00:00,2018-04-18 17:12:00
18674ed94b0d0f2fef391144f6b36c76,06eda05597492635e3b91e00aa434332,5,,Comora segura e agil,2017-06-02 00:00:00,2017-06-02 23:26:19
659998ff75745ce5b310f2fd3b0438aa,005cad6157eadc7f1f09917607f1704a,5,,,2017-05-04 00:00:00,2017-05-07 10:32:10
f9471c134e19e0ceee16d85e33dba722,0599833bed37a5f88c9ade7cf219fd6b,5,,,2017-09-20 00:00:00,2017-09-21 11:06:40
5dc288bce93f2430445ade3b7d36e659,0b895f68e42306770949736e0210d0cb,5,Perfeito!,"bom preço, entrega rápida, tudo certo",2018-06-12 00:00:00,2018-06-12 20:05:50
27445763b6648d6f9a8d295e1d184e9f,02b9a87c19eb57b9ebaebb3a6850de9f,5,,recomendo,2017-11-08 00:00:00,2017-11-08 12:12:16
91f77e4c47cfc5210a2d41c6ed6aaf88,054042ab7dc07121b53acdbe6837a3ce,4,,Perfeito,2018-02-16 00:00:00,2018-02-16 22:27:02
379740be61c63dee66fd8738b1f58f4e,0a11e1f5811dda6f2921ea5b87f67475,5,,,2018-06-15 00:00:00,2018-06-15 14:59:30
7ab6cb7e0e782b119d8338745f78ea8c,05e19ab996b114339f316bf41b359d52,5,,,2018-05-26 00:00:00,2018-05-27 15:34:22
f4fad24d4bb3462bab004be9a0b753f0,0c325ea6925de749e1420be0cf43587c,4,,"Atendimento excelente,o produto chegou antes do prazo.Cliente satisfeito.
",2017-07-11 00:00:00,2017-07-13 23:18:14
9ec5743cae88287cd87d5a68ca63e7f0,0bbaf543aa84dd90baa21ed685d72605,5,,,2017-11-21 00:00:00,2017-11-22 14:46:52
8ca2050d8d7b1b4c654353b4a7caafc9,07b632a4645a2dba01074abfe4f34c4b,5,,"Produto lindissimo, adorei.",2017-09-20 00:00:00,2017-09-25 13:56:16
fe21cd0c6f7cfe6be6eaa50439af413e,01c79ae32ef95b276907d99e83fe57e5,5,,Produto de ótima qualidade e entrega super rápida.,2017-05-28 00:00:00,2017-05-28 12:01:29
3560d357a9d3929c8169904cb567c27a,09a5c8d751662bfb96c5a3307619cb36,3,Produto não entregue,"Somente 1 dos produtos foi entregue (a corda)
Não recebi o palmar.

",2018-08-04 00:00:00,2018-08-06 17:41:15
9c1227275f88bd81d27ffcc22ea34cdd,086731f4ad521c4094b1eda75986b88e,5,,,2017-11-29 00:00:00,2017-11-30 23:02:36
3daf993dc1700472508c5db28f58e674,015183dcb37f19e0456905fa5aac0b69,5,,Entrega antes do prazo limite e em conformidade.,2017-03-10 00:00:00,2017-03-13 17:39:37
2b0ff3f93ea5c2911f966a2024af9a34,09ba762d7b29d3771a788d7d039159fa,5,,,2017-03-18 00:00:00,2017-03-18 23:38:14
db8080805784d037c4b84c2c3c9d7b92,07d35f516238db3cf2e71da57744922d,3,,,2018-02-22 00:00:00,2018-02-22 22:49:37
c346e8e4471911f15d9a1635a5417214,093cbde1b401404fd6dffc827e4b86e8,5,,,2017-10-21 00:00:00,2017-10-23 14:08:28
edba17d32cccfb4e942ca57d4f983b0a,0b2861128d87d7a2b9c85eb25a514d0b,5,,,2018-07-03 00:00:00,2018-07-06 10:58:07
8e67deea513bb5b360dff5beaea76f30,06f40352396b73ac65b6a2059d70441c,4,,,2018-02-23 00:00:00,2018-02-26 15:56:37
fddd0c340a17d3b586fcce2d3fe8c8ff,01d13850e74efca9a86fe812940de070,5,,,2018-04-20 00:00:00,2018-04-23 09:32:57
8b80d31453fc98e3d58e3be9b5e0503b,03211eda276999d5eaa8a167a4b6286a,5,,,2018-07-06 00:00:00,2018-07-17 21:43:40
4b93a8cb070e52356357e46e3fa7156f,04a18000a647d0f0f842ca489dd4a464,3,,,2018-03-29 00:00:00,2018-03-30 01:07:55
1ed661ada060d37be7696cc41f701d84,02754590c907eb40ac34ed9b446970f6,4,,,2017-09-05 00:00:00,2017-09-06 13:10:02
341689e378d4b65d19cb6decd0ba6aad,07357a6641ec997dc95d17a571f9ce5f,5,,"Chegou antes do prazo, produto bem acabado, adorei o tamanho pois achei que fosse menor, fiquei super satisfeita com a compra.",2018-03-29 00:00:00,2018-03-29 09:16:01
4ae1114d0b5853ef79ae803a9a969878,009905140e9f8cc35d5be897937381db,5,,,2018-03-29 00:00:00,2018-03-31 16:08:36
76df0bd8c9d614662a1e893152b4741f,02e3d94731a28fe10ec1aa91b72b544b,5,Produto de qualidade! ,Compromisso com o cliente e qualidade no produto resumem essa compra. ,2018-05-09 00:00:00,2018-05-12 12:51:00
93070d6a76f6affb41c1e64d7fc6230f,05ed121680df9ec2f89d4dc29310333a,1,,Muita demora do pedido.,2018-03-29 00:00:00,2018-03-29 10:15:06
435de8d66421e4d0e7efc7aa795abd7e,086d8c0d2740866ee3d4730987640d4c,3,,"éu achei hotimo 
",2018-04-17 00:00:00,2018-04-18 00:53:31
4d14b091d71391a8bb96870aa1f7d3c1,0c922ae7c3b6cb7d848150c80121bc1b,3,,Goste e recomendo,2017-04-08 00:00:00,2017-04-09 16:13:11
30f72d6686d4476e204f0a5c14bbfcac,0aeae2c3fa49561fa9d2147d8f99d7c2,4,,Recebi o produto antes do prazo previsto porém preciso fazer a devolução porque não foi de acordo como eu esperava.,2017-07-19 00:00:00,2017-07-20 11:42:54
b91a12855ab89905aeabaed5a0179820,0133a47b53fee66218790a8d7dcab993,3,,,2018-05-03 00:00:00,2018-05-03 22:07:20
5765870a6ffa280e15c7d3aa980df3f1,0866d83668146dad766bf1a583207b19,5,,Ótimo ,2018-07-12 00:00:00,2018-07-13 10:29:09
7726fae728fd0f78fb80805a6424cce0,01ec6affa239058ac384542eb9f6920c,5,,"O prazo estava para 21 dias úteis de entrega, mas me entregaram em menos de 10 dias uteis, referente a qualidade, ñ tenho nada a reclamar, veio tudo bem embalado e atendendo minhas expectativas . ",2017-12-27 00:00:00,2017-12-28 18:57:15
47b13ac4d4e0a97b44e918810933cb34,0b0bf8f9977e22517521efeefa4b7a27,3,,"Entregada rápida, mas não gostei do produto. Tecido ruim.",2017-05-25 00:00:00,2017-05-27 00:33:03
0de2927a50247824e8dc54c0a9b9e1e6,0480beb27028f701542a144a9882a0f4,3,,,2017-09-09 00:00:00,2017-09-12 00:49:11
0ce12440cb2069b3fc81544b8488590d,08d8f90d77d9280c2e00ee3d749c22ae,4,Ótimo,Muito bom,2018-05-08 00:00:00,2018-05-10 20:32:07
29db304acf71e827b2d3dc7da3d0afa1,0989d111cfe79cf0bbdea443f1caf9b7,5,,,2018-06-17 00:00:00,2018-06-18 00:51:12
180d8c56ac4f83c42cd75f8e37e56ae4,0401f33945d6292657d6a4d951191570,4,,,2017-04-20 00:00:00,2017-04-23 19:52:44
0427b2b0b33a0297c66829f9c07bf383,070a8baa5e3a99e5eff94da597b78fa1,5,,,2018-06-19 00:00:00,2018-06-20 11:48:47
c15ded49a5d86589f952bede68d787e2,0cf94dad2e99f0fb2c10e52d62c4e560,5,,"Obrigado muito base loja o produto muito bom fiquei muito satisfeito, por ser minha primeira compra com essa loja..",2018-08-29 00:00:00,2018-08-29 19:20:10
a42d61e177a2bf3241bf17b6ba0ab424,076e78b027f88320defc1d6ab23d6793,5,,O produto foi entregue dentro do prazo previsto... super indico.,2018-07-22 00:00:00,2018-07-27 01:14:36
0cf123ede11b2f244f914f39f95cb321,06a521049a08d59361b1ae229b3efcc7,4,,Boa loja e seguro mas o poblema que tudo tem frete,2017-07-14 00:00:00,2017-07-17 20:50:45
032010abcd61fc4cd38a0558e5b31861,015a7c64361928a0782ec0e705174b6d,5,,,2018-06-30 00:00:00,2018-06-30 23:47:19
5138d0d5832c7432a23ec599ac311eea,00772b2af35643653f108fdac1155ee3,4,,,2017-05-07 00:00:00,2017-05-10 12:44:12
742ecb5c6c3662d17d936af32b9ed565,028f5779c98e7df5dc803824bdaae40b,5,,,2017-11-04 00:00:00,2017-11-30 10:51:50
d276cdfd0455e656b0f247353c5f094b,084644a489ac88b4ca68d2aa3dc91292,4,,,2018-08-31 00:00:00,2018-09-03 19:14:39
c440ab7b9d0ead9d63b5aba604409477,0af3a5d2e6e65075837ef5ceb5c167ab,5,,Entregue exatamente produto que eu esperava. ,2018-04-12 00:00:00,2018-04-13 10:52:50
94db4b547b7b1d77b90969d8922738f8,097c6926697b318e2e49c0d92843211a,4,,"Bom dia.
Na verdade queria o mesmo medicamento só que com laranja amarga que já havia tomado.",2017-10-19 00:00:00,2017-10-26 09:47:06
78db9be1df52789c6c11f4b73ef2366d,0a308be0b454b3664e06318c9bd6a5be,4,,"fiquei muito satisfeita com o produto, apesar do frete ser um valor muito caro, foi entregue muito antes do prazo. .",2017-03-17 00:00:00,2017-03-18 11:02:31
1b6efdc497e870273ef7d996c6590e2b,0917636d789ce3b3eac37895935af5c2,5,,,2017-12-07 00:00:00,2017-12-10 02:20:09
a3642b05ff28c09a03d20499c1e94a21,0c7561e19f14900c9c63487cc532f384,4,,,2018-05-27 00:00:00,2018-05-29 11:18:06
1f60b594c24d8dca5978ba3dc22ab575,0aaf81645c52d55b9baff5411037d070,5,,,2018-08-04 00:00:00,2018-08-06 10:53:20
60aac1985dac87f39a0dc781cf12b148,070cc53897ed4829689c415f99d37c3e,5,Ótima Loja,EXCELENTE,2018-05-22 00:00:00,2018-05-24 16:03:35
de9256fcd3e7c48a75141e41955fd86d,0606297cba03ae6663495514f5bdae0d,3,,O tecido é péssimo,2017-12-16 00:00:00,2017-12-27 15:57:55
bbc3cbfd9258b73da7e877ab97ef2596,076008aa37f0393fff972b8b0121fd94,5,Nota dez,,2018-06-22 00:00:00,2018-06-24 11:33:03
552df4991c812bb5430588a28b1b877e,0b54477549051598bd77d59bee6182a7,5,,,2017-08-20 00:00:00,2017-08-30 18:10:40
37964849651a59fb73847335d0a7a2ce,07ad2a87dfce684f0b6a23886db925c9,1,,"Eu comprei o Produto descrito acima (ORIGINAL) e recebi o produto reciclado. Só o utilizei pela urgência. 
",2017-05-16 00:00:00,2017-05-17 12:20:47
1b52390668037c7824f64bed8c86c275,03dab6b77334d60ea91564ec4c7813a1,5,,ND,2017-10-12 00:00:00,2017-10-27 00:36:39
1b480976768790a05e41bfedf0e088d7,04198c2c90b3fcfaec75a836841dafe2,4,,Acho que o kit deveria vir com um estojo para colocar os canudos e a escova,2018-08-28 00:00:00,2018-08-31 13:46:24
c3d2af5aad777c2b393c7e4794d16ee6,033729e95819665323119db0291d0f0c,4,,Y,2017-05-31 00:00:00,2017-06-01 17:39:09
077444d7e1ed381d9fcd41fdbafe4c58,072de9a4bbfba5f480706c24d61d25d2,5,Ótimo produto,"Prático, pequeno, leve, testei pouco mas por enquanto estou gostando muito.",2018-05-25 00:00:00,2018-05-28 13:03:02
f9e19d6b58c242f8ef635c90366b3cd7,02440f65dc09737b491463739c347446,1,,nao recebi o produto,2018-03-21 00:00:00,2018-03-22 13:14:05
3914885606004761779bc978b53eba7f,0888cf8a7f975f34f13e851049b35dd6,5,,,2018-03-16 00:00:00,2018-03-18 16:52:44
eee3b4301eea037cb9b01638ff6b2415,0cda10fd2b66ee6fc2edd8fc21f8176a,5,,otimo,2018-04-21 00:00:00,2018-04-24 14:51:06
fa3c7373109092132b4c1ba138ee84a3,0bb961fd58668c43ce2c6f3a77d2a8fb,1,,"Comprei uma cortina de presente para minha mãe, mas veio outro tipo de cortina inclusive bem inferior e alguns produtos que eu não precisava. Só não devolvi pq minha mãe gostou da que veio. 😏",2017-05-23 00:00:00,2017-05-26 15:58:41
9dd318c1ce63cf583e66302a6e4ab6f9,0197416059c0e56b5344bf2188066317,1,,,2018-08-25 00:00:00,2018-10-03 12:54:19
2dd07d8603cde1fc5c17f25807727b19,033bac5f45a9d0cf7be5e47f03ed1e44,5,,,2017-02-17 00:00:00,2017-02-20 11:20:39
639510ad1140e525e76647facf8164dc,0a8b3b277ffe67981af7d4a14e7f98d5,5,,,2018-06-22 00:00:00,2018-07-04 17:17:55
3dc99ec219e81ab5be858d28bad5c902,06f544e5c7afe6215b9e2a26b4f08442,5,boa ,entregue antes do previsto,2018-04-25 00:00:00,2018-04-27 12:33:53
6c29b2d7dfd0d35728e46ab02457cb3f,02e7b3980e9984556bb3a764306f3e31,4,,,2018-04-04 00:00:00,2018-04-07 21:31:55
e177d0d0be63f7baa7ac7f7d37650865,07860da7c16265a28de8c2b2e9f4552b,4,,,2018-06-14 00:00:00,2018-06-15 17:28:17
0762cee7cedecdb366d587aea731756e,0248cb6c91b223b74dc554e1d2c2a59d,5,,,2018-05-09 00:00:00,2018-05-12 14:47:39
8ff18b250a8a3ebeaaeb6e7a56bd9742,05a17f243132acec3b0146b1b9b77720,5,,,2017-05-05 00:00:00,2017-05-07 17:04:52
eed3207a31ffbec82ae5bab8c5f35dbe,0479573b338446f5fedbcf76cea3bc20,5,,,2018-07-06 00:00:00,2018-07-09 03:39:50
7ed70eb6b010119627d517a57384e9d7,09fe7a287eced3280bbc1ca7759c4c25,5,,,2018-06-23 00:00:00,2018-06-23 23:40:10
3eca067bbd56e9ee191f76edbb5209c7,027042c68ea5fac4428694e17ac50538,5,,,2017-12-29 00:00:00,2017-12-30 08:48:19
28e130d186bedff6b6b6a84ce7583c4b,0b7e2039e06db8ce4bb3eb25e8659a51,5,,,2017-05-17 00:00:00,2017-05-17 11:45:37
f01e711f93ab1c154e6737b43a8cc34c,038f8b45fafa1130d2557e5b8dfd5d71,5,,,2018-08-01 00:00:00,2018-08-03 21:26:02
f117a73a43ff183f1f7e21143de5582e,07242ddf6ad8487cbbb700fd9ca45906,1,,Eu quero meu produto,2018-03-24 00:00:00,2018-03-24 17:59:21
ae44f5d4c251e1b25d936a1a7ad60c74,06691ef50a126916cb2d45040258ee3c,5,,,2017-05-24 00:00:00,2017-05-25 10:09:15
7132650d1ba7f6da06eacd031fff8e96,087889e1fca3301cc56532907bfe811c,5,,,2017-12-22 00:00:00,2017-12-23 01:38:22
32972342f137e544c940bcbe4c74f9f6,03a579c0699b16c6fc6d5db022a6e85a,5,,Entrega antes do previsto. Tudo ótimo!,2017-12-06 00:00:00,2017-12-07 12:01:22
321b5666225faf4cc94967dffbc2a684,064895b0b58ab3f84d9d3b0a2b800205,4,,,2017-09-15 00:00:00,2017-09-16 01:43:58
970ae53be2a33c1beaaff6621dfc6739,01633cfec0376ac9f2606e271ede5574,3,,Só pensei que viria com a vara da cortina tbm... tive que comprar!,2017-03-17 00:00:00,2017-04-03 14:28:40
a028a6ec34f981e1d9b11ff54a63db6b,0cf52f585ea2179c0bfd06b1a7acf3f4,5,,Talvez não seja uma mochila de grande durabilidade mas pelo custo benéfico é um otimo produto ,2017-09-23 00:00:00,2017-09-24 13:56:07
01522cb4cb7b06e3b398d4a253217803,042e14b2dcf81a8468a49c14d28036c9,5,,,2018-03-20 00:00:00,2018-03-25 04:11:41
8f2abbf8009d0ba08e15d31631c10246,03ba8f07686d0661b011f3701eab3edd,5,,,2017-06-24 00:00:00,2017-06-26 12:02:41
29c7f5e947df3c7ffd6465dd2b30a1c2,06e83e2884ecfcff09067ddaef752b49,5,,,2017-12-12 00:00:00,2017-12-16 15:56:36
70e5ba00cca19825ddc73afcc2e701fa,07083f97580544bb7ba3372759150f49,5,,,2018-04-05 00:00:00,2018-04-06 11:27:58
78fca20e234b689a6174a874c9353803,011e6e76dd0cd56d26b5b0cb036e80a8,5,,,2018-04-12 00:00:00,2018-04-15 11:09:23
14cc3280db71f6fe5b48289494d14bd4,0350e1e5b7265e23e84b1e467e0b6b82,4,,,2018-02-24 00:00:00,2018-02-27 12:13:54
81be4dc4d10a299a40825de700d326ff,0bbca56fc4659e5b3ee85bbe37284f13,5,,,2018-07-29 00:00:00,2018-07-30 00:07:54
13903d849057bc14212f9ed13f0eb938,0af82e15ff98cb5fd79d28b3c4a70a4b,4,,,2017-09-06 00:00:00,2017-09-08 02:16:43
03d2aee834c3e6879fe6afa14571c033,030f7abd700a4ceae9a8c4cff4b3dc95,4,,,2017-10-26 00:00:00,2017-10-28 14:21:03
378d117b1f490fb31cb7281b06ba1bb7,0392da48d173776fc37d98de1a253370,5,Muito rapido,"Produto chegou 5 dias antes do prazo esperado, veio tudo certo.",2018-05-24 00:00:00,2018-05-25 01:17:49
825bff3c8adb131544ee928f62b94ca3,07a8cc4e00c23ade7ccb29786d3de771,1,,"A lannister/targaryen, não me posicionaram em nada, simplesmente meu produto não chegou, o status está como ocorrência, mas não sei o que houve. ",2018-03-24 00:00:00,2018-03-24 20:30:08
f87098eec4449554072c56c60cf62b66,089fd8829f0bd7f98a1b98614c835dec,5,,,2017-06-13 00:00:00,2017-06-13 23:15:05
ca4f384f8b9dad6a5dfab48000bdd50c,09816d25300df1b7cc5c78edc96f55da,5,,,2018-01-07 00:00:00,2018-01-09 14:12:42
cf4f0bae8d49907f5607a6c363debdb0,01b1a7fdae9ad1837d6ab861705a1fa5,3,,,2017-06-23 00:00:00,2017-06-26 11:56:45
348c48cfff9a75d82ca2fc9eb4973028,0692bac30867d1bf96c14aadbff1cf17,5,,,2017-09-14 00:00:00,2017-09-15 03:26:32
57cb51e26d19cb9c3059b13d38503fa3,04f1f7895e1f86444c5965be2d773cb3,4,,,2018-07-25 00:00:00,2018-07-27 22:00:39
6bf3e0032ab4e8c5912aacab4385bdf9,0817ec0f9c1ec6a3ae2826349129d4a7,5,,lindo ,2017-09-16 00:00:00,2017-09-18 18:31:15
213a03026b3b7e78ffe237afcda17390,0b468af2e7c3af5bce986f443aa69083,5,Faça leve ,Gostei bastante do peso da faca uma faca leve... vou testar ainda mas pelo visto vai cumprir o que necessito...,2018-08-04 00:00:00,2018-08-04 18:06:30
2d4fd62e856e7cd6836df28b30d522eb,019e03014ec20cc2e3b180cdcf90b4e8,1,,,2017-05-11 00:00:00,2017-05-17 09:39:47
4654d4c12ecb9f0a630a44544c9c89f3,08b74b3a8bd41e7de2ac99b200eec62d,3,,"Fiz 3 compras nesse dia em parceiros diferentes, porém o restante já chegou !",2018-05-30 00:00:00,2018-06-05 18:02:19
1e4ff67048c6ba97fcbdd49b03f3ff4c,04e2943331164044ec43de08763717eb,5,,"Tudo como imaginei, tudo correto!!!",2017-12-16 00:00:00,2017-12-16 19:43:23
5de209d70ee69e128ceb33e804e504d6,05dbe6bf3e09d4e05160a98d0a926bb1,3,,,2017-10-17 00:00:00,2017-10-18 00:08:51
540611a4ee7ae4240402890d227fcfcc,03fd35e6d3a78d5e05114e7a1ac319e6,5,,,2017-09-20 00:00:00,2017-09-20 22:03:42
744a4f3c0c6736460870b64b48bd2008,0753581dc10ba07cdb8302d6c7a40924,5,,Nos primeiros dias fiquei em duvida mas agora tenho certeza que e otimo roda varios jogos unico ruim e que vc não vai achar peças no brasil ou seja e rapido mais muinto raro,2017-09-14 00:00:00,2017-09-15 04:37:56
6079bb61594db950c051a7adef914ddf,06b196454b51b7191c7e2eb44ea77717,1,,"Demorou demais para chegar, e mesmo tendo pago frete para receber em casa, tive que buscar nos correios, e isso que moro há um quilômetro do mesmo. Pago para ter comodidade e não recebo!!! Sacanagem",2017-12-21 00:00:00,2017-12-21 21:30:51
37f582420d9bcd55958f21646a06fff3,02737086e020bd456ae19e98fee5c186,5,,,2018-01-26 00:00:00,2018-01-29 11:31:15
4ef8a0aa65a9a2625bf739da39a1f67c,0b83b48cff92afd5eb4360860cad0ff1,5,,"Muito bom super recomendo 
",2017-02-24 00:00:00,2017-03-01 21:54:39
2e8663ebc9293f83a4ecc756dde2a974,0b1290e557f053467333ff365790c5a4,5,,,2017-08-23 00:00:00,2017-08-26 20:57:26
3823898feb666c434dcd925e2965c8ee,074e803978094c38b91ddd375ee6ca69,4,,,2017-11-11 00:00:00,2017-11-15 00:55:36
7f8c3db58f0112378d38f6065d6c3e33,006e43460a55bc60c0a437521e426529,5,,,2017-05-20 00:00:00,2017-05-21 12:35:51
672c75a7ce7d13a39ab5016b1d7aaebe,087b902fe8df6660b295f28f1d8f7c30,5,,,2018-03-19 00:00:00,2018-03-21 12:10:40
2dd8b7bb4ff13953eddaa056c66a6f28,0c45caaab2bcc146bef109bee64d3b98,4,,,2017-06-28 00:00:00,2017-06-28 23:37:31
95f9985aa8f8868d497a9bea99c7da95,07f267d3cb28221009ef6852101d70c7,4,,"MUITO BOM, MACIO,",2018-01-31 00:00:00,2018-02-06 00:10:53
78a16db6894e8d857a4f2cdc7f4b002b,011331376a4c6cc7a9e5bc165ec169d0,5,,,2017-07-06 00:00:00,2017-07-10 13:31:33
bf53a0a9f185ac5a6d3987f653085dc1,0c8675dc2e52ab52977a76d810e45303,5,,,2017-02-02 00:00:00,2017-02-03 06:21:53
8d5d611e399aa397bc78104397c1266d,06c17d1278ee3d265f881df4a58f11d3,5,ótima,,2018-08-29 00:00:00,2018-08-30 11:42:56
9c99e6d2bb0b927f8c64ba4f349f091b,074eb2398def4038d7fc4fb8a5aeb0bf,5,,O produto chegou no prazo e emio otimas condicoes ,2017-12-08 00:00:00,2017-12-13 11:55:27
bc6c59e8ea1a181e2d8bebbf87eb70c0,01c156f67900e1f33d1234ce92cb18d9,5,,,2018-08-18 00:00:00,2018-08-18 16:41:04
88ac36694e3a6789d526df84202e469b,08d55e35f34806d85f4d99b62297e578,4,,,2017-06-02 00:00:00,2017-06-05 11:40:04
1767e1ed0a0902268564a3aea4d27aea,05234d05cd854695218f98bf84cd2489,5,,,2018-06-05 00:00:00,2018-06-06 16:03:07
47bafcea927ac5978e7d7c8ac6bba61e,0700a8e0947d76a90800538ff87da453,5,,,2018-05-03 00:00:00,2018-05-23 14:51:30
4dc54e80d8fd5de071e969657bab4e90,07f57d42b535756c6e83baa0a5bcb322,4,Muito bom,"Entrega rápida produto ótimo .
Recomendo . ",2018-05-16 00:00:00,2018-05-17 02:14:52
a67f7714d7ab53b619eb3347fb23ef77,02623e799dcc1e41066ddfe4af591f24,4,,,2017-12-24 00:00:00,2017-12-26 16:12:15
cad41b5311de7427610175d1243aaa3d,04e289ce03d58b279959796d73dee219,5,,,2017-08-03 00:00:00,2017-08-03 23:44:16
542c1966f207dd92d60d08b02c053d6f,0b1225af9b8d9ead4bac8d07f4da8130,5,,,2018-06-29 00:00:00,2018-07-04 03:37:49
ed6b9e0c87cb552a025099479ac3b7c9,03e6de4517499ee6aaae7d9004799504,5,Entrega antes do prazo,"Quero registrar que a entrega foi feita bem antes do prazo mesmo com toda essa confusão por conta da greve.
Muito obrigado, super recomendo.",2018-05-30 00:00:00,2018-05-30 21:48:48
c9a3ebae276d85c2a75ebfbeaced0ec3,0b8265df142be25383b96d66f4150f0b,5,,,2018-05-17 00:00:00,2018-05-20 20:19:25
01cfebbe4c36184d83d469e743079664,0967ab27ef08c9ab5cb890eb3c1f8f5b,5,,,2018-07-24 00:00:00,2018-07-24 20:42:40
09ff515828e520cd60d1d23a2997d867,0b3b6b78bd15a0e28176f25fab4eb472,5,,Tudo certinho,2017-10-28 00:00:00,2017-10-29 00:08:17
5aadac65e33d83c5af3e6605a9dc76d5,06b39bf7a5569f632e2ba8b3bb03498f,4,,Muito boa compra,2017-10-28 00:00:00,2017-10-30 10:36:24
98c936fac08ec5a07eda19d0f4788d63,01f11912a2c502cc940f607b1f6b2ab0,4,,,2018-02-24 00:00:00,2018-02-24 04:03:49
e7743e0ac4025412ff5cba6cfbea7b38,07dba073c2b18c2c748f28ed51c87ee8,5,,,2018-03-10 00:00:00,2018-03-10 19:35:40
1ba340c0adb455268155847bd1466908,0ad81eec70d65880c30299b73ac7945d,4,,,2018-06-16 00:00:00,2018-06-18 10:04:30
9f478128cfa44f06ed6a099e4f3a4d4c,02fc75303e2529f036cb819168fa21a0,5,,,2018-07-25 00:00:00,2018-07-25 15:12:09
0c480e673a22ad07678a700da942b0e8,08445c33aae15e7639ae685a2763bf58,4,,Recebi tudo certo em bom estado de uso ,2017-10-27 00:00:00,2017-10-27 16:36:46
df246bd48fbc0a0c9a7d4979c9192eec,001daeb0eddc45b999bad0801ad9d273,5,,"Produto aparentemente ótimo, chegou muito antes do prazo estipulado pelo site. Pena que comprei o produto errado ""era para ser bomba submersa com filtro"". Mas, já estou resolvendo tudo quanto a troca.",2017-06-09 00:00:00,2017-06-10 02:19:55
1774daa1ddeac8406975f2f08d4383fc,02714865c4c2f281df219af0a56ffeaa,5,,,2017-12-13 00:00:00,2017-12-14 22:37:43
492dc9e8b9be051b7e780e2c50e916cb,03b31f549c27d03bed25fc42ddb46138,5,,,2018-06-15 00:00:00,2018-06-17 01:14:52
4844a38da61a900bf567bdecb9e4eee7,024f8681c73783017f7cd5d5b061be3a,4,,,2017-09-15 00:00:00,2017-09-16 00:31:58
6910c5ad6dc470be4691bd53c79e0082,0c7df2bc14e31b205f7f8f91f8311ba6,2,,,2017-06-08 00:00:00,2017-06-09 16:31:24
8cb8b150d883dd9df9f0522fc8b88676,07ce92f08ada3b994983794188b7a902,1,,,2018-04-06 00:00:00,2018-04-07 02:41:44
3d980ccdd5e8995ae529ca2f18077802,03dffd456132253d009d20fc4a228c9b,5,Super recomendo,Excelente custo benefício.,2018-08-01 00:00:00,2018-08-01 23:42:37
f6b1702e32a9806b20fb15d720a40b7b,095a4047965f98a409258e1db6c99e79,5,super recomendo,"loja seria competente produto maravilhoso entrega antes do prazo tudo ok minha loja preferida parabens 
",2018-08-15 00:00:00,2018-08-16 00:40:30
1f5307f95222f2bd117cc36ebc399595,03a312126d4985217afef2625df60af4,4,,PRODUTO CONFORME ANÚNCIO E ENTREGA ANTES DO PRAZO.,2018-04-20 00:00:00,2018-04-23 12:11:21
016623a7df4a6496b81603b084d4d941,06ff862a85c2402aa52dc9edf150bf30,3,,,2017-12-29 00:00:00,2018-01-01 14:48:28
bb16ff6aec547263058ce11dc0e147de,087cd9d85fb88c6b0a229b508311377e,5,,Recomendo a todos. ,2018-04-06 00:00:00,2018-04-06 10:28:28
2841f578e147ff3557ef501b610ee319,05dc9045a35ab252a2b71dd4b0dfb63d,5,,"O rodo mágico é muito bom e a centrifuga seca o esfregão conforme nossa necessidade, mais ou menos umido. Estou muito satisfeita com a compra.",2017-06-17 00:00:00,2017-06-26 10:58:21
6c208420bcdbe78a40af381af749dd4c,057134090fb19405548e54bbcf377f59,5,,BOM,2017-07-28 00:00:00,2017-07-29 00:48:23
ac32a772fb36ef72a0a29528dad87c55,05885929f901bfe4490878f068b7da8c,4,,"prazo de entrega longo, demorou bastante.",2018-03-09 00:00:00,2018-03-10 02:50:44
7e102389fd457e47b9db1d719b9cb84b,08a893d69f0279b78939b77cffeaebaa,5,,,2018-01-20 00:00:00,2018-01-21 00:10:01
03dabf23ac64650aa26d2b9a13e8659c,00e1bdb3f1388c8ed222597ee4fa01e7,1,,"A loja vendeu um produto falsificado. Ja fiz a solicitação de devolução do produto, porém ja faz 3 dias e não recebi o email das lannister para seguir com o processo de devolução, conforme orientado.",2017-05-25 00:00:00,2017-06-01 13:41:14
5367b8a398c6982079a6299dbd1634f8,0120e3dd2696a3bbb68dc2860815f7f2,5,,,2018-04-11 00:00:00,2018-05-02 23:51:48
2f4b87fb7180fcafa2484eb7fad7c93b,061cc2095125b495f7221ed85a706c07,3,,,2018-05-01 00:00:00,2018-05-01 22:46:22
28cd00f4956ea3486b933f2ce623ced0,08edff712f0cd04883215bdb5b0d7c7f,5,,Entregue antes do prazo...,2016-10-26 00:00:00,2016-10-26 21:17:24
f814f8ec49a9da60f33dd3e6bce9569d,0baa56401ae212e308d73cba2911ae20,1,,Comprei duas unidades e só me enviaram 1.,2018-03-20 00:00:00,2018-03-21 02:51:13
a01ba53079ff4e09371b2e696041ccd5,06cc5452c0a830d345b93a5385ee310e,5,Nota 10,"Fiquei muito satisfeito com a entrega, e a agilidade",2018-07-28 00:00:00,2018-07-28 21:21:45
c277f5e1d7d2281ee644b009bdb4be43,0c01f50d13b63f9c7a1f073f51a45548,5,,,2018-01-17 00:00:00,2018-01-19 20:32:57
a86a018be2c08778fe3f46c8371bb313,09badf53476a6bda72b4728e858a3433,5,,,2018-02-20 00:00:00,2018-02-26 20:52:51
b1d9a4bce9087da1f852c6ee281ea75c,0806cf8565810770735ccbff09d9d4c5,4,,,2017-12-21 00:00:00,2017-12-24 11:38:29
b4e744606b6ad8bd0043a8bc34b634aa,070678021e2517b12a66622b99dca958,1,,,2017-09-28 00:00:00,2017-09-28 09:07:03
e047e8c2fce1b4095b9ab217236ea0b1,039fcd445ffe2e560443c34326f2b764,3,,,2018-06-13 00:00:00,2018-06-13 14:55:36
2634acb236dc3b6ab32fe10014552eee,0a66244c735378791bf14412b6c97df0,4,,"Adorei fazer a compra, veio no prazo direitinho, só acho que a peça do liquidificador tinha que vir com a borracha de vedação.",2017-03-29 00:00:00,2017-03-31 15:34:07
61fcc329ba775f44dcc6a2052f22ebf4,0a92b722c3355980ef37fd1fee068c6c,2,,,2018-05-02 00:00:00,2018-05-07 15:23:54
e727a6e3bb016e6273878e92c3857574,09836dd0df8891bd6cc20b9e651a6f23,5,,,2018-06-22 00:00:00,2018-06-23 12:44:57
7026aed5312099f0e895fd7f1715cd51,071773cf1c4d6c91cce83af65b9f8fff,5,Produto excelente ,Produto muito bom. A entrega superou as expectativas.,2018-08-02 00:00:00,2018-08-05 13:33:40
f1beeec054ec00ccfb699c8b5f535408,0576b5ab3dda9404ab293d656e5faf66,4,,,2018-02-04 00:00:00,2018-02-04 18:14:38
588e2f17878cfec4de4be6075502fedb,0853e0536bc0b71240beedd97501bd7b,5,Amei!,,2018-07-25 00:00:00,2018-07-26 13:44:40
040649725fa701a92e15174b813a80b1,08451f484ac3dba5140399d0b7e0a829,5,,Produto entregue como previsto.,2018-01-23 00:00:00,2018-01-24 17:56:10
051eb83a8b50dd9269ba52a151f5fbff,0bece47d86c4c6000ca551001a15669d,5,,"Recomendo esta loja pela qualidade, preço e rapidez na entrega.",2017-10-17 00:00:00,2017-10-17 19:16:17
7a61b96e28a579229d04fa05dfd932d1,07a038893865b59b24c46892652be2b7,4,Excelente ,Recomendo amei,2018-07-25 00:00:00,2018-07-25 21:23:15
d79eb87498a1144743293504a9977ac7,06c0d448cbbe294852cab1310c63ab3b,1,,Recebi apenas um cobertor de casal. O de solteiro não é a mercadoria foi deixado do lado de fora de casa sem ninguém que receber. ,2018-04-26 00:00:00,2018-04-27 02:31:44
a63d39723979fe87fdae87486c010435,0512553e39efd59a9572ce7eebacd43a,5,,,2017-11-19 00:00:00,2017-11-21 10:51:48
6536882c2cc49e5aaa6c958653ce9435,064eacf6619a7203b06b7187bf3a3779,4,,,2018-01-17 00:00:00,2018-01-20 11:59:56
f313267e6368957f98b5b01b7759f67f,091ac0791556275533697b36e2b00ff4,5,,Excelente compra e atendimento! Recomendo!,2017-02-07 00:00:00,2017-02-10 16:16:27
de4edb08985f69905ca45ff69651ebc1,08bdb086a562d4a730e238d0ba09be26,1,,Produto falso vocês são enganadores mentiros,2018-02-27 00:00:00,2018-02-28 21:06:28
7988a6b3aeaccab78ea09f3b1249e953,0c80c82bdef7f227e7483cdd3c94f697,5,,,2018-08-03 00:00:00,2018-08-06 03:22:30
32247878e34bd6e8d7dbf7b31a4ae0b0,0bf736fd0fd5169d60de3699fcbcf986,1,,Meu produto não foi entregue até o momento!,2018-01-07 00:00:00,2018-01-11 11:03:53
c4cfcf9f835f7825a6b934ee246f79f0,020d1063c6e7cb975472aedbfe0e25ea,4,,,2018-02-21 00:00:00,2018-02-22 00:23:56
473b20bd2a2b44becbaf88821451fe94,0392299d0f8bdd68d559aff77bf44bab,3,,,2018-05-11 00:00:00,2018-05-12 19:31:00
e03d27f919ac752995a39150116bd047,05981a7bf1a18eb991af55a8a8dbdf83,5,,recebi antes do prazo eu recomendo,2017-12-16 00:00:00,2017-12-18 09:35:33
0ed83947bdfad85b2df4dd5662a97347,05c5e3014f8ec516123fd4c74f49b051,5,,,2017-12-19 00:00:00,2017-12-21 20:51:46
e1e43960c5bb366451cd5afeeb26cf18,0c77e9308e3c15bbeb6c16405a2da080,5,,,2017-07-22 00:00:00,2017-07-30 21:33:54
b42de5b18300907a9cbaada574dcd5a0,05918cf24658c4ee3a67a684684305d3,1,,Meu produto nunca chegou.,2018-06-28 00:00:00,2018-07-01 00:29:40
fdfb2952a7c93b46def439197813336f,07402f8be1c291f1c5da3edeaf5cb8b1,5,,"MUITO BOM, E CHEGOU ANTES DO PRAZO...AMEI",2018-01-18 00:00:00,2018-01-19 09:28:44
9e7853eccf22d9a48c84e3e8a86921fd,08b9d47b3be61595c61eddc50b42ee02,4,,"Produto entregue em perfeitas condições, acho que o pacote deveria vir com o logo da empresa, mas de resto esta bom!",2017-08-12 00:00:00,2017-08-14 19:42:52
3e33eee1e8cd67541aec8fbd66a0f6d8,00275bce676303c3bfd7292aefdfa223,5,,"Muito bom, so não testei ainda o produto mas super recomendo",2017-12-05 00:00:00,2017-12-05 23:23:00
f4a3843dd95cd23e8049adf06b590ad3,09fa09eaa76c4a81cfed79f5d5eb6cf0,5,,,2017-12-21 00:00:00,2017-12-22 09:12:28
30484efaa71cd6ef2d701af07e76805c,09eefc2f4932b01761f55d6b623ab527,5,,,2017-12-21 00:00:00,2017-12-23 21:48:27
ba5e6d78da2b2c3f5127ab99abe93629,014405982914c2cde2796ddcf0b8703d,5,,,2017-08-01 00:00:00,2017-08-04 19:34:54
ccb104f97a55291489b7314ab022607e,02e4a3c7ec652c4ab1077763215580cf,1,,E veio 1 só pedi 2 produtos,2018-03-25 00:00:00,2018-03-27 01:30:24
4354165e73d5e0e3780e275770ab19e5,03789728a4b9475c05f6fe33ced95ccd,5,,,2018-03-22 00:00:00,2018-03-26 18:30:05
68aaca181f1c5933a3b7b79f8617e2ca,098f15b40cb74aae030d56b720c5698c,5,,"Ótimo antedimento, como sempre",2018-02-10 00:00:00,2018-02-14 10:41:44
1005608b56904e1bfed5cdc2a17313c0,0b46d65f233663a9d675570799f42914,5,Ótimo,Atendeu nossa espectativas.,2018-06-12 00:00:00,2018-06-13 02:51:40
f8d94c466b88fedfddc6517a4d8650b6,081c75b9982020f01f5672792408d728,2,,Microfone nao tem o desempenho esperado ,2018-05-18 00:00:00,2018-05-20 19:05:45
eb29d5dffe71f0a35ccae406b79a77dc,006dd93155bc2abd844cc5eed3a0fe7f,5,,,2017-12-08 00:00:00,2017-12-09 13:10:26
62679caa7acb17b7bc3dd42c67652948,083fa2fb9d3de18eabbb3427045a1a1f,5,Avaliação positiva.,"O produto estava previsto para chegar em de de agosto e o recebi bem antes do prazo, na sexta feira dia 13.",2018-07-13 00:00:00,2018-07-16 17:28:08
9afc1a54567763f1895207705844a05f,065a7d9057589f809082e012f696cb5d,3,,,2018-05-03 00:00:00,2018-05-11 13:06:10
4def55aae1c97479641a64e0019fa273,08448f27d81d804598569621e1fb1d8e,4,,,2017-12-07 00:00:00,2017-12-11 16:05:00
83425bf65844afdbe0f5191af76eebac,076204e886f6d81145cf693a72794765,5,Ótimo,,2018-08-09 00:00:00,2018-08-13 21:18:56
e8b089ecc2f8aa46c9893626bae20cf8,0067c6030d65af0ff98790158ddb0020,5,,,2018-05-08 00:00:00,2018-05-10 13:58:05
2d47a6f73ea192937fccdc114e6c0ecb,0152de20f6e09fb1133847df8babd490,4,,,2018-08-15 00:00:00,2018-08-19 15:42:14
84b9cb4a6ee2ae88678b70ed94de28c5,04401428491f4e0e839e31e835c5e7bd,5,,Otima loja,2018-01-24 00:00:00,2018-01-24 16:07:58
38ee7d72f90d33ae0ea6a3b365297578,075434afaadfb0809ecf3f095a372340,4,,Chegou e fiquei muito feliz com o produto.,2017-12-07 00:00:00,2017-12-07 18:40:17
a6b33f9d59403aedcd38b5dfb104335b,09729990b5d8f5499917697c409b55cc,5,,Tudo ol!,2018-02-09 00:00:00,2018-02-10 09:22:00
003da935bbc8bc0808b8d980579d7f7e,08733fad8b29896d4920d381cd3f7cf1,5,,Evitem mandar coisas pelos Correios. Tem muitas transportadoras por aí que oferecem o mesmo serviço. Os Correios é a pior instituição de transportes de encomendas do Brasil. Não encontram casa alguma,2018-02-10 00:00:00,2018-02-12 13:05:05
0802f0705cb37ecdade0747dcd2c1176,0c91c4102d1858f4ced29970f55e54a0,3,,"só a estampa que não é tao viva as cores como a da imagem , mas o produto é bom ",2017-03-08 00:00:00,2017-04-28 17:40:14
c875052da0840d53adbb141fc3638641,01b84214591ddd4edad9fa4a1f344f84,5,,,2018-01-16 00:00:00,2018-01-18 23:28:51
dcf75fdc95f44f76b57ecdfbc9e5753b,050a64172dd384db4597d5f3bdcf2137,5,,,2018-01-11 00:00:00,2018-01-11 10:09:50
d0ae091d3f3946f55e0c8366a85bec7e,03a4aaab0b783a1be23b30e360c067d4,1,,,2017-11-28 00:00:00,2017-11-28 20:20:26
fe20ee11820194150ead80c4e8b00aab,04f89a77d1fcc3178c1a374b5cc61a52,5,,,2017-12-01 00:00:00,2017-12-05 01:01:39
2307e38de5d0aaa0fa138f118939b7b3,07a4d91148af619890def9a1ac3de73f,4,,,2018-06-14 00:00:00,2018-06-14 21:38:12
66ffcffea5e3f40f10c8d35cd2d8ad9e,05e168bd339a82dc2739b847d4ca99f8,5,,,2017-09-27 00:00:00,2017-09-28 00:00:17
532aee3e20b99b34a3e991d0561b1142,04ac505fe152a153d8b6013eccb4086b,4,,,2018-04-07 00:00:00,2018-04-09 11:39:00
2d921efde1fa6c77ecec2d7be639d9d1,016fbc333d66b414be541c6159576c40,5,Muito bom ,,2018-06-12 00:00:00,2018-06-13 01:43:30
7c6c73f98c2c13432d5334ce5efee6c0,0a4a2fccb27bd83a892fa503987a595b,4,,,2017-05-12 00:00:00,2017-08-01 17:36:08
d6c257cefbf86db6eb2f2178ef34137f,0080eebb288dba1857ccf048dfe6bdfe,3,,"Achei o prazo bom, mas o frete o olho da cara, mas caro que o produto.",2017-08-19 00:00:00,2017-08-20 03:46:49
04ae8e6e6a355aa8bdee63b5ae0b6100,05c5f6468206cec16a8c99f231bbbe86,3,,,2018-05-08 00:00:00,2018-05-19 01:46:47
693322cf7ec57cfe33780df3b997f72c,01d0aabab5da85da61bbd4d40882b82c,5,,,2017-09-14 00:00:00,2017-09-15 01:18:58
1a01bc45e211acf905d4450d2767533a,0070092bb6004faafa287e5fc35971e9,5,,Muito Bom ,2017-07-28 00:00:00,2017-07-31 11:10:08
4994d97624335dd1843253bd47f494e1,0466015790ddd0ed7a2e65a6ca039c73,4,boa,entregue antesdo previsto,2018-04-25 00:00:00,2018-04-27 21:00:14
3440af42822145c52b3008af14b98ea1,00a843f5a80c7aea894c558acc29f513,3,,"Não vem com nota fiscal, porquê???",2017-09-12 00:00:00,2017-09-13 18:56:08
91bfd2ad9baf7fafd1125ea31144648f,0a586d5cf2a2538846e577316dab5443,5,,"Produto muito bom e chegou bem rápido, apesar de eu ter recebido um e-mail no mesmo dia de que havia ocorrido um imprevisto na entrega. Deu tudo certo, muito obrigada.",2017-05-06 00:00:00,2017-05-08 13:39:37
fb7fbf38cb8e2181d7b802a81f003b9c,019ccfeea1ea9afbebdad57d65f2e36f,4,,,2017-12-08 00:00:00,2017-12-11 15:58:38
33ccc09525793f83db051c546243e74c,066783a7a5bfa25f21a22e17c7ec9137,1,,,2017-05-09 00:00:00,2017-05-10 01:21:56
c76267a416d0704fd640673e8c0eeb32,0693ed674763a4fc34e2c763c7fd25c2,1,,estou bem chateada,2017-07-13 00:00:00,2017-07-13 22:12:56
3e9dd8c8de0f16b7c7cd963305837d95,04c3465b312fdf85de8e4cf4dc186600,4,,"Aparentemente, o chaveiro é legal. Mas, como comprei para presente, não sei ao certo. ",2017-12-13 00:00:00,2017-12-14 01:43:11
2b585390c74de3e93b40b0ff53f05689,05646cef8f5791776e224b7967607b4f,5,ótima!,"Produto entregue no prazo, dentro das especificações, conforme o anúncio.
",2018-04-26 00:00:00,2018-04-27 01:18:37
097e07cc525cc321c06dfdbb9aa82404,032a25a524b766bdb806500361630bea,5,Otimo,Super recomendo .,2018-07-26 00:00:00,2018-07-27 02:34:43
502af223fe4439a0d75c6b8f8df9ff99,09476766faf9215ae60de94d7c259801,5,,,2018-05-19 00:00:00,2018-05-21 21:39:32
793bf58eff7a089c33b251f32ec121da,09c530d73b3f36bbcd4d3b2268abfe12,4,,,2018-04-05 00:00:00,2018-04-08 10:44:48
45b35d049bbe70ab06b70cab6ad3761b,08c72944eaad657c973c51fba479d655,5,,,2018-06-20 00:00:00,2018-06-21 00:19:57
00c9af676fa4c30c0ee4160d82e2d58a,05e2ab8de37670d9d0524473585092ec,4,,,2017-12-06 00:00:00,2017-12-08 12:08:53
6ccef551dee54ceb59a39249f46dc78d,01786fff06f2f7e8a83950c4b3b424ea,5,,É um teclado prático e todo iluminado. Excelente para jogos.,2017-12-30 00:00:00,2017-12-31 16:43:38
01bb7b5885e224b4f5271cfcc3d675b2,0a70fd0f23f627d0cc1ea16cb4169393,5,,,2017-09-07 00:00:00,2017-09-10 04:30:28
def9730c66022c3d40744eee5aae5dd3,09daf6c53d9fa98e18b67728b86a7848,5,,,2018-01-27 00:00:00,2018-01-29 10:55:08
3767e3dc9eb15a6068f16c56c5c88317,0ccec03928b91e74f73a46d5b77c60e5,4,,"muito bom,recomendo,entrega dentro do prazo...",2017-07-29 00:00:00,2017-08-01 10:31:04
f90cabcd15d04729018ac9fdf45169de,016495aaab3fb481dc9decab2b4fdbfb,5,,,2017-11-23 00:00:00,2017-11-23 20:44:53
e6465a10223474ad14cb39f521d48e1b,0a0ae1b561eab534493c5588efc5169c,5,,"Prezados,

Recebi o produto comprado em perfeito estado e dentro do prazo; recomendo esta empresa.

Att,


George Carvalho",2017-10-05 00:00:00,2017-10-09 14:38:00
9385c5a9d86e6d273904c0b08a4b290a,02d3eba685e8150e0e3abacd9c230642,4,,,2018-06-08 00:00:00,2018-06-08 21:18:01
d8b5d650c5ef91e995df38d4b0682112,01643942766bdec224d5593041f714e6,1,,"o cartucho não funciona na minha impressora hp, o chip do cartucho não é do mesmo tamanho dos cartuchos que servem para essa impressora, não e´compativel com hp 4280 , não é cartucho h 60 xl
",2017-08-23 00:00:00,2017-10-19 19:27:14
53456afcfa7926552997ac1df1d1d101,0168a7f186c1f066748d15d8c51f489a,4,,,2017-05-19 00:00:00,2017-05-22 13:21:32
e2939942e13107c1f9cdafac4b7abc10,05529f3e7ed5cd4214281f2bf60e89d6,5,,,2018-08-18 00:00:00,2018-08-24 18:18:37
c87cebbf4cb5b2a5569d4cda3dd8af2d,09478c1d9dbc168c8438aa90f1be13a9,5,,,2017-04-28 00:00:00,2017-05-01 02:18:44
337872886f4cb03eb5c29d5a4686fc7f,0cd5a59b77b1409abb6f791b2322b910,2,,"Gostei do produto chegou antes do prazo, mas fiquei triste pq eu tinha feito um pedido antes e foi cancelado recebo um email que tinha sido cancelado por divergências cadastrais super triste.. ",2017-09-26 00:00:00,2017-09-26 22:22:16
6f43d094b923ad3a9d0db689589dec80,0668f439eec2e9edf7b24687cba7acd7,4,,,2017-12-22 00:00:00,2017-12-23 00:31:38
b55e9aa460009ef68334134b8fecd0df,09df1b5edd28f22201dd19d1acccd5f3,5,,,2018-02-17 00:00:00,2018-02-22 18:39:24
0951fa60db0d0765764911e6e2dd2212,028df34320b87c04ef6de145db2e8444,5,,,2018-08-12 00:00:00,2018-08-14 13:54:09
5db6824881cb474609ce9b480c8f5276,0b372cdcdd4134fc5f7695426339ce84,5,,,2018-07-14 00:00:00,2018-07-14 14:50:21
9f472b5efd4c48012719e49e4a8c0ae6,0203892ed7a2b76401830f4b82a5a34c,5,,Produto entregue bem antes do prazo. Muito bom. Indico. ,2017-07-12 00:00:00,2017-07-12 23:31:11
6a3b79897eba9ff0de829eb1570b98b3,00b1861aeb89afa498404c684148a619,3,falta de mercadoria,Esclareço que a entrega veio incompleta faltando 01 capa de chuva. solicito providências.,2018-08-16 00:00:00,2018-08-16 22:33:57
41169625beb2255f7230003614931654,00c763284c0056eed753352f5559ff0a,4,****,nada a declarar por enquanto.,2018-06-14 00:00:00,2018-06-18 14:10:59
8f6851941a83caa765dcc71bec613d05,014ffbfe2df4c96a2b063d084583978f,2,,"Comprei o relógio com a borda azul, conforme o anúncio aqui no site e chegou com a borda amarela e botões. ",2017-12-08 00:00:00,2017-12-09 00:34:19
cad4b2488d740b96f5c4178d73d657dd,017b1d6881222283afdc50baf3dcb0d5,4,,,2018-03-24 00:00:00,2018-04-02 20:15:08
ba5716028a59719c4507b8a3c8a697de,0231f6b89e5798ff6c0dfb1e18a94da9,5,Maravilhosa a qualidade,"Muito boa a cadeira, ótima qualidade,e clara a explicação pra montagem.
",2018-08-18 00:00:00,2018-08-19 03:15:21
f4e26826d079a17955dc0008219cf385,020bc32fbdded2a43147c70a5eb3ec21,5,,,2017-07-29 00:00:00,2017-07-30 13:41:45
fd25669d085dfdeb82b0acbb3c194e4f,0953ccb40a8fb30d5fd5ce0c06bbf4ad,5,,Excelente compra,2017-11-30 00:00:00,2017-12-01 18:23:07
cca3bf41bf344d9a213efd889ecddf62,09026ebcef956ddfbc9af4af7c46d377,5,,,2017-10-05 00:00:00,2017-10-09 13:22:04
78f1659c0d892c4913d8325e5db8124f,011080783e02d05b26c8c158b3653a42,4,Super recomendo,"produto bem embalado, chegou antes do prazo e de ótima qualidade ",2018-06-23 00:00:00,2018-06-26 12:23:56
66767d565a64699cd275be782235ecbb,039450cd44c5b6c68f8d2bada4eb315f,4,,,2018-01-28 00:00:00,2018-01-29 18:48:59
e45be45b49fa31882f4a8f51d8d6df96,05522f28f3be3d5e7ef9f09cc0ac35ba,5,recomendo,excelente produto,2018-06-22 00:00:00,2018-06-22 21:34:21
2386ebdbeb1b1dc9fde57426a4e238c1,0abe0832bcbe8e17c2ee4b5b9fd05216,5,,,2018-07-29 00:00:00,2018-07-29 03:48:38
8b4145cbdf2ad2254693a627df259fe7,042167409734e42b253083768c865409,4,,,2018-01-13 00:00:00,2018-01-15 17:23:18
414504fc1fd2a07cf7573b6529ae0db0,08e83756399f8394bef75d0441b17b57,1,,,2018-06-07 00:00:00,2018-06-12 09:37:25
179983071642b58cbbcb77f2e6c4096c,0489818f0b5863c095a7445ee35fd7f2,5,,,2018-03-24 00:00:00,2018-03-25 12:10:15
5e639e03c8bc6beec26400c9a7bcdbfb,089b6875058f8f72ecbe2f5afe317910,4,,Entrega de acordo com o produto anunciado e dentro do prazo.,2018-04-14 00:00:00,2018-04-15 03:56:48
2fdd2ae6adb828289e1d92e3bf70a38f,08f47d708b29e500be7ee1576343f2f9,5,,Vcs estão de. Parabéns ,2017-10-27 00:00:00,2017-10-28 08:13:54
2ad32b9ebca5ff2671b21080ac4361fe,0b4129a3415a486e4965d618f9b5debf,5,,De acordo com o anunciado. Recomendo!,2017-12-12 00:00:00,2017-12-13 23:13:33
51eeefa902cade535ce8f91a6e225ff9,045b201c094804e3fa5e542994c79f09,3,,,2018-01-04 00:00:00,2018-01-08 11:21:38
a7ddd4dafb59e1e70f1fdf7a12dc28a7,0c75100c462f99b5311006de43c26b3a,5,,Muito bom,2018-03-09 00:00:00,2018-03-10 01:45:16
8aebef30b1a2fea9e5065162993377a8,0c1f1a0595fb30e05d526ab83576cd24,5,,,2018-08-31 00:00:00,2018-08-31 20:44:37
d382ec10a8f80a80554bf16ba06ec020,080353b05fa842120b49deabe1613a37,4,,,2017-07-20 00:00:00,2017-07-21 00:22:12
47e5ace6680434fb94edb4301f72fee1,03053b1cb20006c7f8160754d56f4f6f,1,,Achei que demora muita pra entregar,2018-02-24 00:00:00,2018-02-27 13:49:01
93c3d7962a62146c707235f549369715,0a42de5dfb223e924d95bccacc00fc78,4,,,2017-07-29 00:00:00,2017-07-29 20:42:36
e06839215f5aba54329d6b0d44dce060,0c7f49fc339a1aa66222dc4af4eeafd7,5,,Eu esperava q o produto fosse um pouco melhor.,2017-07-18 00:00:00,2017-07-18 15:44:38
d621e73a6244e3f486cca5cc41f4fdb0,049999b745ab7d4bc3ddf00181c39d56,5,,,2017-11-09 00:00:00,2017-11-11 23:02:25
eae68eeb9d1d44892c62ac7139c93991,098e7344bff99946b1a3c2c4357503bf,1,,"o toner veio quebrado, a tinta espalhou na minha impressora, a impressao sai toda falhada, quero a devolução do dinheiro",2017-10-31 00:00:00,2017-11-06 12:23:13
2b845f338435f1e53fb7ab3945ac9a8f,00fcf938cde49ae138942b632ed62393,5,,,2018-01-31 00:00:00,2018-01-31 23:12:57
fd87f54c96ab6fe98e1cdb5efa832bb5,0922de4af18de92fdca6fed66b34b66f,4,,,2017-03-28 00:00:00,2017-03-29 11:21:58
884e4e3239b3f07ccdd74e0f32808f1d,0921c97280957af14f02d430cac48a5c,5,,,2017-10-20 00:00:00,2017-10-20 17:50:42
8d0a01979f65e3a2bbd56997c2e5c45a,0a87a60c5403e51a0e85e4ed7c3c2bdf,2,,,2017-12-17 00:00:00,2017-12-17 11:28:05
390a7723c2f9d09c946a5187deab6b77,036b2855a4c92b30f0bd1f3fc0f46e48,4,,O produto chegou conforme o combinado.,2017-03-08 00:00:00,2017-03-09 11:47:40
f88d3551ce6ee76ea2f5d9de6a16f13e,04bd525b12a75a2a6fafd26414588301,5,,,2017-05-19 00:00:00,2017-05-21 21:07:07
49bc9b8aa007fe3450d41c18f6bc5d4b,0be1de7b2e4f05c1dfa7455be69706db,4,,,2017-06-02 00:00:00,2017-06-03 00:10:43
823cfbebfc83ebee08a3bdf83fdeed33,0bbed493fd86aa835b13d1ff5ad91928,5,,Muito bom chegou antes do prazo,2017-05-31 00:00:00,2017-05-31 23:09:25
c740c68f3e2854748fbc190434925e16,058ac520863d0c0d57e3cf920de368d4,5,Ótimo produto!," A capa e a pelicula atenderam as espectativas. Ambos os produtos se encaixam muito bem, é claro que a película não cobre totalmente a frente devido ao ""corte"" 2D da tela, entretanto a capinha resolve",2018-06-06 00:00:00,2018-06-08 20:30:32
6b0c00d32d6a0e0ab4e0d123500f4cb0,077c51e0b25a9c8393b39a3f8c4a8cfe,5,,,2017-11-30 00:00:00,2017-12-03 20:13:34
12375dff67226323106771b321d9f64c,02564f320004c61ebf621191f06365a9,4,,Muito bom,2018-03-03 00:00:00,2018-03-05 17:07:02
94d4000bb414fdeb23503ce8abc94475,03e69d6af27047bf2721b317c321356e,5,,Dedicação total a você clinte.,2018-03-20 00:00:00,2018-04-24 12:41:27
f1cb1dbe232cfeb233378868edbb4f2c,077934ed5527f66c12ae98ad498190e1,5,,Ótimo produto. Porém veio na ponta um pedacinho quebrado. Acredito que tenha cida na entrega. ,2017-05-30 00:00:00,2017-06-01 23:24:26
dbef754a825ec5a06ace1b9a57cc09c2,054f63d52e4bcfceaf9cae8637863c82,5,,,2017-12-08 00:00:00,2018-01-07 15:56:25
d86b1a9dc16e9e1717009b3287b946d3,0222b443ebbd702540abbaf4f5ff7edf,4,EXCELENTE,lannister NOTA 1.000,2018-08-14 00:00:00,2018-08-15 00:57:48
c19c8b347399215775d025132e4ac381,06661c686ea79767c8ab8b8ffa3e62fd,5,,,2017-11-15 00:00:00,2017-11-16 19:34:08
e2b4e2067377a8f68df89835ca9e522d,0533030deeaf4b83feea1ea004f2ddb5,1,,,2018-06-09 00:00:00,2018-06-10 20:47:34
2a50d8ddd7c9de85b1562fca117a7131,022d4b171a04520ca2113a48b6b61380,1,Péssima qualidade,"A pintura da placa é de péssima qualidade. Após manuseio para instalação, as bordas começaram a descascar. A impressão é borrada, sem nitidez, não corresponde à foto de apresentação. Não recomendo.",2018-06-12 00:00:00,2018-06-13 14:08:14
8692515cb18ecfbfc9a57777ddcef331,063dda01b3489ce5f3bc164801e6e3e9,1,,O produto está em atraso. ,2018-03-25 00:00:00,2018-03-25 17:31:55
869c6ab5623de2d783b54744cab27150,016d1bdf6efab4f6b805df1c03043113,1,,Ainda não recebeu nem a capa do tablet nem o hd externo.,2017-11-02 00:00:00,2017-11-02 18:49:36
d7f6ed4bf352f28a6933a6e3f4afc3f5,024319cfbf2156b9b8a0a50c3aef45b7,5,super recomendado,"Me surpreendi. Estava com medo de comprar por causa da má fama da lannister.com

Agora voltarei a comprar no site. ",2018-06-19 00:00:00,2018-06-20 12:31:38
5cecc19b26b867e5b1f4946f4b2b636a,0664199560952a51d76e1ccdadbd2cb7,2,,"Não gostei do produto, material inferior. Imaginei que pelo preço fosse um produto melhor. ",2017-03-29 00:00:00,2017-03-29 21:05:43
866301f3a20f0d27382a7a7c4a6dd111,0c9b19430ea3cf0e01b6686df953ad6d,5,,Agradeço a atenção com o pedido e agilidade na entrega,2017-06-28 00:00:00,2017-06-30 11:34:53
cb0dd4043ddd1a76ba310c62293c31e7,0a998b0552bd0e04c7b38f0f58737c54,5,,,2018-08-08 00:00:00,2018-08-09 12:16:42
e2135693430b7ad0a3f369fec02c6678,077a6d2bd20a77531ca2dcf84f5c5d0e,3,,,2018-07-12 00:00:00,2018-07-13 16:07:06
d9cd54c5b9e98da8fd824a03403a27da,0420dbc50fc554e303e4b2d6b39063f6,4,,,2017-11-24 00:00:00,2017-11-29 09:38:11
6403b75049766232fd65999441a8e66f,0b19db7ca9db8caff754ff63f59f67df,5,,Tudo OK com a entrega e com o produto. Entrega antes do prazo...,2017-04-08 00:00:00,2017-04-11 00:51:54
37c30633484c5746a10d2722b17229f0,070a62ae87136bfbe6ef6d0e2883cda5,4,,"Tenho um produto comprado nos EUA, vou verificar se a qualidade é a mesma.",2018-08-05 00:00:00,2018-08-06 18:30:12
85c3d427edb08b1cc64fbabd93121d01,01bdc09119b132e176e5c8f2cf68b0ac,5,,,2018-08-28 00:00:00,2018-08-30 14:52:24
bdaf0a25f20d4e77a37793eeb5e4be1b,08cce5e2a4a4d08e17cef053da98254b,5,,,2018-06-29 00:00:00,2018-07-02 02:00:29
5303eaf249f1a27c9ed08c4580dbf5da,05e8d222c5597784b04c804e183599c7,5,,o produto é muito bom material ótimo e entrega no prazo correto ! satisfeita,2017-12-08 00:00:00,2017-12-13 14:56:10
e771cdf41b1aadb6e05e3f442fc64b33,06eb87385425e5797a1a5c2cdb1b6559,3,,"Pedi pérola, chegou beje.",2017-09-16 00:00:00,2017-09-18 17:35:47
7eddc1f788a76f00f6de46a71124e1fb,04f15733e3974c4127cb066cb835cdc9,1,,"Conforme o próprio email de voces, comprei 2 almofadas para bebê na forma de elefante, mas recebi apenas uma. Fui ao correio, mas não tem mais nada em meu nome. Gostaria de receber a segunda peça. ",2018-03-04 00:00:00,2018-03-09 13:19:47
f80afbe48b0f234a4d3ea08873cd1bbf,0acc21fa1eb63678e12042b84f8f9d49,5,super recomendo,O produto chegou ate antes do prazo,2018-08-30 00:00:00,2018-08-31 16:26:52
7873c8efc47597d3ecb2bfc6e1807c51,02593f8472d9ab3c2620b1b46166c231,4,,"Só achei ruim ter pago o frete, e ter que buscar no correio, se continuar deste jeito quero meu frete de volta.",2017-07-26 00:00:00,2017-07-26 19:25:27
fed3cb2cbe1edf6b76ab73d901e1b66a,05be057d337a9ea02bb4111d054a670a,5,Excelente,Produto prático e versátil.,2018-08-29 00:00:00,2018-09-04 16:12:42
c1082b5d880897e6ecc8cc4ac6eb44cb,08d8b17740615b3cbe884f58173de3c1,3,,"o problema foram os correios q devolveram a encomenda p Salvador, levou o dobro do tempo",2017-07-19 00:00:00,2017-07-19 23:26:23
ba4c1c7aa2f282e1b467458317587e89,0673ea591e7c9108ba7dc1a5246111a5,5,,,2017-04-06 00:00:00,2017-04-09 17:44:12
93ccf4f5cf92d3d225a1b197981a34e2,07ddc871675f337ce763af5edb521194,5,,,2017-11-15 00:00:00,2017-11-16 13:22:44
6902c7530ba05c8f2927697108f42732,075a544c5f4ed4bb75f82b160465fe76,1,,"Estou aguardando a encomenda. 
Recebi o aviso de dificuldade na entrega, mas ninguém entrou em contato para dizer o q realmente aconteceu. ",2018-03-17 00:00:00,2018-03-17 19:39:26
aaac65fee32769a69e22e13613010c3e,0794929f95ad2d3371bf525e22a2603f,5,,super recomendo,2017-11-22 00:00:00,2017-12-07 23:51:04
1183a0f88915c6aa2e65ca4ed8d105b8,01be661b8196707ef60f062632d6d1bd,5,,,2017-05-24 00:00:00,2017-05-29 16:05:55
103b5c195c24ac2a2b5188ee0d4f0d32,08b47d41b0e91577b2d62e070628b2dc,3,,"Produto de boa qualidade e preço bom, mas prazo de entrega muito longo e frete considerado caro, o que pode inviabilizar a compra.",2017-03-22 00:00:00,2017-03-25 16:25:27
2b31d25c8fb0289932b8b3efdde78921,0276bd1aea24c642af813980281af144,5,,Eu gostei do produto entre.,2017-04-20 00:00:00,2017-04-22 19:26:53
03e4103cfde5288e5fbf00a4db940bae,02bfd16c1a67263989b258fa92e20d3b,4,,,2018-08-30 00:00:00,2018-08-31 00:16:55
db0bda5b99e1302f7c8bbdddc413ee73,03b9f7dff4b5e742b0593472f28ee9b0,4,,,2018-08-04 00:00:00,2018-08-07 16:14:54
d314d19ba53584a9b74c775a248ac6bd,01cc355e35cf24d314afe6de16c38712,5,,Satisfeito estou no aguardo do 2 pedido.,2018-04-06 00:00:00,2018-04-07 14:00:08
34fdf58aa22a5d9c4929b2b719a1b7f5,01a6ad782455876aa89081449d49c452,3,,,2018-02-02 00:00:00,2018-02-05 09:59:55
7ff1483079a6bcb4ee154af5ac58e9d6,03da04c1427d7b8bff38d76efca1029d,3,,,2017-12-19 00:00:00,2017-12-20 23:28:35
3384132d6a56279eb7d68f6c27737a15,0c38244c47b653d8aa8052e9282c23f8,5,,,2017-12-15 00:00:00,2017-12-16 07:59:56
54ba50c41ac9eb552df8d450d29c900c,0c956783114b7ac9633e16c494c191ce,4,,,2018-02-06 00:00:00,2018-02-06 21:24:07
82c718f24ecd1b2fac2838c4d5bf7c98,0bafeaa6d78ca1e9b198fe9a6d645306,2,,"Prazo de entrega 10/05/2018.Hoje já é 16/05/2018,o produto ainda não foi entregue.Tem uma criança de 7 anos que pergunta todos os dias pelo presente de aniversário.",2018-05-12 00:00:00,2018-05-16 21:22:50
2e6af63e4a031e99cb2a8dc92b89daf8,0a2de338241b69893fc167f8d0970349,5,,,2018-06-27 00:00:00,2018-06-28 00:42:45
09c918f1b56c5e0cc8f1b7bbadcc7571,07ac5d2775e382ce0fa8132f74330cb2,1,,,2017-12-31 00:00:00,2018-01-03 00:15:40
9c6148ab5a4ce82b1bd490d4953684c9,0b5de0076d26726a10d457e57b93ff25,1,nao recomendo o produto,não há descrição do produto algum e recebi uma cortina de plastico,2018-06-29 00:00:00,2018-06-30 22:29:49
6d5ffcc02577938163a0450f04ea8dde,048297b4e795502db60be292e12dd390,3,,,2018-04-10 00:00:00,2018-04-19 17:42:45
bd88f882cb0752ca13eb7e195a5fd926,048f4f6b6d2d3bc131665b2440c39f70,5,,,2017-06-17 00:00:00,2017-06-18 03:33:14
b01981d00033ff20cc2de9067082351c,0af1da637acdb5fdd0d77bd209530157,5,,Prazo de entrega muito bom e produto de qualidade...,2017-07-13 00:00:00,2017-07-13 23:21:15
f1e98fd178e27c349b1a72ee15f1065d,0580cfd05da4901cede805697f39a632,5,,,2018-03-17 00:00:00,2018-03-18 12:36:40
c7609bb592bb1e2df76649cf5f0d8843,07172761566bda50929a3b449eae02ee,4,,,2018-03-30 00:00:00,2018-03-31 14:58:39
6e54aa64352f23a6df7d995f2b59bf79,09aea357bd7fde763e2358cc9e413513,5,,barato e rápido ,2017-04-08 00:00:00,2017-04-12 00:07:57
60f8faa906165ba76059030f93a45382,00b7174ea52bb811ebe2663add51afc0,5,,,2018-05-22 00:00:00,2018-05-23 10:45:53
dbbc2167d95a6669c25d70d8e4f6304d,0c78ccb9fbc7e1d41165489050f6b748,4,,Estao de parabens,2017-06-23 00:00:00,2017-06-27 19:24:34
eac8edb55d131694cb93c125734df99d,0a03ed20390f0245ab850bea4186190d,5,,,2017-12-24 00:00:00,2017-12-26 10:07:07
e6e382db903a05eb93903bc75e514ab4,0582e17dbb2d3c6052b964ab8e62dff5,5,,,2017-12-13 00:00:00,2017-12-14 12:01:55
5ca0921666261129f96f6344a7bc215e,017b84f6bee0e4287eb8a8c9f5df549e,1,,muito bjom,2018-03-08 00:00:00,2018-03-08 12:16:18
f2b6272b6b6a6459cc69371c53167cf0,0988e6e21a5bd6dee0c95d3a85970d98,5,Recomendo,"Produto exato, melhor preço da internet, entrega super rápida chegou antes do previsto. ",2018-06-27 00:00:00,2018-07-02 19:04:36
e92a1612d8dcd014217178bd28cc54b2,00a99c50fdff7e36262caba33821875a,5,"ótimo,super recomendo",comprometimento com o cliente,2018-08-25 00:00:00,2018-08-25 23:44:42
1c507094634e728fe9778197b4ce3ca0,06bafdd8b6d0b5befb44337a7674a1ec,3,,,2018-02-22 00:00:00,2018-02-26 02:39:15
7ee8d2815a39246432c9628e6f41c610,0a082979e13de340740a9883be061fcf,5,,,2017-12-03 00:00:00,2017-12-04 10:46:49
491eba62ef49203b5b652753f0548eb4,01be2f7ca246adb9112cb75096af2ee0,5,,,2018-02-27 00:00:00,2018-03-01 01:40:13
4f89c8f0a373b2e3bd1e6031ba23eda3,09a02e80ddcc4cb25f8ca5e46c1020ce,5,,,2017-03-14 00:00:00,2017-03-15 17:32:28
7366ea34d82be846033b385c98bab752,0246b043b8ae041912cc7651ceb1ba2f,5,,,2017-11-04 00:00:00,2017-11-06 11:25:00
90659a60bfe07e68c54beff482aae7b5,0494f6deee34c3bcc09e66f364b0e5a4,5,,,2018-05-22 00:00:00,2018-05-23 16:05:24
20729eac248b4bf38c93854339f4e00f,02e20d5cc0d1df880e43ab3ed50a238b,5,,,2018-02-01 00:00:00,2018-02-05 11:35:54
32420ae4bf33bc3fca6575f120514fa0,066daea9ca27bdce0b0ef5e832427b6d,5,,,2017-07-18 00:00:00,2017-07-19 18:49:04
00abc9afe95137e7e25b08d4317d736b,0928b1d58fe76f5a1e63be5a47ea6253,4,,escelente,2017-03-22 00:00:00,2017-03-24 16:11:35
57d45178e917aaff0a78ddb9d9162ea1,08cd96d5c09ad751d2c4ffd556f96c31,4,,"O produto chegou em ótimo estado, bem embalado e antes do prazo ",2018-04-14 00:00:00,2018-04-15 02:44:03
0dbc79e0cb36f3baf6369984bfe96c11,008819c6d5f6da6fa5cd9d50ca927cf4,3,,,2018-08-08 00:00:00,2018-08-09 14:21:40
1ac93a9ddc9e318eed0f4c9f9f5726ac,03d08548bb620e09cd4821b96f12a1e6,5,,,2018-06-30 00:00:00,2018-07-05 13:43:26
fcc9975f072cd6168daa6dce74a1f633,07441f525824bc6b31d4dc19c5d49fc9,5,Super recomendo,,2018-05-04 00:00:00,2018-05-08 01:40:11
1cbf31388d460b660277a9b79fc9a836,03f4f8149c605fb477250ac94f70c0cc,5,,,2017-12-20 00:00:00,2017-12-21 12:45:56
27ae9770e35ee41c9284adc8cd4784cf,027d2a0c2a94018f57fd1b15f32a18a3,5,,,2018-01-16 00:00:00,2018-01-22 12:31:06
2a79a4d7ec16eeb80e0ff177d051db34,0097f0545a302aafa32782f1734ff71c,1,,Não recebi o produto liquid koolbloom,2018-03-22 00:00:00,2018-03-22 22:43:10
d51193513fe3b8004dcddd3def3ef50c,06bcb1eee2b6edb6351525274d3246f3,3,,Os travesseiros vieram com a costura torta. Parece que o modelo é diagonal.,2018-01-13 00:00:00,2018-01-13 18:07:06
87623478d64617416cef6e6cd28e7971,08bb21f621b955cf27343f29059d2696,5,Super recomendo.,"Produto de ótima qualidade,recebi antes do prazo.super satisfeita.",2018-04-26 00:00:00,2018-04-27 10:18:43
2a0f5a2eb48f2ca63dab32b95cd6b9f6,0c74c49e467222c92f1811d3c087b950,4,,,2018-01-12 00:00:00,2018-01-13 01:06:43
acfc187daeeb139490d2720f6d2de1f5,0cd778893772d400d2ad0a7d2feda5b8,5,,,2018-08-22 00:00:00,2018-08-22 21:20:42
7d7a40160ccc9676b82f8f5bc35ba293,03ffce741877a000ca0fb3520673d4c4,5,,"Chegou bem antes do prazo, estou super feliz!",2016-10-26 00:00:00,2016-10-26 12:50:15
f977c159e72d5ac3bc0189c37cf71f23,03f8a04136edb44e749e0c70e8793caa,4,,,2017-06-24 00:00:00,2017-06-27 17:11:10
9fe3fb27038ea0255310faec44f7bc0e,0361f3d4648b016237d77833005e4cfc,5,,"Produto conforme o anunciado, entregue com rapidez.",2017-11-14 00:00:00,2017-11-17 00:35:39
43034dfac7869d277502be297f90dd4a,00fbcd8b120e5706c58b9d1a0026a7da,5,,Qualidade M.Boa,2017-12-13 00:00:00,2017-12-13 10:21:54
f0733ebeb51b637dfdc953983c867b89,000576fe39319847cbb9d288c5617fa6,5,,,2018-07-10 00:00:00,2018-07-11 20:14:25
a3abdca0d0a91c739119697b595293de,085bc46be56c7b3c4d5d805843d02e5e,5,,,2017-07-11 00:00:00,2017-07-14 22:06:56
2a102a7f170fca86864e8846cb29a18b,01b276e7af1d9e3ed34b431d39f45fa1,4,,,2018-02-02 00:00:00,2018-02-05 23:08:06
23248eec680be1be287dfc686556be67,04ee5eeac980a849efb5ac99abf87259,3,,,2017-09-02 00:00:00,2017-09-05 12:33:00
bd901438c04c65590df2d9c2e11ccc4d,0bfda094bb90714ad608c1b0bd16a458,4,,,2018-01-06 00:00:00,2018-01-07 21:21:41
b86bf1c2834fc2d3a3a9d8421a02f5e5,00c47cfa491ef55779ec7557673087fc,5,Bom,,2018-08-01 00:00:00,2018-08-02 13:07:42
e3b6f668dba05cfb9ca3d15c3a646483,0963c313de5db3a47d2b1d051e92a299,5,,Rapidez na entrega,2017-06-21 00:00:00,2017-06-21 19:07:26
2e786f5aa2bbc529bf071effd4e0e0d7,09ff9d4a5ba285dcea027de9e7c3adba,5,,"realizo compras a 7 anos, sempre com bom atendimento ",2017-07-08 00:00:00,2017-07-09 15:08:17
6035b5360d50887471b8f12ae1beda70,02f0618d94e9aeeb35a81835fa5c64d7,1,,Comprei e paguei por dois produtos iguais e só recebi um. ,2018-01-04 00:00:00,2018-01-04 19:51:38
4d4d1aafbc17cb6a4ddd2b68f7e7772d,09c29dc1d814f755a8183dc859945531,3,,,2018-03-03 00:00:00,2018-03-06 10:11:15
778c1c88259213fca022b83911cfba27,03ee28c413aaef04d718e00ed85eb678,2,,Precisa ter esta avaliação em todos os produtos q se compra pq ainda tenho compras a receber,2017-03-04 00:00:00,2017-03-04 22:35:54
a7aef392ac7f0b75f3160bbca833584c,03a4e2b0555e9decc299d5f094056892,5,,,2018-05-22 00:00:00,2018-06-13 13:19:45
9028a6278e905ad75914b0e4e1c43c4c,02c5426a54d34d28a32088cf69167730,5,,"Apesar de não ser profissional, o produto atende bem a pequenos reparos em casa, além do preço ser muito bom. ",2017-07-12 00:00:00,2017-07-12 19:11:16
22302e58e5e02e0c90d963c789d0b458,0ced505a94fa52355ca31070c281df6e,5,,,2018-04-24 00:00:00,2018-04-25 20:20:17
0b378fcbbf18036349020948f9fb5a6b,023e55afed85f9778758fba7752a9215,1,,Ok,2018-03-30 00:00:00,2018-04-01 22:07:00
8772c061bdf9377f1ca12454257dda45,0425635629d7b1e1aefedf34bd15e289,5,,,2018-08-31 00:00:00,2018-09-03 01:31:17
f5e69a059668d5a91994bb5881059133,06d9e69034388abf6da64378e10737b8,3,Faltou um item,"Pedi dois tapetes, mas só chegou um.
Estou aguardando chegar o outro.
Espero q chegue logo. O q devo fazer???",2018-08-10 00:00:00,2018-08-12 23:22:39
18cc984f9dcdf9d7dc4bffb28b72d17d,07883f86dff5e5622fe054225f176aa7,5,,,2018-06-07 00:00:00,2018-06-10 00:56:59
422daa31a46e2046aac6e0b589dec545,06a1cb50e0911f3b04b4f43fc7beb5a7,5,,"Adorei o perfume, é muito parecido com o Si do Giorgio Armani, é mais suave Vale a pena!",2018-08-29 00:00:00,2018-08-31 21:17:37
f305cb53a43ecdf1651bae8587ab2385,09db1ec04535cf2bba4a73954a252e41,2,,,2018-04-04 00:00:00,2018-04-04 10:49:42
f254877707c1658c8ab529a2ca69b75f,0c66805964db8d43c1c81402e3433f9b,5,Tudo certo. ,"O produto foi bem embalado, gostei da preocupação para que não ficasse solto na caixa e pudesse vazar.
",2018-06-20 00:00:00,2018-06-21 01:09:28
35574d1f534b7c4e6050acc080522521,032d1a95f9e146c92cf349805c5e1293,5,,,2018-08-01 00:00:00,2018-08-07 22:01:24
3077cf1a9b45c6fa6e2a7c8544373f12,02661696e065aa02977870f3a87940ab,4,,,2017-12-22 00:00:00,2017-12-23 15:30:48
a09d236fe6739f2940a58603f77bcbe9,0c31953b008c5e98882d436f4298cde0,5,Excelente ,,2018-05-05 00:00:00,2018-05-06 10:33:15
6704167c8c439620327adcf3d125ecb4,01dfa7b5bb8dcd546273e480c27043bc,4,,,2018-05-10 00:00:00,2018-05-11 10:56:54
b80a1f90b5cfaa7c2c617eea805f4516,04221a4eb2e1a30903ffaaa72f8b268c,5,,,2018-07-06 00:00:00,2018-07-07 13:57:47
7f45121d39a6318dff3f2fef124e542a,011af0959ebf2b09a062867811dc63b5,1,,"Qualidade ruim, produto não é original.",2017-08-10 00:00:00,2017-08-14 17:02:38
7600f225616e03c6614648e5a781086e,09c74db044dfe6e7f2a6b6a6750f36cd,5,,,2017-04-14 00:00:00,2017-04-15 00:33:53
1c339cfef9037bad63a5d22d554e7c31,02557013eeaffd86a6cc5ffd80a4b54e,5,,Produto excelente! Chegou bem antes do prazo dado no site! Recomendo ,2018-02-23 00:00:00,2018-02-23 22:08:30
4920789b5eed4298d3899a22de90171b,0b573ab05f5976a357a60e0d981b4327,1,,"Pedi no site o produto no cor preta e veio na cor prata , vou pedir a troca e espero que não tenha dor de cabeça.",2018-03-28 00:00:00,2018-03-28 23:38:26
bde7ccced6733d653c292c217144c498,065d4f458013cd9c9e716f8be1ca00d1,1,,"No acompanhamento de pedidos o status está como entregue, contudo o produto nunca chegou na minha casa. ",2017-11-11 00:00:00,2017-11-13 19:11:06
94f79332384620f91921822bded6f0c7,04c0dac88714e8ee1ca2c0254cab2a22,5,Sabonete para mamadeira,Ok,2018-05-18 00:00:00,2018-05-21 09:41:25
d03c7eb151e07bb78e3e45e722dbfdfa,0087889a1c836be17f58afd7f1729a4a,5,,,2017-10-25 00:00:00,2017-10-25 14:12:31
4be01979725f06dfb2de7b1f8a372c01,082da800c206687336a039aa7269d303,4,,muito satisfeita com a entrega e produto,2018-05-09 00:00:00,2018-05-15 15:21:10
fa850d7d4900295e06798e51379b0a2c,020347f6d056bb4209b3ee4711d25f1a,5,.,recomendo o produto.,2018-08-07 00:00:00,2018-08-21 14:21:07
7d5f8b54b4e30385ec39fe0c1d9e6832,0c6777b2bcc85ed22352f240d71f3389,4,,,2017-06-08 00:00:00,2017-06-12 16:00:29
4cf6395730b6947e244b4ebdd47576dc,08a8150915627e46099f01a220ed8efd,4,,,2018-04-08 00:00:00,2018-04-09 16:47:43
e1c148e37f41c637d1fdf5182e60280e,058dbc6a010af0332e7515f383c02b5b,5,,,2018-08-17 00:00:00,2018-08-17 11:34:30
23b8b606e44be451521eb1feb02ddde9,00c81b6675ef9ecaaff5fc1d6720b96c,5,,,2017-10-31 00:00:00,2017-11-03 11:48:52
5dfd6a08bff14fc2d65b77dc6786fd55,0749bdde40245b5fb3b375dadfd4ebe3,1,,"A única condição é enviar a encomenda separada, comprado 3 produtos na mesma loja e enviado cada um no dia sendo que um deles por ser dois itens ainda bem separado",2018-03-08 00:00:00,2018-03-10 23:15:00
4817e5873e372a099ae45b66a95c8ac4,0b3348cfaae0bca40b23a36b64c7b941,5,,,2018-07-27 00:00:00,2018-07-27 23:10:46
c017d2c9348d835c376bad0235121be3,00cf2b04c59f0ecaf822bf3f334d5c3b,5,,,2018-04-10 00:00:00,2018-04-11 17:54:19
90e42703cf78bf3683c54f20b2ade3c3,028116828b6e9f2b8070f1c4f66c68f0,5,,,2017-12-02 00:00:00,2017-12-03 14:47:36
a3b3061554418b9d490163d9b34a4312,060c88a63c83f2dfaeea611cc18edefd,5,Ótimo,Produto ótimo chegou bem antes do prazo,2018-07-21 00:00:00,2018-07-23 22:23:57
b5aff7d3311a222f777036ce5ef5d4a0,0ab83b3fdbca202530950e8f1896412a,5,,,2017-05-24 00:00:00,2017-05-25 11:54:43
ef6c6cda54d6c07c1afefe1dffbc6bb4,0216ea85f929ce4795f933573c6bb055,5,Amei,"Perfeito, amei muito linda a cor, e o tecido muito bom. ..",2018-06-20 00:00:00,2018-06-23 00:44:53
18ffc8a9bb233d6ff5f7ee8dc76c2c62,098cd6e4219c395a4de25a34d1adcaee,3,,A base que veio foi diferente da foto.,2018-04-17 00:00:00,2018-04-17 23:40:28
dd054ccb3cab80a808181a8a2ee5c523,0766586a37a3ceaf9623fdedcb51240f,4,,,2018-05-08 00:00:00,2018-05-11 17:05:01
1a729a42e57d1efa10e65e05ceafafa4,0705d1148d3c3d342f1a8c8ad33e5d3f,1,,Bom Dia até o momento o jogo de lençol casal nao chegou na minha residencia. No site está como produto entregue mas ate o momento nada. Todos os produtos que comprei pela baratheon já chegaram,2017-12-19 00:00:00,2017-12-19 11:21:23
1f0bb3e0fa897ced64401aeafabfc31e,0410f4cc1616cb8c9d1f03c78a8c9f81,4,,,2017-07-12 00:00:00,2017-07-13 00:55:36
c0640b101ee1a07ddcd9c82b7ed5e46c,056ea0ed4a967ffdde98507a7d5656a2,5,Recomendo,"Chegou antes do prazo, ótima qualidade, recomendo 😀",2018-06-07 00:00:00,2018-06-11 13:59:14
103670763dad1a1f58fa53c721e34ee1,097941e2db84b005d04de9e867674226,3,,A minha mercadoria não foi entregue. No correio o status está como foi entregue. Foi entregue somente um informativo falando que em breve o produto seria entregue,2017-12-20 00:00:00,2017-12-23 01:34:37
94645fdb23d12e488c4fee24b8e37655,01988bf5b8acbc4d6ced86e4d47fcb1a,5,,,2018-01-23 00:00:00,2018-01-24 17:09:38
2b3af494d8f749fa3a72f258dd1095e1,021645306ea1563079aaec6e96f20d38,5,," ainda não tive tempo de abrir a caixa com a cadeira (verificação da perfeição do produto), Acredito que está tudo bem.",2017-04-14 00:00:00,2017-04-17 01:45:22
bbaed42dd1144dae5e31a6f88cade067,0410df130bab1cdcd13e23044ef9d76a,5,,,2018-03-30 00:00:00,2018-03-31 00:09:03
5bdcd6ba34699124614ebc5512b4cd05,03f2f876bfee9ea9a502ec0d8a664e4c,1,,"Comprei dois jogos de lençóis, só veio um .",2017-12-02 00:00:00,2017-12-02 18:43:06
dafac0a502717bccb5bce37624454092,02333096645cf1743050acd043b76e69,5,elogio,produto muito bom e bem feito. Recebi muito bem embalado. Super recomendo.,2018-08-17 00:00:00,2018-08-22 19:07:51
57881810182b6a76397db25586c6b667,095234196e1f3c4feadc4dca677b3971,3,,Foi enviado apenas um produto e pedi 3... Estou no aguardo da loja informar o que houve,2017-12-08 00:00:00,2017-12-09 13:45:00
e814d52187a11f4afb4df5f98436d847,059c2808fecc4ffa815a20bd7a12b3bb,5,,,2018-07-08 00:00:00,2018-07-09 12:12:43
bd92ea530e08d53c5734a82794d8cccf,0110688c40ff035d672af3aac1f38f10,5,,,2018-02-28 00:00:00,2018-03-03 02:57:48
f35ca88b07f05e5256c8c3812321c49d,0a1f877f7653fce5563de42726f033ca,3,,Boa,2018-05-26 00:00:00,2018-05-29 09:07:18
992509ae7404dfbac99d7d5df34f3e0b,03d11bececb87dec8b11f5bd6fa62472,5,EU RECOMENDO ,"MEU PRODUTO CHEGOU 1 SEMANA ANTES QUE O PREVISTO 
EU RECOMENDO
",2018-07-25 00:00:00,2018-07-26 15:36:55
f3bfe7de90a6da2543ff5bd90dcdf449,03104945dce5c57f748dbb3dbd62daeb,5,boa ,top ,2018-07-11 00:00:00,2018-07-12 18:23:11
536985fe472925629eb4921c7f6934e7,09ff646bb8e18894b907e5b76f5fca59,5,,Gostei lindo ,2017-09-21 00:00:00,2017-09-22 11:41:25
2396f8708225f1ceffd67a446506b7b7,010b0f6bd323a9effd095a743e660f26,5,,,2017-07-27 00:00:00,2017-07-28 11:23:15
38da2412f87ba0ac6ed4a0756c89ab16,0a06eca1c0bfc49a968e40cdd506297f,5,,Entrega Rápida. Bem embalada. Produto Correto.,2018-03-13 00:00:00,2018-03-16 11:04:15
0900865de90bfcc202ce89bba880a987,06351d6c05e58972856f24bc50d69b23,5,,,2018-05-15 00:00:00,2018-05-20 14:52:36
989e21c5f1484615896e9f41701e1442,037d59208a513ace896d132dc8c8a93d,3,,Demora muito pra entregar os produtos ,2018-03-29 00:00:00,2018-04-01 15:43:17
614a691c44090d2cecb30a66524e793a,0a3d9f14b1781670b56b1832ba291095,5,,,2018-08-03 00:00:00,2018-08-03 21:39:32
c8a6cf62c14e8e94f2768b864fe2f0a8,030c7ec55b04c23a239cd70bd9750e18,5,,,2017-05-24 00:00:00,2017-05-25 11:27:20
45e2d73abf62383f711fa042fac6d133,090353bbd0b20f65c374b389aa15dcf4,5,,Tô comprando mais.,2018-08-04 00:00:00,2018-08-04 23:11:57
dda37b0e0fd21806ff90c40559614dc4,0baf7baccd1d8c755bfb78c96a2bbc62,4,,Bom,2017-06-30 00:00:00,2017-06-30 23:36:53
d469ba74fc61a9bbb7431f12cbf33c1d,0241b276e1e2b1d6873473c44240b426,1,,"Prazo de entrega enorme, produto não entregue e nenhum contato com explicação.",2018-03-24 00:00:00,2018-03-24 13:07:45
c3954c6abeaeca6e4519bd76120792a3,0218bc1c672e0e92f10a6633ca1cc461,1,,Chateada com tudo isso comprei duas capas protetora de colchões e só recebi uma e ainda que agente confirme a entrega é muito sem noção!?,2018-03-29 00:00:00,2018-04-03 18:47:48
845e4cd0ee56e91266ff61cbc1e7bf9f,029a092ea19290f774d21c51fd7ac45f,5,,"ainda nao testei mais irei fazer o teste do produto,tenho boas recomendacoes sobre o tal.",2018-02-06 00:00:00,2018-02-15 14:59:17
5aee4af6a2dabfbed2c29f80cbd3f01c,09b8c1e504ab1fce7031c710bd8558d6,5,,"Chegou muito antes do prazo 
Adorei!!!",2017-09-16 00:00:00,2017-09-18 18:22:19
457ed8d927a736c7bcbe58afbc32fa0a,092fe64219d11b6fdc1bf61521c9685a,1,,"COMPREI GARRAFA TERMICA CAPACIDADE 1,2 L MESMA NÃO COMPORTA NEM 800 ML - ALÉM DE TER SINAL EXPLICITO DE USO/AVARIA ESPERO NÃO TER ESTRESS, NEM DESGASTES PARA RESOLVER ESSE PROBLEMA",2017-08-17 00:00:00,2017-08-18 16:59:00
6ce5ac7472ec02b2129c4d2e413f298e,036c6f5c3d6a81192f4896ddb2c00c83,5,,,2018-08-04 00:00:00,2018-08-04 22:26:59
77351bc7bf230ec774e43741e3f71850,03d81b72be3d0b572b58b215fc156e72,5,,"O PRODUTO CHEGOU ANTES DA DATA PREVISTA PELO VENDEDOR, SUPER RECOMENDADO",2018-01-17 00:00:00,2018-01-23 09:23:01
27617b711f04b19d117b38e82e79b547,0a54256bfd2401d553f81d8e37e5305d,5,,,2018-08-28 00:00:00,2018-09-03 20:48:51
f40cf64c5e95f244cea0b3ab0a5e8677,0c5f4de2e1c08a6da891feaafcf35d1e,5,10,Preciso do óleo para fortalecer meu sistema imunológico,2018-06-07 00:00:00,2018-06-07 10:36:47
ed469dda40b1b7f0660b24aa1b043b57,003324c70b19a16798817b2b3640e721,1,,Comprei duas mochilas e recebi somente um produto é o valor vocês estão cobrando de dois produtos queto devolução do produto é meu ressarcimento,2017-05-31 00:00:00,2017-05-31 23:23:57
595883b83db0a1bc96e8eda2291cfea8,0a4e4a3dd6cacc3db584029b55817aac,5,,,2017-12-23 00:00:00,2017-12-23 11:59:09
77ae407eedb702853a8dc9d9df151b01,03f0acea43a6fd52d268e13d9ce98fbe,1,,Um absurdo falaram que até dia 10/04 séria entregue mas até agora nada. E já está pago faz tempo meus pedidos...,2018-04-12 00:00:00,2018-04-12 15:29:59
53f6ccc9467379fe70202e324361791d,01e7cf79ff6fdb0a65634f714c67dd24,3,,,2018-03-09 00:00:00,2018-03-09 10:49:02
9498aa266b5eab3b1f29fa34d987cf99,047d317db3c34ff477eee816660e44f0,4,,,2017-10-04 00:00:00,2017-10-05 11:25:44
38c52bf69505839850e14836782c9c7e,08c3c0d49b3cb66764234e0fa980e850,5,,,2017-12-21 00:00:00,2017-12-26 11:51:16
e8e3496f2f5026dfc8ec56e7c7003fb3,0ce7fca4a24748ee4aa960872ab0bb1a,4,,,2018-05-01 00:00:00,2018-05-02 02:39:14
6991cc686809f014e0f9074508808d8c,082c30f193b1a499078fafbfa3a2d6a7,5,,,2017-11-28 00:00:00,2017-11-28 15:22:21
f9f941e29d04f05cac6605d2fe2bded5,01bbfee76e5e3f96f008c781c2c17bcf,1,,PRODUTO NÃO VEIO COM O CABO VARIAS RECLAMAÇÕES E NINGUÉM SE MANIFESTOU,2018-03-30 00:00:00,2018-03-30 21:47:42
075f479bb578dcdf40f22dd1b4e3dbc6,0b5cb81ddd693dca629e9931e85f00c9,5,,,2017-08-04 00:00:00,2017-08-04 23:58:17
a884339bc62d9508a42820d54066cd8a,0a0e7f9881dffec612b28e2682242574,1,,,2018-03-19 00:00:00,2018-03-20 22:06:27
7ae090c04900af9ad81791822899df14,08fd8d3e4e30f796d703584db2e27e1a,4,,,2018-03-27 00:00:00,2018-03-27 23:58:11
c433b22629bcca816295cfc1cd446c7b,016dee69b3de35a39bfccee5309307c3,5,,,2017-01-27 00:00:00,2017-01-30 09:53:37
10503652f1d2364e1d0e506f7852fe72,07fda4bada645831fb11a20eaf52c2ef,5,,,2017-12-28 00:00:00,2018-01-04 15:19:08
f6f5560c6d19623b0eaff97ece328601,0671b2e93cae091a55f24e5b33705550,5,,,2017-12-21 00:00:00,2017-12-24 19:57:08
4b2c481e7ba2429d060d41c8e92ce6c4,06d68cf3fe78e8d27c1047fe0346abc4,5,,Chegou rapidinho e eu amei meu produto. Bem embaladinho perfeito.Atendeu minhas expectativas. ,2017-07-26 00:00:00,2017-07-28 11:43:55
56a66e5eff96727ef69bca9b6981a456,006cba07f62f921fe4f58365bde2b2eb,5,,,2017-08-19 00:00:00,2017-08-21 23:27:41
470b43a575cb1ed3acf3b4f660e8a542,039ec885e36627ae6353cfd42a41c5da,1,,estou pagando pelo produto e ate exato momento ele não chegou a minha residencia.,2018-03-21 00:00:00,2018-03-23 18:24:46
cb8b708ba41d2be0f31bde30059d3c99,0c00eb38b29dd352b15a6ee44f8a531a,5,,entrega rápida,2017-10-12 00:00:00,2017-10-14 14:54:38
1ac5decf387308ff0449e69147de5074,091b6eccc5e978d6c77d8da3f3cec254,4,,"Valeu a pena. Como dica, deixo a sugestão de colocarem uma embalagem mais resistente, uma vez que o produto é bem pesado.",2017-08-12 00:00:00,2017-08-15 12:25:57
dd0d1186cc7024a85569dc1d0532170c,010078e0913f48d014483bd856c01ca1,5,,,2017-12-06 00:00:00,2017-12-17 20:33:03
1f39f3dc55e7cbca96c183f864790db3,0510b3fb25b0b62b1221ec1cd2e495ee,5,,,2017-06-27 00:00:00,2017-06-28 12:15:24
8c60b8af830f3aa52688f1a737586637,0ca9a58f008bf2603e4b02b0813996e3,2,,"A loha enviou corretamente e dentro do prazo, porém, alvez por conta do transporte, o cartucho veio com defeito. Por isso já pedi a troca do produto e espero que minha solicitação seja atendida.",2018-04-14 00:00:00,2018-04-16 23:07:03
fa2707dc378e5d35f1988e6cb4b59b29,02610d88ac343ed64988d2706ce3ebfd,5,,,2018-02-23 00:00:00,2018-02-23 22:49:27
ce69fe1d354b4046b792c19884b6d45c,01e71f17355fc56620b0d3678f796c42,5,,,2018-05-11 00:00:00,2018-05-14 20:22:15
763a1a421dd887ecb4c434ef6cc4340c,0b0809b2b64511c62fb745fb8b465cc9,5,,,2018-07-07 00:00:00,2018-07-08 11:15:19
7f86b290b5583bee7928d523da2927db,064558d37369c187c5e1e37eb534ba4d,5,,,2018-03-07 00:00:00,2018-03-10 11:54:49
5aff6798853345590f11e7c4db3fa17a,04304d72305054a178c81ab24c4d2d68,5,,Recomendo a todos,2018-02-21 00:00:00,2018-03-01 16:05:44
dcf64173f49976d4d35817373eb0369a,03fd1ecfbee7068edda48a4ad8b838e1,5,RECOMENDO,"CONSERVE NESTE PATAMAR DE ATENDIMENTO QUE VOÇES ESTÃO NO CAMINHO CERTO. ESTOU TENTANDO COMPRAR UMA GELADEIRA ,PORÉM TENHO RECEIO DA GARANTIA E NA ENTREGA SE O PRODUTO TIVER AVARIAÇÃO.",2018-07-05 00:00:00,2018-07-06 17:55:23
9c52271262a07b5704d0f6852380fac9,0358c6f73774fe4d4ea9b936ce61ab2a,4,,"oki satisfeito o brigado ate aproxima compra 


",2017-05-23 00:00:00,2017-05-26 19:49:44
a7d2402151b413e09cb5957881f3cb43,0b3dc290a34c1a7a4edd084847af89b5,5,,Parabéns ,2018-01-24 00:00:00,2018-01-26 18:23:10
5b1920e33c37f7f60e97f32b9ef61401,01625f404436eb3cb98cba1e9433db29,2,,"no site, aparece ou aparente ser dois fones, mas só chegou um, e a cor era bege e chegou preto",2017-06-21 00:00:00,2017-06-27 02:26:45
989fcb4c56c61c197e4a3b502ac9b7c4,02546acbfd2949a1f63c44ad04978ea1,5,Vcs sao 10,Parabens..,2018-07-26 00:00:00,2018-07-26 22:48:08
e62d0505fa09b0487a3283858ca371d0,011b142c9e082a5c1d10e0a88cd9c8e8,5,,,2018-04-15 00:00:00,2018-04-16 00:10:09
563597ee6b83dc2d0f578dfe5d369691,01006620eb4732deec44be4b0d9e33cd,5,,,2017-10-25 00:00:00,2017-10-25 17:50:20
2d790cb561b87202b806204e6139f0c2,0bf673675c563f37ba07ff5f1210e771,5,,"Sempre compro e a entrega é rápida, antes do prazo estipulado.",2017-12-31 00:00:00,2018-01-02 18:17:49
6c273f962ca9319bef08084bd1e8747e,0870d202dc3234340a499505dc36c7a4,5,,,2017-11-28 00:00:00,2017-11-28 21:22:51
05bbf469e420e24953561adec3f545d1,050f9344068b604a9df9c01b12ded455,4,,,2017-10-17 00:00:00,2017-10-18 16:59:21
04dc9ab1d5c10580ceefc29b415aa5cf,0aaa175985080e11c7a94a84620d4016,5,,,2018-06-19 00:00:00,2018-06-20 00:50:56
995078d41d15670e7f1ef9df1c009ac6,01ad4f241a16bff724de081b558f0f4d,3,,Ok,2017-02-25 00:00:00,2017-03-01 12:07:45
43b2abbf084e042e6b3300fb26d0e27a,012d8cbea490e6102cee6a2088aaa785,4,,,2017-11-04 00:00:00,2017-11-04 23:24:50
767f48646ad3f3571f765765364fea12,02ead97e330f2220485cb34ceaf2fad9,3,,,2017-07-06 00:00:00,2017-07-07 13:54:09
2fbe086269247cee60d600c3af62f3e6,0049edf42837aa808e03552a62bd2158,1,,"Não recebi nada, não entraram em contato. Ninguém liga pra informar o que aconteceu.",2018-01-31 00:00:00,2018-02-01 01:45:26
27484997dcc084666f68b3a58a4804d3,0b5588f04551d90ee148462bb65dfddf,3,,,2018-07-26 00:00:00,2018-07-27 15:37:38
9698d42df6db0373a39ff999ebc09321,04993613aee4046caf92ea17b316dcfb,4,,,2018-02-08 00:00:00,2018-02-08 18:36:50
3ab3ec3a76b46d8fd46f7da4f30d4240,0509b3b20635c8d54544dc048d95318b,5,,"entrega antes do prazo previsto, muito bom.",2018-07-05 00:00:00,2018-07-06 02:02:05
55ed0d327f07ea0df8bc9efc2cd4c553,083a0434b4fe46096d27412266b29d36,4,,,2018-04-12 00:00:00,2018-04-13 12:06:53
2d0365eac10ea6f9a0feccbf06aa5f82,04b3135bf087618b410a00680576242f,1,,,2018-08-15 00:00:00,2018-08-15 11:08:45
68901fd98ca915aa548a772e84694c1f,0708e6a0b38282fbfed40eccdaa4a597,5,"Excelente recomendo, ",Produto de ótima qualidade,2018-05-18 00:00:00,2018-05-20 17:12:25
d874a05c451f738a2bb13bb6406838f9,00ef7ed06a55243f3e6a9d373a89eb14,4,,,2018-02-16 00:00:00,2018-02-16 21:57:33
8b2fd2ae7be2324182a00e793df5b763,007ff0b0f79be782f633fc3b18cbe337,5,,10!,2018-02-15 00:00:00,2018-02-17 16:15:25
07727dcfebd3c66724a083a5921b6e7f,089692eb75f455bcb86e1a21ace6abad,1,,"Fiz a compra de 02 bases e até o momento recebi somente 01. Acredito que se os produtos vem do mesmo local e a compra foi feita junta, a entrega também será realizada junta. Estou aguardando o contato",2017-11-18 00:00:00,2017-11-21 11:46:52
55bff212ccac64cbacab9dae14850dcd,03eba6d9fef8f5b3e811d4b5a7cca9cd,5,,,2018-03-06 00:00:00,2018-03-09 00:09:40
d4b030b3d3f2088a1538ec5ec61fd2f8,071a4b7cb627e6acfcbde9c7ec233893,5,,"Excelente 
",2017-06-17 00:00:00,2017-06-19 22:17:21
aa8718641301b6140b2a0ef4770bc5ce,06c82be9b8551eb37a9b8e7e05dec631,5,,"Poduto é igual o da foto e chegou dentro do prazo, recomendo, só chegou no penúltimo dia prazo. ",2017-08-02 00:00:00,2017-08-11 23:23:47
8b212805f79d4de49657b42e1e9024c2,023af4b88d12c9f3f56bcb55da0450c5,4,,"A caixa chegou totalmente amassada, por sorte eram mochilas, se fosse outro produto poderia ter chegado danificado...",2018-01-09 00:00:00,2018-01-22 03:19:11
27d16cc7e982c634e49b509db5d83e0c,0cf04ba4ccc895b3134799f74e4c2557,5, Super Recomendo," Nao tenho de que reclamar sempre que compro recebo sempre no praso os produtos maravilhoso so agradecer 

",2018-05-04 00:00:00,2018-05-05 17:21:04
1fdb330b9e79edf78bfdde96ce1dfb93,097d24fcfb2b0afac45ea41ab4d91694,3,,,2018-07-31 00:00:00,2018-07-31 21:15:48
bfadb25599c11287d26a15904e5ef0c3,0aee3a9d7c585888c61c307c40df0c0b,3,Boa,Eu gostei,2018-06-23 00:00:00,2018-06-24 00:38:52
1e805dd5fb01074bac2cc510e5523396,022aa0edf94712a82983961b98e4a9a1,4,,"Recebimento antes,do prazo adorei o produto",2018-06-30 00:00:00,2018-07-02 15:26:57
21b2df5497975be1b84c91d18162cb76,0cb25b24a27e27dd18273360995e99f4,1,,,2018-07-26 00:00:00,2018-07-27 11:50:27
9eb120f6116e5e438aae31e2249a233f,0803296b40e2392a6d35771832ca1d7a,5,,"O produto é perfeito, amei a fragrancia e a forma como se espalha no ambiente. A loja é comprometida com o cliente.",2017-03-25 00:00:00,2017-03-28 10:24:15
f3093bf2694b5d92c8ce1165ce5fad0c,04915529f622f4b069fb4501085fd905,5,,"Gostei muito do produto comprado.
",2017-05-14 00:00:00,2017-05-18 22:17:31
f7806e84643265609b2b6edeff314921,022e89c60857b5c81788e7e09d04b3ef,3,,,2018-06-15 00:00:00,2018-06-21 11:36:21
1c540a5a1aeef0cd0ea5133bc5b89e15,0ae4c9a0bb0c65a89aaf840c9b08ba43,5,,,2018-03-06 00:00:00,2018-03-07 21:28:09
2de527456c1804b3fb6c8a6c63620ac3,0b0d8e5883c78ff45f2f1b7c511151db,4,,,2017-12-01 00:00:00,2017-12-02 17:10:31
29c202d47424db5c7b34f5445f155497,098fa8e236952567d948321ee4684854,4,,,2017-02-25 00:00:00,2017-02-28 12:01:47
e98961ac4dc91cbe2b1a46ce0f90954b,01bb5b3cb7df4da98ea2214d083784c4,5,,"Tudo que combinamos preço, prazo de entrega e produto pedido de vossa parte, e de minha o pagamento, foram cumpridos, nestas condições não há como não dar certo uma transação comercial. ",2017-06-14 00:00:00,2017-06-17 12:52:14
51b9dbf716a55ac964f4790c50fe7c41,0108fba93678555ad1cec9c267848187,5,,,2017-06-08 00:00:00,2017-06-08 22:15:37
239280da2db6c9c98d50a19bda885d5d,098a8457920d6c63f0cb10ccfbcd369d,5,super recomendo,"Tudo perfeito, produto, prazo e principalmente o preço!!",2018-06-13 00:00:00,2018-06-13 19:35:24
61d6024fa85b9301d9ce0a391e61be99,0ccc4bf75e4ae3839f210bd0381c964a,5,,,2017-12-12 00:00:00,2017-12-13 07:35:13
432b1d93dcd271885788f8c746785adc,09f8cd8a102b3f3fa2d5db0c6aee489a,5,,,2017-09-29 00:00:00,2017-10-02 18:30:52
8758550b654c71f147357e90a12f8867,08d138a502fa05af63ac4005311484f9,1,,"A carteira é linda, porém é muito grande e for a do padrão das carteiras tradicionais.",2017-08-04 00:00:00,2017-08-13 03:33:54
0381de7572d99d75230ce91207807265,00054e8431b9d7675808bcb819fb4a32,4,,,2017-12-19 00:00:00,2017-12-29 02:40:12
414549dc7f8b984fac428bdbfc630329,0ab0e6cc12734a3c6311f9a0db8b2555,5,,A mercadoria foi entregue no prazo eu recomendo a todos .,2018-03-02 00:00:00,2018-03-02 16:47:37
f80b564cece75a7ca9390b26130b174d,04211073930bd30b88b8170431a071ed,5,,,2017-06-03 00:00:00,2017-06-05 11:40:42
411081f2b0242c230b653ede0aa446fe,0a06a0fe44df214d7b351f21a1bb31aa,5,excelente,,2018-06-11 00:00:00,2018-06-13 14:48:25
485681baed5c03c3a0df77ad0b46f86e,0576822a11b3068cce2e3c8551e4e327,4,,"O relógio aparenta ser de qualidade inferior aos relógios da marca Casio, e não veio com manual em português o que demonstra que é importado.",2017-11-28 00:00:00,2017-11-29 21:38:25
6f51c8dc5f04a2734ecf55316771019a,0cb67a1f07ecacac318a6eb35cf4928f,5,,,2018-06-19 00:00:00,2018-06-21 22:02:12
910aa79b48597f41313a6f1b8d9fd0df,00584d79015452d19fd3d044ba3abdc0,5,,Muito bom,2017-07-27 00:00:00,2017-07-28 09:32:38
7a32bea68b56a75b1c7a7e8f60f83ce8,0be6d173c7061938d89152c036ac064a,4,,,2017-12-10 00:00:00,2017-12-26 13:50:56
29217028e6d94d9ed1c8a0189dc417f8,0c1fd2870ed16e1af74abd3df9833cfc,5,,,2018-03-17 00:00:00,2018-03-18 12:08:14
2d64217e625fe64d991bc1493f831067,00faa6afcde74aaa630e1d2fda2bb0f7,5,,,2018-08-11 00:00:00,2018-08-11 19:44:16
15de5ec5a1fd3083a18b180f02684cf6,05f3fc274d71ebbd552966d716c9039d,5,Tudo nos conformes ,Produto chegou bem antes do prazo ,2018-05-17 00:00:00,2018-05-22 20:34:34
987c88f7a9f2f70556b955766b2dbcf5,0b8558ffb8ef05e5abef8d7bf4a95884,1,,Não recebi o produto é não tive nenhum contato do vendedor!,2018-03-11 00:00:00,2018-03-12 18:24:36
ca5423eca265322e8e5bcab6dc4bde99,02346f2f5b8930a992461a607bf6bf62,5,,,2018-03-27 00:00:00,2018-03-28 00:52:52
f290bcabcb4d849440049bba3eebc55f,090d3784ef3038b64220941aa370584b,5,,"Chegou muito antes do previsto, e minha filha amou.",2017-10-03 00:00:00,2017-10-06 18:11:52
ac6abd09429ca36140732e495a30765d,0b339dee90210409b715a9f2b6af29a7,4,,Bom,2017-12-12 00:00:00,2017-12-15 01:17:40
0fe1925ee5bc8adcd25a0a1f82f98d1a,078c2d9bb7e5905e870838448db0d3b3,3,,Nao recebi a capa para travesseiro. So veio a capa para colchao.,2018-03-29 00:00:00,2018-04-02 17:47:34
ec85afe4334a7cb804a82f6ae8bc855a,012f2c4ca09b101a73e18957c3294cd6,5,,,2017-05-16 00:00:00,2017-05-17 10:27:53
886dd9b658856c69043403dc31f30924,01dbd2da9b685e6d444416f7825d0931,4,,,2017-10-21 00:00:00,2017-10-22 16:19:23
5595c192e3c1566ab4e7a2748b8ed297,00063b381e2406b52ad429470734ebd5,5,,"Fiquei um pouco triste, achei que a cor do coração seria verde, conforme a foto..... Mas depois que recebi o coração cor de rosa que fui ver que são imagens ilustrativas...... 😥",2018-08-08 00:00:00,2018-08-09 00:12:30
4ad57fe88212366516a1a89ac0afe3e1,0132451f29a10b66a5cf1bacc85f9afe,5,,"chegou no prazo, bem embalado e do jeito que eu esperava. recomendo!",2017-11-18 00:00:00,2017-11-20 10:22:14
ab4d259d24d643490f639a6a0e96ce85,0508768342a863478ca21854a6ac2869,5,,,2018-01-23 00:00:00,2018-01-24 00:41:46
e79b1300216401c0212ab9b5a66372ff,00119ff934e539cf26f92b9ef0cdfed8,5,,"Recebi o long 10 dias após a compra, e chegou em perfeito estado. A ilustração é idêntica à imagem do site. O material é de ótima qualidade e o tamanho é perfeito. Recomendo ! ",2017-08-17 00:00:00,2017-08-18 00:24:35
b11044d9aeaf555adc3e64e4b5fbabb1,0b3b5e521f3ad8a57d4c4bcdc034446c,4,,,2017-04-01 00:00:00,2017-04-02 22:56:04
8fc28cc99d8c413e6e7eee6048c0c8fb,0c218bb391f7d78332d4d53ad73b51bc,4,Ótima,"Parabéns, um excelente produto entregue conforme combinado.",2018-06-05 00:00:00,2018-06-05 21:02:18
fa7f32a42595fdb122b44527d8765a01,084ac56b13107e32ab92934f70638bc9,2,,"Faltaram algumas pequenas peças e muitas das peças enviadas foram de uma qualidade duvidosa, não recomendaria ninguém comprar bicicletas por internet sem antes conhecer o vendedor...",2017-12-12 00:00:00,2017-12-14 23:38:21
77bb1bb79437c84f7056ccf56690479f,02e6bcccce2e88560389846400e74e50,5,,,2017-11-08 00:00:00,2017-11-09 03:45:23
f72fdfcf0bbf01d8b0d30efb7f66364c,0b4bc06ede46442d11b5b22710cefcf4,5,,Confiável e entrega no prazo.,2017-11-11 00:00:00,2017-11-17 21:59:00
072af4ea21dda75b7fd667aeab6c9828,09ddda124332d6c2489fba71284be7b6,5,,,2018-08-03 00:00:00,2018-08-04 00:48:28
7a0ee94e699a7dcd25b2e982c92bc16b,011fcb4fabb3e142579ad63472b11227,2,,"Dor de cabeça para pegar o produto.pos a transportadora repassou para os Correios .e não tenho o protocolo dos correios para saber aond e estar.em que local eu teria de retirar

",2018-03-09 00:00:00,2018-03-12 17:37:40
0d5b0021c003be958b95cdc87feb10ec,04bef466ed85bb9eca9a6165d765574c,4,,,2018-02-24 00:00:00,2018-02-25 14:04:59
3ed1dd3b38a96907548c7458cd2bf17c,07a394899e1b5de598df8ff3ea5edf37,5,,,2018-08-18 00:00:00,2018-08-19 00:56:09
2fa64a298329db4b5961120a98b45aaf,079f102825b0dc326dd6cb10f33eeb21,5,,,2018-03-03 00:00:00,2018-03-03 23:10:40
b728446a77a22b13d1ad84515a65a319,0b405b8ecc88bad4a3f2eee0fba1419f,4,,Satisfeito com a compra ,2017-06-22 00:00:00,2017-06-22 23:20:10
effa296fe128a8d8d2f738d9fa338360,062d3e3b803bd3e569cf8c165602f8f4,5,super recomendo,"RECOMENDO ESTA LOJA, POIS ATÉ HOJE TUDO QUE COMPREI, RECEBI EM PERFEITAS CONDIÇÕES E DENTRO DO PRAZO",2018-07-06 00:00:00,2018-07-06 21:08:06
49e6f7440aab7b28704f7d59d6256904,065102a3bb506a1010c90b7a4f2700b2,5,,,2018-03-04 00:00:00,2018-03-07 02:20:46
73f25fd56481b57c3e61732813725a51,04af63a78c7e84943b8377fe1b7871aa,5,,,2018-04-17 00:00:00,2018-04-17 20:15:16
c677a931b9e28e6d4399202b338978bd,0bcaff63441802dfa8dd292f453c3635,5,,,2017-06-15 00:00:00,2017-06-16 11:09:40
e1c10c1fda8f576d224faa8f9022caed,068b0c2c80a022b71db91e7f44f5917a,5,,,2017-03-21 00:00:00,2017-03-24 14:11:13
56ea0aed29af8e49a211524a9348a0fb,0608b2d283db5e818a5056e8afc122b5,5,,"Loja excelente, entrega rápida e sem problemas. Recomendo!!",2018-03-20 00:00:00,2018-03-20 13:16:35
2fa9907df5f7541288b3396f2d3619d5,0aac3f6d27bb6ca9544b436813cec8aa,5,,,2018-01-11 00:00:00,2018-01-11 21:10:05
f67d9ead917859754161f7ca97c333b2,0b2a26edc4451c98cc27d3bcb28d8766,3,,pecou ao nâo enviar o còdigo de rastreio do correio!,2017-06-14 00:00:00,2017-06-15 14:10:15
bd8f4f36c8e0621cc7d3566af113e74f,0aa3e276c40ae025d8ef6651de2fdf32,4,,,2018-05-25 00:00:00,2018-05-28 02:17:28
f76c97ffbdc190230dfd453633047114,0581cc006c5d0b4351b5435336828add,5,,,2017-07-14 00:00:00,2017-07-14 20:36:53
385c2a4c48e606d333374a2a33e088db,00c4f17dcb94448f27a2cbaa83f10a4b,5,,,2018-06-13 00:00:00,2018-06-14 01:46:36
06fb1c4ae815ea7a03ce90cd3f7511bd,053996f442ec9eb8666d97d3b911a15c,4,,,2017-08-10 00:00:00,2017-08-14 12:09:17
e19f9824bd7c140c8ef2ab5ab6b39217,052523fd2c735b15cb107afc0a413bc2,5,,,2017-02-07 00:00:00,2017-02-09 17:02:23
47fd8dd8039e4add85580169c35576d5,063be5d2e54f57f9673b26b87c8d8bfc,5,,Excelente. ,2017-05-14 00:00:00,2017-05-15 15:04:00
cb873457cbc17eaef69a936ba3dc1809,037fdead4ade679aec8ee3dc6a75368c,5,5,,2018-05-24 00:00:00,2018-05-27 23:28:15
cf1be7ceaa3e3980e7456dee591f4146,022790f69760d0a1c025cd3acdf13927,5,,,2017-10-17 00:00:00,2017-11-04 20:38:09
6dcd0b452b30412dd26d2c54ce8e80f7,01bae920aea13b891b50bc1543634a65,4,,,2017-12-27 00:00:00,2017-12-30 14:51:38
f920787fac302d4223ed6c9ad5ba433f,0ac4a31679b7cc92b7f6cb3684f55e2c,2,,"Achei que a cortina e muito fina ,ela é tudo junto achei que fosse 4 partes ela é transparente. Não compraria novamente ",2017-09-02 00:00:00,2017-09-05 12:40:48
87c5c9015cac56a255a1fb70a7fe88b1,076203a3df21fb25c8b59f881f2b37c9,5,,Gostei,2017-08-01 00:00:00,2017-08-06 19:12:57
3495633e2e90309c969a6489c1255488,07a78584049fe9dca82ae7bf5717d8b9,5,,,2018-08-09 00:00:00,2018-08-09 08:53:39
da68c9afe9e3bf73307a5c7f415e9810,016b1af508245e59ef75d83e3fe20a92,5,,,2017-04-20 00:00:00,2017-04-20 22:42:34
3485c887ab8a5fd6b1c10bec15622741,0068fb0e223115e911d362627e8b8800,5,,,2018-07-26 00:00:00,2018-07-27 00:32:52
d62e2e10550e6f0f93cd26399c6bca3c,0464277e582666bde336336fd5fb9ff8,5,,,2018-04-17 00:00:00,2018-04-18 00:45:59
72ba1d196bd5b3e7aa25bada04c84350,0cd2469ab06e40b78aa617c57b946994,5,,,2018-06-21 00:00:00,2018-06-22 13:27:07
f5af70e7cdc8235645f407c3ded041d3,0b3d6a94ff1d643af663f55ca8418520,4,,"Atenciosos, culpa do atraso foi dos correios.",2018-01-06 00:00:00,2018-01-07 19:17:26
181eaca716048c46116baaf2c6b89656,0804701eb9f74ec349c0b1dce5a83df7,5,Recomendo.,Não fiz uso do produto ainda.... ,2018-08-15 00:00:00,2018-08-22 11:42:03
99e251faef32892fa667610148f306b9,04dbc8d27bc4a29787bbaf068607aa76,5,Recomendo esta loja,Comprei uma caixa/suporte de madeira para máquina de costura portátil. Chegou antes do prazo e em boas condições. Recomendo esta loja!,2018-07-06 00:00:00,2018-07-09 22:08:21
7b53cf32748db1e6f36a15be75802cc1,0281523bfda80130f35b98f38dfb279b,4,,,2017-10-04 00:00:00,2017-10-05 02:11:06
d58e60845560c4577f6d865cf6deece4,0852e5a61869a064200caa569e5291a5,1,,Cartucho veio com defeito. ,2017-11-10 00:00:00,2017-11-13 15:34:04
878e83f6b7c5148d9acb8c795d328d16,03cd43eb7c373b23a0b55c1c8f76c861,5,,Super recomendo recebi antes do prazo,2018-07-04 00:00:00,2018-07-05 21:56:06
740e5d517ab8fb8bcec930136f162ac8,079034c04662f3d7dce287df9e4e5489,5,,,2018-08-03 00:00:00,2018-08-04 23:18:18
223c296daffc7c082ff42039f0778d3a,0ae9d5632892fb8b10c6705633f72d2c,5,,tudo perfeito como sempre eu amo o baratheon !!!,2018-04-25 00:00:00,2018-04-25 22:38:29
8e410db4959e22e5206ef85572b1b5f5,0484f1d11d891ff86fcc2d225ce7094e,5,,,2018-01-20 00:00:00,2018-01-22 15:46:26
528ebb404403d66270c412a257cebbb2,011b8dd4f8c36fd4fcf50643ce91d58a,5,,,2017-08-05 00:00:00,2017-08-07 13:39:06
fb85d07ad7c8ae4355e13442e5458972,047ea1a58aad923c2c108eafa2c28192,5,,,2018-07-12 00:00:00,2018-07-15 11:41:54
10edee6118a1ab7dfd227f558c33808a,01b538a0b1a9eeecdfbc03223190e4bf,5,,Achei que demorou muito pra chegar pq alguns produtos que comprei depois chegaram antes. ,2018-03-13 00:00:00,2018-03-13 19:37:21
8457eae58d5217b1005b7f96a3917c3e,06f9b3a828a976a2fca71a4ebf55b1b2,5,,,2017-12-16 00:00:00,2017-12-19 17:27:36
c7ff254049d2a5c1513524f6f640597c,041cbce90c076b8e9eb9f79112a59899,4,,Correto com o que eu esperava,2018-04-06 00:00:00,2018-04-13 21:15:44
28e20f3ef22e8795ea14e65f54e087a3,00169e31ef4b29deaae414f9a5e95929,1,,Entrega muito demorada. Ainda não recebi o produto,2018-01-24 00:00:00,2018-01-24 23:36:29
86fec5e24f68c5aac4955861ff6dbf4f,0a8f1a36db93c2d10a0ff456e5550ae8,5,,,2018-05-19 00:00:00,2018-05-20 14:33:45
3d3b11bea0d560e6f3d6dd89e0ad87a5,0bf46c25ca29bae81f4632b02f593f1d,5,,Meu filho amou o relógio! E mais bonito que na foto. Chegou bem antes do previsto. Super recomendo.,2017-10-28 00:00:00,2017-10-28 21:21:11
5e01d49d79416a4caaa195de1b51a605,053d5ed007096a9cb5adfe0f0f6d30b5,2,,,2017-06-23 00:00:00,2017-06-24 05:10:42
343245219e79d4a891496a3fd1c6e73e,04132c02a610a19773963143ba1b5bb4,5,,gostei,2017-10-24 00:00:00,2017-10-25 10:23:39
9d0a570b8b592fffeeac82a06301a0c7,05d43265b79289692a382c9f2a6c1547,5,Otimo,Muito bom ,2018-08-29 00:00:00,2018-08-31 22:21:10
be267a32fee1edfcead103ca6b9695be,0b843f953899d9a1d084c1f5163027c0,4,,Os grelhados ficam especiais,2017-09-05 00:00:00,2017-09-30 17:54:39
02fb0c5258be43b3ea1db5abb19879c3,09fc554c8d37d678a6c182c5592ea881,4,,,2018-04-24 00:00:00,2018-04-25 11:31:46
910e1cd90820571b383d2f56732c5a9f,0ab72bab67e4b9af0dfc369356d70202,5,,,2017-06-09 00:00:00,2017-06-10 03:08:41
6d6d11db5d3a5b4890c78f357450dc02,0cae3692c0412d717beb36ce3faebcb0,5,,,2018-05-11 00:00:00,2018-05-20 21:51:32
fe18850a41896d882c840b5c295e87c4,025a244ae3d5e6c53b7f9c902643f510,5,,,2017-08-29 00:00:00,2017-08-30 10:25:09
93d67f4f73a38e5903a4f8aee4de462f,053245dc8f6f668c40923c3aedcd384e,3,,,2017-07-19 00:00:00,2017-07-19 11:53:28
fe80e95214adebef175e9d687bbc622e,0af0621c001cb61ae1559c8f6417e1c6,5,,"Gosto muito de fazer compras pela stark. Ainda não tive problemas e espero não ter. 
Estou muito satisfeita!
",2017-09-27 00:00:00,2017-09-29 17:15:23
83ee2c09479c07a7392cb6b2caca49df,0bcaf262925111aa4be36f35bcb92fdd,5,,,2018-05-05 00:00:00,2018-05-05 22:38:10
61f1e4f570dfd470f5f1800eeb754eed,0b90ac9175a39196661a45b34be587e4,5,,,2018-08-12 00:00:00,2018-08-14 17:53:23
0030af163f9a05827578dc83e2c968cd,0a57fdd1a42f86bd170a4623ca76676c,5,,,2018-06-14 00:00:00,2018-06-17 23:58:20
6e5efad25e981635ed137697af64799f,06d8cb692ed19b092adaaf5337d01a39,4,,,2018-08-11 00:00:00,2018-08-13 09:45:34
b26ee2fb0508f33300e01148962f812e,0c8813b39ba09cc6fadb5ce2c80671fb,4,,,2018-04-18 00:00:00,2018-04-18 22:44:44
97da2e8496a09edbf3e9b3efbd77fccc,02881d166b44a823fd6947e715dfa5e4,5,,,2017-10-11 00:00:00,2017-10-11 22:44:46
5f1ad1f41aacfdb6fdc98f8ff5e10bf6,02ac6689fe09c236d7651b93246b6dbe,3,recomendo,"ainda não usei mais recomendo 
",2018-06-08 00:00:00,2018-06-12 11:43:01
41250549c2ce6c3c016a690136fd528e,0347673d14e454a696bca6aebe61f23e,5,,,2017-12-20 00:00:00,2017-12-23 11:09:43
1bdf4626de9820525e6af75998944dd5,0c5c7803f731287953ed066d8b599372,4,,Cumpriu a previsao de entrega porem poderia ser um prazo menor... e o produto veio com marcas da soldagem. Nao é da melhor qualidade.,2018-01-17 00:00:00,2018-01-17 20:49:28
1f9ae9637cd85c371c72a78ad491c886,06aea78197dd41a649372acb8dbc33fb,5,,,2017-10-14 00:00:00,2017-10-15 01:40:02
5e2e4d4f8452eeeec29466fef39c256c,06ca6a54b34081bd1f5b84385021ac78,4,,"é lindo
",2017-11-02 00:00:00,2017-11-03 13:20:53
3e0ada847f698b9fa15cad7d88ce25ee,09c55723561623b19ad72cf0299d58bc,5,Otimo,Amei,2018-08-30 00:00:00,2018-08-30 10:22:04
7f6fef0de2a2d006bff1eb494112b1b8,0035e6b7ade84b3f5b86bd49814793df,5,,,2018-02-27 00:00:00,2018-02-28 02:29:23
44051e08b768c995fcc953e3f152a5dd,09ec142bfa34576d3914bdf8c19927c2,5,,,2018-07-31 00:00:00,2018-08-01 12:14:50
3af0a6690434558c071e65f3f508c478,0c905768040f5d51c3cccf00256ddcd3,5,Perfeito,Super recomendado o relógio. Atendeu em tudo minhas expectativas. E a entrega chegou bem antes do combinado. Estão de parabéns.,2018-08-14 00:00:00,2018-08-14 21:42:11
e029af05c0d1c348b38caac9ac35905a,072916d00b6a53edec9ccdb3eba1bdf4,3,,,2017-10-05 00:00:00,2017-10-05 15:51:18
88d2292ffd72489ff6a87ee2301089b4,019d029f0b101343d44017d249b1f64f,4,Recomendo,produto dentro das expectativas.,2018-07-05 00:00:00,2018-07-06 22:00:39
647e3ede5f1ea15619df6781053c475f,07c8d74971a3302f6e7d2b0017ffb295,4,,,2017-12-30 00:00:00,2018-01-01 18:21:10
65b6d759e7cd0f333951158f45a54568,075867c84468363ed47de8b38d904253,3,Pedido chegou pela metade,"Comprei duas cadeiras, mas chegou apenas uma. A loja prometeu reenviar a segunda cadeira. Estou aguardando...",2018-06-19 00:00:00,2018-06-19 14:14:58
651aeb09c3a690bc15329cdb035b4b53,01dd7b32b57e2e5633984f61e456b046,3,,,2018-04-10 00:00:00,2018-04-10 23:44:02
d5bcf642a702b520d28a137dea217972,0c41735db7b9b04cffb97ff1309cbee4,5,,,2018-07-10 00:00:00,2018-07-11 22:26:11
e8a913bc6f01fa58018f8c9134bad47b,0a4480a7856cae897440eb7229b25252,5,*****,Parabens o prazo de entrega melhorou bastante,2018-08-02 00:00:00,2018-08-04 17:48:32
3f63330377fdf8c8cca04afbb248eafd,052d3bf6e40dd9000d1497f6f10db0b0,4,,,2018-03-21 00:00:00,2018-03-22 23:35:59
21c2ddb560e743832bbe18c761abc70f,08d862895d238cb8405dffe9b981df25,5,,,2018-06-15 00:00:00,2018-06-15 23:45:16
ac5ed14402e3fbc7eb6684ac4eb8bf51,067c29bb966641e04d1d7a924aa3157c,5,,,2017-10-12 00:00:00,2017-10-12 17:49:10
e18654f2a61194d666ccd58c4b1090ba,07684a430f124ffa76c3415f04fb2ed5,4,,"Entrega rápida e a qualidade do produto é um pouco abaixo do esperado, porém pelo valor, está satisfatório.",2017-08-05 00:00:00,2017-08-09 00:14:37
15b7c395ee7fe8c4350cc525dd6b551c,07fa3b6d7ec7fa27de9d00bdc93d36cf,4,,,2018-07-31 00:00:00,2018-08-01 06:05:05
00800678dcf28b0ea0caef2147b6945d,000aed2e25dbad2f9ddb70584c5a2ded,1,produto não entregue,"Mudo minha opinião assim que receber o produto.
Consta no site que o produto foi entregue, mas não recebi.",2018-05-19 00:00:00,2018-05-22 10:52:24
aebf95f22970712abd297636692309cc,095f058cc1daeb1e7ba1c133473090a3,5,,,2018-05-06 00:00:00,2018-05-11 21:35:35
1c02a757e07170e244521ec9ed968fc8,06911dcbbf2310bd9da4156fd3abb632,5,,Otimo,2017-10-06 00:00:00,2017-10-07 15:24:58
c6c396ae12a881464ec696737d29f279,08bb3532c9b969bb6a46f98fc5507510,5,,Estou plenamente satisfeito com a compra.,2018-02-27 00:00:00,2018-02-28 01:08:05
7f66923980e20f3430d2a91130bfbd8e,06c28b87569a91a7c96e7f62e828827b,5,,"Muito bom a entrega, recebemos em 3dias após faturamento.",2017-07-29 00:00:00,2017-08-01 00:31:03
5f7420e9a38e85403e5de20efc2fa922,028aa70283170bf3cbfdce2c1b751cfa,5,,,2018-08-29 00:00:00,2018-08-31 09:11:11
740f9e40d1a91272de989d3392a5b801,085dc4386ef92b335b19c17b1ab7876a,1,,"Recebi um prduto (um urso), mas encomendei um sapo.",2017-12-29 00:00:00,2018-01-02 20:19:14
d09d1c62e2d6f2cef1623b39db918111,0c469ff5fde3323c2a8b99387f46bb19,3,,Os produtos são bons ,2017-08-31 00:00:00,2017-09-01 01:07:16
3c4a0756461bdb55ba86c23576eab6de,06369aa3e6e8c6d52a7df6a2cd76cb1b,4,,,2018-03-05 00:00:00,2018-03-08 12:39:06
d6e371450287825d0b0d0f49a73aff61,035b790fa740b68de2d6f1a74f9b2098,1,,"Me venderam um produto que não tinham disponível,deixaram pra me avisar após 12 dias,em uma resposta automática de e-mail,dizendo também que cancelaram a compra.MENTIRA 
Olha a dor de cabeça agora.",2018-04-08 00:00:00,2018-04-08 12:46:36
03b1ad9a9803d894cf1a50dc7fcee0c4,05bdb94211a1ae1e3734545262f50da3,3,,,2018-06-06 00:00:00,2018-06-08 22:55:48
6c7c1efde676b6a49271c642fb180281,04f7b342a4b3d7b33bdf6aade899d685,4,,,2017-09-06 00:00:00,2017-09-07 23:59:57
e721e15a29ddf6e6cb66ea6cc4d32e39,0c9548a509e778d5edf0db66b7dd22d4,5,,,2018-01-31 00:00:00,2018-02-03 20:41:53
6983898dc3ecadec5016b2c124954769,04b16351c3a70c83b9f8f1fe295cb450,5,,Recomendo,2017-04-29 00:00:00,2017-05-01 23:04:04
25019dc7740df1170a31e47ee97f4cad,023a60303ff8d9e08b99e7474f7416ce,5,,Adoramos muito ,2017-06-29 00:00:00,2017-06-29 23:29:43
f2c4c78d846d19112dffebeb118c5bf2,0cc4679e0f3d7eb6a1e80d864e9a62c9,5,,LOJA NOTA 10||||,2018-04-18 00:00:00,2018-04-18 20:23:51
adbcdd9c83f438f17f3df2d99949c905,0cb2b99573bb73a8e2228ffda426dd9f,5,,"Adorei o produto, nota 10, super recomendo, excelente qualidade, presteza na entrega, nota mil para vcs.",2018-04-18 00:00:00,2018-04-19 12:23:48
d5d57bb0fe1a1892ba0ddca8e5bd8164,030106c028266ae3345eb9bf6dd790c1,5,,,2018-01-05 00:00:00,2018-01-08 14:53:59
70cd822033bbc84dad8f9c4b9d5dc63f,080c5db822472f28f4193dc902b9be32,5,,,2018-08-07 00:00:00,2018-08-07 21:39:54
cb96e3fd4051bed1d7dd952a221cbcce,09224348db675e0c2a00ebe2bd9599db,5,,"Eu indico esse produto ,realmente muito bom",2017-07-21 00:00:00,2017-07-21 23:59:38
1504bc701b81669b83dbffa48fc48db6,0c40becf669d1e6da9a8af153c382799,5,Tudo certo.,Tudo certo.Vendedor e produto 100% recomendados.,2018-04-26 00:00:00,2018-04-30 00:46:29
6c869f6c0e7274813b2e0611d4c7cb99,04287a84357d7a29361c0948ee9bb4b4,4,,,2018-07-01 00:00:00,2018-07-02 00:03:39
cc5efb198701a082276c9e19e4a12b2a,06c04e62348d799e4c410955a5b5ac54,5,,,2018-06-09 00:00:00,2018-06-11 13:00:53
5292c7420131c0af1399cfe1c1472857,03e2511c3ad8af9188ef59218b1e8a2c,2,Nenhuma,Não recebi nada ainda!!;,2018-08-08 00:00:00,2018-08-10 19:48:28
a0366ea086cf5f7e78317f217a15a634,04e16f3c151ad9fb3100eda6ac3a61b7,5,,Excelente produto! ,2017-04-13 00:00:00,2017-04-16 19:07:46
3aa866865b200dccd31f7f8020cbfef1,04467aceefd2346ed54c7fd9e40721a6,5,,mt bom,2018-02-06 00:00:00,2018-02-15 17:26:31
c6b03b888b3cd7b697a12ee3d9fcd595,0a45b0373a9b1178357bb9d93243ed18,4,,,2017-12-04 00:00:00,2017-12-05 16:59:09
db9c93c3929446c9e997ed7e691cd4d0,02a96c679e6086ecd026c42a83136068,5,,"Produto ótimo e entrega correta.
Recomendo!",2017-12-27 00:00:00,2017-12-27 19:21:22
c95ecec5fcf5cd3f105db6e7c189ef03,01ccfbb0ddf88340b6eed3f1370bcf0c,4,Excelente ,,2018-08-31 00:00:00,2018-09-03 02:17:00
212d807650bd7e83391b7908b3cfa2b4,00685d31ae12e47470ba5c18ba74f22c,1,,,2017-09-28 00:00:00,2017-09-28 04:05:37
4552e382060f6c571b52ae50f5e11591,02645c905eb7d1591a679f9bc3b669fd,5,,Produto está em conformidade com o esperado e dentro da qualidade,2018-01-31 00:00:00,2018-01-31 19:09:03
3b581ff32dc5154a6c6cd6b9de14dce1,0b9c8acf14e3553395cf435472988a1b,5,,,2017-09-14 00:00:00,2017-09-15 01:05:13
f2bf4a6225c02391ec9a909b558a96fd,053180cf4b0cf3f7a300e2e42ff01da9,5,,Ótimo produto ,2017-12-28 00:00:00,2017-12-28 17:35:37
143f6db7fc05f38965da560ef1c44ed3,00526a9d4ebde463baee25f386963ddc,1,,Eu comprei 4 agaveas so veio uma,2018-08-17 00:00:00,2018-08-18 14:54:07
91bba1bf5b27ba279f4fa06f91c99b6f,0902d364e14a1dc0b156a550d070cbb6,5,,Otimo produto muito lindo e de boa qualidade,2018-04-05 00:00:00,2018-04-09 11:59:01
184cd314ec0c4235e93d9ff3faeb6c6f,0300095becf10f9b2993706759522741,3,,,2018-07-11 00:00:00,2018-07-12 01:11:51
b6a8d0e5f6d6873706b1f9ad010cc351,0aaa4cd49d3624258b908c2abdf189cc,4,,,2017-12-27 00:00:00,2017-12-29 23:15:09
a4fd3d012f05ba18e3abf2e1be71573c,01c18108db50c163daf7dfe461093fb7,5,,,2017-07-07 00:00:00,2017-07-08 03:15:42
c3fa49a98647096955610c600ac33a76,003d9fc84ad902adf2265248b5ffe1a4,4,,,2018-08-28 00:00:00,2018-08-28 22:31:45
31803e35853c77a050cf4523190840e0,05906ff9618d78153208c80165d91b2c,4,Produto bom! Frete Ruim ,Produto chegou com um amassado na parte de baixo da estrutura. vou testar para verificar se afetou o funcionamento. Acredito que foi no transporte.,2018-04-25 00:00:00,2018-04-27 17:52:01
8cab44c7d78248859e75adce519294f1,010a35dc7fc3808a03d243d2fd8c6e35,5,,,2017-12-23 00:00:00,2017-12-24 20:10:06
e83a305c1c81d79366bb35844c94fdb9,01490a4bdacbafe6de009b317a0c8bf6,5,Excelente parceiro,Parceiro muito rápido e eficiente. Recomendo.,2018-06-22 00:00:00,2018-06-23 09:43:01
535079d79df90157f98078c8e03aeea0,0a90490b9aa5527b4f3497a6f3c725ee,5,,,2018-05-24 00:00:00,2018-05-24 18:01:45
06fa0f0cd0a80fb34dc20883ee371c66,0bd94afa88fb4a4ad9657569c9cc9ed2,5,SUPER RECOMENDO,ÓTIMOS E CONTINUEM ASSIM,2018-07-01 00:00:00,2018-07-03 01:44:58
ac920ba5df9e70f1a7f86c67350f5460,04c83c77d062fd72d8f1ebb7f9c1a1a3,2,,,2018-01-23 00:00:00,2018-01-26 07:23:25
53bd94d5b9d6f9374ddeedd10b48b2ea,0bb34cb6a7308c8a0be897369360bcd6,5,,Tudo ok. Só que eu preciso fazer a troca deste produto qual procedimento.,2018-04-10 00:00:00,2018-04-11 15:10:18
12a150bd85dd12c31b09df7c12d8f32f,040f214f2ec8be892fee452b52a96f1f,5,,,2017-11-15 00:00:00,2017-11-21 11:37:44
7ea546036e85a4064e1eac666aba4b0e,0c2c3c3a68e0c7184832879c6fe55a94,4,,,2017-08-08 00:00:00,2017-08-09 17:03:42
af64e6ad98a3979e11c42f322e1b7a67,0922ee1619de7b995648e5a8407afb91,1,,"Recebi apenas a rede, não foi enviado os ganchos. Favor entrar em contato.",2017-07-13 00:00:00,2017-07-14 11:25:44
761c3a38ad7d0704ad3614e169d03f67,02fab07a655ce404330d65b508f32d9e,5,,,2017-06-09 00:00:00,2017-06-11 23:26:48
9483978cc41df66e7060cadce4051ea9,0cbe02c76316799a31b1de5bed001c5d,3,,Ok!,2017-08-10 00:00:00,2017-08-11 23:12:36
91048655e4128b6838c0086cf2daddab,002b430ff89b3a24c31a1170acbbedea,5,,ótimo produto,2017-06-30 00:00:00,2017-07-01 00:58:12
79d4336d31cc1a2067dd855d52dd3371,0791c9a8e89bfcc422ab718dd43f2dca,5,,Muito bom confiável,2017-07-12 00:00:00,2017-07-14 02:46:34
5eebf3baf9f724def49430d99d431cfc,0a3bc687e8cb91f08d67838494a0e396,5,,,2018-04-10 00:00:00,2018-04-10 23:35:10
ebc748fab2b602a0e662f960f0e14b23,037f6ef7fcfd0d80ea84dbe396972f6d,5,,,2018-04-27 00:00:00,2018-04-28 10:55:08
17ef46ed76c66a3efb49d072bebf2e80,06a6627d9cc91a04e9d146bf65fee0a2,4,,,2017-07-22 00:00:00,2017-07-25 09:27:28
7e5c310862c0fba725851610c78aeb2b,0281b24682fddf0c7efcaa299b066827,5,,,2018-06-30 00:00:00,2018-07-04 19:37:04
66a2fbc2f99818efbce1127cfb18eaf5,09356cee7d8fee33dcb3ee80c1ccb14f,5,,"Eu recomendo, veio antes do prazo e deu direitinho no xbox o né. ",2017-10-25 00:00:00,2017-10-25 23:53:26
ca13795db8e305829cb406ef608d87f9,013e9c654a339d80b53513da3c1ea437,1,,"Recebi um comunicado que não teria o produto no estoque da loja, foi feito o cancelamento e estou aguardando o estorno do valor pago ",2017-07-09 00:00:00,2017-07-09 13:34:47
dcb475acad7df5f096f679743c92f119,0a9f89404bdc46f9d6be1c8c0226ba85,4,,,2018-03-17 00:00:00,2018-03-20 19:57:31
e7c89530b6f3753e718c1604ebfadad4,03d842e44ef7cae41da34acb402983fa,4,,,2018-07-28 00:00:00,2018-07-30 19:20:03
69904c1b128de4636dd4e355bc5fa1d5,0b2a43ec15f983f589ecd097455b283d,3,,"O produto veio corretamente no prazo, porém a nota fiscal eletronica foi emitida incorretamete. Foi emitida usando como razão social o local de entrega e o cnpj do local de cobrança.",2017-04-14 00:00:00,2017-04-23 22:26:56
14d3751e2edbc882e796a10e308adac0,071f0c6c7702218addddcbef0d46f76a,5,,,2018-06-09 00:00:00,2018-06-09 22:55:22
a67bcf03e9f4d81eac58ec3e33337b5d,06174d5608937415007fcf764cf799af,4,,,2018-04-13 00:00:00,2018-04-14 20:40:35
c1651cc465c13045aa11f6202b233940,00a3a334aec7455a6d3319981499a3da,5,,,2017-11-05 00:00:00,2017-11-05 21:11:37
f0efd8b5bd015c0dc87d788a3d35f275,09c2b130b47b0d77f2217277de5fd140,3,,,2017-12-05 00:00:00,2017-12-08 00:27:59
24928b76b68e7be1597ba0a6b6c6eb16,0b768de519ebcf7df252618626554733,5,,"A maquina é linda, fácil de usar, forte, silenciosa, manual bem explicado e chegou na metade do prazo de entrega.",2017-03-10 00:00:00,2017-03-11 10:22:41
081cbe23975a04b1fa88b000a26463db,0683ead91c16a3b8964141bd93ec4edd,4,,,2018-04-05 00:00:00,2018-04-06 14:14:02
d44c68256759d323284fd8f218d2b717,042c384c3edbe39a47895217eb5e90a4,5,,,2017-05-09 00:00:00,2017-05-10 03:56:06
52c3f0db68a212357251cd8a4696d9ce,012219b6d6d034eb359fc74730a080db,4,entregou direito,,2018-05-17 00:00:00,2018-05-23 17:31:48
6957c0682302622ce8737c0a33151d4c,0a4c05d2e1ae812a342af2f5c9a34b36,2,regulart,"era para ser entregue 4 produtos tres e depois mais um, so foi entregue dois produtos",2018-08-04 00:00:00,2018-08-04 20:01:17
1d6256c5fdc1e4ce063f5b9871673ffe,0322e0a7d6d283584e3dc181c67b1d12,5,Muito bom,Gostei nada a reclamar ,2018-05-23 00:00:00,2018-05-23 19:15:50
1e90e853bc88ad9caca6311a2e497399,0a0837a5eee9e7a9ce2b1fa831944d27,5,,,2016-10-25 00:00:00,2016-10-25 15:58:47
fa4cf831aab4d14920147a8ead2a295f,0cefa8913dd1e629ba0ab5da5ae6bdf8,5,,Muito bom e o prazo excelente.,2018-01-21 00:00:00,2018-01-21 15:13:01
3aaeca9d445117385e74fab2b46be7a1,099319b5b8567c490c01a857c6dbe73f,3,Remédio,Gostei da Compra... Infelizmente nossos Correios tao uma Brincadeira!!!! Sempre tenho que buscar minhas encomendas!!!,2018-06-21 00:00:00,2018-06-22 01:55:48
e0d559bfc4187db9618486277b85dd84,029b1d3a355dec12cfed60927f076a9d,4,Muito Bom,"Correu todo como esperado. O que foi ridículo, foi entregue os 4 produtos ( caixinhas 5x7) em 4 caixas grandes de 15x10. Todos da mesma loja.

",2018-07-27 00:00:00,2018-07-28 10:19:29
2e17afbb189bb3ce6f93eea8a1d7819c,0897cfdc3612d0942f33b22a3dd9cd8c,5,Excelente,Tecnologia japonesa,2018-07-25 00:00:00,2018-07-26 01:56:23
562b41d751ef524b71d16532c65e7fac,05fdf5f17c4a8b374e99ed52416d8766,4,bom custo beneficio,"produto bom e barato , atende o que propõe o fabricante, , entrega rapiada e antes do prazo, bem embalado, recomendo. ",2018-07-03 00:00:00,2018-07-04 03:00:47
9ed7c99b8fc42e09303b9d21458ce993,046023c2e3840562a6320b2bc22bda81,5,,,2017-11-29 00:00:00,2017-12-02 13:53:38
35389a78707cb7bc641456c5d19ecce0,00f33ee62c15223679d3550e751c37cd,5,,de qualidade,2017-12-19 00:00:00,2017-12-20 13:20:43
53480fc1b106eb1388c4dec15fd32c1f,0115abf6b892040abfdd5bdfcb6b2c51,4,,"Devido a greve dos correios, o produto ficou parado e não chegou no prazo previsto",2017-05-13 00:00:00,2017-05-13 18:55:28
0d4256cffb82f343514d85b4f2181d39,004eab0fd8f28adaf8d488976f77febe,5,,,2017-08-04 00:00:00,2017-08-07 02:45:26
60a3c3cd14d6c7f289204006f9c3c341,0c01eb5638db2110eb5a7d1c0581aa09,4,,Ótima loja,2017-11-30 00:00:00,2017-11-30 23:30:47
c613814db6dccfca1e110fc783bbec76,0c7ccdb239bd524a31dc66094fa59626,5,,,2017-12-05 00:00:00,2017-12-06 01:21:50
a83f34187e36e25dd79836c82118e024,0af1482ae8afdfdcd36bcdd5848545cd,5,,,2018-05-15 00:00:00,2018-05-15 23:35:07
87370ccb5d1b68cf7140f0c16f947fba,0c1cc28155fd9320c6ffca57c92999a0,4,,,2018-05-11 00:00:00,2018-05-12 13:53:28
2c4382abe2069ed740ca1a79d7355717,0b7acd2a88da22f2cf5365bff495f1e6,1,,Faltaram duas embalagens,2018-03-22 00:00:00,2018-03-26 10:19:31
c95830089036148fc0d109571aafab81,0ace216597fa0efc8a42140d99fda065,5,,,2017-09-26 00:00:00,2017-09-29 14:30:09
166e063ae04973c1ba208eeda38e89a5,01f5bb59c4e3a373ee5cade4e69ae92f,5,,,2018-03-24 00:00:00,2018-03-27 12:01:55
27ea65ee0d60d74b35b86f3905c6dbbe,04e00ba23c33890eaee39b02e8185cc2,4,pena que so pode uma cor,,2018-07-31 00:00:00,2018-08-01 01:04:00
1109e63ac3338f836d7f2699ea4a4ca0,01eb154e5aa06eaf50851577302a04a5,5,,,2018-04-10 00:00:00,2018-04-11 15:59:15
3a36f699ff17d318607904fc7ac9099d,005059edee63c8c708ba61910793b31b,3,,bom,2018-02-20 00:00:00,2018-02-22 11:16:19
2f132d8795a369c1d736898107c6983c,0b5fac54294af7123ee72a58d00c4b97,4,,"Tirando a cor errada o resto estava perfeito
O que não foi bom é que vou ter que devolver o produto por não ser a cor que foi solicitada, todo o transtorno de devolver e esperar retornar.",2017-07-06 00:00:00,2017-07-07 11:37:48
935f6ced53879802325ea3dab4712133,054d2d649e0904dbf1f19399094f2826,5,,,2018-01-18 00:00:00,2018-01-19 01:46:21
cdc770b3c9d0ddc3bf376c53e804ab93,02cb14245fd2ce5926afb2225f28b002,5,,,2018-02-28 00:00:00,2018-03-01 12:14:08
ceb6826730cc87aad395ff6493d1af76,08a14ebab7440e5f7bfd8ca0b37fc613,5,,"Já testei no,dia q chegou e muito bom super recomendo...perfeito para pedalada noturna...showww",2018-04-04 00:00:00,2018-04-04 21:41:02
cbb3b7733e1a472f4ae3669802de6aca,067f9d27ecdd6f2af735e17be1b064ea,3,,,2018-03-09 00:00:00,2018-03-09 14:57:41
14bff8d3addf41c90d52c3cb24f51690,0cc25005d4c6ad2b8ca080644cee93d8,3,,,2017-12-02 00:00:00,2017-12-04 16:24:09
3174be472473a1a73da9880380e7f740,002d040018d12a3853c059f7f23ab5b1,3,,,2017-11-28 00:00:00,2017-11-30 19:44:06
a88607d491fbc4716a8b6e22d89194a1,05393e8d9957461611ec8c8d55b13c02,5,,muito bom entregou bem antes do previsto.,2018-03-21 00:00:00,2018-03-23 18:25:56
f640f6b13aa48409963e67e2f5381e7c,02a0eb7c22b0616c767a45954a2a28f6,5,,,2016-12-14 00:00:00,2016-12-14 03:46:43
bce1e925f3d710c40d2421ba9554c075,05a72117fb063d7fb111490dbf40c79a,5,Super recomentdo,Chegou antes do prazo esperado,2018-05-12 00:00:00,2018-05-13 13:24:39
2ecc6e2080809cb662ce816210cf34b7,01f3ed0a20c6db39216985812a092bea,5,Chegou hoje,Excelente embalagem. Ainda vou testar o produto.,2018-08-28 00:00:00,2018-08-28 22:16:25
3f0db75d71e19170dfdfdd9ec44d692b,0af07373c6e0f41a0660087bf63d7c64,4,Bom,"A entrega foi rápida, mas temos que melhorar no rastreamento, pois a gente quase não consegui rastrear.",2018-08-17 00:00:00,2018-08-19 09:19:03
3ec19171c2fbc5c772128500ab374c58,00b6c055922e0ed2d88efdd252b2fb64,4,gostei muito,"gostei, muito bonita.......",2018-05-08 00:00:00,2018-05-10 16:48:36
afc6e7593b7ecaf4fcdc92af5fce9e2b,07b683def65270f286578e5208c5adc0,3,,,2018-05-18 00:00:00,2018-05-20 16:10:08
ba58ce44ec9b42107267e67bcedefbfa,0645b256ee8f4939ae426819da55488c,5,,,2018-07-31 00:00:00,2018-08-01 02:24:27
a8c6c6c67dd0a9d2fe85cc513f175c5c,0c04a8d0583f8011fd121211aac94d05,5,recomendado,"nunca tive problemas, por isso recomendo",2018-05-19 00:00:00,2018-05-21 18:59:25
ed72030e0473013f40e48c7135be75a7,05e9e60e8b528b3563a1b1c2e8cfa64d,5,,"Recomendo, produto excelente e chegou muito antes do prazo! Parabéns!!!",2017-12-22 00:00:00,2017-12-23 14:20:21
9147b08950567ea3464a42aa98d452f8,08bd4784e35a8be0fa12c4f4f91799ac,4,,,2018-08-28 00:00:00,2018-08-30 17:02:12
f8642f9c3b5d4f65d92884c4f56c4f49,0aead977f249a62158c114e4460c37cc,5,,Produto otimo veio muito bem embalado e chegou 14 dias antes do prazo,2017-12-13 00:00:00,2017-12-16 02:35:17
bd59b122333a70b2df181abf50fec432,0bfd90889de46373db5089b3bb941135,5,,,2018-06-08 00:00:00,2018-06-11 12:45:58
d065a52df69a90597f9de5b43ab6bbe7,07b9e5abd7254b1a85eb14ad3a1117e5,1,,"Comprei na stark achando que seria entregue via transportadora, é me enviaram por correio, e não tem correio onde moro tive que atravessar a cidade pra buscar no correio e voltar de ônibus",2017-10-20 00:00:00,2017-10-23 14:00:15
b17299af1546845dc0056d71b5556861,0123a055aa66357326dd6db066592a7d,5,,,2018-05-01 00:00:00,2018-05-02 10:41:30
ee6a895dbaea7eccee6659f7cf14a918,0c2c52fb29b2957f1e4a1e055bcfb5f5,4,,"Produto muito bonito, entregue no prazo, só é um pouco maior do que eu imaginava ",2018-01-26 00:00:00,2018-01-26 20:48:40
0ad2d3d83fe323431587bd92724a9d60,068306f3ae87b774e579eb36d5714ced,5,,Bom,2018-02-17 00:00:00,2018-02-17 19:38:12
ab522474d383fe708e69cf882c1fde63,0ac907873c6fb32bfa8a58be269f0c3f,5,,,2017-07-21 00:00:00,2017-07-22 18:52:43
61535599f10b0222ce9fbfe5e04845ee,00df27e666004db9f14bce766fa5327c,5,,,2017-11-24 00:00:00,2017-11-25 00:31:40
33014cac8dcd9f51a781c7d67e89e07c,08fa8b49ff198d1332df4668087150ed,5,,"Produto em perfeito estado, e entregue antes do prazo estipulado",2018-06-10 00:00:00,2018-06-10 21:11:55
4df691d52d86e49573b02595c6cca3ac,0c2c69625643d98afb22fc2e8dea27ba,4,bom,bom,2018-05-18 00:00:00,2018-05-20 23:47:29
8cefc6296ef577c058ddbbc407d8326d,088a21dbb29d74a07738fb93a96b507a,5,,,2017-12-01 00:00:00,2017-12-01 08:51:16
7a7afc1cb30999dac0b26da01642f8aa,08c3d8da1ee7ffc88a41cd145a4675ba,4,Muito bom,Recebi antes do prazo de entrega,2018-06-06 00:00:00,2018-06-07 15:05:08
bebf8e035a900f0759ead21eca6b96a2,02da43e64b38100ea4b0b4a76cc2ba66,5,,,2017-06-01 00:00:00,2017-06-05 12:46:22
97a31eda83afa054fd9c43a2d3f8e46f,041687935b1e4c3715beb1602270b40c,2,,A embalagem difere daquela do site .Portanto não acredito que seja o mesmo.,2018-01-11 00:00:00,2018-01-13 21:50:40
59af58dca7b568996e0a458e883616f2,0c51264bdcbe5893081232bba640dba0,4,,,2017-09-16 00:00:00,2017-09-18 20:06:03
94c7e1bd6af786af41b6847e310ea42e,0268f664f7833aa949da2eae5321aa5b,5,,,2017-05-19 00:00:00,2017-05-21 05:07:47
1a198306686acd5e751d11f1f0945277,025e90567adfa253765b7fe0e844af3e,5,,Gostei muito do produto,2017-06-22 00:00:00,2017-06-26 13:45:45
88799c9ece425f5f40f02678520071d3,03f83b59e7c7355647462745b18119f1,3,,"O produto em si é bom, mas a entrega deixou muito a desejar.. Entregaram em sim a do prazo",2017-08-08 00:00:00,2017-08-11 02:21:20
e02c6f1adb178f31b76f8d21e2e57742,06a398a5e672222b10f098541b70da76,5,,,2018-08-25 00:00:00,2018-08-27 14:05:23
99e52f9ae3ccaac074b4b0ede00920d7,08a72c88fa7ee3652a339070245b9f1e,5,,,2017-11-12 00:00:00,2017-11-15 01:58:55
d338814ec6cd4ab626c64112adc98ed3,0641d69ef04d0d7b004cb9ec0106c3ea,5,,Tapete Maravilhoso..amei!!,2017-09-14 00:00:00,2017-09-16 00:06:21
ca872b246b9dda62e21ec6448acda824,0909121693cdb66d170b212e65c2bf59,4,,,2018-07-24 00:00:00,2018-07-24 22:02:48
8bc559eac89396e337fdd7cf75e9e846,0a8758ec6f399b52f2ecb7b1a0c4c16c,5,,,2017-12-10 00:00:00,2017-12-13 04:59:28
98ecea769cb5ac881ac1048ca0369067,0cc64cf0340c6a2e2a2157f49454b639,5,,,2018-04-03 00:00:00,2018-04-06 02:34:35
ef3a35d45e436846742b0c45656c26f3,09622aca695e14a0a89188bb86d66bd8,4,,adorei o produto,2017-08-12 00:00:00,2017-08-22 16:18:54
3a297d8192e417ffccb7b5a3a3f077a1,014f1e63f9bd4f5578edcf4e5c305a0a,5,,,2017-04-18 00:00:00,2017-04-19 01:00:15
6e8fa9c7abd763aa3b4d887140cfd7cc,0c51cc0743219907058b0a266949d0a9,5,,,2017-07-04 00:00:00,2017-07-05 11:54:53
044fd86f0308f338fb68bb26af939970,06b0687cad7d69a9dc347dccb3cbe169,5,,,2018-02-15 00:00:00,2018-02-15 23:56:52
ed6b240aa7ce2019fbb65188193916f8,0cb316841c24af560f6af0e3fb36137a,1,,"Fiz a aquisição de duas unidades, no entanto, recebi somente uma. Encaminhei e-mail ao stark relatando o fato e até o momento ainda não recebi qualquer tipo de esclarecimento. Continuo no aguardo.",2017-02-10 00:00:00,2017-02-12 00:07:00
d26eba9219b7db5ab2c80d4a3587f762,047d7bce997c4e73c6efe724711fd3b8,1,,nao recebi meu produto ate agora ,2017-10-29 00:00:00,2017-10-31 02:55:26
f38d7ea2086728a53a463ca05426bed6,0933defa4766a375397a4b9c9eaec017,5,,Confiável.,2018-01-17 00:00:00,2018-01-19 23:26:33
fc5cb3ad8229a4b7f660e9e48927034a,0641c2d6df642517fb73e1ac88a188a4,5,,,2018-04-11 00:00:00,2018-04-12 12:04:34
7e3f5d8f9fbacd9b1e2ae594ce36e7ef,0a6c8aa5c12b86c6f96308839eb7417b,5,,,2018-03-06 00:00:00,2018-03-06 21:35:52
5a85def9346ca53558638b778b99950d,0b8c594f80a7db56ea4927af84e45203,5,,,2018-04-12 00:00:00,2018-04-13 13:02:23
123381026f13c723cb967b14b1bc673a,06f4be78b76ba6a42605efa4ce7544d7,5,,"Adorei a cadeira, bonita, confortável e fácil de montar. Eu mesma montei.
Obrigada!",2017-02-25 00:00:00,2017-02-26 00:44:08
16561345af89c9e66c13a051f4f15d65,00b676b01c289cc661c6f7732492771a,3,,O kit comprado tinha 8 módulos e só vieram 7. Mandei um e mail para o fornecedor e até agora não obtive resposta.,2017-08-16 00:00:00,2017-08-16 17:05:07
60b90593fccecc6ee0e92ab3137bb12e,061b13cf87863db16e1a03178285ecfe,3,,,2018-08-25 00:00:00,2018-08-27 17:47:01
d573991eedd50b8960ee2a9f0bfff36d,0ac1d3244719cbbfbc0574631fb0186e,1,,,2017-12-01 00:00:00,2017-12-10 19:44:20
8eac7eee5652b4d635d31fdbe99259ef,01015fb6493ea5b9ba105c80b5452da1,1,,"o produto que pedi não condiz com a foto, pior é enviar ao cliente uma borracha de vedaçao que vc entra com o valor de 3,00. É uma tiraçao ",2018-02-01 00:00:00,2018-02-07 12:01:38
5df4e889aea56b52ac2c81a7c11929dc,0510fbef17088fdb22eed8b459322c62,4,8,AINDA NÃO CHEGOU OS OUTROS PRODUTOS,2018-04-27 00:00:00,2018-04-28 12:50:42
1bbe11a3e0d55332a77847b8d717b62b,090342fe317c0444e8220e4d902579cf,1,Pruto muito frágil.,A solda de uma das hastes metálicas se desfez enquanto eu desembalava o produto. Estou aguardando orientação para devolução.,2018-05-10 00:00:00,2018-05-12 18:04:13
62b82654d42e36d1969ac200f324c650,07b21e603088925f04bb9034954fe5fa,5,,,2018-05-25 00:00:00,2018-05-30 18:05:29
52522e828540a28cbad4d86a2cc8736e,0784e3f6a8f38d4ce8ecbf36ddc57c78,4,,Chegou bem antes do esperado obg,2018-01-23 00:00:00,2018-01-24 15:47:22
54b58c24c1f58cb318f7e1d78e4ad0a1,055da72c578d9094618ebb2712e161e9,3,,,2018-06-16 00:00:00,2018-06-18 23:09:32
e6c44d0308114c702dd34744c306aeae,03faedb6f3c4299c7cd934f5242b194c,5,Top 10,,2018-05-12 00:00:00,2018-05-13 11:52:28
2cb679cfffd69784ae97b7f48293f6bd,0245631f7bd55dbee7c6b441629bba94,2,,"Essa cortina não veio com as demais:Cortina Voil Branca 8,00x2,80 Forro Microfibra Ilhós Cromado Branco",2017-10-14 00:00:00,2017-10-15 20:03:59
828cf7b09e2eeab1620f7958498ed710,015e6682b50c824bfdab6b866f937936,5,,,2018-02-04 00:00:00,2018-02-06 23:03:02
cab1cc4522c5c4ae4a321c2f81b2a9a3,02ea54f5cf3a07904182167e104f97ff,5,,,2017-03-30 00:00:00,2017-04-03 23:10:07
64b8ff618cc211cacc6fee8a85d172eb,077abb7d4f87719b0a5cce22295eb775,5,,"Entrega rápida, fácil de comprar e produto em ótima condições.obrigada.",2017-11-12 00:00:00,2017-11-12 17:50:24
01f731138d20ea659e9236cc70492d8a,028ffc48d3a4004a010e5847d7266cdb,5,,,2017-08-03 00:00:00,2017-08-05 11:51:38
e6f20a4766d7bf389e56816f5d47ac9b,06970f3ad11e6267192d7d98af40a8f5,5,,,2017-12-07 00:00:00,2017-12-07 16:01:13
9efe976145d37d78416f18ed846bc398,032f490884e03049a3ec0379ea0abb82,5,,,2017-06-23 00:00:00,2017-06-26 11:07:36
c5aeecce6e1da6fb1058371dde6b52f3,08f037463ef8a43a35237ad2029f316b,3,7 ,Muito bom,2018-06-06 00:00:00,2018-06-11 13:24:51
8597f571211f91713c01eea7125a9935,04b16c4b451253310532ae8020927b06,5,,"Entrega bem antes do prazo estipulado, produto em excelente estado e qualidade.",2017-11-25 00:00:00,2017-11-28 10:22:01
7047578adefcc7c27319e3cf91ba1416,01da5549f136167573c8a302f008557a,5,,"Produto original,prazo de entrega rápido.Super satisfeito.",2018-04-18 00:00:00,2018-04-22 14:48:57
e1178b88d0759176025710ea91094d34,00bdcdda88e6b02977fc6ce3d412c600,5,,,2018-06-19 00:00:00,2018-06-21 11:59:20
