order_id,customer_id,order_status,order_purchase_timestamp,order_approved_at,order_delivered_carrier_date,order_delivered_customer_date,order_estimated_delivery_date
0a4a2fccb27bd83a892fa503987a595b,6772a0a230a2667d16c3620f000e1348,delivered,2017-04-20 20:42:44,2017-04-20 20:55:09,2017-04-25 08:23:08,2017-05-11 13:07:46,2017-05-25 00:00:00
0760a852e4e9d89eb77bf631eaaf1c84,d2a79636084590b7465af8ab374a8cf5,invoiced,2018-08-03 17:44:42,2018-08-07 06:15:14,,,2018-08-21 00:00:00
01a75ac3dd000b7628a684be97c29234,57ee2ef64f17a5f9a4bf30489b06326c,delivered,2018-01-23 10:32:39,2018-01-23 10:59:10,2018-01-26 19:12:26,2018-02-07 14:59:03,2018-02-21 00:00:00
0c6b011f8a4f87010c23995f5807d152,a78b75a2ad06180de06b82857ca442b3,delivered,2018-08-20 18:24:30,2018-08-20 18:35:26,2018-08-21 11:53:00,2018-08-28 13:43:41,2018-09-13 00:00:00
06a6627d9cc91a04e9d146bf65fee0a2,61449fa1b8b8998c9c3f3a7f0ae954ef,delivered,2017-07-16 10:27:45,2017-07-16 10:35:14,2017-07-18 12:34:04,2017-07-21 19:59:36,2017-08-04 00:00:00
01855f880aae9a984c7c33b26fcf2e02,2e068340b3037f667ce3224bd59260af,delivered,2017-10-19 15:08:48,2017-10-19 15:35:35,2017-10-23 13:14:16,2017-10-24 15:57:46,2017-10-31 00:00:00
04a59fe46fc5aa341da5378c195ed53c,2d8748fb35d51c2fd273ee67fff78b7a,delivered,2017-11-26 09:32:06,2017-11-28 09:35:11,2017-11-28 19:18:52,2017-12-11 19:03:18,2017-12-19 00:00:00
00571ded73b3c061925584feab0db425,3c628393675b42c6b5ef89461f68ecef,delivered,2017-05-18 20:59:24,2017-05-18 21:10:16,2017-05-22 15:50:30,2017-05-30 09:12:44,2017-06-12 00:00:00
02aec12849744e266394182861265286,076dcea2eb6c8dbe9354f7c0d8670a00,delivered,2017-08-31 17:46:40,2017-08-31 18:05:09,2017-09-04 19:22:51,2017-09-12 20:59:50,2017-09-27 00:00:00
06ae7271902bbb087fc093137fee6e81,1a1b5f9e903aa3c203caf5cb63fca2b1,delivered,2018-01-19 21:07:32,2018-01-20 09:09:35,2018-01-29 20:17:05,2018-02-20 19:27:20,2018-02-22 00:00:00
04040ee654b248cdc512a68ecc83e4cc,53379b14e4048e025dc5a2185f461bb7,delivered,2018-03-27 22:14:59,2018-03-27 22:30:13,2018-03-29 01:04:03,2018-03-29 18:28:40,2018-04-09 00:00:00
0b584b729bdfec204ec2aa5d21d6ca56,da2fbad9b2235c67c9bc7c7a274ee389,delivered,2018-08-03 13:32:54,2018-08-04 05:05:18,2018-08-06 13:43:00,2018-08-14 00:28:41,2018-08-23 00:00:00
09d3f9f1be63c067456cc619076685a1,b6f05b99667a02c3722610a7bb6b4062,delivered,2017-08-23 15:40:22,2017-08-23 17:33:57,2017-08-24 16:25:25,2017-08-29 21:36:55,2017-09-13 00:00:00
0438fc3e115633e11a93c878a1591016,369ec69ef76c47e51980b88a5740dc1b,delivered,2018-08-11 20:58:44,2018-08-13 10:10:18,2018-08-15 13:54:00,2018-08-20 22:57:43,2018-08-28 00:00:00
0b0f3c7a9bcb6ad1fccab28f9240da6f,7bb3b0d45b4e1a13cd914e4a135e6bd9,delivered,2018-07-11 17:22:56,2018-07-11 17:35:21,2018-07-12 16:19:00,2018-07-13 20:56:37,2018-07-23 00:00:00
0c228d925a49aa5e3b35febb948f4f72,ee4a4b5842e03fbaff366b9459e08b95,delivered,2018-07-24 12:45:26,2018-07-24 13:24:34,2018-07-25 07:24:00,2018-07-30 16:56:35,2018-08-08 00:00:00
0341b60065c49221a27293793f11b117,cf4604a56d4e374de013f1ec35280d00,delivered,2018-04-22 14:26:17,2018-04-24 17:34:43,2018-04-25 00:52:03,2018-05-20 18:19:35,2018-05-24 00:00:00
05387d537bd2e5027aadbfb6a5123e4b,1fc77bb785f297743a18fac02b30de62,delivered,2017-11-06 16:24:03,2017-11-06 23:31:52,2017-11-08 17:55:40,2017-11-20 18:36:52,2017-11-29 00:00:00
08652363092b158440e2422e7c3ccaf4,03b3813a78be4cf5205e70977ad78d29,delivered,2017-12-04 18:26:12,2017-12-04 19:04:48,2017-12-11 19:48:52,2017-12-19 01:15:07,2018-01-04 00:00:00
0bc4a984d79279c843421830f595273c,e93fa47188d998ecd355fdb87a5e62e3,delivered,2017-10-17 18:22:05,2017-10-17 18:35:10,2017-10-18 21:12:08,2017-10-25 17:07:07,2017-11-03 00:00:00
0ac645ddb846d1373321decb39c9956f,46d8521966b3f64cce626dfc6b655d1a,delivered,2018-05-07 20:57:42,2018-05-07 21:14:16,2018-05-08 14:12:00,2018-05-11 22:08:57,2018-05-29 00:00:00
00125cb692d04887809806618a2a145f,8afb90a97ee661103014329b1bcea1a2,delivered,2017-03-23 12:21:17,2017-03-23 13:05:42,2017-03-27 08:58:04,2017-04-07 15:32:47,2017-04-20 00:00:00
011b142c9e082a5c1d10e0a88cd9c8e8,0c7a95280b3f80eadd81c829e093dbec,delivered,2018-03-23 11:43:13,2018-03-23 11:55:34,2018-03-27 03:14:53,2018-04-14 19:18:26,2018-04-16 00:00:00
05ae7d6bd78e2a61f4c0076a9d690aa8,2e21846cd2112929ca821e9716281192,delivered,2018-07-20 12:25:03,2018-07-20 12:43:35,2018-07-23 14:41:00,2018-07-25 14:08:33,2018-08-01 00:00:00
01835ef41c5ac66dd9ec6084fa1d0533,6a4ea2081853cd8dd8d7c69cdf86925a,delivered,2017-05-11 21:36:10,2017-05-11 21:45:17,2017-05-16 08:54:10,2017-05-23 22:13:35,2017-06-01 00:00:00
0ab63e307694f40a88a0ecd358c0939d,f239edc4401c9043a2c8f37fe164b273,delivered,2018-04-15 22:11:11,2018-04-17 05:50:27,2018-04-19 02:22:27,2018-04-25 18:11:42,2018-05-09 00:00:00
0bb0dd89956cc5f44ff556c2189e7160,db925a533d94cee42707026949892c7e,delivered,2017-06-20 13:08:17,2017-06-21 02:26:00,2017-06-21 08:11:54,2017-07-03 16:05:05,2017-07-12 00:00:00
07fbc4f433fc8754c492bc6dfb0b1c52,6a562d22d4e2ce223ae7ad8bfd834ab0,delivered,2017-07-05 08:49:56,2017-07-05 17:41:46,2017-07-06 16:48:47,2017-07-25 19:42:50,2017-07-27 00:00:00
0132451f29a10b66a5cf1bacc85f9afe,1c5b37d20011c637ad1a5b6d423c7483,delivered,2017-11-08 17:08:56,2017-11-09 17:08:27,2017-11-10 18:48:59,2017-11-17 18:58:42,2017-12-07 00:00:00
06bafdd8b6d0b5befb44337a7674a1ec,2b655432dbb2d5e62b02aee3eafada73,delivered,2018-02-10 11:48:42,2018-02-10 12:07:44,2018-02-15 18:33:21,2018-02-21 13:39:15,2018-03-06 00:00:00
0197cb265e2c84b9f89dfd784095d2f6,3971ac136496b4368c1431bb5bce0929,delivered,2017-12-21 20:55:24,2017-12-23 02:12:41,2017-12-26 19:08:59,2017-12-28 16:37:08,2018-01-30 00:00:00
03f83b59e7c7355647462745b18119f1,c1865c11ead00a1bcd19971382032e8a,delivered,2017-07-14 16:49:26,2017-07-18 06:03:49,2017-07-24 13:58:07,2017-08-07 17:43:07,2017-08-09 00:00:00
02610d88ac343ed64988d2706ce3ebfd,e7214f2cd8744c2d6d53e74e226ad9de,delivered,2018-02-04 19:34:05,2018-02-06 04:33:11,2018-02-06 22:42:45,2018-02-22 13:27:53,2018-03-06 00:00:00
00bdcdda88e6b02977fc6ce3d412c600,45ba03e2c6bbb5dc48131ba32ec3ae5e,delivered,2018-06-12 09:51:55,2018-06-12 10:21:14,2018-06-12 14:10:00,2018-06-18 18:20:48,2018-07-24 00:00:00
0917636d789ce3b3eac37895935af5c2,fcba45767e1f02cc6c09f78e21e4e643,delivered,2017-11-24 22:09:42,2017-11-25 01:31:35,2017-11-27 18:39:20,2017-12-06 17:37:11,2017-12-15 00:00:00
0ae7144116fa718b3bb90cd8d855713a,bb02acc51461fe7e45f7fdf63d18072c,delivered,2017-04-18 16:00:31,2017-04-20 02:55:33,2017-04-20 14:04:00,2017-05-10 07:47:41,2017-05-23 00:00:00
0b50bea7ba1e8ba7a21b01b7c9d1350b,8c976a55940af1dcecf9aac47249aca9,delivered,2017-10-25 10:03:39,2017-10-25 10:14:27,2017-10-30 19:30:02,2017-11-08 10:55:38,2017-12-06 00:00:00
045c9852284420b9c02d156436e1481c,16c0be52bf7bf9069c6fa0d850c660ac,delivered,2018-05-16 16:38:10,2018-05-16 16:57:04,2018-05-17 14:46:00,2018-05-22 18:12:23,2018-05-30 00:00:00
06ad94997dd34a7c2186b82d8e9be6a5,edc2830530b7d989c82121b21e1c229d,delivered,2017-06-15 16:02:23,2017-06-17 03:48:11,2017-06-19 18:28:42,2017-07-12 19:59:22,2017-07-20 00:00:00
08763574782690116475ea62ffdecadb,a2f475be29f915fa902863f62308df8f,delivered,2017-11-28 07:50:35,2017-11-28 07:59:26,2017-11-28 17:24:39,2018-01-03 19:24:57,2017-12-26 00:00:00
09bb35a3939c3181b4a5619cb3918976,b84438b09aa33a6e08673fe173f9796f,delivered,2017-11-26 03:42:06,2017-11-26 03:51:10,2017-11-29 19:56:49,2017-12-11 23:13:13,2017-12-28 00:00:00
0adf4c5c9a1399ceefdb7ba880df1ca7,eab22d3171e51fc2a3b380f5da7c7310,delivered,2017-02-22 13:22:13,2017-02-22 13:30:16,2017-02-22 14:25:33,2017-03-28 16:23:53,2017-04-06 00:00:00
06875ab72c5b9bb2eb303a70031bfeb0,686ca7499141a82f95123c370af061b0,delivered,2018-01-11 20:04:57,2018-01-11 20:15:47,2018-01-12 23:10:32,2018-01-15 21:06:54,2018-01-30 00:00:00
0acdae809654a2de1235d18a12cf73f3,3180b241917d07e27bd46aac80ded579,delivered,2018-06-14 11:29:22,2018-06-14 12:19:40,2018-06-15 14:22:00,2018-06-19 21:46:19,2018-07-05 00:00:00
044d94a4ac73b24fe28ff5293ac35bd8,482d1baa7d2f9c4d4b54ae09215d39c8,delivered,2017-06-19 14:56:36,2017-06-20 14:50:17,2017-06-21 08:11:54,2017-06-26 08:23:37,2017-07-19 00:00:00
00946f674d880be1f188abc10ad7cf46,9583b047c90d4aa1c5c68b4065ba7f4e,delivered,2017-12-09 19:11:22,2017-12-09 19:30:37,2017-12-11 18:47:04,2017-12-17 10:19:09,2018-01-05 00:00:00
0417dce62cd5791d3d0005ca971b2ba7,b0962d2b8c090ec26077939595a5b00a,delivered,2018-03-19 05:02:28,2018-03-20 03:28:33,2018-03-22 19:29:44,2018-04-06 00:29:32,2018-04-12 00:00:00
08bdbdeaf1626720051193300f93806e,7a3bd3b37285f0ab25983420cbd01f4e,delivered,2017-03-09 16:43:40,2017-03-09 16:43:40,2017-03-10 13:06:01,2017-03-17 07:07:44,2017-04-03 00:00:00
0cce1e1470bc8d35d6a2bebb6991bc1b,6561ef6306e6369b42177e51ddcc35ef,delivered,2018-08-03 13:37:28,2018-08-03 13:50:20,2018-08-07 13:37:00,2018-08-16 21:03:23,2018-08-31 00:00:00
08d55c0e173bdfa5770a50a253b1810f,ae5c099e4280d1e1623790fc42494309,delivered,2017-06-27 10:44:47,2017-06-27 11:04:37,2017-06-30 06:07:30,2017-07-06 14:53:23,2017-07-19 00:00:00
062d3e3b803bd3e569cf8c165602f8f4,84d818ae645c84264965bc603b1d173f,delivered,2018-06-25 17:26:38,2018-06-25 17:57:45,2018-06-26 11:28:00,2018-07-05 17:28:53,2018-07-26 00:00:00
07a0bc58f3b841724c5b8c649da441d5,b70e717fe0599c3bf2f69725b26fdf8e,delivered,2018-01-17 16:44:42,2018-01-17 16:52:19,2018-01-25 15:39:01,2018-02-06 19:16:30,2018-02-19 00:00:00
0cb25b24a27e27dd18273360995e99f4,b03b8bf457533ef245fd5fa2681732d0,delivered,2018-07-23 14:37:05,2018-07-23 16:00:30,2018-07-24 13:28:00,2018-07-25 23:36:35,2018-08-02 00:00:00
0a0e7f9881dffec612b28e2682242574,2df6fa407bea6af2e165b3dc8355d382,delivered,2018-02-22 09:09:51,2018-02-23 02:15:48,2018-02-27 13:13:46,2018-03-18 18:46:48,2018-03-22 00:00:00
00a0116ff15ff973ea16bee881208ae7,89a187407adfc8a32a4d6233a6a237d8,delivered,2018-02-18 16:22:23,2018-02-18 17:27:05,2018-02-19 18:22:53,2018-03-03 00:38:50,2018-03-15 00:00:00
0a0ae1b561eab534493c5588efc5169c,090ad6d0d50a83c661a31538f2642cdf,delivered,2017-09-15 12:57:46,2017-09-19 03:44:19,2017-09-21 13:49:53,2017-10-04 17:49:06,2017-10-05 00:00:00
02c371100bf54facae80322579c7fefb,ad6f2686bc9a43070103abf4021c6e35,delivered,2017-11-07 02:55:51,2017-11-07 06:31:37,2017-11-10 19:48:03,2017-11-16 21:07:58,2017-11-21 00:00:00
0c40dfe4127461031cfea37fb4c63856,812db10465ec8fed84262db66f615f87,delivered,2018-05-14 09:01:31,2018-05-14 09:14:07,2018-05-14 14:58:00,2018-05-21 18:32:37,2018-06-04 00:00:00
0c91c4102d1858f4ced29970f55e54a0,ae8ed9c83d32613ae9f7e6c72443cdbb,delivered,2017-03-01 10:46:15,2017-03-01 11:01:46,2017-03-03 13:51:39,2017-03-07 07:57:54,2017-03-28 00:00:00
0300095becf10f9b2993706759522741,05428560b11124d146bc86a2c4d5bf35,delivered,2018-07-01 20:21:03,2018-07-01 20:35:15,2018-07-04 14:22:00,2018-07-10 20:33:05,2018-07-18 00:00:00
0aea558128f1a96bd223babc4dc79bd3,daf457df7093e56187eda2050592817b,delivered,2018-01-31 20:50:59,2018-01-31 21:09:48,2018-02-02 01:43:59,2018-02-07 20:17:26,2018-03-01 00:00:00
006dd93155bc2abd844cc5eed3a0fe7f,1b9506de3da8fd318853195b13fb2dda,delivered,2017-12-02 01:20:28,2017-12-02 01:29:28,2017-12-06 00:22:42,2017-12-07 20:43:52,2018-01-03 00:00:00
05d27719c66597da0628a53f6009ed67,243243e2638f6c85b2b5c38f5bf05b53,delivered,2017-11-01 19:01:18,2017-11-01 19:31:11,2017-11-07 15:22:33,2017-11-14 21:28:34,2017-11-24 00:00:00
06f3401b97e4d89032cbd5ac7670247c,31d79ded8b09c0a871f049c73f2d331f,delivered,2018-04-26 23:10:33,2018-04-27 23:13:05,2018-04-30 15:34:00,2018-05-09 18:17:56,2018-05-25 00:00:00
06661c686ea79767c8ab8b8ffa3e62fd,7f4b6c52e1e85f2e166d5f01ea86dec1,delivered,2017-11-06 22:25:04,2017-11-07 05:31:18,2017-11-08 16:21:20,2017-11-14 22:48:38,2017-11-24 00:00:00
0a7af36dc9b46e0920a68a9e2ee2198e,0fb85ae4e233e275790cba098c95c855,delivered,2018-01-11 20:21:08,2018-01-13 04:54:57,2018-01-15 17:03:48,2018-02-05 19:48:57,2018-02-16 00:00:00
0b339dee90210409b715a9f2b6af29a7,fb7df68b487c7340f5a4e9c5d4ae3e73,delivered,2017-11-29 13:49:23,2017-12-01 13:58:25,2017-12-06 00:41:50,2017-12-11 20:12:32,2017-12-28 00:00:00
08d70627d548cd883ac394cc5da92d87,05de5898b9da9365b1823e7fd23700c1,delivered,2018-02-14 17:35:53,2018-02-14 17:50:25,2018-02-15 20:34:07,2018-02-23 01:09:17,2018-03-14 00:00:00
096b267153128e0d7f9e593bba803956,df9432f68e31773dc4b20fb916f2f647,delivered,2017-06-23 08:45:21,2017-06-24 02:31:29,2017-06-28 13:17:42,2017-06-29 13:11:40,2017-07-06 00:00:00
0435b65bfd0a1cd1c48a82f5b405ea78,625784c6aad212dc7d249ea10e276617,delivered,2017-07-18 13:32:25,2017-07-18 13:45:17,2017-07-26 17:59:36,2017-08-01 20:34:47,2017-08-15 00:00:00
06d6b5a626ba890f56dae296e1384f75,565ab5b150fec651f51db8783d2e645a,delivered,2018-02-05 19:28:53,2018-02-05 19:50:10,2018-02-06 19:54:43,2018-02-23 21:09:28,2018-03-13 00:00:00
0350e1e5b7265e23e84b1e467e0b6b82,13a546131c3ba5360cefc5abbb428a01,delivered,2018-02-19 10:29:23,2018-02-19 10:46:58,2018-02-21 20:08:30,2018-02-23 23:52:25,2018-03-05 00:00:00
07f2e5679e13d0e45de9da85bb833558,c99704d45e509477b708b7ed594fb324,delivered,2018-07-11 13:48:12,2018-07-11 14:06:16,2018-07-11 18:13:00,2018-07-12 21:31:48,2018-07-19 00:00:00
04b7738ad5fbb213eeb7a2145bea8242,46c8678b6afe29d90d3142f31ff01791,delivered,2018-05-16 10:58:56,2018-05-17 02:15:23,2018-05-17 11:42:00,2018-05-18 20:22:23,2018-06-08 00:00:00
0b24d5a62da084e9c66959aff6328dbc,2b261c26529c69b68839968c14d22369,delivered,2017-12-03 14:18:57,2017-12-03 14:28:25,2017-12-04 23:29:06,2017-12-14 18:32:27,2018-01-02 00:00:00
09045ce363fa81cd9f206c86b989e2ba,75fa6cfb28484afc68c0ab2177d339cc,delivered,2017-11-23 16:23:50,2017-11-23 16:32:33,2017-11-24 18:31:54,2017-12-19 20:27:08,2017-12-27 00:00:00
0807ef98d4c6786b58238e6dfb2d2a9c,7b1189510beea7145ec61234465745ff,delivered,2018-01-24 15:55:19,2018-01-25 02:58:16,2018-02-02 23:48:54,2018-02-16 14:03:36,2018-03-08 00:00:00
0ba2b0331265d38d1c6670ed6c749732,f15f5e1d8a0248d9b6552b4d39122bdd,delivered,2017-08-17 21:49:35,2017-08-17 22:45:18,2017-08-21 17:47:48,2017-08-25 14:46:06,2017-09-11 00:00:00
0350fc2d00f48ad8a74efdf4d2fd4bdc,c7f658d05c387b0664410be68026ef0d,delivered,2017-12-14 01:30:04,2017-12-14 01:38:20,2017-12-19 18:48:38,2018-01-19 21:47:50,2018-01-12 00:00:00
0966b61e30c4a07edbd7523f59b3f3e4,2fcc597b8934d99715dbfff7909dd27f,canceled,2018-05-22 18:50:55,2018-05-22 19:17:15,,,2018-07-03 00:00:00
07ad2a87dfce684f0b6a23886db925c9,fe196aba95e52d084e7bb60dbd8a23f1,delivered,2017-04-27 08:26:54,2017-04-28 11:41:28,2017-04-28 10:05:52,2017-05-15 10:09:22,2017-05-29 00:00:00
064e219a982901ccffc2d33432b77a2c,17e1a5591eec6af6ab825d5687790ee7,delivered,2018-04-10 19:24:04,2018-04-10 19:35:13,2018-04-11 20:24:37,2018-04-20 19:38:51,2018-05-03 00:00:00
0957ed870116e596b800540427c61497,0f0603d577f299ca129f39109268c546,delivered,2017-01-29 22:14:49,2017-01-29 22:33:34,2017-01-30 08:27:47,2017-02-08 17:14:55,2017-03-20 00:00:00
0c0200c8b683dcbc6138639044bb781d,e6369fd23db5134714b0ce70202cf74a,delivered,2017-11-16 12:16:30,2017-11-17 03:46:16,2017-11-21 14:03:04,2017-11-22 14:33:10,2017-11-29 00:00:00
05c1808ab7242e387b4947245e0c0649,069c942e82eba9152f2797da49e1e764,delivered,2017-03-08 16:49:01,2017-03-08 16:49:01,2017-03-09 05:44:59,2017-03-20 12:23:48,2017-03-30 00:00:00
04dd5aa087f6b04e0e145fb4c4fef047,2800b82a7d904585f1f78639be21f877,delivered,2017-11-27 17:19:45,2017-11-29 18:12:30,2017-12-04 19:52:37,2017-12-11 21:09:31,2017-12-18 00:00:00
07c33a9470d0df2a30cc8a8ebd0288d1,b4a2eabc4ac6b82d0f3aa2961fc9220b,delivered,2018-05-16 18:29:24,2018-05-18 05:16:30,2018-05-21 15:02:00,2018-05-23 14:58:36,2018-05-25 00:00:00
074d6aba62abd52ad27529d3fb746260,204bbfa4c9b59b50791939141259e2ed,delivered,2017-06-08 18:26:09,2017-06-08 19:03:26,2017-06-09 14:16:08,2017-06-21 16:53:46,2017-07-03 00:00:00
08b57d9de8bb87cfd045a7bc735ba831,b63fa2c5e73bc1c4f1340748442f0722,delivered,2017-05-23 19:52:27,2017-05-23 20:05:09,2017-05-24 17:22:13,2017-05-26 07:33:19,2017-06-05 00:00:00
0524a4740833e4c479484d6fd2735725,09d9f64ba169a1b0e2c8d9690ef483c2,delivered,2018-07-30 18:34:42,2018-07-30 19:24:23,2018-07-31 09:57:00,2018-08-03 11:51:39,2018-08-09 00:00:00
03f2794ace8d10c0af8614f6fac2be3e,748632357c64f888b1f6932d1eee4fd7,delivered,2017-05-15 20:46:00,2017-05-15 21:02:36,2017-05-16 07:40:25,2017-05-24 15:12:12,2017-06-08 00:00:00
06450a9849cb4a8c2f3bbeba9995b64f,6668dac2eb65c90a4b5662e8d5a38514,delivered,2018-01-19 20:26:21,2018-01-19 20:36:32,2018-01-23 22:08:06,2018-01-26 15:08:01,2018-03-01 00:00:00
03a54d3b0f15ac01bad656997420d3bb,574478d054c2bae93a3c66c8a32f4fd5,delivered,2018-05-28 19:15:19,2018-05-30 02:32:21,2018-05-30 13:50:00,2018-06-06 19:14:48,2018-06-26 00:00:00
0301ec492e902f2630234df285fa2a1b,25d1a8eaa40b155630ad44faa4b38e40,delivered,2017-08-30 16:03:26,2017-08-30 16:15:17,2017-08-31 19:29:58,2017-09-26 08:04:53,2017-10-03 00:00:00
029e3b4c8e64bea4ba22e456cd1930a3,95ec188041551055bfa8abedc15c9218,delivered,2017-08-10 21:05:20,2017-08-10 21:24:08,2017-08-11 20:51:14,2017-08-24 19:05:08,2017-09-05 00:00:00
0755fe651d86dd2feb3c6fff952d81e8,0f3e9d86fecf526bfb491387aece8e02,delivered,2018-07-19 18:01:16,2018-07-20 15:25:20,2018-07-23 08:56:00,2018-08-01 19:47:25,2018-08-10 00:00:00
0cd631e2d8ce9cf21c9ebe5b44f3a8c2,c6988d3eb60c30b1d49bb022715b9418,delivered,2017-12-09 22:00:13,2017-12-09 22:11:32,2017-12-12 08:54:55,2017-12-13 21:55:04,2017-12-28 00:00:00
0c0c2969d3adf4fffa3753dcc37f135d,6dc864b913bbfbe227bd1da4d8080a2a,delivered,2018-08-15 20:02:06,2018-08-15 20:15:17,2018-08-16 15:07:00,2018-08-21 20:38:44,2018-08-29 00:00:00
02671152ed141efc95384bdd230bc544,08ebd000e60012404de32cacee764799,delivered,2017-11-26 21:33:25,2017-11-26 21:53:43,2017-11-28 14:23:11,2017-12-12 19:33:36,2017-12-20 00:00:00
0a18d00cb652fc5698d4e3c3e01e7da0,e2bbf69f932758880f88508bea6207a4,delivered,2017-09-12 02:24:31,2017-09-12 02:35:11,2017-09-12 17:41:42,2017-09-14 11:53:12,2017-09-22 00:00:00
0cee2d1291e4f4af44e64ffa455e15de,ef2e2db30b8ddcc38f5106667b554b51,delivered,2018-01-01 21:38:26,2018-01-03 04:17:33,2018-01-10 19:42:18,2018-01-11 15:10:54,2018-01-18 00:00:00
0c33ff1cd479e404710b74a6077f6248,4b68278d4590a304f97e2943948c8d83,delivered,2017-11-26 13:10:46,2017-11-26 13:30:51,2017-11-28 22:08:53,2017-12-01 20:32:17,2017-12-11 00:00:00
0b192907ec8563bda5210247497aa9af,1239e518e80247840cd399727eb244a5,delivered,2017-10-24 02:04:42,2017-10-24 02:25:37,2017-10-25 18:23:33,2017-11-03 22:42:20,2017-11-10 00:00:00
084051935208c688c8cd5fae3d15810d,e7f806cb2cffddb308ed9bfd6bf5c5fd,delivered,2017-02-24 15:46:49,2017-02-24 16:02:42,2017-03-10 09:30:53,2017-03-28 16:52:33,2017-03-27 00:00:00
0420dbc50fc554e303e4b2d6b39063f6,ba5a299fef88320dbdadd124f5333bc6,delivered,2017-11-17 19:49:17,2017-11-17 21:26:28,2017-11-20 16:28:38,2017-11-23 22:44:46,2017-12-11 00:00:00
00471463a6106056c1a2a809f70de640,fcad74a7e0dff27c33e36cbd78280bf9,delivered,2017-09-21 22:00:44,2017-09-21 22:46:14,2017-10-04 14:45:15,2017-10-12 12:29:59,2017-10-20 00:00:00
02acaa2a6f24e9c4e0bec7141b65f29b,198f8a1c41eaeb274fc8b25993320f18,delivered,2017-09-07 04:14:08,2017-09-07 04:25:12,2017-09-08 15:15:01,2017-09-13 18:17:54,2017-09-28 00:00:00
03720fdc92032ee4abd471d172006ab0,116458665bac0ff47d5e87f65e8ec681,delivered,2018-08-05 21:34:54,2018-08-05 21:45:17,2018-08-15 17:42:00,2018-08-21 00:11:52,2018-08-17 00:00:00
051fcda88d997d3ff86012da2a556342,e13a5ed086aacc9b2b7466c78645b468,delivered,2018-08-24 14:59:37,2018-08-25 14:55:23,2018-08-27 17:58:00,2018-08-29 17:38:25,2018-08-29 00:00:00
02645c905eb7d1591a679f9bc3b669fd,7d81b5f1ff0e0a22a9496943f1df6cbd,delivered,2018-01-26 16:09:11,2018-01-27 02:41:29,2018-01-29 17:19:03,2018-01-30 14:48:45,2018-02-09 00:00:00
027b013d2186e25c2b82beb3679d0833,752b19f57cd013e2bf4e3c62da5a29e5,shipped,2018-04-11 15:49:16,2018-04-11 16:10:51,2018-04-13 20:05:02,,2018-05-02 00:00:00
05fdfff95f5ea9ee431961288fce4e0c,05f9f7e304de1bd029ce39f107848608,delivered,2017-11-07 10:44:53,2017-11-07 10:55:49,2017-11-09 23:16:32,2017-11-16 16:57:32,2017-11-27 00:00:00
06d8cb692ed19b092adaaf5337d01a39,485d59ed46bda4a60ac9ab15c32ec63c,delivered,2018-08-03 10:50:18,2018-08-03 11:04:11,2018-08-07 15:22:00,2018-08-10 17:24:34,2018-08-16 00:00:00
001c85b5f68d2be0cb0797afc9e8ce9a,48ed31e735f1c420ed6ca3637b7c744d,delivered,2017-11-24 19:19:18,2017-11-24 22:38:47,2017-11-27 12:42:15,2017-12-22 18:37:40,2017-12-14 00:00:00
02ea547b6d2ee25305588fd50df58b46,ff4545a3148f5a22667f301e00cb5ad7,shipped,2017-03-23 22:03:43,2017-03-23 22:10:24,2017-03-28 11:43:01,,2017-04-18 00:00:00
008fab5602c441d51f30b1464f5d4643,337e39b83fac394e62eb7876f45ee981,delivered,2017-02-22 10:37:41,2017-02-22 10:50:13,2017-02-22 14:03:10,2017-03-03 12:43:46,2017-03-23 00:00:00
059c0bd12954b4e72327c0ff67d9f2e8,c1f4176c8405099a08d876c2794e1958,delivered,2018-05-01 21:53:28,2018-05-01 22:16:29,2018-05-03 16:31:00,2018-05-10 18:18:32,2018-05-23 00:00:00
06d68cf3fe78e8d27c1047fe0346abc4,3e089f738aef695bac3734a9bce1ed20,delivered,2017-07-19 14:48:00,2017-07-20 02:23:59,2017-07-21 21:51:38,2017-07-25 00:49:46,2017-08-04 00:00:00
09f58c00f941827ab206de7796785e44,7c94da97db6fe83e123f80baab533a97,delivered,2017-01-05 16:05:07,2017-01-07 03:35:34,2017-01-11 15:47:40,2017-01-16 15:43:31,2017-02-13 00:00:00
097b96a18f0058373d0f5e3041a27f0a,439fd4a92dca4ea45485bd99e028004b,delivered,2017-08-17 08:36:15,2017-08-19 02:30:16,2017-08-21 15:33:03,2017-09-08 16:19:00,2017-09-28 00:00:00
0b7260709eb6a2884329b5ec9ef2b2a6,90dd38dda93bdc6dcbda8bfe0bb597ee,delivered,2018-05-01 18:42:40,2018-05-01 18:55:10,2018-05-02 12:30:00,2018-05-03 18:06:49,2018-05-10 00:00:00
0c00bf3feaaced2a198154419c788fc5,a4f809d1f8681ff7b4c03a3294528963,delivered,2017-03-20 17:15:11,2017-03-20 17:15:11,2017-03-31 19:34:45,2017-04-04 15:49:42,2017-04-18 00:00:00
06aea78197dd41a649372acb8dbc33fb,71982df42edbf42a7d4bcd238f007214,delivered,2017-10-03 10:00:51,2017-10-03 10:14:14,2017-10-06 13:59:44,2017-10-13 21:49:46,2017-10-27 00:00:00
08dfcccb31a3a2b6f527d245ebd3310b,1fe914be3f4027b4b54be92fdb3438f7,delivered,2017-10-03 09:53:38,2017-10-03 10:07:17,2017-10-04 16:30:10,2017-10-18 20:27:40,2017-10-30 00:00:00
0bf1392e4d1b5bb968191f48c30e5628,b8ec04c8a20aa6136b207e84ec12593f,delivered,2017-11-26 15:50:34,2017-11-28 16:03:01,2017-11-29 20:22:50,2017-12-15 16:32:05,2017-12-15 00:00:00
0af28d87520565eb3b57c9b2abe1a2cc,0a209a88c2e3dc2981c79ad85c558059,delivered,2017-10-05 19:23:16,2017-10-05 20:28:06,2017-10-06 17:15:17,2017-10-17 20:58:01,2017-11-06 00:00:00
02608b91ec6070ff5fcd4b63dd964232,d5f23b6e251fdf6e84267303b9b84561,delivered,2018-02-23 14:59:08,2018-02-23 15:46:17,2018-02-28 19:04:23,2018-03-01 20:37:11,2018-03-09 00:00:00
03d842e44ef7cae41da34acb402983fa,68b7ff9f504488d359f5933200a0bacf,delivered,2018-07-20 10:46:14,2018-07-20 10:55:19,2018-07-20 14:21:00,2018-07-27 15:44:50,2018-08-09 00:00:00
01380d0df5b7dc8bd13f2266a57bd42c,c903ba1283fbd5c51a9bad4ec9fd8d97,delivered,2017-04-17 19:32:46,2017-04-17 19:45:11,2017-04-18 09:48:21,2017-04-21 11:24:32,2017-05-08 00:00:00
02bee300cb834a5d334ae42fdc325e7a,9172f54a6e979ee28aaaada718189c9b,delivered,2018-06-19 17:51:45,2018-06-19 18:22:56,2018-06-20 14:07:00,2018-06-21 19:11:42,2018-06-29 00:00:00
05b2ebbb3869fd116a0a1c247ba70d00,115f6268f9705c6ed3b4119c8fe5f85e,delivered,2017-05-17 11:07:52,2017-05-17 11:22:29,2017-05-19 10:22:53,2017-05-24 13:16:01,2017-06-21 00:00:00
0334c2700a7e8ac0f3efeb36b4a91e68,48ee4490f797cdb00bf00f9255351ee4,delivered,2017-09-06 22:41:34,2017-09-06 22:50:15,2017-09-08 19:49:56,2017-09-19 19:52:37,2017-10-05 00:00:00
05e6501cdfbd86fe9a3a788c3d411091,a0262fcf5f286681fc96c8d2b8396208,delivered,2017-10-16 14:49:14,2017-10-16 22:33:05,2017-10-17 15:43:11,2017-10-19 22:07:33,2017-11-01 00:00:00
055336f2daf168319875b812d23de1d4,5840ca4dabfc4e4eac43cdc7123390c5,delivered,2018-03-24 13:13:08,2018-03-24 13:27:42,2018-03-27 17:36:59,2018-03-29 03:22:28,2018-04-06 00:00:00
0be284f82e07ecf4a437f85b82ba09cf,a3777228aa1a73a3bf9a3127609cf68a,delivered,2018-06-16 09:18:08,2018-06-19 03:36:39,2018-06-19 14:45:00,2018-06-21 17:32:34,2018-07-11 00:00:00
00bd2cb7e9076e1ccc9f766fc01a4cfd,45016dcb53fa07cb0c050dc78b2d6f51,delivered,2018-04-18 10:00:14,2018-04-18 10:15:17,2018-04-23 23:41:49,2018-04-30 21:16:48,2018-05-23 00:00:00
016fbc333d66b414be541c6159576c40,83fc79bfef5a8fb84c5d77f3748e0064,delivered,2018-05-30 18:09:10,2018-05-30 18:30:42,2018-06-01 14:58:00,2018-06-11 21:28:42,2018-07-24 00:00:00
002f16b7bc4530031b7d90f791b12d8a,1eeffe21744883fbf61fbf138dbb8eee,delivered,2018-07-02 16:51:47,2018-07-02 17:11:12,2018-07-03 16:35:00,2018-07-06 18:14:47,2018-07-25 00:00:00
0711b9c575a5235790c3f863179c3267,0338cedf9fd370fe655047aaa0725078,delivered,2018-06-01 08:21:03,2018-06-02 03:15:21,2018-06-05 08:27:00,2018-06-13 00:08:45,2018-07-12 00:00:00
011e6e76dd0cd56d26b5b0cb036e80a8,3a6fc4af206cad7a5eaca926cdffd0d7,delivered,2018-04-08 17:34:16,2018-04-08 17:50:12,2018-04-09 19:02:45,2018-04-11 20:53:28,2018-04-19 00:00:00
03c7acb8cfb3a3567a70fee4a1e2f82d,7a185d1a7b35b67cc0fa426ad845f666,delivered,2018-03-28 16:57:56,2018-03-30 03:27:00,2018-04-03 17:40:36,2018-04-17 18:45:54,2018-04-17 00:00:00
00f2c876aa08fbba04199823952e96c1,eb4fea182012be623175b35ee37dfe50,delivered,2017-04-06 10:21:23,2017-04-07 03:15:32,2017-04-10 12:04:47,2017-04-18 14:10:11,2017-05-09 00:00:00
0ba1dfa80ede726f98e36af9a418e437,cdc2e8e8d2dd01cc8e5556ab440ccb92,delivered,2018-04-20 14:47:55,2018-04-24 18:19:08,2018-04-24 21:25:47,2018-05-01 01:38:34,2018-05-14 00:00:00
0899b756a6357ed330e0620ad548d70d,2d90e2af0254c36c6a60ca45c25ecbc3,delivered,2017-08-30 01:51:30,2017-08-30 02:05:08,2017-08-30 17:42:33,2017-09-04 14:32:29,2017-09-12 00:00:00
08a14ebab7440e5f7bfd8ca0b37fc613,d115a25e0eea3efaa6033849f369ee16,delivered,2018-03-19 21:26:45,2018-03-19 21:35:31,2018-03-20 20:27:41,2018-04-03 16:54:58,2018-04-05 00:00:00
00f57f2ccce2a2e3f393fe8f5e616e0d,c5e16ca2f4093350809b5f66c5cdfd32,delivered,2018-07-08 22:01:30,2018-07-08 22:15:10,2018-07-11 14:28:00,2018-07-16 15:38:32,2018-07-30 00:00:00
0870ee292ce510fc7bf1ccd86a6d28c7,e2213ef52c2e5b77e384da020482acbc,delivered,2017-06-28 08:32:54,2017-06-28 21:45:13,2017-06-29 09:51:37,2017-07-18 15:59:48,2017-07-28 00:00:00
0b4129a3415a486e4965d618f9b5debf,c8dcc1767867cf118c0aa5f86519d14e,delivered,2017-11-26 12:59:04,2017-11-26 13:14:39,2017-11-29 22:46:49,2017-12-11 18:39:37,2017-12-22 00:00:00
035d66b23a4bba74f8119f9ebe3458ee,521302710083ba5e737ef5cf6438450f,delivered,2018-05-18 18:46:54,2018-05-18 19:14:43,2018-05-21 13:47:00,2018-06-06 14:12:25,2018-06-05 00:00:00
08cef746691fa27e23fe2c32a02c0e21,b169b69e3ad77c2ea0e63ae4710b863b,delivered,2018-02-26 14:09:33,2018-02-27 12:50:35,2018-03-05 23:52:19,2018-04-06 18:32:18,2018-03-26 00:00:00
0aa6d207e7ba004eef415715c25765ce,f467accea193ed2a3000f9ea4092820b,delivered,2018-04-15 11:59:06,2018-04-15 12:15:24,2018-04-17 03:34:43,2018-04-20 20:08:41,2018-05-04 00:00:00
0744ce655e97e70eb03a99cf52385502,ae2702f08dfccf04bf793a9cea9a4b31,delivered,2017-08-08 13:24:36,2017-08-09 02:45:36,2017-08-15 20:54:01,2017-08-23 20:26:55,2017-09-05 00:00:00
02a0929986b1647b2df9bb303b4851b9,aee9d44d59c6cb00a9d64b390666224d,delivered,2018-06-25 21:13:29,2018-06-26 08:57:55,2018-06-27 10:19:00,2018-06-29 22:21:32,2018-07-12 00:00:00
0a84fbd88ba3278bbb66308e79b2f416,bd82e5acdc4197ed672255f002b9cc45,delivered,2017-03-07 17:50:02,2017-03-07 18:03:26,2017-03-08 11:00:49,2017-03-13 15:22:53,2017-03-24 00:00:00
08acb70a4f06f300068802d8776fefaa,d95c4eb894db9fa73c355006bfa2534b,delivered,2017-07-28 10:29:15,2017-07-28 10:45:20,2017-07-28 19:52:01,2017-08-02 19:21:54,2017-08-14 00:00:00
0786c4c0e6cac26fe4f5c558b232e392,eeef230ea3868be789d424edb3b91546,delivered,2017-08-17 13:19:30,2017-08-17 13:35:18,2017-08-18 15:57:51,2017-08-28 20:56:06,2017-09-06 00:00:00
00a174dbf11967d260033fa6ab711493,ae06f7ef9cae527f248b5401c5663265,delivered,2017-11-27 10:29:23,2017-11-27 10:56:20,2017-11-29 20:03:53,2017-12-19 19:33:32,2017-12-20 00:00:00
0acfe927eda045512670dbbf763b330a,c56ac9e8772a402f6a167237b0c13f28,delivered,2018-04-21 15:10:55,2018-04-24 18:58:50,2018-04-23 20:34:32,2018-04-27 13:31:48,2018-05-17 00:00:00
082c7986084072affce4f8c0a20a39df,709a44317585874947086347088ff28b,delivered,2018-02-28 13:15:20,2018-03-01 02:35:36,2018-03-01 18:28:59,2018-03-23 19:14:33,2018-03-19 00:00:00
0bcb914e60bb0de6160699483722bc0d,7095f9b891c923ab4e2298b22649e6ca,delivered,2018-05-06 19:50:08,2018-05-07 09:56:10,2018-05-11 15:31:00,2018-05-21 21:28:20,2018-06-04 00:00:00
03e94224875e6dec154cc7a142ce5de2,bb7651b2df4512e6c29ff35a7b8cd754,delivered,2018-04-23 10:09:03,2018-04-24 18:11:03,2018-04-24 17:42:08,2018-04-25 18:58:59,2018-05-08 00:00:00
0231382a78f19752dabca6a86b618152,02cb822eec8b6309e7ce715ccea3390d,delivered,2017-03-09 21:17:43,2017-03-09 21:17:43,2017-03-16 09:30:51,2017-03-23 12:42:21,2017-03-28 00:00:00
05580ea6005bac590a3f143473c9b296,b22929060c67ae572e2e82d531af2fc4,delivered,2017-11-25 21:45:35,2017-11-25 22:33:48,2017-11-28 18:02:46,2017-12-19 22:24:04,2017-12-22 00:00:00
09903fb2d8388ac463b7c269c099b6cb,8f1a32257a013ab264c572e0b3ed01c4,delivered,2018-06-12 20:30:43,2018-06-12 21:04:01,2018-06-18 09:51:00,2018-06-24 13:18:29,2018-07-13 00:00:00
070b4a621a6d06dcff9122e5c04b353a,9bf7217158566072ba308c3d057bbc44,delivered,2017-09-10 09:30:28,2017-09-10 09:45:09,2017-09-13 18:50:01,2017-09-18 20:38:39,2017-10-02 00:00:00
04d9462386313112744bfe028575d10f,a7fd924b11c1776e4992293e2b2694d3,delivered,2017-06-12 13:55:51,2017-06-12 14:05:22,2017-06-19 16:23:25,2017-06-26 14:58:04,2017-07-11 00:00:00
02bfd16c1a67263989b258fa92e20d3b,8f720778bef871705f690cdd7f2c7407,delivered,2018-08-16 20:02:31,2018-08-16 20:15:21,2018-08-17 12:05:00,2018-08-29 20:49:41,2018-09-12 00:00:00
06f4b63a078dd3d2ca46e379c2ab419e,8eafb1ae4b90494f3c3460771c07612c,delivered,2017-06-23 17:36:41,2017-06-23 17:50:12,2017-06-26 13:42:17,2017-06-27 16:17:35,2017-07-06 00:00:00
0571cdb407bf04b419c94ffd7acbd874,2ec7666d1077597d4e4ff2116a319530,delivered,2017-01-19 21:24:05,2017-01-21 03:05:52,2017-01-23 11:41:56,2017-01-30 13:24:45,2017-03-03 00:00:00
0cedb7b34000334cf6a9e407fcaa5203,b9a96d45b2fc1fb779cd86dba54a3110,delivered,2018-07-11 13:32:41,2018-07-11 13:46:31,2018-07-12 12:44:00,2018-07-25 00:10:54,2018-07-31 00:00:00
0ac372f92fbec55ca27ef4fa99a6a13a,96d3328d8b8625bc4d656279e1515bee,delivered,2018-01-11 14:01:09,2018-01-11 14:12:26,2018-01-13 02:51:29,2018-01-24 16:39:08,2018-02-09 00:00:00
07182ece031138fc6c7f81b60b1eb329,704230ce6edfc1682d86cddb7f8216ae,delivered,2018-04-16 01:48:45,2018-04-16 02:12:06,2018-04-17 15:38:46,2018-04-23 22:46:46,2018-05-07 00:00:00
03054d8a8eefc2981cfad06f58e27979,9bd2f246e81c19f65c539ce426288ef5,delivered,2017-10-02 10:25:22,2017-10-03 10:35:11,2017-10-09 17:57:50,2017-10-19 21:03:49,2017-10-25 00:00:00
068027bd6fbd44e949cfb70acad89b55,8e20f087ea52d83311b8a9df03ab67f2,delivered,2017-08-14 13:26:46,2017-08-14 13:50:19,2017-08-14 20:25:50,2017-08-15 18:25:55,2017-08-25 00:00:00
0452092bf08cf43ddab32ebec9e75d2d,bc2723356fa3f373b455c0a3112dc495,delivered,2017-02-21 10:53:34,2017-02-22 03:15:16,2017-02-22 09:34:31,2017-03-16 10:41:44,2017-03-30 00:00:00
09ff646bb8e18894b907e5b76f5fca59,08ba3f633e08284c827e14b9700d8949,delivered,2017-09-09 03:20:20,2017-09-09 03:36:47,2017-09-12 12:38:51,2017-09-20 19:14:04,2017-09-27 00:00:00
0904fb2c91a18099a0b7315f1ac9501b,d3d5a2955341122b1b68164dcbbc948e,delivered,2018-02-13 20:10:23,2018-02-15 04:27:02,2018-02-15 22:08:06,2018-03-17 02:13:03,2018-03-12 00:00:00
00ab1aba567dfebdc39caa4e7ca2f1b2,f2a48c51664d5ca2d7401f95994bb8a9,delivered,2017-09-01 14:01:04,2017-09-01 14:15:16,2017-09-05 21:11:01,2017-09-12 14:07:44,2017-10-03 00:00:00
0b9e3cb461332c63fffd742e522832a1,d214a4a86c30fcb8f92dac5260ece938,delivered,2017-10-29 18:18:53,2017-10-29 18:30:53,2017-11-06 21:53:44,2017-11-08 21:42:55,2017-11-21 00:00:00
06bad3a130e91f7b26791dba22abc0f5,914f5d77198dea1b107e105471d3db24,delivered,2018-02-09 17:21:15,2018-02-09 17:35:31,2018-02-15 16:19:15,2018-03-26 17:49:03,2018-03-07 00:00:00
03b89e8b0ef3ba18cc903dbaa7aff107,5323a8b4980e72ece631b3f3e77642a5,delivered,2018-07-08 20:33:28,2018-07-08 20:45:12,2018-07-09 12:55:00,2018-07-12 19:08:45,2018-07-26 00:00:00
00345f338696283410b7977d2e3efc89,3f9d223f86d2f243dd5a85fdc286c62a,delivered,2018-08-20 11:06:46,2018-08-20 15:12:10,2018-08-21 13:18:00,2018-08-30 21:13:48,2018-09-11 00:00:00
098252064bc68acd5911a587b58b2cc4,e1786bf866d54dbf3f18f24fc7a02ced,delivered,2017-04-28 23:28:42,2017-04-28 23:42:46,2017-05-03 10:30:31,2017-05-10 10:51:55,2017-05-25 00:00:00
032c9c5e050a01a77c20be3989064308,1fb67b763df136bf1a29f1da8eeb128d,delivered,2017-08-15 20:40:16,2017-08-15 22:10:22,2017-08-17 11:15:48,2017-08-24 18:55:19,2017-09-11 00:00:00
06ca213ef85421d96ee0fe529d0f5885,4e1466d23cf154bc57e343db77279d5a,delivered,2017-07-11 16:36:24,2017-07-11 17:30:24,2017-07-12 20:13:54,2017-07-18 19:35:34,2017-08-02 00:00:00
039ec885e36627ae6353cfd42a41c5da,f970cf91aebb424d5389764dbc72d2b1,delivered,2018-02-22 12:45:26,2018-02-22 12:55:51,2018-02-23 18:18:39,2018-05-03 22:13:30,2018-03-19 00:00:00
0ab8d66a698afcb3665ba9be03cedc6d,2ffc88ec5e8f0015074628574fdee23c,delivered,2017-12-04 21:30:05,2017-12-05 10:30:41,2017-12-12 21:54:43,2017-12-13 20:05:20,2017-12-20 00:00:00
038297c93a230b204ceeca7e2720b464,a51b2e9f1088010982a0bcf451a4de6d,delivered,2018-02-10 22:17:24,2018-02-15 04:07:47,2018-02-16 16:56:48,2018-03-02 14:59:04,2018-03-09 00:00:00
0306b467a7c7d400d265b71cf6608e15,4ff38991e49354d05057650b0033234f,delivered,2018-02-01 11:32:12,2018-02-03 02:53:21,2018-02-05 15:56:44,2018-02-09 16:36:44,2018-02-23 00:00:00
082d1a4833001c9e4d9a97109ea180d6,3bc5243906b84d5c2d343147f0eafbe4,delivered,2017-10-18 08:45:41,2017-10-18 08:56:30,2017-10-18 19:32:07,2017-10-20 20:11:48,2017-11-06 00:00:00
08adcddad19d3acf37d1fa01cb9ded1e,94c2f45091985c47b4c4fb301113f0a4,delivered,2018-06-27 11:16:44,2018-06-27 11:30:56,2018-06-27 10:57:00,2018-06-29 17:39:53,2018-07-18 00:00:00
05d61bb749461f4805dbda51f767fa47,80f16375ce928674fe11f2e5130208e1,delivered,2017-08-29 19:04:05,2017-08-29 19:15:17,2017-08-31 19:37:26,2017-09-15 18:42:30,2017-10-10 00:00:00
0c5cdf9ab91788bffa3d0f7e8ce4b213,f4b699445bfa4eb7d6247e4f47eae9e0,delivered,2018-01-26 16:45:03,2018-01-26 17:04:09,2018-01-27 12:29:00,2018-01-29 19:27:57,2018-02-09 00:00:00
036b791897847cdb8e39df7943367474,04719f10ea55e8d39bff210bea43c1a3,delivered,2017-05-10 15:34:59,2017-05-12 02:50:36,2017-05-12 10:05:30,2017-05-17 11:14:40,2017-05-18 00:00:00
090df55d4945ec96f88731875465407d,51305a24f02a05869e1fa706fd5d5bd3,delivered,2017-07-17 20:15:39,2017-07-18 21:43:30,2017-07-20 14:12:24,2017-07-26 03:13:31,2017-08-11 00:00:00
09575d6ffa589cae127ff0e6c1b974ed,c3563d85f2d3642472263a25a98d9fc5,delivered,2018-04-24 14:23:18,2018-04-24 18:03:54,2018-04-30 12:45:00,2018-05-08 22:05:24,2018-05-17 00:00:00
071cf21dda000c6ce3b50a56374b1b89,67fcfd9052233afa10b632e4683f6f2f,delivered,2018-06-12 09:46:19,2018-06-12 09:58:59,2018-06-13 12:28:00,2018-06-23 16:16:39,2018-07-17 00:00:00
06499dd792313ae78e92e4819ffceff9,35e6428c10b500bb6f921daee26e88d8,delivered,2017-04-26 11:30:38,2017-04-26 11:42:45,2017-04-28 12:24:59,2017-05-10 09:08:42,2017-05-24 00:00:00
062b1b23a7928be5abeb406e5889e08e,7d6a0d2bc3cd8656c1be4de50b4d73d3,delivered,2018-03-21 22:46:08,2018-03-23 02:07:35,2018-03-23 18:44:30,2018-05-08 20:19:01,2018-04-23 00:00:00
078e048ccc8dc8b449dedc064b860b0f,a599bcb4e597bbc3a7b1a1f6e39988ee,delivered,2017-06-22 19:29:40,2017-06-22 19:42:44,2017-06-26 17:21:57,2017-07-10 10:57:56,2017-07-05 00:00:00
0b4aab4ef70208498663141571f68116,e46010c28f8c49202bcf2a0b0347189d,shipped,2018-03-08 11:17:00,2018-03-08 11:25:30,2018-03-13 15:04:38,,2018-04-16 00:00:00
03ab852861cd75d0a9225c92a3354a3a,4236ba0e8837211a7c2d22719c96bf86,delivered,2017-12-10 10:03:25,2017-12-10 10:10:25,2017-12-12 00:41:29,2017-12-16 17:08:12,2017-12-28 00:00:00
06ed17679c8b0ff15675069ab6217783,15a1e1d176ac754126d54e0c861e5883,delivered,2017-05-28 09:37:43,2017-05-28 09:45:15,2017-05-29 10:26:55,2017-06-03 08:51:32,2017-06-12 00:00:00
039ff75de38e514eaa8ffb2618d5227e,de95d380cf871cae8dc79670a84a1bbe,delivered,2018-01-03 08:46:55,2018-01-03 08:57:24,2018-01-05 19:45:52,2018-01-09 19:16:54,2018-02-02 00:00:00
03e707d64a286c3fbad59b8c89cafd95,52857131a4ec3f7a9ffcfdfa5d417ae4,delivered,2018-03-24 09:52:16,2018-03-26 12:30:34,2018-03-27 21:32:44,2018-04-17 19:48:37,2018-04-18 00:00:00
0919371859b3150228068cde3b07c122,8be17a073e7cd65a10e13bd307a20592,delivered,2018-06-04 20:59:42,2018-06-04 21:12:49,2018-06-05 14:46:00,2018-06-07 15:51:38,2018-06-28 00:00:00
0ad3fdda3076a1be91b13c89f2049266,8475bc1245abac7e49488d01f3b8f98e,shipped,2017-08-04 13:36:21,2017-08-04 13:45:16,2017-08-07 20:42:23,,2017-09-08 00:00:00
06c8b01414c769ebb36a9cd0fdb97baf,9bfb255b9b882baed6b515d644f93f45,delivered,2018-01-25 22:30:19,2018-01-25 22:56:58,2018-01-29 17:04:12,2018-01-31 22:06:49,2018-02-09 00:00:00
0a53864d69001a165085a6488ab75469,218748ee4a5388be76c4b35fe97f92e1,delivered,2018-01-16 12:38:49,2018-01-16 12:52:11,2018-01-19 16:29:01,2018-01-30 19:58:13,2018-03-01 00:00:00
0ca4b3b797fddd6288abcd726e5669e3,b2b204350c535ec8e130d1e42dba1bed,delivered,2018-08-21 18:02:44,2018-08-21 18:10:23,2018-08-22 14:43:00,2018-08-29 15:12:27,2018-09-03 00:00:00
085bc46be56c7b3c4d5d805843d02e5e,bd80c756ce1d4487087d59f88ebb9ea7,delivered,2017-07-04 18:48:46,2017-07-05 17:43:39,2017-07-06 16:27:05,2017-07-10 19:12:06,2017-07-26 00:00:00
075d1d2a3ac6d55e925dda5e2ad0c6fe,acad447a2406e2d43fad356e2d89aec3,delivered,2018-03-18 17:31:21,2018-03-19 17:29:46,2018-03-20 23:02:34,2018-04-05 00:12:46,2018-04-13 00:00:00
0ab93232e2390bb66ff047c39fd91077,e6cc3085bfd669d31daced208e8f9a69,delivered,2018-01-01 18:31:59,2018-01-03 04:30:35,2018-01-05 20:19:47,2018-01-10 16:12:48,2018-01-30 00:00:00
019440e41e276668d99d996d5d1a22c1,477d0086341df0308127cef59628e7be,delivered,2018-06-12 23:05:15,2018-06-14 02:38:39,2018-06-14 15:23:00,2018-06-19 22:21:21,2018-07-11 00:00:00
01bdc09119b132e176e5c8f2cf68b0ac,9b5f0ef5de7b703b77e1131e68263de9,delivered,2018-08-16 15:59:08,2018-08-17 15:50:16,2018-08-20 14:06:00,2018-08-27 20:42:18,2018-09-12 00:00:00
03ffce741877a000ca0fb3520673d4c4,e937151346d1bec664f5b80cd798bdd2,delivered,2016-10-05 15:17:57,2016-10-06 16:02:36,2016-10-15 12:39:28,2016-10-25 20:28:33,2016-12-09 00:00:00
04e452498b75f049f617f5ed7ffc0633,52ebfe7b40ff6cbe2db79c566f36e6bb,delivered,2018-05-22 23:30:07,2018-05-22 23:57:56,2018-05-23 20:23:00,2018-05-24 21:18:24,2018-06-06 00:00:00
06486b73d8d1705c15e0d13f6adcbf84,7f29240004dd657bbdf131b0ec558634,delivered,2018-01-20 18:32:47,2018-01-22 13:50:53,2018-01-23 21:34:05,2018-01-25 16:03:44,2018-02-06 00:00:00
05a71c571d4602a72418b73366543cd9,b7494292e530fcf77327f1649793a426,shipped,2017-08-18 21:38:07,2017-08-18 21:55:06,2017-08-24 13:23:33,,2017-09-20 00:00:00
0bd742b9af9192bb314ed381e518eb50,267155aade3f34620d2f244df28a04e4,delivered,2018-02-27 18:52:33,2018-02-27 19:10:44,2018-03-12 18:21:51,2018-03-19 20:54:20,2018-03-21 00:00:00
09de1c09553be98d80e730e53641c515,a7ba98528d4d1bb722a25e574d5a09cc,delivered,2018-08-20 14:16:16,2018-08-20 16:15:21,2018-08-21 15:38:00,2018-08-25 17:02:45,2018-09-04 00:00:00
0a671900301b8fcb176e26d685aa7fb2,383302d43ca2506b3170ad8cba658b95,delivered,2017-10-31 21:42:47,2017-11-02 02:31:19,2017-11-03 23:18:51,2017-11-06 21:26:47,2017-11-10 00:00:00
065a7d9057589f809082e012f696cb5d,0410837784e2dbaa9a557a94d9975b14,delivered,2018-04-11 10:48:09,2018-04-13 12:34:24,2018-04-18 13:46:46,2018-05-02 21:04:34,2018-05-14 00:00:00
09b8c1e504ab1fce7031c710bd8558d6,53344341e1300beda6e4cdae3b6b3496,delivered,2017-09-13 17:04:49,2017-09-13 17:27:41,2017-09-14 15:16:26,2017-09-15 18:32:48,2017-10-02 00:00:00
04323742e042716e4427a5b3536ea08f,ec2d2a258b058be97d409669ab436028,delivered,2018-04-23 00:34:50,2018-04-24 17:43:07,2018-04-23 21:21:18,2018-04-24 21:44:36,2018-05-10 00:00:00
0911316604300fefa8aef39f81380c66,783d82c1a8f9a43b9309e0ef3d2be665,delivered,2018-07-05 11:41:36,2018-07-05 18:10:50,2018-07-06 11:16:00,2018-07-10 21:18:49,2018-07-18 00:00:00
0b9b1c5bbb14862e0e96660280048b04,2bd46622c473bea1ca8f10e37be933ec,delivered,2018-06-04 14:34:15,2018-06-04 14:51:11,2018-06-05 15:10:00,2018-06-06 17:59:05,2018-06-28 00:00:00
030e16ae69706dde9e78557f9b501657,a33361b4c45890c7b762296a3eec1f9b,delivered,2017-05-26 16:12:07,2017-05-26 16:22:52,2017-05-30 16:26:23,2017-05-31 11:25:46,2017-06-08 00:00:00
0a7d898c6305101e69e9f5a05cd0130d,3960b54ae7f5ec5965a08bf94efc2411,delivered,2018-06-12 16:38:43,2018-06-12 17:13:47,2018-06-14 12:25:00,2018-06-29 21:15:46,2018-07-11 00:00:00
06ff862a85c2402aa52dc9edf150bf30,0a978c825ff7d013133ddc7f77566172,delivered,2017-11-30 13:31:08,2017-12-01 11:30:56,2017-12-01 17:51:53,2017-12-28 22:27:57,2017-12-28 00:00:00
0c6a968e3824f733a18b9c40b2620865,4d3afd054c81809d99eacd8a22e08075,delivered,2018-05-29 16:12:48,2018-05-29 16:39:01,2018-05-30 12:22:00,2018-06-07 16:28:53,2018-07-19 00:00:00
03ebfa9712b7dbc7031291856263b314,4024b83c510f004326fbcf0671738663,delivered,2018-03-23 11:20:04,2018-03-23 18:48:53,2018-03-26 21:17:58,2018-03-27 15:04:27,2018-04-05 00:00:00
039450cd44c5b6c68f8d2bada4eb315f,b797ea51195bc7d2e372d6243af24b02,delivered,2018-01-22 19:04:11,2018-01-22 19:14:35,2018-01-24 00:38:26,2018-01-27 00:26:46,2018-02-14 00:00:00
056793ca2483a5d5943cb5bd90f5b314,25308e9c16af1a99ce8c88b431f0bca5,delivered,2018-08-27 15:04:59,2018-08-28 03:50:21,2018-08-28 15:48:00,2018-08-29 15:58:23,2018-08-30 00:00:00
01c4f4e08d9e8b7c5bd47e612285993f,51e4740dd528fe393562380ba49e41ec,delivered,2017-11-24 00:31:33,2017-11-25 04:30:44,2017-11-28 16:39:05,2017-12-04 22:36:32,2017-12-14 00:00:00
06de165212eea16e848d38f4392d5c11,2e3648e35008f6586b84e6ee8bbfd25c,delivered,2017-06-19 16:11:57,2017-06-19 16:25:14,2017-06-20 13:52:59,2017-06-28 14:09:53,2017-07-18 00:00:00
0577713eb945f355426be26104c26b77,e156056171de3be3501585f3146ad708,delivered,2017-04-23 01:17:39,2017-04-23 01:30:14,2017-04-25 07:17:37,2017-05-19 08:35:31,2017-05-19 00:00:00
02440f65dc09737b491463739c347446,53997caa650ff808a586d343b0789fd1,delivered,2018-02-26 09:57:21,2018-02-26 10:16:19,2018-03-02 20:44:44,2018-04-03 20:38:46,2018-03-19 00:00:00
09badf53476a6bda72b4728e858a3433,9872961494c04c3939cc4fa43bfaeb75,delivered,2018-02-05 13:51:27,2018-02-05 14:10:47,2018-02-06 16:04:24,2018-02-19 19:40:19,2018-03-01 00:00:00
0b3b5e521f3ad8a57d4c4bcdc034446c,7905466cd09e084e02563c8473d9397d,delivered,2017-03-22 22:47:42,2017-03-22 22:47:42,2017-03-24 11:36:26,2017-03-31 13:04:25,2017-04-12 00:00:00
06cbf106e272a3ec4e936665d4489591,6fe5e50362aff82c34c213c56574bd09,delivered,2017-11-29 16:14:04,2017-11-29 17:30:52,2017-12-02 16:44:48,2017-12-21 19:07:17,2017-12-27 00:00:00
042ce41927758767ec2aa0de06486b4c,ffa8a2de48bb3fb30f0452c34d3b978d,processing,2017-12-01 10:39:13,2017-12-03 10:53:16,,,2017-12-29 00:00:00
08090fccbb124a320054723db6201076,a272379c2986937171771cd55ebd00ff,delivered,2017-11-26 19:13:20,2017-11-26 19:34:18,2017-11-30 21:52:24,2017-12-14 23:08:38,2017-12-20 00:00:00
089e38da3f1d828e95e2117ba84af02d,a262ff96bd2edd5049f3e9a759232fe4,delivered,2018-02-28 14:23:31,2018-02-28 14:35:42,2018-03-01 23:15:34,2018-03-09 20:20:50,2018-04-10 00:00:00
0b941db180b52d77ad40655b465e6632,30bc4543eddb2d5677f3ef3245826c2f,delivered,2018-01-08 15:11:51,2018-01-08 15:19:26,2018-01-08 22:56:54,2018-01-11 16:28:56,2018-02-05 00:00:00
05646cef8f5791776e224b7967607b4f,e3d26d1fe9b0926a8a306b11179bbd00,delivered,2018-04-15 16:50:27,2018-04-17 06:11:32,2018-04-17 21:36:35,2018-04-25 21:46:45,2018-05-15 00:00:00
04158f13c5f4533ee32baa89521cf9ba,6c84ea1d496954fa658db8f7f20467d5,delivered,2018-08-15 09:48:31,2018-08-15 10:04:07,2018-08-16 14:23:00,2018-08-28 22:08:33,2018-09-06 00:00:00
06afc1144eb9f51ef2aa90ec9223c7f4,e8be078dee76002545a9c5f10b7d7c4e,delivered,2018-08-15 17:13:07,2018-08-15 17:25:20,2018-08-16 14:44:00,2018-08-24 22:54:42,2018-09-20 00:00:00
0b273b3e899144ab36619eda910cc72a,af605ee4741b701d7e3369192f200a40,delivered,2017-11-24 16:27:29,2017-11-28 03:32:42,2017-12-04 23:41:50,2017-12-12 16:03:55,2017-12-14 00:00:00
090353bbd0b20f65c374b389aa15dcf4,975b4155ac0320833dc30e150b1d5ce0,delivered,2018-07-24 19:26:30,2018-07-25 02:50:16,2018-07-26 16:03:00,2018-08-03 15:02:13,2018-08-15 00:00:00
00042b26cf59d7ce69dfabb4e55b4fd9,58dbd0b2d70206bf40e62cd34e84d795,delivered,2017-02-04 13:57:51,2017-02-04 14:10:13,2017-02-16 09:46:09,2017-03-01 16:42:31,2017-03-17 00:00:00
0983f1f175846f974bff91862731fa68,43828af3e880066850c0cf0fc0f5e56a,delivered,2018-04-22 19:36:08,2018-04-24 17:55:38,2018-04-23 23:12:14,2018-05-03 00:21:29,2018-05-23 00:00:00
06c94a45382f44abb2968a87bcee9bcf,79566318b6a66b5ea84699122114a934,delivered,2017-12-10 13:55:22,2017-12-10 14:10:33,2017-12-11 16:58:18,2017-12-20 12:03:41,2018-01-05 00:00:00
036cec7829a9824855ee4c751a430313,6e1cc706f1e28392811d300080f12b31,delivered,2017-08-04 09:00:00,2017-08-05 02:55:22,2017-08-07 15:38:12,2017-08-08 18:17:00,2017-08-17 00:00:00
06eda05597492635e3b91e00aa434332,0d50609a16197a4158052601ce51d830,delivered,2017-05-22 23:20:39,2017-05-24 03:05:27,2017-05-24 10:07:21,2017-06-01 12:51:31,2017-06-13 00:00:00
061b74bca735bb2c1953e40bc098101d,0c8050459705eab48d6faf4b118109be,delivered,2017-11-22 20:40:31,2017-11-22 20:48:26,2017-11-24 17:14:40,2017-11-27 13:47:17,2017-12-07 00:00:00
05147da86ae779803eaa2a5480010af9,83a4c167271d0e1fd401e9f18a66d7c7,delivered,2018-06-09 01:44:40,2018-06-09 01:55:12,2018-06-11 14:56:00,2018-06-12 20:50:42,2018-06-20 00:00:00
07629443859f99dfac4443b102f31ead,62a8b4a0d10a8fa0f5c34059b7758859,delivered,2018-08-20 18:55:21,2018-08-20 19:29:52,2018-08-22 06:06:00,2018-08-27 18:42:05,2018-09-11 00:00:00
07bebe0626c8053ad425381fe0882655,a7077f133d9d048e55dc77a59d97c83e,delivered,2017-09-22 11:16:39,2017-09-26 04:07:12,2017-09-29 22:33:53,2017-10-05 21:07:46,2017-10-19 00:00:00
01f80c40f143af17e50622fe26ca76c4,6909938bdfdc79e0e6a5eeeb781566ab,delivered,2018-05-20 14:26:45,2018-05-20 14:59:28,2018-05-21 12:42:00,2018-06-02 12:27:35,2018-06-19 00:00:00
0b461bff8323f6fec51ec6254a81d562,3225c076223e4cf8512be1779e066df8,delivered,2018-06-22 12:48:41,2018-06-23 02:20:20,2018-06-27 18:51:00,2018-07-05 19:54:39,2018-07-11 00:00:00
066a60f7b0700a942ba22b627ebff13b,643c75fed93c5f43541eaf9c6c8b4828,delivered,2018-07-17 22:44:42,2018-07-17 23:01:44,2018-07-19 14:59:00,2018-07-31 18:02:57,2018-08-08 00:00:00
0a32c98faaa09357e357a60d02704a3c,e4b0c4c6ec684f615278f2dd9d7e0bbd,delivered,2017-12-14 09:36:10,2017-12-15 02:19:42,2017-12-15 19:58:10,2017-12-20 12:43:24,2018-01-03 00:00:00
05b3b36808b4c685d4a2753ad6fec9a3,9beaa860baba91e8b22a41bf8d013023,delivered,2017-11-08 22:54:00,2017-11-08 23:11:11,2017-11-09 19:16:43,2017-11-21 18:58:47,2017-11-30 00:00:00
09249f4625a56408772a45322aadd544,9d4454db8535593c2a2f165869f30bc5,delivered,2018-08-07 10:19:43,2018-08-07 10:35:16,2018-08-13 15:25:00,2018-08-16 21:12:39,2018-08-23 00:00:00
0cf34928cb98d81a295f478ebf553c84,e1a7cfb92cade4aedd22ea4860bb848c,delivered,2018-03-02 14:16:43,2018-03-02 14:35:36,2018-03-06 23:28:37,2018-03-08 01:18:57,2018-03-14 00:00:00
0a8d9ed968d08daf5ef8a5cbf0bbe833,031d6ed886ccf5805f9da926fbe0fba1,delivered,2018-03-28 12:37:51,2018-03-30 03:15:46,2018-04-02 20:05:21,2018-04-12 00:22:35,2018-04-18 00:00:00
0c6715b2f888887f2ab9c7d6e099d38b,fb0ae2ee2f5c745390ef3a22158cd253,delivered,2017-11-05 18:34:14,2017-11-07 07:30:33,2017-11-08 17:58:57,2017-11-14 16:12:23,2017-11-30 00:00:00
0b1652557b7b9bf7c885236e4798dd91,d12b97844cdb418736b09a98bd775fc3,delivered,2017-04-07 18:08:31,2017-04-07 18:22:52,2017-04-11 06:08:13,2017-04-19 14:21:48,2017-06-07 00:00:00
0547acbb31f582333f75c3fca2652969,dbd72a02438012f5b026b90630aa8bbb,delivered,2017-12-02 20:45:44,2017-12-02 20:56:33,2017-12-05 22:35:42,2017-12-12 21:35:19,2017-12-27 00:00:00
0a0185b8b72cbf2290c3e4218300a61c,b9ad88365f35c931dbbbeab892857006,delivered,2017-03-14 22:08:50,2017-03-14 22:08:50,2017-03-22 08:17:40,2017-03-24 16:07:44,2017-04-12 00:00:00
09ced678dfa43843d2f38c410def94aa,7ddf54360177b27382331360ba87ec83,delivered,2018-08-05 20:58:28,2018-08-05 21:10:18,2018-08-06 10:45:00,2018-08-09 11:14:46,2018-08-22 00:00:00
02564f320004c61ebf621191f06365a9,29880b59222c463f415962d277f449df,delivered,2018-02-18 17:02:17,2018-02-18 18:06:57,2018-02-22 12:59:14,2018-03-02 17:03:55,2018-03-09 00:00:00
0a72bb193c65199cdd69574aac533a83,b885ff39577dedbe1fcf4682be87619e,delivered,2018-05-21 13:54:10,2018-05-23 02:38:31,2018-05-23 14:08:00,2018-06-08 23:39:39,2018-06-12 00:00:00
0713f1dd3cdb0f62e71d9a1f01c2bc0b,e1e49b430a59e70670e977664c8f2f8f,delivered,2017-08-01 07:31:32,2017-08-03 16:50:08,2017-08-04 19:19:47,2017-08-10 19:44:26,2017-08-24 00:00:00
02dcfbe3274b16820a9fca74c156dc9a,568582be60824f5a39353bf7aafcffae,delivered,2017-11-20 13:53:01,2017-11-21 04:07:05,2017-11-30 00:17:04,2017-12-05 18:09:12,2017-12-12 00:00:00
076d991923ee938761994a4255f5c5da,9a22acb51c785b2f42ec2fe871ea3bd2,delivered,2017-12-11 09:13:27,2017-12-11 09:30:01,2017-12-14 18:59:51,2017-12-29 21:39:02,2018-01-08 00:00:00
03171e00c28f7c3e5c779c2c1009a458,7c08087045374bb1d3d72120ba4f1cc6,delivered,2017-08-10 14:54:28,2017-08-10 15:10:25,2017-08-23 18:17:03,2017-08-25 16:41:46,2017-09-01 00:00:00
09d062f6e1122b61b5ebf287cfd6be11,aa3d6e1aec530b8994b66bb129ac2bf3,delivered,2017-10-17 10:42:30,2017-10-18 03:06:02,2017-10-18 19:52:01,2017-10-24 18:09:51,2017-11-10 00:00:00
06a05e46d787299f6277bfcb590f2ef5,4c05603dd6bd8a1afa59f2684620ffd4,delivered,2018-01-10 23:47:40,2018-01-10 23:55:31,2018-01-16 19:38:52,2018-02-03 15:18:59,2018-01-29 00:00:00
00fdb72e467da6f3b000b19b368a6cf6,299735fa1daa3e83ee1048309d22f9da,delivered,2017-10-24 21:31:18,2017-10-24 21:49:17,2017-10-27 20:47:46,2017-10-31 22:18:43,2017-11-24 00:00:00
0c892a79e462e31570b88739be67f32d,946f35bd37b2438f7f2d68da8ed3b963,delivered,2017-03-24 15:02:41,2017-03-24 15:15:11,2017-03-27 14:04:43,2017-04-04 05:49:54,2017-04-17 00:00:00
02e440cd2d735b66f2c859ecd1ec44bd,b88b46011ba920177266af7a03a3496e,delivered,2017-11-24 00:07:16,2017-11-24 00:56:34,2017-12-05 02:04:37,2017-12-14 12:48:31,2017-12-14 00:00:00
03a579c0699b16c6fc6d5db022a6e85a,649107d090eab6138e15dcd83260d2f1,delivered,2017-11-30 19:56:14,2017-12-01 09:31:04,2017-12-04 12:39:03,2017-12-05 19:32:13,2017-12-18 00:00:00
013a98b3a668bcef05b98898177f6923,60c23b4f05e926f24472f5ae2ec6b89c,delivered,2018-08-11 23:17:37,2018-08-11 23:30:11,2018-08-13 14:06:00,2018-08-17 14:38:36,2018-09-17 00:00:00
0188ca1fe398161f0f310fec985ac155,c2b33cff8fe4c4d8eb300547e5e5208e,delivered,2018-06-28 10:56:25,2018-06-30 02:52:29,2018-07-03 11:06:00,2018-07-06 20:58:34,2018-07-19 00:00:00
0645ff0009ebb4d475c7e9d30520dd21,087f9b43add509b918c1152191f2d243,delivered,2017-11-10 20:39:54,2017-11-10 20:50:33,2017-11-14 16:24:13,2017-11-18 16:33:51,2017-12-01 00:00:00
0b8a99d7c60d2f4d09e094e974261cb2,c56653683d08517b6f91a3309c03542b,delivered,2018-07-16 17:00:45,2018-07-17 04:41:01,2018-07-17 13:52:00,2018-07-24 20:16:52,2018-08-08 00:00:00
059cd34e948c8025e660c89c0de2d792,4d73737f27246fd7094751652d0ee963,delivered,2018-03-07 19:01:13,2018-03-07 19:15:28,2018-03-08 21:27:24,2018-03-21 15:48:47,2018-03-28 00:00:00
0b5588f04551d90ee148462bb65dfddf,48c6a2ca13657875d84b5c3b2271fdba,delivered,2018-07-18 00:08:34,2018-07-18 00:21:44,2018-07-23 13:18:00,2018-08-03 14:54:50,2018-08-09 00:00:00
008819c6d5f6da6fa5cd9d50ca927cf4,f453853c7750dfea2b35f2a89382003e,delivered,2018-08-04 21:40:35,2018-08-04 21:50:11,2018-08-06 13:34:00,2018-08-07 20:12:22,2018-08-09 00:00:00
088f428b537f8a80e52118e3e409ed50,5013591eb92232185ff3486218d55057,delivered,2017-08-27 21:04:23,2017-08-27 21:10:22,2017-08-28 19:42:35,2017-09-01 14:28:17,2017-09-19 00:00:00
0ab7fb08086d4af9141453c91878ed7a,000379cdec625522490c315e70c7a9fb,delivered,2018-04-02 13:42:17,2018-04-04 03:10:19,2018-04-04 18:11:09,2018-04-13 20:21:08,2018-04-18 00:00:00
03a85a6adb776ffefc4a8d7f845b10a4,641f77a2bb1d1380cff2e60afd691c07,delivered,2018-06-12 00:41:26,2018-06-12 11:00:45,2018-06-22 14:10:00,2018-07-04 19:12:10,2018-07-27 00:00:00
088833da9e3a3578817cee729d4e0a97,9a69f3a16bd6b1a50dfdbccd74e97757,delivered,2017-12-26 14:14:14,2017-12-26 14:28:57,2017-12-27 19:39:17,2018-01-03 19:33:17,2018-01-19 00:00:00
083dcb43c3410ea112ed46dc5e8f6674,b76530b7e66b27cd664ee26efcb0c7dd,delivered,2017-12-01 20:51:43,2017-12-01 21:24:09,2017-12-04 18:17:12,2017-12-14 22:15:08,2018-01-04 00:00:00
0982c70ab125dee2e64f27e5aa2b4fb8,79c672ef1735d58585e076fb896276b3,delivered,2018-02-15 18:26:46,2018-02-17 03:47:47,2018-02-20 10:39:10,2018-02-21 21:24:58,2018-03-02 00:00:00
088858a852d62de0c175c9cc4bc0ddb6,c49ddc57f4de85a5c7694bf37f9b525d,delivered,2018-05-13 13:35:03,2018-05-13 13:52:16,2018-05-15 09:06:00,2018-05-17 21:19:51,2018-05-28 00:00:00
087c44ddc65697d4a3a2af9234c5a22b,75de575b1ac67f10d725383d4ae0b0ae,delivered,2018-04-08 20:12:30,2018-04-08 20:30:04,2018-04-10 14:48:44,2018-04-19 13:14:48,2018-05-08 00:00:00
04e4230edda7cee2d7656643461d47e7,f5dae6958e7424376b81b4a16284b98b,delivered,2017-05-31 17:35:20,2017-05-31 17:45:13,2017-06-01 16:12:20,2017-06-05 13:43:48,2017-06-23 00:00:00
013d92e415d1de7bf3b3b706f1b6d292,898107309c7e33b88d7141ebde723c17,delivered,2018-01-25 13:53:06,2018-01-26 14:22:15,2018-01-29 15:52:48,2018-02-20 20:52:57,2018-03-02 00:00:00
043c74b543e990bd18b14ef1e4344031,145b7ecf2c0aa47c15bbe20d6bd26a90,delivered,2017-08-15 09:02:19,2017-08-15 09:23:58,2017-08-31 21:12:17,2017-09-04 21:40:00,2017-09-11 00:00:00
0af3a5d2e6e65075837ef5ceb5c167ab,831f214129035247f2db0f858077f010,delivered,2018-04-02 09:12:17,2018-04-02 09:28:33,2018-04-03 00:13:01,2018-04-11 19:47:41,2018-04-19 00:00:00
03ddab02775c66c855ad41424ae356e3,ed87333e69d2709d374534505818c9e2,delivered,2018-02-06 17:01:53,2018-02-06 17:15:39,2018-02-07 22:17:39,2018-02-19 18:11:40,2018-03-26 00:00:00
0193517cd10a54473b6fd8392b58313f,d5e5a632fc74499ef08cc40be28c8202,delivered,2018-06-15 20:02:54,2018-06-15 20:21:52,2018-06-18 15:18:00,2018-06-29 17:18:40,2018-07-20 00:00:00
0b7808f7d1384e2ef75a3ea25df44bd4,a1b9378a25ca08a39d8018bb2294f956,delivered,2017-05-27 13:08:23,2017-05-27 13:22:14,2017-05-29 13:10:55,2017-06-05 16:46:37,2017-06-23 00:00:00
01c156f67900e1f33d1234ce92cb18d9,3a8737f68201688c1513bf3fbdbcf631,delivered,2018-08-03 17:40:27,2018-08-03 17:50:18,2018-08-13 09:24:00,2018-08-17 13:21:59,2018-09-12 00:00:00
092ae6b690ac68b7ced1f67eaf5e37ff,3d980d06fcdf515c0b84481a74973986,delivered,2017-10-10 20:07:44,2017-10-11 12:56:27,2017-10-13 21:09:05,2017-10-27 18:56:37,2017-11-03 00:00:00
0098dbda25722a3f019fe252a0cd10b3,6ecb390e8056057a25a1b49c37206958,delivered,2017-09-19 18:05:34,2017-09-21 02:45:37,2017-09-22 14:18:53,2017-10-02 18:06:44,2017-10-11 00:00:00
0877034e4780ed6345f93f2c0e0d48ec,e3e78349eb9adb90eb3168e8bc30d029,delivered,2018-05-14 09:11:00,2018-05-14 09:32:22,2018-05-16 08:14:00,2018-05-22 20:22:10,2018-06-14 00:00:00
06a77bcbebf5a85ba493f627e03980d6,c057b961b955945b62926b5feefaf070,delivered,2017-03-27 19:57:16,2017-03-27 20:05:39,2017-03-29 16:14:10,2017-04-07 15:42:31,2017-04-20 00:00:00
07711b948fc93b9294d8b5832d0f0a83,65f05162299b92d62d60d74b830dcc97,delivered,2018-02-15 12:21:20,2018-02-16 07:55:43,2018-02-20 01:08:11,2018-02-26 12:26:38,2018-03-12 00:00:00
0257956857cf61994611a0a19f4bc247,bc54fa7f1166c358a2053f680ebb2ac9,delivered,2017-10-16 20:29:14,2017-10-16 20:49:09,2017-10-17 15:53:55,2017-10-24 14:34:44,2017-11-10 00:00:00
08edff712f0cd04883215bdb5b0d7c7f,230787cbf8da57cbd10d7c223cde6f1f,delivered,2016-10-08 13:54:03,2016-10-08 16:34:43,2016-10-12 16:34:44,2016-10-15 16:34:44,2016-11-30 00:00:00
07adb4d17fca01935d0590d775e9569f,2f4bea643782bf139a849858c4a30e86,delivered,2017-05-21 08:00:01,2017-05-23 03:45:22,2017-05-30 11:23:49,2017-06-05 14:00:02,2017-06-16 00:00:00
000229ec398224ef6ca0657da4fc703e,6489ae5e4333f3693df5ad4372dab6d3,delivered,2018-01-14 14:33:31,2018-01-14 14:48:30,2018-01-16 12:36:48,2018-01-22 13:19:16,2018-02-05 00:00:00
05cdf90df5dcc062b68cd8b3803f6228,9ff742af578d72bce31bf2975d05ee87,delivered,2018-02-07 12:04:39,2018-02-07 12:31:11,2018-02-09 18:55:04,2018-02-19 18:49:16,2018-03-08 00:00:00
0b8dbb26699a171be239666299d2174f,c5761e080ba22e9bb19972bd1d3901a3,delivered,2017-03-09 20:48:23,2017-03-09 20:48:23,2017-03-13 14:16:18,2017-03-28 14:20:11,2017-04-07 00:00:00
031f32fc546699a954d6d89cfe9ca029,ac718fb7c27a55fdf5d8b0070a9ca602,delivered,2018-05-07 16:05:05,2018-05-07 17:30:34,2018-05-09 15:14:00,2018-05-10 19:42:09,2018-05-17 00:00:00
08d8f90d77d9280c2e00ee3d749c22ae,1e61e36af8fe328f476f84c356416d74,delivered,2018-04-27 07:43:53,2018-04-27 08:12:19,2018-04-30 07:35:00,2018-05-08 01:42:43,2018-05-21 00:00:00
01e9b3d727e46edf036b0bd549c38bb4,14615837f83937b2dea94361cfb6770d,delivered,2018-01-20 21:14:48,2018-01-20 21:41:15,2018-01-22 18:09:22,2018-02-05 21:37:03,2018-02-19 00:00:00
07ae1be141672315e599bc7ebf23c5f5,937d932e4f3d619420748f0f4a86a74e,delivered,2017-10-05 01:47:35,2017-10-05 02:03:16,2017-10-05 19:05:01,2017-10-07 00:16:52,2017-10-24 00:00:00
016a938f2b34aa5ef05027fc83f5b81b,ba7cb70dd18aadd6f7f72c60d08df953,delivered,2018-01-23 21:47:21,2018-01-23 21:59:51,2018-01-24 18:09:25,2018-01-30 14:28:48,2018-02-16 00:00:00
04915529f622f4b069fb4501085fd905,9112f67cff437f03c7617e0b7a72846c,delivered,2017-05-09 18:59:16,2017-05-10 15:02:30,2017-05-12 14:30:26,2017-05-13 10:22:04,2017-05-17 00:00:00
0020262c8a370bd5a174ea6a2a267321,9ec353f970bdf785f6568724d9ea19aa,delivered,2017-11-28 09:32:49,2017-11-28 09:58:07,2017-11-29 00:09:20,2017-12-02 12:27:33,2017-12-22 00:00:00
0c7df2bc14e31b205f7f8f91f8311ba6,86588ef341dcd262707edd4dc5f043a2,delivered,2017-05-29 10:28:42,2017-05-29 10:35:26,2017-05-30 10:35:27,2017-06-07 12:55:34,2017-06-29 00:00:00
05c5e3014f8ec516123fd4c74f49b051,9378e75380f137233cad33bcc7f0fe0a,delivered,2017-12-01 11:14:08,2017-12-01 12:31:27,2017-12-01 19:11:57,2017-12-19 00:28:23,2017-12-26 00:00:00
05606ddf8218cebe483228af6f9031ba,1cc017a5604ae9c2f6928e6130fb9be3,delivered,2017-10-11 17:12:28,2017-10-12 02:30:28,2017-10-17 18:49:43,2017-10-19 00:31:40,2017-10-24 00:00:00
0b43acd81f6d3f30136133517a13b72f,dee7ac1315330a02d049ad3b108c7ad4,invoiced,2017-12-03 17:15:08,2017-12-03 17:34:28,,,2017-12-27 00:00:00
048fc26beee4f076edae01e578a13fc8,de03ab6aea61b6836c69336629f2a101,delivered,2018-02-12 09:16:15,2018-02-12 09:48:47,2018-02-14 22:07:27,2018-02-15 21:33:48,2018-02-26 00:00:00
04e16f3c151ad9fb3100eda6ac3a61b7,112f9ea59ac9a9565c76c2152490fe30,delivered,2017-04-04 18:01:45,2017-04-04 18:15:25,2017-04-05 14:39:48,2017-04-12 16:22:10,2017-04-27 00:00:00
0af905b4a536b95528b4eb5dd2c192da,bdd71d1ed3a12a4878d61d011209c2da,delivered,2018-03-09 13:50:15,2018-03-09 17:28:46,2018-03-13 23:11:40,2018-03-20 15:54:59,2018-05-03 00:00:00
0c3722131f9ebd9c4949a2dd31fb2402,f4deb293ecb5fa8cb4c4c344eced1eee,delivered,2018-02-28 23:57:55,2018-03-01 00:10:26,2018-03-01 18:16:46,2018-03-17 15:48:38,2018-03-22 00:00:00
0bb961fd58668c43ce2c6f3a77d2a8fb,177b9f223bb2b6492afde4edf469cd42,delivered,2017-05-07 13:05:07,2017-05-07 13:15:19,2017-05-17 11:56:30,2017-05-22 15:12:49,2017-05-31 00:00:00
03a8aa5d0860898d421c46247011c686,36be0c3653ce387a9c5918cfdae9b053,canceled,2017-05-31 19:02:28,2017-05-31 19:15:20,,,2017-06-21 00:00:00
02d273267575a29864f552b2de598580,fb6895f16f2b933e56af615dbcecf0aa,delivered,2018-05-28 17:31:20,2018-05-28 17:55:50,2018-05-30 07:59:00,2018-06-13 15:04:52,2018-06-29 00:00:00
0068fb0e223115e911d362627e8b8800,f0bc088c671f31458f73cc1a6a347842,delivered,2018-07-18 10:46:09,2018-07-19 02:50:11,2018-07-19 12:50:00,2018-07-25 21:04:16,2018-08-15 00:00:00
042649285cd08ef7c546445419b43407,8e4a0eaf18400c5715796fc724708d00,delivered,2018-03-13 15:24:32,2018-03-13 15:35:36,2018-03-15 23:07:58,2018-03-16 23:32:59,2018-04-16 00:00:00
07fa3b6d7ec7fa27de9d00bdc93d36cf,9e4424cc993d9e0c8042f150f89a0a9a,delivered,2018-07-21 17:22:06,2018-07-21 17:30:20,2018-07-26 14:38:00,2018-07-30 22:31:17,2018-08-08 00:00:00
0c9b9834c09d4fbf6bbadf2b3fba9828,2a7650b65bcb266e812c0408d2bc2414,delivered,2017-11-25 18:24:33,2017-11-28 03:19:09,2017-12-01 21:51:56,2017-12-10 18:03:29,2017-12-15 00:00:00
00995d799817ecc3bd2abd8fbe59c430,266636baec3cfa8d854713f0b465a2cb,delivered,2018-07-26 11:25:18,2018-07-26 11:45:13,2018-08-01 14:05:00,2018-08-02 18:56:52,2018-08-08 00:00:00
02a4b1835e0a493657a4d3281ca249bb,264d206dde5b28c82a52d2ce11d765f0,delivered,2018-03-03 17:22:36,2018-03-03 17:35:25,2018-03-06 21:45:33,2018-03-14 16:06:21,2018-03-23 00:00:00
00b7174ea52bb811ebe2663add51afc0,2ff1efea5cf92067b167101227abb467,delivered,2018-05-16 09:57:53,2018-05-16 10:12:48,2018-05-17 14:40:00,2018-05-21 16:11:43,2018-06-08 00:00:00
0bed480c1f9245de6f38a5c738dfc5f3,6035d3c24dd718208f1868e2fc96b7bb,delivered,2018-02-22 09:28:29,2018-02-23 02:31:12,2018-02-24 20:36:37,2018-03-01 21:15:23,2018-03-14 00:00:00
00a3a334aec7455a6d3319981499a3da,73bcbe6adbf53dee67bec4399c32b98b,delivered,2017-10-25 11:00:28,2017-10-26 21:30:44,2017-10-30 20:55:30,2017-11-04 15:53:38,2017-11-13 00:00:00
0b446830af3811ef0d7c2e0db238af50,c180879e74d4c16ff6a311d185440de6,delivered,2017-09-02 15:44:30,2017-09-02 15:55:12,2017-09-05 15:47:58,2017-09-11 17:42:21,2017-09-21 00:00:00
0132d77609dd6e1867515ec57d898c10,6d3be2594860b9675c102aa88d71992e,delivered,2017-09-27 01:15:38,2017-09-27 01:28:14,2017-09-28 18:05:27,2017-10-09 18:33:37,2017-10-24 00:00:00
061f31c732cb84a989d5b62660212ecc,c4f94b1fd815671d9c73e9bb730f2075,delivered,2017-12-29 20:42:06,2017-12-29 21:31:43,2018-01-05 21:54:52,2018-01-20 13:06:25,2018-01-31 00:00:00
09a93e48d7e84fa082320df90b072c7b,769cd0409e08aeb0a4338253ae2deb1d,delivered,2018-08-03 11:11:37,2018-08-07 04:24:44,2018-08-07 11:27:00,2018-08-14 17:55:37,2018-08-15 00:00:00
028df34320b87c04ef6de145db2e8444,053577e4537e6b6b68b9f0e929f27d32,delivered,2018-08-04 15:07:49,2018-08-04 15:24:05,2018-08-07 09:38:00,2018-08-11 00:26:38,2018-08-15 00:00:00
08e92ad91f0ce4572b374d35637140ec,12d1b4294fef21016c9614eb31e55e15,delivered,2018-03-12 14:56:48,2018-03-12 16:15:46,2018-03-14 23:04:03,2018-04-02 18:58:25,2018-04-11 00:00:00
0a0b0479c9e05814f250c7bea5b1a95c,bcce684969990851024216985d1a9b5c,delivered,2018-06-14 21:10:57,2018-06-14 21:36:48,2018-06-15 12:43:00,2018-06-21 19:52:01,2018-07-16 00:00:00
09da806d72011e816e9242e6d24164eb,c3c89e607f1280b715319f19745beb27,delivered,2018-02-23 10:49:24,2018-02-23 11:10:39,2018-02-26 19:06:33,2018-03-05 11:22:35,2018-03-19 00:00:00
085c1b501f2aed6dc60955055e9567bd,59f6187de64fd84e5f7110fb0f8ad502,delivered,2018-03-23 20:43:35,2018-03-23 20:55:54,2018-03-27 01:14:30,2018-04-09 14:38:51,2018-04-23 00:00:00
0b36b5725c37564b933ec5845f63b635,cddb7c930b86c98185caad9fa6cd65c0,delivered,2017-10-10 11:34:06,2017-10-10 14:35:22,2017-10-11 15:27:53,2017-10-17 21:04:12,2017-11-09 00:00:00
07946e40cd8c6b2ab27f0fe14f21f7dd,72b154a83078118969daf89bbe7fe225,delivered,2018-06-22 19:57:24,2018-06-22 20:37:25,2018-06-25 17:26:00,2018-07-02 13:03:19,2018-07-24 00:00:00
042f96d01e1471ebf86650ae185a0746,19cb592037881e4aa0efebc16087ab69,delivered,2018-06-17 01:28:58,2018-06-17 01:55:26,2018-06-18 12:03:00,2018-06-19 18:03:59,2018-06-28 00:00:00
02f4dd90ba0feb8ec394cac05862d2b5,df6d93efba53a613bf2365f7945febb0,delivered,2018-05-29 16:04:49,2018-05-29 16:15:29,2018-06-06 14:31:00,2018-06-26 04:32:57,2018-08-09 00:00:00
01500f2503fa84279982d9d87750021a,084064d0e425f87b49643992a88c2b43,delivered,2017-09-09 20:02:13,2017-09-09 20:10:20,2017-09-11 19:52:42,2017-09-14 22:12:47,2017-09-27 00:00:00
0bf738ff836108e7a308061b6d77342d,e5d04a29bc0d884192af129acb7199ea,delivered,2018-04-05 21:32:36,2018-04-05 21:49:09,2018-04-07 00:51:24,2018-04-13 19:03:17,2018-04-30 00:00:00
03af60619b8abd880dd136ed837be800,a93bacd3a4ee650966803e7bbe89bc33,delivered,2018-03-19 16:49:08,2018-03-19 17:09:46,2018-03-21 19:51:44,2018-05-08 19:02:19,2018-04-06 00:00:00
0bfc01cee9ffff85b714520ca97f4b21,5ddfa3a772a75f7369ce2fc4446be805,delivered,2018-07-27 20:36:45,2018-07-27 20:45:13,2018-07-30 13:59:00,2018-08-02 13:43:51,2018-08-10 00:00:00
08915d73ff742886f0b4c9429af3c959,cd1e26832990fe789ebf64b0bd3de6c1,delivered,2018-04-22 21:23:13,2018-04-24 17:11:29,2018-04-26 07:49:00,2018-04-27 13:27:37,2018-05-11 00:00:00
0a6003474a7471ca13dbdb23b2c04ec6,1b83402c2a0902c482f5ff935ca097b5,delivered,2018-02-02 12:43:53,2018-02-06 04:33:27,2018-02-07 20:39:41,2018-02-19 23:59:18,2018-03-05 00:00:00
0580cfd05da4901cede805697f39a632,827a42e41fca052da4378e08dde4d5a9,delivered,2018-03-10 16:31:22,2018-03-10 16:48:10,2018-03-13 20:17:29,2018-03-16 22:24:49,2018-03-22 00:00:00
02f2f6063eb01b5e6e29bda347635389,92ac4160874c75b187c8222aec92e1a6,delivered,2018-03-19 19:36:41,2018-03-20 03:10:37,2018-03-20 19:12:46,2018-03-24 00:38:35,2018-03-29 00:00:00
09956a4d0066f2ef4e70f7ae51e2c9f3,3c10da268c72de9078aff090328e7e4e,delivered,2017-10-21 08:42:20,2017-10-21 08:56:24,2017-10-27 13:19:03,2017-10-31 20:51:21,2017-11-27 00:00:00
02b939dcd55f2b17680e10690deb08b5,2826ed4f0eb787f543924575bbe8dfdd,delivered,2017-08-06 11:16:03,2017-08-06 11:30:16,2017-08-07 20:34:53,2017-08-08 19:05:48,2017-08-21 00:00:00
03515a836bb855b03f7df9dee520a8fc,153e6d880db3cac30ecfeb13e0047841,delivered,2018-01-19 13:24:38,2018-01-19 13:36:01,2018-01-19 21:47:56,2018-02-05 14:33:00,2018-03-01 00:00:00
01e515b157491fa28d3b56e7ef342573,e8cf85adfbc68653c831f02159ec04c3,delivered,2018-04-26 07:27:33,2018-04-26 07:52:26,2018-04-26 10:39:00,2018-05-03 20:42:53,2018-05-21 00:00:00
098a986ddd350e605574040b04554267,9feb947affcba60e3865d3df152ff086,delivered,2018-01-10 13:21:34,2018-01-10 13:29:29,2018-01-10 21:24:47,2018-02-03 03:17:23,2018-02-09 00:00:00
0123a055aa66357326dd6db066592a7d,993d78fad972fb03a64f3126d934160a,delivered,2018-04-24 14:11:16,2018-04-26 03:55:16,2018-04-26 15:01:00,2018-04-30 15:47:00,2018-05-11 00:00:00
0c5a9096edbc36c60badeda355d91e19,d36f1dfb696d5602bc33a3562e3f2d70,shipped,2017-11-22 12:19:17,2017-11-24 03:09:52,2017-11-30 16:45:41,,2017-12-13 00:00:00
004157daafa0bc8672e01f00e4f0c04f,42090a79268b92ced0c591a8e63d57c2,delivered,2017-05-21 13:13:54,2017-05-21 13:25:15,2017-05-25 12:05:10,2017-06-02 14:57:49,2017-06-26 00:00:00
0989631de28d3313632d2c5f34a71f57,e05a84797d611a433339232b499f6222,delivered,2017-08-01 20:25:36,2017-08-02 02:33:52,2017-08-03 17:33:43,2017-08-07 21:16:56,2017-08-14 00:00:00
0b5fac54294af7123ee72a58d00c4b97,7927dfaf0bee1bf23b4e9203355497c0,delivered,2017-06-20 14:26:20,2017-06-20 15:30:34,2017-06-23 11:35:29,2017-07-05 13:24:30,2017-07-20 00:00:00
00d1289d5125017a90e528b5a7cee91f,ba0ff1667f88b3a0da55d80dff50b0fb,delivered,2018-03-15 11:11:52,2018-03-15 11:29:14,2018-03-16 22:12:16,2018-06-19 18:42:26,2018-04-06 00:00:00
0ab5ed0d546ae59a2b1f18acd5b6ec9c,d6303f0e40b15317d394f57e76fe782c,delivered,2017-11-11 10:38:49,2017-11-12 10:35:21,2017-11-20 14:34:32,2017-11-27 23:18:36,2017-12-06 00:00:00
08ccf73c206d15fd2668cdb6f32b5e04,1594134c6e1a9a422f7e7a41da116cc1,delivered,2018-01-15 12:50:15,2018-01-15 12:58:22,2018-01-17 23:33:20,2018-01-30 22:51:51,2018-02-09 00:00:00
057cb6913750cc04b72dbeb174afb208,f1c04a5116870e8c079ce3087c795450,delivered,2018-08-18 09:08:48,2018-08-18 09:29:13,2018-08-20 14:09:00,2018-08-23 12:18:55,2018-08-27 00:00:00
0c00ee38c8f26756069a581a5fae12f6,044d79868bec993e35df7044c8644943,delivered,2017-02-26 04:02:42,2017-02-26 04:10:15,2017-03-01 09:43:38,2017-03-20 10:37:55,2017-03-30 00:00:00
0b29027a3a98807aea23a764ab594bbd,3375758b2fb28058dece1e3036b24900,delivered,2017-06-08 13:23:59,2017-06-09 02:30:11,2017-06-09 13:56:06,2017-06-30 06:56:39,2017-07-10 00:00:00
05aac5a18dcd77932007f57de8650622,d63781bc2b6553205f2670580b30f9aa,delivered,2017-08-18 15:33:26,2017-08-19 13:55:18,2017-08-21 20:13:46,2017-08-25 13:09:54,2017-09-19 00:00:00
0015ebb40fb17286bea51d4607c4733c,da43a556bf5c36a1104c473cff77de6c,delivered,2018-01-14 09:01:36,2018-01-14 09:11:24,2018-01-17 22:56:36,2018-02-01 20:29:51,2018-02-15 00:00:00
08dd64e78f26024b266515d5262be17f,b0a04bc50dbacef330e5b369a90220e6,delivered,2017-05-07 22:18:47,2017-05-07 22:30:17,2017-05-15 14:04:02,2017-05-30 08:12:20,2017-06-12 00:00:00
09903d25ea3d162aeb40057420caa5bb,e4caff66029e8290ad28fab525631c74,delivered,2017-11-24 13:26:15,2017-11-24 15:34:54,2017-11-27 11:13:13,2017-12-26 21:33:40,2017-12-21 00:00:00
028e37ed7cdd54ad41506f61df708cf9,5bbc72ac56e6c2d61f23a8a91a6ceac6,delivered,2018-04-10 16:44:54,2018-04-10 16:55:40,2018-04-11 18:08:43,2018-04-12 18:37:36,2018-04-25 00:00:00
0c3da4384feb21f0def324b1b7d6f082,8d08e007413e1b44d81c1af9f916dab4,delivered,2017-11-09 12:22:48,2017-11-09 12:35:35,2017-11-27 20:35:46,2017-12-04 23:22:38,2017-12-01 00:00:00
0374e57efce00e3004e93acd6310c58f,ee5b048a2bbbcaa49900bb4e0fa515c9,delivered,2017-12-16 12:25:18,2017-12-16 12:32:22,2017-12-19 00:34:07,2017-12-20 20:03:15,2018-01-05 00:00:00
0cbe8449b3c0fac35f49a95db13cbda9,04e60b8790c932207bff0db5c8887a31,delivered,2018-02-12 18:36:53,2018-02-12 19:20:19,2018-02-15 15:38:42,2018-02-21 19:08:08,2018-03-09 00:00:00
0152de20f6e09fb1133847df8babd490,cc427818670e1a876ce1a0c989d92f68,delivered,2018-08-07 22:42:13,2018-08-07 22:50:19,2018-08-08 16:00:00,2018-08-14 21:17:37,2018-08-16 00:00:00
07677527dea7bbe02d91875f7764c6cd,69a7c2c293e83fd36e2fd81a7bcb74b3,delivered,2017-06-05 09:11:38,2017-06-07 02:50:11,2017-06-14 15:19:49,2017-06-29 17:57:50,2017-07-06 00:00:00
016495aaab3fb481dc9decab2b4fdbfb,bd1b4c23a6f9365b44d99b2c7905cea2,delivered,2017-11-19 17:51:15,2017-11-21 03:48:25,2017-11-21 17:11:54,2017-11-22 17:52:46,2017-12-01 00:00:00
0cb2b99573bb73a8e2228ffda426dd9f,fe897037e8018ae4e35bee4ea067420a,delivered,2018-04-03 12:59:40,2018-04-04 12:50:27,2018-04-04 22:58:59,2018-04-17 21:36:29,2018-05-02 00:00:00
085364fbac51681978eace38694d4683,52785c19610440b44c7ebbbe7b009b6c,delivered,2018-04-19 18:12:15,2018-04-19 18:32:04,2018-04-23 20:12:22,2018-05-10 23:28:34,2018-05-16 00:00:00
04198c2c90b3fcfaec75a836841dafe2,06a2924116558070913fd36d2b01039c,delivered,2018-08-19 20:31:49,2018-08-20 13:10:01,2018-08-21 14:50:00,2018-08-27 18:22:47,2018-09-05 00:00:00
08b4c64d698b84d3446b4198b9f27ef2,4fe1f12184b1d22b91608c08757d5f2e,delivered,2018-05-15 12:19:39,2018-05-15 12:34:54,2018-05-29 09:51:00,2018-06-05 22:58:29,2018-06-28 00:00:00
0b01066982af6f2681ea9b0169f0d987,b6468b4d8c27698cc09468fa3efa39d8,delivered,2018-03-19 16:06:01,2018-03-19 16:27:19,2018-03-20 17:32:04,2018-04-13 16:47:01,2018-04-06 00:00:00
024554aeb0da84476f1c31a711e0990c,ed5ec5a2659505eb7eb931b0ca57a870,delivered,2018-04-18 14:22:18,2018-04-18 14:35:14,2018-04-19 18:58:27,2018-05-04 17:11:41,2018-05-14 00:00:00
03b31f549c27d03bed25fc42ddb46138,cd1822306d5e43d356c576efdc0eadf1,delivered,2018-06-12 10:17:58,2018-06-12 10:40:22,2018-06-12 11:17:00,2018-06-14 19:22:05,2018-07-03 00:00:00
09179a93a7f4f710051cefde1d2f7ceb,fe485abf913542028cce88ddd0abbfb3,delivered,2017-11-09 19:43:34,2017-11-09 19:55:29,2017-11-10 22:14:02,2017-11-22 23:07:38,2017-12-08 00:00:00
03a0b96d81d76a3214b7b49ec31e6eb7,b9816399341dbf1063afeaf923a1860b,delivered,2018-06-12 16:16:57,2018-06-14 02:39:33,2018-06-14 14:50:00,2018-06-20 16:09:00,2018-07-20 00:00:00
0c6ec1022958b35c45335231ea396ad2,14e7871569ad7387e9fc4e84d92dce91,delivered,2018-08-21 21:09:59,2018-08-21 21:24:16,2018-08-23 14:17:00,2018-08-27 22:18:26,2018-08-31 00:00:00
0c2cbbfae44e4f2bd7c747a2c2b05bbe,a4bb40b4e438a106bb16b7724273e120,delivered,2018-07-24 18:50:07,2018-07-24 19:04:23,2018-07-25 13:27:00,2018-07-26 16:32:43,2018-08-01 00:00:00
056857abb03503b756f596e42d86e10b,713ac4139fc3aab8b2e00bd5644295fc,delivered,2017-10-05 13:04:05,2017-10-06 02:28:39,2017-10-11 20:58:01,2017-10-13 21:20:43,2017-10-24 00:00:00
06544096bb7077c0f701d0d6f660e11f,51993c208e83ddc0d8bf2423fae35e87,delivered,2017-03-30 17:07:08,2017-03-30 17:15:23,2017-04-05 07:10:07,2017-04-10 15:05:14,2017-04-24 00:00:00
013e9c654a339d80b53513da3c1ea437,9391729f79cd9e5fd7ca884ca030f579,canceled,2017-06-18 13:48:48,2017-06-18 13:55:18,,,2017-07-07 00:00:00
09c636e254bb18eeef943452017249f4,52f69439fe573ea3f687e0e66470b28f,delivered,2017-10-27 17:03:40,2017-10-30 15:31:19,2017-10-31 16:39:51,2017-11-25 13:12:08,2018-02-02 00:00:00
07f5b36b83b8a405657140cc50c0a1f9,75cebdffc30ea87f6b90465318eb7968,delivered,2018-04-11 12:14:12,2018-04-11 13:30:38,2018-04-13 16:05:46,2018-04-16 21:57:41,2018-05-03 00:00:00
03229ded9d99164ee8bac7116050dd23,2de625a93dd01b073d58b2b253926e28,delivered,2017-06-03 10:35:15,2017-06-03 10:45:10,2017-06-05 15:13:20,2017-06-09 12:47:44,2017-06-28 00:00:00
07083f97580544bb7ba3372759150f49,181726b449c55cd7f8338b5d4609c2dc,delivered,2018-03-27 16:11:29,2018-03-27 16:29:14,2018-03-29 02:18:37,2018-04-04 23:12:26,2018-04-25 00:00:00
017c16deefc1868a33a5966485ea4721,e7e0438494f6fd05d28210e8c6bd02a6,delivered,2017-11-18 20:23:35,2017-11-18 20:46:08,2017-11-22 17:38:40,2017-12-01 22:26:43,2017-12-19 00:00:00
012bea13f9a355c983efb59a3f23583a,71cd7e5e11ae80ed42c6c57ff51a347d,delivered,2017-11-24 16:17:39,2017-11-26 17:15:51,2017-11-27 17:19:16,2017-12-15 15:09:58,2017-12-27 00:00:00
011f9dff2545a2cf8ac1809faed3ec88,fd10113c54f4f4bfcaacbd1c2d188a77,delivered,2017-08-01 19:00:07,2017-08-01 19:10:21,2017-08-03 12:41:48,2017-08-09 21:04:42,2017-08-23 00:00:00
043cdeaa13251e7dd736f65b9ef6498f,a1a2959e5c770a17d96e3d2e29fe2e80,delivered,2018-04-21 22:06:04,2018-04-24 19:25:28,2018-04-24 22:03:41,2018-05-02 15:16:59,2018-05-28 00:00:00
07883f86dff5e5622fe054225f176aa7,b5024012e2eb8cefcc0a866047341d47,delivered,2018-05-18 20:27:58,2018-05-18 20:35:17,2018-05-22 14:28:00,2018-06-06 21:38:41,2018-06-11 00:00:00
0c532a9c46c5090a74edf2c28388699a,467292e9b683d78fd3c115882633effa,delivered,2018-07-11 18:33:35,2018-07-13 02:43:56,2018-07-13 12:10:00,2018-07-23 14:44:29,2018-07-27 00:00:00
064314e503e36ce3869a9901434fc6f4,2177ae4f97aa63b6f445ba3a05a3f7d3,delivered,2018-08-16 13:39:30,2018-08-17 03:31:06,2018-08-21 07:50:00,2018-08-23 02:17:57,2018-08-22 00:00:00
0745201fea5d6f4aabd42e92a7d3b3b6,9b72c30ea879e3e2b599dfbd4e8f71c2,delivered,2017-08-21 11:19:48,2017-08-21 11:35:37,2017-08-21 19:17:43,2017-09-01 16:39:56,2017-09-13 00:00:00
02cb14245fd2ce5926afb2225f28b002,fc9e3765628a8e2f65090b2d28e70555,delivered,2018-02-20 19:41:41,2018-02-20 19:55:48,2018-02-22 22:22:54,2018-02-27 22:09:30,2018-03-22 00:00:00
0b3b6b78bd15a0e28176f25fab4eb472,2b6d4b2b966c8aa7413190f4b5dee130,delivered,2017-10-19 23:49:16,2017-10-20 00:06:04,2017-10-20 18:13:12,2017-10-27 21:41:25,2017-11-08 00:00:00
023af4b88d12c9f3f56bcb55da0450c5,96b3ea36ae6536e8d46ac247b72b9364,delivered,2017-12-09 17:31:45,2017-12-09 17:50:26,2017-12-14 22:21:44,2018-01-08 23:12:49,2018-01-09 00:00:00
04ad6306c963b60d59a354f6cb9a3e13,1f20251f6c6f041933cb5b7d996795d6,delivered,2018-03-19 13:21:27,2018-03-19 13:35:35,2018-03-21 23:29:06,2018-04-03 19:22:57,2018-04-09 00:00:00
04467aceefd2346ed54c7fd9e40721a6,8cbe6c3bbaaae2aa9f5d97827a7968d0,delivered,2018-01-25 16:21:03,2018-01-25 16:34:51,2018-01-30 16:03:48,2018-02-05 22:46:29,2018-02-20 00:00:00
038f8b45fafa1130d2557e5b8dfd5d71,6e0c97ca8a1946aecc4adefc3517997c,delivered,2018-07-22 13:00:04,2018-07-23 11:31:28,2018-07-23 11:11:00,2018-07-24 19:06:39,2018-08-01 00:00:00
0911bde30c594a8d02279916da2ece61,9610f21b66c3938400ad9f39014bf93b,delivered,2017-10-25 14:38:14,2017-10-25 15:33:00,2017-10-26 20:09:14,2017-11-01 20:25:43,2017-11-17 00:00:00
033cf810fd3523203bbbf2ff579a7a4c,108baa424c2526d8f34a01a2a16004fa,delivered,2017-12-03 23:13:23,2017-12-03 23:31:38,2017-12-07 00:22:35,2017-12-11 20:43:35,2017-12-20 00:00:00
06e15cff14f4bc72fac07dd6e6518113,af532e72149b808e9930096c343b5cee,delivered,2017-12-21 00:13:17,2017-12-21 00:31:46,2017-12-21 20:48:00,2017-12-26 19:58:50,2018-01-17 00:00:00
04210d64e3bdb5a0cd44eb156294991e,72c1a2258eaf9420206a0a13cb760b99,delivered,2017-08-04 11:05:40,2017-08-05 03:03:14,2017-08-11 17:19:59,2017-08-24 17:38:29,2017-09-11 00:00:00
087a1c1dfd41b68ab6a6cd8551147bb2,027173ae64ea4eb32139b3205e7e02c0,delivered,2018-07-30 14:06:15,2018-07-30 14:44:42,2018-07-31 13:12:00,2018-08-13 16:38:26,2018-08-07 00:00:00
07c066e1f4929584a77a8be911a0997f,5d1fad5801ed92a83f407f90977d08c3,delivered,2017-08-07 11:53:47,2017-08-07 12:40:11,2017-08-10 18:42:18,2017-08-14 13:51:18,2017-09-01 00:00:00
03477f5f6bd5656e0e847d3a17e67efa,7358e2ec1027c49bb741aa65885ee324,delivered,2018-04-13 14:44:50,2018-04-13 14:55:16,2018-04-13 23:28:20,2018-04-18 21:16:44,2018-05-23 00:00:00
09cbc615350e91dae35a37b78994c91f,fa336269827b24251d7e6c26e09ee32d,delivered,2018-02-14 20:26:13,2018-02-14 20:35:35,2018-02-16 23:19:08,2018-02-27 18:10:08,2018-03-06 00:00:00
05c60320bb28437325f2d6d67467d93c,b875d47d3b0b0bba9fa77d410a584927,delivered,2017-11-28 16:07:15,2017-11-28 16:18:36,2017-11-29 18:41:52,2017-12-27 02:51:41,2017-12-20 00:00:00
0cf51cb385fece307e53a5c7ec808896,27e2ceef372b20fbe0d5ba59a14a18ea,delivered,2017-08-10 03:15:47,2017-08-11 04:24:32,2017-08-11 18:57:54,2017-08-23 19:11:04,2017-09-05 00:00:00
07b683def65270f286578e5208c5adc0,42e4121e8de37d7ce019530aadae9f3d,delivered,2018-05-11 21:06:40,2018-05-11 21:15:14,2018-05-14 13:56:00,2018-05-17 22:34:49,2018-05-23 00:00:00
05a6f444527fc90e28da6088b1707b20,0539a1d77e38f808299c0f1f44280ab7,delivered,2018-08-03 12:20:34,2018-08-03 12:35:14,2018-08-14 07:02:00,2018-08-20 16:09:05,2018-08-23 00:00:00
05200ccb21bae81c6c32914d7c3bb778,749cd3ddb1d89cb71726ab0bee1013fb,delivered,2017-12-17 15:34:23,2017-12-19 14:32:27,2017-12-20 21:25:54,2017-12-22 22:39:58,2018-01-12 00:00:00
016f868b096c236312e8bcb818ccd11d,1dd56893d8735089534b232e039b831c,delivered,2018-01-27 19:24:57,2018-01-27 19:33:22,2018-01-29 17:51:39,2018-02-01 21:50:59,2018-02-14 00:00:00
0bb9b595a2eb418ccff2dc89ff7cc58f,5e02b87345f6fe10a41606943f568ded,delivered,2018-03-02 11:06:45,2018-03-03 11:08:49,2018-03-06 00:36:45,2018-03-09 14:40:28,2018-03-14 00:00:00
0412781fb7b094ddbd06503035a2964c,0d3a23c5c5b8ee8da146658a6b607d05,delivered,2018-08-20 21:49:25,2018-08-20 22:10:15,2018-08-21 12:51:00,2018-08-24 23:18:43,2018-09-03 00:00:00
071d86b8fc66cad2d0bb93775be89392,1b1aa6b965239711ee0033be972f7f65,delivered,2017-12-28 20:45:13,2017-12-28 22:32:29,2018-01-02 22:07:52,2018-01-11 17:39:38,2018-02-05 00:00:00
0bda9df0ce80203b668f46f41abf0c5b,4cb9c064b0da6dad9fd6d95af264b2a4,delivered,2017-12-20 19:27:45,2017-12-20 19:51:40,2017-12-21 16:17:32,2017-12-28 19:49:14,2018-01-17 00:00:00
0a3bc687e8cb91f08d67838494a0e396,9235e3ab22f834a8777bf3b0ddc34b04,delivered,2018-03-14 10:58:09,2018-03-14 11:15:40,2018-03-15 20:36:49,2018-04-09 19:08:51,2018-04-10 00:00:00
0c82a229fc22597c2361656cba8d3230,9ae4bf2bb990fa503baa7e1feaf6f60e,delivered,2018-05-15 16:10:38,2018-05-15 16:35:56,2018-05-16 13:20:00,2018-05-17 14:51:28,2018-06-01 00:00:00
024d4903890a56c2e98df63a32206bd9,a1aca6bcf003c08a08097758ff8cf96c,delivered,2017-11-04 09:51:58,2017-11-05 09:50:38,2017-11-07 10:26:51,2017-11-14 20:57:41,2017-11-28 00:00:00
073fa4be4665f397a289842b1053229c,a6647fe1eda9d07ff6f8084860cc890f,delivered,2018-01-12 16:19:27,2018-01-12 16:29:42,2018-01-17 18:32:05,2018-01-23 22:17:59,2018-02-09 00:00:00
057a97c066cbaf1feaba87f5422ce04a,dc1c0469d96faaa29225d6a91f47dba8,delivered,2017-06-05 18:53:21,2017-06-06 18:55:16,2017-06-09 16:24:57,2017-06-13 14:50:16,2017-07-06 00:00:00
0a92b722c3355980ef37fd1fee068c6c,9fc3f91e6cf5a681040dfcf82a66e016,delivered,2018-04-08 19:50:03,2018-04-10 04:11:11,2018-04-17 00:16:48,2018-05-14 17:42:02,2018-04-27 00:00:00
032a688c9db451501788d95c7f794ed6,3881d142f5438ea09b6ffb21f0fd1ed6,delivered,2017-09-18 21:18:37,2017-09-18 21:30:18,2017-09-19 17:55:54,2017-10-10 19:30:42,2017-10-06 00:00:00
01b241fa1421c8284e8c1029a503360f,fd3aaca05dc7738e405ff6669a5bf7f0,delivered,2017-11-29 23:32:52,2017-11-30 00:25:28,2017-12-05 21:41:24,2018-01-15 16:18:34,2017-12-29 00:00:00
08119452a05228b9c7e379abf9622dab,e2422f56e6dd19624c27b58c1d622d42,delivered,2018-06-07 21:35:52,2018-06-07 21:54:39,2018-06-08 12:29:00,2018-06-14 18:44:59,2018-07-03 00:00:00
07a95f982477a213f498dba6bd405372,08e5ed5ac7e17524347b55e9db5e8692,delivered,2018-05-11 10:18:31,2018-05-12 03:15:09,2018-05-14 14:44:00,2018-05-18 15:32:18,2018-05-21 00:00:00
02a98752595ee9d94c570ad3e18055b4,7bb5b53c7d838d8ca7e94ce809b7d784,delivered,2018-08-02 12:05:59,2018-08-02 13:04:18,2018-08-03 16:15:00,2018-08-07 18:18:30,2018-08-07 00:00:00
068b7fef63e846d22b1080f9c99f2bd4,a60b68f552d029c7bbbd88d9d876112f,delivered,2018-01-08 10:00:42,2018-01-08 10:08:39,2018-01-09 23:15:17,2018-01-25 16:38:56,2018-02-08 00:00:00
0a82501b7148667eaff8dc8811a58f06,c0971253b7225c85c559bfa40dae5303,delivered,2017-10-20 20:46:27,2017-10-20 20:56:13,2017-10-24 16:16:08,2017-10-27 15:18:04,2017-11-21 00:00:00
002955b0acc63d04f6724a31967e82bd,accb4b4ad075d07a833eacca116071c7,delivered,2017-12-18 13:43:54,2017-12-18 15:51:31,2017-12-19 17:51:40,2017-12-26 18:28:29,2018-01-16 00:00:00
0036757472ece3dde52fd4bfd929c90e,ea477083e770db0655938e79149f8c24,delivered,2018-07-19 14:58:59,2018-07-19 15:10:11,2018-08-07 07:45:00,2018-08-09 14:33:40,2018-08-20 00:00:00
06911dcbbf2310bd9da4156fd3abb632,5af132d142a96d5bb2bdeedf3a1835b6,delivered,2017-09-27 16:54:54,2017-09-29 02:14:38,2017-09-29 18:57:01,2017-10-05 22:40:00,2017-10-19 00:00:00
076e07cd8d9c8b47dfc2fbb22c58e895,b71abc1975c1da212faaa913da950924,delivered,2017-10-18 09:29:12,2017-10-18 09:49:14,2017-10-18 16:40:22,2017-11-03 20:52:13,2017-11-16 00:00:00
0923cc4965fb98b0adcc8a7c6ee32f7c,f7adc1671125754d305c2d29d2bbd075,delivered,2018-02-21 07:09:21,2018-02-21 08:05:33,2018-02-21 19:26:41,2018-03-20 20:38:53,2018-03-23 00:00:00
027e4543814c3b3509bbe890c569a841,e27201cb2a28267142162d8a9d0585bd,delivered,2018-04-14 14:53:43,2018-04-14 15:10:30,2018-04-18 20:24:33,2018-04-25 19:51:40,2018-05-16 00:00:00
02fc75303e2529f036cb819168fa21a0,a09beb0c78d884b69948b7a340fe9e68,delivered,2018-07-17 20:10:33,2018-07-17 20:22:01,2018-07-18 14:45:00,2018-07-24 11:58:30,2018-08-03 00:00:00
00c8be06a8029e300dabd52c7d4c6ad2,5508ab552ed2d4da9d21e777849034d0,delivered,2018-02-11 00:36:56,2018-02-11 01:48:42,2018-02-14 18:23:20,2018-02-27 21:08:12,2018-03-09 00:00:00
01156b662f3f47b249b5a8881d205f08,ac7787b04da7c05fe6037343bd8bf577,delivered,2017-09-13 20:36:57,2017-09-13 20:50:11,2017-09-18 21:07:30,2017-09-27 19:20:08,2017-10-03 00:00:00
025fe62703ce31742dc8bbe8b1a99b56,fc217359526d7fceb4f1b3b7756dcd56,delivered,2017-12-16 12:44:51,2017-12-19 10:10:44,2017-12-19 23:04:47,2017-12-20 20:43:43,2018-01-05 00:00:00
061aa244b31dd240e079ad7a7ce3f32f,49d060225cea4efaab0882a62cc3997a,delivered,2017-09-22 15:37:18,2017-09-22 15:45:45,2017-09-22 20:38:53,2017-09-26 18:27:53,2017-10-09 00:00:00
0ab0adc81c98426d2cde86ab2ba52bc3,4ddafff707b98c2f941aca4da98b3044,delivered,2017-04-20 12:57:14,2017-04-20 13:10:51,2017-04-24 14:43:02,2017-04-29 10:13:13,2017-05-12 00:00:00
0413fe9eb0eb4aee51ef3065e9c91aa3,022d2a2e532b92556bf7cd39107fd780,delivered,2017-06-30 11:27:34,2017-06-30 11:43:10,2017-07-03 13:25:33,2017-07-11 23:27:59,2017-07-26 00:00:00
09023a853a37b3ccb3ca46372068748b,2c197ea326b24a3dd7ae5cd7febd4599,delivered,2018-01-30 15:40:06,2018-01-30 15:55:31,2018-02-05 16:32:08,2018-02-21 17:38:05,2018-02-26 00:00:00
00b47ee856118583dbec7d1f9b18d847,7f6a163f7d28e407e5eaa735bf7014c5,delivered,2018-03-26 19:58:48,2018-03-26 20:10:20,2018-03-27 22:45:50,2018-04-09 18:52:28,2018-04-13 00:00:00
0bd8de09c6bb3ea2457b00aef3b682d1,54a70f1262862600d627f401a9f9e072,delivered,2018-05-10 01:53:35,2018-05-10 02:16:11,2018-05-10 10:54:00,2018-05-14 11:08:44,2018-05-30 00:00:00
0b90ac9175a39196661a45b34be587e4,6ae6c7c1f89f7151c85245068c11d633,delivered,2018-08-03 09:54:45,2018-08-04 04:05:57,2018-08-07 09:48:00,2018-08-11 14:28:26,2018-08-15 00:00:00
044cd7ffb6a41e6e5513c6595a2893ca,ee5b60a884b4165fa4264e66968b4abb,delivered,2017-10-29 10:15:00,2017-10-31 04:10:20,2017-11-03 20:15:39,2017-11-15 16:05:43,2017-11-24 00:00:00
04d551f13024f132b86b2fdb707664ed,e7dce3335777ad9f70242b444c1ce42d,shipped,2017-05-27 00:14:22,2017-05-27 01:15:22,2017-06-06 13:36:34,,2017-06-21 00:00:00
018cb6a10649393055c272ba2984e8bb,169c3ca987a830baef97320592292dae,delivered,2018-04-03 18:28:35,2018-04-03 18:49:48,2018-04-04 19:12:41,2018-04-25 17:42:07,2018-04-30 00:00:00
0c7ac4325ae837f28df12a94a51cf375,57a3f8414e6e936ee0d8026db6f83715,delivered,2018-08-11 07:22:12,2018-08-13 10:10:22,2018-08-13 13:50:00,2018-08-21 20:41:52,2018-08-30 00:00:00
045b201c094804e3fa5e542994c79f09,5adb0951ee1644e69835635d77f51e27,delivered,2017-12-07 09:02:57,2017-12-12 03:55:39,2017-12-13 23:58:52,2018-01-03 21:27:41,2018-01-12 00:00:00
01cbdb2a8c075eaf248af643b3389f73,7fbb5f4108715c74461dfab031ea62bc,delivered,2017-07-09 21:20:44,2017-07-09 21:30:16,2017-07-10 17:40:01,2017-08-24 23:18:12,2017-08-09 00:00:00
0b23ff20645a72c0c1183b6b8ba15719,3033498ec1047e6944f31409dfcdd579,delivered,2018-02-01 16:13:57,2018-02-02 16:10:28,2018-02-09 19:42:36,2018-02-21 22:04:33,2018-03-12 00:00:00
021397df4601b61a8bd063be9b5c54a0,6a9314555839080b4a67cab05e532105,delivered,2017-11-16 17:53:31,2017-11-16 18:15:46,2017-11-17 20:54:57,2017-11-19 12:32:48,2017-11-29 00:00:00
01b6d15407d425529cbf0ec96258cb84,7ef73b34b0a8614d82a0756d9ca33f12,delivered,2018-03-12 21:47:09,2018-03-13 15:35:37,2018-03-14 18:27:40,2018-04-06 17:54:31,2018-03-28 00:00:00
0847e79b172a265faa7bd23222c56222,1bef529baa69f231b14112176ea31608,delivered,2018-06-14 20:48:50,2018-06-15 21:01:11,2018-06-18 11:22:00,2018-06-21 21:12:03,2018-07-26 00:00:00
0a8fa135a7aa265638024d7c4af050f7,996ec92b257a060a8a66ed7d14befba6,delivered,2018-04-25 21:40:21,2018-04-25 21:51:23,2018-04-26 13:34:00,2018-05-03 02:52:09,2018-05-21 00:00:00
0178ff2480e2e8fb84d456dd3dc3d777,9658c223ca600a39c7c52d7087d0a598,delivered,2018-03-25 13:48:39,2018-03-27 04:08:18,2018-03-27 19:18:54,2018-03-28 20:14:38,2018-04-06 00:00:00
0c986e5002868d137f566b34fb183827,56a65a21f846976ecbc7b7958ff32f74,delivered,2018-07-31 20:19:25,2018-08-01 02:35:21,2018-08-02 15:43:00,2018-08-03 14:26:27,2018-08-14 00:00:00
0bb931d01ae91d63c98608e9125c1c1d,98bab3333501e5426408e5f68c63d972,delivered,2017-09-12 14:40:50,2017-09-12 14:55:21,2017-09-14 18:04:02,2017-09-19 14:07:38,2017-09-28 00:00:00
089b6875058f8f72ecbe2f5afe317910,2864542befa48f24fae06fee7de38b4e,delivered,2018-04-10 21:07:35,2018-04-10 21:30:45,2018-04-12 17:26:28,2018-04-13 17:25:33,2018-04-23 00:00:00
09e6dfb3a40d9c2e75458a76ff06e2d5,2ac05c2154577da9cf490951f1a0da84,delivered,2017-02-11 10:42:55,2017-02-11 10:55:16,2017-02-14 18:17:28,2017-02-16 07:08:53,2017-03-10 00:00:00
0a65d1c730fc9bce9b5d353ff4f81bbe,e217d3b3ea5e1ec89757847ba1e86e2a,delivered,2017-07-26 20:35:51,2017-07-26 20:45:41,2017-07-31 21:29:49,2017-08-08 16:47:45,2017-08-24 00:00:00
0045e3085f083f0f38d24bb3f22e6593,eb729faa993caad20442243265804a7c,delivered,2017-08-10 16:13:36,2017-08-11 07:15:16,2017-08-16 18:27:40,2017-08-29 20:03:08,2017-08-30 00:00:00
0bbaf543aa84dd90baa21ed685d72605,aac099fe0a49d5c6bf65ca146a5df864,delivered,2017-11-05 14:18:00,2017-11-05 14:30:31,2017-11-07 19:06:34,2017-11-20 18:37:50,2017-11-28 00:00:00
07e2a9d486a8394f2700230396e8d5f0,0d0a49286a8610cff0b0ca481ac5d14b,delivered,2018-02-17 22:29:16,2018-02-17 22:46:57,2018-02-26 11:49:00,2018-04-02 22:32:10,2018-03-23 00:00:00
017c9c82265e832840e4209750680e94,1ff23faa252154298c3e52a1e36c1cda,shipped,2018-03-05 18:13:17,2018-03-05 19:00:26,2018-03-08 01:26:56,,2018-03-26 00:00:00
05f5cfec67106e59d6280f62c4792d25,dae09add1fb0749dd2deb3555fb5ff52,delivered,2018-07-26 10:20:44,2018-07-26 10:35:16,2018-07-26 15:31:00,2018-07-30 20:32:15,2018-08-10 00:00:00
0756c3213eb9155bc1209caced66eb82,57aea3c0424ba421f4a819dbdd9fcb33,delivered,2017-12-21 23:01:24,2017-12-22 16:31:18,2017-12-27 17:58:14,2018-01-10 23:19:37,2018-01-23 00:00:00
06588330ec63ae7132289b092c148ec8,7c8e2ee21d1aad5b2c33ee153b31192f,delivered,2018-01-23 18:28:59,2018-01-23 18:39:26,2018-01-24 22:13:00,2018-01-31 16:12:15,2018-02-20 00:00:00
0658b7d98d204e0beefedd5e8c0fad45,4cd9e0172b581ae5abbe2812df386e57,delivered,2018-01-15 23:37:49,2018-01-15 23:52:21,2018-01-30 20:04:12,2018-02-01 18:09:58,2018-02-16 00:00:00
0a1830f41dcbe9b26dc35c0c71738796,a572792aa6ba6ead6491799c102b1b0e,delivered,2017-09-13 16:18:26,2017-09-13 16:30:21,2017-09-15 16:12:44,2017-09-29 20:23:38,2017-10-06 00:00:00
0282e83acfe3e7aaf60c871a4a9aca61,c1951203ece4074187b167b92d80f71c,delivered,2018-05-10 20:50:49,2018-05-11 20:57:02,2018-05-14 13:25:00,2018-05-17 17:35:33,2018-06-05 00:00:00
005b49de51a4e006055e8487a50ad8e4,366c88e3ee5ed365c8529a9639c8b91c,delivered,2017-04-09 13:35:38,2017-04-09 13:50:09,2017-04-10 11:18:09,2017-04-27 16:47:35,2017-05-04 00:00:00
0c55bc7181a82565bc9da1e2842c84c7,c471fdcc5656bf13d3224409ea35b159,delivered,2017-12-05 22:58:51,2017-12-05 23:16:36,2017-12-07 00:39:02,2017-12-23 13:05:25,2018-01-04 00:00:00
003f9bcc09427647c4b9d361a523545b,a1a6d4f18deef15fee3ad4b6f36a7ce0,delivered,2018-02-06 13:06:45,2018-02-06 13:15:37,2018-02-06 21:52:33,2018-02-08 19:06:53,2018-02-22 00:00:00
025a244ae3d5e6c53b7f9c902643f510,1e1ee4caf4aaf60c6f5e95263a294267,delivered,2017-08-15 14:37:16,2017-08-16 03:15:08,2017-08-21 15:09:47,2017-08-28 18:42:22,2017-09-11 00:00:00
05f3fc274d71ebbd552966d716c9039d,011671897080a38fa57f3c190a310d49,delivered,2018-05-11 18:36:13,2018-05-11 19:01:11,2018-05-15 13:58:00,2018-05-16 18:08:30,2018-05-22 00:00:00
0c4284c2b4798ef2f308a6748fa63dc3,d81fce5f1e831085b9d464bc6172ee7a,delivered,2018-06-11 21:53:36,2018-06-11 22:19:21,2018-06-12 14:15:00,2018-06-21 15:48:29,2018-07-11 00:00:00
0312ecf90786def87f98aa19e0e0ce63,45cce495588388d074ab985f2f9b9bb4,delivered,2017-05-10 22:02:40,2017-05-11 00:31:33,2017-05-17 10:06:53,2017-05-18 17:09:46,2017-05-18 00:00:00
0424f6bc3d0829eb2829bf77fb01e60f,ed88ab704ab0332923a0413acb453635,delivered,2018-01-30 17:08:44,2018-01-30 17:29:52,2018-02-01 02:42:25,2018-02-16 21:08:07,2018-02-21 00:00:00
090395e4f947097290d8bde7125fe883,35009b941a378f88e841eeb4535757d5,delivered,2018-02-04 10:27:10,2018-02-04 10:48:59,2018-02-07 19:18:59,2018-02-21 00:39:18,2018-03-06 00:00:00
0bb96548fdaf9fb98f6a72c4936a54d1,bd30c8ec7f7139af7195e1f7f031e131,delivered,2017-07-15 20:31:41,2017-07-18 05:55:30,2017-07-24 19:18:39,2017-08-03 20:12:41,2017-08-08 00:00:00
080480ad9ab2cde9dd7f580cc063ecc9,f14217ccfd1e2b7fc110ed55955ccbbf,delivered,2018-05-22 21:58:57,2018-05-22 22:16:00,2018-05-24 15:35:00,2018-05-29 22:52:23,2018-06-08 00:00:00
05108247830e6abf604da38aff20907f,756f14b1558af7da091394b7abf48514,delivered,2018-04-19 12:22:46,2018-04-19 12:35:24,2018-04-24 18:40:55,2018-04-25 19:12:14,2018-05-08 00:00:00
034fcc4584bd6b6ca0c0718acf969c79,a41415234479f516143bb51a90adf145,delivered,2017-04-05 20:10:40,2017-04-05 20:22:32,2017-04-06 15:24:47,2017-04-10 13:07:10,2017-04-27 00:00:00
08ae4b03138c7c51262c05f8f6e58b74,52ea385b266902d17ee55b5274787468,delivered,2018-05-14 20:42:43,2018-05-14 20:55:39,2018-05-15 14:28:00,2018-05-18 19:35:51,2018-05-28 00:00:00
08451f484ac3dba5140399d0b7e0a829,552215a43eb8963b5ea631bde3e63bc5,delivered,2018-01-02 10:32:22,2018-01-03 04:33:26,2018-01-08 19:42:58,2018-01-22 22:19:07,2018-02-14 00:00:00
022e34b10acb0f74f51f03b3bf8d996d,63f88c298f90fa0472a1c82af364fb5d,delivered,2018-01-11 16:15:43,2018-01-12 16:09:04,2018-01-15 19:24:58,2018-01-23 20:32:50,2018-02-07 00:00:00
0b125520b605185e07783ab4fe8a398b,762e2f87a2fa9988aca913d5c04fb0aa,delivered,2018-03-16 13:05:40,2018-03-16 13:15:39,2018-03-17 00:42:37,2018-03-27 18:22:58,2018-04-11 00:00:00
0550f231a3ccfd0e87217ef2e816c7dc,990029922809a9b5c5324b370973f67c,delivered,2018-06-17 01:47:19,2018-06-17 02:19:05,2018-06-18 08:02:00,2018-06-26 06:54:36,2018-07-12 00:00:00
0a97f36e62839a22eb00bcc9a9160e70,3b3a45b3d25deef9424d8d639366b795,delivered,2018-01-10 18:29:58,2018-01-10 18:39:24,2018-01-15 17:25:06,2018-01-30 21:16:57,2018-02-16 00:00:00
010e04b5f879320f29a9bd6ca41abc94,e5475160d45b86c1272caa11513641ba,delivered,2018-02-17 12:50:20,2018-02-17 13:06:43,2018-02-21 21:29:11,2018-02-23 15:46:53,2018-03-05 00:00:00
0a36782ef456fa3a812be422d9a3f8db,716cc4c139536f08fd1ebf0a8e6806d9,delivered,2018-03-30 19:20:52,2018-03-30 20:07:48,2018-04-02 21:24:29,2018-04-12 16:42:50,2018-04-25 00:00:00
045e9ebd4d41affc66333d58c3d107c1,359657fc25081d620ff7caa59068e261,delivered,2017-03-01 19:28:08,2017-03-01 19:42:17,2017-03-07 14:33:43,2017-03-13 13:05:17,2017-03-27 00:00:00
046bc7c1d7122be13009a28d66977149,50a1e21aee11c07e29db5b8289876b9f,delivered,2018-05-29 21:46:28,2018-05-29 21:55:19,2018-05-30 14:40:00,2018-06-02 10:51:44,2018-06-21 00:00:00
0c956783114b7ac9633e16c494c191ce,7556392e5dea50250680dc5e7674cc7d,delivered,2018-01-14 20:05:34,2018-01-14 20:14:25,2018-01-16 20:03:20,2018-02-06 01:43:56,2018-03-02 00:00:00
0029c5db35ef291ce99d1262012e7daa,2f08bf21468eccdf69598582d4b89fb5,delivered,2018-08-25 00:09:40,2018-08-28 03:50:23,2018-08-29 13:24:00,2018-08-30 18:34:37,2018-09-03 00:00:00
06a10466a6e3befcdcb37637948fea4a,e9c1cfe35390c67f7f399f9a89c32714,delivered,2017-12-07 15:26:51,2017-12-07 15:37:25,2017-12-08 22:36:33,2017-12-11 22:54:44,2017-12-28 00:00:00
0c0b20eb744a9c5ec1611dfd81da6165,fe1cc174642276d82248a481bc4c083a,delivered,2017-05-16 20:39:33,2017-05-16 20:50:16,2017-05-19 10:59:16,2017-06-05 16:37:39,2017-06-21 00:00:00
068b0c2c80a022b71db91e7f44f5917a,18c93cf94b9ce20197cd914715d8258a,delivered,2017-03-03 19:15:35,2017-03-04 19:23:11,2017-03-14 16:45:40,2017-03-20 07:03:30,2017-03-24 00:00:00
056a1317ffaefaa2dff2d9ecb54fc7bc,3c3cc3aa98327a4a14d761d165a30f32,delivered,2018-02-22 15:08:29,2018-02-22 16:00:34,2018-02-28 17:22:40,2018-03-08 16:29:41,2018-03-19 00:00:00
051b95df471b0bc57ac737b9d3057954,3c75d55fc69882d5c9e3a2b87c5fc54e,delivered,2018-05-14 21:19:49,2018-05-14 21:35:20,2018-05-15 10:42:00,2018-05-21 20:26:56,2018-05-29 00:00:00
0150004d4d8eb63f9948de164da34e34,bca923b4bf0e608694abdc3e4f18c5b2,delivered,2018-05-15 15:13:06,2018-05-15 15:34:59,2018-05-15 14:58:00,2018-05-23 18:13:16,2018-06-07 00:00:00
0396488303af9f0a78feb9ffa7e48949,66966a2562fadcb3f9e3acbbfa9a4523,delivered,2018-07-19 08:11:02,2018-07-20 04:55:24,2018-07-24 14:40:00,2018-08-01 14:05:56,2018-08-16 00:00:00
06f39c67a9d68f76a8bfdb092852829f,8de55546e8d40ba8d5bda5aa4b70e955,delivered,2018-07-04 18:14:57,2018-07-05 16:32:57,2018-07-05 15:17:00,2018-07-09 21:33:12,2018-08-02 00:00:00
0381dc399ab9a6c55f83eca96907a034,a5802bdf6acdea92021a695149a8bbc2,delivered,2018-02-26 18:53:26,2018-02-28 10:15:47,2018-03-01 00:58:39,2018-03-15 23:48:50,2018-03-23 00:00:00
04791a70ae0e68a0fb50758b946b5195,6cc2669297113f79b91a3904a83c2da9,delivered,2018-01-23 22:06:04,2018-01-23 22:16:29,2018-01-26 16:12:54,2018-01-31 23:24:40,2018-02-15 00:00:00
0cd4d3d4e2831e2089f43b6d7402c2c7,dff76d8f98864a042bde79ce48314dd9,delivered,2017-10-17 23:24:35,2017-10-17 23:49:10,2017-10-24 21:32:16,2017-10-27 20:50:07,2017-11-03 00:00:00
0a1a904fb2f51218c9c7ce314190de36,30252efebc24559e1a26dbede516424c,delivered,2017-03-13 12:03:04,2017-03-13 12:03:04,2017-03-13 14:49:22,2017-03-16 09:22:08,2017-04-03 00:00:00
0c9390d44c63041e5212e93ac2a5c930,5e168c76684ab783a8e1b4a8edd6548a,delivered,2017-02-16 08:20:11,2017-02-16 08:30:18,2017-02-16 14:42:52,2017-02-24 12:04:35,2017-03-15 00:00:00
0c4d9abe48221137e67e9d01a442df13,ccce3ac024e004b2607899abecc0d9fd,delivered,2017-12-04 13:35:13,2017-12-04 17:14:35,2017-12-05 21:58:43,2017-12-20 18:52:40,2017-12-20 00:00:00
0323ff12c1df8a359930ac6b84a32653,bb3971094d7eb77b5347edf241a9f60e,delivered,2018-05-11 17:57:27,2018-05-15 03:55:59,2018-05-15 10:36:00,2018-06-01 18:12:44,2018-07-02 00:00:00
040f27ad597191f7832612a806fa682f,1af1723f0cead011af0e8aafd98d8189,delivered,2017-12-22 14:43:34,2017-12-27 04:08:46,2017-12-27 18:57:50,2018-01-08 12:26:01,2018-01-18 00:00:00
01442602b15d4127a84ca6ac1507ee2d,5f816233eb2322dd00015934ff84693c,delivered,2018-07-29 14:13:19,2018-07-29 14:31:45,2018-07-30 18:05:00,2018-08-06 18:03:03,2018-08-21 00:00:00
01d907b3e209269e120a365fc2b97524,d02cc92f5e33eb58d9ff4d5cce6ae901,delivered,2017-08-09 16:21:06,2017-08-10 10:25:08,2017-08-11 19:05:53,2017-08-16 22:34:11,2017-08-29 00:00:00
092166b50105729618cd1dfb1e7c650c,962be2aadd1d19b72b4c27cfe5e4ea37,delivered,2018-04-03 13:55:45,2018-04-05 11:48:37,2018-04-07 01:19:32,2018-04-09 16:42:27,2018-04-13 00:00:00
04b3f8c1795246a5d14db7496d570bc9,c3c91f40e481639af088fcf9a9ffa1d0,delivered,2018-02-08 09:54:26,2018-02-08 10:10:35,2018-02-09 00:41:34,2018-02-20 13:52:02,2018-03-19 00:00:00
062fb51d4257a8a7ef0bb5df1becde54,b24db387af945bdac7f0e3802cdf45a7,delivered,2018-01-12 13:14:51,2018-01-12 13:28:40,2018-01-17 19:21:47,2018-01-23 16:09:51,2018-02-09 00:00:00
00335f75ea6a4455b524a8dd177067f5,32b84239e3f3904ac162d832454770c7,delivered,2018-04-25 21:47:26,2018-04-25 22:10:29,2018-04-27 14:49:00,2018-05-03 22:16:51,2018-05-28 00:00:00
08632fe0bc1f85190f242268f3410561,d15040354179edf98a52370f7b427729,delivered,2017-07-12 09:56:39,2017-07-12 10:10:24,2017-07-13 17:06:04,2017-07-25 19:27:55,2017-08-14 00:00:00
0cc25005d4c6ad2b8ca080644cee93d8,00694a1bf2da47e37b2bd3193eeae839,delivered,2017-11-24 09:58:46,2017-11-25 06:31:52,2017-11-30 16:42:52,2017-12-01 21:39:10,2017-12-08 00:00:00
0714c5e5a4887535cbf5a60cbab73fe4,04cb06222199f8e9a1691ef028e88a28,delivered,2018-03-24 18:20:15,2018-03-24 18:30:37,2018-03-27 04:08:53,2018-03-27 12:49:39,2018-04-06 00:00:00
0aaa4cd49d3624258b908c2abdf189cc,73ff91e90f718f4e4b183053504f0265,delivered,2017-12-02 14:18:40,2017-12-02 14:30:01,2017-12-05 19:14:41,2017-12-26 20:09:28,2018-01-04 00:00:00
05ad157e8f606d82b474fd05703b7610,6346f4f79b657f6256dcdf1e63a46992,delivered,2018-05-08 19:48:36,2018-05-09 19:52:30,2018-05-11 13:05:00,2018-05-20 11:52:38,2018-05-24 00:00:00
09c10d01ea598b37493ee93aa01cb066,f7e9bb341dd0e8c538dce497142a1bb2,delivered,2018-07-14 19:38:54,2018-07-14 19:50:17,2018-07-16 14:16:00,2018-07-26 18:56:41,2018-08-01 00:00:00
0a191803956e2748ef8dc1ed7ed5e991,6dbe848c6681efae10ede81c3f0c9ae5,delivered,2018-06-16 19:13:42,2018-06-16 19:37:19,2018-06-20 14:59:00,2018-06-21 17:28:53,2018-07-03 00:00:00
04767604594dae9050fbaf22bca08e6e,20b482fe0f494bf34e0aeda7e9c33fce,delivered,2017-05-21 21:55:51,2017-05-23 03:22:51,2017-05-23 13:55:40,2017-05-24 13:59:52,2017-06-02 00:00:00
0a53c1150d1019fb4e5e6224e887011f,26fc7e710ec9bba533f8967e60f2cc5d,delivered,2018-04-18 21:22:49,2018-04-18 21:50:50,2018-05-02 15:43:00,2018-05-04 15:22:06,2018-05-02 00:00:00
01aa38b66d95377a4f276f78742aca15,3e92daf13094e2b667e2f2c38a4ce969,delivered,2018-03-01 13:16:25,2018-03-01 13:30:37,2018-03-02 16:57:14,2018-03-03 15:48:44,2018-03-13 00:00:00
0b4526b3cce3a48ec0506b923481cdfc,bfb2de23d4abe0eb20a7e63974fbfc23,delivered,2017-03-21 13:29:54,2017-03-21 13:29:54,2017-03-22 11:53:39,2017-03-27 15:18:10,2017-04-13 00:00:00
0725532304d0cfa92301860fe3075a28,3c6f2c53258e60f1475d52d320a3891c,delivered,2018-08-02 12:05:30,2018-08-02 12:35:18,2018-08-07 10:11:00,2018-08-08 23:52:00,2018-08-09 00:00:00
08b0cc275164eab92e5797432fa89770,5c197035dc0c05ebb42f00013fec810a,delivered,2018-07-16 08:50:17,2018-07-16 09:05:46,2018-07-31 14:25:00,2018-08-15 15:26:35,2018-08-14 00:00:00
0143924743f240e1fdcd6a8918fbe147,3f979506b05475cf5da22aa8e6c36a6c,delivered,2017-07-18 17:52:06,2017-07-18 18:05:44,2017-07-19 19:22:35,2017-07-21 22:33:51,2017-07-31 00:00:00
0307d42d9c781d32f86cdf1fa5c8670b,690cd79f4b00c6cc5a7ea781ca0961cb,delivered,2017-03-16 10:03:18,2017-03-16 10:03:18,2017-03-17 11:28:46,2017-03-21 11:38:49,2017-04-04 00:00:00
0b0bd9b754737f8954ee14d15c7acb85,f921671e530fb8699e967a93163e6f3a,delivered,2017-11-29 09:03:43,2017-12-01 11:31:36,2017-12-12 22:11:49,2017-12-26 14:42:51,2017-12-22 00:00:00
0259b4edb1ee1ebd0263f59bd790a938,bee393f2250bb90bd7431d95b7172566,delivered,2017-09-01 03:12:29,2017-09-01 03:25:08,2017-09-12 15:18:39,2017-09-19 17:00:12,2017-09-20 00:00:00
00b2d2f2b5f7b98e6b1828764660134e,afc13494642f88d253be56a1e353e261,delivered,2018-08-09 08:27:54,2018-08-09 08:50:19,2018-08-10 17:15:00,2018-08-15 20:20:42,2018-08-30 00:00:00
08dd806c9344c87a3f061a6540a65041,bfa964abc76d954af38e02158e4c7946,delivered,2018-05-22 19:25:04,2018-05-22 19:36:59,2018-05-29 07:16:00,2018-06-08 18:08:48,2018-06-22 00:00:00
0c9f8646d592c21c2015b929996427af,493941e03992cc140b88be7a292808c9,delivered,2018-03-20 07:44:52,2018-03-21 02:50:35,2018-03-23 23:52:05,2018-04-06 23:16:42,2018-04-16 00:00:00
06d614f169d6f1a04c85b382d4bd462c,6e15807a5d74456cf5f90cf879bcd7f4,delivered,2017-11-24 08:25:10,2017-11-24 08:33:34,2017-11-24 15:39:30,2017-11-29 18:03:24,2017-12-19 00:00:00
065ac4b340bafd4f6bee041c63e10aef,9c29746c15ba972bc51e23fcdc498216,delivered,2017-06-02 12:37:27,2017-06-02 13:10:55,2017-06-03 09:38:18,2017-06-13 17:29:55,2017-06-27 00:00:00
04db86e3493b3724ac4bd3c9a397e23c,ad1e6b608a4dca0dd25bf862939cf3aa,delivered,2017-08-28 12:12:38,2017-08-30 02:15:23,2017-08-31 20:51:24,2017-09-11 19:20:02,2017-09-14 00:00:00
07ea296aee6d3fc7e722d3d2716448c9,72bda37cce8718fda2c702b1a23d4ac5,delivered,2018-05-01 12:57:12,2018-05-01 13:36:11,2018-05-02 15:44:00,2018-05-03 17:39:36,2018-05-14 00:00:00
06fef7fd666bfeff415e544f1648a7de,34b940a65cdafb66d26675441dad9284,delivered,2018-01-25 12:13:46,2018-01-26 03:15:58,2018-01-30 23:59:27,2018-02-06 12:41:16,2018-02-20 00:00:00
0bece47d86c4c6000ca551001a15669d,cfd291abeecfeb65e06539b6fcf99b92,delivered,2017-10-11 11:04:43,2017-10-12 02:29:07,2017-10-13 18:56:35,2017-10-16 19:13:48,2017-10-24 00:00:00
064558d37369c187c5e1e37eb534ba4d,f8df2a75e0b9e1e6d0dcd77fa80010f5,delivered,2018-02-28 17:22:16,2018-03-01 17:15:46,2018-03-02 22:04:17,2018-03-06 21:47:39,2018-03-13 00:00:00
0c67c33a0a66f1eb55919fb2e68a7a51,ab4d1e8f94270a845f887b71343b4814,delivered,2018-05-26 13:53:49,2018-05-26 14:18:24,2018-05-28 11:35:00,2018-06-05 16:08:47,2018-06-28 00:00:00
01c95de6d0852189b4d6b6d32a3c8e0c,12a9f04e1b2cad4b8f510168f31d5663,delivered,2017-08-03 23:13:48,2017-08-04 07:55:11,2017-08-07 12:52:11,2017-08-08 15:49:31,2017-08-16 00:00:00
0a10c45a73c3213a1499c3989973849b,7d8983250c2d0a3ee2e1deeb1bfd9523,delivered,2018-01-15 23:47:57,2018-01-17 03:35:27,2018-01-20 15:34:50,2018-01-23 19:55:53,2018-01-30 00:00:00
07b56b1c06dbdc14a4031c21261a7fec,956a8bb215a81b14bf7cf65d68d3c45a,delivered,2017-04-12 10:59:59,2017-04-12 11:15:15,2017-04-12 11:55:24,2017-04-28 08:13:35,2017-05-11 00:00:00
045806c8806bca9909e23a1a79cfdd0c,fa7ff73c5d702b41dd2f88e18484a275,delivered,2017-12-10 20:49:32,2017-12-12 20:52:21,2017-12-18 22:18:59,2017-12-27 18:39:04,2018-01-04 00:00:00
0081ce648af7d6a7bac2a93b6035d1e3,21fac8ff24f5231ff8f105323fea28a7,delivered,2017-11-08 13:38:11,2017-11-09 05:31:39,2017-11-10 18:28:35,2017-11-22 19:33:00,2017-12-01 00:00:00
09519116d7d66f8a0ed5c02048573c7d,7ff8e942a84a6cac114e1ef9c331242f,delivered,2018-04-05 22:47:52,2018-04-05 23:08:46,2018-04-07 01:42:37,2018-04-23 22:44:59,2018-05-10 00:00:00
06dc4c865466794eb744032dc81b2c3f,91fa40257e77a974dc662e0012ae90c4,delivered,2017-04-24 00:15:05,2017-04-25 07:56:14,2017-04-27 15:48:11,2017-05-04 16:11:52,2017-05-15 00:00:00
03a038679f94b33ae1fe8503c4e30203,ee8a924a530d3ed514d505a0d7324a4c,delivered,2017-11-17 19:49:49,2017-11-17 20:50:32,2017-11-20 20:34:30,2017-11-25 13:28:55,2017-12-06 00:00:00
001e7cf2ad6bef3ade12ebc56ceaf0f3,d1684ed69f8fd574b7c344de923f379a,delivered,2018-05-19 10:29:23,2018-05-19 10:59:50,2018-05-21 14:34:00,2018-06-04 18:08:23,2018-06-05 00:00:00
0675116b5556a78cf0413f70aa9f235e,9e2d9c6000d88cd4b51ab4dc2bc58ef9,delivered,2017-01-19 15:21:44,2017-01-19 15:30:17,2017-01-23 11:06:32,2017-01-26 16:52:29,2017-03-01 00:00:00
0cabc61e5deb17c32904e1b512204efd,13a094bf5c41e311945e058c7a2d8ef8,delivered,2017-07-02 12:01:17,2017-07-02 12:15:11,2017-07-04 15:32:43,2017-07-12 17:33:25,2017-07-25 00:00:00
055e4873984d5da3b7d65dc86a3c4149,f4ba748d8b07e14ec640572f6f368e47,delivered,2017-11-20 12:47:41,2017-11-22 02:46:55,2017-11-23 18:22:58,2017-12-02 00:29:13,2017-12-11 00:00:00
0487b902149eab8ec30e844142ee3e3a,817bf570282659feeeea95bd68a6ce1d,delivered,2017-11-13 18:09:53,2017-11-13 18:30:41,2017-11-14 16:49:01,2017-11-17 18:12:35,2017-11-28 00:00:00
05d4aa8f649013fe68b769fa43ba7646,aea3aff1832af58932ad32617b3333fa,delivered,2017-10-28 19:50:19,2017-10-31 04:06:39,2017-11-03 16:53:08,2017-11-04 13:22:17,2017-11-10 00:00:00
016e4acfc34b9f2abc69795f47c92f0e,ab53dab22635ae74adb0baa0689afcc0,delivered,2017-09-15 13:53:55,2017-09-15 14:10:19,2017-09-15 20:02:46,2017-09-18 21:40:44,2017-09-27 00:00:00
05e168bd339a82dc2739b847d4ca99f8,b069a3c6dd74a018f34884bbcd0cf0e2,delivered,2017-09-17 22:44:35,2017-09-17 23:20:51,2017-09-19 22:04:02,2017-09-26 19:48:53,2017-10-09 00:00:00
05d30aafa32e3fedf6eafb2e75648eec,2142bf7ae61478494829dbaa1694eba2,delivered,2017-04-27 10:17:51,2017-04-27 10:30:10,2017-04-28 10:39:18,2017-05-08 08:23:55,2017-05-29 00:00:00
0c38c51b8a775bccbf8a0e340be3cece,1b8d4b28ab60427100f70a7232fdf094,delivered,2018-07-29 17:56:09,2018-07-29 18:05:11,2018-08-03 12:37:00,2018-09-01 00:34:24,2018-08-20 00:00:00
0286c83491d80e29a5f16c150abb76b2,c9d83efae10ff5d47b75d591e2bbbffe,delivered,2017-10-29 16:45:18,2017-10-29 17:06:08,2017-10-30 19:03:52,2017-11-01 15:14:28,2017-11-10 00:00:00
0679f01b97036fd74d1ee72a23c45426,cbdff4a20dc832dde15dd8b704801e8a,delivered,2017-03-03 15:19:52,2017-03-03 15:30:22,2017-03-06 09:39:22,2017-03-14 11:11:56,2017-03-24 00:00:00
09f08a5ef3dbd9a7c895c647f30bb059,3aaee00fc9ce5f6dbbd2f378254f7f65,delivered,2018-01-24 11:40:54,2018-01-24 15:07:40,2018-01-29 18:07:10,2018-02-02 23:42:07,2018-02-08 00:00:00
00858d03144cc35cfd1dd043647e7c88,54f0f481cc9257023435b76aa5e647db,delivered,2018-03-14 22:53:09,2018-03-14 23:09:38,2018-03-15 20:34:31,2018-03-22 23:45:59,2018-04-25 00:00:00
05a8c94a9361d5496501f6577cf82841,c62d3321fbc841fce665169b9f3218a7,delivered,2018-03-17 19:39:17,2018-03-17 19:50:31,2018-03-22 18:46:42,2018-05-04 22:12:27,2018-04-20 00:00:00
0a8fa6b5910d2d1326480e5837f6b51f,658edb643c1de24ab48d5fc95555001b,delivered,2017-08-23 20:41:56,2017-08-23 20:55:21,2017-08-24 19:53:35,2017-08-30 20:38:12,2017-09-15 00:00:00
0260b4ed1d24feacffa9d9783016a467,b8cc30d4bb91f771891ae6aace4270b5,delivered,2017-03-21 17:14:02,2017-03-21 17:14:02,2017-03-22 10:26:58,2017-04-08 03:03:48,2017-04-11 00:00:00
043332e857863b02677c1e075e3cc0cf,2b73a8fa9430b526be65472668b11004,delivered,2017-11-08 15:26:16,2017-11-08 15:47:14,2017-11-14 21:03:12,2017-11-21 17:41:37,2017-12-19 00:00:00
02c13bb9b84866055ea2074cc6a83a16,bc9802f1680047c23503920524d21e8b,delivered,2018-06-27 00:18:16,2018-06-27 02:55:42,2018-06-27 09:19:00,2018-07-10 18:31:54,2018-07-27 00:00:00
0c2b241aa0c85f5e27ad334225793b87,eab17001b1d7cde27c1f1234af12d4e6,delivered,2018-04-02 15:21:10,2018-04-04 03:29:29,2018-04-18 22:28:34,2018-05-14 23:28:30,2018-05-18 00:00:00
09dd119f5cafd6888b0e67ebcff86a45,084c08c188cff70f6cc25048290ffbae,delivered,2017-11-26 21:38:50,2017-11-26 21:54:12,2017-11-29 01:16:45,2017-12-22 14:04:16,2017-12-15 00:00:00
004ba47bb589cdbc485e6025bd6d3c81,ab30bf72cae845f3814c7baa50ca549a,delivered,2017-12-25 20:40:15,2017-12-25 20:48:10,2017-12-26 20:39:05,2017-12-29 20:24:23,2018-01-19 00:00:00
02c9fa29186a8d00b3e73d3837ea40e5,caa73ab2b4679f1525c5d8281a7efe2d,delivered,2018-08-18 18:52:16,2018-08-18 19:09:45,2018-08-20 14:58:00,2018-08-23 18:47:36,2018-09-14 00:00:00
0010b2e5201cc5f1ae7e9c6cc8f5bd00,57ef317d4818cb42680fc9dfd13867ce,delivered,2017-09-11 17:39:33,2017-09-11 18:04:37,2017-09-12 17:02:57,2017-09-23 13:21:21,2017-09-27 00:00:00
04287a84357d7a29361c0948ee9bb4b4,1a6619159ba150721453e7a7650ae0ab,delivered,2018-06-24 17:55:27,2018-06-24 18:15:19,2018-06-25 14:24:00,2018-06-30 15:28:25,2018-07-17 00:00:00
0903e0b7f189735c47cae28e5e5766f5,1bc16e02bedfd980cd935973425f1cd2,delivered,2017-08-28 21:35:08,2017-08-28 21:45:37,2017-08-29 15:50:09,2017-09-04 19:09:40,2017-09-15 00:00:00
0cc9e18508708774c1c956cd3ad9e910,a08e096b01b1231d0e7b11cb0cbe0fcc,delivered,2018-03-12 10:34:34,2018-03-13 04:40:28,2018-03-15 03:12:14,2018-04-03 17:38:10,2018-03-28 00:00:00
072916d00b6a53edec9ccdb3eba1bdf4,a4f138dbdd2ad412bc7173fedc0e0bfd,delivered,2017-09-14 16:21:19,2017-09-15 16:25:16,2017-09-19 19:36:11,2017-10-04 11:23:00,2017-10-11 00:00:00
03fa3f4dec4b3647d00532079f723fec,b81c7ffaa716801ef032807a715af762,delivered,2018-02-26 14:18:54,2018-02-26 14:35:36,2018-03-09 22:05:48,2018-03-21 22:38:48,2018-03-29 00:00:00
047d7bce997c4e73c6efe724711fd3b8,f0edfaa912ad71ab12fcb5495bdba415,delivered,2017-10-15 21:28:17,2017-10-17 03:56:21,2017-10-23 13:40:03,2017-11-01 20:47:49,2017-10-26 00:00:00
0382a4a9c39917c21b842b7c15f4be23,3e15b2d3a5fac27b51a5d2dbd01d18ec,delivered,2018-08-14 18:17:36,2018-08-15 03:23:59,2018-08-15 11:57:00,2018-08-20 21:18:53,2018-08-23 00:00:00
07ac5d2775e382ce0fa8132f74330cb2,338e6042821357f927ba8e5bc128c832,delivered,2017-11-27 23:45:14,2017-11-27 23:56:21,2017-12-08 12:41:32,2018-01-07 11:22:18,2017-12-29 00:00:00
03708181cb41c558287d1feff6df5cb6,7a2a4f108f5de77e0e1ed87dc208a267,delivered,2017-12-12 19:01:39,2017-12-12 19:29:53,2017-12-15 17:12:55,2018-01-03 18:24:47,2018-01-12 00:00:00
0b17b204a1785111272edfadb2aa9e94,0db0eb41bc86fb464a6e175e06304992,delivered,2018-08-01 21:33:30,2018-08-01 22:04:00,2018-08-03 10:03:00,2018-08-08 13:04:42,2018-08-23 00:00:00
01c2c8708930c4fb8ed278dfe7ec93c7,bd5367862812e14c7400da5cd1e1b135,delivered,2017-11-26 20:19:15,2017-11-26 20:33:04,2017-11-27 19:21:33,2017-11-30 23:29:01,2017-12-19 00:00:00
03faedb6f3c4299c7cd934f5242b194c,88624d7d20ec8bcd35a8dbc1ca51085c,delivered,2018-05-04 09:39:39,2018-05-04 09:55:17,2018-05-04 14:52:00,2018-05-11 20:21:35,2018-06-08 00:00:00
0ba9cadd4c71572ad9f78e7d3967b323,7db1a1c96774d32cbe8d8a8cc2686211,delivered,2017-05-10 22:44:15,2017-05-10 23:02:36,2017-05-11 10:26:42,2017-05-15 10:51:43,2017-05-30 00:00:00
03c939fd7fd3b38f8485a0f95798f1f6,2a35ad9f439dfc62d35a0202e71d6c66,delivered,2018-02-25 21:01:08,2018-02-26 09:35:46,2018-02-26 22:46:40,2018-03-19 21:48:52,2018-04-02 00:00:00
0084209c576daad6ff4534902fcb4892,7bfe2d37d3643c4bd9fe6fd5c4228d0e,delivered,2017-07-05 13:14:26,2017-07-05 17:41:17,2017-07-06 15:29:25,2017-07-18 12:34:02,2017-07-27 00:00:00
039330ccdc3eeb07d44541457391fcae,701fcbed6495802efae87463e532954e,delivered,2017-10-20 16:51:47,2017-10-24 03:49:21,2017-10-25 12:48:51,2017-10-31 22:33:06,2017-11-10 00:00:00
0347e77ba3ffb1d21339231e1f882b5c,d98cc303c53b826e8a2187c4f04c100e,delivered,2018-02-05 17:50:42,2018-02-05 18:11:27,2018-02-06 23:23:55,2018-02-15 20:12:13,2018-03-09 00:00:00
09868b0eb512bfbbe98900f16d79d055,09b383911c9df8366e4c4ecff5220f2a,delivered,2017-03-21 16:04:32,2017-03-21 16:04:32,2017-03-22 09:12:28,2017-03-29 14:06:16,2017-04-11 00:00:00
0bf20dbe580a4ca2a717523e7bf6c610,076ef990626d218176fa27d3d6e2773f,delivered,2018-01-22 18:30:11,2018-01-22 18:37:27,2018-01-24 01:53:11,2018-02-04 13:37:40,2018-02-06 00:00:00
0256530d814cde05587fcd8e1b992bc8,023d1d56f9187c91230a4e8b50ab6fb3,delivered,2017-09-28 23:57:42,2017-09-29 13:56:12,2017-10-02 16:10:19,2017-10-16 19:42:30,2017-10-26 00:00:00
07d23ebd900562c310938c158c23d6be,eaf6adf12bafd0a65d373221cad2dacf,delivered,2018-04-21 18:07:17,2018-04-24 18:57:00,2018-04-25 00:24:23,2018-04-27 17:07:32,2018-05-16 00:00:00
0020a222f55eb79a372d0efee3cca688,0c45155afd8ff99622c40824057f9b34,delivered,2017-08-15 02:45:18,2017-08-15 03:03:44,2017-08-15 16:40:22,2017-08-24 19:19:56,2017-09-06 00:00:00
05fcd933547be81890bc4d62357fdf3f,a38a9ffb610562b589318c8b263e0d5b,delivered,2017-07-19 10:17:34,2017-07-19 10:30:13,2017-07-20 15:27:45,2017-07-26 13:45:35,2017-08-08 00:00:00
08f6cddc0499702a4dbbd26f2b04b986,8ba3070c820fce3edee16917b2ef6de9,delivered,2018-07-23 16:16:37,2018-07-25 02:50:16,2018-07-25 08:49:00,2018-07-31 21:12:26,2018-08-14 00:00:00
0712d5a2573948df98ba556ab362ef06,d5e9eb9208e37c9f39e6f19c0941b675,delivered,2018-08-22 16:52:17,2018-08-24 03:10:18,2018-08-24 12:26:00,2018-08-30 18:51:56,2018-09-06 00:00:00
0bf01f26ad0f401b182bd0491ee79d34,cdb061c59e7ce1676b3246012919cde2,delivered,2017-05-05 13:46:32,2017-05-05 13:55:23,2017-05-05 15:53:57,2017-05-15 18:37:24,2017-06-02 00:00:00
055148178e6fef1a7c02a3a04b6ef6e2,6159a210523abcf7fa166f7cc088bab3,delivered,2017-11-10 02:02:37,2017-11-14 03:50:38,2017-11-14 22:51:20,2017-11-27 16:32:51,2017-12-08 00:00:00
0b8c6aefe987f59ab3cea15927aedc8e,42ed4ae976789164a88e41d1526a5c3a,delivered,2017-12-19 20:39:43,2017-12-20 16:11:26,2017-12-21 21:56:47,2017-12-28 13:13:48,2018-01-16 00:00:00
03af220bbd928b7dac065e6febed1c5e,3dc408efa49b52c61d521247efe4a270,delivered,2018-02-19 22:08:23,2018-02-19 23:07:33,2018-02-23 22:25:14,2018-03-02 12:48:58,2018-03-13 00:00:00
04ffe2f01e4967bb8dd86f8d1db29d89,449baad385972ba0072cbf4dbfc18e34,delivered,2017-06-26 15:25:02,2017-06-27 03:45:07,2017-06-30 11:42:26,2017-07-02 08:26:32,2017-07-07 00:00:00
075a544c5f4ed4bb75f82b160465fe76,8c0a260a33c95286a9a851fe8bf42797,delivered,2018-02-22 15:17:38,2018-02-22 15:35:27,2018-02-27 19:23:49,2018-03-05 20:58:53,2018-03-20 00:00:00
069d921a767dfeb76fb4a7f39bc4217c,5eecda6ad529c01c64a0dc71cfc02f17,delivered,2018-07-05 15:49:02,2018-07-05 16:35:33,2018-07-06 09:00:00,2018-07-11 18:03:10,2018-07-18 00:00:00
0cf80be143500050973f324c3e068196,d45cfb2ed69ddf56d6fadc0c3e8b2767,delivered,2018-07-26 14:33:26,2018-07-26 14:45:08,2018-07-26 13:32:00,2018-07-30 22:22:08,2018-08-15 00:00:00
076b2c2ebef1ce8600aec810d3bf6286,7969565285115f37d943df3f762ca81a,delivered,2018-02-06 13:50:32,2018-02-06 14:15:49,2018-02-09 00:38:48,2018-02-26 17:26:01,2018-03-13 00:00:00
07bd0c7e13ac7c3a408dd3bc8f18fc78,6888824f6a0a78173ad41847d2dac2f0,delivered,2018-01-30 15:18:07,2018-02-06 17:15:32,2018-02-09 22:05:05,2018-02-14 23:06:46,2018-02-22 00:00:00
00337fe25a3780b3424d9ad7c5a4b35e,4b1b5c848616a4b5fa9d76cb1d12067b,delivered,2017-09-25 17:39:29,2017-09-25 17:50:16,2017-09-26 22:31:51,2017-09-27 16:52:40,2017-10-10 00:00:00
0985a44f5d8e8bf1d6a48717584cec06,f82b51953c5ce4b803faaf7e95e1c858,delivered,2017-05-04 19:14:54,2017-05-04 19:25:13,2017-05-05 09:26:02,2017-05-10 08:52:54,2017-05-25 00:00:00
02119fc90b970a6b0f5f554659843ab4,247eb12909a8db3cc579b1260c3061e6,delivered,2017-06-28 12:47:50,2017-06-29 02:45:31,2017-06-30 08:11:54,2017-07-20 15:49:38,2017-08-01 00:00:00
0582e17dbb2d3c6052b964ab8e62dff5,87a86ccfba74e1253a8866e5c7b1de2c,delivered,2017-11-23 18:52:49,2017-11-25 04:56:25,2017-11-27 14:59:17,2017-12-12 23:44:30,2017-12-19 00:00:00
0ce9a24111d850192a933fcaab6fbad3,5bb8de60ca2ca8b01a5ce471802fe10b,delivered,2017-11-24 01:40:48,2017-11-24 01:49:34,2017-12-06 15:19:09,2017-12-13 00:28:44,2017-12-19 00:00:00
0b850781696042f7d33b6246dc49bd31,1eb1747994dbcb25f83cfc9490e833f6,delivered,2018-03-17 10:37:48,2018-03-17 10:50:26,2018-03-22 20:52:44,2018-03-28 21:08:41,2018-04-24 00:00:00
03f9705f9135ccb809e74e902f19b2e8,22fdc6255f0b1dd9fb663cbf1e8f9db9,delivered,2017-04-25 21:15:01,2017-04-25 21:25:13,2017-04-26 15:28:53,2017-05-06 09:24:06,2017-05-19 00:00:00
0918eb0a00743c2cfeb69cce4fe4fe1e,8568c1a8472b76f6399440bdf4578f1b,delivered,2018-07-10 10:33:17,2018-07-10 10:45:32,2018-07-11 15:07:00,2018-07-12 21:12:49,2018-07-18 00:00:00
078d2f79c229fd2c2759339ac97242f4,8c476a43d105e52524d6a1fa3fd51d13,delivered,2018-07-26 07:47:36,2018-07-26 08:04:32,2018-07-26 14:41:00,2018-07-31 16:06:58,2018-08-15 00:00:00
03e53a3c2ea313a49e89aee8f8c44970,af80fb37305133fe068ba9c0eecc7955,delivered,2017-06-15 15:24:45,2017-06-15 15:35:09,2017-06-19 19:32:29,2017-06-30 13:18:03,2017-07-20 00:00:00
02e275a40a23c32f81e13045c84b5a19,47acf38bb484855c8e70a956e4807145,delivered,2017-11-10 21:49:33,2017-11-10 22:06:55,2017-11-23 00:57:49,2017-11-27 22:42:10,2017-11-30 00:00:00
08ab4cd4d921b31bd7719eec989aee97,7e2fc634b12c4c3779cdcbe1e8c9bbc4,delivered,2018-02-24 18:22:14,2018-02-27 04:31:10,2018-02-27 18:18:32,2018-03-01 21:04:43,2018-03-12 00:00:00
04ca915235b56ef2ce81703cdaa6a24b,63adaee377092616c26dd4b26b4cc633,delivered,2018-07-04 20:46:09,2018-07-05 16:20:57,2018-07-05 11:14:00,2018-07-10 20:38:39,2018-07-27 00:00:00
0739104e30e20de6c0956c0889a9b9dc,066a9e746ce5eead40d2afa9bccd3d7d,delivered,2018-08-17 19:00:16,2018-08-17 19:10:44,2018-08-21 06:04:00,2018-08-27 16:02:46,2018-08-31 00:00:00
01fba151a6fa8315ff6dc6f29fe2f2d4,414aa2fa7df5bb8836e17bfe8e2a0658,delivered,2017-07-10 14:06:20,2017-07-10 14:23:25,2017-07-11 12:12:25,2017-07-13 14:15:46,2017-07-26 00:00:00
0216b8a71f44f126ac083fa5d639fe47,6721f296aee89a6caef0bf53c7547103,delivered,2018-08-19 00:17:45,2018-08-20 10:55:11,2018-08-23 12:56:00,2018-08-24 18:42:37,2018-08-29 00:00:00
07161bfb5748163ca6d0478bda1b0a5a,863464634cc4fc94f9d67cd9da10cbfe,delivered,2017-03-31 21:18:25,2017-04-01 10:02:32,2017-04-03 16:34:08,2017-04-10 06:23:49,2017-04-26 00:00:00
05b7b6d543fe8045020d831080945bfd,bb463a696f34481aedd8de6488bdc959,processing,2017-12-03 17:30:49,2017-12-03 17:38:26,,,2017-12-27 00:00:00
08d862895d238cb8405dffe9b981df25,83e1602374f1c008027bbf8828fc785b,delivered,2018-06-01 19:57:06,2018-06-01 20:11:26,2018-06-05 14:15:00,2018-06-14 19:38:41,2018-07-05 00:00:00
0b4bc06ede46442d11b5b22710cefcf4,fa1925cfe642740f5d758dcd83696629,delivered,2017-10-15 21:00:40,2017-10-18 03:27:32,2017-10-18 18:07:47,2017-11-10 20:21:30,2017-11-14 00:00:00
044cbf8cf2b8839acd8f0fbc6faeeabd,51af2e3b06f7854a87c08f4e957f168a,delivered,2018-08-16 01:14:12,2018-08-16 01:25:17,2018-08-16 14:39:00,2018-08-20 21:03:57,2018-08-21 00:00:00
0791c9a8e89bfcc422ab718dd43f2dca,d3957fb48561ebaa908d640c7452f8dc,delivered,2017-07-02 18:08:33,2017-07-04 03:43:26,2017-07-04 13:43:46,2017-07-11 19:03:39,2017-07-25 00:00:00
03f3ce5c73e3eaab0bdef61d0713ca0b,7bdb92316a87205522ada80a430b87dd,delivered,2018-03-11 21:02:02,2018-03-11 21:40:28,2018-03-13 00:03:34,2018-03-19 16:39:44,2018-04-09 00:00:00
0ae42629f60238674d1b98c5651c8d68,52bb5fa693affe0c16d28988440ce8e1,delivered,2018-03-04 22:13:31,2018-03-04 22:49:10,2018-03-05 18:05:08,2018-03-22 17:06:36,2018-03-29 00:00:00
024bee763e8abbf0cd46fa7f440c41ea,110da78c3da35776c00e4ddee0646997,delivered,2017-08-06 22:47:20,2017-08-07 15:45:30,2017-08-11 18:42:19,2017-08-17 18:12:46,2017-08-31 00:00:00
023a60303ff8d9e08b99e7474f7416ce,3570b59a7408f4a3aaa95d2c0485f243,delivered,2017-06-12 21:16:00,2017-06-14 02:15:17,2017-06-19 11:52:44,2017-06-28 14:27:54,2017-07-07 00:00:00
035b790fa740b68de2d6f1a74f9b2098,30a09a314fcba2f8ddb8334844953702,invoiced,2018-03-25 18:27:09,2018-03-25 18:48:01,,,2018-04-06 00:00:00
02d3eba685e8150e0e3abacd9c230642,0ec44d686aef3c798a6e8d336cb3a2c8,delivered,2018-05-29 13:55:57,2018-05-29 14:11:48,2018-06-06 14:57:00,2018-06-07 17:35:58,2018-06-21 00:00:00
03caa2c082116e1d31e67e9ae3700499,1617b1357756262bfa56ab541c47bc16,delivered,2017-09-29 15:24:52,2017-10-02 15:28:20,2017-10-10 15:43:17,2017-10-17 18:22:29,2017-10-23 00:00:00
0a6e242b5cf18e140304453da637866b,e11c517db05b111d2682bcb3ab61e327,delivered,2017-12-10 10:15:54,2017-12-12 03:38:24,2017-12-12 21:03:32,2017-12-27 10:07:19,2018-01-23 00:00:00
061ba2e2d7544790b6ed6b5b4dd9278c,45a5c55de4dd108a83c8f746bec3ef2b,delivered,2018-05-03 22:56:36,2018-05-03 23:10:46,2018-05-09 15:48:00,2018-05-23 10:33:08,2018-06-04 00:00:00
022cb45264ced2571bbbd8e231838100,aafd4a30b4fc87b9ce204df17db5196d,delivered,2018-06-03 00:21:24,2018-06-03 00:30:19,2018-06-05 08:45:00,2018-06-12 16:09:02,2018-06-28 00:00:00
052b35671e2bdd45aa889c5fa09e2809,29509a171c5d01602fbd7afb4ecbfa06,delivered,2017-12-21 17:21:44,2017-12-21 17:31:08,2017-12-26 17:55:10,2017-12-27 21:32:58,2018-01-11 00:00:00
06d7e8a85f5cfef576c5303ed7d7f2e5,57108de6e1cf238dfd0ed00e3d878096,delivered,2016-10-07 12:06:30,2016-10-07 12:36:07,2016-10-15 12:33:48,2016-10-19 18:51:24,2016-12-01 00:00:00
08d3b6ee17b7cb32e530f4488c3f6abf,1a954bbd169e7813291d468aff07267d,delivered,2018-07-27 14:32:05,2018-07-27 14:45:08,2018-07-31 14:47:00,2018-08-03 14:06:49,2018-08-10 00:00:00
05e52cc535bf067c2eb8337443ca0fc0,15a5a319296eccdc3073c103ab791b84,delivered,2017-05-21 16:55:28,2017-05-22 17:03:20,2017-05-23 12:08:05,2017-06-01 14:05:57,2017-06-26 00:00:00
0978a75c5390506e56614f327e7fa342,0a11e66468367c652e30429655d26fc5,delivered,2017-05-26 16:33:34,2017-05-26 16:45:16,2017-06-01 16:52:12,2017-06-05 09:17:44,2017-06-20 00:00:00
01422b2c3c27fa3bc464e72eaed9676b,f864bce0fe28292472d76696b4c4639d,delivered,2018-04-09 10:11:17,2018-04-09 10:30:30,2018-04-09 23:36:54,2018-04-19 00:41:22,2018-05-03 00:00:00
0110688c40ff035d672af3aac1f38f10,f66684cd226d7d5cbbc43491ac08390a,delivered,2018-02-01 14:20:22,2018-02-01 14:35:32,2018-02-02 20:03:15,2018-02-27 23:34:13,2018-03-01 00:00:00
015975a1ff4fdab8ae6f42eaaffd39fb,5f3f5e9d45914b3cecccafe39f3f3028,delivered,2018-01-09 20:58:34,2018-01-10 10:32:12,2018-01-15 16:42:02,2018-02-02 18:51:52,2018-02-20 00:00:00
03e2511c3ad8af9188ef59218b1e8a2c,ab6c292f7ffe934c4f9d7d7529e7ce2c,delivered,2018-07-13 00:12:56,2018-07-14 03:05:12,2018-07-24 16:07:00,2018-08-07 16:07:28,2018-08-08 00:00:00
049bad09d9281445edb6dd1d6ece7395,95ef10c6dea554e64f436a44e8fd723f,delivered,2017-07-14 11:36:41,2017-07-14 11:45:20,2017-07-18 14:47:35,2017-07-26 11:22:08,2017-07-27 00:00:00
03705afa0a4aabe1a734ddb11c1df3f0,e165d4c6a0d945a813e8a3bf42faa500,delivered,2017-09-27 08:42:08,2017-09-27 08:49:34,2017-09-29 19:55:50,2017-10-06 20:39:46,2017-10-26 00:00:00
0921e6115b1fcc24d5dcf35570b68933,214270a60aed81931980eaed78e631f4,delivered,2018-04-04 10:40:04,2018-04-04 10:55:17,2018-04-05 22:32:39,2018-05-07 13:35:47,2018-04-26 00:00:00
00fb278a99144cc1004b3ed1452ff5e1,7a186a2e9b7fb35a7d158a5a43447b3d,delivered,2017-03-05 09:31:07,2017-03-06 09:35:22,2017-03-06 11:41:52,2017-03-10 11:38:00,2017-03-23 00:00:00
01c0514b1f2a7375948323b959cc5682,10e63f80462d8c370b091205b8f6d005,delivered,2017-07-25 20:38:52,2017-07-25 20:50:19,2017-07-27 14:17:35,2017-08-11 20:18:02,2017-08-28 00:00:00
0629771ee9bc4f49e6d2fb6d637f00a7,b425056573e43472de6a94a4327f3cc4,delivered,2018-04-12 19:30:55,2018-04-13 13:14:23,2018-04-13 22:06:56,2018-04-20 22:03:03,2018-05-08 00:00:00
0b3457e0c4ca3f53aed80917d932b787,b59e5cd1348f825f57941afe947635dd,delivered,2018-04-04 08:17:28,2018-04-06 03:15:38,2018-04-07 00:56:33,2018-04-14 17:12:20,2018-04-27 00:00:00
061abe3150d5be34c25d2d6055a88575,49ac285378c4259393ffdde8471df62f,delivered,2017-07-30 19:43:25,2017-07-31 19:35:14,2017-08-03 15:36:44,2017-08-16 19:13:26,2017-09-01 00:00:00
081857a1fe99545a55e83b3b1e8a8ce0,3f942b4762a240bbefcc1ab22b83bfcc,delivered,2018-04-19 23:10:25,2018-04-20 04:51:39,2018-04-20 19:07:42,2018-05-02 18:47:39,2018-05-25 00:00:00
0352646a95973b0e19127d2b6a6fb6db,964774f215ba0b9375ea15b85fe87f3e,delivered,2017-12-27 20:12:02,2017-12-27 20:19:25,2018-01-17 20:28:11,2018-01-31 23:36:43,2018-02-05 00:00:00
09ff9d4a5ba285dcea027de9e7c3adba,a883d37662d991238399a99208034bf2,delivered,2017-07-04 10:38:22,2017-07-04 10:50:17,2017-07-04 15:28:26,2017-07-07 18:33:21,2017-07-24 00:00:00
0bfdd5142412ff5070415391f78d3cf9,22daf6df7eb403c07f9185ca3851a9b7,delivered,2017-04-14 17:03:06,2017-04-14 17:15:15,2017-04-17 14:28:13,2017-05-04 16:25:44,2017-05-10 00:00:00
070a62ae87136bfbe6ef6d0e2883cda5,6957a0b44d49ff48e3bb939fe3432f41,delivered,2018-06-23 19:34:03,2018-06-26 05:37:28,2018-07-23 14:05:00,2018-08-04 00:08:26,2018-08-09 00:00:00
0700ebb6d2f93a025b6ba09074cb57c2,b28df93f277b995d67fd7b31e40a932e,delivered,2017-04-12 13:07:44,2017-04-12 13:22:38,2017-04-18 14:45:52,2017-04-27 06:51:34,2017-05-08 00:00:00
027d2a0c2a94018f57fd1b15f32a18a3,96fde6eddc46595a15abddb41f62af9e,delivered,2018-01-04 16:52:07,2018-01-05 16:48:03,2018-01-10 13:22:48,2018-01-15 21:03:35,2018-01-29 00:00:00
09d557bf440b6c3b40cacfbb24fd5e28,c95fd5ec9cb15e99cbd4b8a9ff814ff6,delivered,2017-01-11 20:12:38,2017-01-11 20:25:06,2017-01-12 10:07:12,2017-01-19 16:32:01,2017-02-27 00:00:00
06d991e11738ba4a916a39cafdc75bff,93374fd993a5d1fdd8ced26018a7625f,delivered,2018-02-28 12:07:29,2018-03-01 12:40:21,2018-03-02 21:41:29,2018-03-20 01:21:44,2018-03-29 00:00:00
03d9d682de9c41158e00e17ee26d9070,bbfe9dba014344feb9e3714b0b541885,delivered,2018-08-11 01:10:24,2018-08-11 01:24:25,2018-08-11 08:51:00,2018-08-15 01:12:39,2018-08-21 00:00:00
07a394899e1b5de598df8ff3ea5edf37,10cb32f6df39982b4a0205a5c7bfd8d0,delivered,2018-08-09 19:37:47,2018-08-11 02:35:13,2018-08-13 13:02:00,2018-08-17 20:38:44,2018-08-21 00:00:00
00119ff934e539cf26f92b9ef0cdfed8,7dd2e283f47deac853cf70f3b63c8d86,delivered,2017-08-06 00:42:49,2017-08-07 00:35:12,2017-08-07 21:12:34,2017-08-16 17:29:59,2017-08-31 00:00:00
093e88889ed876560de2968023715771,cc8f009a3720198ffbe68014fb567cfc,delivered,2018-04-04 11:30:28,2018-04-04 11:49:22,2018-04-05 18:32:09,2018-04-11 19:38:28,2018-04-27 00:00:00
019ccfeea1ea9afbebdad57d65f2e36f,7b46de2ef0b70225f5ead1ebcb2954ac,delivered,2017-11-27 15:31:56,2017-11-27 15:58:17,2017-11-30 20:56:43,2017-12-07 21:12:30,2017-12-20 00:00:00
01b02139ac5f79a5de2c56284af7bb3e,58ee8c095bfa7fab72d5ab65d411c975,delivered,2018-04-24 18:27:38,2018-04-26 04:15:24,2018-04-27 17:48:00,2018-05-02 13:44:24,2018-05-10 00:00:00
0c1426109d8295a688ee4182016bba59,d5114ea20c2a52447a40aa1e87bfd5cd,delivered,2017-11-24 21:24:29,2017-12-07 09:50:08,2017-12-08 18:15:14,2017-12-14 19:48:30,2017-12-21 00:00:00
00e054d0da011d5016f31011af488f4f,fe43b2f349c9ab46883ce0e02491432c,delivered,2018-03-11 19:46:58,2018-03-11 20:08:42,2018-04-27 17:50:00,2018-05-08 15:44:31,2018-03-28 00:00:00
0ae6247166276150abcb71aaa91b0498,6d7e3bca55ce37a6c791ee1e96f4e6bc,delivered,2017-05-24 16:21:26,2017-05-26 02:30:23,2017-05-26 11:37:30,2017-06-08 13:42:51,2017-06-28 00:00:00
0758eac62489b47a99c64b7d67c5ff18,ef75d5dbdc414838beb621629a99bad2,delivered,2017-12-09 21:05:10,2017-12-09 21:40:15,2017-12-11 19:55:50,2017-12-19 17:52:04,2018-01-11 00:00:00
04aecd02392f7ec523e0e3f208d7e890,1b3a5726a67f0222890dc9c922f19809,delivered,2018-04-04 16:37:52,2018-04-04 16:49:52,2018-04-05 20:07:42,2018-04-10 18:44:30,2018-04-16 00:00:00
0191ee5deb2474bc1f4189fa709289b2,427193866d6c04a3fb307afdc2731b6e,delivered,2018-06-16 12:55:53,2018-06-18 12:37:26,2018-06-18 16:57:00,2018-06-26 21:21:48,2018-07-19 00:00:00
0220b52f0b019739726d80c64bd4bf08,3f887ff09d642f0cfc712a5f6751c5c7,delivered,2017-12-20 08:36:49,2017-12-20 08:50:02,2017-12-21 02:12:55,2017-12-28 20:52:40,2018-01-23 00:00:00
0b3e1c68302779e0c67d97c5b8ed17f7,e653a6824f067a75cfbc70b978d512b2,delivered,2018-08-01 14:22:28,2018-08-01 14:35:07,2018-08-03 15:16:00,2018-08-08 21:51:51,2018-08-21 00:00:00
035a721e5bfc1bc3f4e1ba0d7923cc84,fb701899863331f841d102ec35e0f4be,delivered,2018-08-10 11:16:45,2018-08-11 04:35:14,2018-08-13 14:53:00,2018-08-14 20:06:45,2018-08-15 00:00:00
0c38244c47b653d8aa8052e9282c23f8,ec6fcecd3e931a460eb12b2c00a586f7,delivered,2017-11-24 19:33:10,2017-11-24 22:55:16,2017-12-14 15:05:05,2017-12-14 23:14:49,2017-12-27 00:00:00
0132158c30672a8c52997a2492613ec2,5a3f73cc3e52ab64478beb5ce8756f4b,delivered,2017-03-13 23:23:23,2017-03-13 23:23:23,2017-03-14 09:35:36,2017-03-15 09:27:54,2017-03-30 00:00:00
03c8468d3001db38cadd59ac670341cc,ecb809e65ff4dda823037481d5a64741,delivered,2018-07-22 16:21:23,2018-07-27 23:31:15,2018-07-24 14:02:00,2018-08-02 01:46:31,2018-08-07 00:00:00
061b13cf87863db16e1a03178285ecfe,5bf28a338133045e3bef23bde5a55b4c,delivered,2018-08-11 13:33:50,2018-08-11 13:50:09,2018-08-13 13:27:00,2018-08-25 00:53:54,2018-08-29 00:00:00
075a1f22c075396feebed8c71f5ccdb2,201aa779382d46a8f743d746f12e102c,delivered,2018-01-29 21:35:35,2018-01-30 21:31:37,2018-02-02 19:51:56,2018-02-27 14:48:56,2018-02-22 00:00:00
0214781b6f9215eb09fb1b78de35b07e,03fcc171d06123c951b373d1bf113748,delivered,2018-08-12 00:34:21,2018-08-12 01:04:13,2018-08-13 14:44:00,2018-08-14 21:22:45,2018-08-16 00:00:00
0928f756f49fcb66326d54f5d1bf7830,dc9840b87b465383f8bba501d6c07657,delivered,2017-08-15 14:16:57,2017-08-16 07:04:50,2017-08-17 14:16:41,2017-08-21 23:08:30,2017-09-11 00:00:00
07172761566bda50929a3b449eae02ee,f1b39a3f57ab0e618b294bd1a9698ff6,delivered,2018-03-17 17:22:42,2018-03-17 17:36:20,2018-03-20 17:11:21,2018-03-29 22:31:16,2018-04-05 00:00:00
0874cc8e3901cd3d61e47bd8041c2e8d,bff79ac2dd5a3735291910b86f6de25e,delivered,2017-08-18 18:55:02,2017-08-18 19:10:16,2017-08-30 18:37:56,2017-09-05 19:04:19,2017-09-20 00:00:00
0556fe7a6dbdc95276ba0513ee5f0471,8e8ece09f913df64cbdcf2188e9a7d85,delivered,2017-11-25 19:14:14,2017-11-26 11:15:21,2017-11-29 22:41:43,2017-12-13 14:54:45,2017-12-15 00:00:00
0343fa2096b6d04743321f9b9f62c1e0,24a982bba67ae6828be5c20e4b24dbf7,delivered,2018-08-22 09:43:46,2018-08-22 09:55:13,2018-08-23 12:53:00,2018-08-24 22:18:35,2018-09-05 00:00:00
08ff2ba0393c3492409f044754015f74,56068ca6fa66573a884fd01f7394ffe8,delivered,2018-04-27 10:42:14,2018-04-27 10:55:19,2018-04-30 14:02:00,2018-05-03 17:04:01,2018-05-11 00:00:00
05981a7bf1a18eb991af55a8a8dbdf83,888c9e6c1b81d921be22d597e458b16b,delivered,2017-11-24 16:03:41,2017-11-24 19:52:38,2017-11-30 23:56:57,2017-12-19 19:16:59,2017-12-14 00:00:00
0b7d200784c21ea7b4f3484da9a4a484,dcff087012e7cf0b21e5aa1e83f12a20,delivered,2017-10-05 21:02:47,2017-10-05 21:15:21,2017-10-06 19:12:30,2017-10-07 14:18:21,2017-10-24 00:00:00
04d73d34ddd1f5ebc0c603615093e2a1,1820fb81da1c085080a3620fc0383f72,delivered,2018-02-23 09:16:00,2018-02-23 09:29:36,2018-02-27 20:22:50,2018-03-09 19:42:47,2018-03-28 00:00:00
0b5de0076d26726a10d457e57b93ff25,ebddcc1c8f109e88a0f971a3c4aacfe6,delivered,2018-06-16 18:04:14,2018-06-16 18:21:10,2018-06-18 18:57:00,2018-06-28 15:24:45,2018-07-05 00:00:00
043ba86e4e3f73fe5cb856f225fd8aa4,d622044922797113496050e877560694,delivered,2017-11-24 00:24:00,2017-11-24 10:31:08,2017-11-28 23:25:42,2017-12-28 13:09:00,2017-12-26 00:00:00
033e33708df28579692a3d19492c6553,7d46ad28611679afbffbce56cfd2457b,delivered,2017-12-11 14:23:38,2017-12-11 15:32:12,2017-12-11 23:18:35,2017-12-18 20:19:07,2018-01-05 00:00:00
0897cfdc3612d0942f33b22a3dd9cd8c,3de54af5bcf3d0ec23cb153a187c9f3a,delivered,2018-07-13 22:05:44,2018-07-13 22:15:14,2018-07-16 10:53:00,2018-07-24 20:14:48,2018-08-02 00:00:00
048741d7885a7fded1de887eb956fff3,66f367ff21d8f67aa80a9cf3301fa4ca,delivered,2018-06-13 17:00:48,2018-06-13 17:20:44,2018-06-15 14:58:00,2018-06-20 17:37:30,2018-07-03 00:00:00
0b8f73a9816cb775a1bf1492c3bca4e7,b9571bbf4f62e879a3c8dd9ecad479c9,delivered,2017-11-26 13:45:33,2017-11-26 13:55:58,2017-11-29 18:48:52,2017-11-30 16:00:09,2017-12-11 00:00:00
0372d2e3d0ac2600aa8e08e6c46cb7dc,cf9d02b5881ac8b8c6c2c5d4be462589,delivered,2017-10-02 12:47:27,2017-10-02 13:24:27,2017-10-03 17:25:54,2017-10-06 18:42:10,2017-10-27 00:00:00
00e1bdb3f1388c8ed222597ee4fa01e7,ddd97c5c66119bd2fe33f8709f77ab7b,delivered,2017-05-15 22:41:31,2017-05-17 04:10:29,2017-05-17 11:49:48,2017-05-24 05:57:57,2017-06-07 00:00:00
03e327642028582cff3316f1726a9f00,ec502d64c6fc7492e3957073459f1d00,delivered,2017-10-27 07:55:57,2017-10-27 08:10:08,2017-10-27 20:23:50,2017-11-06 19:22:51,2017-11-22 00:00:00
0c2989120592c0873f156da4204fbfb6,422b9136bcee509400f7e79feeb2df3c,delivered,2017-03-17 18:15:27,2017-03-17 18:15:27,2017-03-24 10:13:49,2017-03-29 16:13:19,2017-04-10 00:00:00
0c92ac263657a43f18927cc6392e3816,1acfa2218cb27d4f3d8a50e94d01b7d6,delivered,2017-05-30 16:14:58,2017-05-30 16:25:17,2017-06-02 13:09:03,2017-06-06 11:49:51,2017-06-22 00:00:00
073f64b0ac2c4ba51efd4327faca2d39,cf59457e10b5553577503d3039b1ad7f,delivered,2017-08-05 17:47:16,2017-08-05 18:03:29,2017-08-07 17:52:01,2017-08-16 19:45:42,2017-08-29 00:00:00
0ab3d92f71090c758d1df7ff889a9335,6eeb0d55dcc3c0d2973619f1362da7f5,delivered,2018-07-10 20:08:33,2018-07-10 20:35:11,2018-07-11 15:59:00,2018-07-12 19:41:21,2018-07-18 00:00:00
048860a9cc82e1ab85c2d34174944cc8,98b76889a5a14021b4a1f8adf2f69665,delivered,2017-11-25 09:55:39,2017-11-28 03:19:34,2017-12-05 01:25:43,2017-12-11 12:05:16,2017-12-22 00:00:00
055881c8e807f4d1147c2f075d51d604,e160fbbf934ea781f3f302118e931029,delivered,2018-04-26 23:38:08,2018-04-26 23:50:15,2018-04-27 15:06:00,2018-04-30 22:58:55,2018-05-10 00:00:00
0a8ab5666933ac4865f2c36c5e7b5a0c,5697cbe94d562410848751c5866649f6,delivered,2017-07-24 16:20:10,2017-07-24 16:30:18,2017-08-02 10:35:46,2017-08-09 17:23:08,2017-08-18 00:00:00
0361f3d4648b016237d77833005e4cfc,65b9e6171c6a2d994dcb5a6305317066,delivered,2017-11-06 12:34:37,2017-11-06 13:30:56,2017-11-08 18:03:56,2017-11-13 20:13:08,2017-11-28 00:00:00
00fed9e582d5a3e38566872eec164ac6,8eafffbc006c6986450ed2a5e6f519c5,delivered,2017-09-26 14:49:01,2017-09-26 17:07:16,2017-10-04 08:33:14,2017-10-09 15:15:38,2017-10-24 00:00:00
04031f8b12339dcc12fa340fe96f00a6,dc61daf0c8964ce718ba769ac2755caa,delivered,2018-06-14 11:12:15,2018-06-14 11:42:36,2018-06-15 13:57:00,2018-06-23 17:34:44,2018-07-04 00:00:00
0cee13b4c26d8a1508693a49a3859285,ebe05f984c0130e49c774ce2c9688835,delivered,2018-05-22 05:26:37,2018-05-22 17:14:49,2018-05-23 11:38:00,2018-06-06 13:26:33,2018-06-07 00:00:00
03330e2f4e93c51662a7c77d92a4e0fd,cc6a4635d81132a30bd989836fe9ff82,delivered,2017-09-17 10:15:49,2017-09-17 10:30:09,2017-09-19 16:46:56,2017-09-28 17:53:55,2017-10-10 00:00:00
0c162a9eb881c1a8a2e5bcec41cd2cfd,0a431c57145b34aa4645a7c3b85bb149,delivered,2018-06-16 20:52:46,2018-06-16 21:16:50,2018-06-19 09:59:00,2018-06-25 22:26:48,2018-07-31 00:00:00
00fe20fc069833ab95021b46d6862646,ddb83a5b3161520fcd64863c1a266ec4,delivered,2018-04-25 21:35:14,2018-04-25 21:51:22,2018-04-26 14:43:00,2018-04-27 18:04:46,2018-05-28 00:00:00
00a690becda145533fa5a54daa7b6ad5,2826dbfaa1d90ea2b97c93c35fc4cd92,delivered,2018-04-08 21:55:50,2018-04-08 22:09:40,2018-04-09 22:28:54,2018-04-24 12:57:05,2018-05-08 00:00:00
0605918e96aec0f42a10810d92b5e864,f97b261874e04437f1bf4586dbfa1f03,canceled,2017-02-22 10:45:45,2017-02-22 10:55:19,,,2017-03-23 00:00:00
03286323ba721edf10e38e1abeb159be,fac3ea363fc5621bc4b66c92de5e94f0,delivered,2018-03-07 19:30:53,2018-03-07 19:49:27,2018-03-08 18:39:58,2018-03-15 19:12:20,2018-03-23 00:00:00
0abc76160f3b4b423ec1bcece0ade723,f166734c59f0606a6c1ab33ada902aa4,delivered,2018-01-12 15:10:08,2018-01-12 15:28:34,2018-01-17 18:53:26,2018-01-23 15:04:25,2018-02-06 00:00:00
049999b745ab7d4bc3ddf00181c39d56,5cab98a898f6810fe56ec4681fbe9607,delivered,2017-11-06 01:15:08,2017-11-06 01:26:19,2017-11-07 21:52:49,2017-11-08 18:55:05,2017-11-17 00:00:00
01908071e35fdc75bc0d7764f153abc2,e30bdf332b6c38f5f22d50dec12282cb,delivered,2017-10-25 20:49:59,2017-10-27 02:55:19,2017-11-08 23:03:43,2017-11-13 20:19:05,2017-11-27 00:00:00
08cbb1d4cd574b126569b208fd4b26ea,51478fa6f626871ba9023c80585e4952,delivered,2017-10-15 19:25:02,2017-10-15 19:35:15,2017-10-18 20:25:56,2017-10-26 21:14:04,2017-11-07 00:00:00
0412356b9ae3ad8db617e892afb02204,d8c75086006d46bf0e3f33b17a2404b9,delivered,2018-06-19 08:43:13,2018-06-20 02:55:01,2018-06-25 15:01:00,2018-06-29 20:18:33,2018-07-16 00:00:00
08d2ae79008d5da4528a04f28c72f839,aee502ec5b607b81286852ef7009d3cd,delivered,2018-02-27 19:44:11,2018-02-28 10:10:58,2018-03-02 01:35:31,2018-03-06 18:41:39,2018-03-21 00:00:00
0067c6030d65af0ff98790158ddb0020,a780c20430b67279f7a0b43cf94b1738,delivered,2018-04-27 21:36:27,2018-04-27 21:52:36,2018-05-02 14:41:00,2018-05-07 19:42:40,2018-05-16 00:00:00
0896d006da3ad8dc1b39b408ea428eb0,328940eae1f0fc2517af314e26854533,delivered,2017-09-12 11:15:53,2017-09-13 11:25:21,2017-09-13 19:15:42,2017-09-22 17:19:50,2017-10-04 00:00:00
077ba6845168434024e83698d3f8fcae,b7316a502ebd69f8b4def2170d89e5b7,delivered,2018-03-03 14:00:36,2018-03-03 14:15:27,2018-03-06 23:24:01,2018-03-28 02:55:41,2018-04-13 00:00:00
04164ec24abde688d0451ee982797344,6edfc5bd75a056281193727926d99a0a,delivered,2017-11-30 21:30:36,2017-12-01 10:31:57,2017-12-01 20:00:26,2017-12-07 00:51:40,2017-12-18 00:00:00
09afbfa0da8baf5f4eb28c82f7209afd,a3986b549407adaa2cbef268e6e930ff,delivered,2018-01-20 16:17:30,2018-01-20 16:40:19,2018-01-23 12:15:42,2018-02-19 19:28:58,2018-03-02 00:00:00
04a2349771026865337d7e70a2ae0af4,c99ecf7cf706ac542dd007e0cbbd0fcf,delivered,2017-08-14 23:42:48,2017-08-16 00:30:35,2017-08-17 20:51:50,2017-08-24 23:25:28,2017-09-05 00:00:00
010d15deea8cae96ae86ea8097917a17,bfab01097454f7cf7d2ba80d7af6125f,delivered,2018-04-05 15:04:05,2018-04-05 15:15:25,2018-04-10 19:12:18,2018-04-17 18:41:01,2018-05-07 00:00:00
04b3135bf087618b410a00680576242f,cd49b1a9bdfab0fa34b0ab96a9696d98,canceled,2018-07-29 19:58:34,2018-07-29 20:10:14,,,2018-08-13 00:00:00
07d393eec6ab2c8c4a90dd4344b6abf9,c4d2b21d80e07bd6d1b8e170b9ae4d9d,delivered,2018-03-03 14:42:08,2018-03-06 03:55:46,2018-03-07 19:21:31,2018-03-21 21:33:35,2018-03-26 00:00:00
059d893dde97f787f2f608d5a5d13e0b,e813177a243614efe9ee7d4b466011c3,delivered,2018-03-29 11:34:59,2018-03-29 16:46:06,2018-04-02 23:37:31,2018-04-06 18:31:24,2018-04-26 00:00:00
0132f39e8ad9b42ad2d41c847f44c0ed,a09467d10848ae399caa6f3fb072c6cd,delivered,2018-07-05 14:49:56,2018-07-05 16:22:32,2018-07-05 14:58:00,2018-07-06 21:09:08,2018-07-18 00:00:00
0561429ac3333cdeaff4cdd6bd1ebfb6,8d2707128b67193f8346e9568d4f16c6,delivered,2018-02-11 00:50:02,2018-02-15 04:11:08,2018-02-15 23:28:34,2018-03-07 00:09:34,2018-03-13 00:00:00
0b6e75056fea21ce5208e0a4d56a058f,bd835f90053d2e51c506a5a0d2ed9c68,delivered,2017-11-12 12:29:44,2017-11-12 12:46:46,2017-11-17 18:56:57,2017-12-05 23:29:06,2017-12-13 00:00:00
019c4b64cf3d733807ef5bc8bcf6d123,48d85e07af2e0cf0dac271b518829138,delivered,2017-10-16 14:05:06,2017-10-16 14:27:29,2017-10-17 18:55:51,2017-10-23 20:50:08,2017-11-03 00:00:00
052d3bf6e40dd9000d1497f6f10db0b0,d8f6ead838ecc7e795a6b88a85d0d274,delivered,2018-03-16 12:11:18,2018-03-16 12:29:22,2018-03-16 23:04:10,2018-03-20 22:21:31,2018-03-28 00:00:00
02c9b2b746777e4dadcf72941e5a010d,b9c7a79a20537b1e943044225f0b0113,delivered,2017-04-14 18:09:37,2017-04-14 18:22:15,2017-04-17 14:41:43,2017-05-02 17:42:12,2017-05-25 00:00:00
0519649fc6c78b0e228b6ea8e6767095,513fb11b4affcd68a42726ab18ffa6bf,delivered,2018-07-13 12:49:15,2018-07-14 03:04:13,2018-07-16 14:47:00,2018-07-24 18:36:31,2018-08-01 00:00:00
02de39953ce1cf1f7c6d46aac400ee82,7856aaac2fe87c5394fac93513ff254d,delivered,2018-07-23 13:01:19,2018-07-24 11:32:35,2018-07-25 11:55:00,2018-07-30 13:58:25,2018-08-10 00:00:00
009838529bb913846ab6670d22865381,062cc8c5ff387d407645b93970baee73,delivered,2018-06-14 09:08:47,2018-06-14 09:37:53,2018-06-18 13:56:00,2018-06-26 16:36:44,2018-07-17 00:00:00
041d5ff28cb7d9b107b7461064dd40e2,8f9415469618cb9fb859cacab18cc324,delivered,2018-05-16 19:30:19,2018-05-16 19:54:37,2018-05-17 14:24:00,2018-05-23 18:47:22,2018-06-14 00:00:00
049f68d642ed97629f4f13966b3082af,514c224360b5f3d898bc57052663ba38,delivered,2017-12-25 17:49:18,2017-12-27 04:14:47,2017-12-27 22:59:22,2018-01-12 10:54:29,2018-01-24 00:00:00
06a521049a08d59361b1ae229b3efcc7,76e0f58a2cb8ab2aeddd01ac2c97626b,delivered,2017-07-07 19:25:39,2017-07-07 19:43:02,2017-07-10 19:43:27,2017-07-13 17:12:07,2017-07-27 00:00:00
00a4d94df1c9757661679b2f4bd6d311,6fe655df4b9e1e4a3fc234cec27c55aa,delivered,2018-04-26 12:41:29,2018-04-27 03:30:47,2018-05-02 10:20:00,2018-05-07 20:28:56,2018-05-22 00:00:00
027042c68ea5fac4428694e17ac50538,f753500e103533c0f47c35ca41d9923a,delivered,2017-12-12 15:23:37,2017-12-12 15:38:25,2017-12-15 19:29:11,2017-12-28 14:19:04,2018-01-10 00:00:00
0a66244c735378791bf14412b6c97df0,a3cc815958a0313f44694efc042434ea,delivered,2017-03-22 18:48:07,2017-03-22 18:48:07,2017-03-23 15:02:50,2017-03-28 14:00:27,2017-04-17 00:00:00
058af2b14bd6831bf3350cc96b0f4822,22e2382e2526b79392797774d529f259,delivered,2018-05-22 17:19:24,2018-05-24 02:34:26,2018-05-24 17:14:00,2018-05-25 18:44:49,2018-05-30 00:00:00
019d444bd00f1ccb4643de466f9a1525,44f5f5476eb92ebc9c4ab70c8b1bf189,delivered,2018-03-26 21:51:15,2018-03-26 22:07:13,2018-03-29 20:56:40,2018-05-11 17:36:40,2018-04-18 00:00:00
08c21d8b98beec294f0dceb8b54cdfd5,c8601345ccaff528cbca46e04f74ff2b,delivered,2018-04-18 11:33:24,2018-04-18 11:51:54,2018-04-19 18:09:30,2018-04-27 19:18:29,2018-05-18 00:00:00
0be58fa3e26bcefe9530b3e5ec888b7e,c2435f2aefcb4a3b7fbfdfa47db46af5,delivered,2017-11-22 10:58:57,2017-11-22 11:11:24,2017-11-24 02:58:30,2017-11-28 19:57:08,2017-12-04 00:00:00
048cc42e03ca8d43c729adf6962cb348,12a2c614dfc8926e793516b1638c7471,delivered,2017-11-16 21:28:00,2017-11-17 21:35:39,2017-11-21 22:14:50,2017-11-23 15:39:38,2017-11-29 00:00:00
028dc52e12ddda803ec1e35eb0b7b0d9,8c89a09d8fb33b6e5dc8a769d6b2bd63,delivered,2017-12-19 09:43:54,2017-12-19 10:53:22,2017-12-20 16:49:18,2017-12-21 14:22:56,2018-01-08 00:00:00
0680b3722414028009984ae5c04c5df0,a95bf627a6d55bc2194028e5648c0fdd,delivered,2017-06-06 13:42:46,2017-06-06 13:55:17,2017-06-07 17:36:23,2017-06-17 06:18:00,2017-06-20 00:00:00
016c6bb57a9de6b4e8f938fa6dde61b3,f1d4911942d2bc40d520ae47013a7643,delivered,2017-11-27 09:27:08,2017-11-27 09:38:26,2017-11-28 23:58:36,2017-12-05 21:06:10,2017-12-28 00:00:00
04d0a4d84d5dc9cc343ca4d0e4120a4d,8e31bcb3d20439f3d6c67160d9df093b,delivered,2017-05-20 18:34:35,2017-05-20 18:50:14,2017-05-24 09:52:43,2017-05-29 09:58:00,2017-06-13 00:00:00
009e11afa25aa95ae78e60a793995c9b,1b7c152aba1c7478309329cfec0bb5d1,delivered,2017-10-19 23:56:16,2017-10-20 00:15:00,2017-10-20 16:39:05,2017-10-31 23:22:56,2017-12-08 00:00:00
004eab0fd8f28adaf8d488976f77febe,c476ddfbabfa4624603e0b7f8e245057,delivered,2017-08-02 15:32:46,2017-08-02 15:45:17,2017-08-02 20:32:44,2017-08-03 18:17:47,2017-08-15 00:00:00
036322082c079184f5bc9e0b338e1f1d,20200721e6df99558d4ab4bd85979be3,delivered,2018-04-12 21:44:53,2018-04-12 22:10:57,2018-04-13 17:12:57,2018-04-20 17:03:41,2018-05-10 00:00:00
091e624f9b7253204dee183a89950a4a,57f667c4bf3f497494e09c259668960e,delivered,2018-01-03 17:34:05,2018-01-03 17:46:54,2018-01-04 20:49:04,2018-01-09 20:17:40,2018-01-26 00:00:00
0029f17cf0e7640c5cb6825af681303f,687223424c00a708c168301ebb8d16ef,delivered,2018-05-02 11:59:06,2018-05-02 12:14:52,2018-05-03 12:12:00,2018-05-10 23:42:18,2018-05-22 00:00:00
0b06c30e567314a9dd1c74fab08ad81f,bea2a34b3a4d3ce446b7108e1e8b0bc0,delivered,2018-06-14 21:33:38,2018-06-14 21:58:00,2018-06-15 14:12:00,2018-06-21 19:41:55,2018-07-19 00:00:00
005f25968fc854ea16fb16f5bdbc87c7,837cf66598995d5f51efd00d99ced139,delivered,2018-03-04 14:40:35,2018-03-04 15:20:26,2018-03-08 17:27:24,2018-03-20 18:13:37,2018-03-23 00:00:00
0724cc371750e7fdfe769d2a8bdd5b92,650a73a3bd9b9aa96aa43406dd84fdab,delivered,2018-01-19 15:14:29,2018-01-19 15:36:57,2018-01-22 15:17:59,2018-02-03 13:18:40,2018-02-20 00:00:00
0b8b249ad3dde632e5f162167e0b9f07,0f487d3ee79935c828e5317b47c4c9a4,delivered,2017-07-31 18:34:50,2017-07-31 18:50:15,2017-08-02 18:49:56,2017-08-10 23:10:18,2017-08-24 00:00:00
019636907d07b2433be000d9d6bed153,2653ffa2adf76d9827e1458918c125ef,delivered,2017-11-16 15:55:19,2017-11-16 16:08:57,2017-11-17 21:41:50,2017-11-23 23:38:51,2017-12-05 00:00:00
0766586a37a3ceaf9623fdedcb51240f,f911f42e1407bd2426dabcf3bad28a14,delivered,2018-04-26 00:39:22,2018-04-26 00:50:59,2018-04-26 11:36:00,2018-05-07 22:03:42,2018-05-18 00:00:00
055a2893cb600bebc05a16d06e3de36f,424593758067a693edc0b912ae09add5,delivered,2017-07-28 09:14:22,2017-07-28 09:25:09,2017-07-28 14:57:43,2017-08-08 19:03:27,2017-08-21 00:00:00
001b76dd48a5b1eee3e87778daa40df8,a62843b08086d1629415a203a7fd419d,delivered,2018-03-26 17:42:53,2018-03-26 17:50:17,2018-03-29 23:32:44,2018-04-06 18:36:23,2018-04-27 00:00:00
01be2f7ca246adb9112cb75096af2ee0,9561fb5984d862e686beec844488550f,delivered,2018-02-12 17:47:45,2018-02-12 18:08:13,2018-02-16 01:54:59,2018-02-26 22:38:52,2018-03-06 00:00:00
07279e06272270e7cb604d1901a4f374,346f3247d517fffb206310b3e8ed6f81,delivered,2018-07-11 00:47:20,2018-07-11 00:55:22,2018-07-12 10:31:00,2018-07-20 16:46:34,2018-08-08 00:00:00
008c3a655c66f4d92370d0d422732f69,f9f9943ef9d29a86f10de3b43cd84356,delivered,2018-03-04 23:15:49,2018-03-06 04:08:25,2018-03-07 00:32:29,2018-03-09 20:27:41,2018-03-15 00:00:00
0191bbb5166d4b9a68df11797d5acfa9,62b59a64eb786a96516229b7f3612c72,delivered,2017-08-10 12:17:35,2017-08-10 12:30:15,2017-08-15 19:26:45,2017-08-24 18:15:16,2017-09-08 00:00:00
0a082979e13de340740a9883be061fcf,cc32707d2e2f7c92ab449f9b28154809,delivered,2017-11-19 08:43:10,2017-11-19 09:05:48,2017-11-20 19:24:26,2017-12-02 14:26:51,2017-12-18 00:00:00
070cc53897ed4829689c415f99d37c3e,e6fbb4cd7a63ea4863efc08e62db0186,delivered,2018-05-16 16:00:21,2018-05-17 03:34:49,2018-05-17 15:04:00,2018-05-21 12:21:53,2018-06-05 00:00:00
0b19db7ca9db8caff754ff63f59f67df,5d919c80e16c86df90faf8ea585a052b,delivered,2017-03-23 20:39:03,2017-03-23 20:39:03,2017-03-29 13:06:03,2017-04-07 15:32:52,2017-04-13 00:00:00
010061e3aa0c6ed5e393dda0652bbee8,1e427598ddcfbca80566d2bcd92dd995,delivered,2017-11-13 09:49:19,2017-11-14 03:35:34,2017-11-21 19:18:40,2017-11-24 00:58:40,2017-11-27 00:00:00
01dd7b32b57e2e5633984f61e456b046,48dc227fd17db8b6dacffb7d2be80886,delivered,2018-04-05 12:21:51,2018-04-05 12:35:20,2018-04-05 21:54:30,2018-04-09 19:51:43,2018-04-17 00:00:00
04911e590c1c5c9b8e750d3ac1344d54,6ee6a13ac4b3e616824015be6ddc5977,delivered,2017-08-02 15:03:37,2017-08-02 15:15:16,2017-08-04 19:49:40,2017-08-10 20:09:59,2017-08-22 00:00:00
07f375fa02d74b14cf7562276d6932f1,0c001e52f187db590c01e00cb5b8a1d2,delivered,2017-11-28 10:22:52,2017-11-28 10:40:49,2017-11-28 20:10:15,2017-12-15 19:49:24,2018-01-05 00:00:00
055d978254ef5cedea2b841646d888f1,44b095b70f75bff71c680d045fbfdfa3,delivered,2018-02-12 13:18:13,2018-02-12 13:30:41,2018-02-14 19:12:30,2018-02-16 18:06:50,2018-02-21 00:00:00
02333096645cf1743050acd043b76e69,f9f3547648b8c4bce58da9e9ab677fb8,delivered,2018-08-09 16:22:59,2018-08-09 17:30:20,2018-08-10 11:09:00,2018-08-16 19:38:38,2018-08-27 00:00:00
0a576c94e0a66f147bb4d6949602b85c,a948eaf66310b1a8fab566761234bd3a,delivered,2017-09-26 14:21:05,2017-09-26 14:36:07,2017-09-27 21:54:57,2017-10-04 22:23:04,2017-10-18 00:00:00
00b4c651133c06fb175123a492f1cac3,965cef866a59a3cd6d1e92ba0ad2c779,delivered,2018-08-17 12:56:21,2018-08-17 14:27:21,2018-08-17 13:54:00,2018-08-23 13:22:44,2018-08-28 00:00:00
0a9c38d73482b8d81ae7f7ccc5d8796c,19af3b88c973b50b29266c10687fd137,delivered,2017-08-12 11:50:24,2017-08-14 06:25:08,2017-08-18 16:03:38,2017-09-04 21:40:13,2017-09-06 00:00:00
09b70d085a1bfb3b4b2ad8b7c7e43353,c1763055037cbee9f13fb9f115aea5a3,delivered,2017-05-20 17:04:34,2017-05-20 17:22:47,2017-05-22 17:07:45,2017-05-29 16:12:47,2017-06-13 00:00:00
06a31d324c43e3350e4a83fb663c151a,b80aae7fc5eeb4752b559061d404bc2d,delivered,2018-07-04 10:59:51,2018-07-06 02:51:21,2018-07-11 14:58:00,2018-07-24 16:51:44,2018-07-31 00:00:00
094960a25bb327dca31de0e2b9a788f9,6bc095de9379a75fe58a5aff2570f2a8,delivered,2017-05-29 23:02:55,2017-05-29 23:15:11,2017-06-01 13:48:39,2017-06-05 15:58:04,2017-06-19 00:00:00
04093e1c2379ed67d202eb2914ded68f,dc65bea8cc50fddf15c1121ee9bd1666,delivered,2018-05-04 23:20:54,2018-05-05 23:15:16,2018-05-07 16:12:00,2018-05-14 20:28:50,2018-06-05 00:00:00
08a2535facf687274c238d2c9f59b7ce,679ffd2f67c23646db9095fa12b8052b,delivered,2018-01-12 09:15:42,2018-01-12 09:28:29,2018-01-13 01:38:12,2018-01-26 19:08:52,2018-02-08 00:00:00
09722e140e3e1e92b67fd75e2b14b6fb,4f4f005f13bc7a3845163497199c2b00,delivered,2017-03-04 14:28:13,2017-03-04 14:42:57,2017-03-09 16:06:03,2017-03-14 11:22:10,2017-04-06 00:00:00
03167be79e12e9d70dc67d864eea2300,75ea3b206fb4890d3247a0afb3cd9f37,delivered,2017-12-07 21:32:35,2017-12-07 21:50:37,2017-12-11 18:33:30,2017-12-13 21:18:49,2017-12-28 00:00:00
0576b5ab3dda9404ab293d656e5faf66,52e670c39509247226b101a2cbbad245,delivered,2018-01-24 10:29:40,2018-01-24 10:57:12,2018-01-30 01:38:35,2018-02-03 14:33:47,2018-02-16 00:00:00
00c9f7d4b0e87781465e562dc109f6aa,cea80f9af87104810bd7fa9698f69d29,delivered,2017-05-21 19:21:32,2017-05-22 19:25:17,2017-05-24 13:28:02,2017-05-31 14:04:41,2017-06-20 00:00:00
02a266b82c117c3bffd894e713438484,a3babdab81e0ed5d6e68bb564cc2eeaa,delivered,2017-07-15 19:19:53,2017-07-15 19:30:19,2017-07-17 18:12:02,2017-07-24 20:19:31,2017-08-14 00:00:00
0025c5d1a8ca53a240ec2634bb4492ea,2430ad4b1b6efb56cf3050b5d3cf5e54,delivered,2018-07-08 09:17:59,2018-07-08 09:30:09,2018-07-10 13:36:00,2018-07-31 10:51:58,2018-08-03 00:00:00
024f8681c73783017f7cd5d5b061be3a,c4dda7f2ec051e0b838519a511d05cc5,delivered,2017-09-12 13:10:18,2017-09-12 13:25:31,2017-09-13 20:50:02,2017-09-14 18:15:44,2017-09-22 00:00:00
080353b05fa842120b49deabe1613a37,02754b1e0a87a51622b4a49cdac7cadf,delivered,2017-07-03 15:48:48,2017-07-03 16:05:22,2017-07-04 15:44:45,2017-07-19 19:54:28,2017-08-04 00:00:00
0268c75309d105bb28b7523f57f46a69,f4608a440b868f3f57f378c4b8cd643f,delivered,2018-03-31 17:15:42,2018-03-31 17:27:35,2018-04-03 16:18:25,2018-05-07 21:04:49,2018-04-26 00:00:00
00685d31ae12e47470ba5c18ba74f22c,eac2fb60d3f12675772fa03f9d8f8ddb,delivered,2017-08-27 21:41:16,2017-08-27 21:55:16,2017-08-29 19:46:04,2017-10-04 10:08:13,2017-09-26 00:00:00
00d0ff2017f9ea13dd7eec7470ca473a,3341e65ccc3a083fcc8775020854154f,delivered,2018-06-18 11:12:41,2018-06-20 02:55:03,2018-06-22 14:13:00,2018-06-27 14:42:23,2018-07-18 00:00:00
038862523957395d9316afa8b8b70976,a08ee5910f78d3f2b79a0e861d0c6d6b,delivered,2018-05-29 23:02:46,2018-05-31 03:36:10,2018-06-04 15:41:00,2018-06-06 02:19:39,2018-06-18 00:00:00
0229bc966620f05d9d8fc29c704aa6ff,48a01175afae9a275b3b57ccd21da366,delivered,2018-07-21 19:10:05,2018-07-23 16:00:16,2018-07-24 14:28:00,2018-07-28 00:26:43,2018-08-06 00:00:00
041fd411ba3cebfe101d1dadc0666ce6,f9744f196723a6eaf6810ba6b7432532,delivered,2018-02-12 21:47:28,2018-02-12 21:55:23,2018-02-15 00:32:56,2018-03-05 14:13:42,2018-03-14 00:00:00
09324a6d203673f8d0b62bd726f25a87,a368e7a5ecc4fbc5f7c9bbd5b809244d,delivered,2017-12-18 22:40:18,2017-12-18 23:51:35,2017-12-22 21:13:10,2018-01-03 20:42:33,2018-01-15 00:00:00
0c9b19430ea3cf0e01b6686df953ad6d,223b6f9fabe9237128ff072d99701307,delivered,2017-06-14 15:54:29,2017-06-17 03:21:10,2017-06-22 15:30:05,2017-06-26 20:21:38,2017-06-28 00:00:00
0acba0d89b659e968c61996fce491be6,95489fc7d50bbf17640d3f87b6a8fabe,delivered,2018-04-30 11:01:18,2018-05-03 04:32:54,2018-05-03 18:54:00,2018-05-08 23:44:40,2018-06-06 00:00:00
052121d17f8eab43c577497c9b1451e2,016187b76ffe3a8b7709732077de2fc2,delivered,2017-09-13 21:51:41,2017-09-13 22:05:50,2017-09-14 19:47:49,2017-09-20 21:02:34,2017-10-02 00:00:00
09ec142bfa34576d3914bdf8c19927c2,fff168ca1f8a1d2e8e2108b231a68a8c,delivered,2018-07-20 16:25:59,2018-07-20 16:44:13,2018-07-27 10:28:00,2018-07-30 18:26:39,2018-08-01 00:00:00
039ab3369f399f5a3ac25e99435a8251,b970eae734db9041c13ad2b9aacd5e09,delivered,2018-06-21 00:30:40,2018-06-22 02:58:52,2018-06-22 10:36:00,2018-07-03 16:39:00,2018-07-25 00:00:00
0bfd90889de46373db5089b3bb941135,b2bbf530455f67fe10265197326aab8e,delivered,2018-06-05 20:08:08,2018-06-05 20:32:55,2018-06-06 14:45:00,2018-06-07 18:34:54,2018-06-29 00:00:00
0b4379c15168b7275dd2ee52a06f4294,b8026bdf32e82bd41ae6f578f6aa0fb8,delivered,2017-10-04 13:05:06,2017-10-04 13:24:28,2017-10-05 16:48:15,2017-10-11 23:33:55,2017-10-30 00:00:00
02624f7cd7272b3e027320023dbdc99b,5cc48607521a18de6b6e2eeaace14501,delivered,2017-10-10 09:37:51,2017-10-12 02:31:56,2017-10-18 21:52:10,2017-10-25 17:44:06,2017-11-17 00:00:00
025884a2189930178d9ba3b1c6d0f9ba,23ff057c563ba09553c1a7d37520a43a,delivered,2018-03-20 09:29:26,2018-03-20 09:48:16,2018-03-21 21:36:35,2018-03-28 15:14:52,2018-04-16 00:00:00
03ba7e127b7a5243620b6c62c740d722,e70246c90e6f47e10fa5d8577d5beb17,delivered,2018-02-23 20:41:46,2018-02-23 20:50:32,2018-02-27 22:52:35,2018-03-12 11:26:32,2018-03-27 00:00:00
01a15ee6a1b9050e7678b72cb4c3b486,03a7750fc7a7bfbd7a84b2f4f26b92f1,delivered,2018-06-17 15:15:45,2018-06-17 15:40:49,2018-06-18 15:12:00,2018-06-25 23:55:28,2018-07-19 00:00:00
06ba8c77c2419a72756b5660b04e3188,9967754eff98e1e791eb2ea767f3a648,delivered,2018-08-14 09:31:29,2018-08-15 03:05:22,2018-08-16 13:14:00,2018-08-29 17:06:22,2018-09-12 00:00:00
09478c1d9dbc168c8438aa90f1be13a9,a332da65750aa1c1ed6697071c478ed2,delivered,2017-04-03 15:06:02,2017-04-05 02:45:30,2017-04-05 11:03:45,2017-04-25 15:38:49,2017-05-03 00:00:00
03e2b2c32adfd7016fbdf98a70a7077c,1ed1934ecae75619009545519aebab61,delivered,2018-05-13 18:33:05,2018-05-13 18:53:57,2018-05-15 09:40:00,2018-06-04 21:03:25,2018-06-13 00:00:00
00ea33f994bec0bbfda582074083ae12,392569e210fa974c457c69cfdb400d1e,delivered,2018-06-23 04:04:48,2018-06-23 04:18:43,2018-06-26 14:50:00,2018-06-30 16:51:48,2018-07-16 00:00:00
04fb47576993a3cb0c12d4b25eab6e4e,c158fb97a12041c9305718081a78b064,delivered,2017-05-25 12:53:25,2017-05-25 13:10:17,2017-05-26 10:13:23,2017-05-29 21:22:04,2017-06-07 00:00:00
0652543c9f8586d33500c3d0e4ddc6a6,eb20fef7768b67afc7386c89b07fc19b,delivered,2017-05-11 12:28:01,2017-05-11 13:05:52,2017-05-12 10:05:40,2017-05-18 09:59:34,2017-05-22 00:00:00
007c7cb12ef3567531307ca78d395758,b4c4af6dbbbbafcfd8d6863fa0fc6e61,delivered,2018-02-20 11:31:56,2018-02-20 11:47:38,2018-02-21 14:49:29,2018-03-12 20:52:30,2018-03-16 00:00:00
05a971ae7a83a0b371ae1b5bfc45514e,c8b5cf65af25e599ec44662ffe565065,processing,2017-01-31 00:11:36,2017-02-01 04:32:09,,,2017-03-17 00:00:00
0754d33c0d259d6851e811948048324a,5860b5d39dc0369205b146cbd32b50b6,delivered,2018-08-15 17:15:46,2018-08-15 17:25:21,2018-08-16 14:11:00,2018-08-17 21:47:48,2018-08-24 00:00:00
017b84f6bee0e4287eb8a8c9f5df549e,931f171166895ae304d6e982ee54d197,delivered,2018-02-14 00:50:56,2018-02-14 01:07:40,2018-02-15 00:17:00,2018-03-07 00:12:50,2018-03-16 00:00:00
03c83b31dbc387f83f1b5579b53182fb,6d70d16ff8b3a0131e209b2bba542930,delivered,2018-01-06 16:00:58,2018-01-09 07:26:47,2018-01-09 23:38:51,2018-01-17 20:04:47,2018-02-06 00:00:00
055eb7e5645d86bd278fc4f419622e8d,556960436775082c323282512ab48129,delivered,2017-01-26 13:14:02,2017-01-26 13:25:13,2017-01-26 15:02:28,2017-02-02 13:47:53,2017-03-02 00:00:00
034fe9142b806fe19c1cbc1c752ab08d,9805ae32c145edf1ad0e8d8ab5e8fd8e,delivered,2018-04-28 14:44:05,2018-04-28 14:55:20,2018-05-02 09:23:00,2018-05-11 23:56:37,2018-05-18 00:00:00
0a2820ea58a627b97ba956f38567cae8,86242b64468c9c6370a38afab37a986a,delivered,2018-08-02 16:28:08,2018-08-03 02:35:21,2018-08-14 12:56:00,2018-08-17 14:21:50,2018-08-22 00:00:00
045339fcba21e00a00a822ca77f55c0c,449da65ae37585389a511977df7c0cbc,delivered,2017-02-23 23:52:51,2017-02-25 02:25:21,2017-03-02 12:58:45,2017-03-03 12:54:54,2017-03-20 00:00:00
02346fd715e28d8e4fdb6893cd121f71,ccd330b2a68b43ccc7456bd7b62e679f,delivered,2017-11-08 21:08:02,2017-11-08 21:26:31,2017-11-09 23:07:47,2017-11-22 20:11:44,2017-11-28 00:00:00
086e718f4bcff72026c18edaf8d572c5,4256db9a88d6440ca48c9d0c4f022195,delivered,2017-09-05 21:50:25,2017-09-05 22:05:16,2017-09-06 21:37:30,2017-09-12 20:27:20,2017-09-26 00:00:00
02e4a3c7ec652c4ab1077763215580cf,bb94a3b74ba3365158625e1dd55f6642,delivered,2018-03-19 17:22:02,2018-03-20 03:10:41,2018-03-20 17:25:32,2018-03-24 14:49:40,2018-03-29 00:00:00
0607a1c003c16725855f65d6b738028a,45f07bb06fb8930061926add48c58d6f,delivered,2017-08-19 23:08:25,2017-08-19 23:24:33,2017-08-22 15:36:16,2017-08-23 15:18:43,2017-09-12 00:00:00
08c6860a0281fefc591da60249d5fa76,3ebd35ebde56dc990f6069767e98c9b5,delivered,2017-04-17 20:12:02,2017-04-17 20:22:32,2017-04-18 09:01:12,2017-04-26 13:27:46,2017-05-12 00:00:00
04d943e133b4033bedddc46ee516f5c4,089986fffb326934301cb204f52f9c97,delivered,2017-08-25 00:47:34,2017-08-25 00:55:10,2017-08-25 18:40:26,2017-08-28 20:37:41,2017-09-08 00:00:00
07d2babcd3c3d273aee2781512cc5904,d6b757c9478ed7366a42b6f09dce476f,delivered,2017-12-20 23:34:29,2017-12-20 23:49:58,2017-12-21 23:44:20,2017-12-29 17:13:53,2018-01-15 00:00:00
08003b4e485e934387afc41448692e0a,732b65bfeb61fb17611650fd0470f143,delivered,2017-07-23 19:52:46,2017-07-23 20:06:35,2017-07-24 13:47:52,2017-07-27 23:09:17,2017-08-15 00:00:00
01a26a995dcef1d58bdee5b8862c7a02,4f36ee71cd2eb2ba9c1eb02b36baa34b,delivered,2017-09-15 20:36:53,2017-09-16 12:05:14,2017-09-19 19:02:46,2017-09-27 10:44:00,2017-10-03 00:00:00
028558cddca332b40b4ac4cb77407edf,8401401a8752eb431189e021b8009e37,delivered,2017-06-26 10:26:31,2017-06-27 10:35:09,2017-06-30 17:57:30,2017-07-07 19:44:34,2017-07-25 00:00:00
0161962c6c561d3acfaa3e2db9a14f96,c49df845f9640195cb98d104bd8e859d,delivered,2017-09-12 13:29:37,2017-09-12 13:50:21,2017-09-13 18:33:48,2017-09-20 17:14:11,2017-10-02 00:00:00
01ccc64a2b38fdb87c25cb1944934670,f7b57537fa449131d8d98ec0f4e1d0ba,delivered,2017-08-12 11:22:27,2017-08-12 11:35:13,2017-08-14 21:19:03,2017-08-25 18:19:06,2017-09-21 00:00:00
059c31805aaf1f282276575595379050,bca0486d0965ba585f95eca2ef0080b1,delivered,2018-05-04 18:54:52,2018-05-04 19:10:11,2018-05-07 13:50:00,2018-05-11 21:52:06,2018-05-23 00:00:00
01f9f30f42a15cb09e70666d0df18856,7b07a86ba7d3c0c53f96bf14ea8ecc1e,delivered,2018-01-15 09:31:14,2018-01-15 09:50:04,2018-01-17 15:05:59,2018-01-26 18:04:22,2018-02-14 00:00:00
07440dff5293ea24c5fac25a473c2eef,5941cab9faecc602df8b6e69150b9d65,delivered,2018-03-29 22:53:27,2018-03-29 23:07:36,2018-04-02 15:52:31,2018-05-15 18:49:01,2018-04-26 00:00:00
0c9548a509e778d5edf0db66b7dd22d4,8d521d4ee311b662cde488c5fea705c0,delivered,2018-01-16 15:33:05,2018-01-16 15:50:44,2018-01-25 22:43:00,2018-01-30 20:48:58,2018-02-07 00:00:00
076008aa37f0393fff972b8b0121fd94,7f2bea5e1e2401a11a15c1e666445196,shipped,2018-06-08 19:05:44,2018-06-09 19:10:56,2018-06-11 13:12:00,,2018-06-19 00:00:00
035da499656c96f8f1cf920dd57ddc49,6dab4e63a2a40fef7c3cb46ab8083922,delivered,2017-04-06 13:02:52,2017-04-06 13:10:45,2017-04-07 12:04:32,2017-04-18 15:56:50,2017-05-02 00:00:00
0b29af0ace8656af84d2a20b635e697b,b583ca6364f9ea2135c2dd9d3a3d1f1d,delivered,2017-08-05 20:27:54,2017-08-05 21:23:31,2017-08-07 22:23:45,2017-08-22 20:07:45,2017-09-06 00:00:00
063bbb83c80ba8c04934c9ff389be77a,2219a3cc521a24bad7f19a67dc498e5d,delivered,2018-02-07 08:52:01,2018-02-07 09:09:39,2018-02-09 00:06:00,2018-02-19 22:22:11,2018-03-07 00:00:00
0b7e2039e06db8ce4bb3eb25e8659a51,2c7ad69b706e69d968f1a25e8ad2e9e4,delivered,2017-04-24 15:56:24,2017-04-24 16:05:12,2017-04-27 10:15:29,2017-05-16 13:02:55,2017-05-15 00:00:00
0cb316841c24af560f6af0e3fb36137a,e688102208c1564afce92d987656bf29,delivered,2017-01-23 21:33:15,2017-01-23 21:45:16,2017-01-27 14:56:59,2017-02-09 16:14:30,2017-03-02 00:00:00
0b97599dd090a41840a4edb5e521bc4d,7dc7f423358e3ece6ab8c863d1da0100,delivered,2018-03-28 19:38:35,2018-03-29 18:30:17,2018-04-03 02:08:44,2018-04-07 12:27:31,2018-04-24 00:00:00
047d317db3c34ff477eee816660e44f0,e7b450488b37ccb78581bc78df2bd066,delivered,2017-09-24 08:52:18,2017-09-26 03:35:43,2017-09-28 13:00:14,2017-10-03 17:04:13,2017-10-17 00:00:00
03772e1a30e1a11c351ff80f0e20263f,0a6cd5472a5da8843c9eb2237f4ad942,delivered,2018-03-21 15:47:52,2018-03-21 16:30:27,2018-03-23 00:22:06,2018-04-02 14:32:13,2018-04-09 00:00:00
00a1e977cf6e672402963940db55d919,e0dc8ea464de23db3b4aa5fa6ae07cc3,delivered,2018-07-25 16:25:31,2018-07-25 16:35:16,2018-07-26 11:53:00,2018-07-27 16:12:04,2018-08-02 00:00:00
09c6ca023de352874ee4fda218d19a81,7d9da42e2199a286266a8084af43ba85,delivered,2018-05-28 21:25:51,2018-05-28 21:55:31,2018-05-29 12:21:00,2018-06-07 21:12:57,2018-06-29 00:00:00
06093968558c2db43ddc36679aacc280,eed06a5744e075618d811e74e1826a22,delivered,2018-07-16 10:27:29,2018-07-16 10:44:38,2018-07-16 13:08:00,2018-07-23 23:10:39,2018-08-07 00:00:00
051d564ccb0a1e50070ac26704a2ba72,d5dbbec5196cc5d81fff118925e2bc5d,delivered,2018-08-23 23:05:07,2018-08-24 01:10:09,2018-08-24 13:48:00,2018-08-30 17:32:59,2018-09-06 00:00:00
07166782eef2ad2a57e415ec606fa7c3,ad81cc2a6e48530ced9ec9411f109ba1,delivered,2018-05-06 23:00:21,2018-05-08 19:35:21,2018-05-09 13:58:00,2018-05-10 22:08:48,2018-05-18 00:00:00
0180ebc47853bfc5997af28f5a7e8849,e82aa49c904185344fbfbbe025433ba5,delivered,2017-03-16 16:29:32,2017-03-16 16:29:32,2017-03-21 10:28:36,2017-03-28 15:05:06,2017-04-04 00:00:00
05f44408d29a64126c4abc87d2b2b038,99fa743eb87a62c121f007fc25e469d4,delivered,2018-08-10 09:00:42,2018-08-10 09:55:22,2018-08-10 13:44:00,2018-08-13 18:28:23,2018-08-21 00:00:00
07e4ea9fe9fcc49b673d7d3197b5da23,2915d405d4b958edc2bdce19fc0df07f,delivered,2017-05-09 10:45:54,2017-05-09 10:55:17,2017-05-19 19:47:58,2017-05-25 11:04:12,2017-06-06 00:00:00
0930b4554e6a2135e7132b897c3809f7,f93ab5dbe7f190d402cef2add574dc81,delivered,2017-10-14 00:00:38,2017-10-14 00:14:12,2017-10-16 15:55:03,2017-10-19 17:33:47,2017-10-26 00:00:00
045c7a03ba28c7d7b3c58e3897f587a7,b04dacc5c80ac9337afa2f4791f92f45,delivered,2017-11-19 19:11:20,2017-11-19 19:26:17,2017-11-20 20:32:54,2017-11-27 23:51:24,2017-12-07 00:00:00
0bfa8870838091fe8171ed69f6b89fee,10f2beaf4d0f6f475d9f4cfdc9b05457,delivered,2018-08-22 10:21:13,2018-08-22 10:45:24,2018-08-22 14:50:00,2018-08-24 22:41:52,2018-08-28 00:00:00
0467205a89711e4ec8e70ef2277e3287,90b8af517fbab96fb08d0115dffdc570,delivered,2018-07-03 10:30:52,2018-07-05 16:40:30,2018-07-03 13:12:00,2018-07-04 22:42:41,2018-07-16 00:00:00
04730e3327a051a939ae815e14e482e1,1f73a986d985bf8c6ace5bd5a3e0b1e8,delivered,2017-11-24 21:44:07,2017-11-25 00:37:48,2017-11-29 20:35:48,2017-12-13 19:12:23,2017-12-20 00:00:00
05d6faf8d3942006edf7cbc669faa965,9d70473610a913bc6ae8b9b52c35459b,delivered,2017-09-10 18:16:43,2017-09-10 18:30:18,2017-09-11 21:23:06,2017-09-18 16:48:26,2017-10-06 00:00:00
06be8b2c2a6e818814aa5416c3512ca3,00993c1bdbff4f24ca6b8124b4cf5a1f,delivered,2018-07-23 22:05:53,2018-07-24 10:31:09,2018-07-24 15:54:00,2018-07-30 12:48:38,2018-08-14 00:00:00
01074135a88ffa5978eaadfc7f482f2b,acc1272df0c1c3d973ccb5be09d0ab41,delivered,2018-03-30 10:53:54,2018-03-30 11:47:15,2018-04-02 23:06:55,2018-04-17 17:29:32,2018-04-24 00:00:00
041cba819a99569f87996b65b73ea82e,98f405f18fec61e1a61037c344213e26,delivered,2018-03-18 00:19:20,2018-03-18 00:30:27,2018-03-19 21:38:23,2018-03-22 16:04:49,2018-04-11 00:00:00
0bb5af1f3b46e6ec23dd85506fa8175f,2f73503d3f3d923095acec18ce04c30e,delivered,2017-11-09 13:22:06,2017-11-09 13:35:31,2017-11-10 17:51:37,2017-11-22 16:40:36,2017-12-15 00:00:00
07f18be24ff2d6a39b166d2fce1bc2b3,ec4fa69a3e15387b7581db26490adfb1,delivered,2018-05-12 21:43:21,2018-05-12 21:56:37,2018-05-14 14:05:00,2018-05-24 18:08:36,2018-06-01 00:00:00
01ec6affa239058ac384542eb9f6920c,0b0e2a12cbf100c36a10fe8fb871d783,delivered,2017-12-12 22:18:58,2017-12-12 22:32:39,2017-12-22 17:04:12,2017-12-26 13:57:44,2018-01-12 00:00:00
07884a0d48bbdae5f9a1d8582b57e09b,44e246036793c31473a506a95d2d782b,delivered,2017-11-03 09:49:14,2017-11-03 10:05:56,2017-11-06 19:06:30,2017-11-13 19:47:04,2017-11-27 00:00:00
06136e6a6532fabbd5675f8090fca4b3,0928de2429e186c48346ffaa5738cbe6,delivered,2018-07-20 15:09:26,2018-07-21 09:23:54,2018-07-24 14:18:00,2018-08-03 00:25:00,2018-08-10 00:00:00
027b81ccdf72434e7346aafdf630ff31,996b18b4ff1e2f7cc85722ef402d1a23,delivered,2018-07-13 09:02:22,2018-07-14 02:45:11,2018-07-24 16:07:00,2018-08-01 19:07:03,2018-08-20 00:00:00
067546963d2dc6275eb550df0482c460,a08ac24c7188aae96f09570ffde66b40,delivered,2018-02-11 23:26:19,2018-02-15 03:56:07,2018-02-16 22:22:59,2018-03-01 20:37:08,2018-03-09 00:00:00
01d0f6cd01d79574621a56a1b9e21019,c8939d8acaceeebf85790ff318c89d03,delivered,2017-09-23 19:26:07,2017-09-23 19:35:08,2017-09-27 22:04:03,2017-10-02 20:47:15,2017-10-19 00:00:00
05cd95d42f28b378b5abde39c13473df,4a8f8b4023b581f949353edb7a9aa2f6,delivered,2018-02-11 18:56:51,2018-02-16 07:50:49,2018-02-21 21:32:35,2018-03-05 22:57:25,2018-03-07 00:00:00
024d4ef645f204e4f95cb2a0d9cc61f9,1586d296dc10717a16c0ebfbd90439b5,delivered,2017-10-29 09:07:09,2017-10-31 04:10:21,2017-10-31 22:14:37,2017-11-10 18:35:48,2017-11-24 00:00:00
077743f9ba8964fff85ace5b958e5284,47159eaf5092747bb560f38b5acdd0da,delivered,2017-12-12 21:30:05,2017-12-12 21:52:46,2017-12-15 18:07:46,2018-01-04 22:00:00,2018-01-05 00:00:00
052b83db5c313dc65a07dad376ab69b1,f07e7c55e8f8f50b6847f8f6ff8ba7ef,delivered,2017-06-06 13:47:09,2017-06-07 02:45:16,2017-06-09 14:17:45,2017-06-19 20:49:31,2017-07-04 00:00:00
01614e3e58906ab6c7e2f27e9b349f1a,ca46dc49c3ab226c9a46d8a55be0f0f9,delivered,2017-10-02 20:49:29,2017-10-04 03:03:50,2017-10-04 19:16:53,2017-10-06 20:43:48,2017-10-18 00:00:00
02a0f7101947ebb4e6d2ec4c1c929bbb,2e2bf40d03d6ed228d47cf7fa49cf90b,delivered,2017-12-14 19:10:10,2017-12-16 19:10:19,2018-01-03 15:52:31,2018-01-17 18:19:17,2018-01-12 00:00:00
09e04558408bf0fe846b66132dc5d64a,3b66c28f77179c08a558c7c45540b6aa,delivered,2018-02-23 14:47:25,2018-02-23 14:55:40,2018-02-28 23:04:28,2018-03-13 20:05:22,2018-03-21 00:00:00
04f1827088d972a62224f5203a071500,03c1a904f35ad2f91e103b348cf53c3a,delivered,2017-12-10 20:42:05,2017-12-10 20:50:26,2017-12-11 21:09:32,2017-12-29 19:18:54,2018-01-09 00:00:00
0787c233e9c027ebb134e0339cdc1ef2,8b25b3dbe3d3054904d587578cb751fa,delivered,2017-08-20 15:32:41,2017-08-20 15:45:17,2017-08-21 19:14:07,2017-08-28 18:29:55,2017-09-13 00:00:00
0beab7700e74cb828b63e0a174e17256,770713aeb61e544a49c3ef40819b998c,delivered,2018-04-20 10:14:24,2018-04-20 10:33:18,2018-04-23 18:00:08,2018-04-25 18:38:59,2018-05-04 00:00:00
03ba8f07686d0661b011f3701eab3edd,1201015f8e5105e1bfb7e9bd75be8523,delivered,2017-06-06 22:03:39,2017-06-06 22:15:13,2017-06-08 05:53:45,2017-06-23 07:51:51,2017-06-29 00:00:00
0a4581df52d24b72b87ae0feb1b11d08,ac8d05674efe12528f6d96c507aac3bc,delivered,2018-05-11 13:28:31,2018-05-11 13:50:45,2018-05-15 16:11:00,2018-05-21 16:52:07,2018-05-30 00:00:00
01786fff06f2f7e8a83950c4b3b424ea,574e00dba47edb0c55e3b7e795eb8104,delivered,2017-12-16 12:04:31,2017-12-16 12:14:46,2017-12-18 15:49:19,2017-12-29 22:44:56,2018-01-05 00:00:00
066ff76c980db5a993df8048ff8fe60d,09742ba5cbfca33a3b9b61099ea648cd,delivered,2018-05-31 19:07:22,2018-05-31 19:33:21,2018-06-01 09:03:00,2018-06-03 18:44:19,2018-06-26 00:00:00
0c5d85fbd4b20a1d9d5fc6a29e739f36,8e5fb420cf8c57efbdf1632de43b3f16,delivered,2017-01-25 18:04:52,2017-01-25 18:15:20,2017-01-26 15:20:24,2017-02-03 12:44:16,2017-03-02 00:00:00
0bd15125e46474dc9318288ae0ea528e,98d0e7b8cee070b62b91321aeded0f89,delivered,2018-01-30 18:06:42,2018-01-30 18:41:02,2018-02-03 15:03:15,2018-03-01 22:07:42,2018-02-26 00:00:00
016b1af508245e59ef75d83e3fe20a92,aa57e2dd7b09a0f2cecef92f4d99395a,delivered,2017-04-06 17:19:53,2017-04-08 02:43:18,2017-04-10 16:33:47,2017-04-19 13:26:19,2017-05-02 00:00:00
0a80da8a2e86f5f401c7514602bc1105,351c4091b6f035cbc49b25c86db368fc,delivered,2017-03-24 16:48:47,2017-03-28 04:03:14,2017-03-30 16:33:45,2017-04-26 13:52:15,2017-05-03 00:00:00
04c35d9b971c2df38635b6c4a1983c35,964d7ea329d9be7d6001f7ba6e4c3304,delivered,2017-07-25 13:06:45,2017-07-26 13:15:20,2017-07-28 22:08:38,2017-08-04 21:47:58,2017-08-16 00:00:00
08a9de4f4b0ea83738478f16caae7bea,4d0f8caafecf88bd4e5578f488493246,delivered,2018-02-20 13:02:25,2018-02-20 13:10:52,2018-02-21 18:23:24,2018-03-02 14:05:51,2018-03-20 00:00:00
0871bd17337f3c779b6ce501af36a4cd,94e7e292dc2dff64425ec4d0f39137c2,delivered,2018-04-16 11:36:50,2018-04-18 02:15:26,2018-04-19 20:58:38,2018-04-23 18:56:24,2018-05-03 00:00:00
011bf86f1b7dacebda2c874333cf656b,e1238987433fd511c3a493ea3d3913b0,delivered,2018-03-09 19:44:33,2018-03-10 19:48:24,2018-03-14 01:38:34,2018-03-21 21:38:35,2018-04-05 00:00:00
07c8d74971a3302f6e7d2b0017ffb295,291c7755bcceedb88a87d99fe1d22305,delivered,2017-12-04 16:48:04,2017-12-05 04:17:30,2017-12-07 17:53:40,2017-12-29 14:03:54,2018-01-04 00:00:00
07d15c4a386205b033ba176848387b08,58c80172465a0843a5a1873a6fd21061,delivered,2018-03-28 14:31:55,2018-03-28 14:48:03,2018-03-29 22:28:50,2018-04-11 17:28:24,2018-04-16 00:00:00
0c84ff9c3089de63fcc506b71018c31d,50d6bcc25f2532c7a92f144a21187705,delivered,2017-06-20 12:05:49,2017-06-20 12:43:45,2017-06-22 14:56:50,2017-07-06 15:13:16,2017-07-24 00:00:00
03eae39a27aeab0f8c9ad5b84555a6d1,d91337c4d268a8a9f17bef015ce9af3d,delivered,2017-08-15 10:23:57,2017-08-15 10:45:49,2017-08-16 15:52:28,2017-08-19 16:06:37,2017-08-28 00:00:00
064895b0b58ab3f84d9d3b0a2b800205,028f1d106a98669a1c0caaf5866f31ec,delivered,2017-09-05 01:11:20,2017-09-07 02:44:10,2017-09-08 21:53:32,2017-09-14 20:35:49,2017-09-27 00:00:00
0b0809b2b64511c62fb745fb8b465cc9,56d6082f14bf0030bbc257ee81aaed82,delivered,2018-07-01 17:47:38,2018-07-01 17:55:13,2018-07-04 14:34:00,2018-07-06 17:22:09,2018-07-24 00:00:00
0cf1684e713ddfe42529ec72206b25b3,10665575b485ee952164ddaf090e9f41,delivered,2018-03-11 13:40:54,2018-03-11 14:20:39,2018-03-12 21:20:45,2018-03-28 17:56:27,2018-04-09 00:00:00
08a72c88fa7ee3652a339070245b9f1e,f6680f3eef9212ee4ed6650097ec058e,delivered,2017-11-04 18:50:58,2017-11-04 19:05:46,2017-11-06 20:08:46,2017-11-11 16:52:07,2017-11-27 00:00:00
05369626de3379a1a26fa24e22048214,d5f6259a2f0fa2907ce0d47876f0852f,delivered,2018-05-10 11:18:48,2018-05-10 11:51:42,2018-05-10 14:37:00,2018-05-18 22:03:41,2018-06-14 00:00:00
039df018e03e7c5db83bace2fa6af002,8bc6d4441da1f5ad07e433a76c8f0606,delivered,2018-05-16 10:33:18,2018-05-18 04:35:53,2018-05-18 14:42:00,2018-05-21 19:28:47,2018-05-25 00:00:00
0775e96080c552251cd76472d32e0c83,b301495c792065eaa3c4fa6f11bb0407,delivered,2017-09-06 01:29:21,2017-09-06 01:44:00,2017-09-12 17:51:42,2017-09-19 14:33:10,2017-09-29 00:00:00
07b0c48ffce8f9ad9878efed80bb428d,c5405d705481710dc8ff8760b7a9da0d,delivered,2018-08-16 23:34:39,2018-08-16 23:49:46,2018-08-17 12:05:00,2018-08-27 18:03:26,2018-09-18 00:00:00
06c4d1be000d2b0d30d56ff06dab667d,93db96687b16132297af1de44d17e01b,delivered,2018-02-08 21:53:13,2018-02-08 22:08:58,2018-02-14 20:15:21,2018-02-22 23:22:47,2018-03-09 00:00:00
085505e898297808653c70305ae11f47,956cc3292d13bea359eaf6683f410bf6,delivered,2018-01-24 12:33:01,2018-01-24 15:16:18,2018-01-25 23:29:01,2018-02-07 09:39:23,2018-02-21 00:00:00
01ad4f241a16bff724de081b558f0f4d,64189e336678007d8130fcd712d4a2b0,delivered,2017-02-09 18:47:17,2017-02-09 19:03:50,2017-02-17 11:56:11,2017-02-24 12:38:04,2017-03-24 00:00:00
08a547386e268879b689fca252e6a334,816ad722b2de1efdbe48f97d120bbfaa,delivered,2017-11-12 18:23:06,2017-11-12 18:35:52,2017-11-16 19:36:04,2017-12-19 22:44:58,2017-12-12 00:00:00
055da72c578d9094618ebb2712e161e9,dc81c6b47698b1a98b24db60dd094325,delivered,2018-06-08 22:32:02,2018-06-08 22:57:17,2018-06-11 14:21:00,2018-06-15 15:26:57,2018-07-13 00:00:00
0573f0fe44a09808d06e716ae1a478ed,6b6432e5ac54b7e774417246c1e9bbde,delivered,2018-06-23 16:55:16,2018-06-23 17:16:00,2018-06-26 13:06:00,2018-07-02 17:41:58,2018-07-16 00:00:00
033abfda50a317e7664dc789031fbdef,cd0fd4a64915d508f069b0b5d612ac5d,delivered,2018-06-21 17:15:17,2018-06-21 18:21:04,2018-06-28 13:54:00,2018-06-29 21:41:06,2018-07-16 00:00:00
0656252be8b31ab4b264a730f9e600cb,a553a10c8f858e664fe7cb71db0697a4,delivered,2018-03-07 14:11:18,2018-03-07 14:29:49,2018-03-20 16:50:18,2018-03-22 19:13:41,2018-04-04 00:00:00
0681ba84087325819dc1f41d4f79701d,28819969e45ae09705dffba8895b30b6,delivered,2018-03-26 12:36:24,2018-03-26 12:47:39,2018-03-27 20:12:30,2018-04-10 15:46:58,2018-04-17 00:00:00
0bca8e07f15636c260b1f794be423ad9,bdc1f7873ac4879bbd970ac78c3d2d96,delivered,2017-04-25 22:46:05,2017-04-27 13:32:51,2017-05-03 10:30:27,2017-05-12 12:13:28,2017-05-19 00:00:00
045abe3dd2d7c962b78a446b053238a6,6069e96c176d200c3495d72244ae535a,delivered,2018-03-10 12:51:18,2018-03-10 13:08:34,2018-03-12 23:38:27,2018-03-20 18:06:29,2018-04-25 00:00:00
00b9e0f8f588d0406a3de447eb606970,282ab86c49646e5a18507b088ee0d74c,delivered,2018-01-22 11:18:35,2018-01-23 03:37:44,2018-01-26 17:54:44,2018-02-16 18:23:19,2018-02-14 00:00:00
086da3118e7ada3cfb7cce476954af52,314533dd95657b7de8748504efc89ce5,delivered,2018-05-22 09:51:07,2018-05-22 16:58:36,2018-05-23 13:50:00,2018-06-08 21:42:39,2018-06-22 00:00:00
0a1e9a535a370a7613939cdf2196c089,ca93eb799ba9cd57573661a4f896e2df,delivered,2018-05-03 21:15:47,2018-05-04 02:51:44,2018-05-04 15:22:00,2018-05-10 19:03:32,2018-05-22 00:00:00
05bf4fdb30932b7910144b4359ea9f69,c61b59e94df1163cac39154ea29f88a9,delivered,2018-03-06 13:22:10,2018-03-06 13:35:37,2018-03-08 23:41:26,2018-03-15 17:06:51,2018-03-26 00:00:00
0339c36ce09427390de0dfe649d7e073,0bb22defe0dd478a90cff2c735610686,delivered,2018-01-22 19:00:47,2018-01-22 19:14:24,2018-01-26 18:14:17,2018-01-27 20:46:45,2018-02-06 00:00:00
06715eb38b73fdec38cd6db5aadc0214,6f2aa8cb749347f2045d1104aa7b8fcb,delivered,2018-04-11 21:48:05,2018-04-13 12:35:32,2018-04-16 22:40:46,2018-04-17 13:58:37,2018-04-27 00:00:00
0a77b770428bccbea7f9dbf8aec5d6ae,1abf283d0aba52db4f323567c763714b,delivered,2017-02-17 13:53:06,2017-02-17 14:05:20,2017-02-21 13:08:06,2017-03-11 07:09:08,2017-04-24 00:00:00
0b252b879dbab76b4730df79aeb1778f,735fea8fd580c255c79ad1572ad02a11,delivered,2018-02-11 21:29:50,2018-02-11 21:48:40,2018-02-15 19:13:20,2018-03-17 16:54:21,2018-03-08 00:00:00
0aa86627eca7db30ae324772cc15ff7d,f8b399854fbe5ea3bfbd0de81659502d,delivered,2017-09-11 22:24:48,2017-09-12 04:25:49,2017-09-13 20:54:43,2017-09-15 21:04:32,2017-09-21 00:00:00
00ba414462370af2d76195d12e0d5481,0623ac95ea8764ca730185db76ea56a0,delivered,2017-11-30 10:00:43,2017-11-30 10:22:08,2017-12-04 21:13:48,2017-12-16 00:09:13,2018-01-02 00:00:00
07fac8f9cadb792264f2985ef93eaa13,28d1088c5d8ee46242a50fd06f116e63,delivered,2017-04-26 08:25:51,2017-04-26 15:03:13,2017-05-02 17:12:19,2017-05-13 10:59:37,2017-05-15 00:00:00
09fa09eaa76c4a81cfed79f5d5eb6cf0,5727a6a9809a24aab98ff74360a25702,delivered,2017-12-03 22:28:45,2017-12-03 23:15:26,2017-12-06 00:48:45,2017-12-20 21:23:35,2017-12-28 00:00:00
07c03f32b0199526169eecbbe8c029d8,19302a30c6a6f3b071b5ba9ee49c9f1d,delivered,2017-07-20 16:33:41,2017-07-20 16:45:13,2017-07-27 19:17:25,2017-08-01 20:33:28,2017-08-11 00:00:00
06263a9c3476eea0ca0fd70081bc7cda,1867fd3a705e13f9043a5411e03958f9,delivered,2018-02-20 09:50:20,2018-02-20 10:07:37,2018-02-23 22:33:28,2018-02-28 18:52:00,2018-03-12 00:00:00
0ce50541293dbe475fde11c04962e953,6f085f0dee869d8d50afb553a178dbdc,delivered,2018-02-07 11:31:06,2018-02-07 11:51:16,2018-02-07 20:42:41,2018-02-16 00:12:56,2018-03-08 00:00:00
07fff3bc2afa0d164257d4f64c4c5116,d3246cf999a56a1467283ce2d9b01be1,delivered,2018-04-28 18:08:18,2018-05-01 06:13:36,2018-05-04 11:56:00,2018-05-09 15:12:42,2018-05-24 00:00:00
05a2d609ab3024701d66a27590ea1d68,12f985f830e8fc3be0aad2ea7c47b612,delivered,2018-03-17 12:46:56,2018-03-17 17:57:32,2018-03-19 23:03:17,2018-03-26 22:42:08,2018-04-13 00:00:00
00526a9d4ebde463baee25f386963ddc,5848ef3f994e18c5121d291e0daedc81,delivered,2018-08-07 22:03:44,2018-08-07 22:15:22,2018-08-08 14:11:00,2018-08-16 19:58:24,2018-08-15 00:00:00
022c0ddf029d7d3ba3d83bd524805629,9e76b1b37605f553636242f3e5861c3e,delivered,2018-02-06 11:21:33,2018-02-06 11:49:52,2018-02-07 14:35:10,2018-02-14 21:04:27,2018-03-02 00:00:00
0c54f2a2eeb0c42bd55937babb4669eb,9530bb46f44cc8564b66def5feaee742,delivered,2017-07-09 02:35:35,2017-07-09 02:45:06,2017-07-11 21:43:48,2017-07-18 20:23:39,2017-08-01 00:00:00
082d9e610509b115a17045c97c207811,9d4314f6de130876aef05baaa020f0cd,delivered,2018-06-08 16:11:27,2018-06-09 02:57:38,2018-06-11 06:51:00,2018-06-19 06:58:23,2018-07-16 00:00:00
00611822267e76e0055c25c18506f06e,8832232b097dba67d540a76f6ba88795,delivered,2018-07-26 13:35:01,2018-07-26 13:50:14,2018-07-26 14:24:00,2018-07-31 22:52:44,2018-08-20 00:00:00
0681602384769af218b41f80e0808278,c50bb4c9a6ef2510dc6c3b6c9d2871a3,delivered,2018-01-22 12:38:35,2018-01-22 14:24:55,2018-01-25 15:28:49,2018-01-31 21:14:36,2018-02-14 00:00:00
04af40a6714e5ab254138fcd4863f0c1,a4a7d48473dcb6c1c5f918fde2542cb3,delivered,2018-03-10 22:24:10,2018-03-10 22:35:42,2018-03-13 23:29:44,2018-03-16 17:08:31,2018-03-22 00:00:00
0bcdef8dcbbd4cfc9f7c9a9669e6c2c2,ad032df5c40dc476b2ae928738dfc7bf,delivered,2018-01-16 11:44:02,2018-01-16 11:55:20,2018-01-17 22:24:33,2018-02-05 20:03:51,2018-02-09 00:00:00
074a6843b445107d87cbfaa88e2e642f,dbb2d80e2dc498f05127173933a375fc,delivered,2018-07-22 14:13:44,2018-07-24 11:32:22,2018-07-25 13:10:00,2018-07-30 23:51:37,2018-08-06 00:00:00
097c6926697b318e2e49c0d92843211a,c4bfb61a02fa753432f5e5cabc107e28,delivered,2017-10-09 07:41:44,2017-10-11 03:28:37,2017-10-11 20:32:04,2017-10-18 17:13:40,2017-11-03 00:00:00
0c83ae77e6509fbaec6d9ae8844ccef7,3eb6b717fd80b094c121c4ce049cd3c3,delivered,2017-07-21 14:57:04,2017-07-21 15:23:16,2017-07-21 20:03:33,2017-08-08 19:16:10,2017-08-17 00:00:00
0b3f84ce012f341897587c6e4e73f68e,bd2e650f73a529c3dd307b6eec01393e,delivered,2018-06-30 21:48:45,2018-07-01 21:50:01,2018-07-03 11:15:00,2018-07-12 15:28:49,2018-08-01 00:00:00
0be6d173c7061938d89152c036ac064a,095acc4e27efb00510101b9dbbfb4312,delivered,2017-11-20 18:10:49,2017-11-22 02:50:26,2017-11-22 20:08:50,2017-12-05 15:46:45,2017-12-07 00:00:00
063b573b88fc80e516aba87df524f809,285195a5b585842e25bd1ef9015a8413,shipped,2016-10-07 19:17:00,2016-10-07 19:29:20,2016-10-30 10:23:36,,2016-12-01 00:00:00
084dc35511ef0934cbe4f52d6b1e17ed,7f04bae0255c12792d4f1e345db66077,delivered,2018-05-16 22:07:12,2018-05-17 02:55:43,2018-05-17 12:49:00,2018-05-18 17:10:05,2018-05-24 00:00:00
0a2798cd0ba9166659c07e35ef5eb817,0eff840a67ceab65fe61ccffdb12e3f3,delivered,2017-11-21 12:45:22,2017-11-21 12:57:37,2017-11-23 19:19:07,2017-11-24 19:33:04,2017-12-01 00:00:00
05e19ab996b114339f316bf41b359d52,0a89509ed51bf4b266a89f0dde0fa883,delivered,2018-05-16 21:21:07,2018-05-16 21:36:18,2018-05-17 14:23:00,2018-05-25 22:33:38,2018-06-07 00:00:00
08733fad8b29896d4920d381cd3f7cf1,2f52bb4abd2c5558c7f7ce94dd9ae787,delivered,2018-01-20 13:23:02,2018-01-23 03:36:50,2018-01-24 22:34:57,2018-02-09 19:13:23,2018-02-22 00:00:00
0406b335284c621b052c06d972ab7626,376f08a4928b577b7113659f1c2bf415,delivered,2018-04-06 13:03:10,2018-04-06 13:15:16,2018-04-10 00:32:57,2018-05-09 21:04:18,2018-05-17 00:00:00
06ac7ebfcfa33f6656f031deaaf74a05,67a53f6c3a9fc88bd9a6594eaa7af0d1,delivered,2018-03-16 23:01:08,2018-03-16 23:10:24,2018-03-22 20:42:04,2018-03-27 18:36:57,2018-04-05 00:00:00
0c88a53b9198ad46968371a374433183,a9c810513a4d94b6ad72f215cc9c36ae,delivered,2017-10-13 10:44:27,2017-10-13 10:56:17,2017-10-18 21:05:37,2017-11-01 16:49:59,2017-11-13 00:00:00
01f48b2a27229e667db384b5b9d5dfa4,1f4e48d20f0deaacefd7fc19a4382c65,delivered,2018-05-16 22:32:50,2018-05-16 22:55:50,2018-05-17 15:21:00,2018-05-18 15:46:42,2018-05-28 00:00:00
0a2a2670426b66ba24372c7d03da2ca7,1349e7a27c61f2c6ded7a0ae7c9aa5b1,delivered,2017-11-29 18:50:57,2017-11-29 19:16:56,2017-11-30 20:32:02,2017-12-06 15:19:14,2017-12-29 00:00:00
026381d57420b32237d7d89a8daf21c9,797525177b28cb08ae6d244ca133823d,delivered,2017-07-09 16:25:00,2017-07-09 16:35:16,2017-07-10 21:23:58,2017-07-17 18:13:34,2017-08-03 00:00:00
04f15733e3974c4127cb066cb835cdc9,3295b6a10cfd0a5364458e7aad6a8ed0,delivered,2018-02-05 14:04:53,2018-02-05 14:15:39,2018-02-07 20:18:34,2018-03-03 15:59:50,2018-03-07 00:00:00
0c077fbe69b84abe12774536d0904060,6458e6b2bd04e77c2beab6b813baacec,delivered,2018-06-17 10:38:53,2018-06-17 11:00:59,2018-06-18 15:53:00,2018-06-23 03:05:00,2018-07-05 00:00:00
03a77816f8b67ef237ecca2c772c4851,d8c87ef39b9996034c86991b5cb7f20d,delivered,2018-05-30 21:48:24,2018-06-05 04:30:57,2018-06-05 12:47:00,2018-06-12 16:59:45,2018-07-05 00:00:00
0c22166d9f7e5761e397affa5af438c7,cabe1ec4e4c40db3c14ab19cc09bbd9a,delivered,2016-10-09 22:31:44,2016-10-10 12:02:26,2016-10-14 12:02:28,2016-10-31 15:32:04,2016-12-14 00:00:00
01dbd2da9b685e6d444416f7825d0931,332cd7b9d5b2e74bf7553bfac694996d,delivered,2017-10-04 22:21:13,2017-10-04 22:35:27,2017-10-06 13:18:59,2017-10-20 21:53:45,2017-11-07 00:00:00
009742b43f4530bc3db7f62332c50f4b,84dac31647902f79570207a7f29c2675,delivered,2017-10-24 15:15:58,2017-10-26 03:09:33,2017-11-28 01:46:49,2017-12-06 18:41:34,2017-11-10 00:00:00
0250c3964e5ca77ecac2db28d78aa89f,93868f1b95f724d239389b3bb1eca24d,delivered,2018-06-30 13:48:24,2018-06-30 14:09:58,2018-07-04 13:58:00,2018-07-10 16:38:47,2018-08-14 00:00:00
0231a1f06afc507072e11f93fa6e736b,92effc61cdcde58dde1a6295fe519bb4,delivered,2018-05-08 12:44:54,2018-05-09 12:55:31,2018-05-11 08:17:00,2018-05-22 20:35:45,2018-05-28 00:00:00
01b06b4d63c340902dbe3d9f8b2fe821,bc4e77d40d57aaca04d0c5a52d452ccd,delivered,2018-06-08 11:42:51,2018-06-08 11:54:52,2018-06-09 09:24:00,2018-06-12 21:33:52,2018-06-26 00:00:00
00f8fc0cb9d9b7813f1f54fbd75426f1,5fabfab95333c3c3641f4cd20f86a56e,delivered,2018-01-22 10:45:15,2018-01-22 14:16:52,2018-01-23 22:19:43,2018-02-02 01:02:38,2018-02-14 00:00:00
05918cf24658c4ee3a67a684684305d3,9cc1ab706200b513b1940668dc1a206b,delivered,2018-05-30 11:58:32,2018-05-30 14:47:44,2018-06-01 14:41:00,2018-06-27 11:28:47,2018-07-12 00:00:00
095a4047965f98a409258e1db6c99e79,b8c900c65077ca9accd2e1132f863220,delivered,2018-08-07 23:10:59,2018-08-09 06:45:08,2018-08-09 12:19:00,2018-08-14 21:21:22,2018-08-28 00:00:00
0a8c0b59c2efaacc405838782a56c156,c2c1f9265c1a47f99b792656ae38ea54,delivered,2017-07-28 22:17:19,2017-07-28 22:30:19,2017-07-31 16:43:04,2017-08-05 13:47:41,2017-08-17 00:00:00
08bf75dcf867b9f13026785053e87052,f78e8d1d24e5a4f1b1219e6ae1416aca,delivered,2017-08-15 07:55:36,2017-08-15 08:05:24,2017-08-18 20:42:58,2017-08-31 16:59:59,2017-09-08 00:00:00
09bfed54145e573d48e1685dcf11fb6c,1353a896c273c4c9727e6c65601de865,delivered,2018-04-16 10:31:20,2018-04-17 05:50:51,2018-04-17 19:06:25,2018-05-07 19:58:33,2018-06-04 00:00:00
01c1644529b18608f086d2ff0f3b8181,3c90bb0fba16e889f898e2da1df5fb32,delivered,2018-06-23 09:55:44,2018-06-26 05:12:58,2018-06-26 14:25:00,2018-07-05 20:24:21,2018-08-01 00:00:00
0517a3e68dac3308995edca2144db36e,17b05621a4b0481d008669e0a474b984,delivered,2018-04-26 18:53:02,2018-04-26 19:11:40,2018-04-30 06:23:00,2018-06-09 01:39:53,2018-06-01 00:00:00
02725851051698269253f0823e7824b6,24b77bdd27f5e6aea7149886b72286ec,delivered,2017-09-04 21:54:22,2017-09-04 22:05:43,2017-09-05 18:34:19,2017-09-08 15:26:30,2017-09-15 00:00:00
041f09bbcd85d178903f5bb71f11a02e,2de74bda6ff6a15ce1401e92b6948ea3,delivered,2017-04-18 11:43:48,2017-04-18 11:55:17,2017-04-20 06:38:04,2017-05-07 08:12:25,2017-05-25 00:00:00
076291ccc60bbd19ff77babbb78324d5,aa0e4a8833d9c0b97d5cfce946a98dd9,delivered,2018-08-15 17:51:11,2018-08-16 17:49:34,2018-08-17 12:30:00,2018-08-22 19:21:05,2018-08-28 00:00:00
0a2f51f07c7b99722f843490cd20ec09,085e2d8df89b9fdb5182fc89fab548b8,delivered,2018-05-23 23:51:50,2018-05-24 00:18:27,2018-05-24 08:44:00,2018-05-28 19:32:40,2018-06-14 00:00:00
01d601c4d70f016f1e32ee8e82d6d4c9,cd6bb6cb42e1fb7ad795a83702d6a27c,delivered,2017-05-13 01:16:42,2017-05-13 01:30:11,2017-05-15 09:37:20,2017-05-26 15:16:47,2017-06-06 00:00:00
07a3ecc544326f0c462c5423eaca1812,7ecab6f3f9ab08d676b6b9984779c9e0,delivered,2017-08-07 15:15:48,2017-08-08 04:44:24,2017-08-08 23:03:35,2017-08-18 15:43:57,2017-09-11 00:00:00
06e83e2884ecfcff09067ddaef752b49,180f88a79ebd4137eb2fd98525bcfff2,delivered,2017-11-27 19:23:26,2017-11-27 19:38:57,2017-11-28 19:28:30,2017-12-11 20:03:14,2017-12-22 00:00:00
09a5c8d751662bfb96c5a3307619cb36,1ef2ac142610b528b3b67d6f21725fa0,delivered,2018-07-30 15:38:45,2018-08-02 13:43:20,2018-08-02 13:23:00,2018-08-03 14:03:49,2018-08-13 00:00:00
0aa240e0cbbe794b5470e659a22b614b,f5b66d1266e286035ae816d414c38b07,delivered,2017-04-21 20:32:16,2017-04-25 08:05:36,2017-04-27 07:44:26,2017-05-03 16:03:07,2017-05-22 00:00:00
0382e1be5feaca880336365b982b8629,4098347614a8158c6d16eefc6882b29f,delivered,2018-05-07 22:14:31,2018-05-08 04:54:26,2018-05-08 12:22:00,2018-05-11 19:32:01,2018-05-18 00:00:00
0190e75feb05f78ccb1b56853ca4f6cb,adb3c4b6fa67bf11d5ca618f5cbd044e,delivered,2017-11-24 20:14:55,2017-11-24 23:33:01,2017-11-27 19:38:26,2017-12-05 20:35:34,2017-12-26 00:00:00
0cc14454cb400b7b154e0a45ffd5c2f9,6500983182f0ed3a2e92fcb7522a4832,delivered,2017-12-17 17:24:50,2017-12-17 18:34:05,2017-12-18 20:03:12,2017-12-20 15:27:45,2018-01-05 00:00:00
0bff41f23a1260a23cfe070af558eef7,ce419a09aed8cb13f0bff663ca2144ab,delivered,2017-10-30 22:28:49,2017-10-30 23:31:09,2017-11-06 20:32:01,2017-11-18 17:18:21,2017-11-16 00:00:00
04ffb64e3f80d17e95e1934561c8f64a,b1d5a1a3bbde8eabda72534bdb13e41b,delivered,2017-12-04 09:06:44,2017-12-05 16:42:17,2017-12-07 19:32:51,2017-12-18 21:38:17,2018-01-02 00:00:00
0494d7ef89583fcaf33a1cea4bcfeec2,533d844e0a43ffa5f3b7d6dbe40ebbc5,delivered,2017-08-21 19:05:01,2017-08-23 02:47:48,2017-08-24 16:11:31,2017-09-05 23:40:23,2017-10-05 00:00:00
093a57d9efa67214acc6fd5c5e1e01ae,57c0cb950e45449d5d43a9048383d0a8,delivered,2017-04-18 10:30:27,2017-04-18 10:41:58,2017-04-20 14:20:11,2017-05-05 12:06:17,2017-05-22 00:00:00
052514b6411113b9d1d289f49bf414e5,7a399cda317ad8719018d06ee6d2cbb1,delivered,2017-10-09 08:12:29,2017-10-09 08:28:19,2017-10-09 20:03:04,2017-10-24 22:47:42,2017-11-08 00:00:00
0ad9d4e4f4c9746b59ddb9c18d30d241,34a015971bd8681dda63a6ac74d6c825,delivered,2018-08-02 15:30:52,2018-08-02 15:43:53,2018-08-03 11:20:00,2018-08-14 20:56:36,2018-09-05 00:00:00
037ce5266460af220f19d497b130e737,1fb2b3173fbb54f9f1cd14e45513f194,delivered,2018-07-27 09:25:33,2018-07-27 09:44:21,2018-07-31 14:05:00,2018-08-01 22:34:35,2018-08-08 00:00:00
01721e0729fcb75ab238248fdbb48eeb,db14d5544e26caec33796e6d85486585,delivered,2018-03-19 13:31:24,2018-03-19 13:50:05,2018-03-21 19:04:08,2018-04-09 14:48:48,2018-04-12 00:00:00
00cb9736c0b43d6c1e2fbb2b88e69f6a,d73144ccd5680a3ed460ed34939c036e,delivered,2018-01-29 10:23:47,2018-01-29 10:39:33,2018-01-29 21:32:49,2018-02-16 19:23:12,2018-03-05 00:00:00
098e78dea9fc1a1e1e49c220f27dcea4,4a6ed71930a8dcd917e76a360713582c,delivered,2018-06-16 08:33:44,2018-06-16 08:58:54,2018-06-28 11:18:00,2018-07-11 17:44:59,2018-08-03 00:00:00
03f4f8149c605fb477250ac94f70c0cc,966912f20c8442f872cefe072d749ce6,delivered,2017-11-24 16:33:34,2017-11-24 20:32:40,2017-11-29 18:38:02,2017-12-19 16:48:34,2017-12-21 00:00:00
070a5949c100efc1ad56b852f5a278d0,1c630f82e544e04d286e1fc9e95c6bdb,delivered,2018-01-19 17:30:52,2018-01-19 17:50:16,2018-01-22 16:59:05,2018-02-14 15:17:36,2018-02-16 00:00:00
0c51264bdcbe5893081232bba640dba0,db2bde8c137c06bd2b2f616b27414304,delivered,2017-09-09 13:58:18,2017-09-09 14:10:13,2017-09-12 12:22:45,2017-09-15 20:32:32,2017-10-03 00:00:00
0987ca7d6618e8d1a3bcc49207d6f713,8ccdac7eb0c1dc6e6263c1cfdb97420f,delivered,2017-12-05 19:40:10,2017-12-05 19:55:05,2017-12-18 17:55:37,2018-01-06 13:37:43,2018-01-08 00:00:00
02c5426a54d34d28a32088cf69167730,9c82bb6bed60a8f2141d7a55c90d98c8,delivered,2017-06-30 17:20:14,2017-06-30 17:35:15,2017-07-03 14:56:58,2017-07-11 15:37:52,2017-07-24 00:00:00
068254dc0ecdb91d62f52c658b4dd09a,9f0398b6761fbae87a157c3956230a1f,delivered,2018-04-04 12:00:37,2018-04-05 02:30:26,2018-04-05 18:38:41,2018-04-13 19:40:41,2018-05-09 00:00:00
05afef1c185862cab9062b322ff25cc5,296de103322e463a1b76de3c81fdf02b,delivered,2017-07-25 10:47:16,2017-07-25 11:03:10,2017-07-31 15:49:35,2017-08-21 21:10:53,2017-09-04 00:00:00
08ea0cc26c8036f1c6c510e72f468000,c1462fe827b0b74c6ba2c32bdf224a67,delivered,2018-04-26 14:31:15,2018-04-27 03:30:53,2018-04-27 15:25:00,2018-04-30 19:07:01,2018-05-14 00:00:00
098fa8e236952567d948321ee4684854,c2bd11720c11c5302296696aa34d4c9f,delivered,2017-02-19 20:09:01,2017-02-19 20:22:44,2017-02-20 14:32:34,2017-02-24 15:04:56,2017-03-17 00:00:00
0c9f9c0fc3c5d9e40e88bbb5910042bb,5496914618fd2a6a52a3dc154965ec4f,delivered,2018-08-18 15:03:29,2018-08-18 15:15:17,2018-08-20 15:12:00,2018-08-21 18:55:34,2018-08-27 00:00:00
02e8498a91ec0e72dfaff47b27c805a3,c4866f0b17eceb1322854c023648a596,delivered,2017-11-03 13:40:44,2017-11-04 07:30:41,2017-11-08 18:06:33,2017-11-18 12:41:58,2017-12-13 00:00:00
03d0e68d9f396f3c4e69dbbb0abc3564,a2b7d88f0af86d43c92fa477a46a12e2,delivered,2018-01-24 09:22:03,2018-01-25 02:58:15,2018-01-26 20:59:03,2018-02-23 19:04:09,2018-02-16 00:00:00
04ff62d0684a80831afbdc2f6e56259f,86f29a9accefc7429257806c483a33d5,delivered,2018-02-24 20:28:05,2018-02-24 20:47:30,2018-03-02 22:54:42,2018-03-22 23:58:50,2018-04-03 00:00:00
03952349aca310eeba691019501388de,94244564d138d5b05de63ad1c686d9f6,delivered,2017-08-29 20:46:02,2017-08-31 02:35:53,2017-09-19 19:44:45,2017-09-26 21:40:48,2017-09-29 00:00:00
012f29911fcd2f1209d937741a6bbc6f,63a479f36824ee8972e112caa2e4e64a,delivered,2017-05-16 15:39:55,2017-05-16 15:50:13,2017-05-19 09:39:40,2017-05-22 11:44:45,2017-06-05 00:00:00
0c28b673ceff9e07c5de4539bb0d4ed2,bc11dc645f9b9b92ae2581fc582cff93,delivered,2018-01-22 15:13:40,2018-01-22 15:38:09,2018-01-26 21:58:06,2018-01-30 16:33:56,2018-02-19 00:00:00
061c97a9bd7911f9d2031e1b820c344f,ddc1e728d2de6666c8a01a42901d36c3,delivered,2017-04-21 13:18:31,2017-04-21 13:30:12,2017-04-24 11:59:42,2017-05-09 10:27:56,2017-05-16 00:00:00
083f267075b03a6cd837f4faa2c7b881,773b421ca684d5690679a652c88e7e83,shipped,2018-07-04 08:04:13,2018-07-05 16:33:06,2018-07-12 13:50:00,,2018-07-31 00:00:00
076c344fa6fb7b7284fe98fbcb257ab1,2d31f217b1ae10b6d50d1a70d839c20a,delivered,2017-06-03 15:01:17,2017-06-03 15:10:13,2017-06-05 10:46:44,2017-06-13 06:02:55,2017-06-28 00:00:00
0b8a71b3f5c221a69f4d23097cd604f6,91ef15a60f302d55d0f2867836abca9c,delivered,2017-06-09 13:59:38,2017-06-09 14:10:22,2017-06-14 13:32:36,2017-07-03 14:21:12,2017-07-17 00:00:00
048e6e4623dbf118c43e0f5572016faa,7c43cc8f6953deea674d34207a646886,delivered,2017-12-31 17:57:21,2017-12-31 18:09:23,2018-01-03 23:22:58,2018-01-10 21:42:27,2018-02-08 00:00:00
0580802ab0d4809dc16b4c9002c01a27,624dd44e174c96c79397a7f030f08e8d,delivered,2018-01-15 17:27:31,2018-01-15 17:36:23,2018-01-17 16:36:54,2018-01-27 15:19:52,2018-02-20 00:00:00
06375e8bcbe64fb1da3b499fa42a7991,0288ac534f6ba035350df2527703ed47,delivered,2018-02-26 09:34:23,2018-02-28 09:56:07,2018-03-01 19:44:23,2018-03-15 17:42:32,2018-03-21 00:00:00
08c839f6091875ffd1a1d876dd48de40,65a2393f12fc8796f152eef39d25fa4b,delivered,2018-02-16 10:31:45,2018-02-16 10:50:24,2018-02-16 21:36:47,2018-02-22 01:29:09,2018-03-05 00:00:00
0aecc6c0c2b3598d9cd3119e0a58dc1b,8b97935c355ec9be1897a67de022a398,delivered,2018-05-07 14:38:13,2018-05-07 16:33:53,2018-05-08 15:37:00,2018-05-15 14:03:45,2018-06-04 00:00:00
047ad2bad6fa4c12dd98ff4b00ce0317,92b8d36f0a4d70694f64082b903852d1,delivered,2018-03-20 11:29:46,2018-03-20 19:15:25,2018-03-21 20:21:42,2018-03-28 22:44:57,2018-04-12 00:00:00
05885929f901bfe4490878f068b7da8c,11e380be5c4a5ce9622d3e48d02f042a,delivered,2018-02-22 08:17:18,2018-02-22 08:30:29,2018-02-24 00:26:50,2018-03-08 20:34:19,2018-03-16 00:00:00
019886de8f385a39b75bedbb726fd4ef,8cf88d7ba142365ef2ca619ef06f9a0f,delivered,2018-02-10 12:52:51,2018-02-10 13:08:12,2018-02-14 15:28:51,2018-02-23 02:03:03,2018-03-14 00:00:00
07068f92ceede34d93d6dd0b5117feef,fa2a6143fcd4d39afb184064b19d13bd,delivered,2017-04-09 23:37:46,2017-04-09 23:50:15,2017-04-12 11:54:50,2017-04-19 15:46:47,2017-05-04 00:00:00
06f4be78b76ba6a42605efa4ce7544d7,24f68e18ddb48a182d88e0fe261776c1,delivered,2017-02-07 16:34:29,2017-02-07 16:45:19,2017-02-21 05:11:57,2017-02-24 14:21:39,2017-03-15 00:00:00
04b16351c3a70c83b9f8f1fe295cb450,bf5c3a54675e9a5b3dd58af952adeaff,delivered,2017-04-22 14:49:56,2017-04-25 08:02:54,2017-04-25 11:30:35,2017-04-28 07:33:27,2017-05-15 00:00:00
0c325ea6925de749e1420be0cf43587c,e03505278b34146e87c0b4eb41e4f082,delivered,2017-07-01 15:27:23,2017-07-01 15:43:50,2017-07-05 12:00:33,2017-07-10 17:17:21,2017-07-25 00:00:00
0c50644a967084c645a3bfdf0cc47545,627ed432c94cb78c7372b6f7cade43b5,delivered,2017-02-18 15:29:37,2017-02-18 15:35:21,2017-02-24 06:58:09,2017-03-02 15:52:02,2017-03-23 00:00:00
0420da8d50a3784011290a782f25a8a8,0949b5cf9adad08c1421aa3f1778e4a3,delivered,2018-08-09 16:42:43,2018-08-09 17:35:18,2018-08-13 12:48:00,2018-08-16 19:45:47,2018-08-21 00:00:00
0a0ae6383118ebd8939e7d18c5dda408,dd8b5fb300450248e98874ee5171824c,delivered,2018-03-10 10:29:04,2018-03-10 11:08:11,2018-03-12 22:41:53,2018-04-12 15:59:05,2018-04-02 00:00:00
002b4e6fa42cd4a22cc86abc18fe9c05,a5fd6dd86d703cedc9ab6be3dba12816,delivered,2018-03-11 10:24:44,2018-03-11 10:35:37,2018-03-12 19:47:30,2018-03-19 22:34:41,2018-04-06 00:00:00
09e21d9c7aee6884dbb1ac35cf2dfc70,d4e93ae4dbf6a273340fc20bd7908335,delivered,2017-12-22 11:02:13,2017-12-22 11:13:21,2017-12-22 20:19:00,2018-01-13 01:32:18,2018-01-18 00:00:00
07bfea8893b7262f7d61cfb2068b12c3,5ff12b5d7429e2bfde8594ee4ebf0ab0,delivered,2018-03-07 09:55:02,2018-03-07 10:40:24,2018-03-10 02:21:12,2018-04-04 19:12:57,2018-03-28 00:00:00
06f0522e3c0dd8f8ea7a738176844f04,07568293de9832dcefca19385d02354b,delivered,2018-06-22 15:12:55,2018-06-22 15:38:27,2018-06-25 14:31:00,2018-06-29 17:12:43,2018-07-16 00:00:00
090c8122737bb94ca7fcbbf412be42d0,9c31acdac442c01a8bfad5430a362a71,delivered,2018-02-05 00:38:46,2018-02-05 00:50:44,2018-02-06 00:53:22,2018-02-14 17:49:04,2018-03-02 00:00:00
070d0ddec60c0e00d7df9483988d55e2,0787afe87fbc7be9114a66325d1a5481,delivered,2017-02-27 09:49:06,2017-02-27 10:01:38,2017-03-02 15:40:15,2017-03-22 11:37:59,2017-03-23 00:00:00
0c5c644d05d605a6778e47d43a1185d2,568e5d6c0fe4a7913f4a40a09af904e6,delivered,2017-04-29 17:42:18,2017-04-29 17:50:13,2017-05-04 09:15:42,2017-05-16 09:34:48,2017-05-25 00:00:00
0c5a4222cc662d4e0ec50de57f1f8b98,708932e8e8ba10ae0e57abe5650ff985,delivered,2018-05-20 20:40:14,2018-05-20 21:01:29,2018-05-21 15:54:00,2018-06-07 22:37:21,2018-06-08 00:00:00
0412b784548c0bf8cc35073f13923e2c,d74b39df7717e34ebe07e263211bfe52,delivered,2017-09-26 22:51:24,2017-09-26 23:04:31,2017-09-28 20:06:54,2017-10-11 23:28:48,2017-10-18 00:00:00
0c2bbee72e02611ffd7ba4c1b30b7a18,d3a6688ba3e7d1f5775d0ae9b2992712,delivered,2017-11-23 21:49:07,2017-11-23 22:07:55,2017-11-24 21:51:34,2017-12-02 17:13:28,2017-12-07 00:00:00
04398fd8d888a4857774d982da494987,596040e2523803a2b45f1a403a86be7d,delivered,2017-05-15 14:14:21,2017-05-15 14:25:18,2017-05-17 09:45:16,2017-05-23 15:28:01,2017-06-06 00:00:00
08688e50bd932bdbd480bb25e55c70de,607157d84f812059eef282a0468bef85,delivered,2017-11-09 22:27:49,2017-11-09 22:46:40,2017-11-16 18:51:25,2017-11-23 18:49:31,2017-12-01 00:00:00
03f948b381187f1aab320e84e7be949e,3d1b213b4f9d6a6aa1cff9e5ae6a9c0d,delivered,2018-01-27 19:40:57,2018-01-30 04:31:15,2018-02-03 00:26:19,2018-02-07 19:19:39,2018-02-14 00:00:00
0499c7fe87611ea8ba76fc6ddceaad0e,a4cc4219f6af8bca6fa018f03aa054ac,delivered,2018-07-30 11:52:30,2018-07-30 12:05:13,2018-08-07 08:44:00,2018-08-13 19:38:33,2018-08-16 00:00:00
0449fc8e83f3042e2e415a2bc3f2a424,e21d7ebfedc67c1a6678e37c53a78a4d,delivered,2018-04-20 08:36:13,2018-04-20 08:52:48,2018-04-20 18:52:41,2018-04-27 16:38:37,2018-05-18 00:00:00
037f4f91c8f5cd2a6ddd52a63d97fdcc,b5dbaddb7666f875d9a348cb0584823e,delivered,2018-07-18 21:08:44,2018-07-18 21:15:21,2018-07-19 10:06:00,2018-07-23 11:41:56,2018-08-01 00:00:00
01b94d6940365deb1eedb643ba43114a,53d7168d4cbc0acd88e9d17e2e18b47a,delivered,2017-11-08 16:06:33,2017-11-09 04:31:11,2017-11-09 20:54:55,2017-11-17 23:16:32,2017-11-29 00:00:00
001862358bf858722e1e2ae000cfed8b,2cf869dd40c98f29686f636d83545cce,delivered,2018-02-06 19:11:57,2018-02-07 19:10:37,2018-02-08 17:44:13,2018-02-15 22:57:01,2018-03-02 00:00:00
08d4e83325f02f000d2ba37961c0b8b3,7cd6c60621b276093ac75abd0bfcfe72,delivered,2018-06-18 15:57:14,2018-06-19 16:01:39,2018-06-20 14:24:00,2018-06-25 14:18:54,2018-07-11 00:00:00
037556f936da90c5f9504956ff286860,4dd66b17e6ebfe130ef40705bb44a1c2,delivered,2017-05-02 12:02:54,2017-05-03 12:10:24,2017-05-09 17:03:20,2017-05-12 13:36:56,2017-05-30 00:00:00
0b277c8a59b6fac83b512d46a575c8cc,b4a9fb5e9e2eff09bfc2bc3dc69957a8,delivered,2017-06-07 21:41:00,2017-06-08 21:50:12,2017-06-14 10:14:01,2017-06-19 20:50:30,2017-07-04 00:00:00
0484f1d11d891ff86fcc2d225ce7094e,0b17547070772a7ce777870c5aefd09a,delivered,2018-01-13 14:59:32,2018-01-13 15:09:07,2018-01-15 21:56:03,2018-01-19 16:12:25,2018-02-05 00:00:00
091ac0791556275533697b36e2b00ff4,d0bfc5ed8302e145eb59a75cc94cb715,delivered,2017-01-26 14:29:25,2017-01-26 14:45:11,2017-01-27 11:17:09,2017-02-06 13:42:41,2017-03-06 00:00:00
0562291f2b37f55cc259053d2230fdc5,24824d3120ac876328bf46760d493969,delivered,2018-04-30 10:06:08,2018-04-30 10:31:29,2018-04-30 15:42:00,2018-05-09 21:58:44,2018-06-06 00:00:00
032de52b21013e176ee997c8f210dd66,dd810dd0a6c0af12c6450f51f139a2bf,delivered,2017-12-07 09:32:16,2017-12-08 02:54:15,2017-12-13 00:27:01,2017-12-22 21:35:23,2018-01-11 00:00:00
064c48df7cb281b1f0f0cfcaa2a69662,1e4e56c1993be4f3be455fae5eac5393,delivered,2017-05-24 19:32:16,2017-05-24 19:42:38,2017-05-26 14:11:52,2017-06-13 14:08:13,2017-07-03 00:00:00
06cc5452c0a830d345b93a5385ee310e,fc96192474241f981f6bc9b37a572004,delivered,2018-07-24 01:06:38,2018-07-25 04:05:14,2018-07-26 11:30:00,2018-07-27 16:17:05,2018-08-01 00:00:00
082390c0275d73d20f55fec91903bbd7,df4377ee7e2f8972b24a39ff87cd3a6a,delivered,2018-05-11 14:39:15,2018-05-11 14:58:22,2018-05-14 06:54:00,2018-06-01 19:21:52,2018-06-05 00:00:00
001dbc16dc51075e987543d23a0507c7,698a74f33469466fa4172e829505d1c6,delivered,2017-01-28 13:17:57,2017-01-28 13:32:16,2017-02-01 15:59:46,2017-02-13 13:17:47,2017-03-20 00:00:00
03ba1ceb961947c4c2945964f28cb9ed,2418bf588d6de0f09ec132820a6e15cf,delivered,2017-05-18 06:54:10,2017-05-18 07:05:10,2017-05-23 12:36:39,2017-05-31 15:24:01,2017-06-26 00:00:00
026b41054c5e6b7a4e94a971bb94193c,1e0cf6a24bb919d69e632aba60a69ead,delivered,2017-02-03 18:25:13,2017-02-03 18:35:22,2017-02-04 08:56:55,2017-02-11 06:21:50,2017-03-10 00:00:00
07684a430f124ffa76c3415f04fb2ed5,f374a23494f580eda86c55a7443f6e28,delivered,2017-07-27 10:29:11,2017-07-28 08:35:41,2017-07-28 18:18:15,2017-08-04 22:27:39,2017-08-22 00:00:00
08e8db59cdb3cd620eda092781cf84ad,61d9f7ce8890eb093b0246f89c1c896d,delivered,2017-11-24 20:35:14,2017-11-24 23:34:07,2017-12-01 16:09:12,2017-12-11 18:37:42,2017-12-18 00:00:00
06743668e599a5ca8cfe58b46d058fc1,593c6525b07d968df9a7989939d71738,delivered,2018-08-10 13:22:50,2018-08-10 13:35:15,2018-08-10 14:08:00,2018-08-22 22:32:51,2018-09-17 00:00:00
0327e299243edec0ed4f26712a05b910,e2696f174d3800f8f86fca7d33a82018,delivered,2018-08-06 18:16:20,2018-08-06 18:30:20,2018-08-07 13:11:00,2018-08-10 19:21:51,2018-08-14 00:00:00
0b838846dd20161681d3072fbc6765ff,fa9aeaaa3b42642c3b1d4e53f0ef1d2b,delivered,2017-03-14 08:28:35,2017-03-14 08:28:35,2017-03-16 03:37:40,2017-03-27 13:35:58,2017-04-10 00:00:00
0101aea69a09e1aa32caa6dbaba98503,55e153b503a15cf10845bacbb3b4d616,delivered,2018-05-26 13:07:51,2018-05-27 13:10:20,2018-05-28 14:08:00,2018-06-16 19:34:39,2018-07-19 00:00:00
04ef688ecd44ca2621c3f78abfdf42f9,3a37dcd5837e170840e9bb335b8db8a2,delivered,2017-06-04 11:21:10,2017-06-06 13:15:42,2017-06-07 12:47:35,2017-06-28 16:38:46,2017-07-11 00:00:00
090c44686a2c4ac5320b757784023c4b,201d2aeda9fbba49d2ee9d6fd1a8b572,delivered,2018-02-16 16:20:37,2018-02-16 16:35:36,2018-02-19 21:52:46,2018-02-28 23:38:48,2018-03-08 00:00:00
0cef0a9c1d74d5ec485fb3195191caa1,80655c33f3653b792e8d564993ee25a2,delivered,2018-06-09 16:21:54,2018-06-11 08:17:34,2018-07-03 14:02:00,2018-07-06 11:16:50,2018-07-24 00:00:00
067c946a70abc2e1e8d9185ae309b48a,45d13f49d630df78bccfa2a05aca18a9,delivered,2017-07-07 09:20:11,2017-07-07 09:30:11,2017-07-07 17:59:52,2017-07-17 19:26:13,2017-08-08 00:00:00
01ba72e24cf883d74c5479c0a626c740,edbaa972997d3e33faec1e1b6e0b7e43,delivered,2017-01-17 19:55:40,2017-01-18 02:10:52,2017-01-18 09:40:16,2017-01-25 13:52:35,2017-02-27 00:00:00
08dae4aaedc034ee67385e739d42d0a8,9e80bf15286ac4efa8833654940b0e1f,delivered,2017-10-01 17:19:18,2017-10-01 17:28:20,2017-10-02 18:17:58,2017-10-07 14:46:56,2017-10-19 00:00:00
0bfbb90a7081700d37f79af63c088655,4b691768be854218728575411948fcba,delivered,2017-11-11 19:24:30,2017-11-13 21:55:26,2017-11-14 19:37:15,2017-11-22 16:34:13,2017-12-06 00:00:00
0b0d8e5883c78ff45f2f1b7c511151db,69b15f0fc02f022ec3c729f145089728,delivered,2017-11-11 22:11:09,2017-11-14 03:55:40,2017-11-21 18:31:53,2017-11-30 18:41:47,2017-12-11 00:00:00
0071ee2429bc1efdc43aa3e073a5290e,081a2d41949e652a50988fd39febb4a8,delivered,2018-01-22 11:08:15,2018-01-22 14:17:41,2018-01-26 15:12:17,2018-01-31 23:58:36,2018-02-15 00:00:00
0a8b6e2cf83e2543f6b756e3a6d16eb5,d40c0a437930e5c214c1a779b5815b81,delivered,2018-03-23 14:45:54,2018-03-23 14:55:32,2018-03-27 00:48:46,2018-05-10 22:19:30,2018-04-20 00:00:00
0812eb902a67711a1cb742b3cdaa65ae,c6e2731c5b391845f6800c97401a43a9,delivered,2017-02-12 20:37:36,2017-02-12 20:45:12,2017-02-16 09:23:13,2017-03-03 14:23:18,2017-03-09 00:00:00
02701a0103fedd7310a8d575f9a8d291,92e2508e660317ea7b5be007a5e38e7a,delivered,2017-07-24 16:08:06,2017-07-25 06:43:06,2017-07-26 11:07:54,2017-07-28 14:13:13,2017-08-11 00:00:00
0c71a69769943ff74326682f85d34be9,8e2ca602bd712bb232afd470752cef62,delivered,2017-08-08 08:49:10,2017-08-08 09:03:18,2017-08-08 15:53:30,2017-08-17 17:53:11,2017-08-30 00:00:00
08fa939ba176d6eb8430ef2990a68245,9d37090bcb08893303afadd62b9a5c46,delivered,2018-07-03 19:21:21,2018-07-05 16:30:44,2018-07-06 09:25:00,2018-07-11 13:41:55,2018-07-19 00:00:00
04b7f4eff7b30fc23df0be1f249113a5,97b1a3ce290922863b4118a8a290d3bd,delivered,2018-07-30 10:59:07,2018-07-30 11:40:04,2018-07-31 15:22:00,2018-08-04 12:55:49,2018-08-10 00:00:00
04d7676ae07d3a61604185998b0d51d9,0b171140ee2baf7b6039c45ee04d8abf,delivered,2018-01-23 16:25:47,2018-01-24 02:52:39,2018-01-24 22:22:58,2018-01-29 20:48:04,2018-02-22 00:00:00
09138fb3bbda7e400f9aac03c238385c,083e90e0576402957154264852d4b8ca,delivered,2018-03-17 18:33:39,2018-03-18 18:30:29,2018-03-19 20:09:44,2018-04-05 21:44:23,2018-04-12 00:00:00
02870408b4c4492b036a48140f2092ed,1d50170cec4905b52a53fc43cf2eb0f7,delivered,2018-01-21 11:41:52,2018-01-22 13:47:46,2018-01-29 18:44:10,2018-02-05 23:14:28,2018-03-01 00:00:00
0a45b0373a9b1178357bb9d93243ed18,5e47108744501cc098879b44a9252a03,delivered,2017-11-17 20:01:53,2017-11-22 03:07:57,2017-11-23 21:32:24,2017-12-03 15:55:02,2017-12-08 00:00:00
031bf6514694552e5b2967d02e4c42b4,e7aec94ccc558cd76a77a8a64ba60f52,delivered,2017-11-27 20:54:17,2017-11-29 18:37:21,2017-11-30 17:54:36,2017-12-06 22:00:01,2017-12-14 00:00:00
09c55723561623b19ad72cf0299d58bc,48961cfec533cf17b135ded190707882,delivered,2018-08-22 09:42:27,2018-08-22 09:55:11,2018-08-22 14:10:00,2018-08-29 00:46:33,2018-09-10 00:00:00
086731f4ad521c4094b1eda75986b88e,e038ce5f1155ad7b6235f4df7ecc77c6,delivered,2017-10-25 20:36:00,2017-10-25 20:49:29,2017-10-27 17:04:06,2017-11-28 10:19:34,2017-12-05 00:00:00
08322b6d209359f491acb1e5f89cb371,6b47c3eea2c418b4ee03f1cc38e30519,delivered,2018-08-22 20:16:37,2018-08-24 03:05:13,2018-08-24 13:57:00,2018-08-30 22:32:31,2018-09-12 00:00:00
061cc2095125b495f7221ed85a706c07,208abfb07a2f4c1de66445c9286f5c33,delivered,2018-04-13 19:43:09,2018-04-13 19:55:14,2018-04-16 23:07:37,2018-04-30 18:53:48,2018-05-08 00:00:00
018fb228a3dd1a16349e73d2e41b239d,e2a629c7ccabea34df0cb4954f6c08db,delivered,2018-01-13 15:59:39,2018-01-13 16:09:43,2018-01-17 12:14:55,2018-01-26 13:22:19,2018-02-19 00:00:00
08d551ca6776789b820288466888bc3a,b1ba1b27a0d546c2227c49e9eb786a0c,delivered,2018-08-19 18:23:33,2018-08-20 12:50:26,2018-08-22 15:33:00,2018-08-29 19:08:37,2018-08-30 00:00:00
0504c112cd5ef9650a65748c4dc380cb,e9bfa89152f63f9d38fd4dc978100ce0,delivered,2018-04-17 09:10:35,2018-04-17 09:31:22,2018-04-18 20:54:33,2018-05-09 22:44:37,2018-05-10 00:00:00
0806cf8565810770735ccbff09d9d4c5,16894e9f92caa5eb04cb7a6caa17f076,delivered,2017-12-06 21:09:23,2017-12-06 21:30:39,2017-12-07 19:15:04,2017-12-21 00:57:07,2018-01-10 00:00:00
0108fba93678555ad1cec9c267848187,8bbf21f65f542300bbf3ef6012820922,delivered,2017-06-04 21:48:02,2017-06-05 21:55:11,2017-06-06 09:51:45,2017-06-07 07:17:37,2017-06-19 00:00:00
094fe1a1311bdcff558e373c756412d7,e89806410bcb033c5cb314490d6c5b99,delivered,2017-03-06 19:35:21,2017-03-07 19:43:21,2017-03-10 08:07:58,2017-03-16 19:17:58,2017-03-23 00:00:00
03ee7babeb6e80cbb48962ce1719fcf7,0d3fd248b9091835bed29763f4eca9b8,delivered,2017-08-30 11:00:51,2017-08-31 04:31:48,2017-08-31 19:34:00,2017-09-01 21:26:41,2017-09-20 00:00:00
0743b54da8ffd8f7f9fe79fcaf006000,9d2a100b3989b4688a0498dc976946bf,delivered,2017-06-22 19:51:20,2017-06-24 02:30:19,2017-06-26 14:22:32,2017-07-05 13:38:32,2017-07-14 00:00:00
07f400658513d45866ee381bace93793,eff4884acadadcbad03182751f8aeaa5,delivered,2017-04-20 22:31:37,2017-04-20 22:45:14,2017-04-24 08:14:59,2017-05-09 11:44:17,2017-05-11 00:00:00
05259e30e40e08eddb05428cb38ff248,90e3eeece77d494de02de58bc257b248,delivered,2018-03-18 10:07:36,2018-03-18 10:27:54,2018-03-20 17:04:47,2018-03-22 20:03:59,2018-04-05 00:00:00
0006ec9db01a64e59a68b2c340bf65a7,5d178120c29c61748ea95bac23cb8f25,delivered,2018-07-24 17:04:17,2018-07-24 17:24:20,2018-07-25 11:02:00,2018-07-31 01:04:15,2018-08-22 00:00:00
00024acbcdf0a6daa1e931b038114c75,d4eb9395c8c0431ee92fce09860c5a06,delivered,2018-08-08 10:00:35,2018-08-08 10:10:18,2018-08-10 13:28:00,2018-08-14 13:32:39,2018-08-20 00:00:00
048f3e9b77a965f84a501a7f29076128,78a198d1efd0b8219f1be948094c5ff0,delivered,2017-07-28 00:35:02,2017-07-28 01:20:06,2017-07-28 17:45:44,2017-08-02 21:06:12,2017-08-17 00:00:00
0b912988b29c93bf79e780956d8d309c,898d5e5238863a03c7e476003490f40c,delivered,2018-04-19 16:23:07,2018-04-19 16:35:21,2018-04-20 22:25:34,2018-05-07 23:26:48,2018-05-15 00:00:00
09ec3f2a1a1ec11f2245a4538a00eae3,b90da3164c845cd3f902f2c377a4fa86,delivered,2017-06-19 13:17:06,2017-06-19 13:30:20,2017-06-26 17:35:37,2017-06-28 15:42:08,2017-07-10 00:00:00
0547cd893959df1f7e54aeaee4368577,68491aa52cafce7ca8cfd1cfef3681d4,delivered,2018-05-02 23:31:12,2018-05-03 00:50:13,2018-05-04 14:40:00,2018-05-10 16:08:26,2018-05-23 00:00:00
0913c46b1cafecb52e5a9a55b6c0e0fc,28622a30de0b61091d78cb053b9cf450,delivered,2018-08-23 10:56:52,2018-08-24 03:25:26,2018-08-24 14:56:00,2018-08-30 18:04:46,2018-09-05 00:00:00
08a1ae3618b37c278906f99c6a97fe1d,dab046e9e5817b2f04b357b4fbb9fafc,delivered,2017-11-02 00:19:30,2017-11-04 08:05:27,2017-11-07 12:42:01,2017-11-09 16:58:33,2017-11-16 00:00:00
03fefb6f166efd081e05a842f7def973,68c8855d1c948dff63ae6fffabb8fe5a,delivered,2018-02-20 09:02:15,2018-02-20 09:15:23,2018-02-21 23:19:28,2018-03-07 21:13:43,2018-03-12 00:00:00
01787af385123b93ba50c5f05530ee12,ca5fc68d665a2ce5392fccbde3475f72,delivered,2018-05-15 17:33:50,2018-05-15 17:54:29,2018-05-16 09:25:00,2018-05-17 14:24:29,2018-05-29 00:00:00
05be03ef1c99159686f59d8a51dd17f9,b160ea16b7e64557b6c6fead0b3cdc7d,delivered,2017-10-30 14:39:15,2017-10-30 15:31:18,2017-10-31 17:15:55,2017-11-07 16:05:36,2017-11-23 00:00:00
0ba2bc78c04f47c4757a465b7d7e4f79,8718f740a7d11ad0180de2f7b625c7da,delivered,2017-12-06 21:43:24,2017-12-06 21:52:55,2017-12-13 17:38:35,2017-12-19 17:32:27,2018-01-03 00:00:00
0c760c32925c8a67562a4621ff46556e,264484a3add4c4f5ae9c05e21bfa6466,delivered,2018-07-07 15:51:13,2018-07-10 04:30:44,2018-07-11 12:58:00,2018-07-16 15:55:26,2018-08-09 00:00:00
00ce92d57f4f9a112bdb8a2a283e5f97,9c1e141643cc2c164c2fa7c7140f5317,delivered,2018-01-30 16:20:19,2018-01-30 16:52:46,2018-02-02 09:15:38,2018-02-07 12:22:05,2018-02-26 00:00:00
0c3f17e10268e00c6716de19889e2cf0,bf5b40a6507179f537bbe16dae02d080,delivered,2017-03-09 12:54:41,2017-03-09 12:54:41,2017-03-13 09:34:56,2017-03-16 12:44:04,2017-04-06 00:00:00
0866d83668146dad766bf1a583207b19,9a7a6d76d51978e29bbc282074409065,delivered,2018-06-25 09:22:58,2018-06-25 09:35:22,2018-06-25 12:06:00,2018-07-11 21:26:25,2018-07-23 00:00:00
054db90b78e9a5af5983855572b4e6d8,489df64da2a93a05244fc7edde3b328a,delivered,2017-07-26 10:05:21,2017-07-26 10:15:24,2017-08-10 12:33:04,2017-09-19 16:15:56,2017-08-29 00:00:00
01719300f9ca182b8361556a3873d8ed,5f7a7e33fde7fdd09dac4e27902f7868,delivered,2017-08-28 10:15:59,2017-08-29 04:30:50,2017-08-29 14:36:06,2017-09-04 20:39:08,2017-09-21 00:00:00
0ba1afba0d7716b50cd8b5f3c7e4e638,4d0a3ab9510d745baf706ca6a6a453ef,delivered,2018-04-21 18:08:42,2018-04-24 19:08:41,2018-04-27 08:29:00,2018-05-23 20:13:40,2018-06-01 00:00:00
0671b2e93cae091a55f24e5b33705550,47e3a2dc9ad4a1a3e07f89ec91a82170,delivered,2017-12-09 02:35:31,2017-12-12 03:55:36,2017-12-12 23:28:27,2017-12-20 18:40:20,2018-01-08 00:00:00
04b7bd5687bbcc2087d9af68fe7302b3,e25fd5064e602530991d1f6482e642f1,delivered,2018-03-24 03:39:41,2018-03-27 03:49:31,2018-03-27 19:12:36,2018-04-05 18:36:36,2018-04-12 00:00:00
0c855b2afa3ba71dbaaf066c4fd83518,e57ad40af961e5012b7c863a582d16db,delivered,2017-06-14 13:52:42,2017-06-14 14:05:27,2017-06-16 17:22:46,2017-06-19 19:51:59,2017-07-07 00:00:00
0cc4a0e7b03976348e97bf0721a96376,aab107994b53982ce98d1b528a33fbdf,delivered,2017-12-03 22:24:30,2017-12-05 04:13:22,2017-12-07 13:42:25,2017-12-22 15:36:32,2018-01-09 00:00:00
0c63a4c9a17deeff24d65bec51f3a5ec,a23a0e710e605ff1704284b0152e0bfc,delivered,2017-09-30 21:44:37,2017-09-30 21:56:14,2017-10-02 17:43:39,2017-10-06 19:13:43,2017-10-27 00:00:00
015ed18d7ea7ca5c14f3c1decc55daf1,4eca2e495967922f24cbc0600040e006,delivered,2018-05-24 12:31:24,2018-05-24 12:59:20,2018-05-25 10:33:00,2018-05-28 12:17:39,2018-06-11 00:00:00
058a48943f3034afea88ff56b960dfdb,ae42f7bb2b7fd41673207c4a4903b919,delivered,2017-11-02 17:25:13,2017-11-02 17:35:35,2017-11-07 15:54:58,2017-11-28 17:41:41,2017-11-29 00:00:00
09b8d47d2f753e1c1ee4da43e4429ff5,903f32aafd0c0b8f44467b505107d153,delivered,2018-07-28 17:56:15,2018-07-28 18:10:12,2018-07-30 12:49:00,2018-08-06 22:28:41,2018-08-20 00:00:00
0070092bb6004faafa287e5fc35971e9,399d1e628c48b7c3b6389098be566cfd,delivered,2017-07-25 11:42:58,2017-07-25 11:55:24,2017-07-26 10:47:53,2017-07-27 21:34:24,2017-08-14 00:00:00
0c8703831f0dff29ae877f4f9cce845c,d2f5dc6c6f4bf3e6c848267c6b63d6a0,delivered,2018-07-14 09:40:19,2018-07-17 04:31:37,2018-07-17 12:08:00,2018-07-26 21:28:55,2018-08-09 00:00:00
0cd2179b125d8eab88815631c3ce586e,07dd0f56f96437f103f6718cc9e718c0,delivered,2017-12-14 17:20:32,2017-12-16 02:34:40,2017-12-19 16:43:06,2018-01-04 11:17:22,2018-01-16 00:00:00
00f6dbc6195397197ee147ee45607a2c,69a24d8e0de91f88acc612cb7d70dc1b,delivered,2017-05-01 17:23:57,2017-05-03 11:15:30,2017-05-04 13:46:28,2017-05-17 10:53:02,2017-05-25 00:00:00
065963d921de479181824ca8d8737935,39c97375f33b48f0e40142121854d6ec,delivered,2018-02-07 20:18:59,2018-02-07 20:33:09,2018-02-16 18:53:24,2018-02-26 14:26:43,2018-03-09 00:00:00
0c06719338eba9ad30362c43bad76d87,627dfd4a1b84a6a7e2a5e989ba72101d,delivered,2018-07-10 17:52:57,2018-07-10 20:31:01,2018-07-12 13:23:00,2018-07-16 13:51:39,2018-07-27 00:00:00
02742159d4c85a23b993b6f11ae044ea,d179f9e9c42bb8355300f094908ebc7d,delivered,2018-01-15 13:37:28,2018-01-17 03:36:45,2018-01-19 20:22:21,2018-01-22 17:32:41,2018-01-30 00:00:00
04b9ffa87087a2450449da3911146316,fb26eff42e25a6ee635de85d8587b85f,delivered,2018-04-04 08:59:16,2018-04-04 09:10:20,2018-04-09 18:23:28,2018-04-30 21:18:45,2018-04-25 00:00:00
02f1d13053a2833d022b8921ee3411a3,d11acaa2c66d92618088456a9ab09d11,delivered,2018-08-02 12:05:22,2018-08-02 12:55:32,2018-08-03 15:08:00,2018-08-09 17:51:25,2018-08-21 00:00:00
0c91f244ab45cbe4383163d46635b442,7c49e9f39b3edb70c81f1b9a3c443b06,delivered,2018-07-23 20:10:08,2018-07-24 10:31:04,2018-07-24 14:47:00,2018-07-25 21:16:34,2018-08-02 00:00:00
0560d47b670c197def5674ae22fe4fb2,653aab8386291bc37ce2475f7e449195,delivered,2018-06-09 18:09:07,2018-06-09 19:38:26,2018-06-18 09:51:00,2018-06-25 17:42:38,2018-07-11 00:00:00
03dab6b77334d60ea91564ec4c7813a1,0b1d44eb88413fe2e8981d81c8a989c8,delivered,2017-09-29 23:08:23,2017-09-29 23:24:45,2017-10-02 19:51:32,2017-10-11 18:29:51,2017-10-26 00:00:00
05cb96d379b1a3df48333ecaa572bf26,c6e691c175eec63a4100191183cf90fc,delivered,2018-08-22 13:49:40,2018-08-22 14:04:38,2018-08-23 14:23:00,2018-08-27 22:58:23,2018-08-27 00:00:00
0501e7fec71cfd7db3c1e2242e51f909,e4f9d16f59a10c5f8e30d4cd19a8f1a9,delivered,2017-11-30 13:30:38,2017-11-30 13:52:12,2017-12-01 21:06:55,2017-12-04 21:28:42,2017-12-18 00:00:00
08ea06da9974b971f8fad4929380e24b,cef90a63b305fc7abea62dd395a056f7,delivered,2017-11-24 18:30:10,2017-11-24 21:38:30,2017-12-06 17:25:18,2017-12-13 17:48:47,2017-12-18 00:00:00
08c3c0d49b3cb66764234e0fa980e850,24a9d9ed5262306de7a4b0925ada06dc,delivered,2017-12-05 13:29:49,2017-12-05 13:53:42,2017-12-06 12:52:09,2017-12-20 20:19:12,2018-01-03 00:00:00
050c32bac1e923fa3406fdedf75feb89,6dedb64b7cc4bfe0caf12f060f14990b,delivered,2018-03-05 12:04:09,2018-03-05 13:15:44,2018-03-15 18:32:36,2018-04-04 16:46:42,2018-04-18 00:00:00
038eb192a216fe0c545a8ff3b1b96885,320a107d49c46f919012be351ec06cbe,delivered,2017-12-30 22:07:13,2017-12-30 22:19:19,2018-01-03 22:14:41,2018-01-05 18:23:09,2018-01-24 00:00:00
02593f8472d9ab3c2620b1b46166c231,35a7bbd619604e6a5796498ff353983d,delivered,2017-07-12 11:50:10,2017-07-12 12:55:10,2017-07-12 19:07:57,2017-07-25 13:07:58,2017-08-01 00:00:00
06a63f38cc8f4de325c456f6843c7ff0,c6a7e52beb6e4486135202bfebbe8c01,delivered,2018-03-23 15:44:26,2018-03-23 15:55:36,2018-03-24 00:53:36,2018-04-02 22:52:33,2018-04-12 00:00:00
082c2f05e569e5d095ac086461bef733,f9ef0db14774b4dd1e59705b596d6984,delivered,2018-01-21 11:29:19,2018-01-22 13:47:30,2018-01-24 23:27:50,2018-01-30 20:41:39,2018-02-16 00:00:00
0a2902af9ad58b25df153a4e743b5db9,87150b3d9a793f5308d1f02a4a9a29a0,delivered,2017-12-13 12:20:39,2017-12-13 13:32:13,2017-12-13 22:08:11,2018-01-06 00:23:42,2018-01-17 00:00:00
074eb2398def4038d7fc4fb8a5aeb0bf,d0dcfb2170fef37e3e3804fd0f51f761,delivered,2017-12-03 01:35:22,2017-12-03 01:51:10,2017-12-05 14:09:05,2017-12-07 18:43:40,2017-12-20 00:00:00
0659ee4a8b8b8da8337c94d35e423c74,f5dcbb401660482ff93b39d3aa1edb7a,delivered,2017-11-24 14:30:49,2017-11-24 16:34:52,2017-11-27 13:58:15,2017-12-01 22:44:43,2017-12-20 00:00:00
029c366599ce117100419a093b7f6132,ac81fb6a1f089d191d0a0337ea2bfad0,delivered,2018-06-17 20:41:20,2018-06-17 20:58:37,2018-06-22 14:38:00,2018-06-25 18:58:53,2018-07-20 00:00:00
045d5f2b9ec233c262c0ba79867e37fb,8c517daf8df92143b97b5da73c21159d,delivered,2018-01-13 19:50:52,2018-01-13 19:57:30,2018-01-15 17:59:17,2018-01-29 17:48:28,2018-02-19 00:00:00
0572c29de369acbc110ad921d93d01a1,cc2e48332039640e42842bdcd64fe4e2,delivered,2017-09-30 14:48:37,2017-09-30 15:04:08,2017-10-03 13:41:33,2017-10-10 19:50:33,2017-11-03 00:00:00
0bfe55f7a11b408e6519d50eb874b331,26a5ebc887e2d4d92ef470d35c78f280,delivered,2018-04-02 20:46:38,2018-04-02 21:09:26,2018-04-16 19:47:33,2018-04-23 18:36:25,2018-04-20 00:00:00
0af403b34dc11cd542ac6d94ad39aede,0fc1bff893d4a706ede1cc92f6d310d2,delivered,2017-08-16 08:58:35,2017-08-16 09:15:09,2017-08-21 11:36:45,2017-08-24 21:09:06,2017-09-08 00:00:00
06f9b3a828a976a2fca71a4ebf55b1b2,62ec2ffac596b132bb32e5c1b97c604d,delivered,2017-12-04 13:31:13,2017-12-06 02:35:46,2017-12-07 18:54:47,2017-12-15 19:12:32,2017-12-28 00:00:00
098a8457920d6c63f0cb10ccfbcd369d,f6a623ccb7b0dac8b9c9c74594f2c041,delivered,2018-06-07 22:58:16,2018-06-09 02:57:45,2018-06-11 14:50:00,2018-06-12 12:41:20,2018-06-25 00:00:00
05522f28f3be3d5e7ef9f09cc0ac35ba,d35996269f53b0d70d2dbf6f3836ed60,delivered,2018-06-14 14:37:31,2018-06-14 14:59:10,2018-06-15 17:25:00,2018-06-21 18:04:58,2018-07-05 00:00:00
05519ea9a25c6f57bfaa4ce4c372b26c,2b6e68e78e560c5b8dd02ca48f064a51,delivered,2017-05-13 14:42:24,2017-05-13 14:55:14,2017-05-18 14:49:29,2017-05-29 16:39:49,2017-06-06 00:00:00
03d08548bb620e09cd4821b96f12a1e6,1e02b284271ae29e4df0ed29851ed4fc,delivered,2018-06-20 20:10:06,2018-06-20 20:37:30,2018-06-21 14:07:00,2018-06-29 16:05:05,2018-07-19 00:00:00
03c765107c8fc34c68a82bbd6c686856,f28dead4549d1753510b2f16df5724c8,delivered,2017-04-09 20:15:45,2017-04-09 20:25:10,2017-04-10 12:26:52,2017-04-17 12:04:56,2017-05-04 00:00:00
0a461e390d6d2280c86fa9a76b3a0e68,461f03df681f6f248f35e924ad547cc6,delivered,2018-06-08 19:14:02,2018-06-12 07:57:45,2018-06-19 09:23:00,2018-06-26 18:08:35,2018-07-27 00:00:00
0a1f877f7653fce5563de42726f033ca,485ae36cb82a351de4f4c2a099ff3606,delivered,2018-05-12 18:24:44,2018-05-12 18:36:09,2018-05-14 13:01:00,2018-05-25 21:55:49,2018-06-05 00:00:00
09c29dc1d814f755a8183dc859945531,bb5ecb070b1cabb71470e74ccabb9ad5,delivered,2018-02-11 18:53:35,2018-02-11 19:07:48,2018-02-15 20:53:52,2018-03-02 20:38:41,2018-03-15 00:00:00
0426ac8a5e4a839db34bb45d7e313fa3,6d9fe8b5637274da827f91f43481d026,delivered,2017-05-01 19:33:24,2017-05-03 11:33:42,2017-05-11 11:50:39,2017-05-16 10:32:59,2017-05-25 00:00:00
03679d41c590caa3f9f56dfad35bff0a,4e7afdb91c131ae7ab4b3e2f423ed6fa,delivered,2017-02-01 15:47:22,2017-02-01 15:55:21,2017-02-21 13:56:18,2017-03-09 18:52:16,2017-03-28 00:00:00
0247aa98317f60908e99f44e7a2a4896,c2a9d304ac6f6c83a1d58953845a94b0,delivered,2017-12-08 11:32:44,2017-12-09 02:37:23,2017-12-11 16:38:52,2018-01-08 23:13:13,2018-01-08 00:00:00
03d409e5b5b19ae88c43b41b503fdc5f,f1a3c6f8513df212602449fa07d582fa,delivered,2017-09-04 16:49:14,2017-09-06 02:55:29,2017-09-06 18:34:00,2017-09-08 17:36:46,2017-09-18 00:00:00
0bc71f9d1d261859e298454e14b3775d,e9aee3238f4c107c7907f169ba18bc13,delivered,2017-05-29 19:12:01,2017-05-31 07:02:38,2017-06-05 09:12:22,2017-06-16 09:11:57,2017-06-27 00:00:00
09daf6c53d9fa98e18b67728b86a7848,8d71726a694b711311fc6dee2f28ed14,delivered,2018-01-22 11:57:11,2018-01-23 11:51:06,2018-01-23 23:48:52,2018-01-26 23:06:59,2018-02-26 00:00:00
064df82a5ad596912cc304c6c72a42bf,0c8af5a21f97e8702d8a49fc3232036b,shipped,2017-02-26 14:26:14,2017-02-26 14:35:16,2017-03-01 15:24:52,,2017-04-03 00:00:00
093974ced77f199dd42068d1adf5c359,9cc7c8d1d33ad6ae2a76f1c34ad512e5,delivered,2017-09-18 18:20:50,2017-09-20 02:11:09,2017-09-20 22:47:58,2017-09-22 17:13:01,2017-09-28 00:00:00
05f8021cf7217f1990addecad0e24b7a,1b4f0369610bd9e4d237aab3a993bdcd,delivered,2018-08-10 20:50:51,2018-08-10 21:04:25,2018-08-22 14:49:00,2018-08-28 13:08:52,2018-09-11 00:00:00
029b1d3a355dec12cfed60927f076a9d,765e479faa5efcbc58b804c84c62cb71,delivered,2018-07-17 17:16:25,2018-07-17 17:25:19,2018-07-23 14:28:00,2018-07-26 20:18:32,2018-08-17 00:00:00
0ac51a16347f7a7497b799596ad5fab7,0107ed88ec010416e20cacf67d2c905c,delivered,2017-05-08 13:05:01,2017-05-08 13:22:10,2017-05-09 16:53:17,2017-05-18 14:13:15,2017-06-01 00:00:00
008a40c2b8b21893e04945ce58854b55,a11dde3e6e22e6541818f5e81563bfc7,delivered,2018-04-29 20:26:41,2018-04-29 20:54:23,2018-05-03 12:01:00,2018-05-08 17:14:38,2018-05-28 00:00:00
0cb752bde20054fcde65c16163ab64b9,fcf43464dc356f38b043ad3bce8b48d5,delivered,2017-12-15 11:21:28,2017-12-15 11:32:12,2017-12-15 22:10:07,2017-12-23 12:10:15,2018-01-10 00:00:00
08a8150915627e46099f01a220ed8efd,6048ec9b4f1c8b8c74d9c24154f84278,delivered,2018-03-19 21:17:53,2018-03-19 21:30:31,2018-03-20 19:25:03,2018-04-07 10:03:37,2018-04-10 00:00:00
0653cf037de0812e8ba775b4a0ea9c2f,bf140fe2e3a26db29d95589b4e03b3ac,delivered,2018-01-11 16:30:57,2018-01-11 16:48:40,2018-01-12 21:13:38,2018-01-23 00:41:47,2018-02-07 00:00:00
084ce670827e3ebb5f585818b985bc25,9ae6a1c35062a9ef885bf22b62970227,delivered,2018-07-03 21:05:39,2018-07-05 16:40:37,2018-07-04 11:36:00,2018-07-09 21:44:51,2018-07-27 00:00:00
0113affd907a209209ab08413bb54226,e4d417e5628f278edd59031ac99c168a,delivered,2018-07-09 20:46:49,2018-07-09 20:55:27,2018-07-16 13:48:00,2018-07-31 18:26:36,2018-08-06 00:00:00
01946da9e2db8bab61d79296c037ee1f,14532f1320645821a6da04e049dc6b53,delivered,2018-01-06 17:48:40,2018-01-06 18:06:39,2018-01-08 17:42:45,2018-01-25 19:41:06,2018-02-06 00:00:00
0893ae2dd572c400965d60fa77f45076,32e2b0ae693a8b4699e23eebb370dea3,delivered,2018-07-18 10:23:33,2018-07-19 04:35:16,2018-07-19 13:26:00,2018-07-24 14:58:37,2018-08-06 00:00:00
021645306ea1563079aaec6e96f20d38,765f69252734ee67b9b129b30f8220a3,delivered,2017-04-01 21:57:17,2017-04-01 22:10:16,2017-04-10 15:57:03,2017-04-13 14:26:47,2017-05-10 00:00:00
043e7f7cfe1fdc68f4ba3dc83504db83,dde9aa56108832961eb53e80ac4a2e5e,delivered,2018-07-02 22:03:59,2018-07-02 22:15:15,2018-07-03 12:46:00,2018-07-11 21:48:23,2018-07-27 00:00:00
00faa6afcde74aaa630e1d2fda2bb0f7,44344e9f944a5692177be10177f62fba,delivered,2018-08-01 13:24:27,2018-08-03 02:45:18,2018-08-03 11:14:00,2018-08-10 14:52:54,2018-08-24 00:00:00
0cde8327c49577c3c0fed91e084daef5,4cc465bb8ccb079ba561852ffa794668,delivered,2018-03-27 19:07:09,2018-03-27 19:15:17,2018-04-03 23:05:16,2018-04-07 15:28:33,2018-04-09 00:00:00
0bc97d91a9a3a1923234614958556071,725cb0062f2215d2f731bef5957d1faf,delivered,2017-09-30 16:14:28,2017-09-30 16:28:15,2017-10-04 16:55:14,2017-10-25 20:42:48,2017-11-22 00:00:00
0baa56401ae212e308d73cba2911ae20,4f8fe4b823a5dd42a7e42bd5cbdd985d,delivered,2018-03-10 11:38:42,2018-03-10 13:08:27,2018-03-14 00:21:31,2018-03-19 21:41:38,2018-03-28 00:00:00
003edccf16bc5ec447f592913b3df2b4,ab3642244247c0c638253fe68ee4c345,delivered,2018-07-07 09:02:51,2018-07-07 10:15:21,2018-07-13 14:11:00,2018-08-02 23:07:33,2018-08-03 00:00:00
071d4951a2505f0880cf9db3a48e21f6,97c3206d614083e8f256184bb271778b,delivered,2017-09-12 22:25:24,2017-09-12 22:35:14,2017-09-14 16:36:37,2017-09-19 02:32:20,2017-10-03 00:00:00
097d24fcfb2b0afac45ea41ab4d91694,25ce51bb7c5d09ae44f343dc41af8463,delivered,2018-07-26 08:54:56,2018-07-26 09:05:13,2018-07-27 14:56:00,2018-07-30 16:36:36,2018-08-03 00:00:00
02fab07a655ce404330d65b508f32d9e,10eee4da147ae9bc5f7b21f32c1fb3c0,delivered,2017-05-19 14:41:31,2017-05-19 14:55:17,2017-06-02 16:21:40,2017-06-08 16:55:58,2017-06-14 00:00:00
07424cae1deed4169c2b56d1d150acf8,899ae8bcb4bbbafa09b4023c1777cd1c,delivered,2017-12-05 00:26:38,2017-12-05 09:47:10,2017-12-12 20:26:40,2017-12-13 18:09:41,2017-12-27 00:00:00
005997dca4c1fc45066d0a03d54a6469,c5b44be122ce413a4517716ad9dd072e,delivered,2018-04-10 18:01:04,2018-04-10 18:15:20,2018-04-11 22:32:29,2018-04-13 23:04:44,2018-04-26 00:00:00
0852d26c3b55f84aca9d256f91a44bea,75aa6b9b1a2dd8b71c7a2fa42ac30073,delivered,2017-08-18 15:44:29,2017-08-18 16:10:18,2017-08-21 18:30:10,2017-08-25 21:22:37,2017-09-12 00:00:00
0046e1d57f4c07c8c92ab26be8c3dfc0,ae55e228ded796581eccc67045516023,delivered,2017-09-26 15:24:03,2017-09-26 15:49:17,2017-09-28 18:42:42,2017-09-29 18:29:50,2017-10-11 00:00:00
0c218bb391f7d78332d4d53ad73b51bc,1d7a1983f569867020061b280db0234e,delivered,2018-05-17 19:19:03,2018-05-19 03:12:47,2018-05-21 13:27:00,2018-06-04 17:18:23,2018-06-01 00:00:00
00ae7a8b4936674ebb701d4a23719a79,a7e8a3cb55d9c9a536992c6465a46a3f,canceled,2018-05-09 14:14:06,2018-05-09 15:51:32,,,2018-05-17 00:00:00
06e168d9ebbe911b7113e44536929f11,10ea1c70a7401d768cae1da688935824,delivered,2018-01-03 20:29:39,2018-01-03 20:46:43,2018-01-09 00:12:58,2018-01-23 23:32:35,2018-02-06 00:00:00
011abf147a69ba486bae3a74b6cd1814,bdbdcd5b18193390b025df518afe94ba,delivered,2017-05-12 11:19:47,2017-05-12 11:30:24,2017-05-12 20:26:45,2017-05-22 11:22:47,2017-06-05 00:00:00
00bcee890eba57a9767c7b5ca12d3a1b,3cecfffcfcdbac8b85cf74dfc8a60166,delivered,2017-07-22 20:51:26,2017-07-22 21:05:07,2017-07-25 19:12:51,2017-07-27 18:34:12,2017-08-21 00:00:00
0ca768c507d1fc3c61bd950bb1c5231a,b3fb50a69d9de3ee23504d2cd66da13f,delivered,2016-10-10 15:20:14,2016-10-10 16:02:25,2016-10-30 11:23:50,2016-11-07 14:51:45,2016-12-06 00:00:00
0124e0c5bfae1979838a91e47df53f14,6bf7cea1d53d6e27e5debdb2d5049ff6,delivered,2018-02-08 15:31:37,2018-02-08 16:59:25,2018-02-14 20:04:13,2018-02-15 20:11:58,2018-02-26 00:00:00
004f5d8f238e8908e6864b874eda3391,a69c820c317aa348d781a9d6732afc23,delivered,2018-02-27 12:16:30,2018-02-28 09:29:25,2018-02-28 20:48:42,2018-03-23 00:52:43,2018-03-21 00:00:00
08ede61c43aa112b05a8207ec1847298,0671272d236e58448b3cbdb7f819f6f7,delivered,2017-06-15 13:24:29,2017-06-15 13:35:14,2017-06-22 09:05:17,2017-06-29 10:42:41,2017-07-06 00:00:00
0a7dd1e47d756727fdfe4b0daf9a655b,d00f51a52d942dd722d22577d4f8c4cd,delivered,2017-11-25 12:55:03,2017-11-27 12:55:28,2017-11-28 18:43:01,2017-12-03 18:37:40,2017-12-13 00:00:00
04211073930bd30b88b8170431a071ed,2f79ca5a979f66eb36747f4b354be942,delivered,2017-05-23 08:19:35,2017-05-25 02:55:16,2017-05-25 09:31:02,2017-06-02 15:54:50,2017-06-14 00:00:00
036dd381dfb3ec75e0a63e14828cc871,00f5116a953fdf1b86dd0deb055c0e12,delivered,2017-09-04 22:25:24,2017-09-04 22:43:55,2017-09-05 20:49:41,2017-09-13 20:36:57,2017-09-27 00:00:00
0753581dc10ba07cdb8302d6c7a40924,ee298a93185413cdcd448b734e65f3cc,delivered,2017-08-30 20:34:51,2017-08-30 20:55:15,2017-09-01 19:59:43,2017-09-08 20:03:08,2017-09-21 00:00:00
00e365f4fc03d1098841af23d05c17a6,491609eeefc72ee67ee5b42e63ba9859,delivered,2018-08-20 09:40:45,2018-08-20 14:51:17,2018-08-23 17:10:00,2018-08-29 18:56:33,2018-09-10 00:00:00
0171ca1dc94d8ebde8bbd3b686f44c41,acda4e3bd86587774d6a17b8e8d7e47b,delivered,2018-04-27 19:50:37,2018-04-27 20:10:48,2018-05-04 14:02:00,2018-05-12 12:37:43,2018-05-22 00:00:00
0a280a8b4ce3fd3a61a076492e5d6b00,1792c3344cb8e193a50596b21a777a5d,delivered,2017-12-26 13:27:01,2017-12-26 13:38:25,2018-01-04 18:07:24,2018-01-11 17:42:46,2018-02-06 00:00:00
097be4cd83ab97b83a12738175758dc6,55e9ecbda5df3c2ad8a5ac6d6025e62e,delivered,2018-06-09 19:28:43,2018-06-09 19:50:35,2018-06-13 13:55:00,2018-06-18 12:52:25,2018-06-29 00:00:00
0bc9cc637f074aa7df9fb7f206125066,64b522c8d8d1f7acce0f99ab0bc4309e,delivered,2017-05-25 11:58:23,2017-05-25 13:33:53,2017-05-26 10:08:25,2017-06-01 15:17:32,2017-06-19 00:00:00
0b1c59b14d8f5965dea7bc2db28a34ee,e84e0676514d73a73b62bc41750d40a1,delivered,2018-07-16 22:56:18,2018-07-16 23:10:13,2018-07-23 14:46:00,2018-07-26 12:49:36,2018-07-31 00:00:00
05efc756dc2f2fdb4e8e914ad1a73f3c,9893671bef76b7febbec2342704f3655,delivered,2017-05-25 09:31:14,2017-05-25 09:42:58,2017-05-25 14:20:49,2017-05-27 04:42:32,2017-06-19 00:00:00
05df1c1ff1b3e0ba073493d2ca0bdffc,9f978a12f447c1d1e426f473f95983c8,delivered,2018-01-24 10:21:52,2018-01-24 10:32:43,2018-01-24 18:43:32,2018-01-29 17:04:16,2018-02-16 00:00:00
0cdc74fe3f18369cdc397f87a9c4a737,093afa5e2f16785b06a54179fdc986c2,delivered,2018-06-04 07:55:31,2018-06-04 08:10:18,2018-06-05 13:48:00,2018-06-18 17:51:15,2018-07-11 00:00:00
048e579f89c9b3ca9a05550876740754,e87d6c74cdba01997d0d19d4c8941c2a,delivered,2017-07-25 19:23:14,2017-07-27 11:45:11,2017-07-31 16:41:59,2017-08-08 16:04:09,2017-08-17 00:00:00
0c2b0060d3c030936fff3266c4224733,a7b81cf24e2a3d1fbdb932dad8ae8e2f,delivered,2017-11-13 19:18:28,2017-11-14 04:15:45,2017-11-22 21:21:48,2017-11-23 20:54:40,2017-11-27 00:00:00
01677846a819fff5fc22d43d61e58367,d83f1643bc89dfc8516c6c2a11f46258,delivered,2018-05-03 10:12:15,2018-05-03 10:57:01,2018-05-04 15:25:00,2018-05-10 00:36:54,2018-06-06 00:00:00
0159c6355a4e32f6ac68d838e2228150,bf0176bae5facd261148fb881ccb8cc6,delivered,2018-06-15 13:41:08,2018-06-15 14:03:58,2018-06-18 12:06:00,2018-06-19 23:21:34,2018-07-03 00:00:00
0a90fd1ec2b6416cf95f9f9dbca21d9a,8f359b4f2dcce84f7e8e43b452e7020e,delivered,2018-07-29 11:52:52,2018-07-29 12:04:29,2018-07-30 14:16:00,2018-08-03 19:44:50,2018-08-29 00:00:00
098e7344bff99946b1a3c2c4357503bf,3b864cf315fee8e0e4dafd9396d57248,delivered,2017-10-17 16:36:26,2017-10-19 03:13:59,2017-10-19 23:03:39,2017-10-30 17:53:17,2017-11-07 00:00:00
0bea543455029a72056bd0e781a8dca7,2fde2146af0116e4451b544145e05cc3,delivered,2017-07-23 11:22:00,2017-07-25 03:45:20,2017-07-26 19:53:24,2017-08-01 21:46:39,2017-08-15 00:00:00
03ad48120321b06697272dfa53deff2b,81434b9d10a7796f96c83d3b6695016a,delivered,2018-08-22 17:42:09,2018-08-22 17:55:18,2018-08-24 15:33:00,2018-08-30 00:03:09,2018-09-10 00:00:00
0b6d11d4a289a1574e8888f2558dd548,97e5e50c02504e32d222320d8c4dfbd1,delivered,2017-01-26 16:03:15,2017-01-26 16:15:09,2017-02-01 11:49:16,2017-02-10 05:34:06,2017-02-28 00:00:00
091c0f9393510fe12cc5409a2601ff22,a3abeac424922b50be0508c7d3b9372f,delivered,2018-06-07 22:32:14,2018-06-07 22:56:02,2018-06-08 17:00:00,2018-06-11 16:13:39,2018-06-25 00:00:00
0ced306b608e9bc80ef960368a3414a4,2f5ff4d0d6e4f93ff81abd25f3e35391,delivered,2017-07-09 20:01:59,2017-07-09 20:10:14,2017-07-10 19:43:27,2017-07-11 22:15:43,2017-07-21 00:00:00
0459f8e390241a0cad720e0fce4e66a7,4a66e81f5facbb22056e99f332d918b9,delivered,2017-09-22 19:32:03,2017-09-26 03:28:20,2017-09-26 18:54:51,2017-09-30 13:34:08,2017-10-16 00:00:00
0bad561c531f95c3d0c3ef2e03ed72de,4012a377e719108fd66522acf06dabd8,delivered,2018-01-19 20:49:57,2018-01-20 17:21:27,2018-01-25 21:24:49,2018-02-01 19:10:29,2018-02-14 00:00:00
04a18000a647d0f0f842ca489dd4a464,ec2b17a04abb80772ab4e8949e3dca27,delivered,2018-03-21 14:03:09,2018-03-21 14:48:45,2018-03-22 20:29:37,2018-03-28 21:07:12,2018-04-10 00:00:00
04782e9b6da0d4326e534dae5dd3e09e,6cd650d55491e2da73465ce4a420afde,delivered,2018-05-26 22:39:15,2018-05-26 22:58:17,2018-05-29 14:38:00,2018-06-04 16:37:54,2018-06-29 00:00:00
099ee5555931216b461149b6fa1957e6,ca81fdd0baf963fa30e92bc440be8bdb,delivered,2017-09-29 22:41:26,2017-09-29 22:49:26,2017-10-02 19:32:44,2017-10-09 17:35:17,2017-11-01 00:00:00
06b54aee2ec1ca4bd7a460c7d256cce1,1772b9285f84b981cf0b40a94406c640,delivered,2018-04-17 10:16:18,2018-04-18 10:11:10,2018-04-26 09:56:00,2018-05-02 14:23:33,2018-05-10 00:00:00
01b276e7af1d9e3ed34b431d39f45fa1,8e44b5b5a76df9682b27d50f5e98ca3b,delivered,2018-01-16 19:25:09,2018-01-16 19:37:27,2018-01-22 19:38:03,2018-02-01 15:11:48,2018-02-14 00:00:00
071be1c98f3a6f467d8e472d94350db8,d5b976444c9257b13cf100dd0933cff1,delivered,2018-08-07 01:19:24,2018-08-08 03:10:22,2018-08-08 13:35:00,2018-08-13 14:32:43,2018-08-24 00:00:00
02a7c0948e8f36cc17e787f73395de4d,88f5da0fac8ddf55d2cbbbc2dee4dc7b,delivered,2017-12-14 22:04:16,2017-12-16 02:51:12,2017-12-18 22:53:20,2018-01-03 01:27:11,2018-01-17 00:00:00
079b79bacc6e0a0c7ed93cd6e3624f6e,9e9b4b54d810b93677fb4cb74911601b,delivered,2017-07-30 19:36:43,2017-07-30 19:50:10,2017-07-31 17:27:38,2017-08-14 20:02:58,2017-09-01 00:00:00
02d50facee2072550ae5a8ef3dc2e10f,739ee0b3c55d7509cbf93ba4275199fb,delivered,2018-01-13 23:58:01,2018-01-14 00:10:43,2018-01-17 19:16:43,2018-01-19 21:36:42,2018-02-02 00:00:00
040f214f2ec8be892fee452b52a96f1f,1b5e997904377a86956c021165c14e4c,delivered,2017-11-01 15:52:21,2017-11-01 16:31:05,2017-11-06 19:08:58,2017-11-14 17:33:16,2017-12-11 00:00:00
028cad58dbd393e348c73435f8192919,a9d2550cb10dd002881bd53c1e65b8e6,delivered,2018-07-02 15:42:23,2018-07-02 15:55:18,2018-07-03 15:04:00,2018-07-11 01:06:47,2018-07-26 00:00:00
0673ea591e7c9108ba7dc1a5246111a5,136eb50222d7c7deea2340f2a7bba0ff,delivered,2017-03-27 19:09:14,2017-03-27 19:23:01,2017-03-28 08:44:03,2017-04-05 16:12:46,2017-04-18 00:00:00
07f57d42b535756c6e83baa0a5bcb322,7f0005d66dbecb865851ad1e92861df0,delivered,2018-05-09 16:45:20,2018-05-09 17:10:25,2018-05-10 14:00:00,2018-05-15 22:56:45,2018-06-08 00:00:00
03c968d10d8c63bd2388245d02579fde,0e50c6c7561c15b7879e4673e876fae3,delivered,2017-05-24 18:48:37,2017-05-24 19:03:12,2017-05-29 02:03:29,2017-06-07 11:34:32,2017-06-16 00:00:00
013037c3f1773cc8fdbaf8ff54d8013b,35df3e8a58fe7d040ed21c7d521f8711,delivered,2017-03-28 15:15:18,2017-03-28 15:25:21,2017-03-28 15:39:21,2017-04-03 16:43:54,2017-04-19 00:00:00
05fcebb08e5f6447834c6593dcec9c81,423a8dbe127fb9a8969448ba71969037,delivered,2017-05-23 22:15:52,2017-05-23 22:30:08,2017-05-25 09:06:33,2017-05-31 15:18:29,2017-06-12 00:00:00
03572de4ee0598b00c48f6de965fcf78,bcd0281b473e8ed4e0a1e37d73e059f6,delivered,2018-07-26 13:46:21,2018-07-26 14:04:52,2018-07-30 11:14:00,2018-08-04 14:50:40,2018-08-14 00:00:00
0210f3225937e9d7702e0c3fff098b98,eb6ebc68d7ab6ad83e9d68dc1b707f1c,delivered,2017-11-25 04:31:42,2017-11-25 05:35:36,2017-11-28 22:18:27,2017-12-01 21:33:36,2017-12-11 00:00:00
041829597c49c92cb66b0e5813936286,1ca9821484ff44d1bdef88a5a51ceb0f,delivered,2018-02-11 15:37:27,2018-02-11 15:50:34,2018-02-14 18:38:58,2018-02-23 23:44:49,2018-03-13 00:00:00
04f1689642ed3c3e45244d4f7b2fe731,6750172272a6a616067b595a9aa0d6c2,delivered,2018-08-20 12:05:01,2018-08-20 15:34:38,2018-08-21 14:46:00,2018-08-29 16:51:10,2018-10-01 00:00:00
0cdea1c34ce2e9ca670b2e6df1d6c207,11f0c49caade1b82c30832ba7cb8fb5c,delivered,2018-03-14 14:16:35,2018-03-14 15:00:22,2018-03-19 17:39:51,2018-04-09 16:41:14,2018-04-03 00:00:00
0c283c8e0c146f4528295a6f4ade284f,273e7697bb7a327a13c24c506804fbb9,delivered,2018-07-15 00:25:23,2018-07-17 07:31:44,2018-07-19 14:59:00,2018-07-24 02:32:29,2018-08-09 00:00:00
0c1c40ddebf6bcde950f7932248b2529,b38ed39dd3e8de29709dfcc59c3d7067,delivered,2017-06-13 21:12:19,2017-06-13 21:25:24,2017-06-14 13:58:17,2017-07-03 13:17:43,2017-07-14 00:00:00
05ea901eba2a26661f43478b5c6b02d0,a359041b207edb61ae00ad420f6c4eee,delivered,2017-11-05 19:14:22,2017-11-07 07:30:35,2017-11-08 13:45:54,2017-11-17 20:32:53,2017-11-29 00:00:00
03dce1563339e3dddb4cff9acda06d1a,62273eb405fff4f8f8937c9a0cc4d5af,delivered,2018-02-23 18:54:33,2018-02-23 19:27:45,2018-02-27 19:47:25,2018-03-07 16:58:32,2018-03-16 00:00:00
0691811195a83594b0377267a8050e6f,abd0bfdbe2c7a12636b1c25a87cf38c9,delivered,2017-07-02 23:50:22,2017-07-04 04:44:36,2017-07-06 12:40:48,2017-07-07 18:39:48,2017-07-14 00:00:00
09944d214dbe0d92666178941a674632,2c94f489b623224edf7fa984b32fd68c,delivered,2017-08-17 16:22:45,2017-08-18 20:24:28,2017-08-23 18:14:38,2017-08-29 17:30:10,2017-09-13 00:00:00
0c78ccb9fbc7e1d41165489050f6b748,5f52309bb03b2be3e499278fe49de656,delivered,2017-06-19 21:58:00,2017-06-19 22:05:16,2017-06-21 13:28:18,2017-06-22 16:42:14,2017-06-30 00:00:00
0573b5e23cbd798006520e1d5b4c6714,c4e17eff78176dfe3401f03db0346f85,delivered,2017-07-04 20:32:10,2017-07-06 03:15:36,2017-07-06 13:27:31,2017-07-13 19:34:27,2017-07-26 00:00:00
0259bebdec429a3ec5a653df8f28574e,b04bda1c59e5886ca37fd5cbb9729b28,delivered,2018-01-07 14:22:43,2018-01-09 07:18:04,2018-01-10 14:44:19,2018-01-26 16:37:18,2018-01-31 00:00:00
0532db7075ba24a851a342f08d0e0b39,07998476885892461cbb12557419e1b7,delivered,2017-12-26 13:28:31,2017-12-26 13:39:26,2017-12-28 22:10:19,2018-01-19 20:26:26,2018-01-30 00:00:00
0944dd6401b58739dc030557fb149b25,4bbeac9d9a22f0628ba712b90862df28,delivered,2017-09-14 15:57:44,2017-09-14 16:10:17,2017-09-15 21:14:38,2017-09-19 20:21:43,2017-10-05 00:00:00
094fe0ffb99d42aba8ca2a6b65a8921e,55216c413a0101e314f4b67c8e114a04,delivered,2018-03-17 14:39:25,2018-03-17 14:50:28,2018-03-20 21:54:30,2018-04-24 21:17:46,2018-04-10 00:00:00
02521a906b13fc8ff9314bf88adc31ed,5bdb6841f00ab95bfbe2e2bb7eb66ddd,delivered,2018-07-16 10:46:13,2018-07-16 10:55:17,2018-07-17 14:39:00,2018-07-20 17:27:31,2018-07-25 00:00:00
02640665fed0e2c2cdbe0f266a2aa1f2,0bdaa2e4eb24874165d8a289092f7407,delivered,2018-08-09 13:26:02,2018-08-09 14:30:58,2018-08-10 15:50:00,2018-08-29 21:22:41,2018-08-31 00:00:00
06ba91cdc30ac6c7181e933cf2135932,984a5b9aada81e4c24d25cf3f9d6c06e,delivered,2017-12-04 15:59:52,2017-12-05 04:13:20,2017-12-06 12:53:39,2017-12-27 11:38:51,2017-12-29 00:00:00
09b9364d966593e51c1edead847fd220,5370e275eb7b56d78bd41f03c6446232,delivered,2018-08-10 08:13:28,2018-08-10 15:45:53,2018-08-13 12:01:00,2018-08-17 17:56:32,2018-09-04 00:00:00
076203a3df21fb25c8b59f881f2b37c9,aae187ac20079813ed11e67757602a48,delivered,2017-07-08 10:08:30,2017-07-08 10:23:25,2017-07-14 19:28:02,2017-07-31 20:28:00,2017-08-01 00:00:00
07fe18147d98a22e8f8f5e43fc09d831,ef3ccd6d77b6f38823b6360f3f2216f9,delivered,2018-04-17 16:56:15,2018-04-18 02:35:15,2018-04-18 23:41:52,2018-05-04 22:28:45,2018-05-25 00:00:00
03181fddac1b424c893821ec539b2abf,2e3c87a1fe28dc56e695f7584818c62b,delivered,2018-05-05 16:35:57,2018-05-05 16:53:39,2018-05-07 11:37:00,2018-05-08 16:08:40,2018-05-18 00:00:00
073180167c8aee312e8be08892989244,3e0e46689729c9a45b4677912c7e6f8c,delivered,2018-05-01 10:48:46,2018-05-03 04:12:55,2018-05-03 15:02:00,2018-05-04 23:42:51,2018-05-15 00:00:00
00418a49a685c6bb60633291c3fab17a,7d9edced80af5c9503cbf88a9e5f2a3e,delivered,2017-10-03 20:43:03,2017-10-03 20:50:45,2017-10-04 19:51:26,2017-10-05 19:53:19,2017-10-19 00:00:00
01699d74ff89d35f15093f83d7783c39,5c52e49d63df1645b3e2340ea8c29a9a,delivered,2018-04-18 16:37:26,2018-04-18 16:55:40,2018-04-23 18:00:13,2018-05-05 15:02:39,2018-05-11 00:00:00
02e6bcccce2e88560389846400e74e50,eac6d0d3278c2f92a5bb372ed20c83d6,delivered,2017-10-18 20:00:55,2017-10-18 20:26:09,2017-10-19 19:25:06,2017-11-07 17:58:45,2017-11-23 00:00:00
055e6f9e14ac5805a9bcb99a480daeb1,870bfea80f26efc288cc9c31b522c5ca,delivered,2017-12-25 12:59:40,2017-12-25 13:11:29,2017-12-27 21:15:03,2018-01-04 16:29:19,2018-01-22 00:00:00
0527142b56f235b4936a8573f33b020b,43d5dc5dc7a295776fab0e796b80b2ee,delivered,2017-07-18 08:49:48,2017-07-19 03:50:23,2017-07-20 15:47:47,2017-07-25 19:19:33,2017-08-09 00:00:00
04dfcefdc5881bd3db8f516999a758af,a884259dce0c9768fbdc7a223723a4f5,delivered,2018-06-16 10:58:12,2018-06-16 11:19:36,2018-06-20 12:44:00,2018-06-22 13:18:44,2018-07-11 00:00:00
09e1adca3506ecf15eefdb37196f2515,478bde4147e07d0ea250b66bcd36b200,delivered,2018-01-15 09:52:28,2018-01-16 07:58:21,2018-01-17 17:32:52,2018-01-23 05:52:54,2018-02-05 00:00:00
098899a1fca44446ebcd6eb00297d33b,def27cdf0c08b8b1f35fb84d3859a5be,delivered,2017-07-11 11:59:31,2017-07-11 12:23:41,2017-07-13 16:13:33,2017-07-19 16:07:48,2017-08-04 00:00:00
0bdfd876931ec6df01297b40e9672c12,a3bac6d9f128db48e46167f95d96c523,delivered,2017-11-10 23:55:57,2017-11-13 10:10:38,2017-11-14 16:29:07,2017-11-28 18:12:28,2017-12-11 00:00:00
02b9fd867657f257dc634a2e7e0f73c5,a96b4cca295b6876489ce885ca6b9f10,shipped,2017-06-10 12:16:30,2017-06-11 06:42:47,2017-06-22 07:47:49,,2017-07-17 00:00:00
088217fa841fd3da3004a1a7e1d525f8,fde6d4f410c038c07dc7d504cd4a540b,delivered,2017-09-20 19:08:10,2017-09-21 15:44:20,2017-09-28 18:44:01,2017-10-11 00:23:46,2017-11-03 00:00:00
05a9d9ce2b1a217223ff7c5a60e509b2,cb4057b44a4efe80ba3db6417f1a3ce8,delivered,2018-01-08 22:55:44,2018-01-08 23:08:27,2018-01-09 17:54:07,2018-01-10 13:11:32,2018-01-24 00:00:00
028587d8834cae89e572f1db671d0419,eb44fe0ac99d141cdadb412aebdc57a0,delivered,2017-08-25 11:21:00,2017-08-25 11:35:18,2017-08-28 20:12:45,2017-09-06 20:04:52,2017-09-27 00:00:00
035678e70978296fb0e7469a611c322e,b7b9fc03a71452c9ca2b9aca57f9d350,delivered,2018-01-10 05:39:45,2018-01-10 10:31:47,2018-01-12 23:09:34,2018-01-22 20:25:32,2018-02-05 00:00:00
065fb1ee0ec59ea0a68b3105a59a69ce,d4772f8e732c5faa405ee431469bb21a,delivered,2018-01-24 10:52:09,2018-01-24 10:59:30,2018-01-29 21:44:31,2018-02-21 23:33:40,2018-02-23 00:00:00
030bc9dbf75985f16a84a296363fda3f,eeebc20cdf8c43ca5fbb2ad606f2663c,delivered,2018-02-17 08:28:29,2018-02-17 09:30:22,2018-02-19 18:22:54,2018-02-24 15:48:48,2018-03-16 00:00:00
0489818f0b5863c095a7445ee35fd7f2,441c43a44f8fc8d89a614e806820a548,delivered,2018-03-15 20:56:24,2018-03-15 21:10:29,2018-03-16 18:44:46,2018-03-23 23:58:31,2018-04-10 00:00:00
076d3284be23e6c6ed0267f87775b62f,a466a6b7b523a9ad0b85a1872a03c264,delivered,2018-02-07 06:05:06,2018-02-08 08:56:15,2018-02-08 20:21:34,2018-02-21 21:09:18,2018-03-06 00:00:00
021d35119e0e191a4fa47715d479b6f8,0ceb28a00e14081b054eee1421d9d970,delivered,2018-03-02 13:20:21,2018-03-02 13:35:30,2018-03-02 22:44:48,2018-03-16 20:34:39,2018-03-20 00:00:00
031a7dab65c3430d325ad35ab8a95277,e01e9c45a4dc4ef2cbfb266fd92afaab,delivered,2018-06-21 22:17:19,2018-06-22 10:19:03,2018-06-25 12:50:00,2018-06-27 16:18:37,2018-07-19 00:00:00
005d9a5423d47281ac463a968b3936fb,a2be07c22a9d2071f65b6770e47f540b,delivered,2017-10-18 12:14:29,2017-10-18 12:28:16,2017-10-24 14:56:52,2017-10-27 19:19:43,2017-11-17 00:00:00
02f30be57375dc610c40ca989d2385b7,a18c76193a26ef37fd582877922447c7,shipped,2017-11-27 18:25:55,2017-11-28 03:21:19,2017-11-29 20:03:26,,2017-12-11 00:00:00
01ac6cbac1cda667c97d35046b75668f,8582a3cb2e9951c3ddc27ca072a259fc,delivered,2017-09-14 18:37:16,2017-09-14 18:50:59,2017-09-15 23:13:05,2017-09-18 14:09:25,2017-09-26 00:00:00
044d4643b22cf71e768701acd9fc55ef,31c3ec5dc1ec7bea1308a156c95e3b4b,delivered,2017-07-04 09:40:53,2017-07-06 03:15:34,2017-07-10 16:32:26,2017-07-12 18:22:42,2017-07-25 00:00:00
0c7ccdb239bd524a31dc66094fa59626,b08eed69a3c73eee40d52bed298482ef,delivered,2017-11-23 15:11:45,2017-11-25 05:10:57,2017-11-27 21:19:03,2017-12-04 22:15:03,2017-12-15 00:00:00
067f4abd68a2b1e0b8b158945a91680b,9d419198e08fe789f309e3a8e58fef7d,delivered,2018-01-24 21:39:44,2018-01-27 02:44:16,2018-01-29 22:49:02,2018-02-27 22:32:42,2018-02-22 00:00:00
0b2ee90d3a8923635f74af64e78d2335,ff71a919b8cf5e0dbd3a669249448790,delivered,2018-06-20 16:19:58,2018-06-21 03:47:05,2018-06-21 14:30:00,2018-06-26 13:58:33,2018-07-17 00:00:00
0392299d0f8bdd68d559aff77bf44bab,9a3628001d3e292e330959f661034b0b,delivered,2018-04-14 20:26:52,2018-04-14 20:50:10,2018-04-17 01:48:35,2018-05-10 21:13:04,2018-05-17 00:00:00
0475d054d40280dfba750663c9ad7a0a,5c232e92346113f68998cf6395eb457f,delivered,2018-07-24 17:25:33,2018-07-24 17:35:18,2018-07-31 14:18:00,2018-08-03 18:41:28,2018-08-17 00:00:00
072d46cbc49c2ee26ddde8f25d22f617,1966b090f543e7faae8d35fbd5b19137,delivered,2017-09-12 21:58:21,2017-09-12 22:10:19,2017-09-14 16:24:01,2017-09-29 14:17:00,2017-10-03 00:00:00
05709f85ee94e226753ae0ed0886b69b,cfd03e2bdbef45d8d27ada56c4ae0348,delivered,2017-03-01 16:38:52,2017-03-03 02:35:37,2017-03-06 07:31:55,2017-03-16 17:17:50,2017-03-28 00:00:00
02342201aaaf713fa9f51c6d44444424,1730e1c6c871728cb55c1648810fa30b,delivered,2018-01-29 12:39:16,2018-01-29 12:52:24,2018-01-30 19:29:06,2018-02-05 19:08:41,2018-02-20 00:00:00
01c7b08f0c05952ce15edb928bb63d2d,378b80aaccaaf259cfd1389b968e4bb2,delivered,2018-04-02 16:59:53,2018-04-02 17:10:25,2018-04-05 13:03:32,2018-04-18 18:56:38,2018-05-02 00:00:00
068306f3ae87b774e579eb36d5714ced,18b3ccdb39831edbfefc432e649d2585,delivered,2018-02-01 01:04:13,2018-02-02 02:54:18,2018-02-03 02:04:00,2018-02-16 17:19:06,2018-03-06 00:00:00
0b1e1533654221aac3796e0a8ca9161e,5af12d6ae9e2a3254902b61194ce5b2d,delivered,2018-01-18 10:03:37,2018-01-18 10:16:44,2018-01-23 18:36:44,2018-02-02 19:16:59,2018-02-08 00:00:00
030f7abd700a4ceae9a8c4cff4b3dc95,8e2d143438d380d522c2a4ccc781c6ac,delivered,2017-10-18 18:07:13,2017-10-18 18:26:43,2017-10-19 23:05:05,2017-10-25 17:30:11,2017-11-09 00:00:00
00c47cfa491ef55779ec7557673087fc,7ccd57bc5c4e0f34fcbc9209b2d4bdfa,delivered,2018-07-23 11:36:26,2018-07-23 14:30:58,2018-07-23 16:06:00,2018-07-25 14:41:26,2018-08-06 00:00:00
0916594b6973230f69379f83d3bac036,0e63a54cb887ce4ed340ebf5e8cececa,delivered,2017-05-21 19:07:46,2017-05-21 19:15:26,2017-05-22 12:11:33,2017-05-30 09:38:32,2017-06-13 00:00:00
072de9a4bbfba5f480706c24d61d25d2,29e3a2295fa12b8d38458c597bee5635,delivered,2018-05-18 17:12:45,2018-05-19 03:12:51,2018-05-22 08:04:00,2018-05-24 20:28:29,2018-06-06 00:00:00
011af0959ebf2b09a062867811dc63b5,5fbf764940fb75727525f6af71eef49d,delivered,2017-08-06 17:35:16,2017-08-06 17:50:21,2017-08-07 20:22:19,2017-08-09 21:03:07,2017-08-29 00:00:00
058d432115cdaa3b04a19b726bdd837a,b352f72c8e71e842b889321dea8de206,delivered,2018-04-23 12:07:17,2018-04-24 19:04:56,2018-04-24 22:26:55,2018-05-03 23:52:05,2018-05-17 00:00:00
030840d9a6c8137615d5a2c916667c2c,677fbd5e154bdb06b0ad01bd85aa2ee3,delivered,2017-08-01 14:40:53,2017-08-01 14:50:23,2017-08-02 19:17:02,2017-08-15 18:37:35,2017-08-23 00:00:00
012219b6d6d034eb359fc74730a080db,8857149a50b77dba1bb318e46bb57f65,delivered,2018-05-10 00:18:33,2018-05-10 00:34:06,2018-05-10 15:25:00,2018-05-16 19:18:52,2018-05-28 00:00:00
001ab0a7578dd66cd4b0a71f5b6e1e41,8bb3bef4e75a95524235cdc11a7331af,delivered,2017-12-27 00:38:47,2017-12-28 02:33:42,2017-12-28 18:09:35,2018-01-17 20:43:29,2018-01-29 00:00:00
079f102825b0dc326dd6cb10f33eeb21,1e2322453e139f015d7a024b4eb6dbaf,delivered,2018-02-23 09:39:36,2018-02-23 09:55:27,2018-02-26 23:38:04,2018-03-02 18:07:43,2018-03-19 00:00:00
0847b01cece36c36c9c439bd502babe5,81ddb4bb77adfff778e39bff62e51c28,delivered,2018-04-13 06:35:04,2018-04-14 02:15:15,2018-04-16 18:58:35,2018-04-30 23:07:18,2018-05-09 00:00:00
01d90c5856f7551e108f2a0864ff6e54,a617067d08312d857f24bc829af217e8,delivered,2018-06-28 17:37:37,2018-06-29 02:55:13,2018-07-04 21:48:00,2018-07-05 15:41:57,2018-07-16 00:00:00
0be10063ab25316efa10537954a8c7b5,5f3cd73d195a1fb2b2557465d7e5488b,delivered,2017-09-28 18:19:01,2017-09-28 18:28:26,2017-10-04 15:50:37,2017-10-09 17:25:18,2017-10-20 00:00:00
067e0bf1a58a53c58a1e15f5143ae36e,8aeb565d66f27043b38e4476f72360f4,delivered,2017-12-13 20:59:46,2017-12-13 21:12:27,2017-12-14 20:17:17,2017-12-26 12:04:53,2018-01-16 00:00:00
02659c8edf02d1cb48b8b388ac7da90e,c6ea5fee4779628bf4d55977fec66560,delivered,2018-04-10 16:18:22,2018-04-10 16:35:11,2018-04-11 18:05:01,2018-04-23 15:18:44,2018-05-03 00:00:00
06f2e7e5aa8764a77b596c6eb6d56fd6,2e424e88b8c35f824145ee570fc9e027,delivered,2017-10-11 15:17:38,2017-10-14 03:46:21,2017-10-19 16:43:34,2017-11-06 20:15:22,2017-11-08 00:00:00
09cbcd1a5e559da522327abcf7e30dda,27464fbd955e5b0bad2c0eaa46cd2f4b,delivered,2018-05-29 11:10:29,2018-05-29 11:30:19,2018-05-30 10:09:00,2018-06-12 20:08:47,2018-07-16 00:00:00
05f4c59e4404655a57c7bb10ff944d3d,1c8b633ef182e06c7384855e8fcc168a,delivered,2017-12-06 15:36:24,2017-12-06 15:52:23,2017-12-08 23:27:33,2017-12-10 18:56:59,2017-12-22 00:00:00
0ab0e6cc12734a3c6311f9a0db8b2555,f0ee5810e42014b65269b12a6182dfc9,delivered,2018-02-05 21:42:57,2018-02-06 15:50:39,2018-02-08 18:07:16,2018-03-01 20:06:00,2018-03-06 00:00:00
024319cfbf2156b9b8a0a50c3aef45b7,f100dca2fea4be39e1547226e3cb3c45,delivered,2018-06-08 19:59:34,2018-06-08 20:49:40,2018-06-12 16:07:00,2018-06-18 20:38:38,2018-07-26 00:00:00
0517ba063462fdd36525fd7e9ef72cee,3f25ebe2334e0d1436d693d392f55e7a,delivered,2018-03-14 23:52:35,2018-03-15 00:10:59,2018-03-16 19:19:04,2018-03-26 15:09:09,2018-04-05 00:00:00
0973b2846805e4eaacbdff441e3dbc8e,bfddea478823f3128b7a3bd9253988e7,delivered,2018-01-02 17:35:56,2018-01-04 05:14:16,2018-01-05 13:04:44,2018-01-16 17:33:13,2018-02-05 00:00:00
010d14f76a229c295260e4ca4744acc7,02e460a9db12a0de7f952f8facb66312,delivered,2017-12-01 19:46:28,2017-12-01 19:57:26,2017-12-04 18:07:08,2017-12-18 16:43:33,2017-12-29 00:00:00
00063b381e2406b52ad429470734ebd5,6a899e55865de6549a58d2c6845e5604,delivered,2018-07-27 17:21:27,2018-07-27 18:00:06,2018-07-30 14:52:00,2018-08-07 13:56:52,2018-08-07 00:00:00
0b95f3147f8a038de06187063d90008e,0598384cf66a6bd49ac0c725af1c74e7,delivered,2017-10-21 21:33:43,2017-10-21 21:49:23,2017-10-23 17:22:55,2017-10-24 20:52:04,2017-11-03 00:00:00
0492eead55cd90ba9690387cca2baa20,821cfae6c6dc3f7fa663f1716f837f0e,delivered,2018-07-22 21:40:20,2018-07-24 11:32:21,2018-07-25 13:37:00,2018-07-26 21:08:46,2018-07-31 00:00:00
06b2c7035561ef12b16045ef4bf459e2,8bb9547aec97f493e91a078f66fa7ac5,delivered,2017-07-05 07:54:14,2017-07-05 17:38:29,2017-07-06 11:55:27,2017-07-12 17:53:56,2017-07-27 00:00:00
0c4fc2ece57a1567b1839585c797cef6,15977e636711360e5488ea48f43fc988,delivered,2017-07-26 11:09:48,2017-07-26 11:23:51,2017-08-02 11:55:51,2017-08-08 10:27:49,2017-08-22 00:00:00
06837ea96cf92f33a18a1f2c84c540c6,38bac1f6676c1e392e13ccb39448c210,delivered,2017-11-12 13:38:18,2017-11-12 13:50:29,2017-11-16 16:19:56,2017-11-18 14:44:44,2017-12-01 00:00:00
084aeb6e79318fd38a5129da7db217d2,a9d615d6c2f115660b61898530fe393e,delivered,2018-03-05 12:28:59,2018-03-05 13:31:10,2018-03-07 22:31:58,2018-03-23 03:22:30,2018-04-02 00:00:00
0ace216597fa0efc8a42140d99fda065,de144da6b5ee52c7c5b295596a5e8a15,delivered,2017-09-11 16:36:31,2017-09-11 16:50:27,2017-09-14 20:57:26,2017-09-25 18:12:25,2017-10-13 00:00:00
04955e4e1efe5837c88f3d4311a94fe7,48cbc3228c6228bfb40f643681df20c6,delivered,2018-06-11 14:58:07,2018-06-13 02:36:43,2018-06-13 15:28:00,2018-06-22 13:30:51,2018-07-05 00:00:00
0a2d541ba7c40984543d72b5eb0abcba,72cb2f7e00c6b47c25afdd7ea20ea3f2,delivered,2017-01-23 13:40:55,2017-01-25 02:50:37,2017-01-26 11:26:08,2017-01-30 08:42:04,2017-02-28 00:00:00
02ae2a6d1d1f1432dc743ca4f67033df,d8e392ff4cf70df9743697280315c7de,delivered,2018-07-30 12:20:10,2018-07-30 12:44:49,2018-07-31 08:22:00,2018-08-03 13:21:04,2018-08-16 00:00:00
0ca3024fdd038f1b734a8f1bc57e9055,4796c2456460470023bd65ce1ee39f6f,delivered,2018-01-18 09:03:18,2018-01-18 09:11:28,2018-01-19 10:54:52,2018-01-22 21:49:11,2018-02-02 00:00:00
0b2d6210fb2a3be6f54add89639740ab,96d965bc7dd54c8cb5194f8cd2650e85,delivered,2018-04-23 11:02:31,2018-04-24 18:46:37,2018-04-24 00:30:42,2018-04-26 17:38:26,2018-05-16 00:00:00
063dda01b3489ce5f3bc164801e6e3e9,94cc6d198de265d1e418a24d451bf319,delivered,2018-03-07 22:15:03,2018-03-07 23:09:25,2018-03-09 16:19:33,2018-03-31 17:54:41,2018-03-23 00:00:00
0760c994a2f88f9ba4f19c5622906609,7162b072ae82b7b6161abea798d5909b,delivered,2018-05-08 11:13:54,2018-05-08 11:35:17,2018-05-10 11:19:00,2018-05-11 19:28:27,2018-05-21 00:00:00
046a69282c430c5d662cee78c019f95f,4211bdba3c51ddcb72cc253a46b7c1bf,delivered,2017-11-21 13:10:50,2017-11-21 13:26:39,2017-11-22 23:22:43,2017-12-16 16:25:47,2017-12-26 00:00:00
0b3580bfab9b4aa7c6b53769a4ee5189,569d0542c214c1f833112efb87157c01,delivered,2017-06-24 11:36:22,2017-06-27 04:15:23,2017-06-27 13:01:14,2017-07-04 18:27:37,2017-07-20 00:00:00
00bf1320ffb5fe47a845feca16c0e0b4,1a4dcc966b712214d7c0d25f13fa2deb,delivered,2017-09-26 12:58:43,2017-09-27 15:49:42,2017-10-17 21:52:13,2017-11-01 14:57:38,2017-10-24 00:00:00
03b8df6ce0954c5df5e83e0a6caaf5ee,fee0581b939c223a48b5ef0b612aaddc,delivered,2018-02-10 19:15:54,2018-02-10 19:28:11,2018-02-14 22:19:11,2018-03-01 21:18:40,2018-03-16 00:00:00
0a2f3c7b4abf07c314a043c7044b0522,d13bbecc49b17d5666a341f4151cc680,delivered,2018-05-16 13:57:17,2018-05-16 15:18:30,2018-05-17 12:40:00,2018-05-21 14:34:45,2018-06-04 00:00:00
00b676b01c289cc661c6f7732492771a,ca9a6ae226341827c9614ce7568db46c,delivered,2017-08-02 15:30:42,2017-08-02 15:45:15,2017-08-08 15:37:43,2017-08-15 11:22:26,2017-08-24 00:00:00
083a4afaefd6690e5cf5918275c4e413,e0ee6f058f6afeb08927a7eb2d1aaf40,delivered,2017-09-13 05:53:17,2017-09-13 06:10:10,2017-09-14 22:26:30,2017-10-07 16:38:04,2017-10-02 00:00:00
0a8b7ed1fb705a8af99575dc742cd328,de10aea6bf74351ad7b1356c45fafb6a,delivered,2017-07-20 14:00:11,2017-07-20 14:10:19,2017-07-25 20:43:04,2017-07-28 21:04:28,2017-08-09 00:00:00
097452f101cb19b0ccc80d3a980d9755,4a4468855065f3194a120ebbea06e6c0,delivered,2018-03-15 16:36:42,2018-03-15 16:50:38,2018-03-19 09:48:59,2018-03-27 21:41:14,2018-04-11 00:00:00
08427834d148946950a3fe92a596e1e4,3e81e563f2a3acd04452464c14ca1082,delivered,2017-11-29 14:14:58,2017-11-29 14:33:43,2017-11-30 16:42:18,2017-12-11 23:14:23,2017-12-28 00:00:00
0c5f595f24dcb36af04ddd9c0655d4ab,37e6ea49e170e1146b094fffe5a66938,delivered,2017-08-31 07:59:28,2017-08-31 08:10:09,2017-08-31 19:37:46,2017-09-05 22:19:31,2017-09-26 00:00:00
09c530d73b3f36bbcd4d3b2268abfe12,790d601e60e27df9dcf5e5399cb821e4,delivered,2018-03-27 09:24:23,2018-03-27 09:35:17,2018-03-27 20:47:28,2018-04-04 18:20:29,2018-04-25 00:00:00
067a8c6d7efd34e3595ef4bf1500c766,1cd3d15b7c69baa3eba6c7807213f1ef,delivered,2018-01-28 09:57:54,2018-01-28 10:10:33,2018-01-29 18:03:47,2018-02-05 13:58:51,2018-02-23 00:00:00
033bfdc56fab7dbb0a16e655b64b620d,139b2fa5344522313ccd1b544ec70ec9,delivered,2017-11-24 10:28:25,2017-11-24 11:51:42,2017-11-30 18:11:34,2017-12-12 22:21:41,2017-12-21 00:00:00
012eab2625c5f8aaac6f37f2c19ef62f,6cd14b229f3969efc4e799d5a58af63c,delivered,2017-11-04 00:38:14,2017-11-04 00:50:19,2017-11-07 15:42:15,2017-11-14 17:14:33,2017-11-27 00:00:00
05e8d222c5597784b04c804e183599c7,9ee50c5ffc022a4e663f5d4af3de3d75,delivered,2017-11-22 17:47:12,2017-11-22 18:06:45,2017-11-23 19:03:57,2017-12-07 19:51:40,2017-12-13 00:00:00
01cc355e35cf24d314afe6de16c38712,f0d95b3d8428cd02d2074a86f06b9519,delivered,2018-03-26 18:47:24,2018-03-28 02:47:35,2018-03-28 21:11:14,2018-04-11 00:46:43,2018-04-16 00:00:00
03170fde460344ffa21460ac08f2bbd3,5c61fae10b041abd70be0bf6fa174ae8,delivered,2018-02-18 14:25:22,2018-02-18 15:26:51,2018-02-28 23:28:43,2018-03-07 03:22:23,2018-03-19 00:00:00
01af7745a283aeb0f0754495c4b51ac7,200b152d4fcc6b4fba34c286b4c83a17,delivered,2018-02-28 13:28:49,2018-03-01 11:14:38,2018-03-02 22:07:22,2018-03-15 18:56:32,2018-03-21 00:00:00
08f5487befe25744feabb3203a4dc09b,a6472fafe286c66c40540fa2b3217657,delivered,2018-02-27 18:26:39,2018-03-01 02:49:00,2018-03-20 19:12:03,2018-04-04 18:08:56,2018-04-02 00:00:00
078012a290408a687e5802ac7ad6c0aa,69eefc7588679e6d4a880f2eb9866b5a,delivered,2017-05-17 15:44:53,2017-05-17 16:15:16,2017-05-22 12:18:56,2017-05-25 09:16:47,2017-06-08 00:00:00
07e59229a9b5b12c82297cc571bd8281,c1e6592cb8927ab713c7d0ddf1980c75,delivered,2017-03-04 19:28:46,2017-03-04 19:43:10,2017-03-06 10:49:49,2017-03-10 10:22:51,2017-03-31 00:00:00
0210336762a2618a562576d1266efefe,1c6168ef4f5ddbdedf48f60a4e21128e,delivered,2018-04-16 18:07:08,2018-04-16 18:55:36,2018-04-17 18:31:41,2018-05-01 15:08:58,2018-05-10 00:00:00
048c6b6617c20f59a0ac4e9a348667e9,260e71f4624185a5b0e2197b0db65ed0,delivered,2018-01-13 20:02:47,2018-01-13 20:09:35,2018-01-18 20:48:41,2018-01-29 15:22:51,2018-02-07 00:00:00
0424ec4615df28c58201d0828ac20cdd,044d022e9a18015120a29d799ab789fb,delivered,2017-08-17 15:41:43,2017-08-17 15:55:22,2017-08-23 16:34:17,2017-09-04 19:22:46,2017-09-19 00:00:00
03ba490d83feaba677aede829ff79db1,c653db387973229cb8a9f24e4bf2ff61,delivered,2018-04-27 19:20:45,2018-04-27 19:31:21,2018-04-30 16:36:00,2018-06-14 21:38:24,2018-05-29 00:00:00
04a28263e085d399c97ae49e0b477efa,fef2e5e63da9f3e1dd89e8e319468657,delivered,2018-02-02 18:01:10,2018-02-02 18:31:27,2018-02-21 02:38:29,2018-03-11 11:32:24,2018-03-05 00:00:00
0805644614eb4e79eb6e5948057e2f1b,d7cb9c6c0de35c874cbad4f5f5f96c8a,delivered,2018-02-14 15:08:42,2018-02-14 15:20:38,2018-02-16 22:16:47,2018-03-16 18:41:59,2018-04-02 00:00:00
0bb7822b99c8352126fdad34ac75c53c,e05225ee3c98c05a036dc06a294f5ba6,delivered,2017-12-13 12:04:00,2017-12-14 18:31:35,2017-12-18 20:57:13,2017-12-20 16:26:52,2018-01-02 00:00:00
019d79b37e56c6d56d6323fed0c54d70,bf02d2d8cd0525d8849563e2a03b95da,delivered,2017-05-21 14:17:05,2017-05-21 14:30:17,2017-05-23 11:55:51,2017-06-06 09:52:02,2017-06-20 00:00:00
08ba140da4dd8ad477f0f3e9793edcec,abe3fe8adfe5af3eefa704fb9837e9f7,delivered,2018-04-23 16:04:18,2018-04-24 17:26:33,2018-04-24 19:32:31,2018-04-27 20:23:31,2018-05-15 00:00:00
086d8c0d2740866ee3d4730987640d4c,ad6d4e14fbcac0ec27004560ab1d0c21,delivered,2018-04-04 13:50:43,2018-04-04 14:10:39,2018-04-05 17:48:57,2018-04-16 17:28:55,2018-05-02 00:00:00
047723564a4f371af7f16f08f08ae0e0,7432c3797af23ca4b5544ec87f893259,delivered,2017-12-06 19:03:12,2017-12-06 19:15:26,2017-12-13 17:12:51,2017-12-18 19:49:05,2017-12-29 00:00:00
05457977f35122e71095989d738e4a37,d4f3bec209aaecedb29d819e45cdb157,delivered,2018-05-26 16:40:08,2018-05-29 03:31:15,2018-05-30 11:14:00,2018-06-04 23:18:21,2018-06-29 00:00:00
05c12734a5d14a9b9528b3eb84f30e50,8cda5fa80381ad8d09441fc5b3d5ff46,delivered,2017-05-15 17:50:19,2017-05-15 18:02:40,2017-05-17 14:14:47,2017-06-02 09:53:55,2017-06-12 00:00:00
0583457e98d0d734222af5237cd8fa94,ebac8d83849c9bd3204e23675e26a5e5,delivered,2018-04-10 15:25:53,2018-04-10 15:50:24,2018-04-11 20:46:24,2018-04-17 18:56:42,2018-05-11 00:00:00
0bec9641279215e466966512f6b444cb,bdb599f32a95c53f1c17076217f3db9e,delivered,2017-10-04 09:57:16,2017-10-06 17:49:24,2017-10-11 23:07:54,2017-10-20 19:31:32,2017-11-01 00:00:00
09e78337fade609c785bdc87f287a535,259be3b485b1e4c6f3e732d88d673e68,delivered,2018-03-31 11:09:58,2018-04-01 11:07:40,2018-04-02 21:59:06,2018-04-07 00:19:12,2018-04-19 00:00:00
05822c51346e781a05c5d2e497f1ccc2,6da649023525b7a22b12737c8f18423b,delivered,2017-06-30 21:49:43,2017-06-30 22:03:24,2017-07-07 19:22:41,2017-07-21 20:04:36,2017-08-09 00:00:00
0bc39bd28c890bfc209ed033de71bbd4,258a9a5463df41a824ae9f7cd9d7ae5a,delivered,2018-03-08 23:48:42,2018-03-09 01:22:59,2018-03-13 00:32:12,2018-03-15 18:52:18,2018-03-26 00:00:00
036c6f5c3d6a81192f4896ddb2c00c83,7568855ab7b8c08837d50e8d9827090f,delivered,2018-07-22 17:08:05,2018-07-27 23:31:02,2018-07-24 14:18:00,2018-08-03 14:03:12,2018-08-16 00:00:00
0c9850b2c179c1ef60d2855e2751d1fa,3bb15be93abf3c2a684d163ba6faaa5b,delivered,2017-09-04 15:17:11,2017-09-05 15:24:16,2017-09-06 20:08:51,2017-09-18 19:43:06,2017-09-29 00:00:00
03053b1cb20006c7f8160754d56f4f6f,1f33d0198032f3cb27bfe03e09064bdf,delivered,2018-02-19 13:18:57,2018-02-19 13:30:46,2018-02-20 20:49:07,2018-02-23 17:53:05,2018-03-13 00:00:00
0c4e23cb9c6ec62bd75c1019d58747f0,b759f23fd1901915ceb362ad5e66d5c0,delivered,2017-06-23 22:36:21,2017-06-23 22:50:16,2017-06-26 15:58:04,2017-07-05 14:12:55,2017-07-19 00:00:00
083ade26303c53b4aa1c779b67d44485,9388bb1d7e8b53211cff72e787efb6e7,delivered,2018-06-07 20:38:06,2018-06-07 21:35:59,2018-06-11 11:27:00,2018-06-15 15:38:44,2018-07-23 00:00:00
05e7f330b0c9d2769d5aa193ee88baa7,d26a4aefb8a686145db0b96b8b428c5f,delivered,2017-03-27 16:43:20,2017-03-27 16:55:12,2017-03-29 15:33:13,2017-04-06 15:45:58,2017-04-19 00:00:00
0bbbb66c440b6ff7b34420eb273868ae,fc5e4bfe03533eeea603a12179af3388,delivered,2018-04-06 10:42:06,2018-04-06 10:55:10,2018-04-10 16:07:34,2018-04-21 01:18:20,2018-05-04 00:00:00
0c4a1120fa16a1ccbb365aae4f54b16d,cd25b85f3cf1debb4376bafc231f8137,delivered,2017-10-17 13:39:39,2017-10-17 13:56:16,2017-10-19 16:40:00,2017-10-25 21:27:41,2017-11-14 00:00:00
03d5b9a74ff46435640f8bd737ac2237,3985d677d82341e381758018d936ef49,delivered,2017-12-04 20:55:31,2017-12-05 08:31:04,2017-12-07 20:41:37,2017-12-12 10:42:21,2017-12-27 00:00:00
03afb3c10af52ddfa3c33b9881bf43f8,44e25679aa4d5d2ef5103f6b0174a586,delivered,2017-12-07 16:41:50,2017-12-07 16:51:57,2017-12-15 13:04:12,2017-12-18 18:10:28,2018-01-09 00:00:00
06e93d3bf0469b969d3eb95a8d55d68f,b8f3c05805a908d846c178e4f3f0e875,delivered,2018-02-19 10:52:32,2018-02-19 11:07:41,2018-02-19 20:51:28,2018-02-20 21:39:37,2018-03-05 00:00:00
067ce97888318cd8d89a45bcb4adc94b,93a9213a3f26b087500abb8186f71703,delivered,2017-10-10 17:41:27,2017-10-10 17:56:27,2017-10-13 14:10:11,2017-10-20 20:53:37,2017-11-10 00:00:00
061e6ce7ec63fcace40d4ae11584763c,3b249b017d15eee7d092ddd5cfae4fa4,delivered,2018-03-09 11:38:44,2018-03-09 12:20:23,2018-03-10 00:08:51,2018-03-22 18:39:00,2018-04-11 00:00:00
01825d0debce07b6502f4aff38a00e69,8d4ed4f811a7873a31183d7d7db8f470,delivered,2018-07-11 10:46:20,2018-07-11 11:08:06,2018-07-13 15:05:00,2018-07-25 11:41:06,2018-08-03 00:00:00
08869d221628341d81a9dd18a07f625a,a48d8fbdbed3a8b9840c3f6bb5215a86,delivered,2018-05-06 22:31:38,2018-05-08 19:35:27,2018-05-10 15:09:00,2018-05-18 20:12:41,2018-05-23 00:00:00
066da535b01be4b26ca70864a62d92e1,17575cf5c2a523e21115d818fd467253,delivered,2018-04-07 23:44:38,2018-04-10 03:49:31,2018-04-10 20:21:30,2018-05-22 22:36:24,2018-05-15 00:00:00
0a9f89404bdc46f9d6be1c8c0226ba85,37dbceec9ec09c507522d791301df431,delivered,2018-03-02 17:28:49,2018-03-02 17:49:31,2018-03-06 19:55:02,2018-03-16 15:28:54,2018-03-27 00:00:00
0596e04bc1e3bb1649cf6d1f8545e5eb,293ef520846cc863d3bf09df2e5245a0,delivered,2018-08-13 16:53:34,2018-08-13 17:10:09,2018-08-14 15:55:00,2018-08-22 00:02:37,2018-08-23 00:00:00
04b23c68df88327f687ea03eb2f34d7e,90efed13526439903b044c40844a38f3,delivered,2018-02-09 20:41:26,2018-02-09 21:20:26,2018-02-16 15:13:53,2018-03-12 17:34:30,2018-03-07 00:00:00
01dd912bf415bd6f499af600aebdb866,35d1d4cb6cb9997376abb3d7e1a97b19,delivered,2018-02-09 23:35:00,2018-02-09 23:48:16,2018-02-14 21:16:34,2018-02-16 11:38:58,2018-02-23 00:00:00
04f9ef79f6d6439da363d065445c2325,8cde4b3a00b6db8b6604a2553cf0c78a,delivered,2018-05-16 16:50:24,2018-05-16 17:21:28,2018-05-17 12:46:00,2018-05-21 21:15:53,2018-05-30 00:00:00
04a1e228e53006582fabe65a7767258c,270149cb3f66b7edaa4645d21c7ff646,delivered,2018-05-12 19:34:22,2018-05-12 19:56:38,2018-05-15 07:48:00,2018-05-18 20:14:41,2018-05-30 00:00:00
06a02b60d897c8f12fb3287e9de120e3,5dab4b965caa157b2a14f3a7cc5324a3,delivered,2018-08-14 18:33:39,2018-08-14 18:55:22,2018-08-15 12:07:00,2018-08-20 15:56:43,2018-08-28 00:00:00
09d9dfc52ee6df196fdd19dd3b7440a7,131ae605cc2534ffa8e03fca81c54d3e,delivered,2017-12-02 12:30:05,2017-12-04 16:31:59,2017-12-08 01:07:56,2017-12-21 19:37:11,2017-12-29 00:00:00
097255cccb9ac174d481479fae72556d,aec0636da1a15a55683856d9a5821ffd,delivered,2018-06-28 03:08:38,2018-06-28 03:31:33,2018-06-28 13:30:00,2018-06-29 17:48:48,2018-07-12 00:00:00
05ad071b550b1cf2815e8bf3bec3291f,51883bf50149a3028f35341d1fc008e8,delivered,2017-04-27 12:57:18,2017-04-28 13:06:17,2017-05-02 13:51:27,2017-05-19 12:56:52,2017-06-07 00:00:00
023aa4b0585594124bc50e55e0e11a5f,678c7714cdd189c7aca5cd7e6c70fb94,delivered,2018-04-01 23:03:34,2018-04-03 05:48:29,2018-04-04 21:57:32,2018-04-09 11:46:41,2018-04-18 00:00:00
042a2a13d31a166caca991455002fe1a,1def91404fa948308dc43c04f282f68f,delivered,2018-03-27 13:34:42,2018-03-27 13:50:08,2018-03-28 17:48:30,2018-03-29 19:54:24,2018-04-09 00:00:00
00d1e381c0995f0bdb95909fe7434d0b,3fb1b736500b371cd8576c7050fe7256,delivered,2018-03-24 16:14:47,2018-03-25 16:10:31,2018-03-28 23:18:35,2018-04-02 15:28:35,2018-04-13 00:00:00
08b090ef007b191a5f9c454f1068be24,2b3a2fae42ef353d6548f1b7eed8a7b2,delivered,2018-03-07 19:03:14,2018-03-07 19:15:38,2018-03-09 15:46:32,2018-03-17 16:12:26,2018-03-23 00:00:00
0a457a7e838f772d804eebe8d6261ed0,c1caaf8d7b5c8f2d3567fe0c9f96cb6f,delivered,2018-08-08 13:48:22,2018-08-09 03:45:15,2018-08-09 13:44:00,2018-08-10 18:07:43,2018-08-13 00:00:00
07220c39eb26068368e675009154d635,2cea17a5c06d7322a3f8ccef29eb9e3e,delivered,2018-03-18 23:08:34,2018-03-18 23:27:48,2018-03-21 19:18:43,2018-04-27 17:35:00,2018-04-09 00:00:00
00a99c50fdff7e36262caba33821875a,7a399396442d5601cbedfbd0a3cf1da4,shipped,2018-08-17 16:25:04,2018-08-17 16:35:18,2018-08-18 09:07:00,,2018-09-18 00:00:00
09dbda42baac941ca241f8cea65b2306,45e2389ac675ee3f4804b5f58c318d0f,delivered,2018-01-14 09:20:37,2018-01-15 09:30:52,2018-01-16 19:03:21,2018-02-22 19:17:00,2018-02-05 00:00:00
04f92792b1960e9302825742e0751a5c,8dddf27adc934a43b2ab68289ec22651,delivered,2018-05-12 09:01:06,2018-05-12 09:14:41,2018-05-29 07:07:00,2018-06-01 19:24:41,2018-06-19 00:00:00
02da43e64b38100ea4b0b4a76cc2ba66,3f4b4fe7e5dbc66d4c5a38904823d1e0,delivered,2017-05-24 08:26:19,2017-05-24 08:42:34,2017-05-24 16:00:12,2017-05-31 16:59:59,2017-06-22 00:00:00
09b216c85c7fb2105c85987be09e7ec9,3c83de52146ed3ce7c9786f3cf800565,delivered,2018-04-10 14:01:14,2018-04-10 14:10:23,2018-04-10 23:13:50,2018-04-19 22:44:47,2018-05-10 00:00:00
06a1b81d611c5616272de7c53c41472e,8626a2b044790a9eee2473a9d464d5f3,delivered,2018-02-11 18:47:36,2018-02-11 19:20:22,2018-02-14 21:59:08,2018-02-28 16:52:12,2018-02-26 00:00:00
07dacc7fe07040f20aac7d9510950eff,d2b324ed82defef43c4a555620013809,delivered,2017-11-26 18:23:03,2017-11-26 18:32:51,2017-11-28 13:34:58,2017-12-04 19:24:43,2017-12-15 00:00:00
0aaa175985080e11c7a94a84620d4016,fe8c2af8a8a466fb4131716fa9b3858a,delivered,2018-06-10 18:04:25,2018-06-10 19:51:18,2018-06-11 14:30:00,2018-06-18 21:46:30,2018-06-28 00:00:00
03e53afdd1e98f83636c3fd14562c7ab,e870d0f2d7496ef238b5baef98f03ac9,delivered,2017-12-17 16:31:16,2017-12-19 09:51:39,2017-12-19 21:52:15,2018-01-05 22:28:20,2018-01-18 00:00:00
0a6c8aa5c12b86c6f96308839eb7417b,f56e6a45937a0dafd82c6713cff1e50e,delivered,2018-02-27 23:55:01,2018-02-28 00:10:43,2018-02-28 16:26:03,2018-03-05 17:28:50,2018-03-29 00:00:00
053abf362c2b73b283a3bd5a814320ac,2d44f70281161cbf9bb10e22dfa63fb3,delivered,2018-03-28 07:43:11,2018-03-28 08:15:16,2018-03-30 01:22:12,2018-04-02 16:11:22,2018-04-24 00:00:00
03dffd456132253d009d20fc4a228c9b,1789a9c308d16b63a0d1a496756a6942,delivered,2018-07-22 23:27:13,2018-07-23 12:31:55,2018-07-24 09:31:00,2018-07-25 18:36:46,2018-07-31 00:00:00
020c01e41104519842f8a15605af646c,0fb0919d1c2791fb41c75bec69db8df1,delivered,2017-02-08 13:10:22,2017-02-08 13:22:39,2017-02-08 15:29:14,2017-02-14 14:47:33,2017-03-09 00:00:00
09ca36d55d4afbcc785cf9def43c9078,d9ee1a7cb4871d90758fec8a1bbbb0b0,delivered,2018-07-14 19:44:35,2018-07-17 04:31:36,2018-07-17 14:28:00,2018-08-01 17:41:14,2018-08-02 00:00:00
02cdf0f2b05845468fdf0c104e24ae17,01952039ba4abb6c459e7b6d62a69d7a,delivered,2018-08-17 23:24:19,2018-08-17 23:35:11,2018-08-21 15:03:00,2018-08-30 15:37:52,2018-09-28 00:00:00
09514821d13482daa26aadf8c2273e7f,6f3981043130b73e335ccf2b30dbf116,delivered,2017-02-07 20:08:49,2017-02-07 20:22:19,2017-02-08 07:38:39,2017-02-17 18:05:15,2017-03-06 00:00:00
0352796ceb3700a87606f6f19b1d20b3,e48c7c057b69c92110eeb16fa5d4136a,delivered,2018-02-06 17:00:44,2018-02-06 17:15:39,2018-02-08 23:33:38,2018-02-14 21:19:00,2018-02-23 00:00:00
03d81b72be3d0b572b58b215fc156e72,a9f11314b76b5d3662b70b192c3cafbf,delivered,2018-01-07 17:42:11,2018-01-07 17:51:27,2018-01-09 00:39:23,2018-01-16 19:06:39,2018-02-23 00:00:00
08fe21124b36efe247030b7939603f1b,188961c3a59cf2dc947be5a75e4d62ce,delivered,2018-05-04 11:07:13,2018-05-04 11:15:24,2018-05-08 12:35:00,2018-05-09 18:58:42,2018-05-18 00:00:00
08fc1aa23fef732befd3559729544a6a,464c432b9a954fdde0a2620ffed7f681,delivered,2018-04-30 12:44:31,2018-05-03 03:52:55,2018-05-03 15:21:00,2018-05-07 19:51:59,2018-05-24 00:00:00
00130c0eee84a3d909e75bc08c5c3ca1,47d656c08a282ec5ab4c1f18303a3a30,delivered,2018-06-11 21:17:00,2018-06-12 05:16:24,2018-06-12 14:22:00,2018-06-13 15:28:25,2018-06-20 00:00:00
02bd92abe094825e0683bacaacb64285,d71c8d46b852f467520c039ceefcc433,delivered,2017-11-27 15:30:19,2017-11-27 15:38:32,2017-11-29 20:32:46,2017-12-14 19:21:51,2017-12-26 00:00:00
072a8923b88a4247c16f4c0bca2f3177,45b965b024a060a20f35be157bd46415,delivered,2018-01-09 20:47:36,2018-01-11 02:37:27,2018-01-13 02:29:15,2018-01-16 20:53:25,2018-01-26 00:00:00
0240c9d87266e4cabc3bacdcdc6e77e4,9ff020a259deb59e7cd97016824d8039,delivered,2018-06-12 08:40:31,2018-06-12 09:18:02,2018-06-12 14:18:00,2018-06-18 15:52:15,2018-07-13 00:00:00
0b223d92c27432930dfe407c6aea3041,e60df9449653a95af4549bbfcb18a6eb,delivered,2018-08-29 14:18:23,2018-08-29 14:31:07,2018-08-29 15:29:00,2018-08-30 16:24:55,2018-09-04 00:00:00
012dc9e42da722d22e32c618a2521bec,90de167c37925320a60cc9f4cc750117,delivered,2018-04-04 14:19:18,2018-04-04 14:30:20,2018-04-05 17:03:31,2018-04-09 23:41:44,2018-04-16 00:00:00
0a1bbcb7a1af6b58931664e147542a2d,32cb0dc27ceb91adb151c23ba2a3da27,delivered,2018-04-04 14:23:40,2018-04-04 14:35:11,2018-04-05 22:37:46,2018-04-18 21:06:40,2018-04-25 00:00:00
02ed129a369c56d40549270ac5900864,a9bb7262db7f75330d596923bcd27be9,delivered,2018-07-02 21:30:10,2018-07-02 21:50:22,2018-07-03 13:57:00,2018-07-05 13:08:49,2018-07-27 00:00:00
019543c0de8386be97738b589ee695aa,ee78e2394f33a3bf7e81e1ba6192863e,delivered,2018-05-27 17:10:25,2018-05-27 17:34:47,2018-05-28 14:30:00,2018-05-29 19:27:25,2018-06-20 00:00:00
0849ccbfff0e8fd7168be6a62ca74a0d,0687042f138418a235175398780d7d69,delivered,2018-05-08 14:38:21,2018-05-08 14:55:46,2018-05-10 18:29:00,2018-05-16 15:22:48,2018-05-30 00:00:00
0bbb3f7791a87d0307555e57da3a1ff1,126e796f3f459d75233ffae11eda5001,delivered,2017-04-11 09:24:49,2017-04-11 09:35:16,2017-04-13 09:17:02,2017-04-20 09:19:39,2017-05-11 00:00:00
0741ee0ba3cb46d86325be2879e18706,2fcfc9d4b333b0b81e5d3ce23d6d0ba6,delivered,2018-02-21 08:52:11,2018-02-22 08:48:42,2018-02-23 19:22:54,2018-03-08 15:25:26,2018-03-20 00:00:00
0640b06b89343b8b664b6ddef40ba020,93be387010f0b00896cf0d40d5921885,delivered,2017-11-04 00:36:39,2017-11-04 00:50:21,2017-11-06 14:43:02,2017-11-13 20:32:41,2017-11-27 00:00:00
0c77e9308e3c15bbeb6c16405a2da080,ae632365142083e22587dcd1553a1cdb,delivered,2017-07-13 18:19:24,2017-07-13 18:30:16,2017-07-14 15:09:24,2017-07-21 19:26:49,2017-08-02 00:00:00
00f324f6ec332cd73ef8be4888573662,e067722fcbc90ea29be6932c863fea87,delivered,2017-06-29 21:47:27,2017-06-29 22:03:39,2017-07-07 18:04:34,2017-07-17 19:57:42,2017-07-25 00:00:00
0719c4577b69cf807be736608c144bc8,394c4be8d4a26fd3668aa47dbf088891,delivered,2018-01-20 20:10:56,2018-01-20 20:40:18,2018-01-22 22:43:25,2018-01-30 12:56:28,2018-03-20 00:00:00
0b5143acf46cd4dd573604b449451bcc,b4028a61e0f13ed5789bb2b270e7672f,delivered,2018-06-29 09:19:59,2018-06-29 09:31:35,2018-06-29 14:10:00,2018-07-02 19:42:31,2018-07-19 00:00:00
0796436a57062ff1b4a95616fdf3f2fa,a75ca30b933e47441e6edf4c990647e4,delivered,2018-08-19 18:34:21,2018-08-20 12:50:18,2018-08-24 16:24:00,2018-08-28 19:36:39,2018-09-12 00:00:00
0166cc8756d58b4a30fb49de83527120,19e9dac43eee8df98092482fdce676da,canceled,2018-02-08 21:09:18,2018-02-08 21:27:56,2018-02-09 23:12:30,,2018-02-22 00:00:00
08b54ba8454bed7d08802bc62e33fbc4,68eec3e6a739288fb08b5948faca1f5c,delivered,2018-06-12 19:14:55,2018-06-12 19:46:24,2018-06-13 14:24:00,2018-06-15 20:26:35,2018-07-20 00:00:00
031096cba2ef517ed59888ecb13d69e2,b5819fde21e7b125acfb1977d116e4b2,delivered,2018-01-11 20:48:11,2018-01-12 02:36:38,2018-01-12 22:32:57,2018-01-16 16:33:56,2018-01-26 00:00:00
0055b77cca3186676c147f532dd2547b,3747cfcc18da3cff44fd440770d92d97,delivered,2018-02-19 21:47:44,2018-02-19 22:47:21,2018-02-20 19:35:24,2018-03-07 19:38:34,2018-03-14 00:00:00
07441f525824bc6b31d4dc19c5d49fc9,5e90428c469d2fa05f5622a910189232,delivered,2018-04-21 13:07:41,2018-04-24 18:04:35,2018-04-25 00:57:27,2018-05-03 20:24:27,2018-06-05 00:00:00
0a63a472b54f4e94fa67f374b05fc3ea,099b2cc431e3ef6cdf16d32b2b8fbc34,delivered,2018-05-07 09:03:48,2018-05-07 16:33:44,2018-05-08 13:36:00,2018-05-11 20:54:29,2018-05-23 00:00:00
0217ad862ae7391cc3964c07ce3d6ea1,6a72b0e91fbb821cdade717f5899a67f,delivered,2017-11-29 14:43:25,2017-11-29 14:58:38,2017-12-01 21:14:41,2017-12-26 21:32:13,2017-12-26 00:00:00
083a0434b4fe46096d27412266b29d36,fd62142b93c2502e26ae2c2277a6dc6d,delivered,2018-03-29 10:47:24,2018-03-29 11:09:03,2018-04-03 00:42:09,2018-04-11 20:24:22,2018-04-23 00:00:00
04da4dc0ed95cc93f9f25375fa08ad47,e9fa18734cb99d218c0bee8e5b02ab5c,delivered,2018-08-23 14:13:46,2018-08-23 14:25:56,2018-08-24 12:26:00,2018-08-29 18:03:30,2018-09-05 00:00:00
038721fd1802532dae558bac820968d4,61e6a5b24f292e7d1763da7697b0f94f,delivered,2017-10-18 11:31:27,2017-10-18 11:50:08,2017-10-24 18:46:36,2017-10-26 17:18:40,2017-11-08 00:00:00
09d3cd95f911da31613353ea97a651e6,4c0e4e69a60620838f4c131f46498b06,delivered,2017-10-24 17:31:27,2017-10-24 18:06:18,2017-10-26 19:12:49,2017-11-07 18:12:22,2017-11-13 00:00:00
044223df7cb37509bfeb2a0df1250ca4,f2d67e6cf876a8f7aa9e9119415510fd,delivered,2017-11-02 09:19:16,2017-11-02 09:35:30,2017-11-06 19:48:41,2017-11-20 20:28:37,2017-11-29 00:00:00
08791ec24b12af5af099ce45bdf3a396,98910418a06188d89fe89354cf41ccd7,delivered,2018-04-17 08:38:41,2018-04-18 15:45:18,2018-04-20 00:03:37,2018-04-25 14:13:54,2018-05-17 00:00:00
029f37989dcd7c9b928028086d68034b,953d151252d1305b272923cb0776a79b,delivered,2017-11-01 08:00:08,2017-11-01 08:15:19,2017-11-08 00:52:54,2017-11-14 20:09:17,2017-11-22 00:00:00
067410a773ded180052ac522f139ab41,f8bd07c127a4ae4a6674d9af09b1934e,delivered,2018-01-04 19:42:04,2018-01-06 02:08:30,2018-01-08 21:23:36,2018-01-13 16:07:50,2018-01-29 00:00:00
09b748b3799286e3df820f2d5528abbc,2a2fd17c1706896127eff21e3750c0ea,delivered,2017-05-11 17:15:48,2017-05-12 02:45:25,2017-05-15 09:45:54,2017-05-18 09:47:37,2017-06-06 00:00:00
07a4d91148af619890def9a1ac3de73f,b18c3b2965c137609a80f4254444c0a8,delivered,2018-06-04 19:59:56,2018-06-04 20:15:13,2018-06-05 14:01:00,2018-06-13 17:08:45,2018-07-24 00:00:00
0810ae0fa88d7880bf3d2fa5fa172f60,906f75ff5f7787189179654a7db420eb,delivered,2018-01-21 20:43:26,2018-01-22 13:59:24,2018-01-24 17:14:35,2018-02-15 20:32:23,2018-02-19 00:00:00
02cb7027f3074adf1407706d712298f7,70bcff60e160a0009c17030cdc375f6e,delivered,2018-08-07 19:33:01,2018-08-07 19:45:18,2018-08-08 22:25:00,2018-08-17 20:54:31,2018-08-23 00:00:00
01e71f17355fc56620b0d3678f796c42,004a2b3e8b026284407c620f4f01f686,delivered,2018-04-18 22:19:28,2018-04-18 22:31:03,2018-04-20 19:42:01,2018-05-10 21:12:12,2018-05-18 00:00:00
0abf7f13c92f93e708a28f32316b13d3,0adbcea65a531588e0a7c68142d54192,delivered,2018-03-23 22:03:04,2018-03-23 22:10:26,2018-03-27 00:52:33,2018-04-02 21:06:43,2018-04-19 00:00:00
0b9585496a9549d76a405252c9a5a027,033f6866f9435a8fe0bca6b54666f543,delivered,2018-03-12 16:48:03,2018-03-12 17:10:03,2018-03-13 19:32:29,2018-03-20 21:26:46,2018-03-28 00:00:00
0bd94afa88fb4a4ad9657569c9cc9ed2,5907de63c26a780293c48ea763ec76cc,delivered,2018-06-26 00:10:09,2018-06-26 00:57:35,2018-06-26 14:00:00,2018-06-30 20:52:55,2018-07-19 00:00:00
0bba959fbb649221ae07d0c128ba1809,e3bf47f4bae64f039f4b4ad98a4f18f7,delivered,2017-09-15 01:32:20,2017-09-15 01:45:10,2017-09-15 18:32:11,2017-10-02 16:20:39,2017-10-11 00:00:00
07294ed0ece67bb004a4813c77dfc3e3,ff2fbcf5290b75ae615bc293f2a9dfc0,delivered,2018-07-17 20:20:46,2018-07-17 20:30:16,2018-07-18 10:09:00,2018-07-25 18:41:55,2018-08-07 00:00:00
0441b92c70bbdc1ae99a187e05d52621,3b75ee56fb7838262adbb238abcb829a,delivered,2018-01-11 17:08:50,2018-01-11 17:17:24,2018-01-17 13:58:48,2018-02-02 00:43:16,2018-02-06 00:00:00
019536ad39a0dea8bb75c00359a0386b,958b47e797d9db0979238d3b7fc08b9b,delivered,2017-09-01 22:51:17,2017-09-02 16:10:14,2017-09-04 17:39:57,2017-09-26 21:14:19,2017-10-04 00:00:00
06a3bd42be69cdf39cd785d311b54a45,9e43617117f81bfddf4b3ec7625752aa,delivered,2017-09-19 15:39:10,2017-09-19 15:55:40,2017-09-19 20:53:51,2017-09-26 21:30:08,2017-10-11 00:00:00
0544d7932387565226ae96a9ec8c03c8,763f69d62147292383080e70b397c3f0,delivered,2018-06-06 18:16:20,2018-06-06 18:34:31,2018-06-07 17:33:00,2018-06-13 17:32:20,2018-07-17 00:00:00
01be661b8196707ef60f062632d6d1bd,e7232b4d5318177ea3ab911dfb920cbf,delivered,2017-05-17 10:26:53,2017-05-17 10:42:27,2017-05-17 15:00:10,2017-05-23 13:03:32,2017-06-07 00:00:00
0a62a2ee479a419db8aebf78129b2f5e,253c9223dfa3bf75327514da2145fe9d,delivered,2017-10-01 21:45:41,2017-10-01 22:04:56,2017-10-03 12:54:20,2017-10-13 20:52:14,2017-10-31 00:00:00
065c05543ebdfd79fb629b2b4a6ab904,51d502a84c571171762fbda013cb4e09,invoiced,2018-03-20 18:02:29,2018-03-20 18:15:27,,,2018-04-02 00:00:00
0708e6a0b38282fbfed40eccdaa4a597,733209067ba60698392d0d7c43523a7f,delivered,2018-05-09 14:37:05,2018-05-10 04:16:28,2018-05-10 15:16:00,2018-05-17 18:36:52,2018-05-29 00:00:00
0b4e790fdbd7616b010599cc3e5f873f,e1fb3bd29f0cc22b821938d2853e4cd5,delivered,2018-01-19 19:47:26,2018-01-19 19:56:29,2018-01-23 19:59:11,2018-02-01 20:05:21,2018-02-09 00:00:00
087f3b4c583de715fda96594b3a03b65,598c9545a37f10508a8c3b51b849d8dc,delivered,2018-02-07 14:55:48,2018-02-07 15:11:12,2018-02-08 18:57:05,2018-02-15 15:28:42,2018-03-08 00:00:00
08748bafebfe3d00f17771505f3df1e4,fe1d751718c414270932bac5a8b024f5,delivered,2018-03-16 19:44:04,2018-03-20 03:15:48,2018-03-20 19:36:25,2018-04-07 15:12:11,2018-04-12 00:00:00
084ded1a75b230fac5331c786694ab7f,6c889130b007b6b26cdef380c00e10f7,delivered,2018-01-03 21:00:21,2018-01-05 02:39:26,2018-01-08 20:48:37,2018-01-10 18:39:01,2018-01-24 00:00:00
04464191f1b76f60684eac5609f3bdda,20e464a07327b8acb79e2603ba845569,delivered,2018-07-30 15:03:10,2018-07-30 18:31:10,2018-07-31 15:54:00,2018-08-02 22:42:49,2018-08-07 00:00:00
063f6b61015cb748333bd76ef0deac47,3375961a3c02d5650dadc9294ea54bbd,delivered,2018-01-04 14:12:09,2018-01-04 14:19:22,2018-01-10 00:22:39,2018-01-11 23:03:54,2018-01-31 00:00:00
01ba495d945c6a1c5b198bbad63e61c6,e8f23326e2c34831368372a3dbcf8ce3,delivered,2018-01-31 11:22:27,2018-01-31 14:01:52,2018-02-02 17:12:30,2018-02-16 17:02:39,2018-02-23 00:00:00
029b2daf51dda061aeb1cf32c9306db7,46490458d353247266448e9bdc7bd115,delivered,2018-08-06 16:20:23,2018-08-06 16:35:20,2018-08-07 14:22:00,2018-08-15 19:24:42,2018-09-04 00:00:00
040c71e2bb944537100baa9dfff8e2ac,7d0eaeecc730e5953bf95a9f00f236d6,delivered,2018-02-22 12:44:10,2018-02-22 12:55:52,2018-02-23 21:23:20,2018-03-01 20:37:46,2018-03-19 00:00:00
0410ab9a8e8b28e6399bca3e89562f95,9cfad66c82697c8385f5efedeea1b878,delivered,2017-09-13 03:15:40,2017-09-13 03:45:35,2017-09-15 18:46:48,2017-09-28 13:44:47,2017-10-03 00:00:00
05e94f64bd375a4fc88a39430e020d54,c398fd7e5ceea0de7aa38c539c061e1a,delivered,2018-01-19 10:51:06,2018-01-19 10:58:25,2018-01-20 00:15:07,2018-01-30 19:16:49,2018-02-21 00:00:00
08c79f0b250cc3b309a69dcbd0debdc7,cdd33d0b02c81a178d88dfbc1ed9f0af,delivered,2017-11-25 11:48:45,2017-11-28 03:39:56,2017-12-01 17:34:14,2017-12-21 22:28:35,2017-12-20 00:00:00
07ffab4def2a95548ff6ef1b9d7e0f5a,c26a312d7b5619ee24db36e2d25e473c,delivered,2018-03-19 22:08:42,2018-03-19 22:27:56,2018-03-20 21:25:49,2018-04-12 22:14:41,2018-04-05 00:00:00
09dd83f72b2516179cd46b81121fad23,d70f382aefc5e3273ba95831d8588930,delivered,2016-10-10 16:55:10,2016-10-12 03:02:04,2016-11-18 12:43:10,2016-11-28 15:38:37,2016-12-12 00:00:00
011331376a4c6cc7a9e5bc165ec169d0,e62a03d00892173f46bb99a1da0f86f3,delivered,2017-06-23 13:03:34,2017-06-23 13:10:20,2017-06-27 06:32:18,2017-07-05 14:07:37,2017-07-17 00:00:00
0198e0de42189b3941d46857a87fac91,bc057e26a901167220c6e4a0b0c3ec5d,delivered,2017-11-04 12:33:53,2017-11-06 11:31:01,2017-11-07 19:32:42,2017-11-08 16:22:07,2017-11-23 00:00:00
08bc5baa3da6ce0746413cd9cf227e9e,3dfe06159548750f3766901dd35c4faf,delivered,2017-10-17 15:37:59,2017-10-17 15:49:39,2017-10-23 21:38:57,2017-10-25 20:52:55,2017-10-27 00:00:00
00c842d0ae6462afc1d38fc055b02c75,3eb456ae69430643eb134b74ccc4f261,delivered,2017-11-08 17:36:48,2017-11-08 18:30:52,2017-11-16 18:42:49,2017-11-21 17:37:51,2017-11-29 00:00:00
06b196454b51b7191c7e2eb44ea77717,ee72fb782e7724b04820a72307e299f2,delivered,2017-11-24 22:04:26,2017-11-25 00:37:44,2017-11-27 20:57:39,2017-12-20 18:15:16,2017-12-21 00:00:00
02a58113b6c316d2aa7e110c8bdcbe6a,16457aa87c0aa54bf5a3ba8b46f5a5ba,delivered,2018-03-11 11:48:05,2018-03-12 08:30:53,2018-03-13 01:26:43,2018-03-19 16:56:39,2018-03-29 00:00:00
0678d595b99f7162722e241ea36f7512,698bd3b24e4bdcce6cbf20053d17f0d4,delivered,2018-02-22 18:54:37,2018-02-22 19:08:33,2018-02-23 23:39:24,2018-03-26 18:42:23,2018-03-19 00:00:00
020bc32fbdded2a43147c70a5eb3ec21,6cffa1011064035b56965e363955f701,delivered,2017-07-14 22:03:05,2017-07-14 22:15:18,2017-07-18 20:51:38,2017-07-28 21:53:24,2017-08-09 00:00:00
0182f6cbb4fb10918a76485fc92d7c49,16c11c76b58be7de894336de67d21260,delivered,2017-11-25 00:40:11,2017-11-28 03:33:07,2017-12-04 20:58:57,2017-12-12 20:09:11,2017-12-19 00:00:00
0a14f9fc5324099db2a5418351592675,58c021d7a27ccda0f20f3c1658b0544e,delivered,2018-03-03 10:30:17,2018-03-03 10:48:49,2018-03-06 20:04:30,2018-03-13 21:38:50,2018-04-05 00:00:00
045524a5ae6c874b746523a6fd79f4f9,c767121cc11b2c981fc93dc686c8c9cd,delivered,2017-09-02 18:22:11,2017-09-02 18:30:21,2017-09-04 21:55:06,2017-09-08 22:47:42,2017-09-21 00:00:00
0b6ea9219b1603082ec87a9842e8e017,873225c67413f7a89b35895080e8689f,delivered,2018-02-13 21:34:27,2018-02-15 03:47:49,2018-02-15 20:56:54,2018-03-07 13:10:51,2018-03-14 00:00:00
0552997d7a7283a7761acc3a5f9bcefd,4ebc2a023f9c5a95de15d342694a46a9,delivered,2018-02-24 18:28:51,2018-02-24 18:47:14,2018-02-28 00:06:43,2018-03-05 17:18:43,2018-03-16 00:00:00
0b8df9666ae41f9985a6f7d73047d62a,8e3d29a001bce34acad03f9871f89204,delivered,2017-11-28 14:05:02,2017-11-30 02:34:24,2017-12-05 21:41:24,2017-12-12 21:29:08,2017-12-18 00:00:00
05bf7a31e9d3eecf93db6a8e4508ed8a,17effd274d2fba6bd4b91ac477f63991,delivered,2018-03-02 13:11:03,2018-03-02 13:29:52,2018-03-02 23:27:56,2018-03-13 01:52:47,2018-03-22 00:00:00
0c6f709251c3df262aeb79458ad96a1d,cd61ea4c014ba01e198cbb7863b8e212,delivered,2018-03-01 16:55:08,2018-03-01 17:15:35,2018-03-06 23:52:00,2018-03-09 19:56:46,2018-03-13 00:00:00
079034c04662f3d7dce287df9e4e5489,de8e33a82d162c02dc4dd95ffe7fe42c,delivered,2018-07-24 17:17:48,2018-07-24 17:30:15,2018-07-25 14:08:00,2018-08-02 19:32:45,2018-08-14 00:00:00
033dac2c6721b55b4323f622ea5c1500,1ee6f20f34afd82b191668114c8c26d8,delivered,2018-06-29 12:25:39,2018-06-29 12:35:14,2018-07-03 14:15:00,2018-07-13 19:48:27,2018-08-02 00:00:00
0b8e8a083ebc7823271b2618f31eb1bd,c19159b713b6d5384d233f5805a68b3b,delivered,2018-03-13 08:08:03,2018-03-13 09:04:01,2018-03-14 17:27:25,2018-03-16 18:18:38,2018-03-23 00:00:00
01f7d29898cf7c5fcb583a2a29508202,bafd4361ea9061be4b18bbc25300f2b9,delivered,2017-12-11 01:09:44,2017-12-11 01:19:24,2017-12-15 15:12:07,2017-12-19 17:59:52,2017-12-28 00:00:00
05fdf5f17c4a8b374e99ed52416d8766,20cea3d895864b48be0cf73a9286c9e3,delivered,2018-06-27 20:53:18,2018-06-28 02:15:43,2018-06-28 14:15:00,2018-07-03 15:57:03,2018-08-02 00:00:00
06c28b87569a91a7c96e7f62e828827b,f495468ea3520f4c1ed6bef24cf3135a,delivered,2017-07-24 23:21:33,2017-07-26 02:30:10,2017-07-27 14:54:33,2017-07-28 20:42:13,2017-08-04 00:00:00
07dba073c2b18c2c748f28ed51c87ee8,39fd6d063a9335b98a5045cada7081dc,delivered,2018-02-08 21:14:22,2018-02-08 21:28:11,2018-02-14 21:45:16,2018-03-09 01:19:23,2018-03-13 00:00:00
05bdb94211a1ae1e3734545262f50da3,8569e9f2797775eb7a3c4263e868ddad,delivered,2018-06-01 16:22:44,2018-06-01 16:35:19,2018-06-04 13:54:00,2018-06-05 18:32:46,2018-06-26 00:00:00
033dbd83c331548108afda89d5bc6b79,80838cdcafdf698b203534ab9a14cc91,delivered,2018-04-15 20:48:28,2018-04-15 21:09:50,2018-04-16 18:19:11,2018-04-19 19:09:34,2018-05-09 00:00:00
039dffcfcd2b5404d42beff4bbeff110,321f41f3515edf9c58437c5aeaa163a8,delivered,2017-05-24 08:13:54,2017-05-25 08:22:28,2017-05-25 10:39:16,2017-05-26 08:00:01,2017-06-06 00:00:00
0743d4433cd56bbd7b36287a05f94e10,027a044faafdafcaf3956c9e2cfbe69b,delivered,2017-06-07 21:55:57,2017-06-09 02:30:32,2017-06-14 09:53:49,2017-06-16 14:25:38,2017-06-21 00:00:00
00c9d9e61ed13f5bf2f0344da1aa4775,ed3cfd8b632008c67e448e6cafd0738c,delivered,2017-02-24 13:13:49,2017-02-24 13:25:10,2017-03-01 10:09:26,2017-03-06 12:45:47,2017-03-17 00:00:00
0c73b283fdefcef04be55400a4f6ccd1,4cd1aba36c0408f9dd728acb8e7704ef,delivered,2018-08-05 17:03:46,2018-08-07 04:15:23,2018-08-07 12:36:00,2018-08-14 14:56:41,2018-08-28 00:00:00
05f18c930e9961675a68af3b18efaf6b,c98cf172e6421f9786c711fa72fc90b4,delivered,2018-08-03 14:06:35,2018-08-03 14:24:05,2018-08-07 14:32:00,2018-08-09 22:11:15,2018-08-16 00:00:00
0283a5f1680cc866884c09960d2462e3,c5aa3c712cd1b1c509b3adb34dc14187,delivered,2018-05-14 12:34:50,2018-05-14 12:52:40,2018-05-15 15:19:00,2018-05-23 17:51:56,2018-06-07 00:00:00
07ca34c2d97b99d913debf2866805373,379398543850d0f1ad33cf2ebfd3f81b,delivered,2017-09-23 00:09:48,2017-09-23 00:25:44,2017-09-25 21:03:03,2017-10-02 17:58:50,2017-10-18 00:00:00
02546acbfd2949a1f63c44ad04978ea1,b3ee7fdfb85dc3e5de3517c7be1bfc6e,delivered,2018-07-22 23:31:31,2018-07-23 12:32:25,2018-07-24 13:34:00,2018-07-26 00:46:19,2018-07-31 00:00:00
0adb50a218c2b7e86f14120be935b949,3518f2be2f99c06e220f5dcc2dc04ecd,delivered,2017-11-20 16:52:14,2017-11-21 16:51:13,2017-11-22 15:26:50,2017-12-01 13:57:04,2017-12-20 00:00:00
09bcbc199f0fa4268cc0122304696ea4,7286ad26234d396b67e5bfa8245cec4d,delivered,2017-11-24 14:54:56,2017-11-24 17:12:27,2017-11-28 20:59:00,2017-12-19 23:58:39,2017-12-22 00:00:00
0132fef017ccf586491ca3685de667df,6ed04295dca042b17dc984a992352343,delivered,2018-06-06 08:51:20,2018-06-06 09:11:16,2018-06-06 15:00:00,2018-06-07 17:28:54,2018-07-03 00:00:00
045fb730a757a5379d79bdbc42d4e84b,57cffec2e5c21ad9bee83cc699bfc9b0,delivered,2018-08-03 06:19:40,2018-08-04 04:10:19,2018-08-13 14:45:00,2018-08-17 00:31:36,2018-08-23 00:00:00
063250ed406abc1e7730639c79d16a0b,b20e7f3206dd52a8cf8accc6f53d261b,delivered,2017-09-06 20:46:22,2017-09-06 21:03:33,2017-09-08 18:55:26,2017-09-18 17:10:21,2017-09-28 00:00:00
08bb21f621b955cf27343f29059d2696,aaf87fdb0cbdf2a3040221661525a54c,delivered,2018-04-16 12:35:30,2018-04-16 12:51:31,2018-04-19 00:54:35,2018-04-25 23:46:46,2018-05-11 00:00:00
056ea0ed4a967ffdde98507a7d5656a2,a81f98f9ecc7838dd8e9853eee3be318,delivered,2018-05-29 16:07:19,2018-05-29 16:38:56,2018-05-30 12:29:00,2018-06-06 21:12:41,2018-06-29 00:00:00
096ff3d928fd9b00eed2c839ad0c2223,c25b788e63b4f8ac4a3dc15c00b7d499,delivered,2017-05-30 20:29:07,2017-05-30 20:35:25,2017-05-31 11:34:27,2017-06-01 08:23:01,2017-06-13 00:00:00
03da04c1427d7b8bff38d76efca1029d,709116483105e4198b439016da66d4d0,delivered,2017-12-13 16:56:40,2017-12-15 02:17:46,2017-12-15 17:39:33,2017-12-18 21:27:25,2018-01-02 00:00:00
09bd279b1d189a59de559c5f558ca857,f5099455960fd677edc4badb55917954,delivered,2017-02-26 20:55:50,2017-03-02 04:15:23,2017-03-03 11:35:52,2017-03-08 09:13:57,2017-03-20 00:00:00
06f157e2c7fe91f2e7ae8d344c6fd456,c11041983dbb097b3e7f8054edb680d7,delivered,2017-08-26 22:27:16,2017-08-26 22:35:16,2017-08-28 19:12:31,2017-08-31 15:26:19,2017-09-14 00:00:00
028ffc48d3a4004a010e5847d7266cdb,7ab6bf8e79e131fb7052921a49aabb2c,delivered,2017-07-27 17:28:13,2017-07-27 17:50:18,2017-07-28 18:38:04,2017-08-02 22:22:15,2017-08-21 00:00:00
048297b4e795502db60be292e12dd390,d5504bb8d69de23d8c49bd96e55e51ec,delivered,2018-03-26 03:50:48,2018-03-26 04:08:31,2018-03-29 16:22:03,2018-04-09 18:46:51,2018-04-12 00:00:00
016d1bdf6efab4f6b805df1c03043113,32ea572ef909ce200bf5097211d79d22,delivered,2017-10-04 20:26:53,2017-10-04 20:35:24,2017-10-05 19:50:09,2017-12-01 18:49:05,2017-10-31 00:00:00
041687935b1e4c3715beb1602270b40c,212eabb96351d2749fac79129e8de92d,delivered,2017-12-26 10:35:22,2017-12-26 10:46:43,2018-01-09 22:04:03,2018-01-10 18:37:24,2018-01-15 00:00:00
07ac486a7e139e73d66011849fa5779d,1addc7d0ea1d5587f4cec79230ef78c5,delivered,2018-07-28 15:34:10,2018-07-28 16:04:24,2018-07-30 13:39:00,2018-08-02 19:32:51,2018-08-15 00:00:00
082b39e89779891345c6ebc6def4822d,b1ad9ed44c9f38c75ddabd01eb6f6585,delivered,2018-01-29 17:54:40,2018-01-29 18:12:27,2018-01-30 17:36:59,2018-02-01 15:22:56,2018-02-14 00:00:00
0c40894addb46fce19ca6ca1f11d9bff,30ff74ba6ed04c0069481436021bc4aa,delivered,2017-11-29 09:39:20,2017-11-30 02:34:29,2017-11-30 22:59:04,2017-12-01 20:53:19,2017-12-13 00:00:00
0b573ab05f5976a357a60e0d981b4327,5cb31e4d889afd369634b4d045403645,delivered,2018-03-21 15:37:53,2018-03-23 02:15:51,2018-03-27 02:28:48,2018-03-27 20:08:49,2018-04-03 00:00:00
042167409734e42b253083768c865409,655ca3d2f2feab46c63fea64f8a20ead,delivered,2017-12-06 19:48:16,2017-12-08 19:36:23,2017-12-13 17:15:45,2018-01-13 01:11:43,2018-01-11 00:00:00
0ab82628350881eff00a09a3a0c73970,ab5b237c2d936d6bc9e7c7ad3d51bc11,delivered,2018-02-23 09:15:18,2018-02-23 09:29:36,2018-02-23 21:22:44,2018-03-09 17:54:39,2018-03-16 00:00:00
094e2ca5a39bcc45b4077867bf5dbdff,157f5b7306ffe878d158e6ae05a859b2,delivered,2018-02-08 14:05:26,2018-02-08 14:15:45,2018-02-16 20:24:05,2018-02-22 18:04:28,2018-03-06 00:00:00
0713892246596f649555ebebe57a9a7b,012413f25e1a3f143b2001198e916594,delivered,2017-11-03 19:23:19,2017-11-03 19:35:22,2017-11-06 20:18:45,2017-11-14 19:03:30,2017-11-23 00:00:00
05c32a488871489caad8b008dc77b890,26c9b7152117d1360ba0453bc796dc2e,delivered,2017-07-23 15:26:19,2017-07-25 03:50:25,2017-07-27 16:44:20,2017-08-10 20:49:55,2017-08-24 00:00:00
04eafa8a91ba0d51dc0c193bb67afc87,6b63f5ef5bfc6d4989c9a07d5513d154,delivered,2017-11-26 01:02:57,2017-11-26 01:15:24,2017-11-27 17:32:02,2017-12-06 16:42:50,2017-12-20 00:00:00
08a9634db941b72179ed30feeaac2541,bd6716dadc80ab513e5ef67fc53e6934,delivered,2017-02-27 15:07:11,2017-02-27 15:21:54,2017-03-02 13:49:05,2017-03-06 07:14:00,2017-03-20 00:00:00
04011f820bf820fa27cf4cc1fc06d3be,512ab098fa4d12ef6885a8ccedc02eaf,delivered,2017-10-23 12:48:12,2017-10-23 13:06:25,2017-10-23 20:28:49,2017-11-23 23:10:00,2017-12-12 00:00:00
09475a764868b0fa004ced42388fe6c6,13db6d94faa6734d80cd12f22df84a56,delivered,2018-05-30 14:14:02,2018-05-30 14:31:56,2018-06-01 14:40:00,2018-06-09 13:42:40,2018-07-03 00:00:00
04652586a8416e68609d21f267dee2f6,401d49ba9a2b427967dd578821c55b2d,delivered,2018-07-31 09:41:10,2018-08-01 04:35:22,2018-08-01 11:20:00,2018-08-09 20:04:38,2018-08-21 00:00:00
0436c197b0ba8265af9fa94b7f444866,d2bc0da79a4e2ae1e11523f27454311b,delivered,2018-08-07 15:54:26,2018-08-07 16:05:22,2018-08-08 14:52:00,2018-08-16 20:08:42,2018-08-24 00:00:00
0bb0ac36c272438c710c3ee74c77da1b,47faef3420bd0e1dc047ce4e9171e03d,delivered,2017-11-28 16:26:20,2017-11-28 16:58:13,2017-12-04 23:41:51,2017-12-19 20:04:27,2017-12-22 00:00:00
019d029f0b101343d44017d249b1f64f,7c71e90638cc8c6940af7e83d490cfeb,delivered,2018-06-11 21:55:43,2018-06-11 22:19:26,2018-06-13 08:06:00,2018-07-04 14:41:50,2018-07-12 00:00:00
034e643b615bc5da33b1ede13e2ae803,455d3b0a4ba690caca990d8a6ae98f29,delivered,2017-11-05 13:45:28,2017-11-05 13:55:26,2017-11-07 00:48:42,2017-11-16 20:43:46,2017-11-27 00:00:00
0425635629d7b1e1aefedf34bd15e289,1ac3126c5135c77318214fd99cf238d4,delivered,2018-08-27 11:16:19,2018-08-27 11:35:17,2018-08-29 14:49:00,2018-08-30 23:04:13,2018-09-06 00:00:00
0bd166e72c588bcc71cf432b653c1667,40efe1655a1721e65dce406440349517,delivered,2018-07-03 16:27:56,2018-07-05 16:23:33,2018-07-04 15:36:00,2018-07-06 00:42:54,2018-07-16 00:00:00
05dbe6bf3e09d4e05160a98d0a926bb1,c9fb84e88f11e478d569305888e89920,delivered,2017-10-03 19:05:31,2017-10-03 19:14:32,2017-10-05 21:42:42,2017-10-16 19:33:25,2017-11-03 00:00:00
0923b9182325b77894f97a1a532c7102,a4b27f9e304ffa3842ea3b920a22b09e,delivered,2017-10-12 19:42:09,2017-10-12 20:49:36,2017-10-16 19:38:42,2017-10-24 19:10:24,2017-11-01 00:00:00
0bd46f135d0346fb97b4901188374829,0b18d4eda847aa4c48550e26283c5675,delivered,2017-10-19 19:26:59,2017-10-19 19:35:26,2017-10-20 21:37:20,2017-10-26 23:03:28,2017-11-10 00:00:00
0645b256ee8f4939ae426819da55488c,356db73529dc6e2c37f3712f9a2c67da,delivered,2018-07-26 14:08:01,2018-07-26 14:24:46,2018-07-27 14:52:00,2018-07-30 21:33:07,2018-08-09 00:00:00
047f9a218bccce8342d77f72c2240f8a,b2027e001d7cd8107cec9f7123f43930,delivered,2017-04-22 17:20:56,2017-04-22 17:35:20,2017-04-24 09:48:55,2017-04-29 09:14:12,2017-05-15 00:00:00
0c431e960acdfda9c7a640ee9bac19f0,1c244737574dde88c13a85c04017d496,delivered,2017-11-26 21:26:16,2017-11-28 21:36:24,2017-11-30 22:53:07,2017-12-04 21:18:49,2017-12-11 00:00:00
0be1de7b2e4f05c1dfa7455be69706db,3880eba5034584724992ca0fb55fb91f,delivered,2017-05-25 18:33:47,2017-05-25 18:42:29,2017-05-26 10:53:55,2017-06-01 14:43:56,2017-06-14 00:00:00
05f99bfc5053a88e0955bea396422a81,8def9d598c2a056d7d5f048bb2a86f88,delivered,2017-10-25 23:21:21,2017-10-25 23:35:16,2017-11-07 20:52:57,2017-11-21 12:44:48,2017-11-24 00:00:00
016ff85737c2072ab00a705cd8f87799,590db569569a4a1b3074694f522309fc,delivered,2018-01-02 11:12:14,2018-01-02 11:19:25,2018-01-04 14:55:14,2018-01-10 18:53:23,2018-01-30 00:00:00
0b2a43ec15f983f589ecd097455b283d,9a73612485c1eaf2ea1e2b46d3890cb8,delivered,2017-04-02 20:14:13,2017-04-04 05:50:45,2017-04-04 15:28:46,2017-04-13 16:14:09,2017-05-04 00:00:00
0263464225bdea582f602c369c2b6061,f36723822267d804066b22ef8b5eb655,delivered,2018-04-04 22:23:19,2018-04-04 22:35:17,2018-04-06 17:54:36,2018-04-30 13:51:11,2018-05-07 00:00:00
012973f4cb6743d00d7e2644ddc8804c,eb00b6b34bb7da3b9cf13c9ba8d1e136,delivered,2017-01-27 22:02:29,2017-01-28 10:32:38,2017-01-31 10:21:48,2017-02-06 13:58:54,2017-03-09 00:00:00
081aa4722ec9005a164bb9e2c2090911,853bcde006a5a776eaf9930b5b0f961c,delivered,2018-06-19 12:42:57,2018-06-19 12:58:26,2018-06-21 14:18:00,2018-06-22 21:33:02,2018-06-29 00:00:00
0419d1888e0a963802e403d8507c753a,fc67f5d5228bebc0bd370df60b7687c6,delivered,2017-11-21 22:30:45,2017-11-21 22:46:50,2017-11-22 21:51:08,2017-12-02 17:03:56,2017-12-13 00:00:00
0be2b6c22a3cd022d2986721e1faaafc,02d258ceacbfd544777a64c2ba0773eb,delivered,2018-02-27 09:00:31,2018-02-27 09:10:54,2018-03-01 21:32:40,2018-03-08 17:39:54,2018-03-21 00:00:00
0539642c2ba6dfd6c8ca8dbdb16d85d4,5577986e87a01d8f0d0055fb5229b436,delivered,2018-02-23 15:19:52,2018-02-23 15:35:21,2018-02-26 23:38:00,2018-02-28 15:38:58,2018-03-15 00:00:00
093e91ac900104e2f587ff8d020447aa,fb34d8086ff2d4fedc7160b7346ad4a7,delivered,2018-01-15 20:23:58,2018-01-15 20:35:29,2018-01-19 21:09:01,2018-01-26 14:59:42,2018-02-19 00:00:00
02b7a3c4c3376a74359add1cdf94bbd8,7d5e2dffb600af537e752f0e89c59b68,delivered,2018-08-14 11:29:59,2018-08-14 11:45:17,2018-08-15 07:00:00,2018-08-21 18:08:48,2018-08-27 00:00:00
055bb586a2d17c7677a6096c56b6e2b0,86979f4c8980b4b673ad22d42e807103,delivered,2018-03-03 17:44:51,2018-03-06 03:50:49,2018-03-09 20:11:15,2018-03-23 23:13:41,2018-03-26 00:00:00
004fb11815bc03b01b20a614eef69d14,9e2690a7ad4a0fd8bbf0a5b355d5e6ea,delivered,2017-11-25 13:56:55,2017-11-25 14:16:42,2017-11-27 18:22:41,2017-12-16 14:31:43,2017-12-26 00:00:00
08cb000ba1516a67d8d9fbbe5f9a1091,9bee3266e0057fddc13b5e3e791bd52a,delivered,2018-05-05 10:47:29,2018-05-05 11:10:10,2018-05-08 13:08:00,2018-05-18 22:52:38,2018-06-06 00:00:00
0b83b48cff92afd5eb4360860cad0ff1,54d964b83ac779bf3ab0fdb1877a51bc,delivered,2017-02-15 15:27:15,2017-02-16 02:23:17,2017-02-16 09:33:46,2017-02-23 16:12:29,2017-03-24 00:00:00
0cd778893772d400d2ad0a7d2feda5b8,1bab05433ef18b837f0fad9e3c0fc2a4,delivered,2018-08-13 12:37:56,2018-08-14 04:30:10,2018-08-15 14:16:00,2018-08-22 01:49:36,2018-09-04 00:00:00
09ebfabd9f6552771f5d90e099fa0738,648bbd07536c67c93bef21abe6da8e51,delivered,2017-05-08 22:53:56,2017-05-08 23:05:17,2017-05-11 15:47:53,2017-05-17 09:23:54,2017-05-31 00:00:00
0c4efb413bce2d4e4985bfd63bb0bc49,77bc76d7d24087d5c8fb9d47ac288562,delivered,2017-12-04 23:14:05,2017-12-06 02:50:38,2017-12-08 14:53:20,2017-12-18 20:24:51,2017-12-27 00:00:00
029e9be2972cf662f2cb336e98872ae3,3c420d15857f754a4d41196173c9f412,delivered,2018-04-27 23:20:59,2018-04-27 23:30:51,2018-05-02 11:12:00,2018-05-09 18:38:43,2018-05-21 00:00:00
09f2c6e797b432724b3a123f1ec897bb,c08a028e3cf76efe09f3ca8526ea2dcb,delivered,2018-02-15 16:10:26,2018-02-15 16:26:39,2018-02-17 01:08:13,2018-03-23 18:08:28,2018-03-07 00:00:00
03d7dd4730b71e0a310c9b30431c1961,da8dfb2660ba315e2a99e6e3aa2f5c10,shipped,2018-05-30 19:42:15,2018-05-30 19:55:16,2018-06-01 14:11:00,,2018-07-03 00:00:00
00c62d05602c1ca8164b98746d127fa8,2c64fc3c9f0672a9f2481654a7bf109b,delivered,2018-06-03 11:10:53,2018-06-05 04:52:02,2018-06-05 10:57:00,2018-06-12 20:15:51,2018-07-12 00:00:00
07dc1dc61c5ee9a1387069fec64b6663,d4e5a610541428f3938253b37860a323,delivered,2018-08-03 08:26:22,2018-08-04 10:24:06,2018-08-06 16:59:00,2018-08-08 17:08:47,2018-08-14 00:00:00
037fdead4ade679aec8ee3dc6a75368c,f95370ea34c6c1e0dc4cc99480858a54,delivered,2018-05-03 14:12:52,2018-05-03 14:32:36,2018-05-14 15:01:00,2018-05-23 18:54:51,2018-05-25 00:00:00
04c0dac88714e8ee1ca2c0254cab2a22,2194fbf68f31edcb5a92443a516ac591,delivered,2018-05-15 19:06:04,2018-05-16 02:54:06,2018-05-16 12:58:00,2018-05-17 17:04:30,2018-05-23 00:00:00
07c86971c5f40e822bd71ab44f684fad,113bdfd53b6c5dbc25dd4aab954b9efe,delivered,2017-07-13 00:19:43,2017-07-15 03:35:24,2017-07-18 12:34:05,2017-07-21 20:47:51,2017-08-02 00:00:00
0cc53a27cb4eec43723454e212e469cc,ded515b7d98b7d3425a9e26ce985e31a,delivered,2018-02-28 19:23:10,2018-02-28 19:35:38,2018-03-02 17:17:07,2018-03-26 13:09:00,2018-03-21 00:00:00
00cfabbe2a93b70beeec4894f86712a8,bf2cd0dfd7ad8b44be636ba1079d6358,delivered,2017-06-10 07:56:30,2017-06-13 04:50:29,2017-06-14 17:06:10,2017-06-22 15:27:09,2017-07-05 00:00:00
0330631bdb2ec8c341f487ed9c22fc8b,e3109970a3fe8021d5ff82c577ce5606,delivered,2018-05-25 12:02:08,2018-05-26 02:31:54,2018-05-29 15:41:00,2018-06-07 22:42:02,2018-06-26 00:00:00
0a998b0552bd0e04c7b38f0f58737c54,f650ed65abda7782ac4adb70edb5f62e,delivered,2018-08-01 19:01:08,2018-08-01 19:15:21,2018-08-02 15:18:00,2018-08-07 20:08:31,2018-08-17 00:00:00
0091a677651feaf5a08d7bb147681e14,93d82c58a8f2b0d2db80f16867b99edd,delivered,2018-08-24 13:27:17,2018-08-24 13:44:42,2018-08-27 18:33:00,2018-08-28 16:32:05,2018-08-31 00:00:00
021363783b521e9813dd62bbcb77d1dd,8c28706c8f9e0cc8ceea7d7e116960e9,delivered,2018-02-23 11:52:46,2018-02-24 15:27:26,2018-03-01 23:19:21,2018-03-21 22:05:31,2018-03-20 00:00:00
0aeb0613e8d42e1a7f122908bee18eca,2ec5baba2248f403e2877fa9e679045a,delivered,2017-09-13 16:35:28,2017-09-13 16:51:30,2017-09-15 17:57:38,2017-10-26 19:24:38,2017-10-13 00:00:00
013aa6ba5077072401773f83f1ee6408,4c91265edcfe58dd5ce2dcdb2fba7813,delivered,2018-07-25 11:31:15,2018-07-25 11:45:10,2018-08-02 13:27:00,2018-08-15 17:55:38,2018-08-20 00:00:00
0a2c8538b97333899a075ae94b85b037,7224fe0e862b9561bca105d385baccca,delivered,2018-03-12 11:37:48,2018-03-14 02:55:38,2018-03-14 20:35:34,2018-03-17 13:08:32,2018-03-22 00:00:00
07015ec9fa46c951514edc46a108d719,a7adc93e1086eab42f28ee3d1c4b77d5,delivered,2017-12-30 18:25:34,2017-12-30 18:32:28,2018-01-04 22:38:01,2018-01-28 14:36:47,2018-02-02 00:00:00
087889e1fca3301cc56532907bfe811c,458ae436ee64dcf226e07e3e80d0ea15,delivered,2017-11-28 09:26:02,2017-11-30 09:39:43,2017-12-05 21:22:05,2017-12-21 21:17:03,2018-01-03 00:00:00
01115c06246220def210911556bdc0e5,7db5bde0f0fcee8817a4c317cf05429a,delivered,2018-03-14 09:20:38,2018-03-14 09:35:34,2018-03-14 19:22:05,2018-04-03 00:07:46,2018-04-04 00:00:00
037540b18a708608c766355696a57467,a35401291a0580dbcef88f14d8938900,delivered,2017-11-28 10:46:46,2017-11-28 10:55:03,2017-12-01 00:52:19,2017-12-13 00:22:38,2017-12-21 00:00:00
06a702a3caf8f33af30200f804d877ec,59d8f775e59cb4feccd4fe7c23216541,delivered,2018-03-21 10:36:52,2018-03-21 10:50:19,2018-03-22 19:29:54,2018-04-03 22:42:04,2018-04-13 00:00:00
09a38776c4e31230864f867821174daa,f7c7eee947743e900cad930670b94341,delivered,2018-02-02 18:19:18,2018-02-03 02:53:13,2018-02-20 19:55:57,2018-03-09 21:41:54,2018-03-02 00:00:00
05691e7046cf3a798bfce39b35377b78,532106a874f0e6d89668d5aa4066d9cd,delivered,2018-06-22 15:27:17,2018-06-22 15:38:46,2018-06-25 11:37:00,2018-06-26 23:28:46,2018-07-05 00:00:00
042cfa84b1415cdcea821bcbc1bb8f4c,c6a3e1a0af3891b7f81c78d1ccb16f5b,delivered,2017-12-17 10:49:02,2017-12-17 11:14:12,2017-12-19 02:52:50,2017-12-22 17:10:11,2018-01-05 00:00:00
000e63d38ae8c00bbcb5a30573b99628,98884e672c5ba85f4394f2044e1a3eab,delivered,2018-03-23 19:48:26,2018-03-23 20:07:49,2018-03-26 21:38:48,2018-03-27 14:51:47,2018-04-05 00:00:00
011c899816ea29773525bd3322dbb6aa,c15a53f6fbae984bcbf4ac7bc4395cc3,delivered,2018-04-30 15:02:34,2018-05-01 05:32:34,2018-05-03 16:51:00,2018-05-15 22:33:37,2018-05-24 00:00:00
099319b5b8567c490c01a857c6dbe73f,96d5f5f1a7eb5de66d26556c745015c9,delivered,2018-06-03 14:05:03,2018-06-03 14:15:23,2018-06-05 13:22:00,2018-06-20 18:04:03,2018-07-25 00:00:00
0cbfa7741e21d7a732157a50ad8381de,68fe5bc21c5a3ad828108dc360c41fc9,delivered,2018-05-15 19:07:02,2018-05-15 19:35:58,2018-05-16 14:49:00,2018-05-21 17:18:32,2018-06-04 00:00:00
01f99c97a2034ffb373556e8fdb5c7cf,3a9795ba3f6c5d04cbca83a5d29cfaf6,delivered,2018-05-08 10:50:38,2018-05-08 11:09:44,2018-05-09 14:51:00,2018-05-16 22:37:44,2018-05-24 00:00:00
006127b8b9a1681a982313ed7129c3c0,1aac2b5adf8aec2c00fe67d06aa8ebc2,delivered,2018-03-08 16:01:59,2018-03-09 02:31:25,2018-03-13 03:42:06,2018-03-20 22:27:30,2018-03-26 00:00:00
0a5862d87bffd3cfdc0615c7aafcf408,4138cbe661da10a8a2428754495ab8fb,delivered,2017-11-04 10:28:59,2017-11-04 10:45:22,2017-11-09 15:38:39,2017-11-21 20:28:45,2017-11-28 00:00:00
0909121693cdb66d170b212e65c2bf59,cd1437f95cf93146c0fdacd572480dd1,delivered,2018-06-26 15:35:11,2018-06-26 17:18:20,2018-06-27 07:56:00,2018-07-23 18:18:47,2018-07-26 00:00:00
054042ab7dc07121b53acdbe6837a3ce,76717af7e94ef8aab18364647e9ea892,delivered,2018-01-25 17:44:07,2018-01-25 17:55:28,2018-01-26 18:47:34,2018-02-15 19:43:02,2018-02-22 00:00:00
0c04a8d0583f8011fd121211aac94d05,6a3593ddb3fa10742d7f50578eb6820a,delivered,2018-05-10 12:49:00,2018-05-10 13:11:57,2018-05-11 12:25:00,2018-05-18 19:06:54,2018-06-01 00:00:00
0a7f55f1119615e9adba581bc94ee02c,344a27b3c9562cf236082962d1767630,delivered,2018-06-25 20:26:10,2018-06-25 20:35:20,2018-06-27 06:23:00,2018-07-04 21:06:48,2018-07-19 00:00:00
007bbb40c95870c0f75a7855f2636c65,72a46280034e63cc3703b1f969f65733,delivered,2018-04-24 10:37:50,2018-04-24 18:33:50,2018-04-25 15:40:00,2018-04-26 18:38:54,2018-05-07 00:00:00
0a0bb5e5ea635dc355ca8ef22dfac150,fd7f607e063c6ff3a6f6403b35d821c3,delivered,2018-07-08 16:27:03,2018-07-08 16:35:19,2018-07-10 13:29:00,2018-07-13 23:31:00,2018-07-30 00:00:00
0aaaf9abbd6e61df3d49c4d8e200bf2b,f61c9dcf020d4cecd99298cd3833ee7a,delivered,2018-05-15 18:32:52,2018-05-15 18:59:06,2018-05-16 14:26:00,2018-05-21 20:22:42,2018-05-29 00:00:00
02332b54c758506809fd87d9c2748086,b7fefe142962b04fa4d97b8bec20f8a1,delivered,2017-11-06 12:48:43,2017-11-06 16:58:07,2017-11-06 18:46:48,2017-12-11 21:52:38,2017-11-28 00:00:00
0866001f9f2ff47df177b77ce6abecd4,acb794270abe7a3049df2793c2da7f5c,delivered,2018-07-12 05:34:34,2018-07-12 05:45:56,2018-07-19 13:32:00,2018-07-23 17:08:48,2018-07-30 00:00:00
040b9db3ba0a38c2c2b139d6604576c8,05401fad06eec92dc8a514d6f277d68b,delivered,2018-07-02 11:04:27,2018-07-02 11:15:16,2018-07-03 07:39:00,2018-07-03 15:58:53,2018-07-16 00:00:00
043f43899c67438005004d160d18f55c,8f017d0d38c8cc245c816da55fe4a590,delivered,2018-06-13 19:59:40,2018-06-13 20:21:11,2018-06-16 08:46:00,2018-06-19 18:04:36,2018-06-28 00:00:00
05ec9565bccc292561dec1d33bfefdfa,928194af995122dd13f29b05cedc6a68,delivered,2018-08-05 11:15:46,2018-08-05 11:30:16,2018-08-07 10:34:00,2018-08-10 19:12:12,2018-08-15 00:00:00
07bebda8aee4b9a600d9c2c1a73f93a5,bc3944c929f6bef6cfff35bf6473781d,delivered,2017-10-26 16:52:36,2017-10-26 17:32:23,2017-10-27 16:04:05,2017-11-06 19:46:41,2017-11-23 00:00:00
02a96c679e6086ecd026c42a83136068,d911a2fb88a320f9a86188bd9c6bd47f,delivered,2017-12-19 09:55:01,2017-12-19 10:11:35,2017-12-19 21:58:29,2017-12-26 16:07:11,2018-01-12 00:00:00
0209ef2fa3cce5eb798c98f5b6142849,1735aa00e7e53aafa92b65a536089fdb,delivered,2018-02-24 22:44:28,2018-02-24 22:55:29,2018-02-26 21:13:56,2018-02-27 21:21:34,2018-03-12 00:00:00
049c19712aca2d6e4ddc43c83183cdf6,6ed3266befbae92b0eed83e8bde7ca27,delivered,2018-04-14 11:42:40,2018-04-14 11:55:17,2018-04-17 00:42:39,2018-04-23 23:21:53,2018-05-09 00:00:00
002af7fa9eb99d1456bceb6a13d6fc0b,bacf5021c97183a2a3946dff31e56098,delivered,2018-02-18 18:46:28,2018-02-18 19:46:50,2018-02-19 20:35:16,2018-03-12 18:15:42,2018-03-15 00:00:00
01e4eeac4002b2e57b7ada6bc3a3c38f,73b858b84d3afef2fdc6a26f3ee8c6f7,delivered,2017-08-01 18:44:07,2017-08-01 18:55:11,2017-08-03 18:32:51,2017-08-08 20:33:42,2017-08-21 00:00:00
0c16f8307002e4ec5c616b4824fef268,fb72b7779e168d8e34a6400ff4c30c29,delivered,2018-04-17 09:30:22,2018-04-17 09:51:23,2018-04-17 19:32:31,2018-04-28 16:32:36,2018-05-14 00:00:00
04e45523ce26353e6ba6a713afd77b82,1621186550be18f3174537f01be9a088,delivered,2018-02-27 14:09:55,2018-02-27 14:29:06,2018-03-02 02:14:10,2018-03-20 22:03:34,2018-03-19 00:00:00
0c7a17af18a4180dbfee261ce22edb69,73c2df352cbd86c80f9aaa6da043d2f1,delivered,2018-03-17 17:38:38,2018-03-17 17:51:01,2018-03-19 23:48:20,2018-03-20 16:03:18,2018-04-05 00:00:00
0b710815eacb6ac13165d4cf70dbd5cf,48c75023334a516ed72d8dfb615be9d2,delivered,2017-02-18 17:26:05,2017-02-18 17:42:35,2017-02-20 14:20:33,2017-02-24 05:11:47,2017-03-21 00:00:00
003a94f778ef8cfd50247c8c1b582257,da108bc410acffb1400cf9caea65a332,delivered,2018-08-03 14:52:31,2018-08-03 15:05:14,2018-08-06 14:12:00,2018-08-24 00:18:38,2018-08-15 00:00:00
0ae3b855f8b744f0999f8dd01e3598f0,98fc2f89ab49b52794051074ef9fd395,delivered,2017-08-01 15:14:09,2017-08-01 15:35:26,2017-08-03 21:32:46,2017-08-10 18:27:39,2017-09-04 00:00:00
037f6ef7fcfd0d80ea84dbe396972f6d,54fef4bb475376e95000143add7a1557,delivered,2018-04-23 16:43:10,2018-04-24 20:10:14,2018-04-25 14:43:00,2018-04-26 21:51:30,2018-05-10 00:00:00
0a6941f89f53dc1f622f877b23601ed7,b4051bb7f29ee4b588846c865187bd9f,delivered,2018-06-03 10:45:31,2018-06-03 10:55:20,2018-06-04 11:17:00,2018-06-08 00:38:26,2018-07-23 00:00:00
05cece27facc8007b2952d0b5bbfe9d6,8eb45c23e35fbd73046416ab84202f3c,delivered,2018-01-26 14:09:20,2018-01-26 14:22:18,2018-01-30 14:25:04,2018-02-08 16:12:43,2018-02-22 00:00:00
04711aafa1156335ba1ea7f6f7b7daef,fac293f9f6919969f4172b0bd1dc3c42,delivered,2017-11-05 22:04:34,2017-11-07 07:30:33,2017-11-07 21:46:51,2017-11-16 15:58:25,2017-11-29 00:00:00
044496e055fca9c2f17e1309e77a48b6,9d31491a1bcaf9849aaf5459d56971d6,delivered,2017-09-13 07:59:23,2017-09-13 08:10:07,2017-09-13 20:32:46,2017-09-18 22:42:30,2017-10-11 00:00:00
0a9578b7213cdc97d31f2e5b5a359bdf,5584b1ace8b18cc156ce51b989fd2958,delivered,2018-05-01 18:47:44,2018-05-01 19:13:22,2018-05-03 12:28:00,2018-05-10 19:55:18,2018-05-24 00:00:00
08fa8b49ff198d1332df4668087150ed,a45bb6b2defa953b1e4025c6f40532a0,delivered,2018-06-02 13:50:53,2018-06-02 14:12:15,2018-06-06 15:43:00,2018-06-09 17:16:48,2018-07-05 00:00:00
00fc308dd7f0937682698becaa9dcc45,f40f31f8bfcc5f74d9d246354b90af09,delivered,2018-08-20 19:51:32,2018-08-20 20:10:12,2018-08-22 14:26:00,2018-08-28 01:52:03,2018-09-06 00:00:00
003822434f91204da0a51fe4cf2aba18,327679cc34d41d4c48ee5e55246aa6d6,delivered,2018-06-13 14:10:54,2018-06-15 02:37:21,2018-06-15 14:48:00,2018-06-19 13:34:35,2018-07-20 00:00:00
0c5f42741cb893d18fdbdce191decef5,a1c1928fbe0263c93dd26d1c061b586e,delivered,2018-06-30 18:00:34,2018-06-30 19:10:17,2018-07-02 14:01:00,2018-07-06 17:47:54,2018-07-26 00:00:00
09c03e22399940d7e6fb194297ae84a3,48d41600b11988788665a2442780e992,delivered,2018-06-12 22:39:32,2018-06-12 22:59:48,2018-06-13 15:56:00,2018-06-15 19:58:42,2018-06-21 00:00:00
03b769c4844b71608c388fcf6f4287d4,dbef5eb24f60585a8d9b2b118aee84de,delivered,2017-11-20 20:21:13,2017-11-20 20:31:50,2017-11-22 22:32:36,2017-11-24 22:33:05,2017-12-01 00:00:00
0bea7c54ed17281e684c8bc1191e0272,a587568552acc7996edef3369f972bde,delivered,2017-03-11 15:04:29,2017-03-11 15:04:29,2017-03-13 09:27:59,2017-03-17 14:19:19,2017-04-03 00:00:00
05861bbf66a8cc3d5cdb6db76fece371,a0004afe35efb0e69a20cbe006d17e05,delivered,2018-04-17 18:04:16,2018-04-18 05:11:27,2018-04-18 16:22:28,2018-04-19 16:54:37,2018-04-30 00:00:00
08273b57741a2ee2f20725323393b0a2,422c1063e6bb4e39e0f40de0c06450e7,delivered,2018-04-08 21:10:37,2018-04-08 21:29:24,2018-04-10 02:22:01,2018-04-10 19:18:45,2018-04-25 00:00:00
07528311766b5aa54d193747c66663df,36cdc8dbf199fc4fed2822ddc0d07c7d,delivered,2018-02-27 21:49:09,2018-02-28 21:48:29,2018-03-05 19:28:39,2018-04-16 20:46:25,2018-03-23 00:00:00
09fd9b0402ed675bbd1ee1e81171ac7c,06d529bccb0825265d8b5b73c66e53d8,delivered,2018-08-18 21:36:49,2018-08-18 23:31:32,2018-08-20 13:47:00,2018-08-29 20:17:39,2018-09-21 00:00:00
08e9e443708079a97897e24456987f83,3ba82631bd5d98cf9aed23c57a08cc13,delivered,2017-11-26 05:14:06,2017-11-28 05:18:06,2017-11-29 22:24:44,2017-12-02 00:44:47,2017-12-11 00:00:00
0bfda094bb90714ad608c1b0bd16a458,224596c5a40f0b3fab3be69edd4db8b1,delivered,2017-12-07 10:31:38,2017-12-07 10:52:38,2017-12-08 20:08:52,2018-01-05 17:04:15,2018-01-08 00:00:00
0c13a63ac0ab32f6187a8347b7a3ce2a,b987d527657e243b4f3e40ee0c54f601,delivered,2018-04-26 14:14:34,2018-04-26 14:30:23,2018-04-27 14:00:00,2018-05-04 13:28:45,2018-05-22 00:00:00
0bcaf262925111aa4be36f35bcb92fdd,b28cfa829bf591383854c3fe2bc809da,delivered,2018-04-08 19:26:09,2018-04-08 19:35:20,2018-04-09 18:52:26,2018-05-04 19:26:35,2018-05-10 00:00:00
0ab49faaefb509c82d19a0d26239a4e3,c10b88c988a53a341a80374467f2251b,delivered,2018-02-25 15:27:02,2018-02-25 15:35:24,2018-03-05 21:04:30,2018-03-15 18:03:37,2018-04-03 00:00:00
0113c9989fe6e5007795daec0633b405,b655e5fd84f933787506b58d4060458c,delivered,2018-06-25 13:18:44,2018-06-25 13:34:00,2018-06-27 09:06:00,2018-06-29 22:14:28,2018-07-17 00:00:00
02a9c0d24428f373731752bcc9719ebe,2d99f1ab585a5ca8c2d77dd6fa57eae4,delivered,2017-06-11 11:00:52,2017-06-11 11:10:21,2017-06-13 11:14:06,2017-07-13 14:13:39,2017-07-04 00:00:00
0b9a8b8e703c7c54c11e7f2a057d3cfc,5a6661b43e78a355ca55ac1443db9e50,delivered,2018-03-11 09:27:22,2018-03-11 10:29:30,2018-03-12 18:59:42,2018-04-11 21:38:53,2018-04-13 00:00:00
0b39d78b430d574a6eafefe82c11b4a3,3e3aac425794c9d8f210c7fe2daff787,delivered,2018-03-01 09:01:53,2018-03-01 09:15:25,2018-03-10 01:48:30,2018-04-02 23:07:59,2018-03-20 00:00:00
0517edc6ddee491e072a844bfbb54c86,264b1a5854f238bf3424eb75a27d7d66,delivered,2018-04-26 22:38:28,2018-04-28 03:11:13,2018-04-30 13:11:00,2018-05-02 23:26:46,2018-05-07 00:00:00
0ac1d3244719cbbfbc0574631fb0186e,ac56ffb080fb67333f922591764855c5,delivered,2017-11-01 10:42:25,2017-11-01 13:31:18,2017-12-04 22:52:16,2017-12-08 15:58:33,2017-11-29 00:00:00
05e28a6a1994b77257df51a5e304b6ab,756d469ce2dc599ff5dcda8440dc5417,delivered,2017-11-24 20:55:09,2017-11-24 23:56:02,2017-11-28 19:42:24,2017-12-07 21:37:12,2017-12-26 00:00:00
06bd4e8d281ae8780eadabe2f8886368,4dd3a0f00eda9c4ec8d3b86cf231823c,delivered,2018-08-15 11:24:01,2018-08-15 11:35:25,2018-08-16 14:25:00,2018-08-21 20:20:59,2018-08-31 00:00:00
0248cb6c91b223b74dc554e1d2c2a59d,720f9eb7343c0fb80260074ae6c3fc35,delivered,2018-04-25 17:50:13,2018-04-25 18:10:11,2018-04-26 13:44:00,2018-05-08 21:24:39,2018-05-25 00:00:00
0c371b43b9718b0e9412b2b496c96178,c395be79a22d8f63692e48a68edf3199,delivered,2018-06-10 09:39:11,2018-06-10 10:30:47,2018-06-11 14:28:00,2018-06-12 19:18:44,2018-06-20 00:00:00
0512553e39efd59a9572ce7eebacd43a,0fb9deeb22eef8579c6104c8b1007f19,delivered,2017-10-26 08:48:12,2017-10-27 03:07:02,2017-10-27 19:03:25,2017-11-20 18:22:05,2017-11-16 00:00:00
09ab8a3234b24017600673c296756fdf,5c40be15b2c8fc641d9a1fc0493ac2bf,delivered,2018-01-22 11:14:54,2018-01-22 14:53:25,2018-01-23 21:12:08,2018-02-04 15:33:02,2018-02-19 00:00:00
06adc78b559bb5077b7748618fb45c17,2e666de5b2240e7418d06135ff3b95aa,delivered,2017-08-31 11:56:14,2017-08-31 12:05:18,2017-08-31 19:13:44,2017-09-06 22:41:37,2017-09-21 00:00:00
03d61f050de69049f4153f164c6f78b5,801ab7c35919d6c252d9d983a07103ba,delivered,2018-07-12 21:38:13,2018-07-13 08:44:05,2018-07-20 12:24:00,2018-07-25 15:17:29,2018-08-01 00:00:00
081acb555a1113c7c97b5c19a34852a1,5eefc6c2bd7d572ca6fedbf4bc92f495,delivered,2017-07-16 20:38:03,2017-07-16 20:50:15,2017-07-17 19:07:31,2017-07-31 19:57:43,2017-08-16 00:00:00
0c41f512e2783cc1d84227b9afee153d,975ba3a74e5c88391c411030324032c6,delivered,2017-07-27 11:31:24,2017-07-29 02:30:41,2017-07-31 17:59:52,2017-08-07 18:02:37,2017-08-18 00:00:00
0822275bffed889280029c0c32b003e6,8271ceeaf964f129bcc35e89a3d4520c,delivered,2018-02-05 13:12:47,2018-02-05 13:30:45,2018-02-06 21:07:48,2018-04-05 21:32:46,2018-03-01 00:00:00
06c5e0b010707e400bcc627771a27226,d22be3ef41b2dd919e8a0f327a02f284,delivered,2018-03-26 16:53:54,2018-03-26 17:08:08,2018-03-29 19:59:03,2018-04-13 00:38:35,2018-04-12 00:00:00
086cb9cd0cf7067d77fe09f31620a52b,7df0b66f0f2cba22ba501317ba7c69f9,delivered,2018-06-20 09:09:04,2018-06-20 17:00:45,2018-06-21 14:31:00,2018-06-28 12:54:48,2018-07-25 00:00:00
031cf625cad56f5761e51c2675f0c0ae,024528dfafe67bb6421ef6e6da9adc9e,delivered,2017-03-18 06:52:28,2017-03-18 06:52:28,2017-03-20 08:02:03,2017-04-04 08:36:54,2017-04-27 00:00:00
082143e4f5f63e4e768aa4d5c70d0d02,24d8bb5ce835d746abf0d7aed090dbcb,delivered,2017-06-14 20:34:06,2017-06-14 20:55:18,2017-06-16 15:07:36,2017-06-26 13:47:53,2017-07-07 00:00:00
0c5c8063a673f3c44b6499053e534ccb,3b0841e521dffa992a8ef9e4e00b2c9e,delivered,2018-01-08 20:04:06,2018-01-08 20:12:30,2018-01-10 19:28:08,2018-01-17 18:59:02,2018-02-06 00:00:00
09f7918cf38caeef665ddea1a74a6a5c,35189beb274359f6244b9b70af5cd87d,delivered,2017-10-03 12:08:42,2017-10-04 03:07:25,2017-10-06 20:29:41,2017-10-11 22:45:00,2017-10-25 00:00:00
07bcb0695fd4e3121e2fae21fbef3d28,4b63383d57d7b45e8c7df93cdbc5029d,delivered,2018-07-25 14:38:30,2018-07-25 14:55:10,2018-08-01 16:27:00,2018-08-03 16:56:38,2018-08-14 00:00:00
03211eda276999d5eaa8a167a4b6286a,a1c4fffd5de4478c21989bd29f9a4aa4,delivered,2018-06-22 18:47:50,2018-06-22 19:19:09,2018-06-26 14:23:00,2018-07-05 14:11:38,2018-07-20 00:00:00
0ccc4bf75e4ae3839f210bd0381c964a,06a41c2a3c926fc7b680fbf3d3589a4d,delivered,2017-11-29 10:14:34,2017-11-29 10:30:27,2017-11-30 14:48:59,2017-12-11 20:07:17,2017-12-20 00:00:00
0a45ff140fcaf02e1b09ca845b0ebb13,57fd872e13a43d2832a5727837bc800b,delivered,2018-02-04 19:14:58,2018-02-04 19:30:20,2018-02-06 00:38:44,2018-02-07 20:36:34,2018-02-21 00:00:00
02748e01a6356d0e5072ac06f4dd0bc4,438df7b1a12e7eb43f99b35531167e0a,delivered,2018-06-04 21:38:25,2018-06-04 21:53:21,2018-06-06 13:35:00,2018-06-14 01:41:48,2018-06-28 00:00:00
07242ddf6ad8487cbbb700fd9ca45906,d05a2fc75287e80ba6aa6c9958d2abb2,delivered,2018-02-25 19:54:16,2018-02-25 20:08:16,2018-02-27 23:53:22,2018-03-26 23:42:16,2018-03-22 00:00:00
08915f902759876fcac1ccf9bbc966cf,fb83c8cb9ecf4b1cbf1c4f56795d91f2,delivered,2017-08-18 20:41:08,2017-08-19 12:30:21,2017-08-21 13:33:32,2017-09-01 21:24:49,2017-09-22 00:00:00
01dfa7b5bb8dcd546273e480c27043bc,6a9b5719c17e4f44e30d33c298c0739e,delivered,2018-04-27 10:01:33,2018-04-27 10:15:31,2018-04-30 15:24:00,2018-05-09 18:42:54,2018-05-16 00:00:00
06b29dbcb820a53c15525933a91ada27,0ef6c3eb9b6225c4e6e938b4d1016713,delivered,2017-10-16 22:33:02,2017-10-16 22:49:29,2017-10-17 15:51:17,2017-10-19 21:53:52,2017-11-01 00:00:00
054316a4a3afc149108b6b1431d11274,f22c368483fea4ae42665976c5e5bdd3,delivered,2017-07-21 08:50:38,2017-07-21 09:02:54,2017-07-26 15:53:49,2017-08-02 21:05:03,2017-08-14 00:00:00
000e906b789b55f64edcb1f84030f90d,6a3b2fc9f270df258605e22bef19fd88,delivered,2017-11-21 18:54:23,2017-11-21 19:09:02,2017-11-22 20:46:54,2017-12-09 17:27:23,2017-12-07 00:00:00
05bc55c2402923914487bf644d917ad5,3f00c5554323c1de1b010995f7bdbbd2,delivered,2017-12-01 15:17:48,2017-12-01 15:30:50,2017-12-07 18:44:45,2017-12-20 18:39:07,2017-12-26 00:00:00
00229e4e43f7a7e0b9dd819ad43268d3,655418b3cc52d17ccb5b4330a7f03197,delivered,2018-03-31 16:41:54,2018-03-31 16:50:11,2018-04-02 22:38:53,2018-04-05 19:02:44,2018-04-26 00:00:00
030475e22d114f70be1a265fee326192,09fdefd1702f72c144ad0de71d639900,delivered,2018-04-23 16:06:44,2018-04-24 19:10:38,2018-04-24 16:50:50,2018-04-26 17:24:47,2018-05-16 00:00:00
092ae7e7141e3d69ecd0935d97e14fd9,6e27bba7912469fdd0527f2c6c8ea100,delivered,2018-01-17 09:19:54,2018-01-17 09:31:07,2018-01-19 20:35:16,2018-02-08 22:43:16,2018-02-16 00:00:00
03104945dce5c57f748dbb3dbd62daeb,015f98a7155c15075a5f77a37a8205ed,delivered,2018-06-27 22:22:24,2018-06-29 02:55:20,2018-07-04 13:07:00,2018-07-10 16:41:18,2018-07-20 00:00:00
028116828b6e9f2b8070f1c4f66c68f0,8f0352cfaa71a939a2aa8dfc4b4165fb,delivered,2017-11-16 12:30:43,2017-11-16 12:50:45,2017-11-17 14:18:29,2017-12-01 18:09:55,2017-12-12 00:00:00
097d6bb9430467d7744c857f5d023959,1844a112247f91a8d724251978df5a4b,delivered,2017-11-15 11:53:35,2017-11-15 12:16:24,2017-11-17 21:38:31,2017-11-21 21:58:16,2017-12-04 00:00:00
0baf99fae5355ac5c8b31a2d33fd830b,c3d289c17f8f7ff380061f524006e8ba,delivered,2017-05-31 09:12:51,2017-06-01 09:05:13,2017-06-02 09:04:44,2017-06-08 14:54:26,2017-07-04 00:00:00
0c51a7661156c6f9ae61b33610dca175,84dc684f01a447dec8a0f76530e5894c,delivered,2018-08-26 23:31:24,2018-08-26 23:45:08,2018-08-29 13:03:00,2018-08-30 21:32:38,2018-09-05 00:00:00
0711187b308dcd4265872d4d1b565b06,759f9fb2ea5a4a789bf67139e484cb1f,delivered,2018-02-25 19:25:59,2018-02-25 19:47:54,2018-02-27 22:22:48,2018-03-09 13:26:28,2018-03-21 00:00:00
00d50baf1bc56a3c59de1810a6b84b0d,430dae64e910e717c1135ff28b67aad2,delivered,2017-05-23 21:55:24,2017-05-23 22:10:12,2017-06-01 11:55:31,2017-06-28 11:19:37,2017-06-23 00:00:00
0625530241d6fc5812c0062962c29a7e,5a5ff214d077aa3eb285242ed7e36c4d,delivered,2018-06-24 18:35:49,2018-06-24 18:55:46,2018-06-26 09:28:00,2018-07-03 19:25:49,2018-07-24 00:00:00
09c103240d66c0e0d945071a9518d6ee,247741a92e8790b27cea613f7a5d4f79,delivered,2017-02-03 22:33:38,2017-02-03 22:45:09,2017-02-07 17:03:20,2017-02-15 18:55:59,2017-03-02 00:00:00
05eb212cd5b01c76bdb5215a49df19b6,efeb1f8a504d300879922d4cd4a8a0d4,processing,2017-06-28 21:28:34,2017-06-28 21:45:14,,,2017-07-20 00:00:00
0b1651a280049a50402bc56d50785c3c,1681ec16c9d648d3ce572488919a48d6,delivered,2017-09-28 13:13:18,2017-09-29 02:30:57,2017-09-29 20:18:50,2017-10-16 15:58:49,2017-10-24 00:00:00
0c3a3b87904bb79c4042f7e75896b56a,7ae2c19d2a758e510d43a9ba38abf6d3,delivered,2017-12-26 19:09:28,2017-12-26 19:17:25,2017-12-28 16:19:01,2017-12-29 17:19:03,2018-01-16 00:00:00
07c670122da5df034ba8618528ed9bc8,f0e4a95200a47e2ae1aa8e8c1af0b24c,shipped,2017-08-16 19:23:50,2017-08-16 21:04:42,2017-08-18 18:31:57,,2017-09-08 00:00:00
08e4ca5f437f69407fb01cabd2d7a0b8,597bd0e14e006030f62d7f250c38cdc8,delivered,2018-03-29 11:14:04,2018-03-29 11:28:09,2018-03-29 23:27:22,2018-04-09 18:14:51,2018-04-11 00:00:00
0b82a32f3caec8e9157049e294486ade,f3a7ebd01294cc0c18f30693542694e0,delivered,2018-02-19 15:33:55,2018-02-19 16:35:26,2018-02-22 17:17:04,2018-03-05 20:34:32,2018-03-19 00:00:00
070492c570207c7d9207ed0eb2254ec7,a639eb942974831cb8c12bd71c43c91e,delivered,2018-05-03 10:16:09,2018-05-03 10:57:15,2018-05-03 13:05:00,2018-05-09 13:59:10,2018-05-22 00:00:00
0965b209e76b9ac20f7dc673c735ade3,62beebea8629d73ab3ca95c23ed239ae,delivered,2018-02-08 09:30:54,2018-02-09 02:55:51,2018-02-09 22:17:22,2018-03-07 20:35:18,2018-03-07 00:00:00
0af034558afede965f6b00c62d5176ed,215b793742b8f48abd2a927ff9a5ec94,delivered,2017-12-26 13:20:27,2017-12-27 04:08:46,2018-01-17 20:03:06,2018-01-24 19:46:34,2018-02-02 00:00:00
032b42b17fe9daa676ba9447f3dbbd0a,566725ddad946bd0c0934125dc3126bd,delivered,2018-08-06 22:30:04,2018-08-06 22:44:39,2018-08-07 12:53:00,2018-08-16 20:41:29,2018-08-13 00:00:00
000e562887b1f2006d75e0be9558292e,2b01d668726fb0b751c55918c0437b7b,delivered,2018-02-22 11:54:42,2018-02-22 12:08:37,2018-02-26 14:18:32,2018-03-12 18:46:34,2018-03-19 00:00:00
006557c3221c1fcd02b0106343ab357b,ca9e43d2589e04a0608d8989d5c5452d,delivered,2018-02-23 14:36:15,2018-02-23 14:51:13,2018-02-26 22:51:58,2018-03-02 17:28:56,2018-03-23 00:00:00
068d6b1cc2388cb0c5dcff8815760818,20739257747044d02d19276bacd71f66,delivered,2018-07-16 13:14:48,2018-07-18 02:41:50,2018-07-18 09:46:00,2018-07-25 23:28:48,2018-08-01 00:00:00
050c064324e4ea0fd891e928b776a24a,50fa7b568bb20a89723d9e7361ea6455,delivered,2018-01-09 16:43:47,2018-01-09 16:53:49,2018-01-17 14:04:00,2018-02-09 17:29:45,2018-02-15 00:00:00
0550cddd79cea841641e17c802d9c403,02385ca219b24812b4c7c65818e3b06a,delivered,2017-08-09 16:57:21,2017-08-10 06:45:12,2017-08-11 13:49:40,2017-08-14 11:25:51,2017-08-22 00:00:00
0c2a184d46c54e6a31e9d7a2a920b4b4,15cf1c39f5851adb0bc3ed236060c8cb,delivered,2017-11-24 17:43:45,2017-11-24 21:12:55,2017-11-28 21:05:32,2017-12-13 16:42:36,2017-12-28 00:00:00
06351d6c05e58972856f24bc50d69b23,c5a92db38654f2f74f3983d03661e8ad,delivered,2018-05-08 19:38:58,2018-05-08 20:54:55,2018-05-11 17:25:00,2018-05-14 20:36:55,2018-05-21 00:00:00
0767f7b9a6d2c7db242000b27ca8e063,a4cba27784dff4e827894a6cf91fc55f,delivered,2018-01-02 15:38:10,2018-01-02 15:49:28,2018-01-03 21:41:30,2018-01-09 18:23:58,2018-01-24 00:00:00
07adbbb19edf0b09473e75febe708354,16ea3b34aa8c716158f26e5a07536ecc,delivered,2017-04-26 17:09:51,2017-04-26 17:22:23,2017-04-27 08:04:28,2017-05-10 12:22:15,2017-05-22 00:00:00
02c8da4642d8bb546d022a0701ea1b5a,6aa648d1941ad74851f11529a29d5fdf,delivered,2018-07-24 14:06:08,2018-07-24 14:24:35,2018-07-25 14:38:00,2018-07-27 16:35:35,2018-08-06 00:00:00
024ab991361d48e491b7dad2f172b43f,ef8a56cba316f40c236be1799e706e78,delivered,2018-05-17 17:25:10,2018-05-18 02:36:18,2018-06-07 07:48:00,2018-07-05 21:26:40,2018-06-22 00:00:00
04da77eda115c14a16e28e6d0bcdf33f,6710f7fe1c2f9abf00197047bea1fed7,delivered,2017-09-30 01:29:40,2017-10-02 08:56:25,2017-10-04 15:52:49,2017-10-09 21:37:28,2017-10-24 00:00:00
05e9e60e8b528b3563a1b1c2e8cfa64d,ec8315fb9315114eb8a8ed106264ff4f,delivered,2017-12-09 10:47:07,2017-12-09 12:51:02,2017-12-13 15:44:45,2017-12-21 18:15:18,2018-01-04 00:00:00
05a5446738fb49ff21e44d318df1189d,d71aac5df6dac25e0a45e04a3aad1bdd,delivered,2018-07-22 20:44:34,2018-07-23 12:31:57,2018-07-24 11:15:00,2018-07-30 15:51:49,2018-08-16 00:00:00
0a511bcdd22a725ca670b0102ac0be73,b68f0151da6430c27ff22bbc6752916e,delivered,2017-11-25 00:37:49,2017-11-28 03:41:51,2017-12-06 20:49:02,2018-01-04 22:22:44,2017-12-18 00:00:00
0b27e5029dd7bd0891b5da96fa33a93b,f18cdb6c4c7b85a238a9ececbe4112e2,delivered,2018-08-18 13:38:46,2018-08-20 11:49:51,2018-08-21 20:05:00,2018-08-30 12:32:42,2018-09-25 00:00:00
06d5cbe68295558fd6c48998db3ea397,e3b51585362f32e3e0292d6dccb80882,delivered,2018-03-27 14:04:31,2018-03-27 14:15:12,2018-03-28 21:25:17,2018-03-29 19:24:35,2018-04-10 00:00:00
082b1b681e5c80c5334f290e6d5a5405,27e0e2e588a88587fb90be5470fb57b2,delivered,2017-11-22 14:37:39,2017-11-22 14:48:25,2017-11-23 19:31:36,2017-11-25 14:04:47,2017-12-04 00:00:00
08f27a5ffb706cb79c10365101fe6791,ff3928bd6f5d6978c2515547ae381869,delivered,2018-06-24 17:35:50,2018-06-24 17:59:25,2018-06-25 14:39:00,2018-06-28 13:09:13,2018-07-20 00:00:00
06b7229726fb71407516395c69b6172a,daec67ae8b3c533bfcb79c3b3990d36b,delivered,2018-07-31 10:19:27,2018-07-31 11:00:06,2018-08-08 15:43:00,2018-08-14 21:57:32,2018-08-29 00:00:00
0136390286be8a34efdc801ed150568f,a666bb7a77916be2716fa1420c73c56f,delivered,2017-07-16 12:26:05,2017-07-16 12:35:15,2017-07-20 12:12:32,2017-07-24 11:38:47,2017-08-10 00:00:00
0cd74b0dbfef5f1f8dbdcb3128f0dc51,647b9b127ae2e74aec386da8e8d9018a,delivered,2018-08-10 19:49:22,2018-08-14 04:45:20,2018-08-15 10:05:00,2018-08-30 14:36:21,2018-09-14 00:00:00
070a8baa5e3a99e5eff94da597b78fa1,8f74e0e4e00e5811f6c80a9aa8661e0f,delivered,2018-06-11 23:16:52,2018-06-11 23:35:49,2018-06-12 11:39:00,2018-06-18 21:58:27,2018-07-11 00:00:00
05086b5a715c97d1971784b6ae899a6d,3cec5fcde75cb301d296c334e846f8e7,delivered,2018-06-26 13:01:38,2018-06-26 13:16:17,2018-06-29 14:16:00,2018-06-30 19:06:58,2018-07-11 00:00:00
0865bf48f1aecd458a5a2ff3211dee8c,a5b454391a2ec8f9245882a258186cda,delivered,2018-06-17 10:20:03,2018-06-19 08:56:46,2018-06-22 14:28:00,2018-06-25 19:06:38,2018-06-29 00:00:00
05a61d016706110ed3580eeba84e31c7,4b635ddad21743917c499f9b05204909,delivered,2018-06-22 12:06:01,2018-06-22 12:36:23,2018-06-25 17:50:00,2018-07-02 19:12:29,2018-07-23 00:00:00
00d29386638bbfd1331a2cd7ab91b5b5,df6e8e7769e4a072c31ca99bf69fab12,delivered,2017-09-26 17:47:16,2017-09-26 18:06:01,2017-09-29 19:43:57,2017-10-04 23:07:48,2017-10-18 00:00:00
09b866628e60ce05f3e25fcfde9722c4,7d4ebb5d17f45bb406048c8566bdc18b,delivered,2017-07-31 15:18:44,2017-08-02 02:55:40,2017-08-02 21:03:51,2017-08-09 14:55:38,2017-08-22 00:00:00
010c995323bc17d8156fbe2c37fed63e,eada5b345b1d846ca260ad12e8ec98cd,delivered,2017-03-25 19:18:00,2017-03-25 19:25:22,2017-03-28 13:05:48,2017-03-31 10:46:01,2017-04-13 00:00:00
03005a2f16aaf981d51d8ef44222444a,961ab7d1f30476935fd856403381435f,delivered,2018-02-04 09:59:39,2018-02-06 05:31:47,2018-02-07 22:47:05,2018-02-21 13:18:50,2018-03-09 00:00:00
0057199db02d1a5ef41bacbf41f8f63b,c664dc5de5b5f4184bc4ca0285b9f8fe,delivered,2018-01-18 17:05:30,2018-01-20 09:07:51,2018-01-23 14:33:54,2018-02-06 20:07:20,2018-02-20 00:00:00
0b2a86ad4de68092f2026ba5cdccc64e,bc3389e52abbda44032300e38db97c25,delivered,2018-07-16 14:01:05,2018-07-16 14:15:09,2018-07-17 14:25:00,2018-07-26 16:38:51,2018-08-07 00:00:00
08accb1f1ce9ae08483229dd246b8911,7614bd222d72753a5598941edc462392,delivered,2017-07-01 20:08:46,2017-07-01 20:23:52,2017-07-04 11:37:50,2017-07-12 20:47:54,2017-07-28 00:00:00
055b200c986fe0efa2547b28241c3318,564b67a0cc888d056a2a238c1cea6dfe,delivered,2017-08-28 21:24:40,2017-08-28 21:44:42,2017-08-30 13:26:53,2017-09-06 17:30:08,2017-09-20 00:00:00
0103878b7ed86b6ec873cfae01379472,e8a101d3de305ff620d4febe10137fd0,delivered,2018-08-16 00:03:16,2018-08-16 00:15:41,2018-08-17 13:25:00,2018-08-22 22:38:43,2018-08-31 00:00:00
0a8f1a36db93c2d10a0ff456e5550ae8,c0d8c122eb9b251748d380735ceb72b7,delivered,2018-05-02 10:44:40,2018-05-03 10:57:13,2018-05-04 06:22:00,2018-05-18 15:58:51,2018-05-23 00:00:00
07261a56ea5f8537a7bc47d5155d2f40,6778b46615b8624dc299c563ca6811a4,delivered,2017-03-24 14:40:58,2017-03-28 03:50:47,2017-03-28 13:03:10,2017-04-04 17:11:11,2017-04-20 00:00:00
014e78d1239f19fdcafd760d3e52f923,bd5dee4ca2945a0ecb54846178944df9,delivered,2018-01-26 10:45:35,2018-01-26 11:01:17,2018-01-29 21:33:48,2018-03-08 23:50:42,2018-02-26 00:00:00
016726239765c18f66826453f39c64e3,6204061101097bad0b25b3c4fce9ee8d,delivered,2017-06-14 09:16:44,2017-06-14 09:25:09,2017-06-14 13:53:32,2017-06-16 10:11:50,2017-06-30 00:00:00
09859a28d56f326d009da66f7d02e99d,921ea7f6e2a5645d5d1288696ed9c953,delivered,2018-08-06 20:31:45,2018-08-06 20:45:15,2018-08-07 16:53:00,2018-08-13 21:08:36,2018-08-16 00:00:00
02f6d9982a52e44cf5a2be82598d078d,d8d4839d9fecfbdc1641ecb1b22981ae,delivered,2017-09-16 20:28:28,2017-09-16 21:04:55,2017-09-18 14:02:52,2017-10-04 16:20:20,2017-10-10 00:00:00
08ce9cd3e783fce12327d4071e041fc1,21c486a006994b9f9a19f18a9c5c714d,delivered,2018-04-16 22:37:00,2018-04-16 22:50:27,2018-04-20 15:44:20,2018-04-26 22:28:41,2018-05-09 00:00:00
0660b9ab6d1e2653ba4395a095e58cad,77f27aecab797512134865f2631de5e1,delivered,2018-02-27 23:25:30,2018-02-27 23:35:31,2018-03-05 15:39:02,2018-03-20 21:22:05,2018-03-26 00:00:00
0a3c7a080b1152884a662e6da68906e7,0a788c899a1caa2d6a12019e8828fa88,delivered,2017-06-16 16:51:28,2017-06-16 17:02:57,2017-06-19 19:19:58,2017-06-26 12:07:56,2017-07-06 00:00:00
0cf3d6e83dcc1117999a235fd6dae842,9ef02e0bb31e88a1fde897b4adc31233,delivered,2018-05-28 12:59:14,2018-05-29 03:31:17,2018-05-29 12:40:00,2018-06-11 18:46:20,2018-07-05 00:00:00
099c89b21c9d60fe648ec0bbd837bb3e,d734d17e8f83265b2dd1054ca7990b57,delivered,2017-10-02 13:24:23,2017-10-02 13:49:37,2017-10-06 15:33:50,2017-10-09 15:38:19,2017-10-18 00:00:00
034e23cd76658cb8d602b1f1e42be7e6,8d8b6ea6bb05c408ebafbe40f2e14021,delivered,2017-11-13 22:24:25,2017-11-13 22:35:27,2017-11-14 14:21:37,2017-11-20 23:48:25,2017-12-01 00:00:00
09026ebcef956ddfbc9af4af7c46d377,7623a517e40b45628d3c89bbce2eb1f4,delivered,2017-09-19 14:01:19,2017-09-19 14:10:50,2017-09-21 15:32:26,2017-10-04 22:55:46,2017-10-10 00:00:00
071f0c6c7702218addddcbef0d46f76a,8bf2f12b614d32de2cb7ac7e1cc2602a,delivered,2018-05-22 22:17:10,2018-05-22 22:38:01,2018-05-25 14:06:00,2018-06-08 19:12:43,2018-06-12 00:00:00
0cefa8913dd1e629ba0ab5da5ae6bdf8,0f5c8f3aaa4da4fe842ed055aa9fb606,delivered,2018-01-05 09:54:23,2018-01-06 02:08:23,2018-01-08 17:42:46,2018-01-20 12:59:27,2018-02-05 00:00:00
044c27c9fb6d9b51bba0efa1fd726c97,0b06b92f20cf1c739acdceb0e6f6d937,delivered,2018-04-05 15:25:53,2018-04-05 15:49:23,2018-04-07 01:22:12,2018-04-10 17:51:07,2018-04-25 00:00:00
0828ce181ff4d87d201f07043986d0d2,2d09dfc044031584fc09a6c003c06953,delivered,2018-07-15 15:09:05,2018-07-15 15:23:59,2018-07-16 16:31:00,2018-07-24 23:28:24,2018-08-06 00:00:00
0c5ba56a140a9fea3b9815c2a191c47b,ad19729359871232cb5b33a9fabc1793,delivered,2018-04-05 14:42:16,2018-04-05 14:55:12,2018-04-07 00:22:28,2018-04-09 15:47:24,2018-04-20 00:00:00
033b0e94801f401cd19503fec4b784d6,92e31a98ed57084b5b8d4a0457b12fa1,delivered,2017-09-27 21:49:59,2017-09-27 22:07:09,2017-10-04 18:09:08,2017-10-23 12:27:46,2017-10-31 00:00:00
05bef443b850685058070c9e781988e8,4ff3f3945300d8e040f2906998401e92,delivered,2018-05-30 16:33:11,2018-06-01 10:52:26,2018-06-01 13:54:00,2018-06-26 19:03:40,2018-07-05 00:00:00
02754590c907eb40ac34ed9b446970f6,d667ea9696496830a23ff4a8e38db1e3,delivered,2017-08-20 11:09:18,2017-08-22 07:05:17,2017-08-23 17:41:21,2017-09-04 22:33:05,2017-09-25 00:00:00
03d9b0241efc2b1690172701f6800f21,b5e467a2fd8bbb9e93feecceae7f4261,delivered,2018-07-01 22:44:13,2018-07-05 16:05:42,2018-07-10 15:16:00,2018-07-13 15:48:41,2018-07-25 00:00:00
0b8e4fe7f85610340424b314dc68c366,b204afb461c278e57b4d2edb8cc947e9,delivered,2018-08-16 12:07:49,2018-08-18 03:09:31,2018-08-20 08:26:00,2018-08-27 18:52:51,2018-09-04 00:00:00
0252299d97791cd5879873cba920d1f7,0ef08c64c1b6a57d81ced188dd485805,delivered,2017-10-20 12:37:34,2017-10-24 03:35:32,2017-10-25 15:45:36,2017-10-31 20:17:36,2017-11-16 00:00:00
0c4c42e7e040dc423699b1d019b684e1,595a27292ecd8550ade73b5a81236879,delivered,2017-11-30 20:18:49,2017-12-02 02:52:18,2017-12-07 23:12:17,2017-12-22 22:48:38,2017-12-29 00:00:00
06db57a9e774a7fbdb7c8ee188baef65,54ba530ce202f1554612132ba1d8b42a,delivered,2017-10-17 14:02:53,2017-10-17 14:14:37,2017-10-18 18:38:50,2017-10-24 17:07:58,2017-11-09 00:00:00
0620816b111616c1a7c0e03f8929bc4a,582af08f73e4b20bd0588b19280e87c1,delivered,2017-07-22 01:48:39,2017-07-23 01:55:12,2017-07-26 00:49:52,2017-07-31 18:14:10,2017-08-09 00:00:00
044b08f176981f660b98a85c559ad57d,de50f74e6eaf84cfbf83ee0c30ff3575,delivered,2018-07-18 18:43:04,2018-07-18 18:55:20,2018-07-19 11:50:00,2018-07-24 21:18:37,2018-08-01 00:00:00
055e121a8cefa5494be46fea4bd4f3ab,1b9aa90d016ad2968af5de5ec7cf0d64,delivered,2017-05-24 12:59:32,2017-05-24 13:10:17,2017-05-27 01:54:37,2017-07-14 12:12:40,2017-06-19 00:00:00
0a393be90b03100dcea4aa21f2e027ec,175cd17c9e0cedbb8234469ec003c4a6,delivered,2017-11-18 16:04:57,2017-11-18 16:26:11,2017-11-22 00:16:08,2017-12-05 15:25:32,2017-12-15 00:00:00
0c7e21efc59802d22c10a8fd7d3501ab,b685d8c2aff49286039c7893080fba73,delivered,2018-08-16 15:29:48,2018-08-17 03:31:09,2018-08-17 13:49:00,2018-08-28 20:08:48,2018-08-28 00:00:00
0356e39820a87bee3544a2025249451a,866dd245d597f9bb5288d41286834c83,delivered,2018-05-24 13:22:10,2018-05-24 13:39:18,2018-05-25 09:42:00,2018-06-05 15:36:45,2018-06-20 00:00:00
032f490884e03049a3ec0379ea0abb82,09f1f35ba98e019dc3e29823af2954fd,delivered,2017-06-08 16:45:05,2017-06-10 02:50:30,2017-06-13 08:18:45,2017-06-22 17:06:02,2017-07-10 00:00:00
0c0c0f650ac2a2a5be13771662829d5e,ae6df2d35c8f67cdb9ad5648033a1a2c,delivered,2017-12-27 21:13:29,2017-12-27 21:26:41,2017-12-28 17:05:27,2018-01-08 15:37:42,2018-01-31 00:00:00
012e93f8170eb75b2f2f650629d04517,247d810acdcbc96b05e98fa5ddbc250e,delivered,2018-02-01 23:27:28,2018-02-01 23:51:37,2018-02-02 20:37:35,2018-02-07 15:15:58,2018-03-01 00:00:00
0a76ae785560c5882874b2738c60d958,7c2b2f906d186327dc6e0fe22ed570d0,delivered,2017-08-02 12:48:40,2017-08-04 02:30:49,2017-08-07 18:08:04,2017-08-17 10:22:51,2017-08-28 00:00:00
07d13d352c85dfbfa60dc56dea818335,b3588b0dfd394759bb0048856f365c95,delivered,2017-01-22 23:07:15,2017-01-24 03:50:36,2017-01-27 14:21:25,2017-02-01 21:23:21,2017-02-28 00:00:00
070d0196420dc138bcfaa72cb10eea02,3bed766b475a1eb116f9bfa0121d75f4,delivered,2017-11-25 13:10:33,2017-11-25 13:33:16,2017-11-27 18:22:44,2017-11-29 04:28:50,2017-12-11 00:00:00
034afd1b074e35a1d1dcf70c4a5641b5,9d571c9e16be4b04343afa2d84d94352,delivered,2017-12-01 22:42:12,2017-12-01 22:54:29,2017-12-04 21:07:51,2017-12-06 18:15:04,2017-12-19 00:00:00
057b58254cebaa14e712b7beb7bfa9a8,944ef9f636fb17c976efe30712d21402,delivered,2017-06-16 11:50:58,2017-06-17 11:45:34,2017-06-19 16:49:42,2017-07-07 17:43:30,2017-07-25 00:00:00
08c50a01a3260630c82c21826c0061e4,bed1104f53cd020a3a410b93952bebdc,delivered,2017-10-10 14:41:43,2017-10-11 03:49:28,2017-10-11 17:37:35,2017-10-20 18:23:53,2017-11-07 00:00:00
0ad81eec70d65880c30299b73ac7945d,dd0530a5458545b42871ed1c67540afe,delivered,2018-06-12 07:34:01,2018-06-13 02:58:59,2018-06-13 13:40:00,2018-06-15 17:08:26,2018-06-21 00:00:00
07d3edf3fa2d24ebc102315c95ec89f4,f3f396000326939460be279082874605,delivered,2018-08-01 16:08:42,2018-08-02 05:05:09,2018-08-03 12:37:00,2018-08-08 21:35:56,2018-08-14 00:00:00
08ed4f84b1a078202e8da80c8d96dc77,934539e22ab6ba86337bce9541fa822d,delivered,2018-02-28 17:06:27,2018-02-28 17:30:08,2018-03-02 17:45:03,2018-03-09 14:28:23,2018-03-28 00:00:00
0348f1ca72aa738d53f585b01fc676f3,896be0715700bbc505b6fb32f4aa44a0,delivered,2017-08-17 00:16:05,2017-08-17 01:50:46,2017-08-18 13:24:30,2017-08-19 11:46:48,2017-08-31 00:00:00
079ad290e98bc46b5d7e0ce9fc15af1b,26165bf3490f385b45f860cae56f4135,delivered,2018-04-04 20:49:44,2018-04-04 21:09:16,2018-04-05 19:38:19,2018-04-09 17:44:54,2018-04-26 00:00:00
026f3440c258a87c9f6fb9c8e1bbb6e7,7518fa33beeab5aa7ebe84e85d36ef99,delivered,2017-10-18 12:36:14,2017-10-20 02:46:06,2017-10-23 21:12:59,2017-11-08 13:42:02,2017-10-30 00:00:00
0a68b93a3fda1e48b30171c8db35b938,2627062e62fbbad031ac86476ea46889,delivered,2018-05-13 09:52:51,2018-05-13 10:13:00,2018-05-14 10:47:00,2018-05-25 18:26:44,2018-06-05 00:00:00
0a327f9c209a8317bacc1f86dda65f52,aede7cf4fe90e191b431d682aab7b863,delivered,2018-07-31 12:54:10,2018-07-31 13:24:24,2018-08-01 06:40:00,2018-08-02 19:26:47,2018-08-03 00:00:00
040d14995ebc5de6373a0bc2b5485961,d4abe18305755e18089badeca5d274c3,delivered,2017-09-12 08:31:39,2017-09-12 08:43:31,2017-09-12 18:23:34,2017-09-20 20:09:56,2017-10-03 00:00:00
09df1b5edd28f22201dd19d1acccd5f3,082588d73998636420dc0c9b5589668c,delivered,2018-01-18 14:38:14,2018-01-18 14:56:25,2018-01-20 00:47:41,2018-02-17 01:19:00,2018-02-23 00:00:00
02d8a3fffa425e73385cc7f7a6518fbe,6104cde8d419deae69db335b70f5bf12,delivered,2018-04-27 12:20:35,2018-04-27 12:35:13,2018-04-27 14:53:00,2018-05-02 23:22:29,2018-05-10 00:00:00
04fecddbcf23f16238f35a21291ab7d0,5e36db9241439a2da5ba15f679116bec,delivered,2018-01-30 10:12:57,2018-01-30 10:30:47,2018-01-31 17:36:00,2018-02-15 19:19:04,2018-03-01 00:00:00
06e4e324b83309e575442446e34377d7,28635c64d8f2aee6e47124350f7ffb38,delivered,2017-06-21 22:40:33,2017-06-23 02:25:24,2017-06-26 13:31:18,2017-06-27 16:18:39,2017-07-05 00:00:00
0611a79fca63467aea19ba6f75536058,8f40d3fd9dc45300aa2922aa65d9570f,delivered,2017-07-10 11:49:42,2017-07-10 12:05:51,2017-07-10 17:47:26,2017-07-11 20:32:30,2017-07-21 00:00:00
053eb07a9c8d113f338336ff5544d18d,88741bb27ffaff281424cd7349bf090c,delivered,2018-04-19 12:24:17,2018-04-24 18:58:18,2018-04-25 20:34:00,2018-05-09 19:24:29,2018-05-17 00:00:00
03cf8d977a18ea1308ec10c0f7de2f4e,57523f30c7d806147639a898f023a462,delivered,2017-04-18 21:05:55,2017-04-19 21:10:10,2017-04-25 14:52:38,2017-05-02 16:05:17,2017-05-10 00:00:00
09905fd2dc65b5998da50f11ae3ed6f0,a8e4fcb04ab98006c138e1db0a084c28,delivered,2017-09-12 17:50:37,2017-09-12 18:04:33,2017-09-21 23:14:16,2017-09-26 20:06:49,2017-10-09 00:00:00
094dbecbb0ab054a620f21c04e82df03,ba24dd2a357ed4fed5ab575862f41b61,delivered,2017-10-01 13:26:22,2017-10-01 13:49:22,2017-10-04 19:36:45,2017-11-20 11:38:22,2017-10-27 00:00:00
08bd4784e35a8be0fa12c4f4f91799ac,2fe26fbd416acc13822475ab38f1a4f6,delivered,2018-08-14 12:01:09,2018-08-14 12:15:15,2018-08-15 10:05:00,2018-08-27 17:12:04,2018-09-13 00:00:00
09fc554c8d37d678a6c182c5592ea881,ba46a6f93e09ffb7a22fd2b705fe8d50,delivered,2018-04-16 09:39:24,2018-04-16 09:53:03,2018-04-16 19:53:33,2018-04-23 20:34:27,2018-05-16 00:00:00
02bcd06d9bfda1c2a4037560bed7b90f,888aec5eec463be5a9aba99e3dfd97b0,delivered,2018-04-16 17:47:15,2018-04-16 19:11:35,2018-04-17 16:42:44,2018-04-20 18:05:56,2018-05-07 00:00:00
031d26635bd08bb7f773e40be986cce0,7d445a9038b10dcb95db699dd5d9084f,delivered,2017-10-21 15:41:11,2017-10-21 15:49:25,2017-10-25 17:08:54,2017-11-10 18:57:26,2017-11-21 00:00:00
05a1daade893002ca3c8ec9253fbb1a0,561a193d7395d1f016e459d7fbc5aec9,delivered,2017-11-15 18:57:24,2017-11-15 19:06:31,2017-11-16 17:16:41,2017-11-25 12:57:05,2017-11-29 00:00:00
0948bd714f9f0ca68d9e70af5090d3f6,a2797e4ee0dd430eac06ca4b7eac8fde,delivered,2017-05-19 00:59:34,2017-05-19 01:30:21,2017-05-19 13:58:10,2017-05-23 18:39:30,2017-06-12 00:00:00
0a13aec53ae766fb150be89f7c93a73f,4fe821dfbeee2f1b2e32afa525203efa,delivered,2017-10-01 20:40:19,2017-10-01 21:20:06,2017-10-02 18:40:08,2017-10-11 11:14:59,2017-10-27 00:00:00
062668b0f8fe98dbe6d23ab391e22c81,753fd7e7395748807780a2c7dde2bc6a,delivered,2018-01-02 12:33:25,2018-01-02 12:48:56,2018-01-03 23:13:29,2018-01-13 00:10:03,2018-02-02 00:00:00
06c6a92df74580db95364b36aeb8f5b9,871215ee1ebfbec40e40094a0e69fa65,delivered,2017-05-17 19:12:15,2017-05-18 07:50:15,2017-05-18 08:02:01,2017-05-26 11:03:23,2017-06-06 00:00:00
0489c7b710f3ebccafbd087c3c53bc2d,fbcc6fa001bddd25a495c204f5f657a2,delivered,2017-10-10 09:21:38,2017-10-12 02:21:05,2017-10-13 18:24:05,2017-10-25 19:37:47,2017-10-31 00:00:00
04e46e7fa33e86e068e66a04601ed8e8,3b0f0b35d931303ad5c95133ea680414,delivered,2018-03-08 20:47:24,2018-03-08 21:28:10,2018-03-10 03:02:18,2018-03-19 18:38:29,2018-03-26 00:00:00
01f67ca8027e959060afd840aa06f465,1b606aeedafbe92f4c55f4fcad9dbcb4,delivered,2018-04-30 16:19:48,2018-05-02 09:33:05,2018-05-03 12:26:00,2018-07-04 18:47:45,2018-05-24 00:00:00
06cc09320698aa17c751e20ac00ba7af,ef4d6d380a0eb168ed742e0085a3f359,delivered,2018-01-05 16:18:53,2018-01-06 02:08:39,2018-01-08 15:07:17,2018-01-12 21:52:53,2018-01-30 00:00:00
02447024ad7cd72fab1af9b28bebb901,8c9abe2d8c6e95757ad580361d7541a5,delivered,2018-04-11 22:43:32,2018-04-11 22:50:24,2018-04-12 19:58:44,2018-04-13 20:12:17,2018-04-24 00:00:00
056905f3e09ca68fc9ed4780498db866,18badabf25972a66874bea0871fb9dd6,delivered,2018-04-07 17:15:59,2018-04-08 17:10:20,2018-04-10 23:02:27,2018-04-17 23:24:32,2018-04-30 00:00:00
09df42b3e78625578555d3d48cd57be5,6da4f9a7ce1e9c0eb31e860f92c866f5,delivered,2017-05-14 12:30:01,2017-05-14 13:05:22,2017-05-18 12:32:33,2017-05-19 14:23:57,2017-05-24 00:00:00
01e7138289b75d9624b04dfe12379c1d,f396261ffae591f9905c76e28c3ac59b,delivered,2018-02-01 19:59:02,2018-02-01 20:14:01,2018-02-07 21:21:45,2018-02-20 18:03:47,2018-02-23 00:00:00
02df7a4137081ada2a06ac6e2bca6364,9eee19151f5de68f264d26aa58c990ee,delivered,2017-09-19 13:53:09,2017-09-19 14:10:38,2017-09-28 11:55:05,2017-10-03 21:13:16,2017-09-29 00:00:00
0c91b697f968a592811f9300675c6138,53ca038dcf2d8dfd5f49b2f8a5a0891f,delivered,2018-03-21 15:00:45,2018-03-21 15:15:50,2018-03-26 16:03:54,2018-04-06 17:44:32,2018-04-16 00:00:00
05ddf4cc62efcc6f34b8c693eaa2db01,b77ee5671feb9b6efce84cc804842024,delivered,2018-07-03 18:18:34,2018-07-05 16:26:57,2018-07-04 14:51:00,2018-07-09 16:34:28,2018-07-25 00:00:00
03b0f1587efe1abafd2dfd0e900b1eb2,32367359f4253fe54dcf1ec1b4a2273f,delivered,2018-06-03 15:09:10,2018-06-03 15:30:16,2018-06-04 18:11:00,2018-06-15 19:31:38,2018-07-18 00:00:00
017dcb6892d4469a13dee34f241f8c4e,a29627c042ea26f7340db61ff04fbfc5,delivered,2017-11-12 20:17:40,2017-11-12 20:35:56,2017-11-14 16:35:17,2017-11-22 17:33:05,2017-11-27 00:00:00
070c8ff950e077ba4948ef4db4733b74,78b25e360d8d5b6ec68c6bb392e90c48,delivered,2018-03-30 12:57:00,2018-03-30 13:10:11,2018-04-02 23:11:13,2018-04-11 18:58:23,2018-04-23 00:00:00
06ffc260a153bba52d82a18f91e8f760,4d89aa17cabb9666287aeec3288d07fb,delivered,2018-01-16 08:57:33,2018-01-17 08:51:28,2018-01-17 21:58:08,2018-01-24 01:03:37,2018-02-08 00:00:00
02623e799dcc1e41066ddfe4af591f24,5ffea9b2ecf7eb23b4db0b1c4f76765d,delivered,2017-12-06 08:47:32,2017-12-06 08:57:21,2017-12-06 23:48:32,2017-12-23 18:14:39,2018-01-04 00:00:00
07429f7601b56a66d1854c79a2f5c9e5,aa9f03ecd3728c9bd12e6d962c66c7cb,delivered,2017-07-11 09:36:46,2017-07-11 09:50:30,2017-07-11 19:42:28,2017-07-21 20:06:22,2017-08-04 00:00:00
0b87d9e59c7c19b041fe36e77aa33a42,70b9a93d19b044822d5e5af9e673f250,delivered,2018-05-16 11:25:37,2018-05-16 11:35:24,2018-05-16 13:41:00,2018-05-22 17:28:30,2018-06-08 00:00:00
031530e9ab00574597b21443baa61f08,447e29ce729f67ed9ad316e8fba96adb,delivered,2018-03-03 10:25:35,2018-03-03 10:35:45,2018-03-06 02:24:52,2018-03-15 15:30:44,2018-03-26 00:00:00
01d80471e02a3ba49c8e1d0abc2c1a64,3106fe6ef3e7aa3053de377e22826161,delivered,2017-05-03 19:35:37,2017-05-08 23:32:30,2017-05-08 15:45:00,2017-05-16 13:11:49,2017-06-02 00:00:00
0b9705637e1c3ef0cc684ae4f190964b,11ad0ff67b7fb20bdddb437c0f60301b,delivered,2017-11-01 20:19:48,2017-11-01 21:31:23,2017-11-03 20:57:35,2017-11-10 18:04:48,2017-11-22 00:00:00
011375f941b3695c3c3ee58bfe0d3655,03d804d4d3e76cbac2fdec148e8d2742,delivered,2017-09-23 17:59:17,2017-09-23 18:26:33,2017-09-29 23:36:55,2017-10-06 19:05:13,2017-10-18 00:00:00
0b517c01a5b46fd3e16b389ea6f4ad3a,e8adfcdd079a803f2f9852ea1e27cc4c,delivered,2018-01-22 17:51:00,2018-01-22 18:16:28,2018-02-06 20:13:13,2018-02-28 18:52:28,2018-03-12 00:00:00
08d55e35f34806d85f4d99b62297e578,46c2fcd47be22a210f709e1cf4964ed2,delivered,2017-05-16 12:02:02,2017-05-17 13:05:20,2017-05-18 12:01:35,2017-06-01 10:56:43,2017-06-16 00:00:00
01725657be56c432d5aaa2f914ae2c56,d21e2497e6b83b755f5e6f4c8d159ed8,delivered,2017-10-17 08:52:14,2017-10-17 09:07:28,2017-10-18 10:40:07,2017-10-24 20:23:01,2017-11-08 00:00:00
01d5897e2c8a23b37ec65e0e72fbe956,f36f2bd8be3b6c261d6390939cb24620,delivered,2018-04-06 11:45:09,2018-04-06 11:55:19,2018-04-10 21:21:11,2018-04-11 21:46:53,2018-04-24 00:00:00
0aa3718b7db60c5ebec88b485cb975db,aa6bbe83912aa4d9762752cf237ac30e,delivered,2018-07-13 01:11:10,2018-07-14 02:35:20,2018-07-16 13:48:00,2018-07-23 13:22:54,2018-07-27 00:00:00
0259ec3c458d0e8c7564647a42408fa6,7c91fa46908712a478a20deaf86252bf,delivered,2018-03-14 08:53:31,2018-03-14 09:08:20,2018-03-14 21:52:41,2018-04-02 16:18:39,2018-04-11 00:00:00
07edcfe51903bc7e23501f6b87f2bc46,758ca4ee2332bce93a8be678115f71aa,delivered,2018-05-30 14:08:09,2018-05-30 14:31:59,2018-06-01 06:12:00,2018-06-11 18:33:42,2018-07-25 00:00:00
0aad58aeffa6b60c76d25a4bcda14815,735a6e515279067409c2341e9c090eec,delivered,2017-10-27 19:51:50,2017-10-27 20:06:57,2017-10-30 22:24:03,2017-11-07 00:42:40,2017-11-21 00:00:00
0c57cbfd927d9e62af8beee6d48920b7,652084fec8b64f212491016127526bcf,delivered,2018-08-06 21:40:05,2018-08-06 21:50:13,2018-08-08 13:55:00,2018-08-10 16:07:24,2018-08-13 00:00:00
09581168b7c3d1c4480d4ba7a8437bdd,1fa0a6dffcd587c4a296237a7dca3e27,delivered,2017-12-03 15:29:57,2017-12-03 15:38:24,2017-12-06 00:12:06,2017-12-18 15:38:30,2017-12-29 00:00:00
063de687a6d9389fb6f6934d19d447f8,526633186ddc00e185c117db06d78d33,delivered,2018-06-30 21:40:36,2018-06-30 21:50:16,2018-07-02 12:13:00,2018-07-09 16:38:34,2018-07-16 00:00:00
06f66faa834248ccd67fa52058285d27,0b686b6cc50a4a516f7c2621e8d35287,delivered,2018-08-08 21:39:41,2018-08-08 21:55:12,2018-08-09 14:41:00,2018-08-13 14:36:32,2018-08-20 00:00:00
087a471c766adfaa11fd61670213b4c3,c095155cf7a5a0659a2cdf13287e43b6,delivered,2017-04-20 13:39:50,2017-04-21 13:45:09,2017-04-26 14:23:00,2017-05-08 13:45:55,2017-05-16 00:00:00
067c29bb966641e04d1d7a924aa3157c,6bd3af263aba7459bf1e349624a1512a,delivered,2017-10-02 20:56:12,2017-10-02 21:07:26,2017-10-05 13:03:19,2017-10-11 20:08:02,2017-10-27 00:00:00
066bb47ddf11dd2a74faed2b3d4d53ea,f2f525f654dc9fed6bb50aaa3aebb0da,delivered,2017-04-22 20:30:16,2017-04-22 20:41:36,2017-04-26 23:39:46,2017-05-10 10:04:37,2017-05-30 00:00:00
0758015124a0c9af755d31a7bf0efedc,6c4d762aaa6ab65c892e6cdd1de5947a,delivered,2017-09-16 14:51:37,2017-09-16 15:06:15,2017-09-19 16:55:57,2017-09-29 02:15:14,2017-10-11 00:00:00
061304e42542425c8ff0be14d03126e4,d48e06972235c6510cc66cebc10ab77e,delivered,2017-06-14 14:59:53,2017-06-15 14:50:21,2017-07-10 22:22:20,2017-07-14 11:42:07,2017-07-05 00:00:00
09e74688e8059c85519cce1489af2e5c,212c138741751c407754e4ad14763dd4,delivered,2017-04-01 12:02:13,2017-04-01 12:15:26,2017-04-05 09:48:07,2017-04-07 07:22:24,2017-05-02 00:00:00
05c32785b5245ab31eb5bc6b0d41f698,e07f0f4cab25170d8b2d28cf80a38370,delivered,2018-05-12 22:16:52,2018-05-12 22:36:23,2018-05-15 13:46:00,2018-06-05 00:24:51,2018-06-27 00:00:00
0c469ff5fde3323c2a8b99387f46bb19,5473f5784ea911c98ae1da72138f37dd,delivered,2017-08-08 19:26:46,2017-08-09 19:24:31,2017-08-14 14:46:51,2017-08-30 20:42:46,2017-09-05 00:00:00
038b8c914a94247880b6a34413e74a34,37522a871660ce8e75a583e9b4203793,delivered,2018-06-01 12:14:03,2018-06-01 12:32:16,2018-06-05 13:05:00,2018-06-11 16:32:26,2018-07-04 00:00:00
0c4a4755b0b19ba216edd6af92e5656b,bcc899d69a3c93f883f15a72dd015868,delivered,2017-12-21 10:30:18,2017-12-21 10:49:44,2017-12-21 20:39:01,2017-12-29 19:57:21,2018-01-16 00:00:00
0c41d48612bf91d5aaf2dab6c0f3a3dc,a4f16a013ae45f11edd3552e63ce589a,delivered,2017-12-08 11:35:57,2017-12-08 11:53:02,2017-12-11 20:52:17,2017-12-17 19:52:11,2017-12-28 00:00:00
084ac56b13107e32ab92934f70638bc9,89129b4134df3289d76b155160d6e441,delivered,2017-11-25 13:47:05,2017-11-25 13:54:29,2017-11-27 22:24:45,2017-12-11 18:59:05,2017-12-26 00:00:00
046023c2e3840562a6320b2bc22bda81,8159eb36033866531b9147d8e73ec16c,delivered,2017-11-24 20:17:18,2017-11-24 23:33:12,2017-11-27 21:46:41,2017-11-28 17:57:59,2017-12-08 00:00:00
0ceeef56025eee22241c8d510ada51a7,7f2715e475d14727955a85e96a62fdb8,delivered,2018-01-25 10:32:10,2018-01-26 10:31:50,2018-02-01 01:41:34,2018-02-16 16:42:43,2018-03-05 00:00:00
0978aeeb31e430bca8401306d75a8164,f432d282b2e8e587252b4ce932d4438d,delivered,2018-07-21 13:43:23,2018-07-21 13:55:18,2018-07-23 15:05:00,2018-07-26 18:08:41,2018-08-08 00:00:00
0715dfcf2383aa72c181d8b47f6cb589,0ea00ae539e6a29390c4e1d0841352e4,delivered,2018-02-14 11:43:41,2018-02-14 11:55:31,2018-02-15 20:28:44,2018-03-09 17:01:11,2018-03-19 00:00:00
0373227125997244e6f59bd76e717abf,e8f5294ac14b69130e07090b8968d934,delivered,2018-08-10 15:26:47,2018-08-10 15:35:20,2018-08-14 06:13:00,2018-08-17 22:58:50,2018-09-05 00:00:00
065d7ca47199c0b027e288a77c59a167,b02fc839c91ea555a5e79cfd4abc2cbf,delivered,2018-07-29 16:07:13,2018-07-30 18:31:16,2018-07-31 10:31:00,2018-08-04 12:56:34,2018-08-27 00:00:00
03ee28c413aaef04d718e00ed85eb678,93ad62fc1229e9099881648f34813706,delivered,2017-02-21 10:54:37,2017-02-21 11:05:47,2017-02-22 07:00:14,2017-03-03 15:41:42,2017-03-24 00:00:00
031177de64d3bb73364a5f3306551105,1860483913e0190e2f0de57014df6a12,delivered,2018-04-27 19:23:08,2018-04-27 19:35:18,2018-04-30 14:24:00,2018-05-07 21:33:10,2018-05-18 00:00:00
0b0b4cbb5b4eb45bad5bb031b56ea1e1,5c92c75f28189ffd8cf952b2ea478b76,delivered,2017-11-02 18:39:46,2017-11-02 18:50:35,2017-11-03 23:47:34,2017-11-17 20:38:23,2017-12-01 00:00:00
0281b24682fddf0c7efcaa299b066827,6d68129f050598becc89de9b781c298c,delivered,2018-06-24 15:02:20,2018-06-24 15:19:07,2018-06-25 14:08:00,2018-06-29 15:49:43,2018-07-16 00:00:00
0a03ed20390f0245ab850bea4186190d,3fc5a0dbd1c9b084cb85b7f2a1ebdffa,delivered,2017-12-04 16:55:03,2017-12-04 18:30:27,2017-12-07 13:26:52,2017-12-23 10:44:33,2017-12-27 00:00:00
059b6e617cb9675ad8bc74b7aa750e7d,6cf015566aff008af26f65b0c770318c,delivered,2017-02-10 19:42:58,2017-02-10 19:55:09,2017-02-13 01:57:36,2017-02-21 07:41:41,2017-03-21 00:00:00
0af96849112c968e7764ac7f17e4f9f7,83921c0d0f7fbb56e05892c41d5a2445,delivered,2017-02-23 16:55:51,2017-02-24 06:50:49,2017-03-30 16:39:56,2017-04-05 09:48:08,2017-03-16 00:00:00
0618bf2e52dc2aaefd882d186558e642,10177dc3aea2feb6100db360ddc9192a,delivered,2018-04-08 13:00:48,2018-04-08 13:10:23,2018-04-09 23:34:44,2018-04-14 17:03:15,2018-05-04 00:00:00
0c734449f0a8246894a537f0d4355dc8,6e36e65ac8a2d6648fe31c13aa4e7b42,delivered,2018-06-14 02:20:11,2018-06-14 02:57:34,2018-06-15 16:38:00,2018-06-29 15:18:49,2018-07-27 00:00:00
0972cd8199019b252faf977c4d3da6ea,211a3a4b495becf111d81e66d9b955c6,delivered,2017-07-11 18:31:06,2017-07-12 12:05:25,2017-07-14 20:28:56,2017-08-01 18:33:12,2017-08-04 00:00:00
0b937678b38558c4fec110aed9d5f8ac,5f235effbfef1537095b1024ab902244,delivered,2017-11-20 19:25:48,2017-11-21 03:56:30,2017-11-21 16:02:52,2017-11-23 15:26:40,2017-12-08 00:00:00
06b0687cad7d69a9dc347dccb3cbe169,5ef779feddd7910eea6f5a41bf8dd881,delivered,2018-02-02 22:10:33,2018-02-02 22:30:44,2018-02-06 19:19:02,2018-02-14 20:42:00,2018-02-26 00:00:00
0758aeea44cefb9c7f59333c7c691714,b4102b1f4dd2766f109baaebb5a946e4,delivered,2018-02-07 08:53:42,2018-02-07 09:09:46,2018-02-09 19:07:12,2018-02-15 16:22:58,2018-02-23 00:00:00
01fe473278bb7522f081c21ee8e4cbd4,ea6b8e999abbe1a2a86fccbebd51aec3,delivered,2018-05-20 15:39:38,2018-05-22 08:16:03,2018-05-23 15:52:00,2018-05-28 15:33:10,2018-06-05 00:00:00
090967205f5215e5d3053cefdbce5aac,28888e758f4debf9d8d79a8f00222f04,delivered,2017-03-28 08:46:48,2017-03-28 09:02:49,2017-03-28 16:48:34,2017-04-11 17:29:37,2017-05-03 00:00:00
0573bd213dab1f238af912e296c83944,48a8e08cbe87ac7b90b76ff80d3df46b,delivered,2017-06-18 08:47:53,2017-06-18 08:55:17,2017-06-19 20:04:19,2017-06-28 08:56:41,2017-07-13 00:00:00
0bf48b98131c5057bcb4754449acc91b,9eea647a40b59a0bcadbbd32538fbf04,delivered,2017-09-08 21:44:20,2017-09-08 22:10:17,2017-09-11 21:19:53,2017-09-22 15:28:47,2017-10-06 00:00:00
09d20920406c53e92821c0f4a82b3811,ef4330e4999fdb2780359307807093bd,delivered,2017-11-24 00:56:54,2017-11-24 01:19:38,2017-11-24 21:18:43,2017-11-27 12:04:08,2017-12-08 00:00:00
0b2861128d87d7a2b9c85eb25a514d0b,8342028fb42e8c6015bc69156c1281d6,delivered,2018-06-27 10:44:32,2018-06-27 11:15:59,2018-06-29 14:06:00,2018-07-03 15:46:42,2018-08-01 00:00:00
029b99b0436c25c8de22cb828831ffa8,a7efc7f9a3444cd0b3d780d5a060b2c6,delivered,2018-07-30 23:11:57,2018-07-31 23:10:13,2018-08-03 13:50:00,2018-08-10 18:07:30,2018-08-17 00:00:00
039fc6a7aa5527e4cf6ed3c3eca00c15,6481279fcd5935cc4012de23ac379ab6,delivered,2018-01-02 13:40:05,2018-01-02 13:52:24,2018-01-03 21:38:46,2018-01-05 17:59:47,2018-01-18 00:00:00
08a5a57f90304e3e736623cdd8eb0166,29273dc3d377263d39a9161d8fd64121,delivered,2018-06-05 10:26:59,2018-06-05 14:31:23,2018-06-06 13:12:00,2018-06-12 20:41:01,2018-07-11 00:00:00
0890337bc4f93f0370ccdd9a0c8b1f55,9948dd43c6e5b0ffa087dc32c1f78eab,delivered,2018-07-20 14:49:22,2018-07-20 15:04:27,2018-07-23 12:19:00,2018-08-02 19:12:05,2018-08-07 00:00:00
0241b276e1e2b1d6873473c44240b426,d7985e6fd1cd00201093d271a93f3985,delivered,2018-02-21 09:38:26,2018-02-21 12:05:35,2018-02-22 23:23:18,2018-03-27 01:22:55,2018-03-22 00:00:00
0510b3fb25b0b62b1221ec1cd2e495ee,d6e816a35e42165ae9af6c44209dc565,delivered,2017-06-08 20:39:27,2017-06-09 20:35:13,2017-06-12 08:42:12,2017-06-26 16:57:39,2017-07-13 00:00:00
04bf4de54cc6a9145f3ca780b9f45d54,430fc891a146939e7337da2a8aec525e,delivered,2017-05-12 06:48:10,2017-05-13 02:55:23,2017-05-16 17:12:43,2017-05-25 11:34:12,2017-06-01 00:00:00
05b771d711b0fa6d8ca9f42c3cc29f41,79b4e6917237551454e77c23285fa09a,delivered,2017-08-08 17:54:37,2017-08-08 18:10:17,2017-08-10 16:13:54,2017-08-14 21:23:02,2017-08-30 00:00:00
099d62f80912acec8ebfabeed29585cf,4466cbc4f45d42034ecf15c003bb013c,delivered,2018-06-25 10:31:05,2018-06-25 10:53:37,2018-06-26 15:16:00,2018-07-04 19:56:20,2018-07-27 00:00:00
0297f94a646c942bde497bd200cce1ed,4da495ce705cd190ddf3a36268b61142,delivered,2017-12-26 18:10:57,2017-12-26 18:27:58,2017-12-29 20:52:22,2018-01-10 16:38:05,2018-01-19 00:00:00
02b089f5e85ee9c52935ede2207b13e7,cc3ad3a7d08c4d7263a50d076f10e43b,delivered,2018-05-13 13:15:36,2018-05-13 13:33:26,2018-05-15 13:43:00,2018-05-19 01:31:36,2018-05-23 00:00:00
0b26649ec6ddf0ad51f419691e14a0db,d75b1a468435f5ad447bb2cc1e97a81e,delivered,2018-06-06 17:38:23,2018-06-07 16:20:55,2018-06-08 14:41:00,2018-06-11 22:02:46,2018-07-03 00:00:00
0546ac640227025eb2df422b1f613f66,b6cd6b55b4870f765704b5dd17285430,delivered,2017-06-18 15:27:19,2017-06-18 15:42:59,2017-06-20 11:09:22,2017-06-29 10:11:44,2017-07-11 00:00:00
00ac2a1ec784f71feeb7ba1e5959750d,47f6898621126fa91eda967684efadbb,delivered,2018-04-06 11:26:54,2018-04-06 11:49:01,2018-04-10 00:26:36,2018-04-17 17:17:41,2018-05-07 00:00:00
06a02ea4efeed60e7e8e29a50d4bedaf,0d038a7041deb46bb935bf687590a7b2,delivered,2018-01-06 17:31:40,2018-01-06 17:46:42,2018-01-08 17:48:54,2018-01-17 21:37:47,2018-02-02 00:00:00
0378193927bcea58a229c432fa102ba9,1ff3a6c7d14e5d9f6ccc18b1f62a9668,delivered,2018-01-02 06:31:44,2018-01-02 06:39:22,2018-01-08 15:47:52,2018-01-10 13:08:52,2018-01-24 00:00:00
08d27643b4ade2434f167dc1ba237b4b,4098b5d8a1400003c8cccba5aa9ffdd2,delivered,2018-02-10 20:50:32,2018-02-12 09:48:51,2018-02-14 23:21:48,2018-02-23 23:04:41,2018-03-08 00:00:00
0025081dcf9330f9a5052ae82c6ce396,7e6fefa11d6a2c832593264f69df9de3,delivered,2018-03-27 16:25:35,2018-03-27 16:35:20,2018-03-28 17:58:37,2018-04-05 23:48:37,2018-04-17 00:00:00
06851487bfc68744f67fbc8ad1934d43,e969dc5c6a9219727d0b39cd6757e936,delivered,2017-09-24 13:07:56,2017-09-24 13:24:17,2017-09-25 17:26:54,2017-10-04 20:06:01,2017-10-20 00:00:00
05e18a6cef41f63dc86b7b254954dffc,6aa98365fd711a9e996d0d41a80c3be0,delivered,2017-12-04 12:14:59,2017-12-04 16:44:59,2017-12-06 14:09:20,2018-01-04 15:28:56,2017-12-28 00:00:00
0a0d25405f3880fbd46619f0852c250d,58fb5805fb543260da75a8219ce4a285,delivered,2018-07-02 22:14:46,2018-07-02 22:30:29,2018-07-06 11:12:00,2018-07-10 15:36:34,2018-07-24 00:00:00
059fd94aa8716f14743caff2f433be05,09c5713746fdfa37f1ca6a92242da406,delivered,2018-02-24 14:59:06,2018-02-25 14:50:45,2018-02-26 17:27:53,2018-03-12 14:27:35,2018-03-21 00:00:00
074054ad3d2e5ee3fc6f098d06f321f9,ab6de5519f65c4dd2757858039d7748d,delivered,2018-01-23 23:24:25,2018-01-23 23:34:10,2018-01-24 19:18:40,2018-02-07 10:04:51,2018-02-15 00:00:00
0be2b529a3bc3a0f53bf110c1f01eeb4,666b57e26c2733d481e58ea62f8ff671,delivered,2018-07-31 21:08:04,2018-07-31 21:44:00,2018-08-01 16:44:00,2018-08-03 21:18:58,2018-08-10 00:00:00
02e20d5cc0d1df880e43ab3ed50a238b,d58a66feb9cc844ddeebaa8ea7e5e84f,delivered,2018-01-24 10:01:41,2018-01-24 10:16:26,2018-01-26 19:42:07,2018-01-31 19:41:54,2018-02-08 00:00:00
053996f442ec9eb8666d97d3b911a15c,1ff9a62ca666573312fece78919c5668,delivered,2017-07-30 15:28:27,2017-08-02 02:34:27,2017-08-02 20:37:43,2017-08-09 19:59:48,2017-08-22 00:00:00
07acf8d0ac910602fc85e7355a386ba0,e6dd4b9e48d7f34244ef531a9a604e2b,delivered,2018-01-16 14:14:41,2018-01-16 14:30:23,2018-01-17 21:48:52,2018-01-27 14:33:33,2018-02-09 00:00:00
08ceaa7aeb0f28f7f44988d179b5452b,e95db45635aff45b3ebfd6a711f681c2,delivered,2017-08-16 08:10:31,2017-08-16 08:25:15,2017-08-16 19:33:03,2017-08-17 18:34:30,2017-08-29 00:00:00
0aba4750be63d17b0b841afb6a84a629,1052ae24b3c5acdf4c7f5d4165a11dbf,delivered,2017-11-08 16:32:33,2017-11-08 16:47:30,2017-11-11 10:52:54,2017-11-14 17:44:56,2017-12-04 00:00:00
05c163d46637e5c0c23a0075dc1c854c,701c48b5cd4985397bddb8440b6d9696,delivered,2017-07-08 10:52:02,2017-07-11 04:10:34,2017-07-17 16:33:21,2017-07-19 16:41:16,2017-08-03 00:00:00
0c31953b008c5e98882d436f4298cde0,4aa1c9249c489f2b6a739f210c0af109,delivered,2018-04-30 18:59:21,2018-05-01 02:15:40,2018-05-02 19:00:00,2018-05-04 21:42:29,2018-05-14 00:00:00
0cae0419c5938004fa8b8dba302552d1,7721bac08ba3e3a777291cd38463d39c,delivered,2017-07-03 16:43:26,2017-07-05 02:45:10,2017-07-06 15:29:51,2017-07-21 19:49:35,2017-08-04 00:00:00
07c04599729da94f8aeb0974035ac307,8fee3d51a65bd588e2c8925f687ead80,delivered,2017-09-30 16:53:45,2017-10-01 02:33:10,2017-10-04 17:57:42,2017-10-13 21:37:42,2017-10-24 00:00:00
0b0448ca144af06370f09b67224e0eec,94f0aeb55a332b7a3480aae50c02c975,delivered,2017-11-21 16:14:06,2017-11-22 02:51:26,2017-12-01 15:35:40,2017-12-21 18:43:41,2017-12-15 00:00:00
036ff362f1e7465c0ecad8f54b2e6c06,f3e49ba0a33ed964f5e7f20b9ae1c478,delivered,2017-12-22 15:26:51,2017-12-22 15:37:20,2017-12-27 00:27:30,2017-12-30 12:27:05,2018-01-18 00:00:00
0417b4ccdad2da3b88aa378eef45528c,124b29c0b577597f7379265f38d50490,delivered,2018-04-22 18:41:26,2018-04-24 19:05:58,2018-04-24 01:56:52,2018-05-08 20:52:46,2018-05-25 00:00:00
044bcd01474ba715e7cb11d5a70ccf0e,ab8c0f0638baa6bf18c7533cc06d83c1,delivered,2018-03-23 15:57:23,2018-03-23 16:15:24,2018-03-27 00:08:32,2018-04-07 13:54:21,2018-04-25 00:00:00
0a5a2c824e893eb66abd0d869f6c45e6,6f1591e62e5032b3d97250dbbead7b08,delivered,2017-08-27 22:13:57,2017-08-27 22:30:13,2017-08-29 18:46:40,2017-09-05 18:10:27,2017-09-19 00:00:00
02f4ae2225612fe9e42562a8e1f466b3,7e7a6bad55dc4c19a83581008f2e9d1e,delivered,2018-01-08 15:55:45,2018-01-08 16:08:45,2018-01-09 16:39:15,2018-01-17 11:36:36,2018-02-05 00:00:00
024a74550cdbd36c0fe3955fc9e2bcf0,5837b288ad076175ff451a905d6153f9,delivered,2018-08-09 08:10:23,2018-08-09 08:50:19,2018-08-14 14:42:00,2018-08-15 18:28:43,2018-08-14 00:00:00
0bbca56fc4659e5b3ee85bbe37284f13,4733753e3bd9b0dfec451269ed46544c,delivered,2018-07-26 11:59:17,2018-07-26 12:10:23,2018-07-27 10:38:00,2018-07-28 20:38:40,2018-08-06 00:00:00
008cfe221ab054c89bc31720098cca51,9890d391eac598a0bba5c6b6be617388,delivered,2018-08-08 07:52:21,2018-08-08 08:05:09,2018-08-09 16:22:00,2018-08-14 20:05:34,2018-08-20 00:00:00
0224d4ce99f4262f9554d248dfad743c,3e3a04eb993fe7c6bab32b40fcc51f7f,delivered,2018-03-17 19:25:07,2018-03-17 19:48:07,2018-03-20 22:08:30,2018-03-21 22:48:50,2018-04-02 00:00:00
08204559bebd39e09ee52dcb56d8faa2,f6efe5d5c7b85e12355f9d5c3db46da2,delivered,2018-01-14 07:36:54,2018-01-14 07:49:28,2018-01-16 16:39:34,2018-01-19 22:14:14,2018-02-09 00:00:00
01ae5e4c5d2549f7c05000a2f5856c28,9951d99835f50c491d724e5be22150e3,delivered,2017-11-05 15:01:09,2017-11-05 15:15:23,2017-11-08 19:52:12,2017-11-16 15:28:42,2017-11-24 00:00:00
0901941512e5bef7c9fb39452262234d,0b98703974a1b3855df622c21cd17c82,delivered,2017-10-11 20:55:59,2017-10-11 21:08:18,2017-10-14 14:52:24,2017-10-24 21:22:51,2017-11-03 00:00:00
0607f0efea4b566f1eb8f7d3c2397320,a5fbb6579eacbeb02752a143bfe82405,delivered,2018-03-06 09:47:07,2018-03-06 09:55:47,2018-03-07 21:33:39,2018-03-09 23:36:47,2018-08-03 00:00:00
008a1b3db2a8bf63418c2cf7c7f494b1,cc2db083341ec9bb757b9f9a70b289d9,delivered,2018-04-02 09:33:25,2018-04-02 09:48:39,2018-04-04 17:34:50,2018-05-03 16:11:53,2018-04-23 00:00:00
058b8a9dbc89de84bb37a54c8c5be44d,1a594924ed06b136ec5af68177151e92,delivered,2018-03-17 19:34:43,2018-03-17 19:49:04,2018-03-19 20:48:41,2018-04-09 17:03:24,2018-04-11 00:00:00
023dced8c25f743c5fdcf14edabac7a8,9247365772940bb769c6a672afb55785,delivered,2018-03-25 23:03:22,2018-03-25 23:15:27,2018-03-27 02:03:53,2018-03-28 20:36:37,2018-04-06 00:00:00
0804701eb9f74ec349c0b1dce5a83df7,783f0cf708012c4c712921de5c773f10,delivered,2018-08-09 18:55:30,2018-08-09 19:05:17,2018-08-10 15:14:00,2018-08-14 20:52:02,2018-08-23 00:00:00
095eb530e061e441f8ad27b2c8ca549f,1a28ded1e3d29445d89990556e40cbcd,delivered,2018-02-12 21:07:19,2018-02-12 21:28:19,2018-02-15 15:28:58,2018-02-17 14:12:20,2018-03-07 00:00:00
0c4af986e0aaede577f05163c1ee5911,b825c71fecd094d9809cf05cfa80eb37,delivered,2018-08-20 21:51:20,2018-08-20 22:10:23,2018-08-22 08:42:00,2018-08-24 20:04:51,2018-09-04 00:00:00
0927a99c4c0b6c6b2487a4e869f7fc2d,4635c796ac0535050e1eac3e023c9166,shipped,2017-12-07 00:02:16,2017-12-09 02:49:41,2017-12-12 18:54:40,,2018-01-05 00:00:00
07983cb4fc401b8663874432b9b14124,a237096e8b07d5d634173a9e8b6fc6aa,delivered,2018-03-06 20:38:34,2018-03-06 20:50:24,2018-03-07 23:09:23,2018-03-26 13:26:30,2018-03-27 00:00:00
0ccb884361ec00003176dab0ea647f59,98a2d594a64eb5fea6f4eba1a5fd7041,delivered,2017-05-28 11:13:23,2017-05-28 11:25:11,2017-05-29 16:38:47,2017-06-01 11:43:48,2017-06-19 00:00:00
0baa0062fe85d1ac765aa6ee112bb624,dc1f5b609da6830acd08903116bc3f1a,delivered,2018-08-18 15:57:19,2018-08-18 16:10:14,2018-08-20 11:04:00,2018-08-21 19:18:03,2018-08-31 00:00:00
031e976ccc4a1678f5485552ed1ae778,1837c6c28707afbd624c47502b6cd99b,delivered,2018-08-07 17:07:38,2018-08-07 17:25:05,2018-08-09 08:12:00,2018-08-14 17:32:08,2018-09-10 00:00:00
04ffe5a8a70cc5dd6a00b68fd6c905e7,60ba4ae55efbc6dc0e428fc0f1fe0acb,delivered,2018-02-28 23:16:18,2018-03-01 17:30:41,2018-03-06 20:23:20,2018-03-12 14:04:14,2018-03-13 00:00:00
00259a44fcad3fc0474329e925d14fc3,7715f80f77f2ebf4583f97a0a6a7548b,delivered,2017-12-27 17:52:11,2017-12-27 17:59:35,2017-12-28 21:53:36,2018-01-04 13:32:46,2018-01-22 00:00:00
08e386991831b9e99662928af783c0ed,95c0c43f95b6e11a4ffae8f6d6877f74,delivered,2018-05-15 21:50:09,2018-05-15 22:15:41,2018-05-18 14:23:00,2018-05-24 17:31:40,2018-05-29 00:00:00
00ad1a02d4d9decad15c7e8f8a9470cc,db4ce50bf63f8c1a9518462b0499aabd,delivered,2018-08-04 12:40:43,2018-08-04 12:50:17,2018-08-06 11:08:00,2018-08-17 22:21:27,2018-09-04 00:00:00
05ec7d4c58b47c6c3249400c512851b2,f9da299d78e82ab667e1061f2850cd29,delivered,2017-12-09 23:24:48,2017-12-09 23:32:23,2017-12-11 19:58:51,2018-01-03 19:47:02,2018-01-18 00:00:00
028f5779c98e7df5dc803824bdaae40b,438587a96c7fdbaaa67dd07b72a170df,delivered,2017-10-30 10:44:09,2017-11-01 03:31:17,2017-11-01 19:22:15,2017-11-03 21:27:57,2017-11-14 00:00:00
0c2145845231f6707fedad2baf767b41,b73cbf9c01a0f36287fbffc7905dce70,delivered,2017-12-30 20:05:15,2017-12-30 20:12:21,2018-01-04 15:15:30,2018-01-09 15:30:16,2018-01-24 00:00:00
02913330a2afb68b49bc9c5370bd5517,8ada7e4f6ce429a858423a217c7225a0,delivered,2018-01-28 15:38:58,2018-01-28 15:58:48,2018-01-30 10:22:02,2018-02-14 16:57:02,2018-02-22 00:00:00
014ffbfe2df4c96a2b063d084583978f,ea1991a3341d703b3b5c4c97790b8b2b,delivered,2017-11-23 22:36:25,2017-11-23 22:48:38,2017-11-24 20:24:46,2017-12-07 20:38:35,2017-12-18 00:00:00
0b549e03c90c9817ce5280ce5c06dd75,1eb55185b50db256089627a30a7eea89,delivered,2018-04-01 23:42:50,2018-04-03 05:48:47,2018-04-04 16:26:45,2018-04-07 00:10:56,2018-04-12 00:00:00
0a32952933d2a181dfe8f11d41f9f9b2,60ec77f4aec77bd0fc41ddd733af687b,delivered,2017-06-19 08:37:15,2017-06-20 08:43:07,2017-06-27 16:38:00,2017-07-13 19:06:44,2017-07-13 00:00:00
00ceda91cb2ded8570ca73e70571740a,26c6e0c2d9f2ea36acb63a8af98f7a9a,delivered,2018-02-06 10:46:53,2018-02-06 11:50:49,2018-02-06 21:28:29,2018-02-16 14:34:27,2018-03-06 00:00:00
0385c406dcd7068b21e209740a4ef876,2deb180df56cd700c4c92628718d3d8a,delivered,2017-04-11 16:38:42,2017-04-11 16:50:23,2017-04-17 11:18:24,2017-04-20 18:34:56,2017-05-17 00:00:00
0a2fff457eab3cadff378f87851dac15,3ff9a0ff4d3f31c042b67356615d82f9,delivered,2017-02-10 19:44:25,2017-02-10 19:55:08,2017-02-20 03:24:03,2017-03-03 12:22:15,2017-03-20 00:00:00
05fd18ef3ce628a45cd42bb394ff081b,64549f169466936ef8e0edde57ae994d,delivered,2018-05-09 21:07:05,2018-05-09 21:33:58,2018-05-11 05:30:00,2018-05-14 14:40:27,2018-05-17 00:00:00
0ba555009a855c3f87f818f23b4ccdbd,4b7395d051260eca36885f07f32b5f73,delivered,2018-05-07 14:42:12,2018-05-07 16:35:25,2018-05-11 13:50:00,2018-05-16 15:43:32,2018-05-30 00:00:00
0893d3e08dffcc94ba62238512c798b6,8ba616c70c41e2f52d237e2a71935d36,delivered,2017-10-09 07:58:39,2017-10-10 06:32:13,2017-10-10 19:09:06,2017-10-13 20:25:43,2017-10-25 00:00:00
06b8cdbbc86d64ea69af76036c523827,9f1ad46564d73464434b221ba6ba08f4,delivered,2018-07-19 04:33:57,2018-07-19 05:20:06,2018-07-19 14:49:00,2018-07-20 19:21:42,2018-07-31 00:00:00
0c9f41e58fc40c21ef9150e610aa6691,c0b4f1d2d74169ee8f2c4a8f4e2ec429,delivered,2018-08-17 09:25:50,2018-08-17 09:49:43,2018-08-17 14:13:00,2018-08-27 13:29:48,2018-09-13 00:00:00
016a6dbc80aea6e2d217d2bedbc7b59e,72d62fcd5850d8daa156a6a514da4ea9,delivered,2017-04-13 01:39:11,2017-04-13 01:50:09,2017-04-13 15:48:02,2017-04-19 14:05:47,2017-05-05 00:00:00
0123098b96f3d4014545642be53d891c,746b43bea6d9eb220867694bfe4b800d,delivered,2017-08-15 11:02:55,2017-08-15 11:30:20,2017-08-22 10:46:58,2017-08-29 23:47:27,2017-09-06 00:00:00
07055a132b3dcf9a44b88259dea3e3b5,a810af91d0732c90a837e4d5e7de719c,delivered,2017-10-27 13:19:24,2017-10-27 13:30:45,2017-10-30 18:55:04,2017-11-03 22:47:33,2017-11-10 00:00:00
0a15572811e0bc23e2963de1cdf344f0,a0a88da4a6858c8d7cc650bbd21949e8,delivered,2018-04-19 10:59:31,2018-04-19 11:36:50,2018-04-19 21:36:40,2018-05-04 20:04:01,2018-05-23 00:00:00
05dc9045a35ab252a2b71dd4b0dfb63d,f145b776c9a84798752ab06f0bad91d6,delivered,2017-06-11 18:53:16,2017-06-11 19:05:13,2017-06-12 13:48:27,2017-06-16 21:36:47,2017-06-26 00:00:00
04af00b2ad7756ba45549af1e832d8da,01d7603b563bc426e2eda5e0677e714b,delivered,2017-12-05 21:01:20,2017-12-07 03:16:39,2017-12-09 00:10:15,2017-12-13 20:43:24,2017-12-21 00:00:00
096d4376832d3c6a12a5b6815590a657,57d8a458d7250607de1fe62759c5e298,delivered,2018-02-12 09:59:28,2018-02-15 03:47:50,2018-02-16 01:12:48,2018-02-26 20:52:27,2018-03-13 00:00:00
025e90567adfa253765b7fe0e844af3e,fb545b1c12acfe1a72c0e57c087f9029,delivered,2017-06-10 14:01:56,2017-06-10 14:22:36,2017-06-13 09:10:11,2017-06-19 18:45:54,2017-07-03 00:00:00
05028bf6da42dad66775424835329d50,a60acdac62e9cf7ec389b37d8d81e948,delivered,2018-04-10 16:28:59,2018-04-13 13:15:06,2018-04-17 23:48:38,2018-04-24 14:42:04,2018-05-08 00:00:00
0c11df2b80d95b1eabdcdf3790bb3347,498262061f04103f440f2e643da02027,delivered,2018-03-10 17:32:15,2018-03-10 17:45:25,2018-03-12 22:28:49,2018-03-24 14:12:39,2018-04-02 00:00:00
09fe6a53d51c53e7961252621989b67c,c5b84038071afcc85b592d40ca2f6d21,delivered,2018-01-08 19:46:22,2018-01-09 07:24:06,2018-01-10 23:07:51,2018-01-18 20:16:31,2018-02-09 00:00:00
06f69fec6e098f6350cefea19ca51ff4,243d86c0e5924f29e6e9496e533b0a85,delivered,2018-07-05 11:52:08,2018-07-05 16:11:09,2018-07-05 15:26:00,2018-07-10 18:06:35,2018-07-26 00:00:00
0c350088bd84d6620d87abdd2b1e09ca,f2339ae279065c55abadea96d38178d0,delivered,2018-03-24 17:42:49,2018-03-24 17:55:31,2018-03-27 17:42:46,2018-04-12 00:03:25,2018-04-17 00:00:00
088a5d99caf7f8345f08892b9c900bee,e489a88e2064b5ea8970d11339ac8f15,delivered,2018-04-08 20:44:42,2018-04-08 20:55:29,2018-04-14 00:12:14,2018-04-30 18:28:40,2018-04-30 00:00:00
0afbc110b84719faaef4887a5cff5a2c,dba001f78ebcbf63aec0095cc03ad969,delivered,2017-01-31 22:31:13,2017-01-31 22:45:17,2017-02-01 15:59:53,2017-02-15 13:55:49,2017-03-07 00:00:00
0c1457493ca1492c4a4417fc278605b0,b705b7bcb8909a7b65dd36a6c2653715,delivered,2017-11-30 15:39:45,2017-11-30 15:53:18,2017-12-14 21:35:22,2017-12-21 17:57:14,2018-01-15 00:00:00
02d5935847b855f189ad0391968773b2,5a01d03e70311e54445e9dc460e35c7a,delivered,2017-10-13 12:32:41,2017-10-13 12:49:09,2017-10-17 17:04:43,2017-10-30 12:52:27,2017-11-07 00:00:00
02ec38bbb2e837e0ef32fae6c5a651b5,ccdabc382839332b9e7a7fe7669e2b1f,delivered,2018-03-16 16:24:42,2018-03-17 02:50:45,2018-03-19 18:42:08,2018-03-21 12:32:35,2018-03-28 00:00:00
0c1e8da95f0bc94596b6e3571ba53a33,e6844a55be2b09d0651ee44371fe6298,delivered,2018-04-23 15:23:09,2018-04-24 19:24:11,2018-04-24 20:46:56,2018-05-14 23:51:31,2018-05-17 00:00:00
04c35d140fbc805e40f33f6902661c4f,f2dd9d0abca9dcb1e49685231aa0843f,delivered,2018-06-13 16:22:07,2018-06-13 16:40:12,2018-06-15 14:02:00,2018-06-21 18:19:28,2018-07-11 00:00:00
09e0e42eda6d72e0bd2a2e232d1c78b2,926d5dc6f6593960a86fbbaddad5ee8b,delivered,2018-06-19 13:59:34,2018-06-19 14:17:29,2018-06-19 14:45:00,2018-06-21 20:46:43,2018-07-11 00:00:00
08c182b2e7095965cdf8fb5be1cd5b3f,99f3961a1bcb55085e8bda6b25df6c16,delivered,2017-12-19 20:49:45,2017-12-21 02:11:55,2017-12-22 17:42:03,2018-01-04 16:27:12,2018-01-23 00:00:00
091b6eccc5e978d6c77d8da3f3cec254,177616f0a95f749bea62333503553be0,delivered,2017-07-27 15:04:57,2017-07-27 15:23:50,2017-08-01 13:04:03,2017-08-11 20:14:53,2017-08-16 00:00:00
09eb1ae749fc79af3f5a2f4481efae6d,fec3ffb806136156a064284eca7d38b4,delivered,2018-03-08 11:11:29,2018-03-09 02:31:11,2018-03-09 20:32:13,2018-03-11 18:34:30,2018-03-21 00:00:00
00ed64bc080d87b4ab7f0c433bc5e98f,3e49d94c6d8ad4a1f5589db832772317,delivered,2017-05-30 18:18:36,2017-05-31 18:22:47,2017-06-01 13:57:49,2017-06-07 13:50:52,2017-06-22 00:00:00
01cf88c5fb4298435526a5995720807a,a1f63365b87dc9cebf0baa24bc8c6b7e,delivered,2018-02-06 09:47:52,2018-02-06 10:11:45,2018-02-09 13:56:45,2018-02-14 20:49:07,2018-02-22 00:00:00
030e558867da892772c999f60d09e854,e216f6d4144d83b469cdf8c4acb1ce28,delivered,2017-11-30 23:24:16,2017-12-01 10:31:12,2017-12-04 22:27:00,2017-12-18 21:14:48,2017-12-27 00:00:00
081081d7c1bab4679737b9254c3e992a,7e42f801c6588638f347d7590379e617,delivered,2018-01-05 10:23:18,2018-01-06 02:07:56,2018-01-06 15:37:29,2018-01-08 18:14:39,2018-01-23 00:00:00
016befe103ce7c9e5b1b7ef359777eea,15f3f60c0575a9f2a7d5434f7b8a7692,delivered,2017-09-03 10:11:52,2017-09-03 10:25:18,2017-09-04 15:21:55,2017-09-11 14:36:51,2017-09-21 00:00:00
093a09a0bc3967dca46180c7bfe3aa29,4a085ed25db023c6efb5f7d9708385ec,delivered,2017-11-09 17:53:38,2017-11-09 18:06:00,2017-11-10 22:28:48,2017-11-20 19:29:03,2017-12-04 00:00:00
0cd218949b04611711989a6b534d9a26,cae389249163795aa33fe9b7b28dc22b,delivered,2018-02-18 13:36:51,2018-02-18 13:46:39,2018-02-19 22:22:51,2018-02-27 23:42:15,2018-03-16 00:00:00
09c2b130b47b0d77f2217277de5fd140,9f7ba884a1a243a6b4240358bb703550,delivered,2017-11-23 10:42:29,2017-11-23 10:54:29,2017-11-24 23:29:15,2017-12-04 21:52:12,2017-12-26 00:00:00
00b44ba3d7c4a5e9a9ebafef9150781d,0b5f6687d659478f1747caed607c4ec5,delivered,2018-08-28 21:10:46,2018-08-28 21:25:15,2018-08-29 13:17:00,2018-08-30 13:38:53,2018-09-26 00:00:00
02951078a21a2d9341ea16089a4d5031,6c51ed8c29ff8bc5f3b649dc7315b787,delivered,2017-03-16 15:16:53,2017-03-23 16:10:18,2017-03-24 14:42:45,2017-04-05 17:04:39,2017-04-19 00:00:00
05a17f243132acec3b0146b1b9b77720,c2e5e2f8efd3c8ec18e0c21d845d3667,delivered,2017-04-23 14:18:45,2017-04-23 14:30:18,2017-04-27 11:34:43,2017-05-04 06:16:55,2017-05-18 00:00:00
015f079801c424fda3edc48be99267de,e9887a9874d592a5904dc3b85187ec42,delivered,2017-04-06 21:55:36,2017-04-06 22:10:11,2017-04-07 13:47:55,2017-04-20 13:59:47,2017-05-12 00:00:00
048fec87f5858e3a91ce55d3a944b457,9b0befd87ff5c159c8a3e3bd6318a655,delivered,2018-05-15 22:58:42,2018-05-15 23:15:18,2018-05-16 11:27:00,2018-05-21 15:07:56,2018-06-05 00:00:00
0bf736fd0fd5169d60de3699fcbcf986,6cd217b674e22cf568f6a2cf6060fd07,delivered,2017-12-21 16:21:47,2017-12-22 17:31:27,2018-01-02 22:27:47,2018-01-06 15:03:41,2018-01-16 00:00:00
00602f25bffa1dcfb71e202fbf9824fb,d91dc5b08f5bb5e181a878580f4ec576,delivered,2017-11-01 17:45:52,2017-11-02 02:35:31,2017-11-03 21:12:51,2017-11-27 21:07:22,2017-12-11 00:00:00
0749c0c521a53f4a99f4c7be0d92df95,55439d42edb27419fd91de6c518aa06c,delivered,2018-02-28 12:44:18,2018-03-01 07:08:36,2018-03-08 19:50:56,2018-03-27 14:49:15,2018-03-19 00:00:00
00cf47526e0f7920b381b2baf4ecf1c7,1563bfe4b8d21ed87a2dd20cb1fae1a7,delivered,2017-02-09 13:21:46,2017-02-09 13:35:21,2017-02-10 13:27:09,2017-02-16 10:34:15,2017-03-17 00:00:00
0193a99edc8c599aaa16f9b9e991efb8,27b04e3afd2217cfac1020a7da0cfc25,delivered,2018-07-29 07:27:26,2018-07-29 07:35:09,2018-07-30 15:11:00,2018-08-01 22:32:40,2018-08-13 00:00:00
00beb247698c6aae94e3f859d279e2cd,fb6730884fc4466765ef8619cfe90ced,delivered,2018-05-24 22:21:17,2018-05-26 02:18:43,2018-05-28 15:04:00,2018-05-29 19:11:16,2018-06-11 00:00:00
08202fbf5047a2f85a0983ac291a69fb,de9ebceca7f056c08928dfa4bb245205,delivered,2017-04-05 08:38:19,2017-04-05 08:50:09,2017-04-05 14:48:01,2017-04-11 10:03:50,2017-05-15 00:00:00
0560690f57123e9331f5731479b2d505,3c37b657b1ced423da2197f90b1c4c5b,delivered,2018-04-12 10:42:15,2018-04-13 10:35:17,2018-04-16 20:14:43,2018-04-18 20:23:46,2018-04-30 00:00:00
052a77ba9184a29a1a99c4129ec14c74,726c6521aff087c08b1742ac438ddec3,delivered,2017-11-28 12:00:26,2017-11-29 02:21:37,2017-12-01 23:08:52,2017-12-20 17:48:19,2017-12-20 00:00:00
04584330f2068c5aa42306130a5ae0e5,59c8f8409e6a27b4134fd666ca564e8e,delivered,2018-01-28 20:31:51,2018-01-28 20:50:39,2018-01-29 22:33:29,2018-01-31 19:24:26,2018-02-14 00:00:00
0870bb57b1b24052c8ac2cd8df433553,ef4a0203cea8e5543322ef59fe946532,delivered,2018-08-07 08:17:03,2018-08-07 08:44:54,2018-08-10 12:29:00,2018-08-13 16:24:46,2018-08-10 00:00:00
0487b772aa23074a39079a6967041b72,748e48c353e795b7303618bf785991bb,delivered,2018-07-24 12:47:13,2018-07-24 13:24:34,2018-07-26 14:56:00,2018-07-30 23:08:43,2018-08-09 00:00:00
01a6ad782455876aa89081449d49c452,71accffbcbdf8e02f67a469f65cdbf73,delivered,2018-01-18 10:07:52,2018-01-18 10:17:29,2018-01-22 22:37:04,2018-02-01 21:02:22,2018-02-20 00:00:00
06c07d5b2696b9631375e2877c955b3b,5fb9d23a8af73d1d81be9447185a10f7,delivered,2017-11-06 18:08:17,2017-11-07 18:15:59,2017-11-08 19:28:44,2017-11-13 20:28:45,2017-11-27 00:00:00
05be057d337a9ea02bb4111d054a670a,d99a24ecc2f7593c35f0a6ab038a3b80,delivered,2018-08-16 12:09:52,2018-08-17 03:29:53,2018-08-20 12:34:00,2018-08-28 17:59:36,2018-08-28 00:00:00
093a8c168710da385a8c59d3149ea380,c5cef700ee7cc5a1bd23ab842777c617,delivered,2018-05-11 17:05:59,2018-05-12 03:32:38,2018-05-21 11:28:00,2018-06-12 00:28:44,2018-06-01 00:00:00
05fb9a42b233b4fb63dcaec6fac364a1,838e6092a13d571267967a79dbfdf662,delivered,2017-11-13 14:19:26,2017-11-13 14:30:45,2017-11-17 12:28:29,2017-11-25 13:09:51,2017-12-05 00:00:00
0b704d9bda1b350e1350d64af21b3411,cb8886f24409131b3732dad249f2af69,delivered,2018-06-22 15:06:34,2018-06-22 15:20:55,2018-06-28 13:00:00,2018-07-02 15:03:47,2018-07-16 00:00:00
0114835d7f0b3f674b70a989411e31c1,c865d1d500bae6adb604c4a55a31525a,delivered,2017-08-31 16:17:50,2017-09-01 02:30:17,2017-09-01 15:34:40,2017-09-04 19:57:35,2017-09-13 00:00:00
06a1cb50e0911f3b04b4f43fc7beb5a7,d1ea36182f1ea8b7ad99e6ffaa8b39a7,delivered,2018-08-20 14:16:35,2018-08-22 04:04:20,2018-08-22 12:10:00,2018-08-29 01:41:44,2018-08-29 00:00:00
0355ae43910316435f24cb54605a820d,36774face3b8ee84925f7ed49dd56c42,delivered,2018-04-02 07:07:41,2018-04-04 03:15:23,2018-04-04 20:37:19,2018-04-07 11:56:36,2018-04-13 00:00:00
06f8ee6a5ff26786c382b4fcf5b8ebe7,49d6722c4381c0f4240be0e3fdb6a883,delivered,2018-01-31 01:28:37,2018-01-31 13:50:15,2018-02-02 01:51:11,2018-02-06 16:23:53,2018-02-22 00:00:00
01ea9d9ce4b86204f82b79184897371c,47f5f43c79b29aaeec92a9c5e817ff6a,delivered,2017-03-23 17:38:28,2017-03-23 17:50:23,2017-03-24 11:09:57,2017-04-03 13:38:18,2017-04-13 00:00:00
01a921eb5bf5df0c2990e62563ceca49,e91aaba52c45b2044c6dc4319af54a5c,delivered,2017-11-26 20:51:06,2017-11-26 21:13:35,2017-12-01 23:41:52,2017-12-11 18:13:19,2017-12-12 00:00:00
0191b6a5a70bcbc6cdd39427f216602e,3f62271cc144183c56e7db438c8cba08,delivered,2018-08-22 09:40:25,2018-08-22 09:55:20,2018-08-22 16:04:00,2018-08-27 18:17:38,2018-09-13 00:00:00
05cb67bde9e73ef4ed72519d1497e006,18b70c2620ae375bc887c4a472178764,delivered,2017-03-20 09:54:19,2017-03-20 09:54:19,2017-03-20 11:29:05,2017-03-24 10:21:37,2017-04-17 00:00:00
086928951ba74a6682919fc942c458d0,2ecd7b05e49716f5a4efb5aa0f4cc899,delivered,2017-09-15 03:48:04,2017-09-19 04:04:22,2017-09-21 15:09:16,2017-10-07 13:11:58,2017-10-11 00:00:00
083fa2fb9d3de18eabbb3427045a1a1f,8b866d31b49a1305c5680658fff7e006,delivered,2018-07-03 10:24:56,2018-07-05 16:25:48,2018-07-05 15:18:00,2018-07-12 22:02:48,2018-08-10 00:00:00
0c5421914af517ebe266de68658e492c,7be38949be81f033f2b4bdbebcffa33e,delivered,2018-04-30 17:32:51,2018-05-01 03:54:01,2018-05-02 14:10:00,2018-05-03 18:48:35,2018-05-18 00:00:00
0675ebb5c8a8506766f55599dd95c74c,3641be52976f3de8181f072a7bd7865c,delivered,2018-06-22 11:59:29,2018-06-22 12:20:32,2018-06-23 08:43:00,2018-07-03 16:54:45,2018-07-27 00:00:00
0662642f8ec31225fd369ca4026cb610,35a6ecc0dbad9693cce748e2dd83947a,delivered,2017-07-22 19:21:05,2017-07-22 19:35:12,2017-07-25 22:46:43,2017-08-11 14:54:33,2017-08-28 00:00:00
001d8f0e34a38c37f7dba2a37d4eba8b,d987da9fb4086ab7c2c0f83963cd6722,delivered,2017-05-14 17:19:44,2017-05-14 17:35:11,2017-05-24 15:45:01,2017-05-26 13:14:50,2017-05-24 00:00:00
0921c97280957af14f02d430cac48a5c,936822bc2c34c35500bbe714445c0299,delivered,2017-09-27 12:57:31,2017-09-28 02:49:35,2017-09-29 20:35:00,2017-10-19 14:36:01,2017-10-23 00:00:00
0533030deeaf4b83feea1ea004f2ddb5,130db473eac67b544bd3813c3a92cef1,delivered,2018-05-16 13:23:35,2018-05-16 13:35:23,2018-05-18 16:48:00,2018-06-15 14:37:45,2018-06-07 00:00:00
02e0c2efb6d9bb2a95ca90b7e78bec1f,0b8eb01b2a378b535126bdf817eb1761,delivered,2018-04-01 10:50:46,2018-04-01 11:07:40,2018-04-03 18:53:38,2018-04-09 18:48:28,2018-04-18 00:00:00
0013503b13da1eac686219390b7d641b,f7277fce45fad3165379c15cacf5ddbe,delivered,2017-12-05 23:40:59,2017-12-07 03:16:36,2017-12-07 22:59:30,2017-12-20 22:46:28,2017-12-28 00:00:00
0a864e1c3705f361a953b0f2cc47a60e,738c8fd3671d50e81a227be5aa0327bc,delivered,2017-04-26 13:17:05,2017-04-28 11:41:32,2017-04-28 12:01:45,2017-05-04 12:55:05,2017-05-17 00:00:00
0a7a3bb3bfcebd9e89241cf037c3bc85,9466322b97e1ac6b447e2e6404ed612a,delivered,2018-01-23 22:32:24,2018-01-23 22:53:19,2018-01-25 21:51:48,2018-02-02 20:03:29,2018-02-20 00:00:00
0b1ebd05e50ebf9d1fc97b8b1ed874b7,d242973fcc51203ce6f07da575139a0f,delivered,2018-03-08 07:17:15,2018-03-08 07:28:09,2018-03-08 21:50:48,2018-03-15 22:37:27,2018-04-10 00:00:00
0528d983de4118f6b36d55e407d24f94,2b1b790a9c4607e02c727e98485cd449,delivered,2018-07-22 17:36:00,2018-07-23 12:32:17,2018-07-23 14:52:00,2018-07-26 22:16:50,2018-08-06 00:00:00
0b46d65f233663a9d675570799f42914,e2b23b5346debd052a2750aca8834ea4,delivered,2018-05-20 19:40:06,2018-05-20 19:50:44,2018-06-07 14:02:00,2018-06-11 15:44:38,2018-06-13 00:00:00
0b6626697a43f34edff9135fdd0a564c,c2c67639ee959564126f62c5f03328ce,delivered,2018-02-05 11:46:11,2018-02-06 05:31:50,2018-02-07 22:26:51,2018-02-16 00:46:39,2018-03-05 00:00:00
0014ae671de39511f7575066200733b7,41065d9dcea52218c3943d2eed072b97,delivered,2017-05-22 13:49:03,2017-05-23 03:15:24,2017-05-29 09:04:02,2017-06-07 13:52:52,2017-06-13 00:00:00
0b05441635d9a251f9865b985bf985de,a3c9f9938f51f409773bbda6b13f7f3b,delivered,2017-12-12 22:05:02,2017-12-12 22:18:33,2017-12-13 23:54:34,2017-12-22 22:52:18,2018-01-09 00:00:00
00e5b655df1cc911466758210325c67c,7f2a66ad36459534aeadd9b1985bef2b,delivered,2017-07-07 14:20:36,2017-07-07 14:43:32,2017-07-12 11:37:44,2017-07-18 18:45:46,2017-07-31 00:00:00
098a083175759c53525b6288a6e46119,7ebe919bdce35baa4a4063132bece606,delivered,2018-03-20 11:24:34,2018-03-20 11:49:45,2018-03-21 19:08:32,2018-03-23 15:54:55,2018-04-02 00:00:00
07758ed400d130462900b1f68d042ee7,db151f1435a8d837d9803b742c68a93e,delivered,2018-07-15 16:45:24,2018-07-15 16:55:21,2018-07-16 13:37:00,2018-07-24 20:31:58,2018-08-01 00:00:00
07d395244b58ce72bbecdafbb1b60ace,25d62fdf76ad56f0adb33fcdeb5cf36f,delivered,2018-07-02 19:41:29,2018-07-05 16:26:51,2018-07-03 13:45:00,2018-07-20 15:36:53,2018-07-25 00:00:00
0a2de338241b69893fc167f8d0970349,469451c2725ae0ccef5f959bdc62108c,delivered,2018-06-18 11:53:54,2018-06-18 12:37:23,2018-06-18 13:49:00,2018-06-26 21:05:43,2018-07-17 00:00:00
099d60cb800db65a72d355528bb7f41e,b10fe33654a6d22ae6e87f3ed316b1dc,delivered,2018-05-08 22:56:28,2018-05-08 23:11:49,2018-05-09 11:43:00,2018-05-15 16:27:06,2018-06-04 00:00:00
0009c9a17f916a706d71784483a5d643,8a250edc40ebc5c3940ebc940f16a7eb,delivered,2018-04-25 09:10:41,2018-04-25 09:33:19,2018-04-27 15:14:00,2018-04-30 17:54:25,2018-05-09 00:00:00
014ac3cfd0e55bdc2cdd12aa181b00cb,b960facb09e55b91fd14efb587eb5bb3,delivered,2018-08-05 09:19:13,2018-08-05 09:30:07,2018-08-06 13:36:00,2018-08-13 21:58:42,2018-08-23 00:00:00
0b055b1ac16d0401f76e361ff96926eb,3b34eb193a790f18c1952eca8a964987,delivered,2018-05-03 20:32:43,2018-05-04 11:33:26,2018-05-07 15:01:00,2018-05-17 19:46:48,2018-06-04 00:00:00
041082480b107a1303236e0c21b8bcd5,23706c2bdb0f3c73d411a126e1cb9a7a,delivered,2018-04-21 15:55:04,2018-04-24 18:04:16,2018-04-25 14:47:00,2018-05-02 21:26:34,2018-05-21 00:00:00
077a6d2bd20a77531ca2dcf84f5c5d0e,5c3cb5ad39b8fee43aa5c64898cb49b3,delivered,2018-06-12 00:17:26,2018-06-12 00:40:54,2018-06-12 12:56:00,2018-07-11 19:52:37,2018-07-19 00:00:00
0c1cc28155fd9320c6ffca57c92999a0,e1a8132a93174597bc2dde1255a39b21,delivered,2018-04-17 16:37:44,2018-04-18 06:32:00,2018-04-18 20:38:21,2018-05-10 22:44:40,2018-05-17 00:00:00
0852e5a61869a064200caa569e5291a5,33492e6f3dcc16afb6a9fb8f8cd62910,delivered,2017-10-17 09:27:04,2017-10-17 12:34:15,2017-10-24 19:58:19,2017-11-09 21:04:59,2017-11-14 00:00:00
04a772c0620384a8776c4fbcf4af5c01,cf2ca98ff50dd7bc444ed0cb47a21d14,delivered,2017-11-29 13:25:18,2017-11-29 13:37:16,2017-12-01 19:28:43,2017-12-28 21:05:16,2017-12-28 00:00:00
08030370edeb35f2f91b73f09f76a49b,7190e3096142c612e46f988bffd57529,delivered,2018-04-11 11:34:51,2018-04-11 11:50:15,2018-04-13 00:15:31,2018-04-23 22:12:34,2018-05-10 00:00:00
08158c9f50214fc5872aba47814160e7,d34e0dba89b89a8aa2e00cb8b289f565,delivered,2017-03-15 14:37:37,2017-03-15 14:37:37,2017-03-22 10:51:59,2017-03-27 11:38:04,2017-04-07 00:00:00
0cdc602941468800cf63d3385e750f8e,909d8e1f1bfb6af00321a96711b711e2,delivered,2017-02-15 10:10:58,2017-02-15 10:23:11,2017-02-16 09:22:45,2017-02-22 10:20:49,2017-03-14 00:00:00
02058d1c3b825765a4ec45968b8a1c97,789866f98a4d051812a2ad7e9c2443c0,delivered,2017-05-22 22:10:22,2017-05-24 02:50:28,2017-05-29 14:03:01,2017-06-05 18:05:53,2017-06-19 00:00:00
04993613aee4046caf92ea17b316dcfb,aeb3d464f6b83eecd79d6fd58d6208fb,delivered,2018-01-30 08:46:12,2018-02-01 02:52:44,2018-02-02 16:08:38,2018-02-07 10:54:52,2018-02-15 00:00:00
0977997b1c07196d7d76a0d79c50117d,f5a2891493b5b415942b5e2e98ebaf11,delivered,2017-03-22 18:42:09,2017-03-22 18:42:09,2017-03-23 11:06:38,2017-03-29 13:38:22,2017-04-10 00:00:00
09ad94cb221ea7d2ba569504ad446082,2733a4e78706230ef8e6da9fc7f80444,delivered,2018-02-05 13:15:21,2018-02-05 13:30:45,2018-02-05 23:33:06,2018-02-21 00:22:12,2018-03-09 00:00:00
04ad8c8d81d4c6b6936947bfe41c20fd,2922663a56169a375f080ff7454266cd,delivered,2018-02-25 19:00:40,2018-02-26 09:49:50,2018-02-27 15:49:06,2018-03-19 22:58:27,2018-03-22 00:00:00
059511087f2394ebd55a674537a7c2cc,c5c273dc7587ce40423e6c791c339e79,delivered,2018-02-14 11:42:55,2018-02-16 07:50:29,2018-02-21 18:29:16,2018-03-28 19:38:43,2018-03-12 00:00:00
01643942766bdec224d5593041f714e6,35b6010ad8b185e27365ae8366cbb76d,delivered,2017-08-05 00:17:35,2017-08-05 00:30:20,2017-08-08 21:57:41,2017-08-22 19:04:14,2017-08-31 00:00:00
05408ed33df5e0bbf70d578dbdca2f29,4c33cd096ac1e26aea9bcce5306684ee,delivered,2018-07-26 20:01:37,2018-07-27 16:45:16,2018-07-30 13:39:00,2018-07-31 16:18:24,2018-08-02 00:00:00
0945dadba69dad599e42c31e78450de4,be33968269bf8c51037b65cdf4edff1b,delivered,2017-08-29 15:20:56,2017-08-31 02:35:33,2017-09-01 20:07:41,2017-09-25 18:10:20,2017-10-10 00:00:00
099a55045696dde09f58f62e8e82a542,66358fc9282c24ef2163204d1803774a,delivered,2018-05-27 18:29:11,2018-05-27 18:55:04,2018-05-28 13:06:00,2018-06-13 14:58:49,2018-07-12 00:00:00
07a26b88cc90e93f5c9401de11a60793,16cb12efaba0eb4a1401091ebd4d9ec1,delivered,2018-08-22 12:19:45,2018-08-22 12:30:17,2018-08-22 20:13:00,2018-08-25 17:06:25,2018-08-27 00:00:00
0a31fa5371c2046d273b9fb84e3b2988,8713663b0e741841fa3110a6eea7335b,delivered,2017-04-16 12:20:54,2017-04-16 13:05:17,2017-04-18 13:42:27,2017-05-22 16:53:11,2017-05-10 00:00:00
0b372cdcdd4134fc5f7695426339ce84,cfeea068ddb39d98dc66cd1804936dbe,delivered,2018-06-26 22:00:12,2018-06-26 22:27:36,2018-06-28 14:15:00,2018-07-13 10:32:57,2018-08-17 00:00:00
0989d111cfe79cf0bbdea443f1caf9b7,13dd964c7fed51af56b9f113fe590071,delivered,2018-06-03 21:24:09,2018-06-05 04:12:38,2018-06-05 13:45:00,2018-06-16 17:08:21,2018-07-18 00:00:00
061cafafafb36839a8ee7cf19ab807c6,a85c4ce1598da0a210287d8af78326f8,delivered,2018-03-14 07:03:01,2018-03-15 03:10:51,2018-03-21 21:32:18,2018-03-23 00:57:01,2018-04-10 00:00:00
0c02a4cb5207e682d63a1343cbddd13b,c68d0a3fbe7bf557ea9b8c822e154535,delivered,2018-02-12 14:04:49,2018-02-12 14:15:46,2018-02-15 17:19:43,2018-03-19 21:06:03,2018-03-12 00:00:00
011724d1afbd91844302627f79a66800,9899640961f5678c7fb0c46815ee6408,delivered,2018-08-09 18:32:00,2018-08-09 18:44:58,2018-08-10 13:55:00,2018-08-15 12:46:48,2018-08-22 00:00:00
08be29a19a75ae2f62a0f1250c4f67c6,500d6039642b97f92c9a47d849af5410,delivered,2017-05-01 23:34:00,2017-05-01 23:45:10,2017-05-09 07:58:27,2017-05-18 15:09:21,2017-05-23 00:00:00
07883af69dfb22686ef985505006f9af,b5fb9a0f32a8319d4102955e48ab411c,delivered,2018-01-22 13:01:26,2018-01-24 02:38:32,2018-01-25 20:45:36,2018-01-30 12:49:42,2018-02-14 00:00:00
055aed279e13c9571499453c260726e9,e07255e0a4e248ceee143c136e2d7caf,delivered,2018-01-08 13:47:00,2018-01-08 13:59:22,2018-01-09 17:07:51,2018-01-30 14:53:23,2018-02-14 00:00:00
0044c6f6d22dd280534344177c81b989,24436139c80a4ae51c0e3a98469ed7d4,delivered,2018-05-18 16:59:09,2018-05-18 17:15:37,2018-05-21 14:46:00,2018-06-04 20:12:57,2018-06-12 00:00:00
0627a80d6b5c65e9b212271f845e34da,d94f717fa5e77c3d7b16ee7cccdfe45e,delivered,2017-10-30 22:57:51,2017-11-01 03:31:16,2017-11-14 16:32:31,2017-12-15 02:55:01,2017-12-08 00:00:00
0683849d0c0146afc4977ada6e86bc88,368007c7af210b8120dee45313b707d7,delivered,2018-02-20 14:41:45,2018-02-22 02:08:47,2018-02-23 16:58:48,2018-02-28 15:04:21,2018-03-14 00:00:00
0039500db36d50d7d0bfaf23723550f3,90bd9911aed064dfc625750fbd83ebca,delivered,2018-07-06 10:37:32,2018-07-06 10:51:09,2018-07-07 09:15:00,2018-07-21 00:08:29,2018-08-03 00:00:00
0af82e15ff98cb5fd79d28b3c4a70a4b,c1320f6c1ef215c155f32978675c5369,delivered,2017-08-29 21:54:29,2017-08-29 22:06:28,2017-08-31 18:25:30,2017-09-05 22:54:39,2017-09-15 00:00:00
0b958a89cde3a26acc1aaa43b64b999f,c7fd4137af4a1ebf4a28aa30e59c863a,delivered,2017-06-08 17:16:09,2017-06-08 18:43:09,2017-06-09 14:38:02,2017-06-22 18:03:31,2017-07-03 00:00:00
0647c4896cbb3bcfe3a48f652dd058ca,f74fb337ed11fedba7605dbf08af6c8e,delivered,2018-02-26 14:06:11,2018-02-26 14:29:47,2018-02-27 00:06:28,2018-03-07 14:18:47,2018-03-19 00:00:00
087b9476284aab4d762f05d8c0181aab,05ae07724e12ebb587685c8acdb8260c,delivered,2018-08-12 20:52:56,2018-08-14 04:35:25,2018-08-23 09:16:00,2018-08-30 22:44:28,2018-09-06 00:00:00
0a4c05d2e1ae812a342af2f5c9a34b36,3191981f84b69ebcca47bce1954371fc,delivered,2018-07-31 13:55:19,2018-08-02 05:15:25,2018-08-02 14:47:00,2018-08-03 13:48:35,2018-08-10 00:00:00
03eba6d9fef8f5b3e811d4b5a7cca9cd,08e7487578bd3fb98d11c5d95f1e5db5,delivered,2018-02-08 20:09:44,2018-02-08 20:29:03,2018-02-15 20:06:44,2018-02-22 14:43:51,2018-03-07 00:00:00
064eacf6619a7203b06b7187bf3a3779,1731604d6fcd6fd6dbc0e2e12d552ddb,delivered,2018-01-03 18:07:35,2018-01-03 18:17:30,2018-01-05 18:17:58,2018-01-16 16:35:03,2018-02-02 00:00:00
04ebe10a05b6cb445e27b34f29a01c1a,8914e881bbf2c9017c99a75e418b5aba,delivered,2018-08-17 09:54:22,2018-08-18 02:50:23,2018-08-20 10:50:00,2018-08-27 18:36:44,2018-09-10 00:00:00
06fa97ae36cda18a1e8ea370f3f2edf7,059f29f70dd5872036d655d20ee08965,delivered,2017-12-07 18:49:28,2017-12-07 19:09:37,2017-12-12 22:58:28,2017-12-21 15:52:29,2018-01-02 00:00:00
0afc9d224a6bcb1862f0d678183a5140,a8154b4451b0f7e908ff206120862ed3,delivered,2018-02-14 11:03:48,2018-02-14 11:15:29,2018-02-15 17:27:27,2018-02-28 22:27:08,2018-03-09 00:00:00
00efb72d8e18533f736e86770705d094,bcda63215770504537bdb7ae298568f6,delivered,2018-06-04 17:40:52,2018-06-04 17:53:08,2018-06-05 10:15:00,2018-06-13 18:41:10,2018-07-12 00:00:00
0aa31b21d8142ae99420dec2c667e869,398d40045df6bd85c62cc47e4f5715d2,delivered,2018-03-14 12:19:11,2018-03-14 12:30:32,2018-03-15 20:38:24,2018-03-22 22:17:33,2018-04-02 00:00:00
010b0f6bd323a9effd095a743e660f26,892522b67acfcb855f3feba4cff78050,delivered,2017-07-18 12:56:38,2017-07-19 07:32:04,2017-07-20 19:26:36,2017-07-26 13:57:49,2017-07-31 00:00:00
08bdb086a562d4a730e238d0ba09be26,2645421a41e015b1818b76759bf2c49a,delivered,2018-02-08 07:57:06,2018-02-08 08:10:24,2018-02-09 23:33:46,2018-02-26 17:42:06,2018-03-06 00:00:00
05ebeda0c1aefd787e0ddc914af75039,c440fc4fd60fd9083395f183aada6d4c,delivered,2018-08-14 10:07:51,2018-08-14 10:24:42,2018-08-16 13:14:00,2018-08-22 17:09:05,2018-08-31 00:00:00
01c886b4b865797097ab2d051ae30cfd,c8eaa92fb78e29a73b98bb005e08a45e,delivered,2017-08-09 12:34:24,2017-08-10 03:32:19,2017-08-15 19:10:02,2017-08-24 20:53:46,2017-09-06 00:00:00
02ebcb8b63b7e61be9514866e432d1d8,f6684db0118cdcdbe308f6de0287035c,delivered,2018-01-25 12:06:19,2018-01-25 12:19:11,2018-01-25 20:33:37,2018-02-05 18:13:11,2018-02-20 00:00:00
0a0f50037a1e1b7c239ac621dbd8a03e,c2579cd66fcac7efdbaef0470cc52602,delivered,2017-09-25 14:34:48,2017-09-26 03:28:22,2017-09-28 20:45:34,2017-10-02 18:45:18,2017-10-17 00:00:00
041aa5c38550649d5b51f38ba03a29a4,144f118d87d88f07c47bd1caf3d2f647,delivered,2018-02-06 09:17:35,2018-02-06 09:35:33,2018-02-20 20:45:54,2018-03-02 17:07:03,2018-03-15 00:00:00
0c4e55eefa45381c3ac66984b7be7822,4efd865536f73395e0cada04bc3bc468,delivered,2017-02-21 22:32:56,2017-02-21 22:42:33,2017-02-24 13:21:41,2017-03-10 07:31:39,2017-03-22 00:00:00
0c56c2d802da452669d191dfd438ac4c,474b0c4f14f206fa257fefdcb4110013,shipped,2017-08-16 18:48:04,2017-08-16 20:15:15,2017-08-18 18:38:48,,2017-09-08 00:00:00
03a09960f3b0d2b2565271fec21a8c94,f50df10e94888c89877c349b940b0b3b,delivered,2017-12-28 11:45:47,2017-12-28 12:31:55,2017-12-28 22:15:17,2017-12-29 17:19:10,2018-01-17 00:00:00
03aba68b07658f28f29612641f08d4ba,a7ab31829dc9a10f37e82b1e1afd26b6,delivered,2018-08-08 14:27:15,2018-08-09 08:50:17,2018-08-14 18:00:00,2018-08-21 15:33:32,2018-08-27 00:00:00
02ead97e330f2220485cb34ceaf2fad9,91777bf7da6d514032a58412641e51dc,delivered,2017-06-25 23:06:58,2017-06-27 03:43:25,2017-06-28 14:39:24,2017-07-05 16:02:58,2017-07-28 00:00:00
046afc54df6dd8bc98ee2c0e653b70d8,8ee754be82092030235d71ae5c945ace,shipped,2017-07-03 23:04:24,2017-07-03 23:23:27,2017-07-04 13:32:03,,2017-07-25 00:00:00
048beca6ccda094fb80bbc704d7c493d,0009a69b72033b2d0ec8c69fc70ef768,delivered,2017-04-28 13:36:30,2017-04-28 13:45:15,2017-04-28 15:08:40,2017-05-08 10:04:13,2017-05-22 00:00:00
06613112cdd7761776322081835b1b96,fcb575e0338a61a52183a700115f416d,delivered,2018-02-27 17:19:46,2018-02-27 17:30:35,2018-03-06 00:27:01,2018-03-09 22:26:34,2018-03-19 00:00:00
09abedc2c8793fa1ef3a6eb50a9587e6,3f2b5d8dc2d1ea6f3fe026509549773f,delivered,2018-06-01 14:55:40,2018-06-02 14:51:54,2018-06-06 14:31:00,2018-06-08 16:56:55,2018-06-26 00:00:00
032b0e60cda9e20b30fc4b3bf1079e50,12d1b4f01a98d5300ce2b471a0190721,delivered,2018-04-12 22:26:07,2018-04-13 13:14:39,2018-04-18 22:51:38,2018-04-23 21:04:51,2018-05-04 00:00:00
03b9f7dff4b5e742b0593472f28ee9b0,1ca6b9732b728ee8b3845345b756a83a,delivered,2018-07-25 11:32:31,2018-07-25 11:45:14,2018-07-26 13:52:00,2018-08-03 20:38:34,2018-08-13 00:00:00
04c16a4e370df99cc2e5e4228ee63820,1f0e878fe25b2df28171c16a769928f6,delivered,2018-08-06 19:44:03,2018-08-06 20:04:47,2018-08-07 13:02:00,2018-08-10 19:03:27,2018-09-05 00:00:00
0a750178e6d58c01a64d8d939cdca0c0,1276bfeebf316d2fd56f31e384b9ffc5,delivered,2017-12-18 23:29:45,2017-12-19 01:31:26,2017-12-20 19:10:02,2018-01-05 15:12:43,2018-01-12 00:00:00
06efe66e043ee5d43f8d6edcba44d653,c105b81d3a6a33851246796a88ff749e,delivered,2018-02-04 08:59:46,2018-02-04 09:10:35,2018-02-06 03:18:55,2018-02-18 15:34:09,2018-03-08 00:00:00
0ba1fcf42e40850f464b8ca9b0b5e9fb,fb78d507b1a69fa3058a333371c7371b,delivered,2017-06-19 14:34:29,2017-06-19 14:50:14,2017-06-19 20:04:25,2017-06-22 17:41:46,2017-06-30 00:00:00
0cdbe13c72545beca47c7843784129b4,b0bb72efee14e2f42fabdfb419e52486,delivered,2017-11-07 19:34:30,2017-11-08 19:30:50,2017-11-09 22:05:30,2017-11-16 15:51:39,2017-11-30 00:00:00
02346f2f5b8930a992461a607bf6bf62,3cd29923676e2dde9a89f7232a64de8c,delivered,2018-03-20 16:06:52,2018-03-21 02:50:50,2018-03-23 01:58:37,2018-03-26 21:18:53,2018-04-09 00:00:00
00d5fac7792747fba4b528f23930bebd,83b22908078c379ad87b33bd9034ebc2,delivered,2018-03-06 11:33:17,2018-03-06 11:55:39,2018-03-08 01:13:43,2018-03-14 20:10:54,2018-03-27 00:00:00
0b912c351945bbd827aa7a0d181e5be9,142fe4836c9bfdddbee1f3198dbf4337,delivered,2018-04-03 09:27:13,2018-04-03 10:10:14,2018-04-04 19:58:40,2018-04-09 18:12:08,2018-04-17 00:00:00
047ac23902ffcc68f3106db4f2e4338f,41d6eef6ce1a80013f40a19d3500269e,delivered,2018-07-14 20:26:24,2018-07-14 20:43:58,2018-07-19 14:59:00,2018-07-23 19:21:04,2018-08-08 00:00:00
04ac505fe152a153d8b6013eccb4086b,98dfe650b52959127ab18d7c8b1da221,delivered,2018-04-04 00:22:07,2018-04-04 00:35:12,2018-04-05 20:53:31,2018-04-06 19:28:43,2018-04-16 00:00:00
08cd76ff1d27c6e6c522bbaead822fd7,27cda559c51079a52420a3366d38517e,delivered,2018-07-25 12:47:28,2018-07-25 13:24:14,2018-07-27 15:45:00,2018-07-28 16:22:15,2018-08-07 00:00:00
062e658558167913d261c1089bf9357c,0861e2295c798be38db3b39ab793abaf,delivered,2017-06-07 09:12:50,2017-06-07 09:22:33,2017-06-07 16:44:11,2017-06-14 18:47:50,2017-07-12 00:00:00
04df14e9618f3ad47f7b1e353b0b9c50,1d26c126f9597e1a7ee29449ed714258,delivered,2017-05-22 18:22:19,2017-05-24 02:55:31,2017-05-24 10:07:21,2017-05-29 10:38:00,2017-06-13 00:00:00
0510fbef17088fdb22eed8b459322c62,13e8265ea7e8a11df7a56799f5806220,delivered,2018-04-24 19:42:23,2018-04-24 19:55:14,2018-04-25 15:09:00,2018-04-26 18:23:36,2018-05-03 00:00:00
002f19a65a2ddd70a090297872e6d64e,7fa80efb1ef15ca4104627910c29791c,shipped,2018-03-21 13:05:30,2018-03-21 13:15:27,2018-03-22 00:13:35,,2018-04-16 00:00:00
09224348db675e0c2a00ebe2bd9599db,02ca27924660947952e555921dd4749e,delivered,2017-07-13 22:27:59,2017-07-13 22:35:27,2017-07-19 20:36:48,2017-07-20 18:21:29,2017-07-26 00:00:00
08c8efb673039f24977bee37cb4ce21f,794fbbffc8777305f986f63219b4e7e1,delivered,2017-05-10 15:24:48,2017-05-10 15:35:29,2017-05-11 10:53:42,2017-05-18 12:28:04,2017-05-29 00:00:00
07efb6b65a21feb31a7567eb0dbd2476,1f0ca2f4250709ea904aad7c7a706550,delivered,2017-07-13 09:45:31,2017-07-13 09:55:27,2017-07-14 14:58:45,2017-08-04 17:42:39,2017-08-21 00:00:00
032d1a95f9e146c92cf349805c5e1293,d1e9fd112fc30cbfc329679820335bb6,delivered,2018-07-26 19:35:13,2018-07-26 20:31:10,2018-07-27 20:01:00,2018-07-31 16:52:41,2018-08-09 00:00:00
007ec946d4f798caf2b43c9d44c56421,3ace63287bc8b41172016c06a5093808,delivered,2017-11-24 13:05:15,2017-11-25 04:15:38,2017-11-28 19:27:06,2017-12-06 22:38:40,2017-12-26 00:00:00
0a70fd0f23f627d0cc1ea16cb4169393,beb806638e70abe17fbbe9678baa019b,delivered,2017-08-25 14:51:58,2017-08-25 15:05:38,2017-08-28 23:34:49,2017-09-06 22:39:44,2017-09-29 00:00:00
0c0a67b96b88d50a44c1cf028cda65a5,2b7ad07995895014a1e35e4edd819807,delivered,2018-04-20 14:47:04,2018-04-24 18:14:52,2018-04-25 00:41:24,2018-05-03 18:16:34,2018-05-10 00:00:00
0a703303bdedfaa80afd4eb17280f2d1,dcb8f21123cad1d422278ea28a1a8a20,delivered,2018-01-15 14:03:31,2018-01-15 14:15:23,2018-01-16 17:21:48,2018-01-28 14:27:39,2018-02-08 00:00:00
006f7dfffe2d90809598e8f1972b829b,6031cd91d182925af3d38ae9590e5afa,delivered,2018-03-22 22:52:46,2018-03-22 23:07:23,2018-03-31 14:18:55,2018-04-05 19:18:35,2018-04-11 00:00:00
0c021596b865eb54c02ad64bf7d55aea,407b735b2eaad546c9f7c2eb72b1538d,delivered,2017-10-04 00:03:23,2017-10-05 03:07:14,2017-10-05 19:03:45,2017-10-14 00:50:00,2017-10-26 00:00:00
0b16fcb0e3133c83e8c82ed7bd6ccb1b,89f7508dce8638dd195717c747ab4f5c,delivered,2017-04-11 15:27:37,2017-04-11 15:42:32,2017-04-12 16:34:22,2017-04-17 09:18:00,2017-05-15 00:00:00
01bae920aea13b891b50bc1543634a65,57a5790d63d19ab68c8eb882a24cff8e,delivered,2017-12-21 20:04:26,2017-12-21 20:14:24,2017-12-22 18:03:20,2017-12-26 20:09:59,2018-01-11 00:00:00
07b9e5abd7254b1a85eb14ad3a1117e5,b503f68026d2399428f2e96529c73635,delivered,2017-10-09 08:10:30,2017-10-09 08:23:28,2017-10-10 23:12:51,2017-10-19 21:26:57,2017-10-25 00:00:00
0049edf42837aa808e03552a62bd2158,0f3a6d2c22bbdb61d02eb98f4a1e0dfb,delivered,2017-12-30 12:33:26,2017-12-30 12:48:10,2018-01-04 22:38:07,2018-01-30 22:18:47,2018-02-01 00:00:00
0538bda829ac14e64a201dc84fb1ba3b,84cb4824ee3f6d0c24b60d12a8e5bd00,shipped,2018-05-18 23:21:25,2018-05-21 18:35:58,2018-06-06 14:10:00,,2018-06-25 00:00:00
040a4487d2c737f11caa0eafc5ba5cf5,fd44d124e2a3efe1398e5b4919b17413,delivered,2018-04-26 09:03:32,2018-04-26 09:15:11,2018-04-26 13:00:00,2018-05-03 16:58:43,2018-05-30 00:00:00
07f593272eee0c411250e23e84846787,5f1d80961e9cfde25d058cb035671c1d,delivered,2017-11-14 13:58:30,2017-11-14 14:10:36,2017-11-20 22:13:29,2017-12-11 14:42:03,2017-12-08 00:00:00
00ef7ed06a55243f3e6a9d373a89eb14,30c93f8296b9a02c0eec5de60b94f98c,delivered,2018-01-12 16:43:52,2018-01-13 17:31:10,2018-01-15 19:23:20,2018-02-15 19:33:02,2018-03-05 00:00:00
02d8088eb13e63f678999f21c72b0047,c0c57d5e694be4512af66525fad54068,delivered,2018-03-05 18:12:50,2018-03-05 18:31:25,2018-03-07 23:18:49,2018-03-15 01:32:15,2018-03-27 00:00:00
05e2ab8de37670d9d0524473585092ec,3483b8aadc6a150114ee8f761e7d3c8a,delivered,2017-11-25 10:37:51,2017-11-28 03:33:47,2017-11-29 20:04:41,2017-12-05 21:11:53,2017-12-15 00:00:00
02b02f566c72d81744ae60c7b6afa22d,6de0a666300c444a5e012a952ed9469e,delivered,2018-03-05 12:03:36,2018-03-06 11:55:47,2018-03-08 19:56:28,2018-03-09 20:48:40,2018-03-15 00:00:00
070a76f4c338fe3cda93745a22e51270,de4f592a5c6155b2fe6f87b30aaeec9c,delivered,2017-12-31 23:29:31,2018-01-01 23:26:52,2018-01-02 19:28:35,2018-01-10 19:27:29,2018-02-02 00:00:00
07b93986d3989da936b0f9dfc9ab8972,e374debe4e35018b4d20de4337ea74ae,delivered,2018-04-05 05:11:57,2018-04-05 05:27:55,2018-04-10 00:11:51,2018-04-20 15:44:23,2018-04-30 00:00:00
058350ebe1e9c9b426d1331b4b6063d1,91ad3f8e690ac01a441bee801929b0fd,delivered,2017-03-15 05:44:17,2017-03-15 05:44:17,2017-03-15 11:29:50,2017-03-30 12:54:09,2017-04-07 00:00:00
02e7b3980e9984556bb3a764306f3e31,8ffbe0a28823d2a5ff88a9e4b1b7526c,delivered,2018-03-18 11:11:07,2018-03-18 11:27:57,2018-03-19 18:05:06,2018-04-03 14:20:55,2018-04-13 00:00:00
036d29511908c7b10872e1e72fd0681b,cbe4c947b4d90a9081fc935dc7a9bec6,delivered,2017-05-29 21:18:24,2017-05-29 21:30:14,2017-06-02 10:29:15,2017-06-11 12:12:41,2017-06-23 00:00:00
02e827a9f1e829b50b81eb9e26588ed9,625686f10cec48c80b355bdcd4b94dd8,delivered,2017-08-11 18:32:57,2017-08-11 18:50:14,2017-08-16 21:04:10,2017-08-18 18:47:05,2017-08-24 00:00:00
0b71862ee9cbb65cc3da31466a6c2990,a3bc153e31417450d48c6b079df00bd6,delivered,2018-02-22 18:45:08,2018-02-22 18:55:34,2018-02-28 01:38:44,2018-03-01 19:59:16,2018-03-08 00:00:00
0c53c83ddb6fc0f6d915cda471c0aee5,bde4e157ee06c28735a5ed052ba76769,delivered,2017-08-29 20:50:49,2017-08-30 20:10:14,2017-08-31 19:04:00,2017-09-13 22:22:31,2017-09-19 00:00:00
08f016204423b6b70f37abfa64ecbc64,fd0155e73e71f879a2079171afacc7c8,delivered,2017-05-27 01:55:51,2017-05-27 02:10:15,2017-05-30 07:36:31,2017-06-05 11:52:57,2017-06-19 00:00:00
0b07e7d1e914b970ab1ee7402cddd4ce,fd9cfa9c0b1759c22b2eda5797a857d5,delivered,2018-06-15 07:43:54,2018-06-18 10:33:54,2018-06-25 12:26:00,2018-06-29 18:52:15,2018-07-27 00:00:00
05c5fe623dddb59ad7462d5adf24885f,3b85d7e01afbab4314024cef7903a329,delivered,2017-07-05 14:59:51,2017-07-05 17:38:49,2017-07-06 15:06:51,2017-07-17 20:32:29,2017-07-27 00:00:00
0245af1fbe1f70f5ac7c1793c78f12cb,c6bf16f05f0fdc4603d841d215a13edb,delivered,2018-01-16 15:14:13,2018-01-16 15:31:13,2018-01-18 18:55:06,2018-01-30 22:24:44,2018-02-16 00:00:00
01f66e58769f84129811d43eefd187fb,e41819d1c95c12c9ce495b630eab8aee,delivered,2018-07-09 21:18:01,2018-07-09 21:30:20,2018-07-10 11:49:00,2018-07-11 23:24:16,2018-07-18 00:00:00
07da984520cb8c0de39f0b96b92c08f6,5ebe6b7897cc0ce155a42e2978e89978,delivered,2018-03-26 17:56:37,2018-03-26 18:10:19,2018-03-27 21:33:25,2018-04-10 19:03:13,2018-04-13 00:00:00
057134090fb19405548e54bbcf377f59,d1805669744b0cd80fed4d80405d75a4,delivered,2017-07-06 00:02:22,2017-07-06 16:23:57,2017-07-11 16:41:46,2017-07-27 16:42:22,2017-08-09 00:00:00
077b4b3a3d03fcdfce6a94e53ccdb3a9,787e333c11dbf966e21171853d71ff36,delivered,2017-11-26 21:00:43,2017-11-28 03:46:21,2017-11-28 20:15:02,2017-11-30 21:18:43,2017-12-11 00:00:00
08921fc98ee1dc54454ae8af90493c44,73f6f07cecb177c52aafb9ddd4b4b448,delivered,2018-04-19 01:10:02,2018-04-19 01:30:15,2018-04-19 18:03:42,2018-04-20 18:52:35,2018-05-08 00:00:00
0777f4238fa29d5c69367c8847a2f6ec,d9cc52f8687d008c962789641cb4ee0d,delivered,2018-07-22 18:49:33,2018-07-23 12:32:04,2018-07-24 13:11:00,2018-07-28 02:48:47,2018-08-14 00:00:00
0268f664f7833aa949da2eae5321aa5b,0e5cde0fdd1709898292a48802e28144,delivered,2017-04-27 23:32:37,2017-04-29 02:43:13,2017-05-12 17:19:43,2017-05-18 09:26:44,2017-05-31 00:00:00
0651c427722f910d3a2238dca1975fcc,ba441b699aeb3bb9afd7ec9c732ec617,delivered,2017-12-04 22:28:27,2017-12-06 22:33:05,2017-12-07 18:39:28,2017-12-14 11:14:58,2017-12-29 00:00:00
0731519818400f39a85714db501f1781,dfa47dbf18628970fbfba709ee9354ab,delivered,2018-01-21 00:05:02,2018-01-22 00:43:23,2018-01-22 21:25:03,2018-01-26 11:45:05,2018-02-20 00:00:00
00a13ab02fbe82f78cd84f14e41564ed,9ac1fd75f48d0f50af8400cd461495cb,delivered,2017-12-09 19:22:59,2017-12-09 19:32:49,2017-12-11 21:24:27,2017-12-14 23:33:23,2017-12-28 00:00:00
0a95a336d341691ae0e6359713af3cd3,2f533dfc8d858dc1947251e5d0d8b157,delivered,2018-01-27 15:05:15,2018-01-27 15:17:23,2018-01-30 02:05:26,2018-02-05 15:33:20,2018-02-23 00:00:00
084080266521db39cd371403f8534271,cd83239e30889569deb8484dc2a05b91,delivered,2018-03-23 01:42:47,2018-03-23 02:47:34,2018-03-23 20:56:36,2018-04-10 21:46:33,2018-04-19 00:00:00
03344155603005842bd94ce8d65f2607,6e20e3411f6125ce6341690687c83fef,delivered,2018-04-13 14:41:18,2018-04-13 14:55:22,2018-04-16 13:02:31,2018-04-17 13:12:01,2018-04-30 00:00:00
078c97da8566e6052ff4f0925dadcbb4,d35a516e27873b344b2b9bc4ff2634a1,delivered,2018-01-27 10:45:45,2018-01-27 10:57:19,2018-01-29 18:58:54,2018-02-22 18:51:39,2018-02-23 00:00:00
088ed3ea83b658f4974b48fbbb26a795,39438ed667ddf6622e024e390bd85c73,delivered,2017-04-19 15:29:11,2017-04-19 16:10:21,2017-04-20 12:10:54,2017-05-02 16:20:38,2017-05-11 00:00:00
00e7aeced1d61792368ec7bf8b967a90,a59a22655d75791a336909c4bd133fbe,delivered,2017-04-13 02:11:17,2017-04-14 02:50:12,2017-04-19 16:34:52,2017-05-04 18:12:45,2017-05-17 00:00:00
00c47fefb9a49baec12ab3654d7f548e,411373e81bbd24b0356ca1274e9c03fe,delivered,2017-12-06 00:08:49,2017-12-06 00:18:33,2017-12-06 22:28:59,2018-01-16 21:05:08,2018-01-31 00:00:00
0cd93455c51655ebb590c07a06d584a1,72db172e77409b4cc768552a16548206,delivered,2017-03-13 22:55:26,2017-03-13 22:55:26,2017-03-16 15:13:13,2017-04-03 17:20:12,2017-04-19 00:00:00
0c3e2dc4a3eeb282bd4df0b620dcff6d,3460eb5edd166a7e45eeb273fce75187,delivered,2018-01-15 10:04:39,2018-01-15 10:13:20,2018-01-18 18:35:58,2018-01-24 14:28:45,2018-02-05 00:00:00
0ca64e59f59b26fb6fb2726f907bb52d,8560b967cdb6597a5f8e81a89d9195cf,delivered,2018-05-03 16:13:44,2018-05-03 16:56:17,2018-05-09 15:48:00,2018-05-19 14:38:33,2018-05-28 00:00:00
0cd5a59b77b1409abb6f791b2322b910,12d14cfe9f206dc5718f17fdd1c32b6c,delivered,2017-09-20 13:27:45,2017-09-20 16:10:19,2017-09-21 19:44:08,2017-09-25 16:40:16,2017-10-05 00:00:00
00c9474e0334f7a4ffc8c3a8bd21a51e,e84d9c0fb40fccf1b0e326e840f6a8ec,delivered,2018-05-04 19:19:10,2018-05-05 15:50:46,2018-05-09 15:10:00,2018-05-16 22:56:45,2018-05-17 00:00:00
0204196a1fd266bdc00356eb791b4516,b7cbef9a346d7be216c7e57369eea78a,delivered,2017-11-26 18:43:10,2017-11-26 18:54:28,2017-11-30 00:03:44,2017-12-12 11:03:12,2017-12-18 00:00:00
0068e836900867da359bd81db9227a33,26355ea90aab63ebf5e90caa825a943d,delivered,2017-09-29 11:24:09,2017-09-30 02:24:43,2017-09-30 15:07:31,2017-10-05 20:51:12,2017-10-24 00:00:00
00c8bfbb0a1224dcdb0180a544247159,97cba178632e2fed3edec61ce374fb60,delivered,2018-05-06 21:33:24,2018-05-07 21:32:21,2018-05-08 14:24:00,2018-05-11 12:16:58,2018-05-24 00:00:00
0cf9e3fb10440c4f24991613c58587ca,302de57ef1a178ee6e3c15cd99eb3edc,delivered,2017-08-14 23:01:29,2017-08-14 23:55:25,2017-08-16 17:38:01,2017-08-22 20:54:36,2017-09-01 00:00:00
07d5adada619115cf4c03f49fc8c5e74,8f7b448c7e06e94cbc038d48d92e332d,delivered,2018-04-30 12:23:27,2018-05-01 12:34:06,2018-05-04 13:45:00,2018-05-11 21:38:39,2018-05-24 00:00:00
08fa07327488ff39829511ce36ed3e32,06323e75b664e167bba52921c091ab2c,delivered,2018-01-04 14:46:20,2018-01-04 14:57:23,2018-01-08 14:58:01,2018-01-16 22:26:44,2018-02-02 00:00:00
0474da9403011efc4abd2bf594e9b68b,dcce3df038a0a13e25b904159c902a96,delivered,2018-08-08 13:18:36,2018-08-08 13:30:15,2018-08-08 12:19:00,2018-08-13 22:10:52,2018-08-29 00:00:00
0726665518da3a4e1b9efff4de0089fc,0a663660b4e386d4cdc7f69376912e1e,delivered,2017-06-01 10:41:56,2017-06-01 10:55:14,2017-06-02 11:54:49,2017-06-06 14:17:30,2017-06-14 00:00:00
0c7207c23f4eb8c3b374c9b6f11d75b7,4d3280f2dbfc1d6b631448e986a0123d,delivered,2018-04-24 13:24:39,2018-04-24 17:32:03,2018-04-27 13:12:00,2018-05-16 21:56:26,2018-05-28 00:00:00
0533573d16b0c12cc9a3f9f97f67111b,f9173fb8dc039cb6acfcc3a7a2fc49eb,delivered,2018-03-01 11:48:03,2018-03-01 12:10:19,2018-03-02 18:55:07,2018-03-05 17:18:36,2018-03-13 00:00:00
032445a7ba9d6dc90dfc011a48e5c954,58c5a7e613f2142414070e137c7c7a6a,delivered,2017-07-21 22:37:42,2017-07-25 03:25:48,2017-07-25 19:43:56,2017-07-28 15:43:23,2017-08-10 00:00:00
0b405b8ecc88bad4a3f2eee0fba1419f,cfe65a3ee75686d0ac417375b2d33d64,delivered,2017-05-29 10:20:53,2017-05-31 06:45:22,2017-06-02 05:44:51,2017-06-19 19:53:41,2017-07-03 00:00:00
0877e8db9d779712c1c299b5bd8daa11,d5c98e2099bddd4681eef690abc896c2,delivered,2017-11-25 13:39:56,2017-11-25 13:50:26,2017-11-27 20:44:37,2017-12-18 20:41:38,2017-12-20 00:00:00
0473cdb86b1d6469287e484366a1a608,560cd84a537eca710953d516675b4274,delivered,2017-08-23 15:52:42,2017-08-23 16:07:33,2017-08-24 18:49:53,2017-09-01 21:47:51,2017-09-15 00:00:00
0aba00d509b25a0a90084c7137a8cec0,51c988b6ca0ffe2a720f93198d2ab51b,delivered,2018-06-02 21:53:08,2018-06-05 04:12:32,2018-06-06 15:43:00,2018-06-14 21:10:57,2018-07-11 00:00:00
0a33a983476b5e9f23c0fc9f95c9682f,150905efd2cdad1d4581853bdace0f0f,delivered,2017-05-20 13:52:42,2017-05-20 14:05:21,2017-05-22 15:45:20,2017-05-29 11:59:50,2017-06-05 00:00:00
06ec25371486403c9aa7249f067fc5aa,69f024489cee2b5586ecdea5148f1038,delivered,2018-03-16 00:00:33,2018-03-16 00:11:02,2018-03-17 22:38:48,2018-03-21 23:19:36,2018-04-09 00:00:00
034c16aeedd39a916ea470f22a048b22,2b77921222673f5f8c7d73279c7bb251,delivered,2018-08-14 09:18:25,2018-08-14 09:30:21,2018-08-14 15:54:00,2018-08-23 11:52:00,2018-08-31 00:00:00
033cec9a46b0dd28fc10c800f9f3d878,67f60f620492b627d9ce232d5c6ec467,delivered,2017-07-28 11:56:03,2017-07-29 12:05:29,2017-08-01 17:13:28,2017-08-18 19:39:53,2017-08-25 00:00:00
0c921abc41428f29f1b5d4c52714fe44,e15f963b1e611bdab0a0b7a8beb0a6f3,delivered,2018-03-06 21:47:26,2018-03-06 22:09:27,2018-03-07 21:14:09,2018-04-09 20:47:34,2018-04-02 00:00:00
059f8a8f4a2c52a1969278f9f484fca6,df7b474d99cd3c9cd819c5a10da7e2e3,delivered,2018-02-13 22:32:11,2018-02-13 22:47:36,2018-02-14 20:42:28,2018-02-19 20:47:00,2018-03-06 00:00:00
04dc24624a669b293bee03e97b344440,9a237694d5e6ec690282d214bab91bf2,delivered,2018-04-12 16:32:53,2018-04-13 20:30:44,2018-04-17 00:24:21,2018-06-04 15:54:32,2018-05-18 00:00:00
0281523bfda80130f35b98f38dfb279b,1048e3bbdf891bd8571eb3739c0c9d2a,delivered,2017-09-22 15:28:37,2017-09-23 02:33:08,2017-09-25 20:37:31,2017-10-03 22:47:04,2017-10-16 00:00:00
0812b411edea2fcc36b4bc1f8e4e36aa,de8d5f6d930d3af55696a28ec701cb9d,delivered,2018-01-13 13:18:10,2018-01-13 13:29:28,2018-01-15 22:04:10,2018-01-29 20:32:27,2018-02-08 00:00:00
083dcf8ec0ff8aedc0d7ad8063baad80,80f48bf1d049cdecddea8ea5086b1264,delivered,2018-04-19 12:06:09,2018-04-19 12:33:16,2018-04-19 22:15:47,2018-05-03 12:52:04,2018-05-14 00:00:00
00cb18db3d9c03f8386e7fc70cad2504,e288b145525a2a1b7f73fa9101f3904f,delivered,2017-07-12 00:06:51,2017-07-12 00:31:56,2017-07-12 17:46:12,2017-07-19 17:39:44,2017-08-03 00:00:00
01b2dd042de98a15b6a9a141bf71c344,6b635dc10f8b7e1032cc13ff619f52c9,delivered,2018-03-11 17:17:41,2018-03-12 17:10:45,2018-03-13 23:26:46,2018-03-16 17:21:35,2018-03-28 00:00:00
037d59208a513ace896d132dc8c8a93d,fe9e048ae4267835d2658aca15096833,delivered,2018-02-26 13:01:54,2018-02-26 13:41:00,2018-03-08 15:48:43,2018-04-03 20:49:38,2018-03-27 00:00:00
0961e67affdacb23a647b67618e2bc70,1e98ef30dc6e4aebf3cedcf0bc5abeff,delivered,2017-09-09 20:33:21,2017-09-09 20:43:29,2017-09-13 20:49:42,2017-09-18 17:00:02,2017-10-05 00:00:00
064330ca980cc4023706283a3c4b89a4,a0be8bd8b97ca99891f726d57b57bfae,delivered,2018-07-29 21:19:49,2018-07-30 12:35:18,2018-07-31 11:32:00,2018-08-01 11:21:00,2018-08-06 00:00:00
09410001d65f75b36821f9556694a895,4879641d062865cc7157ea201af2972a,delivered,2018-05-21 11:36:32,2018-05-22 08:34:04,2018-05-22 13:40:00,2018-06-08 16:47:54,2018-06-06 00:00:00
057e8245e6408a7f5db33b517c481617,a4712004cd61cd9a1645946cadccfbb1,delivered,2018-03-04 18:57:57,2018-03-04 19:15:33,2018-03-06 00:06:29,2018-03-12 17:58:48,2018-03-21 00:00:00
048f62c5f28797fb7a060c3f3c3e3e2c,40c1c898520b6b2339eb9aa48a3f5485,delivered,2018-05-03 14:52:26,2018-05-03 15:10:25,2018-05-04 16:24:00,2018-05-09 17:42:12,2018-05-28 00:00:00
0ae9d5632892fb8b10c6705633f72d2c,f08897f66a5de8441153d71bde67e285,delivered,2018-04-08 21:21:43,2018-04-08 21:30:20,2018-04-09 19:47:49,2018-04-24 18:19:20,2018-05-09 00:00:00
06ff6cb289c9f1d1ccacc6764874e3c2,cfedf8fc9bf6108c3fd34514c00be6aa,delivered,2017-08-15 22:42:16,2017-08-16 00:25:31,2017-08-17 18:22:12,2017-08-22 17:17:02,2017-09-06 00:00:00
0c1eabff9739bc1f4ac404d1a8a13db5,09fef67c127958d557d5fae582d5091f,delivered,2018-08-07 21:57:02,2018-08-07 22:10:17,2018-08-08 09:02:00,2018-08-15 11:21:56,2018-08-20 00:00:00
033e7f3c73132dd6a6792359b94155a2,9253a5b4505d318a6cee55fd80b3bcba,delivered,2018-08-01 19:25:14,2018-08-02 19:23:52,2018-08-08 17:06:00,2018-08-16 21:03:20,2018-08-16 00:00:00
01336d091c57d8be1feca330c5f047bd,bb194a93468bc295f8e1ff7186a131f4,delivered,2017-06-19 20:08:40,2017-06-19 20:23:22,2017-06-20 11:59:09,2017-06-27 16:42:09,2017-07-18 00:00:00
02218eb2a33847087a46d34397835b2a,e3aaae760c7433a9e8cde67c265f494a,delivered,2017-06-17 15:27:18,2017-06-20 11:15:30,2017-06-22 15:47:48,2017-06-30 16:44:55,2017-07-17 00:00:00
0b7256a28d26d7203c9d269fa12709b8,b20c15be5cec7221e6036105453dc80e,delivered,2017-11-29 13:26:49,2017-12-01 11:31:24,2017-12-01 18:05:37,2017-12-12 17:14:44,2017-12-27 00:00:00
00f5fbdc777e8198c1ee008122e28ae3,2010587cb06df66a241fa29a40cdf9ab,delivered,2017-07-29 17:43:24,2017-07-29 17:55:23,2017-07-31 21:23:37,2017-08-10 09:44:00,2017-08-24 00:00:00
0693609f9dc1b3f7d53a9772e54975f2,0bd07aa3b518a209f19344537fb1c5d3,delivered,2017-04-19 20:34:38,2017-04-19 20:45:19,2017-04-20 11:02:38,2017-05-06 10:50:07,2017-05-22 00:00:00
06b6cf307813747b1a6aa2c381dbe32f,111c5a4d2e3b12a1e4b8dd7fe3e4974c,delivered,2018-02-27 13:48:57,2018-02-27 16:36:05,2018-02-28 19:44:04,2018-03-01 21:36:40,2018-03-13 00:00:00
0c17d2ca8fea3e6d807410a0c0c44746,19ea9736303135c25774f03b93f1050c,delivered,2017-11-29 15:48:38,2017-11-29 17:30:52,2017-11-30 15:27:11,2018-01-07 18:29:22,2017-12-28 00:00:00
07f6c3baf9ac86865b60f640c4f923c6,000419c5494106c306a97b5635748086,delivered,2018-03-02 17:47:40,2018-03-03 14:10:38,2018-03-07 21:07:51,2018-04-17 17:17:34,2018-03-22 00:00:00
0184d4ddb259e1a4cfc2871888cf97b8,09425ea1839abf2f0d289a0ff453fa21,delivered,2017-09-01 20:04:28,2017-09-13 22:17:15,2017-09-04 14:05:50,2017-09-09 15:12:44,2017-09-20 00:00:00
0009792311464db532ff765bf7b182ae,2a30c97668e81df7c17a8b14447aeeba,delivered,2018-08-14 20:43:09,2018-08-15 12:15:10,2018-08-15 15:28:00,2018-08-22 12:02:27,2018-08-28 00:00:00
03484f6953887cd37a7974b52f3107f4,9ade6d9e0052f02a42f0f4b68b9ae537,delivered,2018-03-05 12:23:49,2018-03-06 04:08:33,2018-03-07 20:37:26,2018-03-09 14:01:33,2018-03-15 00:00:00
012d8cbea490e6102cee6a2088aaa785,9143de688296ba2531bed7883a7f31c2,delivered,2017-10-19 21:07:15,2017-10-19 21:27:58,2017-10-20 20:45:35,2017-11-03 19:12:54,2017-11-23 00:00:00
045d2b8e16b8512db26e4d3d1a3e5198,5014401cb0faa8ae93727383cd39c424,delivered,2018-05-15 16:20:48,2018-05-15 16:36:25,2018-05-16 12:43:00,2018-05-18 18:12:44,2018-05-29 00:00:00
09d91c794f1841e2af74d07d08518980,2798cda6f228cfd59d3676f7d9cdb1af,delivered,2017-08-02 22:29:10,2017-08-02 22:45:10,2017-08-03 18:57:27,2017-08-07 22:49:45,2017-08-15 00:00:00
03dec253b6e471bd5b0653cc53b79e95,013f6eb268d33338ee175ffe2ed24204,delivered,2017-06-27 10:49:14,2017-06-27 11:05:43,2017-06-27 15:33:40,2017-07-06 14:05:36,2017-07-19 00:00:00
0ac907873c6fb32bfa8a58be269f0c3f,3e3fe9705a14656dceaf25cd86a7f930,delivered,2017-07-09 20:34:20,2017-07-11 04:15:43,2017-07-11 15:39:29,2017-07-20 20:07:52,2017-08-01 00:00:00
0410df130bab1cdcd13e23044ef9d76a,3d611418d3317f83cc72fa55120c25a8,delivered,2018-03-17 13:04:49,2018-03-17 13:28:44,2018-03-28 18:50:43,2018-03-29 20:22:44,2018-04-16 00:00:00
02e405aa2667a116637cdb4affaf93c0,e9265d4ec55c848f9330c9449ba3b2f7,delivered,2018-04-17 23:29:11,2018-04-17 23:51:37,2018-04-19 11:53:51,2018-04-30 23:18:49,2018-05-18 00:00:00
056703c10dcbf4f451315bb1c0c0d7f8,40ea24d06a54905dfa43438cf8732efa,delivered,2018-03-24 18:33:52,2018-03-26 21:47:32,2018-03-27 21:12:21,2018-03-28 22:26:42,2018-04-06 00:00:00
04e2943331164044ec43de08763717eb,3148707878001f06021a41d300d4515d,delivered,2017-12-10 17:47:21,2017-12-10 17:56:28,2017-12-12 21:21:56,2017-12-15 16:48:22,2018-01-03 00:00:00
080c5db822472f28f4193dc902b9be32,4ef944d200707a726d08ee93ccd5dc3b,delivered,2018-07-30 18:55:02,2018-08-01 02:44:13,2018-08-02 15:21:00,2018-08-06 18:06:52,2018-08-07 00:00:00
0b365bbd59e2f75bea276c81bb916dcb,9daff53df6b6fdb6bf1ef391d9138f5f,delivered,2018-04-16 15:11:36,2018-04-16 15:31:35,2018-04-17 19:11:24,2018-04-18 19:41:22,2018-05-02 00:00:00
08bf457a7ecf8ba28efb48f0add11cca,ab1739c700f4c0dff1afca491040c5e3,delivered,2018-08-06 12:03:34,2018-08-06 12:15:50,2018-08-06 18:18:00,2018-08-09 22:24:38,2018-08-15 00:00:00
0c2c52fb29b2957f1e4a1e055bcfb5f5,5672aedd63b647c1efe483389f89ac2c,delivered,2018-01-10 23:36:12,2018-01-10 23:48:34,2018-01-22 17:59:08,2018-01-25 16:56:31,2018-02-09 00:00:00
0770d6621e5900694909ea4a6236da14,1b98ceeebae34df2dd185d643c329671,delivered,2018-03-11 17:43:41,2018-03-11 18:08:24,2018-03-13 18:36:40,2018-03-23 16:36:38,2018-03-28 00:00:00
05d7aaa733ad65477075a3b5bf0f1017,615186aa8a5e60ec87fa86010f582551,delivered,2017-10-22 08:18:52,2017-10-24 03:49:38,2017-10-25 19:17:34,2017-10-30 19:42:36,2017-11-09 00:00:00
08a893d69f0279b78939b77cffeaebaa,b4b7b6904f73bb50942b2af1abec52a8,delivered,2018-01-06 16:41:41,2018-01-09 07:27:43,2018-01-09 17:04:46,2018-01-19 21:39:06,2018-02-07 00:00:00
0ac247d71d19fc1748abb7e53af648af,299ee5cfb15f32e8b06e6e1acb6ad111,delivered,2017-11-19 18:09:45,2017-11-19 18:26:18,2017-11-20 14:07:20,2017-11-29 13:48:47,2017-12-08 00:00:00
03f0804333673c7f86f8d68acd97e57b,6f252cf918b69b50e64e942ab59c91bb,delivered,2017-10-13 20:45:20,2017-10-13 20:56:27,2017-10-19 21:05:03,2017-10-25 20:25:56,2017-11-08 00:00:00
08a79aa47b2dc809df77206f0660fe5b,dc1368b3293e8248d7af56d7ba24273d,delivered,2018-05-01 13:17:07,2018-05-03 04:12:45,2018-05-09 14:11:00,2018-05-22 20:14:49,2018-05-30 00:00:00
0a87a60c5403e51a0e85e4ed7c3c2bdf,794078f0249dad457401b52a38fa2b58,delivered,2017-11-24 15:13:48,2017-11-24 17:54:15,2017-11-27 18:22:19,2018-01-04 21:48:44,2017-12-15 00:00:00
084ba79e5ae4e7d7ff0221c538c38832,d604e7b903305920b8592302dc9a2fd2,delivered,2018-04-26 16:56:49,2018-04-26 17:31:42,2018-04-27 14:59:00,2018-05-03 20:47:37,2018-06-05 00:00:00
00cf2b04c59f0ecaf822bf3f334d5c3b,ff63f83bb3b2dc9a2df626cefbddda8b,delivered,2018-03-28 09:20:37,2018-03-28 09:30:27,2018-03-29 23:54:40,2018-04-09 19:08:49,2018-04-16 00:00:00
08d9736edf0d305e722fce35c395b8f6,d83f6c677e1ab91b5c1b97fd4b63f43b,delivered,2017-08-15 12:10:27,2017-08-15 12:44:16,2017-08-15 18:23:22,2017-08-29 22:22:46,2017-09-19 00:00:00
03e6de4517499ee6aaae7d9004799504,650b8d581bd67d61888f8ea779e34e7c,delivered,2018-05-16 18:39:40,2018-05-16 18:57:28,2018-05-17 13:45:00,2018-05-29 14:36:55,2018-06-26 00:00:00
0759ac0ac1a0c11ab13fc66564f4e112,2efa0620f7979c153d5d492696d4172f,delivered,2018-04-05 11:16:09,2018-04-05 11:30:20,2018-04-07 01:18:36,2018-04-17 14:37:22,2018-05-02 00:00:00
0a20f1ed151eaf6d4f8947f6081e1d02,57142caed013bdafd75245803296c7f4,delivered,2018-05-23 19:42:43,2018-05-23 19:55:50,2018-05-28 13:14:00,2018-06-05 19:56:38,2018-06-22 00:00:00
0bda83aa61608436c3403ca200bf12d5,0ae0de8878f54a5f877f99d19ce170da,delivered,2018-02-26 18:27:46,2018-02-28 09:56:30,2018-03-01 13:59:02,2018-03-29 23:42:46,2018-03-16 00:00:00
03a479456d2571485ebce285eef65f61,8f37df550dae5039e7ec425e50d733c7,delivered,2017-03-03 20:07:07,2017-03-07 04:23:24,2017-03-08 11:24:32,2017-03-14 09:42:07,2017-03-31 00:00:00
08c7d364923b6238c246df0fab24d907,32077254957a1045786d8999f60b0ed1,delivered,2018-07-26 19:02:24,2018-07-26 19:15:22,2018-07-27 13:05:00,2018-08-02 21:49:09,2018-08-10 00:00:00
0667371275636232a05d55f2a8eada60,79e4ac5ef12e80fa1a850417b9c2156a,delivered,2018-07-08 12:06:00,2018-07-08 12:25:22,2018-07-10 15:27:00,2018-07-24 00:32:19,2018-07-31 00:00:00
0aeb3ec8a78414261730773ddc9d2f7a,766794bf292c3927755733bb52bd8814,delivered,2018-04-13 10:32:03,2018-04-13 10:50:15,2018-04-17 21:58:47,2018-04-24 21:47:55,2018-05-07 00:00:00
0785459f4688c430590e9ef6eff2fecb,54081452326c25cde023a4c5a7850275,delivered,2018-08-27 20:03:07,2018-08-27 20:15:23,2018-08-28 12:07:00,2018-08-30 18:48:47,2018-08-31 00:00:00
02852b112ad108b3d2b3d4ee198d84a8,c45b7286a9a5cdce0152978d9f615be6,delivered,2017-11-25 11:58:17,2017-11-26 13:35:23,2018-01-04 20:18:57,2018-01-13 20:43:38,2017-12-22 00:00:00
0b7b12a402b064d880d3cb31051f6d29,f4896997a6a8f1e3d089a04a44c39d71,delivered,2017-12-02 14:49:30,2017-12-02 15:01:09,2017-12-04 20:13:03,2018-04-19 21:18:52,2018-01-05 00:00:00
0cabda713646db439e030172e3feea6d,d42b187f05a3ad462f61b718ba871f05,delivered,2017-03-05 13:17:31,2017-03-05 13:30:20,2017-03-07 09:17:36,2017-03-21 11:47:32,2017-04-04 00:00:00
0514e4dbba025db4265c73bfb7371261,0fb28a40a032e249f0b00058b4f82e68,delivered,2018-04-11 19:29:01,2018-04-11 19:50:48,2018-04-12 18:51:05,2018-04-30 22:12:25,2018-05-25 00:00:00
04c8fbbbe02b38bd685ad085fcaf29bd,934007549103fe58f85261e64dd7c68c,delivered,2017-05-03 20:02:34,2017-05-05 02:25:27,2017-05-22 10:52:04,2017-05-27 23:27:59,2017-06-01 00:00:00
0b843f953899d9a1d084c1f5163027c0,a646acbc1456be6eafd75e04d1368587,delivered,2017-08-17 23:03:28,2017-08-17 23:55:08,2017-08-18 19:03:58,2017-09-04 19:24:02,2017-09-21 00:00:00
0799d89dedaf5ef08f3a90b967cb2ccd,8f4f79e8101ae921457541beba9611bf,delivered,2018-02-22 17:58:21,2018-02-22 18:55:31,2018-03-05 10:22:50,2018-05-09 12:26:39,2018-03-16 00:00:00
0a7888b4a8bdf63a03f4e7db63a6fc59,b3bf953a576c12bd6c05c6fb3ca27e4d,delivered,2017-07-06 16:19:17,2017-07-06 16:30:31,2017-07-07 18:27:29,2017-07-24 16:04:40,2017-08-03 00:00:00
03ceacbc3d61dcaeade2b6b1ccc5fcfa,31648e97b367da55007879fe2ae215e9,delivered,2017-08-21 21:02:32,2017-08-21 21:15:15,2017-08-22 18:08:04,2017-08-25 20:42:49,2017-09-11 00:00:00
0a1adbda846638d279cb086cd1d0cad0,7afc8d277545f890b30c2f750106ca8c,delivered,2018-03-27 22:52:36,2018-03-27 23:07:12,2018-03-29 19:25:30,2018-04-10 21:59:32,2018-04-13 00:00:00
0c505e1ce394e4cd4ccaedf5fcdbc9b0,3f794e657c0afd3ffae672bc8ecb5ed5,delivered,2018-07-29 22:35:36,2018-07-29 22:50:09,2018-07-30 11:33:00,2018-08-01 19:33:00,2018-08-16 00:00:00
069514f19868af8a75ebe98f43d33900,7740afacd97ed42230c2d780d50f9936,delivered,2018-03-26 17:30:10,2018-03-26 17:47:43,2018-04-09 23:18:36,2018-04-27 23:43:48,2018-04-25 00:00:00
0441f678672cdd5323a2cdf79004ed48,52c48fab452fef70555eaa1042e9d757,delivered,2018-06-15 00:52:01,2018-06-15 01:24:58,2018-06-18 18:57:00,2018-06-23 12:12:18,2018-07-12 00:00:00
036e37b0e268e6087e88d3d7a676c13d,a30918e46fc2950e2c7494db4e71d30b,delivered,2018-07-01 14:46:23,2018-07-01 15:09:51,2018-07-02 14:42:00,2018-07-11 14:13:55,2018-07-24 00:00:00
072500f428180f8c177181dd1e027d5b,0fd0d782dea419932dead552f87672df,delivered,2018-02-22 14:14:10,2018-02-22 14:30:48,2018-02-27 18:33:59,2018-04-12 18:56:33,2018-03-20 00:00:00
0446aaa642b81cd046c44edda61ed010,3682e97c0860ed97a8845b7554cf5070,delivered,2017-10-15 13:37:25,2017-10-15 13:49:20,2017-10-16 20:32:25,2017-11-08 22:44:53,2017-11-13 00:00:00
081c75b9982020f01f5672792408d728,904032bced6ac35598f7dd1927cbc6b8,delivered,2018-05-06 22:35:41,2018-05-08 19:52:53,2018-05-09 14:44:00,2018-05-17 00:10:36,2018-06-05 00:00:00
00482f2670787292280e0a8153d82467,baa4ed05f22ffb6c4a41b71b699a492c,delivered,2017-02-13 16:18:07,2017-02-14 03:42:56,2017-02-14 08:32:53,2017-02-15 11:35:56,2017-03-10 00:00:00
0a4105b08aba021f690e79d8b9810885,e3626e5e4456891fae423283d82e040e,delivered,2018-06-19 16:09:58,2018-06-19 16:45:28,2018-06-20 14:17:00,2018-06-21 16:15:42,2018-06-29 00:00:00
00a57dfbb049fbaae10763e2cf15f797,33653a722db1d2f6bfe739b3a07f11d6,delivered,2018-07-20 11:09:30,2018-07-21 03:25:11,2018-07-23 13:19:00,2018-07-30 19:25:47,2018-08-13 00:00:00
0045f5225a96ef46630701167528fdcb,e3b91047e6ca3f5e8b656750fa3d61b2,delivered,2018-06-10 11:23:39,2018-06-12 04:17:48,2018-06-13 14:32:00,2018-06-18 17:36:49,2018-07-04 00:00:00
000576fe39319847cbb9d288c5617fa6,9ed5e522dd9dd85b4af4a077526d8117,delivered,2018-07-04 12:08:27,2018-07-05 16:35:48,2018-07-05 12:15:00,2018-07-09 14:04:07,2018-07-25 00:00:00
098f664519835e5af0a1f20f4d778fdf,0601c37516aacb054d8ed951625d5fcc,delivered,2017-12-15 18:57:33,2017-12-18 13:29:39,2017-12-19 18:23:34,2018-01-04 15:58:54,2018-01-16 00:00:00
084644a489ac88b4ca68d2aa3dc91292,e96d02789ac557767bf618ee7bc02854,delivered,2018-08-20 22:36:17,2018-08-21 16:30:51,2018-08-22 15:01:00,2018-08-30 20:11:37,2018-09-26 00:00:00
0b1e7d45ede8adf7964c242ce45846f6,edd7f87e7e45b3117f7ba85acd16297e,delivered,2017-11-08 20:53:51,2017-11-10 02:55:56,2017-11-10 20:08:56,2017-11-24 14:51:52,2017-12-04 00:00:00
0551ab30e952cbf19e26f0f6baab13a6,7999bbff150ed9132667f5c350d45c3e,delivered,2018-03-24 13:30:08,2018-03-24 13:47:25,2018-03-27 22:16:59,2018-04-04 18:56:31,2018-04-19 00:00:00
00c405bd71187154a7846862f585a9d4,1ab52508d3c58d96241850142347b75f,delivered,2017-10-23 14:59:46,2017-10-23 15:14:13,2017-10-25 13:30:02,2017-10-31 18:47:06,2017-11-17 00:00:00
0261459497a63d27d6f197c00f2402d3,6dac42a8db39e203ab662d2bac64fa33,delivered,2017-12-12 19:45:12,2017-12-12 19:57:25,2017-12-15 20:00:29,2018-01-05 15:47:34,2018-01-10 00:00:00
02ed3b96772956405d25c2d35c766c68,526e982e0217539da2d43a01848404a6,delivered,2018-04-11 08:00:56,2018-04-11 10:35:37,2018-04-11 22:03:24,2018-04-12 22:22:09,2018-04-25 00:00:00
081bfb811c30ac2ba75d0013a7fc1d65,d6f8dd44b89b4808e4a0d8f7f338af37,delivered,2017-07-14 14:35:26,2017-07-15 14:43:23,2017-07-19 16:36:29,2017-07-26 00:39:45,2017-08-09 00:00:00
01f74145603bef2ef33949099b48ad28,16164e94f3a6460de7a0700e99b330ae,delivered,2017-12-27 17:27:05,2017-12-27 17:35:20,2017-12-28 22:24:29,2018-01-05 00:33:04,2018-01-29 00:00:00
098f60afb74eab906fedaf802a833a97,853c0f7e3deec49d37c0b37c50382f52,delivered,2018-01-13 23:41:26,2018-01-16 03:34:37,2018-01-17 20:30:55,2018-01-18 16:56:27,2018-02-01 00:00:00
0179a3003c894f1dd3b1ddda5d1f8a12,982d36c785912f44bd0f87ac7d8a7073,delivered,2017-05-23 16:23:30,2017-05-25 02:50:20,2017-05-26 16:12:38,2017-06-07 13:38:43,2017-06-19 00:00:00
0359f367ef22ad541b0bdc484158be09,d117e2d169c937e91f16b0f48673d575,delivered,2018-08-03 11:44:49,2018-08-03 12:20:06,2018-08-07 15:49:00,2018-08-17 20:31:51,2018-08-22 00:00:00
0a03b50bb658dc86547261ba8cd5676e,0a791f1725cf14521669d11593be474a,delivered,2017-10-18 20:28:58,2017-10-18 20:44:57,2017-10-19 18:12:21,2017-11-01 20:17:40,2017-11-16 00:00:00
055bdb24d39579d9c7b5d26176d05573,4f3c41c86d3911a51879acf4fdacee74,delivered,2018-03-12 12:41:06,2018-03-12 12:50:34,2018-03-14 18:34:54,2018-03-23 15:38:49,2018-04-05 00:00:00
059bbeb3477ed66fd7e670c3f879009a,b5b7e770b62f0e7aa4cc2d9be9212b8d,delivered,2017-07-27 10:31:49,2017-07-27 10:45:17,2017-07-28 19:23:53,2017-08-02 23:42:16,2017-08-21 00:00:00
076dc4ca874b482e0fed6263b1ff1b5f,eb7fff6ffc8d18a259c9612f642c70a9,delivered,2018-08-05 18:03:44,2018-08-05 18:15:18,2018-08-08 11:57:00,2018-08-14 15:41:05,2018-08-17 00:00:00
05e6d57ea1f64b4e9a0b37c669515cfc,9ab821f6684feba5c42a42a05c0a12a2,delivered,2018-07-03 23:29:36,2018-07-05 16:03:39,2018-07-04 12:35:00,2018-07-07 11:38:46,2018-07-24 00:00:00
0435404d45d367d6da14e7628c40a041,06272f95035856cac16ee21693dd7302,delivered,2017-05-24 21:43:53,2017-05-24 21:55:16,2017-05-25 13:19:53,2017-06-01 10:21:55,2017-06-16 00:00:00
05e1843fb576fb0a18a1e9bdfa3c18b0,839311a89422ea7a88a3acde94b9f0dc,delivered,2018-03-13 11:21:56,2018-03-13 11:30:47,2018-03-13 22:48:59,2018-03-26 23:29:45,2018-04-18 00:00:00
081dff6255d4b75937a72577339b2728,8c4dbeee7cb11dc1f6ab09d05aec9e58,delivered,2018-03-13 14:21:08,2018-03-13 14:35:38,2018-03-14 17:48:57,2018-03-17 02:26:53,2018-03-23 00:00:00
0c2c69625643d98afb22fc2e8dea27ba,580944a4284f207e54d13f65e578fc3f,delivered,2018-05-16 08:36:16,2018-05-16 08:53:32,2018-05-16 12:29:00,2018-05-17 15:05:05,2018-05-24 00:00:00
05c3b5a011d47cd6cd88d4c5d6c15b90,01f1b8e88d206e16909ed8c49f480e9c,delivered,2017-07-03 16:21:43,2017-07-03 16:30:26,2017-07-04 15:14:37,2017-07-07 14:51:21,2017-07-26 00:00:00
0635ec73c8d9729fec281d4b87339be3,ba2c2929b14d1e28b0b55c950e349b4b,delivered,2017-12-18 20:02:45,2017-12-19 09:51:33,2017-12-19 20:43:51,2018-01-08 19:29:29,2018-01-12 00:00:00
055cf2a6f9343f99acdb5e8f70e49bd8,fe1ec043760b798cc34fc8cc717753cd,delivered,2018-05-18 15:33:46,2018-05-19 16:19:11,2018-05-22 08:00:00,2018-06-04 19:18:35,2018-06-13 00:00:00
08db644c231a8d55a618af8c9f1280f0,f97d225a3b4ab3cfebf9457ec69cf76a,delivered,2018-08-15 16:55:14,2018-08-15 17:10:23,2018-08-16 14:44:00,2018-08-22 18:52:03,2018-08-28 00:00:00
0a84606bdb8331708400882d2e921524,e3675484b0ca35cb2ffddb7ab5258a9c,delivered,2018-06-29 16:28:41,2018-06-29 16:51:20,2018-06-29 14:47:00,2018-07-03 14:44:33,2018-07-17 00:00:00
052b00d65560313221c5692cdb22fcb3,86951205f97e9b611cec1ac4a778b1be,delivered,2018-07-11 08:54:29,2018-07-11 09:10:11,2018-07-27 12:02:00,2018-07-31 23:44:41,2018-08-06 00:00:00
011667ae100a333a3051c9a23e3f0283,84e32c18718319d7e8f2d11f897d1afa,delivered,2017-11-29 10:42:47,2017-12-01 12:31:39,2017-12-04 20:46:18,2017-12-07 23:22:39,2017-12-20 00:00:00
00061f2a7bc09da83e415a52dc8a4af1,c6fc061d86fab1e2b2eac259bac71a49,delivered,2018-03-24 22:16:10,2018-03-24 22:28:09,2018-03-27 05:26:55,2018-03-29 00:04:19,2018-04-09 00:00:00
034733b9cacb3d55bce1e49c422ae3e7,715a6dcab7854c0e90e76c99e19402ae,delivered,2017-03-19 12:41:44,2017-03-19 12:41:44,2017-03-28 08:22:43,2017-03-31 09:27:39,2017-04-13 00:00:00
0ca9a58f008bf2603e4b02b0813996e3,ca1306e256541ca5b97110546d36f93d,delivered,2018-04-04 11:45:40,2018-04-04 12:11:42,2018-04-09 23:28:54,2018-04-13 19:05:13,2018-04-19 00:00:00
0292fb46a5e22715459cb9a7b96e7aae,af922db8b1f8ca65d972706774fe6f1a,delivered,2018-04-18 21:43:22,2018-04-19 02:51:24,2018-04-20 13:57:55,2018-04-23 20:02:47,2018-05-04 00:00:00
0cbc979bd11d1ef1cc7c050a0442c715,926706c05a2213d48d83de6615700d8a,delivered,2017-08-06 22:03:45,2017-08-06 23:03:12,2017-08-07 18:31:53,2017-09-19 14:27:37,2017-09-04 00:00:00
07bec24c128f1f4047bfc582732c1d9d,449809b16f1bbf5498551b734555950a,delivered,2017-12-11 08:40:19,2017-12-11 08:50:29,2017-12-11 18:05:33,2017-12-13 20:48:52,2017-12-28 00:00:00
0a492dfba0efff86d173382ee6c65a1a,73c9d97f890b683d4d6b69781918dd9c,delivered,2018-02-17 19:09:21,2018-02-20 07:27:38,2018-02-21 15:47:01,2018-03-05 18:46:41,2018-03-19 00:00:00
0b32bf55276b5feb681f6ed6fd670692,d6dd924c65c66ad52e7cf5983c18f800,delivered,2017-06-03 17:53:31,2017-06-03 18:05:12,2017-06-05 13:00:41,2017-10-26 20:47:58,2017-06-27 00:00:00
0aee3a9d7c585888c61c307c40df0c0b,922397e11abc5f3d52e248f57df8804e,delivered,2018-06-11 08:58:16,2018-06-11 09:12:18,2018-06-11 09:55:00,2018-06-22 19:42:02,2018-07-11 00:00:00
00fbcd8b120e5706c58b9d1a0026a7da,ff60d321ad354e757bb24fa7ae799676,delivered,2017-11-14 12:48:34,2017-11-17 04:06:37,2017-11-22 17:57:00,2017-12-06 00:51:28,2017-12-07 00:00:00
0bafeaa6d78ca1e9b198fe9a6d645306,4c35c98b5a1affc77279a0d51c4e4975,delivered,2018-04-16 20:07:14,2018-04-16 20:51:35,2018-04-25 14:30:00,2018-05-17 19:16:27,2018-05-10 00:00:00
02dbd29bc7a490d582762fae9f0fd997,8aa4d935310fc9211fa1e78dcf74babe,delivered,2017-11-24 12:12:41,2017-11-26 12:11:19,2017-11-28 01:18:20,2017-12-14 01:52:01,2017-12-20 00:00:00
010ef5b0279d7512e7343cb775e423c0,4b9e8cd034b45245928f0d55a4ed4310,delivered,2018-04-17 11:28:08,2018-04-17 12:15:25,2018-04-18 15:32:28,2018-04-23 22:41:07,2018-05-07 00:00:00
0b87d8d6c28694778a03498aefa389c9,c785736d6fb1a0a904195d7f5b709f12,delivered,2017-04-28 09:29:36,2017-04-28 11:47:00,2017-05-02 16:27:19,2017-06-02 10:13:54,2017-06-01 00:00:00
06dec2690e0cd75d327646a81fdba74d,0b8c055126a79bb506c592eea2ddb8eb,delivered,2017-01-29 14:30:57,2017-01-29 15:32:03,2017-02-06 10:15:38,2017-02-15 15:25:33,2017-03-13 00:00:00
08061d4bd888415d50ba941cbd4324da,a5730924c1643579117189f58ffa5e40,delivered,2017-02-28 17:10:24,2017-02-28 19:18:59,2017-03-01 13:41:19,2017-03-08 10:54:00,2017-03-20 00:00:00
02ca7369ae10c2f90a73b79be24387cd,487681f69a60358b365e3e615b072f4a,delivered,2018-04-25 09:13:43,2018-04-25 09:33:16,2018-04-26 14:33:00,2018-05-11 22:07:27,2018-05-25 00:00:00
0199edc5b01351df8e73a674aa473ee7,669fa2dbff38c196161e330c91842143,delivered,2018-03-26 19:33:09,2018-03-27 04:10:16,2018-03-27 23:43:08,2018-04-03 19:38:37,2018-04-12 00:00:00
023ae47e11483bdb8aa35fa4662aee1c,a4856ab766d5bbc379fd5c770def82e5,delivered,2017-04-10 12:41:33,2017-04-12 02:43:05,2017-04-12 16:32:29,2017-04-18 16:50:30,2017-05-05 00:00:00
041e2854aac3d7cc5af940995ac6be0b,520352d4097142d3c9aae9b7eead7fd7,delivered,2018-04-26 21:23:34,2018-04-26 21:50:19,2018-04-30 16:40:00,2018-05-14 14:13:43,2018-06-11 00:00:00
0c65b54ed2c147ffd0092eb2308ee63d,0aae2862f8eac77f10a34f44860720ac,delivered,2017-03-23 11:07:12,2017-03-23 11:07:12,2017-03-24 10:36:22,2017-04-04 14:58:07,2017-04-13 00:00:00
07a97e5f41dfa29925b661eee8e73c26,a185286fd87396f263ceaf0a463aae0f,delivered,2017-08-16 10:11:06,2017-08-16 10:35:21,2017-08-16 17:55:00,2017-08-29 18:40:08,2017-09-15 00:00:00
040729c8c0dc6288b3fb10ca9da26f72,b465a7a0020595db2725747369efedc5,delivered,2018-05-09 13:38:37,2018-05-09 13:55:23,2018-05-10 10:58:00,2018-05-14 14:26:29,2018-05-28 00:00:00
0a020ef040e4b3065551bb31e0aca1cd,d06d4e2d7fba05929a9efc2721bb1d82,delivered,2017-08-30 13:24:53,2017-08-31 13:30:13,2017-09-01 19:04:20,2017-09-06 20:42:30,2017-09-22 00:00:00
08e4ccc1239f87c9220cd6a87996d455,aee21b4b5c2353821f920fe3a0799320,delivered,2017-08-21 16:14:39,2017-08-21 16:26:18,2017-08-23 21:40:09,2017-08-25 15:38:39,2017-09-15 00:00:00
06a07c0ad4e1811f48e86d2c56c7b705,2ed745254e8e95dc73022271637fc724,delivered,2017-09-10 14:06:28,2017-09-12 06:35:33,2017-09-12 17:57:34,2017-09-18 23:57:39,2017-09-28 00:00:00
0736d2c28616a3c87bb2f53f71c94575,678c63a5ea06902b73f7bfcea4c5bb93,delivered,2018-05-18 18:32:07,2018-05-18 18:57:46,2018-05-25 14:59:00,2018-05-28 17:27:31,2018-05-30 00:00:00
01d2fc3e47376926a97ae795036db093,c29335a8f8c366e3b1b384dbef4e909e,delivered,2018-06-27 21:20:18,2018-06-29 02:53:22,2018-07-04 15:12:00,2018-07-11 16:51:41,2018-07-17 00:00:00
00e1426d4c79f2e022570012c1ff57ed,a9c38ba869a0a0db70cde7e473a848bf,delivered,2018-03-22 18:48:36,2018-03-22 19:08:14,2018-03-23 22:10:44,2018-04-05 14:06:32,2018-04-17 00:00:00
0a187dd7f4efe70e8c3b6e3779b3b133,23fafaadc0b11501176401ba0003c22d,delivered,2017-09-02 19:48:30,2017-09-02 20:03:31,2017-09-07 00:07:41,2017-09-13 22:02:51,2017-09-26 00:00:00
0464277e582666bde336336fd5fb9ff8,f9c989b75558c119a7ce8e9f3c2b8f45,delivered,2018-04-09 10:11:29,2018-04-09 10:30:41,2018-04-09 20:48:38,2018-04-16 21:07:45,2018-05-07 00:00:00
0a1ad2c293c3baacc6b2c2d442c71acd,3257a8d4cbb3343dcf40eac13ba329cb,delivered,2017-01-18 12:51:23,2017-01-18 13:05:15,2017-01-23 13:03:31,2017-02-06 16:56:48,2017-02-16 00:00:00
0762fe35b71987563f8771eb6d14938f,7eecabb09b5cb3af852caa2a9ab2d9db,delivered,2018-01-24 18:07:59,2018-01-24 18:19:29,2018-01-29 23:27:54,2018-02-14 13:39:12,2018-02-16 00:00:00
0afd81117f1c67a42890fb705304cb8d,bf190d6af2a721491dd403d53ce2527c,delivered,2018-07-10 17:47:51,2018-07-10 17:55:53,2018-07-11 14:45:00,2018-07-13 19:40:48,2018-07-26 00:00:00
0b34b5b5c46c8870d8a0a667d2f6bb4e,f819ee076bb9edaef215114f813e9738,delivered,2017-11-25 13:18:01,2017-11-25 13:34:00,2017-12-01 18:36:41,2017-12-11 20:09:27,2017-12-22 00:00:00
0221d784b11a24077b3531e860b73434,2e8a717f1328396791b375f2d401def0,delivered,2017-12-14 09:40:40,2017-12-14 09:52:40,2017-12-14 21:42:14,2017-12-26 23:19:06,2018-01-12 00:00:00
04f89a77d1fcc3178c1a374b5cc61a52,a33c79acaa70b8dca9c354383ffa9781,delivered,2017-11-26 22:25:25,2017-11-26 22:37:31,2017-11-27 17:39:06,2017-11-30 00:38:34,2017-12-11 00:00:00
0acc21fa1eb63678e12042b84f8f9d49,082d62ce77055d3e52dcd10c1e2ddd2d,delivered,2018-08-23 12:32:01,2018-08-23 12:45:14,2018-08-23 13:38:00,2018-08-29 19:57:28,2018-09-18 00:00:00
0121cfa7c946e6589f50d7012d3eb5eb,4797fb67b3991c9513486658f6d694fd,delivered,2017-08-30 11:47:28,2017-08-30 12:50:18,2017-08-31 21:36:02,2017-09-06 20:06:08,2017-09-26 00:00:00
094067c0f56b5d0a4dbad0aa60bd26a6,8b732006d93eda03060a52ce6bc22acf,delivered,2018-03-16 07:01:56,2018-03-16 09:06:36,2018-03-17 00:32:13,2018-03-17 15:48:47,2018-03-28 00:00:00
00998f38df3012359ef195ca75ebb329,592fe733eef8c8ab12d27a84a98c94a6,delivered,2018-05-11 11:52:34,2018-05-11 12:17:02,2018-05-14 12:42:00,2018-05-18 14:52:38,2018-06-08 00:00:00
0b691ae66d643c4c266fd72bd6ce77ce,06bf27b49c6c26aa688482c2f76ada5e,delivered,2017-08-12 23:18:04,2017-08-12 23:30:17,2017-08-18 19:09:43,2017-08-29 20:44:29,2017-09-05 00:00:00
09aea357bd7fde763e2358cc9e413513,f1821c00b393147f35773641d2b53cd3,delivered,2017-04-04 23:45:19,2017-04-05 01:01:20,2017-04-05 13:47:54,2017-04-07 11:32:48,2017-04-25 00:00:00
0cc7bb57999d251da473822051388086,97cef017d1cee0f245e0659fe8694f90,delivered,2018-08-08 17:14:03,2018-08-08 17:30:12,2018-08-15 15:01:00,2018-08-16 20:56:37,2018-08-14 00:00:00
02dec5fbe189e3c2ccd9ba071c6bb78d,ebbd6c8d7511352fbe3511d1e547181a,delivered,2017-12-08 18:58:34,2017-12-08 19:12:15,2017-12-14 23:47:56,2017-12-29 14:15:22,2018-01-03 00:00:00
066783a7a5bfa25f21a22e17c7ec9137,381e00b3603ba05314ee7c9548ef7b6a,delivered,2017-04-22 14:01:05,2017-04-22 14:10:19,2017-04-24 18:56:04,2017-05-08 13:53:14,2017-05-17 00:00:00
02680f764ca402aabbb86572ed2731ef,30aeb7b5117f7b889862eaa74b545e2d,delivered,2017-05-28 17:18:03,2017-05-28 17:30:17,2017-05-30 10:11:30,2017-05-31 05:49:41,2017-06-19 00:00:00
0b8ecdf43368739829456740ed76b909,0ae263db1fac3d2b8495a2b4b5b9517b,delivered,2017-08-25 14:47:22,2017-08-25 15:04:57,2017-08-28 16:27:37,2017-09-11 17:43:26,2017-09-19 00:00:00
00772b2af35643653f108fdac1155ee3,3fa57a1801314f5064ffebcc14d2063b,delivered,2017-04-24 10:53:12,2017-04-24 11:05:19,2017-04-24 11:15:16,2017-05-06 11:48:40,2017-05-12 00:00:00
0203892ed7a2b76401830f4b82a5a34c,b32b53ffb964ca001a0e4daca0b4a343,delivered,2017-07-08 20:26:08,2017-07-08 20:35:16,2017-07-10 12:47:55,2017-07-11 19:21:58,2017-07-21 00:00:00
04dbc8d27bc4a29787bbaf068607aa76,409d8651100f3d1bbb9a4c2b563e37f7,delivered,2018-06-25 09:53:29,2018-06-25 10:14:06,2018-07-03 06:43:00,2018-07-05 14:04:56,2018-07-20 00:00:00
0c8675dc2e52ab52977a76d810e45303,0595cb1106adc0f2c0f617c560fb8e57,delivered,2017-01-28 15:55:11,2017-01-28 16:31:16,2017-01-30 09:40:59,2017-02-01 14:14:43,2017-03-17 00:00:00
09195dded6636223b79ba89aa778d5fb,857df1e83336925aff428375b48c55e7,delivered,2018-08-14 15:42:47,2018-08-14 15:55:29,2018-08-15 15:07:00,2018-08-16 19:02:53,2018-08-24 00:00:00
0167c361757c75999575cfdd8f8695f5,fa16d4938e075cecd40c099fa81c6003,delivered,2018-03-15 11:46:10,2018-03-16 03:45:09,2018-03-16 19:38:28,2018-04-10 10:39:34,2018-04-18 00:00:00
0bc16cf0c58995bbc893af2e151534d0,7c6835555806136bacab36fd7fd8bb70,delivered,2018-06-03 19:34:25,2018-06-03 19:52:19,2018-06-04 11:16:00,2018-06-13 19:11:59,2018-07-16 00:00:00
076f1fe978468db6b826f40f714da65f,4f35ebb1592ee75a4a0d34f4c9615090,delivered,2018-06-05 11:41:02,2018-06-05 14:31:31,2018-06-05 13:59:00,2018-06-11 15:26:48,2018-07-19 00:00:00
08f95199562a41bb3a899717810c7af2,4a8bddca16f988039c3eb190e69f054e,delivered,2018-04-13 20:55:30,2018-04-13 21:09:46,2018-04-16 20:12:51,2018-04-30 23:15:36,2018-05-17 00:00:00
0c5c5872985d8382ec1df7d0ec721875,24acebc6460c3e8f61021a905ce952b2,delivered,2017-10-23 23:13:51,2017-10-26 14:29:25,2017-10-30 17:12:39,2017-11-24 14:03:12,2017-11-22 00:00:00
0371bb519b3c4b04bed0460608ce6c59,672ed40727c0f5acb2a1439d107a5a82,delivered,2017-08-06 16:50:28,2017-08-06 17:03:02,2017-08-07 21:06:01,2017-08-11 22:30:01,2017-08-29 00:00:00
084e6aea84bfcc0627bf4da8d657938e,059ac53b914e0bfa1877ad8c86e4405c,delivered,2018-01-12 10:09:49,2018-01-12 10:29:33,2018-01-29 23:25:32,2018-01-31 21:05:27,2018-02-21 00:00:00
0c46fe7e5915cf8413d797e298c50dba,e16a28ecd0cf7f1010c6719d14666d69,delivered,2017-11-03 16:55:46,2017-11-04 04:35:32,2017-11-06 20:46:41,2017-11-15 00:21:28,2017-11-28 00:00:00
0c8058646f24f81b942fe644c199e978,f8b4ea8afddd292f4ba858b7215f534d,delivered,2018-06-14 21:51:29,2018-06-14 22:16:25,2018-06-15 14:18:00,2018-06-20 20:42:44,2018-07-11 00:00:00
098dd2a0dabd8878380b344370974efa,971c2e479ef8a3a4a70418a4e6100228,delivered,2017-03-14 22:06:27,2017-03-14 22:06:27,2017-03-16 11:39:33,2017-03-22 06:34:07,2017-04-17 00:00:00
07d3db06b53989748df4ae194f6b0fde,4a1f4837b9cceab1e8831e832f487061,delivered,2017-06-17 21:01:39,2017-06-18 21:03:41,2017-06-19 17:14:07,2017-06-22 18:29:47,2017-07-11 00:00:00
0724f5287d69b7a3fbcf9ab02054ca4a,49af8d1256e91058af5b255f4fbc0e6d,delivered,2017-12-02 13:51:42,2017-12-02 13:59:26,2017-12-06 21:41:52,2018-01-05 23:42:32,2018-01-22 00:00:00
00d2559e61b9a0744a0552c35c5ecccb,d4af02c83608285f0bd9ff891130c980,delivered,2018-06-11 12:24:48,2018-06-11 13:32:18,2018-06-11 12:05:00,2018-06-18 16:51:52,2018-06-28 00:00:00
060b8f810cc106b90824b59a26ceb0db,4f4c1fc9acea17a745dbd2a0eed70403,delivered,2018-07-04 10:43:37,2018-07-05 16:11:32,2018-07-06 07:13:00,2018-07-13 18:08:36,2018-07-31 00:00:00
098f15b40cb74aae030d56b720c5698c,9662a6e2918ac93d63f687e51219d027,delivered,2018-01-26 17:26:30,2018-01-26 17:39:47,2018-01-30 23:32:50,2018-02-09 15:39:59,2018-02-19 00:00:00
02b7cbd604df10c09427902dc682b0d3,656c63b20f75ccd37b33455ec589dc4f,delivered,2018-03-03 17:46:08,2018-03-06 03:51:07,2018-03-07 00:32:28,2018-03-11 18:48:31,2018-03-15 00:00:00
0829f68cdf3850bb5977ac321e0fb8d5,6a4efeae0ef82884b1edc1b6713beff0,delivered,2017-10-18 08:41:11,2017-10-20 02:49:18,2017-10-20 15:53:48,2017-11-09 08:23:30,2017-11-06 00:00:00
065102a3bb506a1010c90b7a4f2700b2,b2a02ae01aec9cbcc071c887b1ca41ab,delivered,2018-03-02 11:34:37,2018-03-02 11:55:38,2018-03-02 22:54:27,2018-03-03 14:23:17,2018-03-19 00:00:00
01f11912a2c502cc940f607b1f6b2ab0,3b01c1a86716aef93f40e4136bc1866e,delivered,2018-02-05 18:40:32,2018-02-05 18:50:33,2018-02-07 15:18:24,2018-02-23 00:06:05,2018-03-09 00:00:00
0ab5a761982917ce851399f277662d06,7ecce0bacad3880044f145069b089f3d,delivered,2017-12-02 17:47:12,2017-12-05 04:12:00,2017-12-05 17:12:58,2017-12-18 17:44:44,2018-01-03 00:00:00
0c922ae7c3b6cb7d848150c80121bc1b,6842b18ad3f173ee6b709748377bbd2f,delivered,2017-04-03 20:45:51,2017-04-05 02:42:39,2017-04-05 19:15:06,2017-04-07 17:05:40,2017-05-02 00:00:00
032de54ca8e40cca1098da6c68ba92b3,ae98e7ef8bbb639184da4566b1e7f19e,delivered,2017-09-26 07:58:27,2017-09-27 08:04:18,2017-09-27 19:18:46,2017-09-30 14:07:29,2017-10-18 00:00:00
034a3d1faac58f35a7364de005209f13,c8be084101b0ce1d1ec6a88381add2e2,delivered,2018-04-03 18:42:25,2018-04-03 22:35:12,2018-04-05 17:51:43,2018-04-17 23:55:57,2018-04-27 00:00:00
03d8ac7f462c593ad4ca1fe32c20cd83,d86328d99f1c51c918adbeaba9edd1cb,delivered,2017-04-27 10:48:39,2017-04-29 02:43:07,2017-05-02 15:39:39,2017-05-16 16:37:49,2017-05-31 00:00:00
03b93d42401e436cb00a2dd82a3975f7,bc1d03ced3946138d23540f85060ec03,delivered,2017-06-22 17:01:40,2017-06-22 17:10:14,2017-06-27 16:38:30,2017-07-03 14:34:50,2017-07-20 00:00:00
0886f12bc4f3770e8660c836cd58abbd,e7503fd14d5b4122c366e457104f8ead,delivered,2017-08-14 14:05:00,2017-08-14 14:30:16,2017-08-15 13:46:30,2017-09-01 15:32:39,2017-09-08 00:00:00
03eea4a8ecfbf94e0aa787c2d1b098e9,915934f0ade43f0068135a83beead0da,delivered,2018-01-26 00:19:26,2018-01-26 00:32:12,2018-01-26 21:26:35,2018-02-03 14:24:41,2018-02-19 00:00:00
0c16e6184d4cf8be09b57e667eb67bcc,30777bec36591293bd4a24e6fec0f797,delivered,2018-02-09 18:33:23,2018-02-09 18:55:26,2018-02-20 00:42:30,2018-02-20 17:32:47,2018-02-23 00:00:00
0a58de38cd66544f6bbe4f5ab326e5f6,d4d03dabe3ab500b604478efe09c6629,delivered,2017-08-07 22:32:42,2017-08-07 23:15:12,2017-08-10 14:00:00,2017-08-11 21:19:53,2017-08-18 00:00:00
0bb5b2fd739934d00d6c8ad3a4e0f5a4,713be237a62bf47f7bc3acb21f0f41eb,delivered,2017-08-07 22:25:05,2017-08-07 23:05:21,2017-08-09 14:40:45,2017-08-15 17:05:20,2017-08-18 00:00:00
0359008adff4c1def5a09bb92f7a5aa8,dcc777d07a081464e7a71921cc13cde0,delivered,2018-03-15 13:17:11,2018-03-17 02:40:38,2018-04-13 12:45:32,2018-05-16 22:38:23,2018-05-02 00:00:00
0084e195fbd72ae51599af47f04afede,bd8d067426b640b65c68dd3ee6c71d46,delivered,2018-03-14 23:57:00,2018-03-15 00:10:59,2018-03-15 19:52:29,2018-05-04 22:22:18,2018-04-10 00:00:00
054418a6880b7e815bf64730ef040574,5ccd6241cc65f50dbbc212f2ca39d71f,delivered,2018-05-18 01:06:11,2018-05-18 04:14:37,2018-05-21 19:15:00,2018-06-06 19:03:31,2018-06-22 00:00:00
0a178d660889f4e9ef1087483fd6ce9d,2211b52267470b72aa8016238fe16972,delivered,2017-03-23 16:34:16,2017-03-23 16:43:35,2017-03-24 13:00:17,2017-03-28 19:08:04,2017-04-11 00:00:00
09eedce5add123a462c46a3e0ade2dd9,9f6be05e886fa1fd2ef494672b435c6c,delivered,2017-05-01 19:07:03,2017-05-01 19:22:18,2017-05-04 04:44:51,2017-05-23 15:04:35,2017-05-31 00:00:00
04f2e46bdb0ab9fb67a417100fb3ca71,ce8e936f636f55678640360ddaa0adea,delivered,2017-10-06 00:03:50,2017-10-10 04:14:47,2017-10-11 19:12:44,2017-10-18 21:15:48,2017-10-31 00:00:00
0410fab6a2d13d2339283e1e2522518f,e7ac1a214498dd63097ab1c73d67c5d3,delivered,2018-04-10 14:38:47,2018-04-10 14:51:12,2018-04-11 22:28:23,2018-04-17 20:22:16,2018-05-03 00:00:00
069448c08929653f9280f77f9d746ee1,7e2408312a141732fa53a2b6e7dd81d1,delivered,2018-06-29 16:34:07,2018-06-29 16:51:31,2018-07-04 14:50:00,2018-07-06 16:58:35,2018-07-24 00:00:00
054c0efb53bb68011a58b28d34cf04a3,154907344d231ce6f9e716b698c8c772,delivered,2017-08-12 19:07:37,2017-08-12 19:23:33,2017-08-15 13:26:31,2017-08-24 22:22:04,2017-09-11 00:00:00
05dc8285104a0f76f6e8d6b2ff9417b2,608504ddaf7e677eec291b124ab24093,delivered,2018-08-24 13:38:56,2018-08-24 13:50:21,2018-08-27 14:11:00,2018-08-28 19:46:36,2018-09-05 00:00:00
04bc36cd51141e11c2cbbd188b6e47ca,ab421b93f847af0ef7301421bb36da5e,delivered,2016-10-08 20:28:48,2016-10-09 14:35:21,2016-10-13 14:35:21,2016-10-16 15:35:21,2016-12-02 00:00:00
062bddc5be851fec2b59598cc33498cd,9a2dd61cc19001c3ace30736bb37b2cb,delivered,2018-05-07 20:22:07,2018-05-07 20:35:27,2018-05-08 12:53:00,2018-05-15 21:09:05,2018-05-28 00:00:00
0782e07a7692b86e29c3fcec805b3bfc,b941917841af028a5d97758e40ac21ac,delivered,2018-07-03 21:25:43,2018-07-05 16:32:28,2018-07-05 09:50:00,2018-07-06 20:32:34,2018-07-23 00:00:00
08f616b964002ad1bc12de1069f82edd,122935516a68e6f08864fa373221e373,delivered,2017-11-09 21:37:39,2017-11-09 21:51:23,2017-11-14 16:51:54,2017-11-21 20:29:21,2017-12-04 00:00:00
06f539e73d3a46feae1fa4667cc82f98,b902824d87ab9a5958c6a4462518dcf6,delivered,2018-01-27 16:04:30,2018-01-27 16:15:21,2018-01-30 01:56:51,2018-01-31 22:56:52,2018-02-14 00:00:00
08d8b17740615b3cbe884f58173de3c1,5ae752fb345dfa0d14a52db28359612e,delivered,2017-06-28 16:51:19,2017-06-28 17:30:57,2017-06-29 17:07:55,2017-07-18 18:02:54,2017-07-28 00:00:00
050db8a61ea366db684e7d127082b5da,9bccf54464487719b6a4bd080a41090c,delivered,2017-07-09 18:49:58,2017-07-09 19:03:27,2017-07-11 20:09:33,2017-07-18 17:27:52,2017-07-28 00:00:00
0cb34be1b04ffaf4d4ad9cd5f4195855,3af757f67947c5e839d0b66612884678,delivered,2017-12-12 15:45:13,2017-12-13 02:49:57,2017-12-14 23:53:48,2017-12-21 00:35:08,2017-12-29 00:00:00
017499de14d22ef9e9a83ca54727480e,a947822e31f502d0f6297cdee1448a73,delivered,2017-07-11 15:58:41,2017-07-11 16:15:24,2017-07-17 14:48:10,2017-07-19 19:26:51,2017-08-09 00:00:00
0a03f10c3075f5566e5cdbef7c487e14,9c0f4ac6b6891be32bf81369e8bc1ed4,delivered,2018-01-20 13:59:56,2018-01-20 14:31:05,2018-01-22 16:23:00,2018-01-26 20:13:35,2018-02-14 00:00:00
09e3a74fe474342885a70d1b2452c1e2,4ca9a0827276e08dc7f6501766861b04,delivered,2017-09-06 08:58:14,2017-09-07 02:56:08,2017-09-25 18:34:44,2017-10-11 20:58:51,2017-10-03 00:00:00
059cc0a6e41682f072113815225a5ff7,218bdff2df7ac32907c87cda2061e9df,delivered,2018-02-18 19:11:00,2018-02-18 20:26:56,2018-02-19 17:07:44,2018-02-27 19:18:29,2018-03-13 00:00:00
062e5ab5d16890def5883cd9fe35615e,e9fb43f6ae5bfa218dde1430df4a8641,delivered,2017-10-22 00:31:39,2017-10-24 06:34:56,2017-10-30 13:42:25,2017-11-07 18:33:14,2017-11-16 00:00:00
02556030d826438ef986ab5fd723a9a5,7e99f5592fa32c986abe9622f3058a49,delivered,2018-02-11 10:47:59,2018-02-12 10:48:11,2018-02-16 20:09:12,2018-03-05 19:14:28,2018-03-14 00:00:00
03a312126d4985217afef2625df60af4,393df32d466d4952412196461ac05d52,delivered,2018-04-10 19:02:15,2018-04-11 17:50:18,2018-04-14 01:15:23,2018-04-19 14:22:53,2018-05-02 00:00:00
0b42c660077b29a5c0b8476149a037ce,ccdc2ddfa95f2b9436f3c21dfcd6ae2d,delivered,2017-12-10 23:27:20,2017-12-10 23:35:23,2017-12-12 18:45:46,2017-12-28 21:27:19,2018-01-09 00:00:00
0b468af2e7c3af5bce986f443aa69083,c70dbe9bfd930472b5a3bc0d052fafa3,delivered,2018-07-31 16:41:43,2018-07-31 18:00:07,2018-08-02 10:37:00,2018-08-03 13:31:13,2018-08-08 00:00:00
0276bd1aea24c642af813980281af144,ad8def83f5b550a3b6e13f1ca084a6df,delivered,2017-03-28 19:34:19,2017-03-30 02:15:54,2017-03-31 13:48:49,2017-04-19 07:15:22,2017-05-03 00:00:00
06b39bf7a5569f632e2ba8b3bb03498f,ed2cb6882fb72357912fb1ebb592eb3f,delivered,2017-10-20 09:50:46,2017-10-20 10:05:55,2017-10-20 20:27:41,2017-10-27 17:37:59,2017-11-14 00:00:00
09a21347537a52507220515fa4516fbd,23b1652202bea45933d115b4aa2f04ca,delivered,2018-02-03 19:12:42,2018-02-04 00:09:47,2018-02-07 16:42:53,2018-02-20 21:29:05,2018-03-05 00:00:00
02661696e065aa02977870f3a87940ab,e3495901f796d61ae2604a9784306f61,delivered,2017-12-14 20:52:16,2017-12-14 20:59:28,2017-12-19 16:58:55,2017-12-21 19:16:26,2018-01-09 00:00:00
0ba2df57baacde1f6f36148963a494d7,5f160ef1c18da3546c4b6454f2162972,delivered,2018-04-08 23:27:27,2018-04-08 23:48:45,2018-04-10 11:56:19,2018-04-13 15:04:43,2018-04-25 00:00:00
09efb7cd51fbc54c89edb7aff4a3f637,1c01334ffe1191d82c8d8e91932c5070,delivered,2017-05-09 23:38:35,2017-05-14 21:31:38,2017-05-16 10:30:35,2017-05-22 15:09:54,2017-05-29 00:00:00
031e7d4e559a1bf08e71a419aa998d0a,aedfc62ab52a3e4ea642220ccdec91ff,delivered,2017-04-06 12:59:46,2017-04-06 13:10:41,2017-04-07 12:43:24,2017-09-19 16:23:52,2017-05-19 00:00:00
0493b5f35d3ee7b1f7e2d98ad782820b,1a39d706d531bfbb53490b3b30396aa6,delivered,2018-04-12 12:25:11,2018-04-14 01:32:54,2018-04-17 18:03:29,2018-04-24 16:28:01,2018-05-07 00:00:00
0870d202dc3234340a499505dc36c7a4,793021f4b6ca3e6f3212595d6a317761,delivered,2017-11-19 18:05:24,2017-11-19 18:15:32,2017-11-23 14:53:03,2017-11-27 16:41:50,2017-12-01 00:00:00
0c94cc21548a77ceded09a70fdecc700,abc24ca911fc4fa27425c23c1f60603c,delivered,2017-03-31 11:51:38,2017-04-04 06:05:31,2017-04-05 13:53:10,2017-04-12 07:27:30,2017-05-02 00:00:00
04bf71feb2b6d5e4c9916677d56f6b80,d86572e0790d1fb81bb9112430dd660f,delivered,2017-12-11 00:14:48,2017-12-12 03:52:58,2017-12-13 20:55:55,2017-12-17 17:08:45,2018-01-05 00:00:00
0858bbf6d922af574797281c8df8de5c,b41ab09d03cd73ae63d8c474d89efed8,delivered,2018-08-10 14:02:07,2018-08-11 02:44:37,2018-08-13 15:35:00,2018-08-14 12:54:54,2018-08-15 00:00:00
09268d8b25dd31ae78b464efd453d069,02bf19efae533d95c21b5e1ccc633a88,delivered,2018-06-08 21:53:39,2018-06-12 04:57:05,2018-06-12 15:00:00,2018-06-14 21:41:54,2018-06-28 00:00:00
0cd2469ab06e40b78aa617c57b946994,8d924cfc57373c980b55fe575baf2c39,delivered,2018-06-03 15:02:14,2018-06-03 15:15:18,2018-06-04 13:42:00,2018-06-20 23:54:34,2018-07-20 00:00:00
065d4f458013cd9c9e716f8be1ca00d1,12b11f992889101946980981fb471ab2,delivered,2017-11-05 23:44:57,2017-11-07 06:31:21,2017-11-07 19:14:21,2017-11-10 16:03:34,2017-11-17 00:00:00
0acb52bb1603d9a69f0965fb43c08a99,c49b7e4b867b6ef7012497b70b828e0c,delivered,2017-12-06 21:38:37,2017-12-06 21:52:52,2017-12-07 19:43:07,2017-12-08 09:57:43,2017-12-22 00:00:00
033be53bbe3f76953bada81a6a40d3b6,8455da4c0f77acdfe3dc387545a13a5e,delivered,2017-11-14 11:10:14,2017-11-15 02:55:46,2017-11-21 19:34:09,2017-11-29 23:32:05,2017-12-14 00:00:00
0b8d9a9a4de4be0a6a5f0778f97ee6b5,aa54fd4369d4c8cac7f225c1e523399e,delivered,2018-05-16 09:31:53,2018-05-17 10:38:26,2018-05-17 12:56:00,2018-05-21 20:18:52,2018-06-05 00:00:00
05c44e3898cc7d836584bfaaa36d0017,b5877addfeaa2e955ae8dbed97ecd12b,delivered,2017-03-31 01:33:15,2017-03-31 01:45:13,2017-04-04 14:57:07,2017-04-12 13:24:15,2017-04-28 00:00:00
087a5caa838085de4baa54e02f8f2878,01621ab81b760e6e48e8eb3a300c77bf,delivered,2018-06-09 01:13:30,2018-06-09 01:36:26,2018-06-11 14:30:00,2018-06-14 19:32:13,2018-06-25 00:00:00
06aa0aa8c22027ebb953d501c4238512,dd22f1d0142d9698c0848674e843525c,delivered,2018-04-25 19:43:19,2018-04-25 20:31:06,2018-04-26 14:39:00,2018-04-27 17:37:28,2018-05-11 00:00:00
059a35c89cb9ee5ba740d4ac2eb8a805,c11a237ba6088cf7db513e5e9bc0ccf5,delivered,2017-09-08 13:30:44,2017-09-08 13:45:17,2017-09-13 23:22:16,2017-10-02 21:04:28,2017-09-26 00:00:00
0922ee1619de7b995648e5a8407afb91,8dab637615e9eae6d33ef5e48644d6d3,delivered,2017-07-11 10:45:44,2017-07-11 10:55:15,2017-07-14 12:41:34,2017-07-12 20:49:42,2017-08-14 00:00:00
0c3190b4838c596fd1d6cd74e0436120,4ab6b9b183a09e503665c331ab76aa17,delivered,2018-03-01 08:02:21,2018-03-01 08:15:27,2018-03-01 19:41:53,2018-03-06 20:55:45,2018-03-13 00:00:00
002834535f7a609a5c68266f173fa59e,89a6b1bfbe1b366503995b8df4c49450,delivered,2018-07-23 17:26:00,2018-07-28 23:30:59,2018-07-24 15:53:00,2018-08-11 01:48:33,2018-08-14 00:00:00
0504447548229e075dea8441b37b1e2a,4e2c1f15de98416a90c2ee06b55ccc9b,delivered,2017-09-28 19:31:57,2017-09-30 02:14:42,2017-10-02 19:33:19,2017-10-06 17:03:59,2017-11-03 00:00:00
0975d77f1213304145f61b455a53792c,5f93762316ec932d3473afb00a274cbd,delivered,2017-06-05 11:46:52,2017-06-06 13:15:26,2017-06-07 15:28:01,2017-06-19 16:31:14,2017-06-30 00:00:00
08a0229449937f03d05a335929cc455f,87471b4464fd50b00d663fc0ff5e0be1,delivered,2017-09-19 20:17:54,2017-09-22 14:29:18,2017-09-22 19:43:47,2017-10-18 17:04:03,2017-10-19 00:00:00
012a238ab54294a3b365812ccc82b135,14f41b6464ff102ab009a269052e7a11,delivered,2017-09-07 18:21:44,2017-09-07 18:35:10,2017-09-13 10:11:40,2017-09-19 18:44:20,2017-10-04 00:00:00
087cd9d85fb88c6b0a229b508311377e,bad1653658d184e1c4dabad107ab9cad,delivered,2018-03-05 21:10:00,2018-03-06 21:15:31,2018-03-09 17:51:58,2018-04-18 15:02:59,2018-04-03 00:00:00
01f5bb59c4e3a373ee5cade4e69ae92f,24c7cad158eb1baa048288b63c1d6085,delivered,2018-03-19 11:53:52,2018-03-19 12:10:54,2018-03-20 00:50:59,2018-03-23 23:21:27,2018-04-10 00:00:00
0a2c9c3fedb974fcf5a8a569e9ba9da9,f38dab26883c4fe20a3e9b92e07692c8,delivered,2018-07-31 18:27:29,2018-07-31 19:31:22,2018-08-01 16:04:00,2018-08-06 13:16:38,2018-08-10 00:00:00
02036bc298ab3c1efc98b116f420d646,1b0555269127c13e727a1f3cb545faf2,delivered,2018-08-23 06:32:15,2018-08-23 06:45:07,2018-08-23 12:28:00,2018-08-27 23:26:29,2018-09-10 00:00:00
077abb7d4f87719b0a5cce22295eb775,8c00f372a13786c5028887ab82250956,delivered,2017-11-05 13:10:25,2017-11-05 13:26:28,2017-11-07 15:47:53,2017-11-11 15:21:25,2017-11-24 00:00:00
065b60cb1eb8ac3e010b81d60ab6a5a7,5e6b6642bfc0441ebab444fbdce404da,delivered,2018-04-15 17:15:31,2018-04-15 17:30:15,2018-04-16 20:14:43,2018-04-17 20:25:22,2018-04-30 00:00:00
004ca5ae248069d68e8594df8abf6ce0,576908744ae56c9cf061c40a434e2a24,delivered,2018-06-06 18:30:20,2018-06-06 18:52:39,2018-06-07 14:17:00,2018-06-15 22:12:30,2018-07-26 00:00:00
0733aab1e972ab531705cf45a1e77281,5ca683b344929c41668368dcf9d5b168,delivered,2018-04-27 13:55:56,2018-04-27 14:10:22,2018-04-27 16:30:00,2018-05-03 14:11:18,2018-05-17 00:00:00
0198c71148c2e08c7c52b860f640fa4e,2938121a40a20953c43caa8c98787fcb,delivered,2018-05-08 06:34:07,2018-05-09 04:31:29,2018-05-10 18:12:00,2018-05-18 18:49:30,2018-05-29 00:00:00
08a4c77d9546c8928c3dd4b20da1b773,ced1f9efb99bce461db12904e8c7867b,delivered,2018-04-01 10:00:08,2018-04-01 10:10:08,2018-04-07 01:19:18,2018-04-18 17:14:45,2018-04-24 00:00:00
06c2f55902daa48386515225a766e7d1,0c51809f15295468c70058026d64a711,delivered,2017-12-08 19:02:53,2017-12-08 19:13:26,2017-12-13 00:22:41,2017-12-27 20:54:03,2018-01-10 00:00:00
0b9e555377748cc93362b079f2653a42,4071865ea4b48ca395beacf0ba2590e6,delivered,2017-12-10 22:51:16,2017-12-10 23:08:50,2017-12-11 19:37:53,2017-12-21 18:08:08,2018-01-08 00:00:00
04778abaab7b4bdfb0abb1110f1eba52,df6afdec3d39282bbf6d560f15911d80,delivered,2018-05-06 02:07:13,2018-05-08 04:55:33,2018-05-09 15:05:00,2018-05-14 11:52:11,2018-06-01 00:00:00
0914478fdcadbaa5c8c8b3442b4f28d2,03058eb4c0764d7c06ca841cd71ba6f1,delivered,2017-08-09 21:32:08,2017-08-09 21:45:25,2017-08-10 17:18:18,2017-08-14 14:13:56,2017-08-24 00:00:00
0666806082c797ed8410aadc2e08f286,4b9ee9bd667eb4c8cf6cb60524c6282c,delivered,2017-06-29 13:40:49,2017-06-29 13:55:10,2017-06-30 15:46:16,2017-07-07 19:55:49,2017-07-19 00:00:00
0392a7fd15fc16848335cb8ff143a940,5726257f03bff97716fe9f0da0cba41c,delivered,2018-05-03 14:36:50,2018-05-04 03:12:18,2018-05-08 14:22:00,2018-05-09 19:13:31,2018-05-17 00:00:00
08933455a78346ec6d1d170ddd9bdb3c,1881349fe48083643661d9ab47a2515e,delivered,2017-07-13 14:43:09,2017-07-14 02:24:30,2017-07-14 19:14:15,2017-07-17 18:09:01,2017-07-26 00:00:00
09bfe605baffbe939fb10d3e8936346e,2f04d3db6495e1a45b6d8473469522a7,delivered,2018-02-22 18:34:11,2018-02-24 02:55:44,2018-02-27 23:53:21,2018-03-15 00:16:23,2018-03-19 00:00:00
03672cdb5f2c133e401946a14a7dff3b,1d03153fa9957f06d124c663a388e49b,delivered,2018-04-04 10:25:57,2018-04-04 10:35:20,2018-04-09 23:32:41,2018-04-11 17:18:39,2018-04-19 00:00:00
0ac7165ffdfae2004f48cf07156a3644,323660fcecc58704a6fac8faabbdd56b,delivered,2018-03-31 09:54:42,2018-03-31 10:10:18,2018-04-03 00:38:34,2018-04-27 19:30:49,2018-04-27 00:00:00
010efe60bdadc9261d1902f3c1dda5f3,ac950cebc3bfe72c92a3768b6e8d3856,delivered,2018-06-07 16:46:09,2018-06-07 17:00:52,2018-06-08 17:32:00,2018-06-15 20:38:39,2018-07-17 00:00:00
09bc338a4e0ae30bcaebd7f1a2c6d3ea,fd6cb3847c2b08afa9142a20fa40d141,delivered,2017-12-18 08:42:33,2017-12-18 09:52:14,2017-12-18 23:28:07,2018-01-09 00:14:33,2018-01-15 00:00:00
0480beb27028f701542a144a9882a0f4,d027af2c30c18381b9e2519b5b95c701,delivered,2017-08-29 12:27:04,2017-08-29 12:45:49,2017-08-29 23:02:55,2017-09-08 19:32:19,2017-09-20 00:00:00
070f721954fa2416856b2b30e3c3c341,5c15488d1970472a9bbcd68ac1468e33,delivered,2018-04-02 14:44:51,2018-04-04 03:15:31,2018-04-05 19:08:27,2018-04-16 16:47:40,2018-05-02 00:00:00
096ed3a5b211031b766db9362e5b5acf,6b09f371cf9b4dcdd97fe2e35600b5bc,delivered,2018-01-29 22:07:58,2018-01-29 22:30:15,2018-02-14 23:04:53,2018-02-22 18:07:52,2018-04-04 00:00:00
049fa9a29ba386943ccbd0954fe8b8a0,bb00108144109ccb3358a5de12232077,delivered,2018-07-03 08:35:57,2018-07-05 16:33:02,2018-07-03 17:14:00,2018-07-09 19:28:54,2018-08-06 00:00:00
01d95eed9163a292a6788ddac08bcf31,8a0d726f209fe6181dfe3d5a64d75450,delivered,2017-11-08 09:54:42,2017-11-09 04:31:05,2017-11-14 11:29:03,2017-12-05 00:26:03,2017-12-04 00:00:00
0c80c82bdef7f227e7483cdd3c94f697,19f9e4a8e8924688daf67bf32662c671,delivered,2018-07-24 12:57:52,2018-07-24 13:40:09,2018-07-31 15:50:00,2018-08-02 18:26:44,2018-08-15 00:00:00
010a35dc7fc3808a03d243d2fd8c6e35,be2c2532426301bff89f1493242c4afa,delivered,2017-12-16 18:02:38,2017-12-16 19:10:15,2017-12-19 03:07:24,2017-12-22 16:59:22,2018-01-05 00:00:00
0357e50e9686e55b75e6873a97993075,5e9491dcfa20187b357f729effb3f238,delivered,2018-01-14 18:06:26,2018-01-16 03:50:15,2018-01-17 21:07:08,2018-01-23 16:52:10,2018-02-08 00:00:00
049ac54eda25ad838a76c65dcfd27c9a,3707669efeae29044e39ea9b2bfa9f32,delivered,2018-07-26 16:16:14,2018-07-27 16:15:15,2018-07-31 15:40:00,2018-08-17 22:14:24,2018-09-11 00:00:00
07cbd6088d2dc5108e16680fa00b7045,69afc81a37be74df6fca505b1f5920ed,delivered,2017-10-11 15:40:06,2017-10-11 15:56:22,2017-10-13 20:13:06,2017-10-17 16:04:41,2017-10-24 00:00:00
0b497dc78b09ae400416eabda31cf6ea,150f3b531a30c607299f88011664e2fe,delivered,2018-08-03 07:43:45,2018-08-03 07:55:13,2018-08-03 12:37:00,2018-08-06 13:41:57,2018-08-09 00:00:00
0b5b77a10f85ebcb19877591a0550895,9e105fda1ace04054f1a9dcb17aea8f9,delivered,2017-11-24 18:31:35,2017-11-25 03:52:20,2017-11-28 21:51:41,2017-12-15 22:54:38,2017-12-26 00:00:00
0494f6deee34c3bcc09e66f364b0e5a4,90331f6d4993e9930f17d54c34190477,delivered,2018-05-17 16:38:18,2018-05-18 00:15:20,2018-05-18 10:52:00,2018-05-21 12:57:22,2018-06-07 00:00:00
08504a0dce0a3cd13b3f7971d29fb991,07ea600bb145c172bb93190abb2081b9,delivered,2017-11-05 15:24:14,2017-11-05 15:35:35,2017-11-06 19:41:31,2017-11-08 23:27:32,2017-11-17 00:00:00
0562a20526fecdaa1eb5019bc3920cd9,658061770ce63adfd6a8e86ce54837b4,delivered,2017-03-21 21:06:11,2017-03-26 23:32:32,2017-03-30 13:45:00,2017-04-03 14:48:12,2017-04-07 00:00:00
0064d74f7de7917d54768d7722ad56ac,29dbee0c474f373b72267a9e886522ee,delivered,2017-09-10 21:45:29,2017-09-10 21:55:22,2017-09-12 17:15:00,2017-09-14 17:26:40,2017-09-28 00:00:00
02d3254501ce969c22c38d060166bf68,0aef4c77e341d8944b0e48f4decaaa47,delivered,2018-07-14 20:33:01,2018-07-14 20:44:01,2018-07-16 12:18:00,2018-07-23 19:32:32,2018-07-31 00:00:00
07732c37b9e8ad65b02e545a3343f361,333ade5abfe19374450d3357e49d0810,delivered,2018-04-18 09:22:28,2018-04-19 02:32:24,2018-04-20 14:56:41,2018-04-27 14:52:48,2018-05-18 00:00:00
02145cbff48d443165378d41c0e49e48,c1596c970f5f8765d684e7e6e3421011,delivered,2017-12-22 15:43:22,2017-12-22 16:31:23,2017-12-26 18:09:33,2018-01-10 18:38:56,2018-01-22 00:00:00
0be5e6659fb39043971e20321fd45edb,527eaf78e1c63a381662225c831bb919,delivered,2017-08-06 10:45:21,2017-08-06 11:03:15,2017-08-07 19:25:28,2017-08-08 22:07:28,2017-08-18 00:00:00
08fe747a18955f4657172a09f1660620,5ac428ce4c03f5de316e89f6bf056560,delivered,2017-09-30 10:25:07,2017-09-30 10:35:19,2017-10-02 19:19:03,2017-10-11 23:04:00,2017-10-27 00:00:00
0b8558ffb8ef05e5abef8d7bf4a95884,362a2ed4cfc696ffb1b54029c4886493,shipped,2018-02-19 18:36:01,2018-02-19 19:35:35,2018-02-20 23:12:37,,2018-03-09 00:00:00
03f2f876bfee9ea9a502ec0d8a664e4c,b31e3de2a253154bdd28a4f1f252b1ed,delivered,2017-11-29 19:35:55,2017-11-29 19:57:15,2017-11-30 18:04:14,2017-12-01 15:34:41,2017-12-15 00:00:00
00ff0cf5583758e6964723e42f111bf4,e3626ed5d1f2e3a02d692ec948b25eeb,canceled,2017-04-10 00:45:56,2017-04-10 01:03:29,,,2017-05-04 00:00:00
0c23e216707906b2996b9e2a5bf5ca93,9abf606fc27c284b79f293ca455f99f5,delivered,2018-06-23 11:52:36,2018-06-23 12:19:15,2018-06-25 10:51:00,2018-06-28 16:39:55,2018-07-30 00:00:00
0b9ac892eece5e74725c3699a0eec646,e5a66e97402372af6d227dd7b60f97a0,delivered,2018-01-25 20:35:25,2018-01-27 02:41:22,2018-01-30 19:33:54,2018-02-08 19:46:32,2018-02-19 00:00:00
05424cc0493d8fa049aa508505e6c773,5788fd9a1d707f6ed5ecd2ada911fcb3,delivered,2018-06-27 18:11:10,2018-06-27 18:31:46,2018-06-28 13:24:00,2018-07-04 15:44:59,2018-07-26 00:00:00
09ce65f75711be9f04a63700ae3c5adc,a866f67b44dbcc8612120c2bc59fa171,delivered,2017-11-18 16:10:29,2017-11-18 20:06:50,2017-11-21 22:38:54,2018-01-04 18:04:30,2017-12-07 00:00:00
090342fe317c0444e8220e4d902579cf,884a2d382634ed1f5d1c120ff820f9df,delivered,2018-05-03 20:48:47,2018-05-03 21:11:04,2018-05-08 19:02:00,2018-05-09 23:11:55,2018-05-16 00:00:00
08920300c97e9c4ef7728df49f6317b3,782b6c1a1f51674763812f3c1aca9000,delivered,2017-11-24 15:51:42,2017-11-24 19:36:26,2017-12-05 18:40:40,2017-12-09 18:33:51,2017-12-15 00:00:00
02ce7f70a5c7a6b04c29a98b061d68b7,c1aee4ecf1d8ededf571249287d56854,delivered,2017-06-05 21:47:24,2017-06-05 22:02:20,2017-06-06 15:27:27,2017-06-16 17:32:37,2017-06-28 00:00:00
08f33b9700f597f74ec8fc4f1d56eda7,f0bc77743882d666e091a12181b32386,delivered,2018-06-22 10:43:09,2018-06-22 10:58:38,2018-06-27 06:50:00,2018-07-03 16:22:38,2018-07-26 00:00:00
09836dd0df8891bd6cc20b9e651a6f23,ecff1b1c83d0c9237a8e5fa29684a78d,delivered,2018-06-04 22:49:09,2018-06-04 23:10:42,2018-06-05 13:44:00,2018-06-21 19:32:20,2018-07-05 00:00:00
082e1d9362de402518ac4c47b4d82dd0,bc79e7caa09731190172e80af2e3d126,delivered,2017-07-28 22:34:21,2017-08-02 08:33:52,2017-08-01 13:59:59,2017-08-02 16:13:08,2017-08-10 00:00:00
04d11ad47e18aa9180d9d9cc7678f496,8f3fcfbb2fa3d2f7e3de0d54ff424439,delivered,2018-03-06 01:40:54,2018-03-06 01:50:27,2018-03-08 23:54:35,2018-03-19 16:07:51,2018-03-22 00:00:00
065c76c0f11720ac66d53d0903f762b6,3dfcd3a85f0c320f16fec5214957d9bc,delivered,2018-03-27 11:09:52,2018-03-27 11:27:44,2018-03-28 16:03:38,2018-04-03 01:54:28,2018-04-23 00:00:00
08c9aa0c0fc860ffc3ae1fbd1da5bea5,707505827f1845cab9776c719afd1362,delivered,2018-05-08 17:45:49,2018-05-08 18:14:19,2018-05-09 14:30:00,2018-05-14 16:54:55,2018-06-12 00:00:00
06d1315b8f0db57ee04b47b21db6626c,b6a69993d6889b36b68f7855f73d34cc,delivered,2018-07-15 18:16:31,2018-07-15 18:25:17,2018-07-24 14:13:00,2018-07-27 18:58:38,2018-08-07 00:00:00
08b4c8a8808af1f771bd9602e193f9b6,d0e8197510c87f449b4fd4291ac5f87b,delivered,2018-01-10 14:04:29,2018-01-10 14:12:23,2018-01-17 00:03:03,2018-01-24 12:43:10,2018-02-05 00:00:00
02c84deb7aa1f2e74090d56a0ec84120,34c059ffa44982e5208d2ced3c986b51,delivered,2018-03-01 22:46:34,2018-03-01 23:09:46,2018-03-02 19:56:54,2018-04-03 00:58:52,2018-03-23 00:00:00
05d657dbf5a4b2e7a685903cc8bb03f0,809c3dc9eabbbe4e6b03198d239b6e2d,delivered,2018-01-30 09:37:46,2018-02-04 23:31:34,2018-02-02 09:15:37,2018-02-08 19:56:46,2018-02-21 00:00:00
00789ce015e7e5791c7914f32bb4fad4,342c4258969c528c3469db9acaf6b0ad,delivered,2017-06-28 23:31:33,2017-06-28 23:43:34,2017-06-29 11:47:41,2017-07-17 18:35:36,2017-07-20 00:00:00
0903715a744e53db0a04d441d50d22cb,c147dfd02d5503b44c65a2660bc63cfa,delivered,2017-05-08 20:30:33,2017-05-08 20:42:26,2017-05-09 13:40:18,2017-05-11 08:13:29,2017-05-31 00:00:00
066e2edfc5e388bb574fda4a61911b9c,5b1385b497ecd70d5816aa1208ae6e08,delivered,2017-11-16 00:59:02,2017-11-16 01:10:37,2017-11-20 14:23:43,2017-11-24 19:46:36,2017-12-08 00:00:00
0a631e92a5097a6cd94c5b7002778938,e1e83e041c51b00e571dc0e877d94848,delivered,2017-11-30 18:53:51,2017-12-01 14:25:02,2017-12-28 18:13:08,2018-01-03 22:41:26,2018-01-03 00:00:00
0a8c76aaf89178fd0f7655214a6b5223,edcc2532c1d4e603a2d089188ec5ee90,delivered,2017-11-22 09:00:02,2017-11-22 09:11:20,2017-11-23 20:05:10,2017-11-29 23:38:45,2017-12-11 00:00:00
0778921b814304f85cb9188625e50625,1108051163387bf4b98f729ba303f2ff,delivered,2017-10-29 13:46:57,2017-10-29 14:06:03,2017-11-03 15:33:07,2017-12-02 15:09:01,2017-12-13 00:00:00
010d6db2f77220b394f147836c94f27b,544cfbf822c23de5e82f86d638b82b58,delivered,2018-07-11 16:56:46,2018-07-11 17:10:10,2018-07-12 15:08:00,2018-07-21 15:26:45,2018-07-26 00:00:00
065bc1a2569e7a22835b49f40208f394,c5dbdd1c279eca001d619e8351528d2c,delivered,2017-11-09 13:49:13,2017-11-10 02:56:04,2017-11-10 22:06:03,2017-11-13 17:22:17,2017-11-23 00:00:00
0410f4cc1616cb8c9d1f03c78a8c9f81,cb3ac9287a240ab1ff177d10e4f61553,delivered,2017-06-22 22:31:14,2017-06-22 22:43:15,2017-06-26 17:22:56,2017-07-11 20:16:25,2017-07-26 00:00:00
0401f33945d6292657d6a4d951191570,62c2b34ef77182d555a097e092cec25e,delivered,2017-04-11 07:49:41,2017-04-11 08:05:12,2017-04-12 17:47:53,2017-04-19 11:18:33,2017-05-03 00:00:00
03df18ab5ba4464030b07f49dc6d206e,258a456e9fc702644a8f3c49f1a07031,shipped,2017-05-25 09:10:21,2017-05-25 09:25:10,2017-05-26 06:48:02,,2017-06-26 00:00:00
01255808a3d38a8dd69aa93265a4cb88,a72282d3fc20f2e29b2659372f3aa616,delivered,2018-01-22 12:01:23,2018-01-23 11:56:28,2018-01-26 20:51:47,2018-02-01 21:59:00,2018-02-19 00:00:00
04b16c4b451253310532ae8020927b06,a2e817de816d28b4f09ab2ae8f2b02f3,delivered,2017-11-10 08:27:56,2017-11-10 08:46:45,2017-11-16 21:13:01,2017-11-24 22:18:47,2017-12-06 00:00:00
0aeae688def7b96d0f56187115a7a8cf,386b33ae40dc4d773f4682a20df4f133,delivered,2018-06-18 18:19:17,2018-06-20 02:54:51,2018-06-20 14:20:00,2018-06-22 01:12:32,2018-06-28 00:00:00
0b5d86d1d6e2e765f19774b9572b1987,b8b10ecc0664c406ae20e83dcceb0d80,delivered,2018-08-15 10:57:35,2018-08-15 11:10:19,2018-08-16 13:11:00,2018-08-25 17:03:32,2018-08-28 00:00:00
084f5caa157d28601e72b588e656e3ec,145d10d2c740be50c50d82f083a813b1,delivered,2017-07-01 16:43:58,2017-07-01 16:55:16,2017-07-03 13:34:50,2017-07-11 18:47:32,2017-08-02 00:00:00
048d699adf41881d80ac3ed5f632a3aa,40b3bac8fe032b2ae6fa23cb2d614a89,delivered,2017-04-24 18:35:48,2017-04-24 18:50:19,2017-04-27 08:13:55,2017-05-08 10:26:04,2017-06-23 00:00:00
066daea9ca27bdce0b0ef5e832427b6d,027c4c1a7778f45a3c7837db8144b65c,delivered,2017-07-10 22:39:00,2017-07-10 22:50:24,2017-07-11 19:22:49,2017-07-17 20:33:47,2017-07-28 00:00:00
05593bfa78dd87f8fb6d212a614f4b23,d70c3932cf4d049a839f58a0d259559e,delivered,2018-08-08 13:40:41,2018-08-10 04:35:19,2018-08-10 11:26:00,2018-08-20 14:04:31,2018-08-22 00:00:00
0a098ea7aca0cfbc728417697c86e807,6883c3d514d170daf2897e80efa0be75,delivered,2018-03-10 16:24:51,2018-03-10 17:00:33,2018-03-12 18:33:46,2018-04-03 00:18:31,2018-03-29 00:00:00
035201c3c82a97f8a25dd6bd5244b2d5,9facbfd2dd51a45404d58154b12ed2dd,delivered,2017-11-10 16:54:13,2017-11-14 04:31:07,2017-11-14 20:06:59,2017-11-21 23:26:35,2017-12-04 00:00:00
0081ab2c99dc85945c28926b77dc6960,410b01953ef40c9962bb6dc6578c7ff1,delivered,2018-02-14 22:19:37,2018-02-16 14:29:52,2018-02-17 00:39:11,2018-02-19 18:49:01,2018-03-01 00:00:00
01a1969ee54e7016bcc0cfeb4fa8c634,b9b38aee92229fb6ba88fbec878f1743,delivered,2018-04-12 20:32:09,2018-04-12 20:49:07,2018-04-24 02:19:01,2018-05-04 19:06:55,2018-05-21 00:00:00
08fec9b7a19902c2485f6f104e547f52,5c1c8769cc8b6dbcc64964d7aceaff5b,delivered,2017-12-06 02:23:38,2017-12-06 02:35:33,2017-12-11 22:38:44,2017-12-14 17:04:47,2017-12-22 00:00:00
058c8f9e226f52cd43f44b0aaa72a395,2719de14d13a9835b0ec43698abda75a,delivered,2018-01-18 11:38:05,2018-01-18 11:55:05,2018-01-18 21:42:17,2018-02-02 21:42:19,2018-02-20 00:00:00
04749a8c0b72cda9ebbd79d27a0d1e40,9e911087ac4b6bab9a8581e5df86a779,delivered,2018-07-23 15:10:48,2018-07-23 16:05:01,2018-07-26 15:12:00,2018-08-07 11:22:13,2018-08-16 00:00:00
053245dc8f6f668c40923c3aedcd384e,3e7ff5820808a8d4664e1e2514ce32c0,shipped,2017-06-06 19:09:17,2017-06-06 19:22:30,2017-06-20 15:32:01,,2017-07-17 00:00:00
03183d4abec30f2231280b2746c66d06,531fa8af6b64d371b38b44930ae774c2,delivered,2018-02-21 15:14:58,2018-02-21 15:30:22,2018-02-24 19:37:49,2018-03-01 20:33:32,2018-03-14 00:00:00
05b44fc08ced0af18eba71e859288f3e,b92268b0950d4673dcc0b8e1fd1ae17d,delivered,2017-05-20 15:25:39,2017-05-20 15:35:40,2017-05-22 16:03:17,2017-05-31 11:43:23,2017-06-13 00:00:00
0a3ece2f39e596ede61967326bf7e969,228c08d51cbc3f62907a83a9ea1ed246,delivered,2018-06-06 20:06:10,2018-06-06 20:34:10,2018-06-08 14:17:00,2018-06-13 18:42:42,2018-07-12 00:00:00
02b39a781ee24f6997ad691ea7a01491,a926ff5e07e6155bf31456e33c21f276,delivered,2017-12-10 12:04:08,2017-12-10 12:13:25,2017-12-12 23:12:54,2017-12-17 17:54:59,2018-01-12 00:00:00
016dee69b3de35a39bfccee5309307c3,c508ad14bc3cde5d1e0bfca7ebdb77cd,delivered,2017-01-14 16:35:59,2017-01-14 16:50:19,2017-01-19 16:33:30,2017-01-26 15:43:39,2017-02-28 00:00:00
0c35d1433b7a71747b7bcddd12c40ff5,a968b991fec4d5579af2a5024bbfe7ef,delivered,2017-10-09 16:20:02,2017-10-11 03:14:46,2017-10-11 22:49:49,2017-10-17 17:51:46,2017-10-26 00:00:00
0173e291db71c3e688829f7f03e2d34a,b909a43dbe785f180ae31c4d0e79cd28,delivered,2017-07-07 00:29:18,2017-07-07 02:05:22,2017-07-11 18:18:00,2017-07-15 13:23:44,2017-08-04 00:00:00
0b52695e8c759b22075c6937089c4158,5762791fc4f790e9bcd3b13e01e60f1f,delivered,2018-08-03 09:04:09,2018-08-04 04:10:19,2018-08-06 14:44:00,2018-08-07 18:38:46,2018-08-09 00:00:00
090c6fd239a12ac8f6a825897ee15d6d,a6314e9e4b3a250430ad6778bfcac569,delivered,2018-07-17 11:57:27,2018-07-17 12:05:18,2018-07-17 17:32:00,2018-07-24 16:28:38,2018-08-15 00:00:00
04396584556ebf06343678f29cb10832,3f0230019389955cbcf00d4667d0883a,delivered,2017-10-20 19:46:35,2017-10-21 19:49:32,2017-10-24 16:12:35,2017-10-31 22:35:03,2017-11-10 00:00:00
03976e284ff273b3e5fda450030f32c1,3231b7b6490bd2824ec83d8b883442a3,delivered,2017-09-04 14:25:41,2017-09-04 14:43:50,2017-09-05 22:34:07,2017-09-12 23:54:52,2017-09-21 00:00:00
056349f85a73d794119c4286c95a52de,03bbe0ce5c28e05f22917607db798818,delivered,2017-03-03 14:21:58,2017-03-03 14:35:09,2017-03-03 16:08:50,2017-03-17 12:52:17,2017-03-28 00:00:00
01e0386aae6c6385feedb58bd4aae5c7,f2ad615b9e352f08c5382d34ed55ce8b,delivered,2017-11-24 21:35:46,2017-11-25 01:31:39,2017-11-30 21:03:45,2017-12-11 20:45:03,2017-12-15 00:00:00
036b2855a4c92b30f0bd1f3fc0f46e48,0bf622b6f70b7f7f0af5948b9886af09,delivered,2017-02-16 15:56:11,2017-02-16 16:05:25,2017-02-24 03:33:01,2017-03-06 14:35:52,2017-03-22 00:00:00
045b9114be21f880246ba6d749f577af,9338c981c1692068c92ee532bb91b112,delivered,2018-08-11 14:59:32,2018-08-11 15:15:14,2018-08-13 14:53:00,2018-08-17 23:27:53,2018-08-30 00:00:00
05c882a9c704a528bfbaa15fd8805d43,4cd82bbc6e8b838a998e3049fe862493,delivered,2018-01-12 18:30:01,2018-01-12 18:37:24,2018-01-16 22:41:54,2018-01-29 19:41:12,2018-02-07 00:00:00
02beac5428ccbd30f4b3fbded058289f,b3ab3d70a498cea9282b87bc2fdf4c00,delivered,2017-10-29 21:01:35,2017-10-31 04:15:16,2017-10-31 19:28:46,2017-11-06 17:26:41,2017-11-22 00:00:00
01bbfee76e5e3f96f008c781c2c17bcf,b26791f21e725f36e32d150c31e68c9b,delivered,2018-03-21 11:13:07,2018-03-21 11:27:55,2018-03-23 18:29:03,2018-03-29 16:13:09,2018-04-06 00:00:00
039749cde6a67a679fa5602f776cefa4,45a5fdd83a9dcd5745c0958868fe76a4,delivered,2017-06-27 18:44:31,2017-06-27 19:05:11,2017-07-05 09:27:43,2017-07-07 17:28:28,2017-07-17 00:00:00
09eefc2f4932b01761f55d6b623ab527,e49eaacc54850c6362b04617ad4c01ea,delivered,2017-12-15 15:54:24,2017-12-15 17:00:51,2017-12-19 21:14:43,2017-12-20 19:04:36,2018-01-09 00:00:00
0cd0056af7a12a71349c17f4114acb3f,a69d27c0e2913e640dd382e7ba2b45fa,delivered,2018-04-07 15:08:55,2018-04-10 03:49:24,2018-04-13 22:28:24,2018-04-16 19:59:42,2018-04-20 00:00:00
02b7e7c49710de373ce4bb83fd4bf81d,958a6f45092caf24c9c986aae8324cae,delivered,2017-05-10 07:27:24,2017-05-10 07:35:07,2017-05-11 12:39:58,2017-05-17 13:05:47,2017-05-26 00:00:00
00c2335723b9b74668062e946dc66621,4930dfe106be258618f6907e8ce8795d,delivered,2017-12-31 01:31:16,2018-01-03 04:28:51,2018-01-03 18:05:49,2018-01-09 20:19:21,2018-01-29 00:00:00
0b0b271dbd163df371ef9fa4ff573490,9ce368c03fe60e88669c7ad2788c623b,delivered,2017-08-01 07:33:41,2017-08-02 07:43:13,2017-08-02 18:07:29,2017-08-14 18:16:32,2017-09-01 00:00:00
03a4aaab0b783a1be23b30e360c067d4,c3490dcedf42cc4adaed83f6360bfa1b,delivered,2017-11-08 19:03:48,2017-11-08 19:30:50,2017-11-09 18:32:14,2017-11-27 21:23:40,2017-12-01 00:00:00
0b3d6a3ba1e60a466b54775dcff1bf7d,44dbbaf8b67c55bf72d394075577e557,delivered,2018-08-15 19:30:07,2018-08-16 04:35:16,2018-08-17 13:44:00,2018-08-27 16:55:37,2018-08-31 00:00:00
0136bcc7370d7fdf44bd916a6dd583c6,55be5653a69f4551dae9951e54acf572,delivered,2018-05-20 19:31:30,2018-05-20 19:50:36,2018-05-21 15:58:00,2018-06-06 18:53:26,2018-06-05 00:00:00
05248f2049e2194bcb2108983868308f,aa606152f23a5fa9ba3d0b87f7a492e8,delivered,2018-01-16 23:18:27,2018-01-16 23:29:44,2018-01-17 20:26:28,2018-01-29 18:58:35,2018-02-20 00:00:00
06f5f6139b33f53defc64643f1252d53,cbdced3b7732432c679e661c4bcb77e4,delivered,2017-01-17 14:50:19,2017-01-17 15:02:24,2017-01-20 14:14:14,2017-01-30 14:36:28,2017-02-27 00:00:00
0af93579d0c0b252568071928b2ad465,66236922649bc2679538f344caf5a5c0,delivered,2017-11-24 13:14:40,2017-11-25 05:35:35,2017-11-27 22:49:46,2017-12-06 22:04:33,2017-12-14 00:00:00
06f38dfd220e723c33a775d36f5d2756,f8cdae87d67f6656d53daa86edc2f488,delivered,2018-07-02 11:01:16,2018-07-02 11:10:14,2018-07-02 15:36:00,2018-07-05 22:32:38,2018-08-06 00:00:00
0066a1fdaee16ad5022c5ef979d0b661,f19b59fc51f101023eb15bfbcca65f31,delivered,2018-06-10 19:52:27,2018-06-10 20:17:26,2018-06-11 14:44:00,2018-06-16 15:38:48,2018-07-16 00:00:00
0478ce23b7b39ac01b3bbd39109b083a,58a6c377f5305b1cdfa593156d15b147,delivered,2018-08-10 14:19:42,2018-08-14 04:15:28,2018-08-14 13:23:00,2018-08-17 18:27:54,2018-08-22 00:00:00
0afcd5d6405dd1fbe9554f4ffa99d2b8,df38e4bf6bea1bc3216d53bd5cdc3150,delivered,2017-07-19 16:10:36,2017-07-19 16:24:32,2017-07-20 17:10:12,2017-09-08 21:37:47,2017-08-11 00:00:00
0886e32a3289fc38b0deaddb26655a7e,06a422c0912397e12e6316f7d53687b7,delivered,2018-02-15 16:18:31,2018-02-16 07:50:35,2018-02-16 17:28:31,2018-03-05 22:54:43,2018-03-14 00:00:00
0a32919eaa38cf81a09bb4cd2ca383df,ab15621e1aa4e4c1377e5c789abaa84f,delivered,2018-03-30 22:41:26,2018-03-30 23:26:59,2018-04-03 19:41:27,2018-04-18 20:06:36,2018-04-25 00:00:00
0b382db57a557ff7703eaba5e991e7fb,0732c0881c70ebcda536a4b14e9db106,delivered,2017-11-02 12:04:56,2017-11-02 12:15:31,2017-11-03 22:25:52,2017-11-13 19:28:45,2017-11-29 00:00:00
0653c5290cf561492eae4f626799994d,7701e6a040e1fe2cea10e5abdffe6df2,delivered,2017-09-19 17:48:28,2017-09-19 18:07:11,2017-09-21 19:30:35,2017-09-22 14:27:48,2017-10-03 00:00:00
09d8753e77ffa5e71ba4137166a3b6ad,e7d78126dbaaf94ed755304738b6b645,delivered,2017-11-05 17:41:50,2017-11-05 17:55:22,2017-11-07 20:02:34,2017-11-24 22:24:42,2017-12-13 00:00:00
043ad325c92b4317f9ff48836a7a4e9c,56df97ca1e2d8a36ee049c9427f9d447,delivered,2018-06-12 11:38:30,2018-06-13 11:39:14,2018-06-15 07:46:00,2018-06-20 15:28:58,2018-06-26 00:00:00
0c897c38d294bbc817bc78528cb47e27,b047a1af40cee55a815fe7075e4f1a74,delivered,2017-09-20 22:51:48,2017-09-20 23:05:34,2017-09-21 19:50:19,2017-10-14 00:21:53,2017-10-20 00:00:00
071251fe3b3493294536f03737a8a679,e0a1d2de2e8046564b9c4de4a47ceb50,delivered,2017-10-26 12:26:44,2017-10-28 02:56:07,2017-10-30 18:53:12,2017-11-08 20:24:42,2017-11-21 00:00:00
0af1da637acdb5fdd0d77bd209530157,d3e29a43c924fd6064e10fe50ebc8925,delivered,2017-06-28 14:43:05,2017-06-28 14:55:17,2017-06-28 15:47:16,2017-07-12 13:17:39,2017-07-26 00:00:00
042e14b2dcf81a8468a49c14d28036c9,945cd4096444d1649974e03e61381aa6,delivered,2018-03-07 21:08:18,2018-03-07 21:29:32,2018-03-12 22:48:25,2018-03-19 15:48:45,2018-03-23 00:00:00
0b5130f1658aa7b154635cd0c097bd4c,4c22099dc6da223a432081168cb89137,delivered,2018-04-18 00:34:42,2018-04-18 00:52:07,2018-04-18 18:52:46,2018-04-25 19:52:37,2018-05-17 00:00:00
0acce7378714d20548f0f5f1b71f6458,5b310d1f78f27de30f2fb3ddbc5e8a49,delivered,2017-12-30 21:48:24,2017-12-30 21:54:24,2018-01-04 10:47:57,2018-01-10 21:19:34,2018-01-26 00:00:00
008dd5e80ebf8f849aa0c5bf4e22ce7a,3c138c472fb6f243ea59fa2589b20440,delivered,2018-03-20 20:31:23,2018-03-22 02:56:19,2018-03-22 23:48:27,2018-03-23 18:04:16,2018-04-02 00:00:00
0ad366bdd2946abe259eb3095c953dc5,9c4a98c1e93c14a86d4c14ce25180aa3,delivered,2018-01-27 13:11:20,2018-01-27 13:33:04,2018-01-29 22:46:51,2018-02-10 17:07:26,2018-03-01 00:00:00
0c6e84e1109b6c5630774291a85fef1c,6eebd7db95271b1824660c5e7ff53a5b,delivered,2018-01-12 18:30:53,2018-01-12 18:48:38,2018-01-17 20:47:03,2018-01-29 11:56:42,2018-02-19 00:00:00
0749426d1c48fe5943cbdf1316ace0aa,ce16772052d1eedeecdecd1deb3b0ec1,delivered,2018-01-13 13:22:10,2018-01-13 13:33:29,2018-01-15 19:45:04,2018-02-22 02:28:49,2018-02-07 00:00:00
00e0bac9f6306d8269770acf4ee4b027,2fddb001e84993ba7e785f11415bc5cb,delivered,2018-03-04 23:02:58,2018-03-06 03:49:43,2018-03-07 23:04:25,2018-03-27 01:58:53,2018-03-29 00:00:00
0b913c851b8dd74300045511a8120e8b,af2769eaf466dabca4bd67df142ff48f,delivered,2017-05-02 17:40:59,2017-05-03 14:50:26,2017-05-09 16:17:38,2017-05-16 10:41:23,2017-06-01 00:00:00
081409ec388a7be098904b884d149db0,75a30ffc2fc334116e690421e357abf7,delivered,2017-06-14 15:27:11,2017-06-15 02:50:22,2017-06-22 15:23:03,2017-06-29 15:32:21,2017-07-12 00:00:00
08935d5052c6414b1960eb67796d01f5,839eb6e08e4322eb2037bf9ab24348ae,delivered,2017-08-25 23:51:38,2017-08-26 00:05:55,2017-08-28 16:56:51,2017-09-04 19:09:41,2017-09-19 00:00:00
03bf6a245a6dfdc3cea6bb75ae4fa3d7,e11c730c457430e605b6c782f3c9f4f2,delivered,2018-03-19 10:27:42,2018-03-19 11:32:11,2018-03-23 23:18:57,2018-04-18 17:38:40,2018-04-12 00:00:00
092e3282c11e71ea0c568efc2a92f91a,76a2132d4e4cb3d86f5a4d37f93cad3c,delivered,2018-02-12 00:01:02,2018-02-12 00:10:29,2018-02-14 19:08:33,2018-02-28 22:18:37,2018-03-09 00:00:00
0ac4a31679b7cc92b7f6cb3684f55e2c,5c1af1c75e78df3b1c454c13efbb1f4e,delivered,2017-08-19 15:28:33,2017-08-19 15:45:10,2017-08-22 14:56:43,2017-09-01 19:02:37,2017-09-13 00:00:00
025d78a44b8f48c66fd09239910302b1,6a5c936a909849dc0470967e01a7177e,delivered,2018-04-18 13:37:54,2018-04-18 13:52:00,2018-04-20 22:29:35,2018-04-23 20:02:27,2018-05-07 00:00:00
0818699476819463109688475b808343,53e644c7c57416bdaf0409e656ee8b0a,delivered,2018-06-01 09:57:51,2018-06-02 09:51:38,2018-06-04 13:47:00,2018-06-09 18:11:08,2018-07-04 00:00:00
0af1482ae8afdfdcd36bcdd5848545cd,e14f88af7cd71552ac393ef41ed3a679,delivered,2018-05-08 07:04:01,2018-05-08 07:15:41,2018-05-08 13:49:00,2018-05-14 19:28:38,2018-05-21 00:00:00
08fcde049d3ee404c83e486f4822a78e,01f831a3745969dca7b974014c4d4344,delivered,2018-05-16 09:57:02,2018-05-16 10:12:48,2018-05-17 08:25:00,2018-05-21 15:52:22,2018-05-30 00:00:00
012ea594e035047289b3e7c3f8b90cef,39851c46815f49fafb7bc26ed6bf513d,delivered,2018-05-03 21:10:55,2018-05-05 03:10:23,2018-05-08 15:50:00,2018-05-09 13:16:28,2018-05-15 00:00:00
03e533f76e0f8827796f3d0a45c61dc0,fafd3c824051e968be7f96ab5f6ccd90,delivered,2018-04-01 19:53:37,2018-04-01 20:08:34,2018-04-02 22:56:48,2018-04-11 19:24:32,2018-04-24 00:00:00
08bf2c1104a4d1382d651ad4e921b4a6,45b4e909ecb4b938d979ac373b89bbe4,delivered,2017-08-30 13:53:29,2017-08-30 14:05:22,2017-08-31 21:18:49,2017-09-08 23:33:56,2017-09-19 00:00:00
0ae45a816351887a536ef37fd5fd9853,43b0018187e2831197aab2587884c29c,delivered,2018-05-01 16:36:01,2018-05-01 16:55:23,2018-05-03 13:24:00,2018-05-15 17:19:19,2018-06-07 00:00:00
078c9d6d720f254fc10c5a162169197f,699378662a662906118d5c91b689e7db,delivered,2018-05-29 20:59:27,2018-05-30 20:55:41,2018-06-01 10:03:00,2018-06-07 12:38:28,2018-06-29 00:00:00
039f61edec89c6f0edf8dd1a0bdea1fe,8297545d11104871ff4516789a25d3f8,delivered,2017-11-24 16:08:38,2017-11-24 19:59:31,2017-11-28 22:55:45,2017-12-12 21:09:53,2017-12-21 00:00:00
058a84184b0421a60f75fdbda47862c1,58aa64563b04243d56f5958ed33f5286,delivered,2018-04-03 10:12:33,2018-04-03 10:28:46,2018-04-03 23:48:45,2018-04-07 00:22:01,2018-04-19 00:00:00
02cda26d2cd43c51fefac9e3291fbc9b,2b46d9e92a141eb116ecbf2c1e6565ab,delivered,2018-05-04 05:52:57,2018-05-04 06:11:55,2018-05-04 11:48:00,2018-05-11 13:26:58,2018-05-30 00:00:00
09ddda124332d6c2489fba71284be7b6,d96c9c329a257073367403d54b03d1b5,delivered,2018-07-25 16:40:23,2018-07-25 16:50:20,2018-07-26 12:42:00,2018-08-02 20:22:36,2018-08-13 00:00:00
034bc91b27d0de97e2ffa04946137764,a1d7580bed7d7f0ebe64eb1d37b01624,delivered,2017-09-18 00:48:00,2017-09-19 03:36:32,2017-09-19 17:55:53,2017-09-27 18:57:46,2017-10-05 00:00:00
093cbde1b401404fd6dffc827e4b86e8,7d179d8a629f588eaff7cae81098b947,delivered,2017-10-14 21:03:22,2017-10-14 21:14:26,2017-10-17 16:56:01,2017-10-20 17:47:49,2017-10-31 00:00:00
0c3d62f1aa70d604db3bc56082aee4ca,de1133f37c60eddaa55a82b7e361efad,delivered,2018-07-02 14:28:22,2018-07-02 15:30:43,2018-07-03 12:08:00,2018-07-06 18:34:40,2018-07-20 00:00:00
075434afaadfb0809ecf3f095a372340,4175fbc781d0d74d0ab138c8b598611e,delivered,2017-11-24 11:05:50,2017-11-25 04:15:07,2017-11-30 21:25:38,2017-12-06 15:57:23,2017-12-08 00:00:00
08fd8d3e4e30f796d703584db2e27e1a,e867a0d69912db241c0cc2adc85d82e8,delivered,2018-03-05 07:59:17,2018-03-05 08:10:37,2018-03-08 04:26:36,2018-03-26 20:32:47,2018-04-04 00:00:00
0ab778cad17847f8538aa63accb88b27,b5012b5d4b4174455c8f108d1be55316,delivered,2017-11-26 22:56:15,2017-11-26 23:13:06,2017-11-29 17:37:24,2017-12-11 20:40:02,2017-12-18 00:00:00
057e5b8975ad03882989369de7b803ff,a21eb72bd9dbd460dadf15c4e43664eb,delivered,2017-09-15 00:46:01,2017-09-19 03:50:35,2017-09-19 19:33:20,2017-09-22 14:52:15,2017-10-03 00:00:00
0a8bacdc71ec2a99fcc75baf60f64439,4fccee164a7c9613fbf6978a9c4cb72b,delivered,2018-02-05 16:33:31,2018-02-05 17:15:55,2018-02-08 22:18:52,2018-02-19 20:38:57,2018-03-02 00:00:00
00ab9fa91aafa3d881164b0da48999aa,8630914c34f45ca88a7589cddb8e0ae2,delivered,2018-05-25 09:47:21,2018-05-26 09:50:04,2018-05-28 12:27:00,2018-06-07 00:18:30,2018-06-26 00:00:00
0c70293ae727a4e81099ec24e6190342,1219554936e47f8eb9141a023dc6dfe5,delivered,2018-07-26 16:24:08,2018-07-26 16:35:12,2018-07-27 10:56:00,2018-08-03 15:27:29,2018-08-10 00:00:00
0379c7b005e9be5439462ece4e356341,3d5851730e87c65aa5fc8e706c859c84,delivered,2018-02-21 10:52:51,2018-02-22 02:15:45,2018-02-24 12:52:53,2018-03-12 23:05:00,2018-03-20 00:00:00
0008288aa423d2a3f00fcb17cd7d8719,2355af7c75e7c98b43a87b2a7f210dc5,delivered,2018-02-13 22:10:21,2018-02-15 03:55:52,2018-02-20 18:23:28,2018-02-26 13:55:22,2018-03-06 00:00:00
0cd10c551ff0a0d5c0e5839bfb766219,56efca4fe3df70756383cee8ed1eb77f,delivered,2017-04-16 21:48:46,2017-04-16 22:01:54,2017-04-17 10:44:08,2017-05-22 15:16:02,2017-05-22 00:00:00
0a8e3f635501e67cdbd29e6ae3bda9ba,1fd4a332e216fd1e99eb42d6f6d49084,delivered,2018-03-12 14:18:38,2018-03-12 15:01:09,2018-03-13 18:21:38,2018-03-21 20:12:15,2018-04-12 00:00:00
00af53fdc2002f5b6a8f16db648e003b,b1517b4078772e718a46e03f9ea9321f,delivered,2017-06-20 15:00:00,2017-06-20 15:15:17,2017-06-23 12:15:50,2017-07-03 14:59:32,2017-07-10 00:00:00
0912c75b2f7561be5da7aee13e0150a2,7801e6f89ef28e7c965f135c0f6164c6,delivered,2017-09-15 13:29:16,2017-09-15 13:44:12,2017-09-15 20:45:02,2017-09-18 16:43:41,2017-09-27 00:00:00
015dd4d6681d1d15c0afebef64a0a092,9092217b4f4aa4cd1dcf5f196ccfd617,delivered,2017-11-07 21:29:02,2017-11-07 21:52:25,2017-11-08 21:24:48,2017-11-09 18:12:26,2017-11-21 00:00:00
00f1c7c1542f5f86c3091749d9e939d8,ac99113c54549df0dffec419b6cb19a4,delivered,2017-12-15 23:25:04,2017-12-19 09:51:42,2017-12-20 20:28:48,2017-12-26 18:14:27,2018-01-15 00:00:00
0a629239073738043764cd721c8ab2da,1e8e8e0bd7a6523848511a4f8359f8b5,delivered,2018-06-16 11:32:25,2018-06-16 12:00:19,2018-06-18 14:09:00,2018-06-22 01:12:36,2018-07-05 00:00:00
0bcc7fc2fefd4ebca3cdcf34288f9026,8923186c52dddf7148df8811d43c0fed,delivered,2017-11-26 00:47:01,2017-11-26 00:58:29,2017-12-04 22:07:58,2017-12-28 19:28:00,2017-12-15 00:00:00
0a59027d2270c523a10d1c29e6c53a71,5e168bceb0efacd860ad767bb6f4e41a,delivered,2017-02-06 15:02:59,2017-02-06 15:10:20,2017-02-15 15:34:22,2017-02-21 17:13:59,2017-03-03 00:00:00
00e6786fee8f476835c151a4d3fa9bf1,7920ebe0de6925c9b6a7900675231e7e,delivered,2018-03-10 01:01:15,2018-03-10 01:40:21,2018-03-13 18:31:53,2018-03-21 22:21:51,2018-04-05 00:00:00
0026a368634b6e6f34f33b1499773a30,66b8528f2144c6cf919795323c4d43fb,delivered,2017-10-27 21:10:26,2017-10-27 21:26:45,2017-11-03 20:59:39,2017-11-07 21:58:51,2017-12-01 00:00:00
04492e6b1fcee5317506f927e0e89eb2,96c4cf1e729b33d09be90caab495d1fe,delivered,2018-07-17 01:02:33,2018-07-17 01:15:13,2018-07-17 17:32:00,2018-07-23 17:12:20,2018-07-31 00:00:00
0152f10d04554388634b75f079f069fc,f211421de204488bd0f9beaeba60f04f,delivered,2017-09-17 09:58:40,2017-09-17 10:10:22,2017-09-18 19:47:36,2017-09-22 21:25:55,2017-10-04 00:00:00
01f04ef1bf8714247c5286afd8579353,4098ded78e423489732762e2b21180b7,delivered,2017-10-30 12:58:25,2017-10-30 13:10:54,2017-10-31 14:42:38,2017-11-08 21:52:47,2017-11-17 00:00:00
01da413c142606bf28e461e3a732f653,e7538f59822c6f1ce51b24280709bace,delivered,2017-08-24 11:20:58,2017-08-24 11:30:18,2017-08-24 16:48:27,2017-08-29 16:56:16,2017-09-14 00:00:00
0807b732c1e7621078473cec87389c8d,3be2ef4ade2e034b28c37f8c996bee27,delivered,2018-04-18 09:36:08,2018-04-18 09:51:43,2018-04-19 18:06:43,2018-04-26 16:26:37,2018-05-14 00:00:00
03ea231452f07988edc699573fb971d7,34a2a828531db1ef9254ee073b8aa9d3,delivered,2017-04-12 22:03:12,2017-04-12 22:15:20,2017-04-17 09:45:23,2017-06-01 10:47:43,2017-05-04 00:00:00
083c3a567b005b0f7261c9c0c76fe151,d4a6786c02a6e6ba536f58e3b4a13393,delivered,2017-02-12 15:45:27,2017-02-12 16:00:14,2017-02-17 09:54:11,2017-03-03 19:25:33,2017-03-22 00:00:00
09442375307dcece0366e86601bf99f9,641025d16fb7bf615b9400b55fd1728a,shipped,2017-10-26 13:15:23,2017-10-27 03:06:59,2017-10-30 20:43:50,,2017-11-24 00:00:00
05393e8d9957461611ec8c8d55b13c02,2f7df887ddcb022dae90b092de0e4ef5,delivered,2018-03-08 22:18:16,2018-03-09 00:54:49,2018-03-09 17:55:26,2018-03-20 00:08:21,2018-04-02 00:00:00
03d6e874e44c091359a3ad62f2bec233,59d26debe9d60cc8467a7bf2b835959f,delivered,2018-05-02 13:42:27,2018-05-04 03:12:07,2018-05-07 14:52:00,2018-05-08 17:08:48,2018-05-14 00:00:00
077700dcf4e3bb4128459fc825a4056c,aa7885fdaef957a25806339d446c2a71,delivered,2017-11-20 11:46:39,2017-11-20 12:07:32,2017-11-22 17:33:05,2017-11-29 13:51:39,2017-12-11 00:00:00
0393dfaf21e966fdadf698bd0856ecc3,dc6484673b2e9c0dd56bee4d78717900,delivered,2017-12-08 10:49:38,2017-12-10 10:50:04,2017-12-11 19:39:25,2018-01-03 19:24:06,2018-01-08 00:00:00
099c1abf14984c667bf8026fc23fb0ba,0e2f6f88e0d9f89cff0b39105af8369f,delivered,2017-05-19 17:59:40,2017-05-19 18:15:28,2017-05-23 11:19:00,2017-06-01 15:17:31,2017-06-12 00:00:00
02d33b6a9d9e61e68ef9190bd30aefce,93c437a123d1d0df54db7df19b321939,delivered,2017-11-23 15:01:36,2017-11-23 15:13:31,2017-11-28 19:37:01,2017-12-16 18:19:01,2017-12-20 00:00:00
08432abcf785878edf1221a0611960ea,48e5d2b2d852ddbca633fe87804939cb,delivered,2017-01-26 20:37:39,2017-01-28 04:34:46,2017-01-30 13:01:34,2017-02-08 14:38:50,2017-02-24 00:00:00
008720830a8a30e39e6f22f81818a141,f1af79ed0c452b79fec6a0217f60a6da,delivered,2017-08-13 16:44:57,2017-08-13 16:55:17,2017-08-14 16:12:41,2017-08-18 10:24:01,2017-08-25 00:00:00
067cdcc9257641b7d0ed7a49a466dd8d,b4a44120b7b9e503fc473b953771df90,delivered,2018-08-02 15:53:58,2018-08-02 16:24:04,2018-08-03 11:06:00,2018-08-10 21:32:44,2018-08-28 00:00:00
0888cf8a7f975f34f13e851049b35dd6,9b98fa6c604ac83f3031c2894205632e,delivered,2018-02-28 21:17:37,2018-02-28 21:29:07,2018-03-02 00:25:03,2018-03-15 19:07:53,2018-03-20 00:00:00
0332758ed6bf8f4c1ffa5b6bf5b5725d,1f09757902b8881d55a29f5380d546de,delivered,2018-03-01 18:43:02,2018-03-01 18:50:33,2018-03-09 15:38:34,2018-03-20 13:28:58,2018-04-10 00:00:00
0be5691eb4c245d190a1e194494f754d,f7c5afab273b47ab517e096e0219b932,delivered,2017-09-05 15:32:33,2017-09-05 15:50:35,2017-09-06 19:37:44,2017-09-11 22:19:57,2017-09-28 00:00:00
069d3deb0a2f7dec8447aa0140aea178,3cfbb410f95cea8ee7ee4d94816ef1ca,delivered,2017-07-08 21:14:03,2017-07-08 21:22:59,2017-07-13 12:54:24,2017-07-24 17:38:01,2017-08-07 00:00:00
01ccfbb0ddf88340b6eed3f1370bcf0c,0b81ac66ced97049984bd7faa500cdda,delivered,2018-08-21 20:20:09,2018-08-22 20:15:07,2018-08-23 17:47:00,2018-08-31 02:12:04,2018-09-13 00:00:00
04eef545c54d444825c506ba170a26bd,c5a0073d6661564548122a1570ede3b0,delivered,2017-04-24 19:29:09,2017-04-24 19:45:16,2017-04-25 10:36:56,2017-05-26 12:39:56,2017-05-15 00:00:00
020c2cd20d09193b79c51797a82aaa3e,5fd34b6c7233619283197ff572e5e966,delivered,2017-11-28 14:19:00,2017-11-28 14:30:56,2017-11-29 16:24:41,2017-12-04 18:08:52,2017-12-21 00:00:00
00af3d9ddff7f256e83d79247dbe1a9f,279084854f91753f3c2feba81d4573a5,delivered,2018-02-21 12:11:48,2018-02-21 12:30:31,2018-02-22 18:52:19,2018-03-07 23:47:31,2018-03-26 00:00:00
0a075803f6a9f73007c86d42003cc231,e5f9d792aee28c3e58bef63830800b1a,processing,2017-03-31 00:03:06,2017-03-31 01:10:35,,,2017-04-28 00:00:00
06475c925f62299396ae63b9e9468486,08413a7d01b73094974b41e36cf77094,delivered,2017-09-05 11:05:36,2017-09-06 02:50:51,2017-09-06 15:32:43,2017-09-12 19:36:37,2017-10-02 00:00:00
0641c2d6df642517fb73e1ac88a188a4,b5754c1cf001e3e816ba20df67cd667a,delivered,2018-03-29 12:45:01,2018-04-03 05:10:23,2018-04-03 20:18:35,2018-04-10 22:13:24,2018-04-26 00:00:00
068c06f0ea08ab32e127f87aafaa834d,1633693027f6a28a4f6ee559c2950e37,delivered,2017-09-12 17:48:50,2017-09-12 18:04:35,2017-09-18 21:45:49,2017-09-26 15:55:05,2017-09-29 00:00:00
00fb055886536063afa0dbee07a0944f,ab9e9b26c172c928efe04a741772958f,delivered,2017-05-24 09:04:32,2017-05-26 02:25:13,2017-05-26 10:28:12,2017-06-01 17:29:32,2017-06-21 00:00:00
01d815029787ce30f6f64900ee93ba37,59eeac10ee17b2c144822b5ea1fd1fd1,delivered,2018-01-26 09:09:13,2018-01-26 09:17:20,2018-01-29 22:22:12,2018-02-05 19:21:41,2018-02-19 00:00:00
0170fdd7ac7c7bbad5308207bd25a679,116e210883e0ea55bea66b38c5d71ede,delivered,2017-07-04 17:46:16,2017-07-05 17:40:06,2017-07-07 16:02:58,2017-07-10 17:55:08,2017-07-17 00:00:00
09729990b5d8f5499917697c409b55cc,e04249e50563e2d0c28b5a8f6d86dccc,delivered,2018-01-23 09:08:05,2018-01-24 02:36:27,2018-01-24 21:28:48,2018-02-08 19:08:17,2018-02-20 00:00:00
053774f3c674d850192a31b9c1a8ab3a,a4baf842746c9b377c5fe5ab016996b7,delivered,2018-03-13 20:28:59,2018-03-13 21:08:04,2018-03-14 19:28:50,2018-03-21 20:16:31,2018-04-04 00:00:00
0505a29e827a4c609b3fd250c0313bef,138bb7818dbfc8690e61b143265e7ec9,delivered,2018-06-10 11:08:15,2018-06-12 04:35:43,2018-06-19 14:55:00,2018-06-29 14:23:37,2018-07-13 00:00:00
0a505a7b63a33e72ba4159e3db1208c9,48fe9f0c3d091cf28162440c5e3f1ae5,delivered,2017-10-29 13:10:02,2017-10-29 14:05:59,2017-10-30 19:03:38,2017-11-06 19:54:45,2017-11-24 00:00:00
014176e9538672a32d2a9b73bf53a31f,2584307af792d605f55f588694980576,delivered,2017-12-01 11:01:28,2017-12-01 11:31:01,2017-12-06 19:53:43,2017-12-19 19:07:00,2017-12-29 00:00:00
0778b810e2b38affa71607aa32043365,40007efc8eba921655b88ab47d309e4b,delivered,2017-11-24 08:51:18,2017-11-24 09:50:42,2017-11-28 21:28:52,2017-12-20 14:52:25,2017-12-20 00:00:00
03789728a4b9475c05f6fe33ced95ccd,c6939007cd393fc30bab02c37c316d5f,delivered,2018-03-14 15:09:11,2018-03-14 16:08:13,2018-03-15 00:16:36,2018-03-21 18:02:59,2018-04-06 00:00:00
00891ba5de66f55000ee358ceea9b345,03ed7b1b35f2e55b0f4d0b9e4e07b0c3,delivered,2017-05-14 17:19:43,2017-05-14 17:35:15,2017-05-15 09:03:10,2017-05-23 15:05:29,2017-06-07 00:00:00
0bd5590ed46f78fceed5ab73b86b8dd4,9ba193141c17b861884c09393ed712eb,delivered,2017-08-08 11:53:50,2017-08-08 12:05:28,2017-08-08 16:39:45,2017-08-10 18:17:31,2017-08-21 00:00:00
0648c919c26e4ed9eae8879a4c17796e,9764b79755f07ae9677fc4e7a6e89507,delivered,2017-04-27 16:06:35,2017-04-28 14:10:22,2017-05-03 07:08:57,2017-05-10 12:42:20,2017-06-06 00:00:00
0b38581eaa98bfe8d55c956b4dab5bcd,3d00c56be9f9c355b9b2ab45dee27c4c,delivered,2017-12-27 19:29:42,2017-12-27 19:48:12,2018-01-02 19:13:03,2018-01-10 11:58:13,2018-01-22 00:00:00
00949655cdd8d0465e433a5e6c9643e5,141bdfe99910207edd84c00700397580,delivered,2018-06-25 21:14:53,2018-06-27 08:30:40,2018-06-27 11:01:00,2018-06-28 18:22:18,2018-07-05 00:00:00
0c41735db7b9b04cffb97ff1309cbee4,fe407542528baa5c26f3ab62b9cdcb9c,delivered,2018-06-24 18:24:56,2018-06-26 04:58:49,2018-06-26 15:11:00,2018-07-09 21:11:59,2018-07-24 00:00:00
073df773abf715c8e62c999668a9cc49,b9d095a7a09c65f3d87e79d02da2afad,delivered,2018-01-14 19:55:00,2018-01-14 20:09:18,2018-01-16 20:37:04,2018-01-25 14:48:12,2018-02-07 00:00:00
0a36bd172604d49ae57f2ae440a0dc70,c7079118b666659ab965232b538299af,delivered,2018-07-27 20:36:15,2018-07-27 20:50:08,2018-07-30 13:11:00,2018-08-10 14:38:43,2018-09-13 00:00:00
09322de5d2e4e4aaac983f73fe652f24,d56aaf069a7ccf464c06b679237f1677,delivered,2018-06-11 18:33:15,2018-06-11 19:01:46,2018-06-20 14:16:00,2018-06-21 20:38:43,2018-06-29 00:00:00
0548ea59d2970d4c0fc2bca54cedfd54,2b11d30e7762ee0e087603f4a5d3cc6a,delivered,2017-10-06 15:54:34,2017-10-07 02:28:22,2017-10-09 19:15:21,2017-10-18 16:49:19,2017-11-07 00:00:00
081e5884f403fbe66f3bce77c72c9230,b55748892add3571efd411869204bbcc,delivered,2017-10-31 15:09:11,2017-10-31 15:31:18,2017-11-03 21:31:43,2017-11-08 13:06:47,2017-11-17 00:00:00
09ed65e35d505a8ce95a82e5c0d1dff3,136650e7d6ed0da6d222b83fb59144ad,delivered,2017-11-24 16:17:04,2017-11-25 04:39:33,2017-11-28 22:31:54,2017-12-03 16:48:32,2017-12-11 00:00:00
0670e42d70788dc30446908644d4cd74,a8b4e86b09a6751205acdf4a5d8e6ee0,delivered,2018-02-22 11:41:40,2018-02-22 11:51:11,2018-02-26 21:44:50,2018-03-08 18:49:45,2018-03-22 00:00:00
0b0bf8f9977e22517521efeefa4b7a27,70853b66bdc999fa3b86d867d34ab156,delivered,2017-05-09 22:58:25,2017-05-09 23:10:18,2017-05-16 16:04:20,2017-05-24 14:13:31,2017-05-29 00:00:00
065f2124da64e6bddb1120142f2ad73a,3f947876eeaf431cc48e9751af9c6ed8,delivered,2018-04-05 10:17:48,2018-04-05 10:30:20,2018-04-07 01:00:43,2018-04-11 18:06:38,2018-05-04 00:00:00
04bef5ebaab368e72d66decdad88fddf,55ca07ff32dc30f00ded4c99f8ea9124,delivered,2017-07-06 16:54:03,2017-07-06 17:10:14,2017-07-07 20:11:22,2017-07-19 12:57:51,2017-08-01 00:00:00
07357a6641ec997dc95d17a571f9ce5f,8d9af6fd03ae64da4f7fb87e4f9fce2e,delivered,2018-03-25 11:51:37,2018-03-26 11:47:40,2018-03-27 18:26:44,2018-03-28 19:44:32,2018-04-06 00:00:00
03128233e78ed8ade6738f2043f4cf8d,da1c9a7e7fa9de1d48ecd6d6e027313e,delivered,2016-10-04 19:01:13,2016-10-06 15:43:49,2016-10-30 10:41:08,2016-10-31 17:06:03,2016-11-28 00:00:00
0a8488f892c3e8631099327c1ec55d08,ad6c5c2a07bf505e502472afc7fef28f,delivered,2018-06-29 19:49:07,2018-06-29 19:55:17,2018-07-04 07:38:00,2018-07-13 21:16:54,2018-08-02 00:00:00
0cae3fb9a90f5aeeb7b3770b88f77851,00da45766aa7d360508cf25434334a8d,delivered,2018-03-12 14:07:02,2018-03-12 14:15:48,2018-03-14 00:24:25,2018-04-14 01:41:52,2018-04-04 00:00:00
06eb87385425e5797a1a5c2cdb1b6559,3bf91fb0570071bd0857ff3d97461f71,delivered,2017-09-01 18:53:08,2017-09-13 22:10:37,2017-09-06 21:10:11,2017-09-15 18:53:50,2017-09-26 00:00:00
0a7ef385ee9080d0edef043521ec3114,70dbdadd7050b13d4b0e0838fd5388b6,delivered,2018-08-05 19:18:46,2018-08-05 19:30:14,2018-08-06 11:05:00,2018-08-16 23:12:32,2018-08-23 00:00:00
0176d7e16d1bd14cde42d9d3a24e525b,65d964c098f8db89e1a8a07af1e96d21,delivered,2017-08-15 20:57:47,2017-08-15 22:55:19,2017-08-17 16:25:40,2017-08-24 18:24:05,2017-09-06 00:00:00
073632ef894dcb45601e326b8d97cd11,5d241427165ce1fe53a31686710fd6c2,delivered,2018-06-16 23:28:34,2018-06-16 23:55:04,2018-06-18 12:12:00,2018-06-22 22:38:33,2018-07-16 00:00:00
097c2a2e5ea719c510238bad5d902cef,09ac864dd74dde088017581dc9353ac9,delivered,2018-02-09 14:48:12,2018-02-15 03:50:53,2018-02-15 19:53:31,2018-04-02 20:58:46,2018-03-09 00:00:00
0aeae2c3fa49561fa9d2147d8f99d7c2,537e5a56d07faec92aafd41965e7733c,delivered,2017-06-29 08:54:59,2017-06-29 09:05:17,2017-06-29 12:42:57,2017-07-18 17:03:49,2017-08-01 00:00:00
05aacaaec38544ee11d42a69bc098d4b,f197e640b7b1d41432cb8d8981d8a763,delivered,2017-02-26 16:03:49,2017-02-26 16:22:10,2017-03-01 15:53:37,2017-03-17 11:42:55,2017-03-24 00:00:00
076ae5516316ecf9f17dc3cc78437eac,b4f336ced5b1329e0220ff0dbe7d30d9,delivered,2018-02-15 19:28:04,2018-02-15 19:46:15,2018-02-17 00:10:31,2018-03-02 23:58:53,2018-03-13 00:00:00
08b7104ed7002c5ada9a6751b7a464da,25f825beab636b1d492d0cfbb87af0aa,delivered,2018-03-20 17:25:54,2018-03-20 17:50:35,2018-03-21 21:44:38,2018-03-24 17:42:07,2018-04-02 00:00:00
09143df8420b4ae4770ea14dc443b487,4562268df1a2d2ac226562d1af92ed2d,delivered,2018-04-05 09:58:33,2018-04-06 03:28:29,2018-04-10 23:48:33,2018-04-11 16:32:52,2018-04-17 00:00:00
07c81434b5f46c9c3eacd48e60d50747,2a2a743c28a4ee5b08af934d5a1461a6,delivered,2018-05-09 13:23:16,2018-05-10 02:57:21,2018-05-11 15:13:00,2018-05-16 23:04:10,2018-06-01 00:00:00
06be68018b6226b425f2a633f053b282,4045caa812fa51b7ccdfa20437d66c10,delivered,2018-01-14 10:14:35,2018-01-14 10:29:48,2018-01-15 22:43:00,2018-01-31 15:04:08,2018-02-09 00:00:00
089842dfdfa1f3826df7d96896c49653,efa6cb1d947d612aa6e8e0b2068de9cf,delivered,2017-12-12 13:21:01,2017-12-12 13:30:10,2017-12-13 19:32:56,2017-12-20 23:12:04,2018-01-08 00:00:00
07a75ef36022ad882d61416543b23c54,d79b1235f2ab79150ac8dc5f33d3a814,delivered,2018-05-15 15:06:32,2018-05-16 03:15:06,2018-05-17 12:43:00,2018-05-22 13:04:14,2018-06-04 00:00:00
07d08b17b3bcb01de09f8306ee0c32ca,6c1dfcf79167f6eaa51ee9740c7229bb,delivered,2018-03-17 18:48:10,2018-03-20 03:10:37,2018-03-21 18:51:44,2018-04-05 17:56:33,2018-04-09 00:00:00
047250e11ece4201a2083bc3b62866bf,c3d50bc4ad064591467c0b454d018a14,delivered,2018-08-11 16:41:43,2018-08-11 16:55:32,2018-08-17 15:54:00,2018-08-20 22:02:54,2018-08-28 00:00:00
00d85bfe0e28c91b69d0fe1f29255a31,3441b9aa98014569ee95cbff82a03abb,delivered,2018-05-09 10:52:37,2018-05-11 03:37:28,2018-05-11 14:00:00,2018-05-16 12:08:33,2018-05-30 00:00:00
0830fb3429c4807bd185a32fe5241b8a,2e5a6dab193ae7e25a8fffde134d7035,delivered,2017-12-12 20:21:26,2017-12-12 20:32:27,2017-12-13 18:18:59,2017-12-30 09:37:18,2017-12-29 00:00:00
0ab72bab67e4b9af0dfc369356d70202,3b408c6d257435c14b05234d711d37c5,delivered,2017-06-04 14:44:30,2017-06-06 13:35:47,2017-06-07 12:40:53,2017-06-08 15:13:38,2017-06-20 00:00:00
04a5e3a44cf4310b56f1a18f38f103e6,bcae9ddbea097677bef7b6857d0afb1a,delivered,2018-01-19 03:33:15,2018-01-20 09:09:15,2018-01-22 19:38:34,2018-02-01 15:55:39,2018-02-09 00:00:00
033729e95819665323119db0291d0f0c,67e656bad90cf1cff3eb60db78ba3da6,delivered,2017-05-12 05:28:46,2017-05-12 05:42:21,2017-05-26 14:36:45,2017-05-30 11:37:04,2017-05-30 00:00:00
0710ec94ade6724b0816df78ee4e689f,061435b8938e25375c2bcf58dff7745b,delivered,2018-06-28 08:56:40,2018-06-28 09:10:27,2018-06-28 14:16:00,2018-06-29 12:21:24,2018-07-20 00:00:00
0bd92af478239fae08847d13e9fd8617,4d4f9c5434e6be54599e84421b48e384,delivered,2018-04-19 09:31:18,2018-04-19 09:52:37,2018-04-19 21:52:43,2018-04-25 21:07:32,2018-05-14 00:00:00
08b74b3a8bd41e7de2ac99b200eec62d,e32daa14dfa90eff675034dc7d462cf3,delivered,2018-05-09 13:48:11,2018-05-09 14:15:01,2018-05-10 13:29:00,2018-06-09 16:03:26,2018-05-28 00:00:00
0b1e77ab8db5ec5c6af5514bcdf20240,d352299ea54f781314939010d505a9af,delivered,2018-02-12 17:58:36,2018-02-16 07:55:56,2018-02-21 22:22:04,2018-02-23 17:35:35,2018-02-26 00:00:00
013bc5ce14f856d31efc8bebdc3a278f,f8fc70c22831cb93f1bf7f8eefa19765,delivered,2017-02-06 19:12:50,2017-02-06 19:25:19,2017-02-10 14:04:06,2017-02-14 09:07:36,2017-03-13 00:00:00
02c8bbea821df770f3665094a0ecfc1c,9886df160a00026b2dd8aa8eb64a2f16,delivered,2017-10-01 12:32:04,2017-10-03 04:07:39,2017-10-04 19:34:13,2017-10-09 15:59:19,2017-10-24 00:00:00
0c489872e351bedd37f08d3d940806d3,249a282dec8f999f2d4180923c165803,delivered,2017-05-28 20:55:02,2017-05-28 21:05:14,2017-05-29 09:51:59,2017-05-31 07:03:58,2017-06-26 00:00:00
018778568fad26695334c784563c08d4,223961a1714e148c0c249487eeac351c,delivered,2017-10-15 13:21:57,2017-10-15 13:35:20,2017-10-16 19:07:32,2017-10-24 19:33:55,2017-11-03 00:00:00
00324b3eda39ba5ecce3945823e3594c,cbde8134b8a718381d08167dfc58ec8c,delivered,2018-04-10 01:14:18,2018-04-11 09:12:11,2018-04-16 19:30:42,2018-05-03 20:29:24,2018-04-30 00:00:00
002c9def9c9b951b1bec6d50753c9891,06cf02bf583b05fd91bc8eec0f1b4c3f,delivered,2018-05-14 16:57:47,2018-05-15 17:37:51,2018-05-17 13:27:00,2018-05-18 14:37:38,2018-05-25 00:00:00
00254baeb6c932b0a8aeead91fbd02b5,ce0421a97232c2a1194cdb66cd3ebb9d,delivered,2018-05-08 21:45:54,2018-05-08 22:14:46,2018-05-09 13:51:00,2018-05-30 19:38:36,2018-06-05 00:00:00
09a83ffe176e7f00f3b93584ee9fb07c,dd7ac74cff12b8539e9c6d3e641d4542,delivered,2018-04-03 17:07:28,2018-04-03 17:28:54,2018-04-04 20:34:57,2018-04-17 03:03:41,2018-04-25 00:00:00
0bdba50744ca6b6e2c44940e00050e5f,7008f7f2a9a222280115cc2a4f2e5b34,delivered,2018-05-15 11:39:10,2018-05-16 17:57:45,2018-05-17 14:43:00,2018-05-22 17:46:19,2018-05-30 00:00:00
0846185a9dfd578106358936887eb8a5,2072fec3b5c685b0c11a2aadbed58072,delivered,2018-01-02 12:29:58,2018-01-02 12:37:28,2018-01-03 18:14:10,2018-01-10 01:52:01,2018-02-05 00:00:00
00bd50cdd31bd22e9081e6e2d5b3577b,1e47b918581b562a9d8d9f85fcb9b1e5,delivered,2018-01-14 22:31:54,2018-01-15 09:56:33,2018-01-15 19:43:56,2018-01-22 16:03:40,2018-01-30 00:00:00
045eff272f42f0ae0191149686f193e1,9e2ae0d82b9057c99ad147658cd4e336,delivered,2018-04-23 09:07:47,2018-04-24 17:13:48,2018-04-23 23:56:47,2018-04-26 15:41:05,2018-05-10 00:00:00
07ca60831e2821d9443f1a0dccecf9ca,b1ea2dbdd918e521d2337bb77fb335a7,delivered,2017-08-13 12:48:09,2017-08-13 13:11:29,2017-08-14 16:12:42,2017-08-18 20:23:22,2017-09-05 00:00:00
0476f6eca64ad7ce1bef51f7308871bd,aa3e453b2894cbdf8e6c99570abc2b37,delivered,2017-03-27 10:50:53,2017-03-27 11:02:17,2017-03-30 13:13:24,2017-04-03 13:45:38,2017-04-19 00:00:00
0c2766159bd610cb7f38a657ebb28e39,ab4606afb44526c3a33ce2b9c4571b64,delivered,2018-05-09 08:06:13,2018-05-09 08:31:00,2018-05-09 11:00:00,2018-05-15 18:15:06,2018-05-28 00:00:00
0ba01684638233b0955369c3ccbdb414,9e342e03f8a735e0d724a3715c64e565,delivered,2017-12-12 19:43:09,2017-12-14 02:12:32,2017-12-15 17:52:40,2018-01-05 20:28:41,2018-01-16 00:00:00
0c3edd1850a593f62fea844191a4424c,b0f003ed46ad45423d4e117c617f8854,delivered,2017-12-08 12:44:05,2017-12-09 02:49:46,2017-12-15 19:53:54,2018-01-03 13:23:16,2018-01-22 00:00:00
04af63a78c7e84943b8377fe1b7871aa,cc2799fcab7375793ea883dbed8a3141,delivered,2018-03-28 10:37:40,2018-03-28 10:50:16,2018-03-29 23:54:35,2018-04-17 00:44:29,2018-04-23 00:00:00
056ab23f23c13e810d9ab8cbf9fd477d,e92123d0ebc71e37e389e112544064bd,delivered,2017-10-18 13:54:02,2017-10-18 14:14:21,2017-10-20 17:53:57,2017-10-24 21:46:14,2017-11-06 00:00:00
07b1682544dc5cbc0eb87fb56e1374b5,d8a0e0a95a125e99270837c560431d9d,delivered,2018-08-09 23:44:30,2018-08-09 23:55:13,2018-08-13 10:56:00,2018-08-17 19:58:31,2018-08-20 00:00:00
00ec95a58b63378d4cc06d196cdefdf6,db524d69694d9b945d58f4dad03d914e,delivered,2017-12-24 14:17:08,2017-12-24 14:28:25,2017-12-26 21:47:45,2018-01-03 16:50:27,2018-01-19 00:00:00
09af99436ca3dc8d1de0f26ce6857112,7468faf86269782bb3b6c30713954d28,delivered,2017-08-12 08:39:16,2017-08-15 03:30:24,2017-08-24 19:56:47,2017-09-02 14:24:04,2017-09-18 00:00:00
069b0c9fca582b429e998f512a4c898f,7dd6f8c3cae6fc87760b95313f7d8077,delivered,2017-11-29 14:47:08,2017-11-29 14:58:51,2017-12-05 22:58:50,2018-01-04 13:56:13,2017-12-27 00:00:00
02542d42d329f6514533eef3af91edf9,84171de389927066b2f82ff038e94cb7,delivered,2017-11-07 19:32:45,2017-11-07 19:51:15,2017-11-09 23:37:40,2017-11-16 22:18:38,2017-11-27 00:00:00
0b48910785067fb42fce896aaaf7ce81,4c5aad2fced1c04f3d972de3e17e7e87,delivered,2018-02-28 02:01:39,2018-02-28 02:40:22,2018-03-01 01:19:32,2018-03-06 20:13:00,2018-03-19 00:00:00
02a54d22a5cd81b89c0a40bf9a75d9a4,b17fac8443f1de9cc84df6d153550260,delivered,2018-03-20 14:19:47,2018-03-20 14:35:39,2018-03-27 04:28:43,2018-03-27 21:59:00,2018-04-02 00:00:00
05b7ab671d6b51e0b44ea73a54d9f739,6645b9283b1f5f504d00cce41870864f,delivered,2018-01-21 19:06:42,2018-01-22 18:58:22,2018-01-24 00:52:37,2018-02-21 21:26:48,2018-02-16 00:00:00
0581cc006c5d0b4351b5435336828add,46fe2c3e3a512f1d45f193379522a24e,delivered,2017-07-01 14:37:02,2017-07-01 14:45:13,2017-07-04 14:32:15,2017-07-13 14:59:40,2017-07-31 00:00:00
04f87887045aa20403546af3facb8ad1,30fb3c74c4654ace204011068c8cf1cb,delivered,2018-07-20 16:19:47,2018-07-20 16:35:17,2018-07-24 14:35:00,2018-08-01 18:48:26,2018-08-15 00:00:00
07156fa55794dec196d72e6d8b07339a,8c21f1094ecde16bfb67f9226a37cf41,delivered,2018-08-18 13:32:36,2018-08-18 13:50:07,2018-08-23 17:18:00,2018-08-27 16:58:46,2018-08-27 00:00:00
0bf46c25ca29bae81f4632b02f593f1d,702cf392aa3400680e3f5849fb65f28f,delivered,2017-10-23 20:19:28,2017-10-23 20:28:29,2017-10-24 18:53:45,2017-10-27 18:09:16,2017-11-09 00:00:00
03681e41ebddb2ca0241b148a40773d0,6112ec2abfe626685bd8c15e3e188304,delivered,2017-10-23 10:48:50,2017-10-23 11:10:18,2017-10-24 21:18:54,2017-11-03 17:09:35,2017-11-09 00:00:00
0872d0faafe0cb56e6f2c594cca1522c,dd2f0d64271438f6ad3a75d2a930a4b5,delivered,2017-09-26 12:10:26,2017-09-26 12:28:17,2017-10-02 15:18:57,2017-10-06 21:34:13,2017-10-26 00:00:00
0c995611a99f81268d859184a416f1db,3f3aaaac1d9df140266ee77970735eaf,delivered,2017-01-26 00:20:22,2017-01-26 00:30:25,2017-01-27 14:55:56,2017-02-06 09:35:04,2017-04-11 00:00:00
026a69b8c98fbfc61de9050c41f1dd95,5441451c5c5d190466e7afbf2adc1c19,delivered,2018-03-08 09:24:33,2018-03-09 09:28:31,2018-03-10 05:16:40,2018-03-11 18:58:26,2018-03-20 00:00:00
07f83d154c11676890dc6275328ba6c1,97712f6bd218a7c7f252be5bb6e75f69,delivered,2018-06-17 20:51:05,2018-06-18 20:56:57,2018-06-19 13:50:00,2018-06-27 03:08:39,2018-07-17 00:00:00
0999a91ea28eb69b5120ccb4c90a1ff5,660bc90c1f3edac49bbbeda20afdfb59,delivered,2018-01-05 20:37:59,2018-01-08 20:31:01,2018-01-09 16:34:16,2018-01-16 16:28:12,2018-02-06 00:00:00
092dd56170a9fa63acf80b11ef09f095,b39772ec1d9fc1994b44e64ecbc1d13f,delivered,2018-08-21 22:02:04,2018-08-21 22:10:17,2018-08-22 14:06:00,2018-08-23 19:52:45,2018-08-28 00:00:00
0af07373c6e0f41a0660087bf63d7c64,3226925dceac15f5cc2ca251b64e1ef3,delivered,2018-08-02 16:52:35,2018-08-02 17:05:19,2018-08-03 13:56:00,2018-08-17 00:03:18,2018-08-15 00:00:00
045acee11e62afca7764429c5710dac9,0c443d05e8d9a031f5a2f4d8eeeb3fd1,delivered,2018-03-17 14:07:59,2018-03-17 14:28:35,2018-03-20 17:26:24,2018-04-11 17:44:54,2018-04-06 00:00:00
012f2c4ca09b101a73e18957c3294cd6,ddffe99936ec5bf99f1ea9ad22fde3eb,delivered,2017-05-07 22:23:30,2017-05-07 22:35:11,2017-05-10 12:40:10,2017-05-15 09:14:02,2017-05-31 00:00:00
0a38b7de941db65679a11a300f782703,77d28992bf7402c72a47860078040901,delivered,2018-02-06 14:25:14,2018-02-07 11:55:46,2018-02-20 18:13:07,2018-02-22 03:36:57,2018-02-22 00:00:00
06215d34c1ec4e1106eb12ae5fd0370f,92eca7f9b394bf80e4151f66a4bb0130,delivered,2017-03-06 14:16:20,2017-03-06 14:25:16,2017-03-10 13:28:53,2017-03-30 13:24:47,2017-03-27 00:00:00
0ce7fca4a24748ee4aa960872ab0bb1a,c02efbe53a1febd27cc6b0fb9544d81d,delivered,2018-04-15 00:20:56,2018-04-15 00:30:59,2018-04-24 18:56:28,2018-04-30 23:22:07,2018-05-17 00:00:00
003d804eef0e1b856881cd18e0cc0d4c,1c1bfb2cd4aa789067295941c42120ff,delivered,2017-11-17 19:43:10,2017-11-18 12:15:18,2017-11-21 22:38:54,2018-01-10 23:19:43,2017-12-18 00:00:00
02605c218285d02df75a255f13396f1e,b1416ec5bad2d6fed050cd451470e76a,delivered,2017-01-31 17:43:09,2017-01-31 17:55:11,2017-02-01 02:07:32,2017-02-14 12:47:51,2017-03-13 00:00:00
08783e3047d2cdfcccfcb9ee5b45772f,13b7ad9037c0906ddddf4671337aacfb,delivered,2018-03-02 19:38:26,2018-03-02 20:20:24,2018-03-06 17:16:45,2018-03-07 19:47:26,2018-03-20 00:00:00
056c24c33a180450cff18b5a17404725,a295e08ab5581bb236c059295c4e202d,delivered,2017-07-03 11:04:53,2017-07-03 11:23:40,2017-07-05 16:42:17,2017-07-17 17:22:40,2017-07-25 00:00:00
05c7d88e9c05e1fa1428f1ff2dcc29da,98661b627038780e9e655a56ebc23dc6,delivered,2016-10-07 02:41:42,2016-10-07 03:15:06,2016-10-30 13:18:00,2016-11-03 09:13:52,2016-11-29 00:00:00
05f54a9f4abf370b7c655d914159ab98,f3f93e06f8036714b1cd0fccdf2d059f,delivered,2018-04-01 22:38:07,2018-04-01 23:27:28,2018-04-04 19:36:42,2018-04-10 11:52:54,2018-04-19 00:00:00
0b34845fe9cff17643b298ed508ebb7f,aa58e9d75d589687cbb79699e5118e5e,delivered,2018-01-24 12:16:31,2018-01-25 02:58:46,2018-01-26 19:19:48,2018-02-01 20:17:51,2018-02-16 00:00:00
0955f133d0afa54f738fd6ac4c9bc83b,18ef6bc859ef973f95e9f70287e72a69,delivered,2017-12-26 19:56:58,2017-12-26 20:09:46,2017-12-28 17:27:28,2018-01-21 13:02:57,2018-01-31 00:00:00
08cdab6e94bb86120c0041ba5ce8697a,18ac7a8656ad6df90d87898357a8a85d,delivered,2017-10-02 11:22:04,2017-10-04 02:44:04,2017-10-04 20:52:31,2017-10-09 21:16:46,2017-10-31 00:00:00
059c2808fecc4ffa815a20bd7a12b3bb,4cbbcc881f9f996656c8842add4a140a,delivered,2018-06-27 21:36:55,2018-06-27 21:50:57,2018-07-04 14:50:00,2018-07-07 14:12:42,2018-07-24 00:00:00
0403bed7b44fb735b6af72505c57fdd3,1ae3d1ac4e9f72126d07ba9dff0c3762,delivered,2017-07-17 22:37:39,2017-07-19 04:32:55,2017-07-21 14:22:33,2017-07-26 20:57:28,2017-08-04 00:00:00
0576822a11b3068cce2e3c8551e4e327,d92a0146dec6700c8843c392da07a41e,delivered,2017-11-12 00:07:59,2017-11-12 00:30:46,2017-11-16 12:28:55,2017-11-27 20:28:44,2017-12-13 00:00:00
08eef0ee40e395cb547563fc31ab1bd7,25bd5231b15435eeeacc0ead2fe31ca7,delivered,2017-11-25 02:00:46,2017-11-25 04:14:32,2017-11-27 20:11:35,2017-12-19 19:48:41,2017-12-20 00:00:00
03b70c61372aebf257ccfacc6ca0aa58,c7f0689bb795288d7a8b5f7461de4250,delivered,2018-05-13 15:50:44,2018-05-13 16:13:47,2018-05-14 15:18:00,2018-05-15 22:03:06,2018-05-28 00:00:00
00664284de7a3470d22931ed78615ee4,cc0f43bd4e0f3ed1a2165365d26029ae,delivered,2017-09-24 13:12:59,2017-09-24 13:30:11,2017-09-25 14:53:50,2017-10-03 22:12:06,2017-10-17 00:00:00
0a57fdd1a42f86bd170a4623ca76676c,4554f6ad966ed603236a802f8edf11fa,delivered,2018-06-08 19:35:03,2018-06-09 19:38:36,2018-06-12 13:26:00,2018-06-13 20:47:49,2018-06-29 00:00:00
08cc8c614786867bb0a845cd117d349b,79c153310ee3cfd3c2a760c9798b179a,shipped,2017-08-30 21:00:01,2017-09-02 13:50:15,2017-09-07 00:04:29,,2017-09-21 00:00:00
088cbb32185a7be453138d87370d1fea,fec0ee5582ea1ee913428817f09e8883,delivered,2018-05-08 21:50:22,2018-05-08 22:14:35,2018-05-09 14:59:00,2018-05-14 22:56:29,2018-06-08 00:00:00
0c1fd2870ed16e1af74abd3df9833cfc,07dc183e2382a6855b6dba9f7b5a66b1,delivered,2018-03-08 09:27:28,2018-03-09 02:15:35,2018-03-14 01:03:25,2018-03-16 19:44:56,2018-03-26 00:00:00
0691840826e5dce3ddfb305ab26bcfab,c4df73f215e54692735130c2e738c177,delivered,2017-03-10 17:55:31,2017-03-10 17:55:31,2017-03-18 07:23:58,2017-03-21 12:47:55,2017-04-12 00:00:00
084420ecc28fd09f04b4d0c5fa9929e1,90ba3da08cd3de66690ac220e19e6cc3,delivered,2017-05-23 13:53:50,2017-05-23 14:03:21,2017-05-24 09:03:21,2017-06-08 14:03:12,2017-06-23 00:00:00
0830f0655920234ddca71663beb629cb,f2b116ce59897374113843d3aeb83296,delivered,2018-05-23 11:23:55,2018-05-23 12:14:50,2018-05-26 08:33:00,2018-06-08 20:13:49,2018-06-21 00:00:00
0646e0e4885dd8c69dddd6b2742b3b1b,c1f4934a2867529428088c9305287625,delivered,2018-02-07 14:58:06,2018-02-07 15:11:18,2018-02-08 23:22:02,2018-02-21 16:28:55,2018-03-13 00:00:00
04e86e883a36a0775ecb4f34f581770d,5d1fb3630f0ac05b294ead6d1537be4b,delivered,2018-08-20 14:38:47,2018-08-20 16:30:34,2018-08-21 15:12:00,2018-08-28 13:41:56,2018-09-05 00:00:00
026a8d09914c519feb34944477b6bd41,47a9d5ffbfeea9fd0290d4c461d7a169,delivered,2017-08-27 12:57:14,2017-08-27 13:05:13,2017-08-28 18:56:06,2017-09-09 14:03:10,2017-10-04 00:00:00
0855f6a946e8c4bef27d0ac24e524554,c45b721a4fe80b289c98bab24a42c7be,delivered,2018-02-25 16:48:27,2018-02-25 17:20:28,2018-02-27 15:51:46,2018-05-02 22:06:59,2018-03-22 00:00:00
07c7fa36b89dfaf7267abe05818b2322,1dd0b0f0f377a25ba431324492636237,delivered,2017-05-27 09:09:36,2017-05-30 05:02:37,2017-05-31 12:46:35,2017-06-07 16:32:43,2017-06-20 00:00:00
09f52f8bf94d5676c277ef72ec077c75,d5423abe53211c09b861749714edf109,delivered,2017-08-10 12:51:21,2017-08-11 04:15:35,2017-08-15 20:48:45,2017-08-24 20:45:33,2017-09-19 00:00:00
096577992f6aef252ccc5ae7da09be09,a42447b983a2d2bcb002ec960a183f75,delivered,2018-01-06 11:33:27,2018-01-09 07:19:59,2018-01-15 19:48:04,2018-01-27 16:22:34,2018-01-31 00:00:00
054d2d649e0904dbf1f19399094f2826,487a1ff2c6a61d9df9dcd8a94c3914c2,delivered,2018-01-10 15:54:50,2018-01-10 16:10:08,2018-01-11 18:39:53,2018-01-17 22:21:38,2018-02-05 00:00:00
00a379dfab816a83741012b71b264098,5e3b89299a7d6e3e10f9bc6e77923f88,delivered,2018-08-03 19:50:50,2018-08-03 20:04:20,2018-08-09 13:32:00,2018-08-10 18:18:35,2018-08-08 00:00:00
072e34b42ad90d7472e9a798f19a6bdb,f246a20a11694afad71d2d9be547fbb8,delivered,2017-01-31 16:13:48,2017-01-31 16:25:15,2017-02-01 15:59:52,2017-02-10 17:56:13,2017-03-09 00:00:00
0bf673675c563f37ba07ff5f1210e771,5709985b6b8934c5e58d49d8b54ddaca,delivered,2017-12-26 10:46:23,2017-12-26 10:55:18,2017-12-27 20:58:42,2017-12-30 13:03:52,2018-01-24 00:00:00
07a78584049fe9dca82ae7bf5717d8b9,9a8431f585de8fb3e3dd4de9d7205885,delivered,2018-08-02 14:24:50,2018-08-02 15:00:08,2018-08-06 16:48:00,2018-08-08 19:24:39,2018-08-07 00:00:00
06f40352396b73ac65b6a2059d70441c,521593e76eab8070e2cb4c1a090f7c5a,delivered,2018-02-12 17:21:08,2018-02-12 17:30:26,2018-02-16 20:52:19,2018-02-22 15:09:01,2018-03-09 00:00:00
0c9999fe81fb2cb90e1f0456c15759e2,b3fac4767464b4cd4308f7178d3d0760,delivered,2017-09-20 15:50:56,2017-09-20 16:05:40,2017-09-21 18:22:18,2017-09-25 20:28:28,2017-10-05 00:00:00
0122e81ff800460e44bb9c983ff2a2fd,3b16d7fa7eb80db40124dc1748faae1c,delivered,2018-03-16 11:58:58,2018-03-17 02:50:49,2018-03-19 22:32:03,2018-03-28 16:48:49,2018-04-05 00:00:00
0a9fc736e210f495e2023d3a9e10319a,b7af91e583caf05ac071ad39e1d86700,delivered,2017-11-27 18:39:50,2017-11-27 19:12:02,2017-11-29 23:29:12,2017-12-05 16:49:49,2017-12-14 00:00:00
0cc4679e0f3d7eb6a1e80d864e9a62c9,4fb7af6814466893de614d219265d0af,delivered,2018-03-28 09:43:05,2018-03-28 09:55:21,2018-03-28 20:51:19,2018-04-17 15:12:32,2018-04-23 00:00:00
0b8c19c0cc7dce8d3706d6f67008d18a,1b2930f7c6cbbabfab9c4842b78b84ee,delivered,2018-06-30 10:50:35,2018-06-30 11:09:58,2018-07-02 12:17:00,2018-07-03 21:18:56,2018-07-16 00:00:00
068d0d74dbf3b124a2b65bb2aad2387a,28c8cd18a3ff842d291c265fd0972698,delivered,2017-08-10 12:36:54,2017-08-12 02:55:52,2017-08-17 20:37:23,2017-08-28 16:56:02,2017-09-01 00:00:00
090e9f5faaeef6a858eb1663e67c0838,2ccf8938c99370e26a1a6e9717654be5,delivered,2017-02-04 16:31:24,2017-02-06 06:30:07,2017-02-07 09:56:11,2017-02-14 14:55:28,2017-03-01 00:00:00
01882618ede11253381513166b49429e,8f7ecb4570dccd8aeb216db7823da1de,delivered,2018-06-24 10:53:21,2018-06-24 11:58:10,2018-06-26 09:03:00,2018-06-29 14:16:53,2018-07-23 00:00:00
070f532c26f2505352210937089dfc79,eab17ddda36cb27ac825d56bcd269a0f,delivered,2017-09-14 07:12:52,2017-09-14 07:25:28,2017-09-14 17:34:34,2017-09-20 19:02:41,2017-10-13 00:00:00
02f751c4c2fc8ca376b65c8847b65f4d,4885fcba25b353494b21f5c6635adb34,delivered,2018-06-16 09:42:35,2018-06-16 09:59:44,2018-06-18 14:11:00,2018-06-20 20:03:34,2018-07-05 00:00:00
012670c73246a753cbde0a215c2b9e8f,bfd798b55813a211343f1612ecc25b17,delivered,2018-03-02 19:01:27,2018-03-02 19:15:26,2018-03-05 21:14:21,2018-04-12 20:54:40,2018-04-04 00:00:00
0a8c95289dc386957c00a84dcc054d5e,a67bd626be8c12cfdf6ef7bd9bb92384,delivered,2018-01-15 15:27:11,2018-01-16 08:09:50,2018-01-18 13:06:31,2018-01-25 20:49:05,2018-02-07 00:00:00
03b2144a8822e91cc05da7907f21ea1f,b99655875e88535e49976ea21cb258a1,delivered,2017-12-17 16:37:32,2017-12-17 17:34:32,2017-12-18 23:03:58,2017-12-22 20:42:08,2018-01-19 00:00:00
058c781acedf69d42ac38a568ca97b05,5f20182d4742c105de1967ae7154043c,processing,2018-05-05 21:03:55,2018-05-05 21:33:03,,,2018-05-28 00:00:00
08659a24c131a7a894f45544a4ab4751,bae1a0b2aadd71117e8541c15d38e2ef,delivered,2018-02-16 19:32:22,2018-02-17 19:26:52,2018-02-20 15:13:47,2018-03-12 22:56:40,2018-03-15 00:00:00
0b5cd7d1cb05a215bfb3aafadaab5a1c,0e9c4e44b69e8121a012447298f5e71a,delivered,2017-02-22 18:56:05,2017-02-22 19:10:13,2017-02-23 22:34:51,2017-03-10 07:27:38,2017-04-04 00:00:00
01d48ed99667ce49eaeaa7980a31b987,2e704319d4930866cfa99a7508fe0351,delivered,2018-03-08 09:31:11,2018-03-08 09:48:57,2018-03-09 00:10:31,2018-04-10 23:11:49,2018-03-27 00:00:00
090cb921c3319702919eabe80bc9f5ff,2947b1f5493e916b287414dc93e1e6b0,delivered,2017-04-19 12:38:31,2017-04-20 02:45:35,2017-05-04 14:22:15,2017-05-23 14:26:32,2017-05-12 00:00:00
01a0013ddc7cd129e350e8671b56a263,800631fef0a782c3a8efe7d8071df64a,delivered,2017-03-23 19:47:34,2017-03-23 20:02:41,2017-03-24 18:42:18,2017-04-12 10:33:22,2017-04-25 00:00:00
0a40305560dea2cdc17c6661f222375d,29d09d8e6cb24d45ca8fa79a3f0420f5,delivered,2018-04-28 13:55:54,2018-04-28 14:14:08,2018-05-02 13:36:00,2018-05-09 15:18:54,2018-05-25 00:00:00
07e68b7ed834c392f26a154d8997115b,34c44f5198dacba9936078212bca4b61,delivered,2018-08-04 09:56:18,2018-08-04 10:10:17,2018-08-06 12:24:00,2018-08-10 16:04:40,2018-08-20 00:00:00
007beb35f98c075747e6fc4fd1c0cb73,e5c49220ea97eddff8b1fbb594913a43,delivered,2017-09-23 08:32:53,2017-09-23 08:50:17,2017-09-26 16:43:03,2017-10-04 15:32:47,2017-10-20 00:00:00
02f886b28af7079755677a544bc54fda,b6354a784b22dad8e36b59fb230baedb,delivered,2017-11-08 00:38:50,2017-11-09 05:31:39,2017-11-10 20:18:55,2017-11-21 15:28:36,2017-11-22 00:00:00
079f35f555387ba548cf2a98cca8c43e,65ff7614e2268f51f715eb6fc1d899b7,delivered,2018-04-13 01:07:11,2018-04-13 12:50:30,2018-04-17 20:03:02,2018-04-26 04:20:37,2018-05-04 00:00:00
01235dc626dcf13283207ba7f36a959a,f418fa622ecaa0dc1bc8524446faf6fd,delivered,2018-07-24 09:57:43,2018-07-25 02:50:16,2018-08-03 14:14:00,2018-08-06 14:57:42,2018-08-09 00:00:00
06556f76bd21201c0deb015022757aa8,fb10dfd11e28e35c964ac8ba36c7690d,delivered,2018-02-01 21:17:50,2018-02-01 21:32:20,2018-02-02 18:46:47,2018-02-19 18:42:58,2018-03-09 00:00:00
0cd445b0eedab80706bb88ed32325d08,c8fd8ff6d1ad23474b5944bb65a13d37,delivered,2017-07-08 22:01:09,2017-07-08 22:10:13,2017-07-11 10:35:25,2017-07-28 18:04:22,2017-08-03 00:00:00
08d820f39b00e575ea55d845ac9a13c2,0f27adc68b946466a1670bb2e30a2c7c,delivered,2018-08-18 13:27:21,2018-08-18 13:50:03,2018-08-20 12:18:00,2018-08-21 17:39:28,2018-08-24 00:00:00
086986d3fe34c0417a41f76b14114fec,0ba1ff31fe01eb904f59628c2e2fbbc7,delivered,2018-08-04 21:48:53,2018-08-04 22:04:19,2018-08-06 08:43:00,2018-08-07 20:18:45,2018-08-13 00:00:00
0bae1ef5e585b8bb8d250d4a75736bf6,8b2cfc7e3b8fe0472330ccdd448c902f,delivered,2017-07-04 21:57:51,2017-07-05 17:38:28,2017-07-06 15:23:32,2017-07-17 17:59:29,2017-07-17 00:00:00
020347f6d056bb4209b3ee4711d25f1a,6ceae544a7b14267290dbaa361e511fb,delivered,2018-07-24 16:36:59,2018-07-26 03:15:18,2018-07-26 14:01:00,2018-08-06 12:36:47,2018-08-16 00:00:00
06a55b1772ae6b58d1483030c97629ae,4814047063552c6302028eb70534a289,delivered,2018-03-02 18:09:49,2018-03-03 02:50:39,2018-03-07 23:09:19,2018-03-13 23:03:33,2018-03-22 00:00:00
039681a3b797611f717a3232e87f60ef,b7bc51bbad15f6c8242cb08a9dceeb15,delivered,2017-12-01 09:10:28,2017-12-01 11:31:08,2017-12-01 17:48:57,2017-12-13 14:47:35,2017-12-28 00:00:00
020e6f6dee3bdcf543b857eb97373956,fd2f069f330e8205fb45a29fb37ec0ee,delivered,2018-05-05 10:39:11,2018-05-05 10:55:26,2018-05-09 12:15:00,2018-05-11 01:16:36,2018-06-13 00:00:00
01e1617e546dc1fd372e089ab515ae34,3e7394d8b265e9ff64b31f047cc71fd9,delivered,2017-09-17 19:15:28,2017-09-17 19:25:12,2017-09-19 19:25:14,2017-09-27 18:56:34,2017-10-06 00:00:00
021d0261c214591da7db51193c9aeb29,af9e6b10595811f8cfa732c179697ac4,delivered,2017-09-20 05:02:16,2017-09-20 05:15:07,2017-09-20 21:20:11,2017-09-21 16:18:28,2017-10-02 00:00:00
0093cbf16a6afb7f0ab7cc821b6f9e92,dce4e5a6bad0519b5c92cd5c4bc880d5,delivered,2017-11-11 13:05:52,2017-11-11 13:26:57,2017-11-16 20:27:16,2017-11-25 14:46:58,2017-12-08 00:00:00
05608987284e4c496bec56c52fdb0a6c,8f5af572009e7490315259d1da83eb09,delivered,2017-03-15 20:21:03,2017-03-15 20:21:03,2017-03-16 15:32:58,2017-03-30 17:33:24,2017-04-12 00:00:00
059a13b49c0fb6d21e423fad48ad1c44,0d50229d0a7136cf545013bb7ec32f1c,delivered,2017-03-03 11:55:51,2017-03-03 12:10:44,2017-03-06 08:57:04,2017-03-16 10:37:34,2017-03-28 00:00:00
01db310c16db46c62c3d4e0857990f32,cd042ac503b01b08c0c1e582bb978154,delivered,2017-02-13 16:22:39,2017-02-15 02:43:18,2017-02-21 08:34:01,2017-03-13 11:14:13,2017-03-29 00:00:00
0a275b76a325d0ea648f62a087597d85,ba41199b46562b87c3d00a2f85bdf386,delivered,2017-08-03 19:02:29,2017-08-03 19:15:20,2017-08-11 18:47:55,2017-08-15 15:23:42,2017-08-30 00:00:00
0c5f4de2e1c08a6da891feaafcf35d1e,400bdea7f3cee3d1d54dda43b762d369,delivered,2018-05-09 18:58:23,2018-05-09 20:55:37,2018-05-10 12:01:00,2018-06-11 17:23:01,2018-06-05 00:00:00
01405161cfdf60dd80df1f393a2796d5,50a5ce7e867f2fabc3eb4703dfb432df,delivered,2018-08-09 21:16:21,2018-08-09 21:30:14,2018-08-13 10:05:00,2018-08-20 12:19:03,2018-08-24 00:00:00
082a40b17edc8dee91ba95b20b555815,c8669d1d4882bec78d15af179426f1c1,delivered,2017-10-07 21:50:31,2017-10-09 19:14:37,2017-10-10 15:57:59,2017-10-19 19:25:08,2017-11-13 00:00:00
0c01eb5638db2110eb5a7d1c0581aa09,dd311e90965698c65649b0ee6793432d,delivered,2017-11-25 13:12:30,2017-11-25 13:33:58,2017-11-27 20:14:47,2017-11-29 20:22:06,2017-12-11 00:00:00
022f80b8a6f58b11018082b505f15c38,e55ddd4fde4608bc77a6494772b5bd3b,delivered,2018-08-22 14:40:48,2018-08-22 14:55:15,2018-08-24 09:56:00,2018-08-29 22:48:43,2018-09-10 00:00:00
086d49a75db554056a171c0c706a7e18,a82b9b34045d89be1440c237620e3261,delivered,2017-11-06 15:04:33,2017-11-08 03:46:07,2017-11-16 10:21:23,2017-11-17 14:51:32,2017-11-23 00:00:00
07d731b81475104eea3237055f7c0c39,49af477f51eb0910db1d2c9cf8301ea5,delivered,2017-11-26 12:03:44,2017-11-28 03:31:27,2017-12-01 21:56:41,2018-01-03 21:56:50,2017-12-19 00:00:00
0807e3831ca17d1d980903674c61d019,0e24c21be3703d83ec0cccc0a4128d03,delivered,2018-05-30 19:55:32,2018-05-30 20:14:37,2018-06-07 14:50:00,2018-06-08 17:36:38,2018-06-25 00:00:00
08e5962f7b156426e52078f8504e9b9e,5a4b54cb9d4df46629f60281d0d001ef,delivered,2017-06-02 17:12:42,2017-06-02 17:25:07,2017-06-03 08:03:06,2017-06-17 10:12:17,2017-06-30 00:00:00
0072847849eafe70995fa51a714c81ac,727dc68f327d34b77009f5d3da5250d9,delivered,2018-05-14 13:44:52,2018-05-15 04:52:44,2018-05-17 10:45:00,2018-05-22 22:23:37,2018-05-29 00:00:00
0c2bc0e5935dcca29a9e0cc2e5236a13,b6615ef3680b677d2459723631d7cd3c,canceled,2017-11-09 12:11:56,2017-11-09 12:31:22,,,2017-12-01 00:00:00
02014f2495eef0e869616829d481d743,f0d62fcceaafaea74a143d7fce54f1f4,delivered,2018-08-22 10:53:16,2018-08-22 11:05:25,2018-08-22 14:44:00,2018-08-27 18:02:08,2018-09-04 00:00:00
0cd19e832fefb17664d1a294b90ad192,7fb9bf1fbf9d6a97da563a1ee652e7bd,delivered,2017-11-16 12:33:22,2017-11-16 14:27:05,2017-11-20 18:47:49,2017-11-27 14:39:39,2017-12-06 00:00:00
0a1008edde05c441150b3142521df760,e8430195f2db14c574e72de0d1d7c735,delivered,2017-09-22 15:06:29,2017-09-22 15:15:20,2017-09-26 12:29:07,2017-10-05 18:25:35,2017-10-19 00:00:00
02bd584dedf7373cb07b6540cadf9a76,e20a0968702ce304cc5f98ad6094ee18,delivered,2018-08-04 21:43:05,2018-08-04 21:50:14,2018-08-08 14:37:00,2018-08-14 17:12:08,2018-08-28 00:00:00
0beb6d45320a3ecbd50c0b5fc7d8dccb,351ad5281a1ebe833af7f4fb1f203aa4,delivered,2018-05-06 14:25:11,2018-05-06 14:35:12,2018-05-07 14:17:00,2018-05-17 17:25:30,2018-06-12 00:00:00
05a5771b1afac9163e7cc298fc97263a,539c53212dac6304e4fa970272abe6e0,delivered,2018-02-23 19:49:40,2018-02-24 07:07:47,2018-02-27 17:24:17,2018-03-18 16:26:28,2018-03-15 00:00:00
0566f139f1d1dff8ebfb3b1233ef4dd0,15d17b993d1a4710e1d4b2718b2f1821,delivered,2017-10-16 12:55:19,2017-10-16 13:14:15,2017-10-16 20:34:07,2017-10-20 17:28:51,2017-11-09 00:00:00
0689012a897b2ac50b37994d77898bc8,c2676f47437c3ea66442e39a07605d77,processing,2017-03-08 10:44:37,2017-03-08 10:55:21,,,2017-04-05 00:00:00
009fa9bd0d92710e840793bfefa80867,ed19fa6ce948d52be769926c2baaa17c,delivered,2017-06-14 09:44:30,2017-06-17 03:50:11,2017-06-19 21:14:50,2017-07-08 17:26:30,2017-07-11 00:00:00
078c2d9bb7e5905e870838448db0d3b3,0a3459f8f647c54834ba504e02519cbf,delivered,2018-03-25 11:28:16,2018-03-25 11:47:34,2018-03-26 20:31:39,2018-03-28 15:48:52,2018-04-13 00:00:00
0501724b4f41a7c8ab490d4beacf4d07,6c7036cdcea7624d1a6060bb8a2c72ac,delivered,2017-11-13 17:14:17,2017-11-13 17:27:10,2017-11-14 14:39:14,2017-11-17 22:19:32,2017-12-01 00:00:00
0683ead91c16a3b8964141bd93ec4edd,714e373b4d8a9a18a7f5fdb022bafae6,delivered,2018-04-02 09:28:28,2018-04-02 09:48:29,2018-04-03 18:40:47,2018-04-04 19:51:54,2018-04-12 00:00:00
030c7ec55b04c23a239cd70bd9750e18,693183c6c2250fb4f5114820f86791a0,delivered,2017-05-15 21:29:38,2017-05-15 21:42:56,2017-05-18 05:34:54,2017-05-23 17:51:47,2017-06-02 00:00:00
07d60a76803db63f0ca6708011e8cf9b,58f28288856f391fd920e892adde9393,delivered,2018-04-13 13:45:45,2018-04-13 13:55:14,2018-04-17 22:08:49,2018-04-28 12:54:43,2018-05-03 00:00:00
05ca3bba2e4c3bc5c601b57af96cf3cf,b8cdbd2d79fb877b224b27ff548c297d,delivered,2017-01-27 14:24:28,2017-01-28 03:31:34,2017-01-30 08:34:54,2017-02-22 18:15:45,2017-03-29 00:00:00
0b127810f86631fa896fd74a421045f8,8324febfdc14e00556da88cb6d151901,delivered,2017-08-28 17:09:05,2017-08-28 17:25:02,2017-08-31 20:36:39,2017-09-05 18:23:22,2017-09-25 00:00:00
045797b656bf633566b0bcff412442a3,f8db74f90cb69ee798432c01baf38009,delivered,2017-11-29 11:27:38,2017-12-01 11:32:44,2017-12-02 16:35:35,2017-12-23 01:05:55,2017-12-22 00:00:00
082da800c206687336a039aa7269d303,ed18a0580d4fd2ca6fb30b5ecd58b5c0,delivered,2018-05-02 13:10:10,2018-05-02 14:42:51,2018-05-03 08:34:00,2018-05-08 12:58:28,2018-05-21 00:00:00
076a94fba0a6b3a82345423e9f1bd3dc,b1373bd6563737bf205587f4d78859cd,delivered,2018-02-14 17:28:57,2018-02-14 17:35:37,2018-02-15 22:53:32,2018-02-27 20:54:08,2018-03-27 00:00:00
05739db46faf3be7dfe1b0f0ec37689f,5a39602202cb2bb7fe86f395f7f25252,delivered,2018-02-22 13:18:58,2018-02-22 13:35:21,2018-02-26 09:53:06,2018-03-09 01:22:26,2018-03-19 00:00:00
055bef2dbc886956379d21a556e11ff9,c11d593808566de4220559b14b75be36,delivered,2018-01-10 11:40:26,2018-01-10 11:46:27,2018-01-31 19:05:33,2018-02-06 17:27:45,2018-01-31 00:00:00
09e7742cede3e38bad12bf8e4e015d6c,2440bd5050e5264f2759bbdcaaec1b5f,delivered,2018-08-01 22:52:54,2018-08-03 04:35:23,2018-08-06 12:24:00,2018-08-09 16:51:19,2018-08-17 00:00:00
00e4050fe32e786290a29c61141e979f,9732d83dd0a2e6aa4a1ff900eca36c81,delivered,2017-08-12 12:24:41,2017-08-12 12:35:22,2017-08-16 19:03:49,2017-08-24 20:29:57,2017-09-18 00:00:00
02b57854fda246aca8459d17f5ccbffa,6e09ac4a8bfc2f8b85c97ad3eeddb910,delivered,2017-09-28 13:18:59,2017-09-29 02:14:30,2017-10-05 18:41:33,2017-10-08 14:27:27,2017-10-16 00:00:00
066e583c1ef730d7f1685807bc618cf7,dfec7cb1347f76c3ce993ccde152e6f7,delivered,2017-05-28 08:42:18,2017-05-28 09:20:18,2017-05-29 12:55:49,2017-06-16 16:33:57,2017-06-29 00:00:00
0bb9de1ada893b1bb35472e2bc19cdd4,d0485f6114ffc58117a0f1086fd80af5,delivered,2017-07-25 14:53:37,2017-07-26 10:45:12,2017-07-26 18:15:43,2017-07-27 20:02:45,2017-08-14 00:00:00
00f33ee62c15223679d3550e751c37cd,2c499841f2c353053fd296844c4908f5,delivered,2017-11-25 16:17:29,2017-11-25 16:32:38,2017-11-30 15:25:13,2017-12-18 18:09:50,2017-12-18 00:00:00
0b40648d6c533ac73822cb32caf5cfa3,7010333c051d9116f2df834f27ed380f,delivered,2017-08-15 11:08:17,2017-08-15 11:35:11,2017-08-21 15:14:51,2017-09-14 20:17:02,2017-09-15 00:00:00
0655a10c9ee5cb0fa451edebb94102be,3727a3314490e397e94c7d276ba8aca8,delivered,2017-12-30 20:37:52,2017-12-30 20:49:21,2018-01-04 23:09:08,2018-01-08 22:36:39,2018-01-24 00:00:00
08f70652fecc748f3ab45ccaac355cb1,6fd906d0a040625ef90f40d64c601cb3,delivered,2017-10-09 22:08:45,2017-10-09 22:26:23,2017-10-11 13:37:36,2017-10-17 18:27:29,2017-11-06 00:00:00
0cf808a0c021f642770317ad30665b02,5722fd06493f8c727ba151a2e0bc40f7,delivered,2017-11-08 18:40:21,2017-11-10 03:06:58,2017-11-10 20:17:03,2017-11-17 19:53:34,2017-11-30 00:00:00
0b3d6a94ff1d643af663f55ca8418520,9abc3d571a784146d4f60c6a45ca1cee,delivered,2017-12-14 08:27:10,2017-12-14 08:35:29,2017-12-15 20:16:48,2018-01-05 16:09:20,2018-01-12 00:00:00
01c79ae32ef95b276907d99e83fe57e5,99e2b41b1cc2e2779110f22a874e0416,delivered,2017-05-24 20:08:23,2017-05-24 20:22:49,2017-05-25 09:27:11,2017-05-26 15:31:55,2017-06-13 00:00:00
0c7f49fc339a1aa66222dc4af4eeafd7,ea6197a226b1b7b0f681eb146cb70665,delivered,2017-07-04 09:35:30,2017-07-05 03:05:17,2017-07-05 14:14:28,2017-07-17 11:29:30,2017-07-26 00:00:00
027ae252d37e5527c2e109e268b222e2,059571e02973e94b854b30987635dcb1,delivered,2018-05-19 22:18:39,2018-05-20 22:18:42,2018-05-22 15:29:00,2018-06-04 19:26:41,2018-06-08 00:00:00
0af4a846cbf75b456c934b786d683618,7194be434cc4eb4eb1a7a44bb4e9e24d,delivered,2017-08-29 20:25:15,2017-08-31 02:44:40,2017-09-01 20:07:41,2017-09-11 20:11:24,2017-09-25 00:00:00
0626a1c665314a1d0bf29ab063d5af74,9c5147ae1632464089388bb16252ffd7,delivered,2018-06-06 10:58:21,2018-06-07 11:15:51,2018-06-08 14:25:00,2018-06-13 21:26:19,2018-07-12 00:00:00
0286dd0f954cb641dc3eb5db5e4467e6,f098b709bc90c53838898e66da197e4a,delivered,2017-12-09 09:40:48,2017-12-12 04:09:22,2017-12-13 19:47:59,2017-12-21 21:16:58,2018-01-10 00:00:00
0a9716da94d89975e6637874280aadad,37a666dbb2abfacc9f41952996a06793,delivered,2018-01-06 09:59:00,2018-01-06 10:07:12,2018-01-09 23:47:26,2018-01-10 20:51:54,2018-01-26 00:00:00
061295e635460bf36f1bb41bd54fd2d2,d5e09a8184614ddda310dac5e19e7635,delivered,2017-12-05 12:49:56,2017-12-05 12:59:22,2017-12-06 18:42:57,2017-12-19 19:58:58,2018-01-10 00:00:00
091119d8eee03ee2736786df622f1e81,28fdb0f4d733ad48a41295bb90f339cf,delivered,2018-03-07 19:17:58,2018-03-07 19:30:49,2018-03-08 21:55:24,2018-03-20 12:42:12,2018-04-03 00:00:00
0b33796d2382e9a9fde619a584ba7216,68c54dbda8f6d832d974c45a869031c2,delivered,2018-08-26 11:59:34,2018-08-26 12:10:14,2018-08-27 14:56:00,2018-08-29 22:31:47,2018-09-05 00:00:00
0c23c36327d99027c61ca570921b0fb7,84936b26581d8bbe95b82c100ba14cf5,delivered,2018-07-21 13:29:40,2018-07-24 11:33:12,2018-07-25 11:56:00,2018-07-27 18:28:22,2018-08-07 00:00:00
0b886faaea82e30898a5dbf0ffa73e51,4df063e444386a404859f4d9bdbb5063,delivered,2017-10-14 20:30:30,2017-10-17 03:49:22,2017-10-17 23:02:57,2017-10-26 00:44:00,2017-11-03 00:00:00
0c9f4cd9a2f5e3783d9ec0f4daa33741,3bd34d2695b29daf46c726ca65adaa76,delivered,2017-08-28 09:58:45,2017-08-29 13:45:18,2017-08-30 20:10:49,2017-10-14 13:35:40,2017-09-21 00:00:00
0a979eab29ef830d6363887a00907fb3,48fdce8f3b86a9177f826892cc29b8ec,delivered,2018-02-08 15:02:47,2018-02-09 10:11:33,2018-02-10 04:16:42,2018-02-16 20:43:59,2018-03-12 00:00:00
01c998b70e420ec36563386a4b71c6bc,598f0ad85bfe5c15f18b219ad41a2167,delivered,2018-01-23 13:47:46,2018-01-23 13:57:28,2018-01-29 19:04:09,2018-02-14 22:51:23,2018-02-20 00:00:00
02e151e3ad2aa3f8e99de08c81a93c2c,2e59f355ea7b6170c754758463c9fd3a,delivered,2017-06-23 11:36:02,2017-06-23 11:50:15,2017-06-26 16:35:15,2017-07-03 15:12:04,2017-07-24 00:00:00
03b936f126145f2bb36600400aedb13a,f1f51e74435d2a80493b83c3d90598ac,delivered,2018-02-18 08:42:06,2018-02-18 09:46:25,2018-03-02 21:53:34,2018-03-24 15:09:50,2018-03-14 00:00:00
06c17d1278ee3d265f881df4a58f11d3,4e5235534f808b754485c20dd4380e37,delivered,2018-08-14 13:01:18,2018-08-14 13:15:21,2018-08-15 12:49:00,2018-08-28 20:04:07,2018-09-10 00:00:00
09ea2181de5a14e01d90b6ff01835a33,65e12813d36c9d1e94fff60fc037a117,delivered,2018-04-02 09:54:13,2018-04-02 10:09:04,2018-04-02 20:32:25,2018-04-11 00:32:31,2018-04-18 00:00:00
04e289ce03d58b279959796d73dee219,e96eebd81a229dde6b3fb15b0936c2a0,delivered,2017-07-28 08:29:08,2017-07-28 08:45:33,2017-07-28 19:52:40,2017-08-02 19:39:59,2017-08-21 00:00:00
03a11ed94a7381584b86c4968625207b,c5c6a0a05aa9b46c6e725e72a557c00b,delivered,2017-12-21 15:46:46,2017-12-21 15:55:32,2017-12-22 19:08:57,2018-01-03 18:44:04,2018-01-18 00:00:00
071a4b7cb627e6acfcbde9c7ec233893,65e76b6196e163f93011170f498258b6,delivered,2017-06-07 16:32:26,2017-06-07 16:42:30,2017-06-08 15:47:47,2017-06-16 11:07:01,2017-06-30 00:00:00
08d19d4c103470970b2f830e48e2d3a2,b419379d557fd4ee484ba77e2603d523,delivered,2017-12-04 15:33:38,2017-12-06 15:31:55,2017-12-08 02:33:45,2017-12-19 20:37:54,2018-01-02 00:00:00
0a9290cec2889b113c83f052547448f1,710cca84f93dad4ebbfff1220d409458,delivered,2018-01-06 15:32:11,2018-01-06 15:46:49,2018-01-16 17:18:44,2018-01-17 19:40:53,2018-01-24 00:00:00
08c30c203ecbdda69311c1dba85abfa6,b780a7d8b32ede7bd4edd751c7765172,delivered,2018-02-05 18:54:26,2018-02-05 19:10:35,2018-02-07 00:15:41,2018-03-08 22:28:23,2018-03-05 00:00:00
060653209bfa61cf4b308a00e3861875,a0d86b4a22f02ed0ade308b69e91bc89,delivered,2018-05-28 23:18:32,2018-05-28 23:30:14,2018-05-29 12:29:00,2018-06-12 22:12:01,2018-07-11 00:00:00
010fadb12341d8253d920362fc8f7a16,135bbed7ce32647898c18ba5907cb80a,delivered,2018-02-09 17:28:05,2018-02-09 17:35:37,2018-02-21 21:13:10,2018-03-05 23:49:02,2018-03-06 00:00:00
078f6e79012194cd9eb77b10f6753d77,07e01746e8b90bfb4cab6ef323d33ab2,delivered,2018-08-05 15:07:09,2018-08-05 15:15:15,2018-08-07 12:47:00,2018-08-09 20:18:49,2018-08-24 00:00:00
01b4dfef1c8848e8c0431ce17f5f72ea,1ba23b73f82990c2de74ebf5a28838b8,delivered,2018-08-04 13:58:22,2018-08-04 14:10:16,2018-08-07 14:53:00,2018-08-16 18:38:36,2018-08-23 00:00:00
08c72944eaad657c973c51fba479d655,d037da3652b6055f3334ce9e9bdaad01,delivered,2018-06-06 14:22:34,2018-06-07 02:35:21,2018-06-08 13:49:00,2018-06-19 21:04:06,2018-07-18 00:00:00
0b2a26edc4451c98cc27d3bcb28d8766,a33aa4395098f8b30755738b398ece95,delivered,2017-06-06 22:24:19,2017-06-06 22:35:25,2017-06-08 12:23:49,2017-06-13 12:27:46,2017-06-20 00:00:00
0ced505a94fa52355ca31070c281df6e,fa0a0f986296d5201a58b9b0c4b36d0a,delivered,2018-04-20 09:46:31,2018-04-20 10:10:11,2018-04-20 22:38:42,2018-04-23 21:32:18,2018-05-09 00:00:00
0b4d60b8c7aa289e337094f0fb7ec296,e97303ac299ae39d14bf9bd8bbb2a1ca,delivered,2018-07-17 22:35:29,2018-07-19 02:42:33,2018-07-20 10:16:00,2018-08-03 18:12:57,2018-08-09 00:00:00
08804ff605210017ad305e46cbd4e3c8,2dd2e0daa048c8e7bdf18c2fca50725a,delivered,2018-08-06 12:26:08,2018-08-06 12:44:19,2018-08-06 17:57:00,2018-08-11 14:59:40,2018-08-13 00:00:00
057bf0876d1b4a1d8b70b8f3e74e8763,6ec543ce9dcec8d8c8ccef9b30e3f5e0,delivered,2018-01-21 16:44:13,2018-01-22 16:39:21,2018-01-23 20:57:14,2018-01-24 18:18:57,2018-02-06 00:00:00
02b2c02d27d60c0e658675335ca80216,9d467d901959584e227cdeb1dd1e0c62,delivered,2017-08-05 12:57:02,2017-08-05 13:10:18,2017-08-09 20:07:44,2017-08-31 18:37:37,2017-09-05 00:00:00
0bcf4c7784f314d5c92bcfc30b7813e2,2e0c8e22fced1b114c5f5ed439912ce1,delivered,2018-04-21 07:48:49,2018-04-24 18:40:40,2018-04-24 00:16:49,2018-05-08 19:44:55,2018-05-21 00:00:00
01dd288e8605af239a3a35e550e89235,0a88fe358661f9b9cd87d419e7bffcdd,delivered,2017-07-26 07:51:14,2017-07-26 08:05:22,2017-07-26 20:39:54,2017-07-31 16:26:49,2017-08-21 00:00:00
0cedce314f08f29c07de4eff348e16bc,b817bff4fb17d66f0e9f00c5a0a2553c,delivered,2018-05-30 14:03:51,2018-05-30 14:16:56,2018-06-01 15:05:00,2018-06-12 17:08:50,2018-07-12 00:00:00
0a89bc2ec7e822a78b0cef45518d6217,a80a94cf8bd343cdd10d03d8b37ad719,delivered,2017-11-13 23:44:17,2017-11-13 23:55:29,2017-11-14 18:49:15,2017-11-24 16:21:26,2017-12-13 00:00:00
06cc571b0a86a28fa19139270e4d3aea,6c94244091c0ea6ecf242283e1455871,delivered,2018-04-11 17:29:35,2018-04-12 11:31:23,2018-04-13 20:36:32,2018-04-25 18:47:12,2018-05-16 00:00:00
09356cee7d8fee33dcb3ee80c1ccb14f,b417a9a4c05c243aacb8d35106ed5361,delivered,2017-10-12 16:26:24,2017-10-12 16:35:44,2017-10-16 22:37:50,2017-10-24 21:23:26,2017-11-03 00:00:00
0c7561e19f14900c9c63487cc532f384,17c5a9997801ff12fa6faeaae9748630,shipped,2018-04-17 23:32:12,2018-04-17 23:51:37,2018-04-18 23:32:30,,2018-05-25 00:00:00
033af049cbcadb2511579b127ba27582,b1e9b2988dc3522049789d4794c3b46e,delivered,2018-03-13 22:39:15,2018-03-13 22:50:32,2018-03-14 19:24:42,2018-03-19 18:28:45,2018-04-06 00:00:00
081d8e7957ea9756d18875b8505c2886,b09217cd25a81dffeccd1aeeb66fc004,delivered,2017-12-28 18:48:01,2017-12-28 19:30:50,2018-01-04 20:22:16,2018-01-16 19:22:30,2018-01-30 00:00:00
04ac671da9c58d9111811d06df6d2513,775c4699698b1ee74e359daff3e7468c,delivered,2018-04-22 19:30:11,2018-04-24 17:51:00,2018-04-24 00:03:29,2018-04-28 15:41:49,2018-05-16 00:00:00
0cc217cdcf3d4c3aec8a027679e21f89,cee2b2ed35e8bd1166ed5a4f0e45ddab,shipped,2018-06-13 21:57:43,2018-06-13 22:19:21,2018-06-14 14:13:00,,2018-07-03 00:00:00
0bec54b12e30ef962cea0714ea592545,d80fe862fc842cc85b3548679f505116,delivered,2017-10-19 21:07:40,2017-10-19 21:27:56,2017-10-20 13:25:26,2017-11-06 18:48:51,2017-12-19 00:00:00
03350e641d4d30d50b38c2e3030cd394,ef14d93cbf59599d4a12cec56b1962b1,delivered,2018-08-06 22:50:51,2018-08-06 23:05:10,2018-08-07 14:59:00,2018-08-18 12:22:32,2018-08-22 00:00:00
0cc64cf0340c6a2e2a2157f49454b639,451ac6258b909f1026bacd12f5a58e47,delivered,2018-03-28 16:48:44,2018-03-28 17:08:01,2018-03-30 00:11:53,2018-04-02 22:52:11,2018-04-24 00:00:00
0a6667b832116a7484ae779b7b0b91c0,40c8f1f2aea77109365cfada5b3bebe2,delivered,2017-09-11 10:31:00,2017-09-12 04:45:47,2017-09-12 16:37:37,2017-09-14 22:20:09,2017-09-21 00:00:00
072b97d5244a16a4573ad547ea7d15b4,bdf54f7d1694971f430170fca990f2ef,delivered,2018-04-22 20:07:53,2018-04-24 18:35:38,2018-04-25 09:18:00,2018-04-30 18:32:07,2018-05-16 00:00:00
06e084d4ca3391eeec0a110051d0cb29,45456cdd69ea63fc765c59119c064829,delivered,2017-10-17 22:17:02,2017-10-17 22:28:16,2017-10-19 17:53:26,2017-11-06 20:09:37,2017-11-22 00:00:00
0ccad283af81aa4910d7cd1e092326d1,4fd707ca46413cc24f686cddf08ca175,delivered,2018-02-22 08:18:52,2018-02-23 02:09:03,2018-02-27 18:09:24,2018-03-14 23:21:09,2018-03-19 00:00:00
0482c10b78fefa5a30abb519aa9dee93,0355b0162c38169d5cf921cb9ba5ff19,delivered,2017-11-06 10:29:49,2017-11-06 11:31:01,2017-11-07 15:11:20,2017-11-13 18:34:48,2017-11-24 00:00:00
0641dec5794661d69c598d2535bc0b40,55c659609e77669f57655706b9777eb9,delivered,2017-07-16 17:08:08,2017-07-16 17:23:24,2017-07-17 20:33:42,2017-07-26 19:12:30,2017-08-08 00:00:00
02c8875e5351540e76019fb7429e163f,7cbc9e8aed4560ebfd0195b5aa3be49c,delivered,2018-02-15 15:11:35,2018-02-15 15:27:14,2018-02-22 20:38:07,2018-02-23 13:48:59,2018-03-02 00:00:00
05d3e8073cc594f353b950b312fc207c,afde51cecb61ed0a18a8c3c1b6ae5b58,delivered,2017-11-30 20:39:25,2017-12-01 10:30:57,2017-12-01 23:43:07,2017-12-06 20:51:59,2017-12-28 00:00:00
09a02e80ddcc4cb25f8ca5e46c1020ce,ef0097d76f780cd9e2e00fcc456fb344,delivered,2017-03-03 20:39:32,2017-03-03 20:50:15,2017-03-07 07:22:09,2017-03-13 13:14:59,2017-03-27 00:00:00
0cf68e3d525fbc20d4080a496006a8d7,bf7c8726d222f0d68a701aa4eece685a,delivered,2018-06-11 21:26:12,2018-06-12 21:42:58,2018-06-14 14:05:00,2018-06-18 15:33:25,2018-06-28 00:00:00
0870e65cf1b3551a87735b85ee9dd147,8a3ff5438e69e032936ab47f419c9576,delivered,2018-05-23 23:17:40,2018-05-24 11:53:35,2018-05-24 15:03:00,2018-05-25 18:41:46,2018-06-08 00:00:00
0a06917fb1c4d93dddc71d9ca7dd8790,57454ea60e4bcecb01d39cdf69d4b275,delivered,2018-08-08 21:30:18,2018-08-09 03:44:59,2018-08-09 11:57:00,2018-08-30 00:16:23,2018-08-30 00:00:00
066f62cf2a2ba7b1d0012bf6d4f5f0b3,1f822c22c8cf0ad7766811f866810e46,delivered,2018-06-22 19:47:47,2018-06-22 20:37:40,2018-06-25 08:06:00,2018-07-04 18:44:55,2018-07-23 00:00:00
0930362b6f24dc06ace9869ac3d05a72,570c80022b8e52b1c9ff467a601f9358,delivered,2017-11-24 10:16:53,2017-11-24 10:32:38,2017-11-24 19:17:42,2017-11-26 14:28:26,2017-12-11 00:00:00
06bc7036f4e52afa8213176211d6ebba,5509fbf0865111b1607f03e136a4d735,delivered,2018-08-07 11:08:37,2018-08-07 11:25:11,2018-08-07 11:33:00,2018-08-11 12:16:24,2018-08-22 00:00:00
0a2ea907b178650afcfcab07e55b70f6,b46839430059483e717277d030ffa798,delivered,2018-04-11 15:36:32,2018-04-12 07:30:11,2018-04-13 16:26:54,2018-04-20 22:41:59,2018-05-11 00:00:00
01490a4bdacbafe6de009b317a0c8bf6,f9dfd7942a2d7f1588b7638a9bdc8ff1,delivered,2018-06-12 13:46:53,2018-06-12 14:04:57,2018-06-13 16:28:00,2018-06-21 23:38:52,2018-07-12 00:00:00
02bbf7328b514a90bedde6541c213811,0922b25ec5945d89980e65bde3d38f51,delivered,2017-04-05 14:33:07,2017-04-05 14:45:16,2017-04-06 15:43:05,2017-04-10 14:12:40,2017-04-26 00:00:00
0ae310aba8893f64631cffc380d5db8b,d014f11f50846fbe717e15184b8f0b31,delivered,2018-08-10 16:23:39,2018-08-14 04:50:30,2018-08-24 13:50:00,2018-08-27 16:37:26,2018-08-29 00:00:00
0ab14c7f000642be91d882357d38b8cd,2323ebd900ab72b5f72753720d4a773d,delivered,2018-05-08 19:50:04,2018-05-09 03:51:45,2018-05-09 14:06:00,2018-05-15 20:02:44,2018-06-04 00:00:00
0890110313bd12b08169c1b6bd56bf4d,06f8cc01ccc3b88ee6727ab815eca7c9,delivered,2017-12-03 18:12:23,2017-12-03 18:32:17,2017-12-04 20:12:17,2017-12-14 15:37:13,2017-12-20 00:00:00
0bdb173bda4bf7e4109fe707c309252a,35e78cde5b0035c5619904e902c385d7,delivered,2017-12-01 01:54:12,2017-12-01 10:31:10,2017-12-04 16:03:09,2017-12-09 15:32:40,2017-12-28 00:00:00
0820ec4a663815afde264b1f4cbfeccd,2abb163a3747d41bdb536e460f40deb4,delivered,2017-12-27 13:12:11,2017-12-27 13:27:36,2018-01-02 17:44:40,2018-01-08 13:27:47,2018-01-23 00:00:00
0c79ffcb0fed5ff297c2a68be02f4f8c,1cb3b337875d7beaec095a3d988fd216,shipped,2018-07-19 08:22:46,2018-07-19 08:45:11,2018-07-30 13:42:00,,2018-08-14 00:00:00
0a79d1506c2e0249c9aff8723bcf51e9,a995c91194ffa9252517fa251995adf9,delivered,2018-05-18 12:35:01,2018-05-18 12:57:55,2018-05-29 09:26:00,2018-06-05 19:05:10,2018-06-01 00:00:00
04127548fb3634e50ad03765c05cdc68,0eab5c860fac0aff7a9ef8f11deced68,delivered,2018-02-04 22:20:29,2018-02-04 22:30:31,2018-02-05 18:41:27,2018-02-06 15:45:49,2018-02-22 00:00:00
04f026e6517b3845e4ea1a9d0328adfc,d6f6a039d3fcbeb5392bd0739b5e1833,delivered,2018-04-18 11:12:39,2018-04-18 11:31:41,2018-04-18 22:11:47,2018-04-24 13:48:51,2018-05-08 00:00:00
014a0793ab3d930d6f3b206cee474af4,70bed66339acf5dfede1a7dce682a6c4,delivered,2018-06-24 22:49:54,2018-06-24 23:17:55,2018-06-25 06:39:00,2018-06-27 12:51:00,2018-08-02 00:00:00
002611a77fe03d076285fd4ca95db77c,2b6cb6a4852a866c3b71dcbc7c5a2fce,delivered,2018-02-27 17:46:23,2018-03-01 02:49:09,2018-03-02 03:12:49,2018-03-22 19:03:31,2018-03-26 00:00:00
0a1ff79efed81178cd6303f7704e96da,87b562396562e68f82047746fe64b167,delivered,2018-04-09 14:33:46,2018-04-09 14:50:42,2018-04-11 14:18:35,2018-04-25 20:21:05,2018-05-08 00:00:00
07da7d9fe6a7a8388af1f996b3bb0472,77ed46145075364809e072ff0cb625dc,delivered,2017-12-18 21:18:04,2017-12-18 22:14:29,2017-12-19 19:33:52,2017-12-26 20:34:53,2018-01-23 00:00:00
05f9e5c577faa3a272454a2ceed5c64d,2a1ea3b265ba56bb61bb9a4aafd506f7,delivered,2018-04-14 20:23:39,2018-04-15 20:30:47,2018-04-17 17:08:33,2018-05-25 13:20:50,2018-05-15 00:00:00
02c6f38cbd2d15df19cf2621019823fd,2cd1a450888a4cc3d4b8c5ed6482fe47,delivered,2017-07-06 09:08:36,2017-07-07 02:55:18,2017-07-11 20:32:08,2017-07-18 18:42:10,2017-08-01 00:00:00
0bb34cb6a7308c8a0be897369360bcd6,dfd31f8e07d6a7078ae3c8119cef1c2e,delivered,2018-04-04 13:47:32,2018-04-05 13:48:42,2018-04-05 23:55:18,2018-04-09 22:32:13,2018-04-27 00:00:00
0a50b1ae078d9638440048842b7cd5c4,030c88df740faf58e3bbf38fe25c1743,delivered,2017-09-28 15:57:29,2017-09-29 20:49:24,2017-10-05 16:43:13,2017-10-13 23:24:57,2017-10-27 00:00:00
03e99d63b25fc441524d77bda33ab136,db157e43885bae83e589dff79ed78d87,delivered,2017-09-02 10:36:02,2017-09-02 10:50:17,2017-09-04 20:45:55,2017-09-12 22:32:44,2017-09-29 00:00:00
01e84dcdea7f8180214c9cf9f058f0dc,808cfcd5c83849bfb0c7bf25edd97b2b,delivered,2017-10-31 11:10:46,2017-11-02 02:46:27,2017-11-06 18:38:27,2017-11-09 20:09:45,2017-11-17 00:00:00
0803296b40e2392a6d35771832ca1d7a,8305f05c711e3b117730f542d8d6deb5,delivered,2017-03-09 10:36:58,2017-03-09 10:36:58,2017-03-10 10:09:39,2017-03-24 17:26:58,2017-03-31 00:00:00
0181409c6498f79e161dde79c2a7dc59,55e0503dded8ecd07b56fd84bf06a342,delivered,2018-08-01 15:05:14,2018-08-01 15:40:11,2018-08-03 13:24:00,2018-08-09 20:03:13,2018-08-14 00:00:00
055ad36ee30e9948bbe9baba852913b2,bb39a7d8837917ec378363316589ab88,delivered,2018-03-15 17:50:14,2018-03-15 18:09:40,2018-03-21 22:51:18,2018-03-27 22:56:31,2018-04-06 00:00:00
0bf144db6ca7ef970a25b6a720947622,964b34423c822e9bd9831635ccc83db2,delivered,2018-05-29 16:36:26,2018-05-29 16:51:39,2018-05-30 14:55:00,2018-06-12 16:18:30,2018-07-19 00:00:00
0094d4660e323945f84f5c29eb348aae,b2381a85f8237639da2719cd5981b007,delivered,2018-01-24 22:05:42,2018-01-24 22:14:25,2018-01-25 18:22:43,2018-02-05 16:04:17,2018-02-23 00:00:00
037ded3ba29ebe9a96acb1177cc52b51,b4bb8edf40ac2899a46919469fd8d21b,delivered,2017-10-26 15:07:45,2017-10-28 03:07:07,2017-10-30 19:51:42,2017-11-03 23:21:31,2017-11-17 00:00:00
068b6cedb09dad00249cb7fc310bc067,fa59e6fa00387c862015f023358f6c6d,delivered,2018-05-12 23:23:09,2018-05-12 23:35:13,2018-05-15 08:51:00,2018-05-23 16:32:35,2018-06-20 00:00:00
00a870c6c06346e85335524935c600c0,8a4ecf2e2fa5faaaf02827b368c0c17b,delivered,2018-05-09 00:10:08,2018-05-10 00:14:29,2018-05-10 12:07:00,2018-05-17 01:04:12,2018-05-24 00:00:00
05d43265b79289692a382c9f2a6c1547,3c6ea1acabe8c875fd3484d5e34d10e4,delivered,2018-08-26 04:53:46,2018-08-26 05:35:13,2018-08-27 14:07:00,2018-08-28 18:57:01,2018-08-30 00:00:00
0bd044f3b358bb88951e3ea66eadcc70,a692cee8697769980ec9fa9f5170fc11,delivered,2017-09-13 11:34:35,2017-09-16 09:05:33,2017-09-18 18:20:00,2017-09-26 16:11:37,2017-10-04 00:00:00
001e7ba991be1b19605ca0316e7130f9,b6a1445ee505f3a95c827e7a5188ad02,delivered,2017-03-18 11:47:37,2017-03-18 11:47:37,2017-03-20 10:14:45,2017-03-28 14:23:33,2017-04-12 00:00:00
03489476aad23c09fa16e1c46ad38044,8638f9c20217d9ca8eaa2bd445316c7b,delivered,2017-08-27 13:54:23,2017-08-27 15:04:09,2017-08-29 17:17:10,2017-09-02 15:52:32,2017-09-25 00:00:00
0b76ed588a46e17ca968f7fcafab6c5f,779d2c4b51f1e1d7633a0971d70e979e,delivered,2018-01-22 16:27:29,2018-01-23 16:31:30,2018-01-24 19:42:45,2018-02-06 19:46:45,2018-02-20 00:00:00
0ba49faaf02e7dc9210e94cd777d1880,32f5f0b501cc2cc5753fab31971f2385,delivered,2017-12-19 23:47:35,2017-12-20 00:51:42,2017-12-20 20:33:18,2017-12-27 20:44:54,2018-01-15 00:00:00
014fc889637133d9075190ba873dfc03,20296443465a67e0ac27c5a61f685453,delivered,2018-01-18 14:36:40,2018-01-18 14:55:57,2018-01-22 22:41:39,2018-01-24 17:13:08,2018-02-02 00:00:00
063f2375ecf74934d05e78a476f92cb5,50c98ff80c62d9255b10fff5f2fb57cd,delivered,2018-07-08 10:20:36,2018-07-11 03:45:49,2018-07-19 09:40:00,2018-07-27 16:31:06,2018-08-03 00:00:00
0b77e4a3c5557d452990e1cd1136f0b5,bde5733ad57dfbe76eca8a4983847114,delivered,2017-12-17 15:48:33,2017-12-19 09:51:25,2017-12-19 18:52:39,2017-12-29 14:22:11,2018-01-11 00:00:00
090ece27665c1cc89eda287f8e834e11,97f6f6eb7e2173cf88b0dd5b78b80070,delivered,2017-10-30 18:25:17,2017-10-30 21:31:40,2017-11-01 17:57:45,2017-11-06 18:58:26,2017-11-16 00:00:00
09d8a4bcd943fd4bfc7dd6b64b7c328e,a63cd43af25d2eaacd280e01a4eb2f6d,delivered,2018-05-27 09:24:57,2018-05-27 09:50:24,2018-05-28 14:08:00,2018-06-12 20:19:32,2018-07-03 00:00:00
020500486b7211f5ef873ba8ffd58cd0,fd458d0e1786001b290de9b01dc9fa9c,delivered,2018-08-13 21:29:51,2018-08-13 21:45:13,2018-08-14 13:14:00,2018-08-20 21:41:57,2018-08-29 00:00:00
02b63408e665194f2794a94576001e56,5d1c53a804c8763af74543c19b392fc1,delivered,2017-03-16 08:53:48,2017-03-16 08:53:48,2017-03-16 18:07:54,2017-03-27 14:43:14,2017-04-06 00:00:00
042c384c3edbe39a47895217eb5e90a4,c54f1cbae6276adf60d6e66d6543a1ee,delivered,2017-05-03 13:36:26,2017-05-03 14:02:33,2017-05-04 11:00:49,2017-05-08 10:13:00,2017-05-31 00:00:00
08d0b596c492f5a5041d003063f18320,15e30062d5439bef7f97946eb4999f22,delivered,2017-09-10 22:34:32,2017-09-10 22:45:14,2017-09-11 21:03:44,2017-09-22 18:44:04,2017-10-03 00:00:00
046af6e24851f4a0a0e7849112980219,bb50620b77290f46cb4b87a5351c69b1,delivered,2017-10-14 16:01:55,2017-10-14 16:14:20,2017-10-16 20:18:05,2017-10-20 21:22:14,2017-11-03 00:00:00
059f6abcb045619604ec4af08b4b5456,945ec7d09d4a36769efbdae2d9be7f8a,delivered,2018-01-29 19:05:16,2018-01-29 19:31:46,2018-02-02 17:29:09,2018-02-17 14:22:47,2018-02-22 00:00:00
0078a358a14592b887eb140ef515f5ab,e1f35a414cbae52d09c294b3e58c3e89,delivered,2017-11-06 15:42:42,2017-11-06 22:36:39,2017-11-08 12:24:40,2017-11-21 19:04:54,2017-11-29 00:00:00
0cae3692c0412d717beb36ce3faebcb0,a6dc8c80c0a118ee2500ba81bd939cf3,delivered,2018-04-29 20:28:53,2018-04-29 20:54:40,2018-04-30 14:07:00,2018-05-10 18:19:34,2018-06-07 00:00:00
08e83756399f8394bef75d0441b17b57,022d8582868c8ee0a200885b357c4208,delivered,2018-04-29 19:42:48,2018-05-01 06:12:48,2018-05-02 14:30:00,2018-06-13 12:32:16,2018-06-04 00:00:00
07d9d11b0175952638ddd53d7855f8a7,a1c779cddccf5ffe60e543d3ce0dc477,delivered,2017-11-22 16:40:23,2017-11-22 16:48:33,2017-11-28 19:48:46,2017-11-30 13:49:03,2017-12-04 00:00:00
06caf4b0e55d9bc015a91fa77432a1cb,e42b1319fefce9bf37acf91a0ac8c1a9,delivered,2017-03-11 11:42:16,2017-03-11 11:42:16,2017-03-13 14:54:54,2017-03-21 10:58:09,2017-04-06 00:00:00
06f544e5c7afe6215b9e2a26b4f08442,26d283dae44fbc9eee874cecca589853,delivered,2018-04-12 10:23:19,2018-04-12 10:35:13,2018-04-17 19:41:03,2018-04-24 18:41:15,2018-05-08 00:00:00
09545768adc993877dfa9a4024b360c2,6dee66a764300a20244d9cf65bd47268,delivered,2018-01-13 12:05:26,2018-01-13 12:13:29,2018-01-17 19:06:41,2018-01-25 17:17:08,2018-02-01 00:00:00
028e8f5a96db8d372890e03d22829e9b,c09962ce82ae80e545818b93530aab09,delivered,2018-04-18 17:15:44,2018-04-18 17:58:33,2018-04-19 23:21:25,2018-04-21 00:11:03,2018-04-30 00:00:00
07808f3f87407774955a7ceb2f4fe5d2,a40a9cca30df7d2a36fdba0dfc4b03e7,delivered,2018-08-01 18:54:32,2018-08-02 09:15:19,2018-08-02 14:51:00,2018-08-06 18:22:36,2018-08-20 00:00:00
06b7df1d1d3dd3e36628fc7078908592,34711868e1dd19543a7394d23b5313c3,delivered,2018-04-28 11:34:46,2018-04-28 11:50:42,2018-05-03 14:32:00,2018-05-04 20:04:33,2018-05-14 00:00:00
0227da6a9a5c5d03b593cc9c2bce3463,b27329504d3818ef391c0d13829964b3,delivered,2018-04-11 16:30:28,2018-04-11 16:51:09,2018-04-12 20:35:37,2018-04-17 18:58:47,2018-04-27 00:00:00
087692f9f84c65ed1560e4a3b97d5c21,72dc419d76a248bf7709fccefbf4731d,delivered,2017-05-27 23:26:40,2017-05-28 02:22:13,2017-05-29 13:10:59,2017-06-05 18:59:36,2017-06-21 00:00:00
09a72b0eeb69a0a5727d321f51fc313b,34bbac251335dc86473eb6b1842316fc,delivered,2017-07-29 01:03:42,2017-07-29 01:15:09,2017-07-31 17:43:37,2017-08-08 17:23:37,2017-08-24 00:00:00
003a7f59d7e08a9c61d9e2881fe6459c,f7838e5eeb3271df42376952e651e403,delivered,2018-08-19 12:51:50,2018-08-20 11:49:46,2018-08-22 12:04:00,2018-08-27 22:32:15,2018-08-29 00:00:00
080d1460c228aebf236ed5800edce044,6c7a5e32a79b013a97a9f9421fc18349,delivered,2017-12-22 12:38:56,2017-12-22 13:21:41,2017-12-22 21:09:30,2017-12-27 20:13:39,2018-01-24 00:00:00
0ad02b6f33a90fe5d09e0b416287857f,6b0741b9cab6fa1a27692db25bb28610,delivered,2018-05-09 23:13:39,2018-05-09 23:33:32,2018-05-12 08:09:00,2018-05-23 18:08:42,2018-06-06 00:00:00
09ba762d7b29d3771a788d7d039159fa,124b8498222b87507f630671dcf95385,delivered,2017-03-01 12:54:25,2017-03-01 13:05:14,2017-03-08 15:43:17,2017-03-17 15:25:18,2017-03-24 00:00:00
0352f2ba09b99ccae0751e133332a46b,dcc8ace10ad125aac51ed330d021e0eb,delivered,2018-07-21 10:19:35,2018-07-21 10:30:15,2018-07-23 15:04:00,2018-08-04 15:24:32,2018-08-08 00:00:00
098fd8628d7e76c7dfb58d651899ff39,075167012e0a7a0c8e33443f75b1a473,delivered,2017-10-05 15:46:56,2017-10-05 15:56:22,2017-10-09 15:58:25,2017-10-18 19:27:09,2017-11-07 00:00:00
0b8bb51ed8b0431e4783fde5550895c2,a92a310a3d6670dd78d7cb9eafa760be,delivered,2018-03-04 21:52:32,2018-03-06 03:49:42,2018-03-06 19:55:06,2018-03-13 22:51:30,2018-03-29 00:00:00
025321e4e9674e090b7bc101f9c5ab5a,3674db4a48cbcbd032d3d2274f9018af,delivered,2017-06-20 21:56:51,2017-06-20 22:10:14,2017-06-22 18:14:03,2017-07-02 12:41:52,2017-07-12 00:00:00
05b45bd050b8c16805abca656246149b,a973397ec57671787a6826bc9235b2dd,delivered,2018-03-12 19:52:53,2018-03-12 20:08:37,2018-03-13 23:18:44,2018-04-06 20:19:10,2018-04-03 00:00:00
0c29afa3d55c9d983ff14ae80e79984a,961c0a5afe936135ac6ebb1ddef7ce09,delivered,2018-01-09 18:28:48,2018-01-09 19:32:12,2018-01-10 21:09:28,2018-01-11 16:17:37,2018-01-23 00:00:00
006e43460a55bc60c0a437521e426529,23bfd4316e261786deed5a08231c75bc,delivered,2017-05-11 00:24:35,2017-05-11 01:30:22,2017-05-12 12:26:32,2017-05-19 09:51:17,2017-06-02 00:00:00
01be6ff226324644f283dfab69369848,9efea31c85df91516b2874e4e0fd953f,delivered,2018-03-08 12:02:38,2018-03-08 12:15:23,2018-03-13 23:16:51,2018-03-28 20:48:47,2018-04-04 00:00:00
0510f632b86f01064ebbde67deb63bb5,3413b1a3a719cf261ac926114e3d3da8,delivered,2018-06-26 23:37:29,2018-06-27 01:30:01,2018-06-27 08:57:00,2018-07-04 21:29:48,2018-07-31 00:00:00
052fd91f936f4938c1085ce62862142a,9ea84417bbdf3d03fd7fe34273d23630,delivered,2018-08-01 21:21:49,2018-08-01 22:31:22,2018-08-03 11:14:00,2018-08-08 09:42:38,2018-08-09 00:00:00
04abf2d38859e6dfcfda69ed28a10aff,f784cd575bace953e1672518616df436,delivered,2018-03-23 00:22:35,2018-03-23 00:35:48,2018-03-23 20:48:30,2018-04-12 22:26:38,2018-04-20 00:00:00
07ce92f08ada3b994983794188b7a902,fa89a52fa06bd618d4770a055f983b8c,delivered,2018-03-19 12:35:10,2018-03-19 13:29:53,2018-03-20 23:42:01,2018-04-05 22:51:05,2018-04-23 00:00:00
04cbdd6817839ed5c7ac28f811ed8c0f,12ed696c4178efaa9f91a47a654e6093,delivered,2017-07-15 16:54:02,2017-07-18 06:05:32,2017-07-18 16:32:46,2017-07-20 14:05:09,2017-08-04 00:00:00
05ad33706a0ad42482ba7f17236d4bba,f66a0a5603fb1d09eee7fe496b1024ba,delivered,2017-10-11 09:27:38,2017-10-11 09:46:17,2017-10-11 19:14:14,2017-10-18 19:58:39,2017-11-01 00:00:00
00bbc4179554524748f77763ddd62266,a338432949ddc9b9e6bee3d2695d655e,delivered,2017-08-08 21:04:16,2017-08-10 03:15:35,2017-08-11 13:36:56,2017-08-14 15:13:10,2017-08-23 00:00:00
010ff1cfe12f3094577e72b7bcecdf98,7496d369c45e3249794df2d9b132a3e3,delivered,2017-10-11 23:05:00,2017-10-12 23:14:21,2017-10-16 22:52:14,2017-10-19 18:20:09,2017-11-09 00:00:00
0437be9eb5f6b26660f0b5eafd1b1994,a7a934605f3dac72b390478c3b14c0b4,delivered,2018-01-03 16:27:07,2018-01-03 16:37:23,2018-01-04 22:19:24,2018-01-09 22:15:38,2018-02-01 00:00:00
078db7c551c5b6a107ba6d586a13f14d,04e93f286b7920c82dc1a31240255ee6,delivered,2018-05-21 19:22:22,2018-05-21 20:55:06,2018-05-22 13:32:00,2018-05-23 17:32:16,2018-05-29 00:00:00
063009988101940b4392ba9b2f2ca112,c2b7c8b9844ce8239986985f4711fe6b,delivered,2018-03-13 13:36:34,2018-03-14 02:49:04,2018-03-21 22:52:33,2018-04-03 01:06:53,2018-04-05 00:00:00
0260196efc012b1f83d543ba8220d0ee,bbaeaf6810cf76b8fd38e746520c7d3f,delivered,2018-07-21 21:53:08,2018-07-21 22:05:13,2018-07-23 15:44:00,2018-07-27 15:48:47,2018-08-07 00:00:00
068d8eb8e288e07e76b3e86b4a793f31,8598a616116d5118a03195bc239aa7c2,delivered,2017-06-07 23:33:56,2017-06-07 23:45:17,2017-06-08 14:51:49,2017-06-19 12:04:53,2017-06-30 00:00:00
0ccec03928b91e74f73a46d5b77c60e5,f34b16d1165d68d1fd046eaa0cc21faf,delivered,2017-07-12 23:19:29,2017-07-14 02:26:19,2017-07-14 19:12:16,2017-07-28 19:52:02,2017-08-03 00:00:00
0add19297766bc00a177a9ae740554eb,96fbbe8005e67d382b0fc453a288be02,delivered,2018-04-01 22:50:57,2018-04-02 22:48:13,2018-04-05 20:49:46,2018-04-12 13:41:40,2018-04-18 00:00:00
08f41db8292c5a8be5d68f0a18492781,327571566e29bb1fe954bae83836946a,delivered,2017-07-18 10:22:32,2017-07-18 10:30:17,2017-07-20 14:32:08,2017-08-01 20:03:37,2017-08-22 00:00:00
0b0adccd993fe865dc205586fc9fd045,3a3e3b216aad1589b4c7b5a8edd75c4c,delivered,2018-07-23 21:03:16,2018-07-24 10:31:48,2018-07-24 11:01:00,2018-07-31 17:04:39,2018-08-20 00:00:00
07f770114a6de1a65f865bf22d8bb20a,c1afacb800d62408ba097a32d6524e84,delivered,2018-08-06 09:17:53,2018-08-06 09:30:16,2018-08-06 08:44:00,2018-08-09 16:40:37,2018-08-16 00:00:00
0b736121c8d0bffe6c9e592d6f91ba5c,e0fcf37333b29f0b97e8af045f8efb52,delivered,2018-02-19 12:42:39,2018-02-19 12:55:50,2018-02-20 17:33:40,2018-02-28 20:38:45,2018-03-09 00:00:00
050f9344068b604a9df9c01b12ded455,216a26630eaf7d8f93837ff9708aa0e4,delivered,2017-10-08 09:00:30,2017-10-10 03:56:16,2017-10-11 20:13:49,2017-10-16 19:43:37,2017-10-31 00:00:00
087b902fe8df6660b295f28f1d8f7c30,79d0540451c56f00f1d0d34f131d4a22,delivered,2018-03-08 18:50:11,2018-03-08 19:28:36,2018-03-10 12:04:59,2018-03-18 18:52:38,2018-03-22 00:00:00
0a791a17784db64bbc47f6b666011d9e,9c784dd2711ee49ae9ce0129ec0a1184,delivered,2017-08-02 12:32:26,2017-08-03 03:10:29,2017-08-03 16:17:38,2017-08-10 19:25:33,2017-08-24 00:00:00
09f929ce6d526af69a12f1a54230e396,3304a1e2854d3ad5e262862bee223291,delivered,2017-05-10 13:20:12,2017-05-10 13:30:15,2017-05-17 16:18:04,2017-05-19 16:32:07,2017-05-30 00:00:00
0133a47b53fee66218790a8d7dcab993,0663e652f8793c2d4eb77e8185a5747f,delivered,2018-04-20 19:05:03,2018-04-24 18:59:19,2018-04-23 17:33:54,2018-05-02 18:07:55,2018-05-22 00:00:00
037e4ea044a589bcfbceb43210ba7024,8915549cc658e933b96113235c64ad9d,delivered,2018-02-16 08:56:37,2018-02-16 09:35:24,2018-02-16 22:37:15,2018-02-22 20:02:58,2018-03-05 00:00:00
019b8e16e30c8b9ad9bf87e039a27765,fe9cb076acaffbee858187352e2f7266,delivered,2017-07-25 20:10:18,2017-07-25 20:23:21,2017-07-28 18:08:04,2017-08-04 17:42:22,2017-08-16 00:00:00
041273e1165dd64068aa28edb4a0cf5a,2e5091c4326d04e10780f540758d9893,delivered,2018-02-28 16:31:27,2018-02-28 16:51:32,2018-03-05 20:14:47,2018-03-13 00:44:30,2018-03-23 00:00:00
083606af9191f3c3119ed90e616df1ca,24438521febd6fffbfe369c24f3fae11,delivered,2017-09-05 11:59:59,2017-09-05 12:15:48,2017-09-08 19:27:54,2017-09-18 17:58:59,2017-10-04 00:00:00
02714865c4c2f281df219af0a56ffeaa,04449133b1f1b228059b3c539fd03ed7,delivered,2017-11-30 22:21:04,2017-12-01 10:31:07,2017-12-06 12:26:00,2017-12-12 15:36:38,2017-12-26 00:00:00
0c2c3c3a68e0c7184832879c6fe55a94,01993877990b2565abd4e3d741c45b79,delivered,2017-07-27 14:46:10,2017-07-27 15:05:13,2017-07-31 21:56:59,2017-08-07 22:39:26,2017-08-22 00:00:00
0753ba0519dd531e78e0abdedb16be35,c025200e87520a89f95e5520045a8b5c,delivered,2018-05-19 16:24:06,2018-05-19 16:59:36,2018-05-21 10:17:00,2018-06-07 20:58:34,2018-06-07 00:00:00
0bb3a41b7a70c65fda2461d34b495c5e,dadc59c73a39f1141414b61bd8f1b223,delivered,2017-11-25 01:47:20,2017-11-28 03:19:38,2017-11-29 20:39:00,2017-12-12 20:40:16,2017-12-21 00:00:00
0a46f220430c5aeaea27e7ebc76bae76,63ee324986f02bde9075a307f4c3cc73,delivered,2017-04-20 18:18:43,2017-04-20 18:30:19,2017-04-24 09:53:30,2017-05-09 09:19:43,2017-05-12 00:00:00
052a5969146f40fe550f442f52f302b7,32995e4cbc0128fbe56e9ee101a31916,delivered,2018-05-15 23:40:01,2018-05-15 23:54:34,2018-05-16 13:03:00,2018-05-21 18:52:06,2018-06-01 00:00:00
04401428491f4e0e839e31e835c5e7bd,c9317e2f51180cbcee636174ced5c6b3,delivered,2018-01-04 15:10:45,2018-01-04 15:27:16,2018-01-05 17:25:26,2018-01-23 12:53:10,2018-02-07 00:00:00
020d1063c6e7cb975472aedbfe0e25ea,bcf130ec4f60035b99625fd5c5fc88ed,delivered,2018-01-05 00:16:05,2018-01-05 01:32:24,2018-02-17 02:08:02,2018-02-20 20:52:49,2018-03-06 00:00:00
00dfb074b5c910fbd08e04691c4b712f,a5ced4926d7d8fa71e9be2b007720356,delivered,2017-06-08 19:43:35,2017-06-08 19:55:19,2017-06-09 15:12:41,2017-06-15 09:03:59,2017-07-10 00:00:00
0494bfa608beaca61486b71439135973,d66608953619ee144d97bc31d4309228,delivered,2017-04-30 21:07:30,2017-04-30 21:22:26,2017-05-04 11:52:54,2017-05-11 13:58:04,2017-05-23 00:00:00
0534ef1065535a4a5fd90098c1ad462b,b4eb7d78fa672b58a0e9883f29cb3cdb,delivered,2017-12-07 17:39:33,2017-12-07 17:52:20,2017-12-08 16:24:56,2017-12-11 17:37:26,2017-12-26 00:00:00
07b3fa22681348d67c91811d31b60e69,037bf020eead8d38386571748d79f2ed,delivered,2018-01-09 09:01:03,2018-01-09 09:08:34,2018-01-09 20:35:44,2018-01-13 01:33:29,2018-01-23 00:00:00
002691433f09002ac9ca0c4e8dbb8ead,630b8c2f4134e83812d827e8006caa85,delivered,2017-02-02 21:18:03,2017-02-02 21:30:13,2017-02-03 12:34:49,2017-02-07 13:04:37,2017-03-03 00:00:00
04f7b342a4b3d7b33bdf6aade899d685,88d6b2fc68f377ccaf29bfa20fb5064a,delivered,2017-08-29 20:25:43,2017-08-29 20:44:19,2017-08-31 17:32:14,2017-09-05 21:16:30,2017-09-19 00:00:00
033ce22f1fb407d7cefcdf8d1121706b,e9b488a1f1dd0ff995f1a64e87026fbf,delivered,2018-03-13 19:11:47,2018-03-13 19:49:40,2018-03-15 19:51:37,2018-03-21 20:49:51,2018-04-05 00:00:00
097d716d21f2b46bb265aacacb716dc8,97908817f277b94fa3948e5e7387a798,delivered,2018-02-28 08:05:57,2018-02-28 08:15:25,2018-03-01 23:17:18,2018-03-23 17:08:49,2018-03-28 00:00:00
07df21cf38c17b4fef05f15d23e3cce7,a6569ad9b99c7bb667f0ec4224ad7ee7,delivered,2018-03-05 18:12:48,2018-03-05 18:31:18,2018-03-06 21:14:33,2018-03-07 23:47:35,2018-03-15 00:00:00
086c6d64a23359add6c0488fbca20ccb,cb1bb6cbb6d68bf656db2885a5fd8d2b,delivered,2018-07-07 15:31:11,2018-07-07 15:45:46,2018-07-09 15:18:00,2018-07-13 20:03:11,2018-08-15 00:00:00
040b98b117606d34ba51c4d274a15e2d,88918d2067e3641cb1512fc6167e5d8e,delivered,2017-10-29 18:21:41,2017-10-31 03:50:34,2017-11-01 18:03:09,2017-11-09 19:48:43,2017-11-30 00:00:00
01a4ec962d7589584c11650ca20d728b,430ae219c180fc664c3981c91fd7f70e,delivered,2017-05-19 17:40:26,2017-05-19 17:50:20,2017-05-22 13:39:04,2017-05-25 11:18:46,2017-06-12 00:00:00
01bc343311e5b8090b64d6ab287a5cf0,3eef17cb7b0ffaf55b88ddfa3d793bfe,delivered,2018-02-22 14:30:12,2018-02-22 14:50:40,2018-02-23 18:27:43,2018-04-04 22:16:24,2018-03-22 00:00:00
08d7ec7381dc51d41a0e4d86314b7a98,bf396d21b4ba3214fd7d7a9c10669615,delivered,2017-01-10 17:18:09,2017-01-10 17:30:23,2017-01-16 14:39:40,2017-01-26 13:41:40,2017-02-22 00:00:00
075b7434a196cea1b664c1446bee2ff7,8d09dc54480f245a3f60ac491bbc2cdb,delivered,2017-10-11 13:36:30,2017-10-11 13:49:16,2017-10-18 19:07:41,2017-10-24 16:42:15,2017-11-01 00:00:00
0988e6e21a5bd6dee0c95d3a85970d98,fb2a6ee3f93f4a4d434cca41ba6d919c,delivered,2018-06-18 20:58:10,2018-06-18 22:16:03,2018-06-19 12:54:00,2018-06-26 23:49:16,2018-07-17 00:00:00
00c81b6675ef9ecaaff5fc1d6720b96c,9bc4a258f344f7de44ca841d25a497fd,delivered,2017-10-24 17:54:41,2017-10-24 18:14:26,2017-10-25 19:33:10,2017-10-30 15:24:07,2017-11-14 00:00:00
0baad26e1a67410a85b2b38558dade2f,12f00aefcd1d137844bb0b139527ffc5,delivered,2017-05-16 17:33:46,2017-05-16 17:45:12,2017-05-19 16:27:29,2017-05-27 05:22:14,2017-06-16 00:00:00
0c89556cf6859f7e4b104f2883aa1b97,214d10ae7f82564a736e26f93f63ad1b,delivered,2018-07-21 10:03:39,2018-07-21 10:15:17,2018-07-23 14:35:00,2018-07-26 16:34:58,2018-08-06 00:00:00
0ca492845a50b96f1143aaa61470c070,cbc5606f1ee34f29834269e606c23cc9,delivered,2018-04-02 13:55:42,2018-04-02 14:11:32,2018-04-04 17:38:37,2018-04-10 17:51:30,2018-04-19 00:00:00
088683f795a3d30bfd61152c4fabdfb2,58d89fd1f863819ff9b040734f7bd7c6,shipped,2017-07-13 10:02:47,2017-07-14 02:25:54,2017-07-20 20:02:58,,2017-08-14 00:00:00
0690b2d9b983cf580f407531575622c5,31b01af8b3ff7669130c48d6314da52b,delivered,2018-05-09 08:51:19,2018-05-09 09:10:50,2018-05-11 14:10:00,2018-06-11 11:49:50,2018-05-30 00:00:00
0633c2f778161bd80bf27cb619d6437c,693b3b377e3e7a9475f585d765329230,delivered,2017-02-08 12:31:33,2017-02-09 06:50:11,2017-02-10 14:04:02,2017-02-21 13:42:43,2017-03-21 00:00:00
06bd462509d378184b5aedc7d5ab4a18,0187f8ae367bdb9efa1bb10c65145b61,delivered,2017-11-15 22:29:03,2017-11-15 22:46:41,2017-11-17 17:06:55,2017-12-04 23:56:41,2017-12-07 00:00:00
03202c9906e9d1140a8ac3e15f4492e8,50ac016f147656d8992cef865b69b257,delivered,2018-08-04 10:52:50,2018-08-07 04:44:41,2018-08-07 15:56:00,2018-08-09 14:52:19,2018-08-13 00:00:00
08b47d41b0e91577b2d62e070628b2dc,c0a3ef518d3de3d78a7a80ed0861c529,delivered,2017-03-03 20:01:50,2017-03-03 20:15:08,2017-03-14 10:25:43,2017-03-21 11:52:06,2017-03-24 00:00:00
03cfff56e65677083384243927b9915f,13e4f3eb0b0869583f720c992376bf08,delivered,2017-02-10 20:21:46,2017-02-11 20:25:17,2017-02-13 15:27:56,2017-02-21 17:38:55,2017-03-13 00:00:00
0470834755105bf0bb1c3062a73f1d99,edf7eb0836bc6a1be99a9f8fe20ffbc7,delivered,2017-07-11 19:07:20,2017-07-12 02:10:52,2017-07-12 19:09:39,2017-07-20 19:00:45,2017-08-08 00:00:00
0b7faa591b1acf3fa59f5297017b3058,d32b49ac4cbe7f35394e35e9fba57a4f,delivered,2018-02-22 13:27:37,2018-02-24 02:50:44,2018-02-27 23:06:55,2018-03-12 19:28:48,2018-03-16 00:00:00
0c0aeabd6ae9d7a303af615334a220d0,9a31f5e48f4274cd08d49d5b6681be28,delivered,2018-08-20 14:45:48,2018-08-21 14:49:58,2018-08-22 12:53:00,2018-08-27 19:03:02,2018-09-11 00:00:00
00ab3a43bda739029ffce95d3b2fb56c,c9f69364407bc8db796b2c6f1c353f61,delivered,2018-08-10 12:09:15,2018-08-11 02:51:01,2018-08-13 13:09:00,2018-08-14 18:28:25,2018-08-15 00:00:00
0068c109948b9a1dfb8530d1978acef3,34417388de13fbcd12cfcbd9d1b8dfbd,delivered,2018-01-22 19:46:58,2018-01-24 02:53:04,2018-01-26 16:49:12,2018-02-08 18:39:13,2018-02-20 00:00:00
028aa70283170bf3cbfdce2c1b751cfa,f146be55cefde6a5c21dd2c13d699bc8,delivered,2018-08-22 06:46:47,2018-08-22 07:04:20,2018-08-22 10:13:00,2018-08-28 00:29:24,2018-09-12 00:00:00
06c5eb90406de0ba873e721e9182ecfd,b73b4079d7fa128c7eb3905913ee7d60,delivered,2018-06-12 08:46:10,2018-06-12 09:18:06,2018-06-13 16:28:00,2018-06-19 18:12:27,2018-07-04 00:00:00
00eef7fe9e315a85d1a61a50cccb2494,db19e8cffbc71ab7e1c29a1d6e4935e0,delivered,2018-02-11 13:18:12,2018-02-11 13:28:18,2018-02-16 20:07:14,2018-02-24 18:45:00,2018-03-07 00:00:00
04c3bddd55df58e83123e3b174855489,cf45e9bc7544ba97a0db03c7c7bf63c9,delivered,2018-01-26 21:34:07,2018-01-26 21:58:36,2018-02-14 20:53:13,2018-03-01 19:07:36,2018-03-02 00:00:00
023b49300b34f2b9961857266df731dc,0d0ce626603ca795728958e76c79785e,delivered,2017-09-21 09:58:40,2017-09-21 10:10:20,2017-09-21 21:40:06,2017-09-28 21:48:49,2017-10-19 00:00:00
0512bcd90b810913b8177d5324c5ee0d,104ac7ecfe1fa7f15b2a635338e104fc,delivered,2017-06-22 16:28:38,2017-06-22 16:45:18,2017-06-23 10:57:29,2017-07-01 11:23:36,2017-07-18 00:00:00
04d49c33fa60bbc46ab8514d0811d0e3,9176004cfff177c805ac4a76bef471f4,delivered,2018-05-03 17:28:08,2018-05-03 17:54:12,2018-05-08 13:52:00,2018-05-17 18:36:43,2018-06-06 00:00:00
03aba4d94f2bd838c0bb55be9d13b0f6,2daa54fc002886fa8a5deb96d1be1540,delivered,2017-12-24 20:14:44,2017-12-24 20:26:42,2017-12-28 19:14:17,2017-12-29 14:14:34,2018-01-15 00:00:00
0b7cb1c7ea62d95ba39702f4ae850108,2d618e470c95c9b425cbb0cbc42683dd,delivered,2018-04-10 18:21:13,2018-04-10 18:30:34,2018-04-12 21:11:51,2018-06-21 23:06:47,2018-05-21 00:00:00
0a3bd18b5c5d505aedd969dbba6ff069,ec4fb4c598cdf9aed7a61bc47e21fe6a,delivered,2018-08-11 13:00:45,2018-08-11 13:10:15,2018-08-17 14:20:00,2018-08-21 00:04:04,2018-08-22 00:00:00
0a3181424fe55b41f1f0d53150c6523f,44605cd64e453a25d31eb0dc3fc43246,delivered,2018-01-04 15:41:48,2018-01-04 15:51:24,2018-01-05 11:56:36,2018-01-10 21:17:25,2018-01-29 00:00:00
0124f01177fc17cf20e1974621fd759a,7fdbfe237a74f478ff41c54678f104ab,delivered,2017-05-13 14:03:25,2017-05-13 14:15:17,2017-05-15 14:02:32,2017-05-22 14:45:54,2017-06-02 00:00:00
01e662008f03009eb9b97f9333fcd6b4,bd13ebe5d7f8f2923430da33ffcf40ec,delivered,2018-06-30 10:04:41,2018-06-30 10:15:12,2018-07-03 08:38:00,2018-07-14 13:56:47,2018-07-20 00:00:00
083556b25c9ff2ecef87ad43b8d265cc,e8b7dff5642ed564e100b9a0bff241bc,delivered,2018-05-31 02:31:42,2018-05-31 02:55:28,2018-06-05 14:06:00,2018-06-13 00:28:43,2018-06-26 00:00:00
0a4480a7856cae897440eb7229b25252,9b9a9d852b98e8d9cad5a35caedb2ad1,delivered,2018-07-29 11:04:17,2018-07-29 11:40:06,2018-07-30 13:11:00,2018-08-01 14:18:40,2018-08-07 00:00:00
09357f9fdde223052006f3bae0367a29,bb61dd665fdad27f2cd99dbc0d3f34f0,delivered,2018-04-28 20:03:25,2018-04-28 20:15:18,2018-05-02 15:15:00,2018-05-24 13:12:41,2018-06-04 00:00:00
0b1bb6f28394acad8dac5b3f4e2a28c0,303d2eb8b98b4a19a0de6baa132923af,delivered,2018-01-22 19:57:24,2018-01-23 18:16:23,2018-01-24 23:32:08,2018-01-29 14:08:58,2018-02-23 00:00:00
047ea1a58aad923c2c108eafa2c28192,55ff194b4d155d1922986019aedb8933,delivered,2018-07-01 09:19:30,2018-07-05 16:05:43,2018-07-03 13:34:00,2018-07-11 21:32:28,2018-08-01 00:00:00
076ff98c0f285dcbbf7a2d5ad9146322,14e56bc25680b431575ab69186e8303b,delivered,2018-03-27 19:42:13,2018-03-27 19:50:22,2018-03-29 19:08:59,2018-04-07 13:07:44,2018-04-13 00:00:00
08f09d9ef3e4f3cdfa18431097f40682,6c35c047c1722366ee705c6e73847f80,delivered,2017-09-08 05:17:36,2017-09-09 04:45:46,2017-09-13 22:12:20,2017-09-20 16:57:40,2017-09-26 00:00:00
088a21dbb29d74a07738fb93a96b507a,fd04c6764e22cc8daca7064ed73fdf6c,delivered,2017-11-16 13:40:01,2017-11-17 03:35:46,2017-11-17 16:21:29,2017-11-30 03:28:24,2017-12-11 00:00:00
0756f4ba0fd88d3e50c7ae0d66edfb4c,38816f87277c9326c66590c7a1202fdc,delivered,2018-03-02 11:52:35,2018-03-02 12:10:33,2018-03-06 15:58:54,2018-03-30 00:48:19,2018-03-23 00:00:00
05ce7829fca9c640cd884ba446956158,16098d97a1d12a6152a14e9d930beb8f,delivered,2018-01-04 12:03:56,2018-01-05 20:37:35,2018-01-08 15:49:08,2018-01-15 20:46:08,2018-01-31 00:00:00
0ce17a5e9ad81a5eb5a948080e9b4332,7f3751bed6fa577d36ce3a74179e992a,delivered,2018-01-11 22:23:46,2018-01-13 02:09:04,2018-01-22 18:49:02,2018-02-08 16:48:59,2018-02-20 00:00:00
0c51cc0743219907058b0a266949d0a9,db374e4b74d15c33cc6685590db89d40,delivered,2017-06-21 14:59:31,2017-06-21 15:10:11,2017-06-27 16:37:53,2017-07-03 23:32:55,2017-07-13 00:00:00
0933fe2645eef2cb8ca4aeadb9d3834b,6891fd02a52a84fd2be5c51502d8f22a,delivered,2018-06-21 13:25:57,2018-06-21 13:39:46,2018-06-22 14:11:00,2018-06-29 22:42:00,2018-07-16 00:00:00
0c6777b2bcc85ed22352f240d71f3389,5864fb114a78ab4aedd6cbd78b64649d,delivered,2017-05-31 15:00:12,2017-05-31 15:10:15,2017-06-01 14:10:22,2017-06-07 12:52:06,2017-06-28 00:00:00
02cb37269f256232b81be588ef056c92,a25fb003bca8f89f1f293dff6a4bb460,delivered,2018-03-05 18:26:35,2018-03-05 18:35:34,2018-03-06 20:24:29,2018-04-07 11:38:49,2018-03-22 00:00:00
0752235c99010e0a475e14cebb1baf81,c1e06a0f8523b5b71662bfed38d79a07,delivered,2018-08-08 18:04:56,2018-08-08 18:15:25,2018-08-09 14:12:00,2018-08-16 21:29:49,2018-09-18 00:00:00
02bf0154cffa7eff0ce73027221834b9,1c37132d043014c19670796be17b81cc,delivered,2018-06-12 14:39:39,2018-06-12 15:26:35,2018-06-13 14:40:00,2018-06-27 16:37:56,2018-07-13 00:00:00
07f5bb6759aecb6dd999fea544057758,6cae3f205b77ca69e198bf63547f890e,delivered,2018-02-05 19:25:43,2018-02-05 19:50:04,2018-02-07 19:28:59,2018-03-02 20:56:45,2018-03-14 00:00:00
0b7ca56dc6b9eb97c8a0c7b19341b025,5f4228ef54e408563a162a0a80e932d4,delivered,2018-04-29 17:34:35,2018-04-29 17:50:27,2018-05-02 12:39:00,2018-05-04 18:44:40,2018-05-18 00:00:00
01006620eb4732deec44be4b0d9e33cd,e7acff27456fbf335dfae22a6bceba90,delivered,2017-10-14 21:34:35,2017-10-14 22:03:58,2017-10-17 19:10:31,2017-10-24 14:03:20,2017-11-07 00:00:00
076d71b244e240e104ffe5bf5985faa2,0ab91423d1e877aec33c6da6e9b5509c,delivered,2017-05-26 15:14:25,2017-05-26 15:25:15,2017-05-29 08:22:48,2017-06-06 14:38:09,2017-06-26 00:00:00
0b4ff1c8f1d6e97ccd8e3ff14b4a663d,37545d081a2bd27b805a154aa6ac3a73,delivered,2018-05-01 18:39:33,2018-05-01 18:54:08,2018-05-03 14:29:00,2018-05-08 20:08:42,2018-05-28 00:00:00
0b98d69e5b550f6727dc0beb88d1694b,0c5609d2ffeb93f99526462c979f5310,delivered,2017-10-11 13:35:05,2017-10-11 13:49:27,2017-10-13 18:41:51,2017-10-24 18:17:57,2017-11-01 00:00:00
0bfda4d08d29cbf3e31f33c5e213dc77,9bdfd92c9de9aa9e3e00ce21c057ca47,delivered,2017-08-15 11:16:21,2017-08-15 11:43:56,2017-08-21 14:23:48,2017-08-24 18:33:53,2017-09-06 00:00:00
0c6a35b799f52f904a18f2810c4d1772,ad48ee61dba1606e5ee496ca03710f83,delivered,2017-10-01 12:09:38,2017-10-02 12:24:36,2017-10-03 15:49:00,2017-10-16 19:50:02,2017-10-26 00:00:00
033bac5f45a9d0cf7be5e47f03ed1e44,b0ea223f5d75e25779fd005154765c3f,delivered,2017-02-05 17:01:06,2017-02-05 17:10:10,2017-02-07 13:28:10,2017-02-16 14:54:00,2017-03-07 00:00:00
0be2a2a52adfb0963b9bb86b3b668b90,b3f0f75df1c064dea7888f0afe738b4d,delivered,2018-05-08 21:04:24,2018-05-08 21:15:28,2018-05-09 15:39:00,2018-05-21 20:48:51,2018-05-29 00:00:00
011108c8a3d6eee6807f48a2e639439f,856423159bb2e932fecbc5917bce21be,delivered,2017-04-25 17:25:23,2017-04-25 17:42:48,2017-05-04 13:59:36,2017-05-19 09:26:41,2017-05-16 00:00:00
07e5349fe32847b4bc266836cda0705c,053f9f6d14eae73c5dcd35952b42f44b,delivered,2017-11-27 16:44:36,2017-11-27 16:52:37,2017-11-28 19:17:57,2017-12-04 18:42:32,2017-12-18 00:00:00
041d39835d57e12ebcd5d992e2cc7360,c4057ab5b47878bfc57f04346a8f2dae,delivered,2018-04-25 07:37:56,2018-04-25 07:51:20,2018-04-25 14:25:00,2018-05-15 21:21:19,2018-05-25 00:00:00
0cda10fd2b66ee6fc2edd8fc21f8176a,1463c5c67f6b36773fe813a44c4f5b9c,delivered,2018-04-11 14:58:15,2018-04-12 06:31:06,2018-04-17 16:41:10,2018-04-20 18:06:40,2018-05-08 00:00:00
039d7fb9ace69aed37b1baf88ff01cb0,7b41c0d366156b9e46d88f8d8ee291ee,delivered,2018-03-23 14:01:48,2018-03-23 14:15:45,2018-03-24 16:54:52,2018-04-08 17:08:25,2018-05-03 00:00:00
035518626172ac1884aa3825eb7d1379,725de95aaf5722261b06d055a7b706e7,delivered,2017-06-05 15:13:04,2017-06-05 15:25:19,2017-06-07 12:47:35,2017-06-14 17:34:39,2017-06-29 00:00:00
068176c8a0550b07cddf7e05c8d55319,f6dd501a7cd9672dac78ff3d26a9912d,delivered,2018-01-13 18:13:53,2018-01-16 03:34:49,2018-01-23 21:04:47,2018-02-04 17:51:58,2018-02-15 00:00:00
026d2c7c84b97eb8854ca3fbdc6ab840,68fda186cf0d78b846df318aeb4e85a0,delivered,2017-03-11 11:54:28,2017-03-11 11:54:28,2017-03-17 07:19:32,2017-03-21 09:08:48,2017-04-05 00:00:00
05c5f6468206cec16a8c99f231bbbe86,0224e997c339d3b6edb3ac3fbff60da7,delivered,2018-04-29 21:30:34,2018-04-29 21:50:26,2018-05-02 12:26:00,2018-05-07 20:17:37,2018-05-30 00:00:00
07120a6d39e99f6aec742cfa39ab4cac,5406b9e94d0682bfd3c683d5c54147b6,delivered,2018-01-19 07:27:23,2018-01-20 13:41:36,2018-01-23 22:59:06,2018-01-31 14:35:00,2018-02-20 00:00:00
07926fd3755c862341b7c7a15ef40b30,040998babd9231bd6c86f6e85707fa5e,delivered,2018-04-15 23:09:04,2018-04-15 23:32:25,2018-04-16 22:28:28,2018-04-24 21:36:45,2018-05-14 00:00:00
072d14a6096a0b4e29e3e2d6f11f58fa,23cb14399f270bdd209b9fc82c454048,delivered,2018-04-04 22:00:19,2018-04-04 22:10:23,2018-04-05 16:58:29,2018-04-06 23:48:40,2018-05-07 00:00:00
00bc78808b22918a467b2fa4b8ef5d68,ca0aaedb924d47b85407a1130582b836,delivered,2017-04-23 23:28:23,2017-04-23 23:42:29,2017-04-25 12:00:40,2017-05-02 13:47:08,2017-05-15 00:00:00
0b7a6fc05a25cefe1287ad5568d08c4f,2fb8001fa90031486a508d2796dcde4e,delivered,2018-05-02 13:13:49,2018-05-02 14:42:47,2018-05-09 14:11:00,2018-05-21 14:11:36,2018-05-24 00:00:00
0a8f35ef46160ef897c27ba8c423d823,21e1730d52b736bd20ae6c338e2d52b1,delivered,2017-03-16 14:12:58,2017-03-16 14:12:58,2017-03-17 07:48:42,2017-04-22 10:15:45,2017-04-06 00:00:00
01443cd06ea8bce82c554a46f307459f,7995a0161ac789e3a05607de1620d517,shipped,2018-01-03 10:43:02,2018-01-04 14:32:48,2018-01-05 17:35:19,,2018-02-01 00:00:00
0a20452461e34d59bfd981e9e06fe988,bd2865d536f66e07f6b334425e30d027,delivered,2017-02-28 17:54:36,2017-02-28 19:19:47,2017-03-01 06:43:49,2017-03-10 07:04:35,2017-03-23 00:00:00
0b8265df142be25383b96d66f4150f0b,f60105561ba924f5c86f56fb9aedf5f8,delivered,2018-05-13 19:41:03,2018-05-13 19:55:16,2018-05-15 13:43:00,2018-05-16 22:26:57,2018-05-23 00:00:00
08cd96d5c09ad751d2c4ffd556f96c31,211ae185375296b63cff2b23868ac3f7,delivered,2018-03-30 11:05:19,2018-03-30 11:50:15,2018-04-05 19:22:26,2018-04-13 20:03:48,2018-05-08 00:00:00
04a0e5cbdfc606ebca72c5b78caf81fe,f1a688a441fc43cba0c3a2af6ae3bdf6,delivered,2018-01-21 15:05:27,2018-01-23 03:52:57,2018-01-23 21:26:25,2018-01-31 00:33:15,2018-02-14 00:00:00
06a398a5e672222b10f098541b70da76,89613c693397667078f2b43896e6c8c5,delivered,2018-08-09 06:54:16,2018-08-09 07:05:14,2018-08-09 13:43:00,2018-08-25 01:52:37,2018-09-03 00:00:00
008dc31c0ae7121f2791953ae5f532c3,0855edaada8d5aeef50b56f26e604932,delivered,2018-01-06 11:22:56,2018-01-06 11:33:49,2018-01-08 19:54:05,2018-01-29 21:22:18,2018-02-05 00:00:00
040f8d4b01dfd628e0ec871546a193f7,5f09e613464dc63f9a5fa6516bd6f0cc,delivered,2018-05-11 10:26:40,2018-05-12 10:34:17,2018-05-15 10:49:00,2018-05-17 13:28:53,2018-05-25 00:00:00
09dda1ced4a7c14c742c7f2678c36641,f5c0508d514341f2b2f4d2820f9aae88,delivered,2017-08-12 11:02:56,2017-08-12 13:23:20,2017-08-15 18:42:27,2017-09-01 17:34:44,2017-09-14 00:00:00
08ad3a94339e1bddb2167b3c51faa4ac,8dc19ab48e501be6368547d40ab20b50,delivered,2017-08-06 09:42:09,2017-08-06 09:55:15,2017-08-08 14:12:06,2017-08-15 19:48:37,2017-08-29 00:00:00
019edbdfeb6923e55558362c2b84ec37,2ec93611c4a36c30917dcc0ba589d5d9,delivered,2018-04-01 07:31:49,2018-04-03 05:28:16,2018-04-04 18:04:00,2018-04-05 18:58:39,2018-04-13 00:00:00
00404fa7a687c8c44ca69d42695aae73,0c34c39c897304ff49eeade3059c4c60,delivered,2018-05-07 22:38:21,2018-05-09 04:31:28,2018-05-10 18:29:00,2018-05-18 19:04:11,2018-05-24 00:00:00
0886b681f437971243d241ece6cf21d9,acb3ac39728553eac82ec6934218ce3d,delivered,2017-11-04 12:02:41,2017-11-07 07:30:49,2017-11-07 18:47:33,2017-11-20 10:43:44,2017-11-30 00:00:00
0a87254b512c79f0943355540a189d77,f15ac90946f24de786081880a31b8583,delivered,2018-06-30 15:57:49,2018-06-30 16:30:12,2018-07-04 09:37:00,2018-07-14 20:24:32,2018-08-09 00:00:00
04836fc7917dc0bfcfbd4456ec4156ac,136d20997016db0a1a8016f0fa7b9ff5,delivered,2018-07-21 12:52:02,2018-07-21 13:05:18,2018-07-24 05:21:00,2018-07-27 20:54:51,2018-08-20 00:00:00
08af87fbe33eeebc7840433d94718046,0281f03348b06722b7e0f92455daafd4,shipped,2017-04-20 13:01:53,2017-04-20 13:10:48,2017-04-27 05:42:43,,2017-05-12 00:00:00
06b491ece3a9bd260341c1ad36870e8b,13ef9caa1bc8b42f3e24addaf15ea7be,delivered,2017-06-01 20:38:54,2017-06-03 06:42:52,2017-06-05 13:56:11,2017-06-12 12:57:51,2017-06-28 00:00:00
02d9d1d66bff41ffbce36cb7248351f3,2ecf3562920bdc387dd9a7dd40177a89,delivered,2017-10-28 20:57:46,2017-10-28 21:10:14,2017-10-30 19:17:55,2017-11-03 13:28:52,2017-11-17 00:00:00
020f04b3da1d597b9a00b825762299ba,0b42990c6a03665bc6591652ed10d6ae,delivered,2018-07-05 16:07:58,2018-07-05 16:36:00,2018-07-06 10:27:00,2018-07-13 18:28:50,2018-07-30 00:00:00
0297a2a062d136015afa9f5d9623818f,2741d30aa289cae1b78c923cf31e6470,delivered,2018-01-28 15:27:43,2018-01-28 15:34:32,2018-01-30 14:44:35,2018-02-14 21:29:06,2018-02-20 00:00:00
08c01d43e93f5c485f48758550d41eb9,e6662e391d2404ca1fd165b0a4124ea1,delivered,2017-05-13 22:22:03,2017-05-13 22:35:13,2017-05-15 10:17:56,2017-05-21 10:47:35,2017-05-26 00:00:00
0173932ad60ecb31c620fc523d9f40bd,7a24e4852c5145e3def732c1bf6da68f,delivered,2017-10-17 15:25:12,2017-10-17 15:35:19,2017-10-18 18:58:38,2017-10-25 18:53:40,2017-11-08 00:00:00
07900b3f0c35328917b0bec1c06cd28b,698bb5b5dff4a9c3238958792999686d,delivered,2018-05-18 12:17:56,2018-05-18 13:05:45,2018-05-18 15:22:00,2018-06-05 15:36:30,2018-06-21 00:00:00
0a6e8d7b7db627f4863678eba2a98eef,2519d1ee05255f59ce3859c02dca3d6a,delivered,2018-07-11 20:39:58,2018-07-11 20:50:15,2018-07-13 14:03:00,2018-07-24 17:58:57,2018-08-01 00:00:00
0030d783f979fbc5981e75613b057344,84ddc138522822dfb51b603c2f466a18,delivered,2017-11-24 20:03:02,2017-11-24 23:13:38,2017-12-15 19:34:13,2018-01-06 00:25:43,2017-12-15 00:00:00
0ad82b0c5d9f039a29814e465165a0da,3e2930de7e731ac3ed3a0b024aadbb69,delivered,2017-11-17 19:41:20,2017-11-17 20:26:50,2017-11-21 13:49:28,2017-11-27 22:42:22,2017-12-08 00:00:00
013b811ba81339b7634ab5231c547e6a,c75a1075cc4b47245da8ae972c8ac08e,delivered,2017-10-24 22:31:05,2017-10-24 22:49:21,2017-10-26 13:30:20,2017-11-01 22:35:46,2017-11-13 00:00:00
068e67bb959e282e8d5a3191c5e130ab,03a94d235a422b784953fdbad346162e,delivered,2017-06-03 23:20:59,2017-06-03 23:30:14,2017-06-05 08:52:22,2017-06-14 05:08:07,2017-06-28 00:00:00
01e51b7c3025655646143d09b911e1d7,1441fb0aa631b791bcb461e549d7b7ce,delivered,2018-01-14 09:41:25,2018-01-14 09:50:29,2018-01-15 23:52:32,2018-01-31 19:52:50,2018-02-06 00:00:00
05d579e3abe4a2d25c8feca9f7a685d8,59fd56a451437919bf2ea954a6baca5c,delivered,2018-02-08 23:50:57,2018-02-09 00:48:17,2018-02-17 03:12:47,2018-02-17 10:28:36,2018-03-05 00:00:00
09fe7a287eced3280bbc1ca7759c4c25,e661389c58bde51cc882004c8a3235c6,delivered,2018-06-19 19:35:00,2018-06-19 20:16:16,2018-06-21 14:46:00,2018-06-22 19:48:39,2018-07-04 00:00:00
0850d4915a0e1d284feb7aeee9f88573,c9b6b121d391ffb911f1fe482c753a94,delivered,2018-08-09 13:36:40,2018-08-09 14:35:26,2018-08-10 15:00:00,2018-08-11 19:25:43,2018-08-17 00:00:00
0937ee5de4e9482b7503bae26f9d243f,3d4c473f325542281c88efce5ae91375,delivered,2018-08-23 08:47:54,2018-08-23 09:04:43,2018-08-23 14:10:00,2018-08-30 00:56:19,2018-09-20 00:00:00
0822bcde10bb5d023755a71bc8f7797f,6bdf92e9fc8278f946ab67d15ebfe4ff,delivered,2018-05-07 23:29:24,2018-05-07 23:52:39,2018-05-10 12:40:00,2018-05-15 20:39:07,2018-05-22 00:00:00
045b7b7bf230ace5044f87ad5de18dd0,e79f01cdfb606795e097bc5cd880ab90,delivered,2017-10-23 16:01:09,2017-10-23 16:14:31,2017-10-24 18:53:40,2017-10-27 22:07:45,2017-11-09 00:00:00
0ca29d76f0116d46b7b5f364523feb38,57ed67c3bc4ffafc8b6f7ef565d4a8f7,delivered,2018-05-12 06:27:53,2018-05-15 03:55:59,2018-05-15 11:33:00,2018-05-22 19:42:53,2018-06-04 00:00:00
0abac83f9a40f360405460623503df7d,98baaf70b26bcffb3afc2832343f350f,delivered,2018-05-12 20:38:34,2018-05-12 20:50:42,2018-05-14 07:43:00,2018-05-21 19:28:49,2018-06-05 00:00:00
08b986f813ffdc9e5872992aaabf796f,aea2cf4df1922144129a0e8c2353a8cd,delivered,2017-05-07 17:16:27,2017-05-07 17:30:17,2017-05-08 11:44:48,2017-05-19 11:31:59,2017-06-12 00:00:00
0197416059c0e56b5344bf2188066317,bc0a84ea7543ac13807feccb5bfccf4b,canceled,2018-07-26 17:20:23,2018-07-26 17:30:19,,,2018-08-23 00:00:00
0c87b31e37ed8557e234cec91546d4cc,f2c2929ca63895910ff61424f0bc86f6,invoiced,2017-11-11 13:14:53,2017-11-11 13:30:33,,,2017-12-01 00:00:00
060b4964af74f7046c4bfd56ddeeb7e7,6ed05c8a41811fd62c04a36cfabdc3fc,delivered,2017-08-15 21:13:40,2017-08-15 23:10:21,2017-08-18 20:29:30,2017-08-22 17:07:44,2017-09-14 00:00:00
028369515408fa864cfe50091d4e76c5,dc9919c18e50e3160afe68a91cfcbc6a,delivered,2017-09-01 16:48:51,2017-09-01 17:04:34,2017-09-04 17:36:47,2017-09-12 18:08:31,2017-09-20 00:00:00
00a843f5a80c7aea894c558acc29f513,fd967f807427c24072652b1f62d4fe47,delivered,2017-09-01 13:09:44,2017-09-02 18:55:14,2017-09-04 19:04:27,2017-09-11 18:17:25,2017-09-27 00:00:00
06a84b737d3839803dfc2e1a7e740d2c,610723ccf893b7420a52056e8d460113,delivered,2018-01-31 14:41:00,2018-02-02 02:55:41,2018-02-08 17:09:43,2018-02-19 17:03:57,2018-03-08 00:00:00
07c09839b4951ac37863cf9f0f79dedf,c842b7ed6d1ad9e0eecf06cacefb1bb1,delivered,2018-05-04 00:15:49,2018-05-08 04:33:58,2018-05-10 15:07:00,2018-05-19 16:07:23,2018-05-25 00:00:00
09425a70c5acc9730fc3e17c1e81ac2c,b69f6635e14cc5819197458ea479017d,delivered,2017-11-01 09:07:06,2017-11-01 12:45:15,2017-11-03 15:34:07,2017-11-08 17:42:50,2017-11-24 00:00:00
067d7f81fe42137dd925344dceb47d20,1750863a3a72d9a25b7e95358c496a50,delivered,2018-01-25 16:58:18,2018-01-25 17:13:31,2018-02-08 20:28:54,2018-02-15 01:07:30,2018-02-19 00:00:00
0159b449009b3f8748ed7c56e9d84afe,fb7e9a0264b2987537473967c3518c95,delivered,2017-12-26 13:38:48,2017-12-26 13:49:27,2017-12-27 17:08:06,2017-12-28 12:42:36,2018-01-17 00:00:00
02e0b68852217f5715fb9cc885829454,12b78d9eacb77edde80d19b9528bcfe9,delivered,2017-11-24 06:25:10,2017-11-24 06:32:24,2017-11-24 18:46:54,2017-11-30 18:19:22,2017-12-19 00:00:00
03518b1ed227311405c355ccbda81a80,07b84eb06cfdd90b1e293bab0df8123f,delivered,2017-07-26 09:47:24,2017-07-26 09:55:21,2017-07-26 20:49:37,2017-08-01 21:39:31,2017-08-17 00:00:00
02504308041b6ad0a112b2b7159439ed,96cfaf71faaf9a904c4045fd835853cc,delivered,2018-03-09 10:11:51,2018-03-13 04:48:01,2018-03-27 22:06:36,2018-04-10 19:13:44,2018-04-19 00:00:00
0245631f7bd55dbee7c6b441629bba94,4d82e79f5404e8c3f059ab099fbe5dda,delivered,2017-10-05 18:26:36,2017-10-05 18:45:20,2017-10-06 19:48:55,2017-10-13 21:37:42,2017-11-01 00:00:00
04cfd74948a554f6f404e78f54f26b22,905bb858283fd4c7c6da0aefcafeac32,delivered,2017-10-20 16:39:05,2017-10-20 17:49:31,2017-10-24 19:58:58,2017-10-30 21:32:31,2017-11-10 00:00:00
01237c761ffb72594a466ed514518af0,344bcdb5be77a9718607ba86ca48f765,delivered,2018-07-05 22:40:15,2018-07-05 23:20:59,2018-07-06 11:14:00,2018-07-10 23:08:35,2018-07-25 00:00:00
0adea70aa873a352ff8c3646aec71c31,7949f58c22788fc436d73186a078e0ad,delivered,2017-05-20 08:41:39,2017-05-20 08:55:12,2017-05-26 06:08:32,2017-06-01 11:41:36,2017-06-16 00:00:00
0964250cecc3ab90b45138c9cbbf7b91,87cc319565647dae82dbfa9e8261f95e,delivered,2018-05-11 23:29:15,2018-05-11 23:51:05,2018-05-15 12:17:00,2018-05-24 23:21:42,2018-05-25 00:00:00
058e0a8627dc25b49eae4ce6ca658cb8,ef48ea66fb39a13e1310b36b676e29e7,canceled,2018-05-10 13:10:44,2018-05-15 07:14:53,,,2018-05-28 00:00:00
053228d082dcc4c3730e511ecd4c9fa0,2c0bc44acb0f7e0523edb387e6bd1fdc,delivered,2018-07-31 11:38:33,2018-08-01 03:31:41,2018-08-01 11:23:00,2018-08-20 14:08:46,2018-08-17 00:00:00
07b6fba80722b4ba2988ef68f8e20c9f,51460fb93e8641cb759c87b204e1fcd0,delivered,2018-02-17 20:02:02,2018-02-20 07:06:58,2018-02-22 21:33:58,2018-02-26 22:04:33,2018-03-05 00:00:00
02881d166b44a823fd6947e715dfa5e4,16c1bb03adb08d986a62093823959ec6,delivered,2017-09-29 12:31:46,2017-09-30 02:24:49,2017-10-04 12:47:36,2017-10-10 18:59:41,2017-10-30 00:00:00
0cf6d9903d24cb0d6ef8817a9612fbfd,e9a600a9582d96365e2d57f4e2f6533a,delivered,2018-05-22 09:35:17,2018-05-23 02:38:19,2018-05-28 13:16:00,2018-06-04 17:48:32,2018-06-08 00:00:00
006e91ddb0674525f84ce0da0655c7ba,aab60551b0c17b5dd31690b0d1bf3911,delivered,2018-04-10 19:17:15,2018-04-10 19:31:09,2018-04-11 20:04:00,2018-04-16 17:40:54,2018-04-26 00:00:00
0c2cc9644e4c9bb77092c7971cc436bc,68fa28baf59e30e1b833f9a21c35ba14,delivered,2017-08-21 16:49:22,2017-08-21 17:06:03,2017-08-22 20:49:52,2017-09-05 16:26:10,2017-09-19 00:00:00
0036887767dea4bd43b1a88cd0d9477a,43bb6f9650ab2a7e6ef1c93168c4cfcf,delivered,2017-10-13 00:04:49,2017-10-14 00:07:30,2017-10-17 12:56:45,2017-10-23 19:09:12,2017-11-01 00:00:00
06fef28288938378d269904800db589f,332b269682a1dfa3237a8641690993fd,delivered,2018-08-22 14:30:15,2018-08-22 14:45:26,2018-08-23 13:22:00,2018-08-29 21:36:55,2018-09-04 00:00:00
0489b618a9367918b686f03f0cdeec60,f7b083bc0eefdf761a28318a9052cf4a,delivered,2018-03-15 20:00:33,2018-03-17 02:55:36,2018-03-21 01:50:46,2018-03-26 15:14:43,2018-04-03 00:00:00
027bc78621f14cf45a7ce8dd83bf6516,ba49f69104161f11989bc1bfd6a5d6c3,delivered,2018-04-10 09:45:33,2018-04-10 09:55:19,2018-04-12 22:46:42,2018-04-14 13:48:32,2018-04-20 00:00:00
0bcaff63441802dfa8dd292f453c3635,92b3ed4e56744717c53f21d894fe1169,delivered,2017-06-02 10:45:30,2017-06-02 10:55:21,2017-06-07 14:41:10,2017-06-14 17:17:45,2017-06-27 00:00:00
052ad30f046f581349410a7b366ef674,ad9b393f25ebd743df490421048e5c91,delivered,2017-06-05 22:43:39,2017-06-06 13:25:34,2017-06-07 13:25:24,2017-06-08 10:48:45,2017-06-19 00:00:00
0ca8aabee13c6aada48490f516f823a3,37857fbc4d1b163702cce51ba6252a6f,invoiced,2017-02-06 14:12:10,2017-02-06 14:25:16,,,2017-03-27 00:00:00
0a56861d762ee1f82f5cdc2de2b1f71a,5990f7c1a76e6442f8759da9aa555d21,delivered,2018-06-27 04:36:14,2018-06-28 02:15:47,2018-06-28 10:52:00,2018-06-29 16:41:28,2018-07-12 00:00:00
06b92ba9145c3323e26ec7e27b35375f,703d42b3dd0b09b487140c480ea9cf1a,delivered,2018-01-21 22:29:04,2018-01-22 14:03:13,2018-01-23 17:13:41,2018-01-29 21:07:37,2018-02-14 00:00:00
0508768342a863478ca21854a6ac2869,1eaeea5f98120089f4f67fc088e4507a,delivered,2018-01-07 17:48:05,2018-01-07 17:56:19,2018-01-08 19:35:19,2018-01-22 22:23:07,2018-02-06 00:00:00
0c5c7803f731287953ed066d8b599372,7971e8c2a8da56cfc093d984bd572c75,delivered,2017-12-31 10:24:44,2017-12-31 10:33:03,2018-01-02 15:36:23,2018-01-16 17:44:08,2018-01-29 00:00:00
0998d3f4248f4c162beb9c06e2f87480,5aed239a8964c9d4307c5f47c0d81132,delivered,2017-08-10 18:21:46,2017-08-12 02:51:03,2017-08-14 14:35:02,2017-08-15 18:00:15,2017-08-25 00:00:00
02971473bcfb16642904d57bc3be50b8,42dfe5520e445df2b7fa0b6e0cbab834,delivered,2017-06-30 12:41:22,2017-07-01 12:45:09,2017-07-03 15:21:41,2017-07-04 13:27:57,2017-07-13 00:00:00
02f82a2b0b79e9dbb86c47cef1e92063,c7c1be68d17bb1a7cf04dd15fc4d9331,delivered,2017-05-02 04:34:18,2017-05-03 11:22:44,2017-05-04 12:50:18,2017-05-12 18:42:12,2017-05-23 00:00:00
09622aca695e14a0a89188bb86d66bd8,4db6657e3f2f229751497dc35de64e26,delivered,2017-08-04 18:28:45,2017-08-04 18:43:08,2017-08-07 20:49:55,2017-08-11 18:41:55,2017-08-24 00:00:00
0847671e74f36253e410d74921dff936,88797eeedbc6f829464f79b5fb7dcd63,delivered,2017-11-25 22:11:45,2017-11-25 22:33:26,2017-11-27 20:21:30,2017-11-28 16:38:29,2017-12-13 00:00:00
055f84fd2ebf314ebec85f8e1312f4f4,82ff01ff3cdbae8ef85c10481d360d1a,processing,2018-01-13 17:32:09,2018-01-15 10:10:50,,,2018-02-14 00:00:00
06addb9b5cc9c47e661a6eed12276418,928556f1e278269601edb5c022cd4b5e,delivered,2018-02-25 13:56:55,2018-02-25 14:10:30,2018-02-26 18:19:15,2018-03-29 22:58:51,2018-03-28 00:00:00
05bb540accb9a3fc966280b894023c9c,5e223ba2e969f6c316d104a99db67a71,delivered,2017-07-06 21:13:00,2017-07-07 02:50:52,2017-07-11 13:49:34,2017-07-13 20:41:17,2017-08-02 00:00:00
02db3eec8ec9d3a35e2afe15367f21b8,bd3416ec4a72b10772b79778916c1fb5,delivered,2018-03-26 22:13:21,2018-03-27 03:50:55,2018-03-28 21:53:50,2018-04-04 00:52:02,2018-04-13 00:00:00
036091098bdc85e780fc3594006276b7,92dd835c0a01f474014b0a888b5bef93,delivered,2018-07-19 12:59:52,2018-07-20 14:50:20,2018-07-23 13:25:00,2018-07-27 18:28:23,2018-08-02 00:00:00
01cce1175ac3c4a450e3a0f856d02734,6ec610172716519f13781b3068dde24b,delivered,2018-07-19 20:32:57,2018-07-19 20:43:14,2018-07-20 08:23:00,2018-07-21 16:27:44,2018-08-06 00:00:00
0661cdf16c55936467e8d8c561e50730,38bb17584178abe8b36778530f75d810,delivered,2018-08-12 10:49:23,2018-08-12 11:04:22,2018-08-23 14:51:00,2018-08-25 17:18:00,2018-08-27 00:00:00
0a90490b9aa5527b4f3497a6f3c725ee,e1d80b4400ee81764ffd2bb6344cbe99,delivered,2018-05-12 20:02:29,2018-05-12 20:10:25,2018-05-14 15:45:00,2018-05-23 13:14:36,2018-06-07 00:00:00
0af2dfad3d581894c3b6e266461802c3,692cd0d7d32b4c9824235b5f3f03f68f,delivered,2018-04-18 22:54:30,2018-04-18 23:11:13,2018-04-20 23:05:31,2018-04-23 21:08:46,2018-05-07 00:00:00
037578a0b32fa190a1fe9f1de5fd3f30,66d451e8b96fc3b1c1c6aba4e5cdf6e7,delivered,2018-04-18 14:01:20,2018-04-18 14:15:28,2018-04-18 22:51:44,2018-05-14 16:44:43,2018-05-14 00:00:00
024b3b6b53b99a1eb8b9b34515106765,52ec7c76aecc393c0db44c9bbcc4aa68,delivered,2018-01-23 21:33:51,2018-01-23 21:59:28,2018-01-26 21:09:31,2018-02-02 22:59:09,2018-02-16 00:00:00
0aa9e8581362267ddb91df2f3a64f811,c11a2942b74c892bc0f7511479d680fa,delivered,2018-03-26 17:00:06,2018-03-26 17:10:19,2018-03-27 20:58:27,2018-04-02 21:48:54,2018-04-18 00:00:00
030e9e4de3076fb365bf6549b920215a,0af4f4ee7ed623c51c524afd235ae5d5,delivered,2017-05-31 20:13:40,2017-05-31 20:22:23,2017-06-01 07:45:44,2017-06-06 12:52:50,2017-06-26 00:00:00
08ee999a47fad7aab826e8604eff09a1,e19d9cd545762d92ff8781dbd7aaa4c1,delivered,2017-05-28 20:07:57,2017-05-28 20:22:09,2017-05-29 08:21:52,2017-06-05 12:14:47,2017-06-27 00:00:00
08b7dbdd744f8be921b6e7f7fac199b7,79d759965d96166fd8926ab2c6353747,delivered,2018-06-17 14:13:41,2018-06-19 04:16:48,2018-06-19 12:52:00,2018-06-20 23:58:30,2018-07-04 00:00:00
029c545413b10a6bd7540401f6eef0a3,2131f859f33715756b10efb97d873a85,delivered,2018-07-10 17:16:33,2018-07-11 09:30:27,2018-07-17 14:23:00,2018-07-20 16:14:38,2018-07-30 00:00:00
00ab210695a17fe10e6b23616ae5bc97,c87e0e6aa4b3321adb017785ff605af2,delivered,2018-06-12 06:19:27,2018-06-12 06:35:05,2018-06-18 11:01:00,2018-06-19 22:12:23,2018-06-26 00:00:00
011405ae7b89def8ffb3468eb29c299d,a9262f07bdf485ee87c6780a830ff83a,delivered,2018-05-04 13:39:26,2018-05-05 13:50:23,2018-05-07 15:44:00,2018-05-09 13:14:40,2018-05-21 00:00:00
06c31507077733735c9c4593fec6e386,78bf26d205e36dc287fddbb10e00fcde,delivered,2018-01-08 10:25:53,2018-01-08 10:35:26,2018-01-08 22:54:00,2018-01-16 16:57:02,2018-01-31 00:00:00
0694819ba6eedfe7b88c187ecb440a9c,b0d798d76605a085ed8b3a196da24b24,delivered,2018-02-20 12:04:26,2018-02-20 12:15:40,2018-02-23 18:49:13,2018-03-07 21:04:42,2018-03-12 00:00:00
08904f6557108c451821501ca9e6aa4a,f69122629f3b9eefba47cc225aca93ec,delivered,2017-11-25 17:11:40,2017-11-25 17:31:38,2018-01-04 21:13:43,2018-01-24 16:25:42,2017-12-26 00:00:00
083b812dd46ddf24d9ae0b6429139c9f,a5babc0d525097dca3f22398b2edfd2d,delivered,2018-07-13 07:47:48,2018-07-13 08:04:06,2018-07-19 10:40:00,2018-07-24 21:55:43,2018-07-31 00:00:00
0a9814deb494ce0733321ca35f215a22,b9bec98c6738f16d7dc4e1f8e0e2c18a,delivered,2018-05-05 16:09:12,2018-05-08 04:55:12,2018-05-10 14:28:00,2018-05-16 20:12:08,2018-05-24 00:00:00
0a87de586a94b42f2294c207845674ab,da4b0dd3c2d5b6d284288457c7bf612e,delivered,2017-05-24 08:59:54,2017-05-24 09:10:11,2017-05-24 11:28:40,2017-05-30 16:13:23,2017-06-16 00:00:00
07f6947cb721727031402e0cd6d6e5e9,0b169717fec8c12a53790ce862ee480c,delivered,2018-08-07 21:34:23,2018-08-07 21:45:19,2018-08-08 14:09:00,2018-08-13 18:08:35,2018-08-24 00:00:00
05692a713a2d25d85ac77a607b7db643,274ae39bf372e0bf2908736a9bc598ed,delivered,2017-11-12 23:42:14,2017-11-12 23:50:30,2017-11-16 16:35:59,2017-11-21 15:17:49,2017-11-27 00:00:00
0b5754bbc86b2ff33bba8be1cab6c230,91d2ecf0eb5229a6d5251f06a6a31cf2,delivered,2017-09-04 11:59:58,2017-09-05 12:05:18,2017-09-05 20:15:26,2017-09-14 18:21:47,2017-09-29 00:00:00
07460d5693ce1f6577ebd04b4ad091eb,0ff624414ba63f57af8921508338a509,delivered,2017-09-25 07:46:47,2017-09-25 08:32:21,2017-09-26 12:41:37,2017-10-02 20:32:16,2017-10-19 00:00:00
02b8fcdd1bd75d7d5861f407dde29768,947460703c5712189a4e5b5cfff686bc,delivered,2018-05-15 11:12:08,2018-05-16 11:19:08,2018-05-16 13:02:00,2018-06-02 16:03:15,2018-06-13 00:00:00
02f4865eba77caf307bb9f08d0a59a32,8c0371d9a7330d609cb2b0f9781183d0,delivered,2017-04-19 03:08:08,2017-04-19 03:15:05,2017-04-20 07:56:35,2017-05-09 12:06:48,2017-05-11 00:00:00
0c47c8eb31ce1b27d2cc41c7475aeab8,b2953e4ac52f5594d9c90b84b607df3b,delivered,2017-10-16 19:41:27,2017-10-16 19:49:37,2017-10-23 20:38:03,2017-10-28 15:10:08,2017-11-07 00:00:00
002175704e8b209f61b9ad5cfd92b60e,a562db3c7cb9a68947debd30879b491e,delivered,2018-04-22 12:13:25,2018-04-24 17:24:48,2018-04-23 19:03:19,2018-05-02 20:38:44,2018-05-14 00:00:00
07242eb6740fc0feb5044eda405a4782,bc8b9e820a6ac8f83ced0f3d5501614a,delivered,2018-06-08 09:59:30,2018-06-09 02:57:48,2018-06-12 19:36:00,2018-06-13 23:53:34,2018-06-28 00:00:00
0cbd2aa629e9ecbbcf518a10e247414f,b777e264df0b508f453971fb87c2a0b7,delivered,2017-03-27 20:40:27,2017-03-27 22:15:18,2017-03-28 10:22:55,2017-04-06 15:37:55,2017-04-18 00:00:00
041bceeb0d1b95b5079ffb1ba84a779d,38ac160055eedc7c75233b488b5dd50b,delivered,2017-08-29 13:03:47,2017-08-29 13:15:12,2017-09-04 20:47:00,2017-09-13 18:00:05,2017-09-25 00:00:00
04f917df18d906d8a147182234788026,1d30580f1dabbd156f95dd1948a76d53,delivered,2017-05-17 16:49:14,2017-05-17 17:05:11,2017-05-18 10:59:06,2017-05-31 10:33:32,2017-06-22 00:00:00
0c2ffdbbbd418a6e9f2bb7fa8ebd9b35,38e0361914e4c2f5254078d7b06e7eb7,delivered,2018-06-19 11:16:23,2018-06-19 11:35:19,2018-06-19 14:57:00,2018-06-22 22:22:45,2018-07-11 00:00:00
08a5453387460507541a8dc95bd67856,0315fdb0599e98fc798d9b2951f121ff,delivered,2017-12-11 07:58:26,2017-12-12 03:50:05,2017-12-13 20:33:34,2017-12-26 22:06:18,2018-01-04 00:00:00
06c9818464bb97d2f13568dd66e904a9,64a7f1076e9d17d6f5208d3ce76a7eb8,delivered,2018-02-16 13:17:13,2018-02-16 13:30:24,2018-02-19 18:47:47,2018-02-21 02:59:09,2018-03-02 00:00:00
05906ff9618d78153208c80165d91b2c,5fa72a993139ba4e448cdb029f85899e,delivered,2018-04-15 14:23:46,2018-04-15 14:50:27,2018-04-17 01:16:22,2018-04-24 17:38:56,2018-05-09 00:00:00
015e6682b50c824bfdab6b866f937936,f6188d661010819b1eac0c417e0c4cdf,delivered,2018-01-23 16:03:56,2018-01-25 02:38:30,2018-01-26 18:32:31,2018-02-03 17:19:45,2018-02-07 00:00:00
0ad81e043e6a8e37686407afb25710a1,cee73b4a0a763b2ee84c418e32868e56,delivered,2018-02-23 11:09:19,2018-02-23 11:31:07,2018-02-26 20:42:53,2018-03-22 13:28:56,2018-03-23 00:00:00
049ede3fc839758e81752a9dacd1f911,2055909723147d7d653939c0094cee34,delivered,2018-08-02 21:35:18,2018-08-03 04:35:12,2018-08-06 15:29:00,2018-08-10 14:21:32,2018-08-17 00:00:00
045fdf416ed4db7ae710009397448586,d71417bdc4732253d051aea71d4141b6,delivered,2018-01-12 12:04:11,2018-01-13 11:56:19,2018-01-15 22:43:08,2018-01-24 21:56:55,2018-02-08 00:00:00
0692bac30867d1bf96c14aadbff1cf17,c5db75451fbf381870054e426b6863bd,delivered,2017-09-09 22:29:01,2017-09-09 22:43:27,2017-09-11 19:05:53,2017-09-13 18:32:45,2017-09-21 00:00:00
0771233ce445ab49cb2542af0243618e,052c33d5b6909c0fe63290cb7bd7c08a,delivered,2017-09-06 07:52:36,2017-09-07 02:50:36,2017-09-08 16:03:14,2017-09-15 18:49:53,2017-09-25 00:00:00
07e43f12d5d3bd569e03916b9482a8d5,872f27f2b440662abc43503889206577,delivered,2017-08-04 10:33:07,2017-08-05 03:05:33,2017-08-07 19:37:45,2017-08-15 17:55:54,2017-08-31 00:00:00
00975e709cd12c34d3bd44e4a7f7a876,3c52d94017a3d96915999f30cf42a9ce,delivered,2017-08-21 12:54:37,2017-08-21 13:05:16,2017-08-21 19:07:09,2017-08-23 23:04:17,2017-09-06 00:00:00
02737086e020bd456ae19e98fee5c186,f3576e2845514e8c7a3a89fd7691c745,delivered,2018-01-17 18:06:57,2018-01-17 18:17:40,2018-01-18 23:59:06,2018-01-26 01:09:15,2018-02-07 00:00:00
0cce12b5e68a55914cd38b40985f7262,3e0c0674e2aa2cd249bc32ec8e472d00,delivered,2018-01-20 20:48:14,2018-01-23 03:37:51,2018-01-23 14:33:19,2018-02-09 15:42:35,2018-02-15 00:00:00
0497899302217e8f8ea8645ac33c1882,aad20e68b92b9d5989bb98698bec41d1,delivered,2017-02-07 11:21:12,2017-02-07 11:30:17,2017-02-07 14:38:37,2017-02-16 07:59:59,2017-03-15 00:00:00
07f56da421233e467768e579872a0a9b,15570f9541efe0202b897116ca6a4cf7,delivered,2018-06-25 17:08:24,2018-06-25 17:34:08,2018-06-27 06:22:00,2018-06-28 17:56:52,2018-07-05 00:00:00
09d1a6d95af99a860b37ed53fc9a3c2d,02328f102511a876aa72a31e2a80ec3d,delivered,2017-08-23 20:42:54,2017-08-23 20:55:20,2017-08-24 18:26:14,2017-09-04 22:35:48,2017-09-15 00:00:00
0a5d7e24850c68bf00d39bd62a9a45ee,cb544b0c548dbf3e9e52914472d56415,delivered,2016-10-09 11:43:43,2016-10-10 00:23:10,2016-10-21 18:02:19,2016-10-28 06:07:44,2016-12-06 00:00:00
08e678b21510aad65dccc928f6599921,aed1f7e0b31d7d3151cb6fc31cae2904,delivered,2018-06-26 09:25:30,2018-06-26 09:37:58,2018-06-26 14:04:00,2018-07-03 19:22:39,2018-07-26 00:00:00
08d61eb463e165c095e7de595a773d90,ddb1b2c2aa460a5532a28067b1adc06d,delivered,2018-03-05 18:12:32,2018-03-05 19:20:30,2018-03-23 20:38:36,2018-04-03 20:26:26,2018-03-29 00:00:00
05c5ce6594030e91bb9de44352d0ff05,218751f47454855f63dd09ed692e34fc,delivered,2017-08-31 19:28:56,2017-08-31 19:44:56,2017-09-01 18:49:59,2017-09-13 17:44:44,2017-09-27 00:00:00
04082ed3fe3aa0b4af00796e94ead6ba,4700d67caf6d4f7e9bf60d730cac3c69,delivered,2018-05-10 17:24:33,2018-05-10 17:38:09,2018-05-12 08:14:00,2018-05-25 12:41:43,2018-06-06 00:00:00
0ba66e23f27848fd3bbff7f24632b0b1,b915e678efb894d35e8ef23dabc97e85,delivered,2017-12-15 14:37:16,2017-12-15 14:52:55,2017-12-18 18:47:12,2017-12-20 14:39:18,2018-01-04 00:00:00
0434058c92c9306bb6d1edd50bf3526a,2ef691fd17de0f7ba5299ba1a11a00c3,delivered,2018-02-14 11:54:55,2018-02-14 12:07:19,2018-02-15 22:57:53,2018-02-19 15:43:36,2018-03-07 00:00:00
099e239a7cce8ed6ef0905feb80808c0,57a16805e4ec6a43a9603e3a36fafdea,delivered,2018-06-04 08:35:20,2018-06-06 02:54:16,2018-06-07 06:50:00,2018-06-22 01:32:46,2018-07-20 00:00:00
090d3784ef3038b64220941aa370584b,75aee3f7800d3d43002e7d5705c31b4a,delivered,2017-09-20 19:29:18,2017-09-22 04:05:11,2017-09-25 16:58:59,2017-10-02 20:03:12,2017-10-17 00:00:00
09ce422617b0ec4c246ceb2922ea1ea1,b1ac696f4c189722e28f5fde229eacc5,delivered,2018-08-22 10:48:54,2018-08-22 11:04:30,2018-08-22 16:12:00,2018-08-30 20:44:47,2018-09-04 00:00:00
02b8c16664d3c254052472397ae6d244,7a629fdfaab8a550e6b9ee97c4ec25de,delivered,2017-08-15 09:37:46,2017-08-17 02:45:23,2017-08-17 17:59:03,2017-08-24 19:28:49,2017-09-06 00:00:00
07a038893865b59b24c46892652be2b7,0ee2a7b14cf16326830092602fd73cc8,delivered,2018-07-10 20:06:29,2018-07-11 20:06:07,2018-07-12 16:03:00,2018-07-24 17:32:40,2018-08-07 00:00:00
0bd6ba2a0ad5458f31a20239363b2e00,32ae8ecaf26fb3a2a0cb81bcc3049657,delivered,2017-08-11 11:29:20,2017-08-11 11:44:17,2017-08-14 14:58:01,2017-09-04 13:34:13,2017-08-31 00:00:00
0896eccb8187d6b1738ce4a3a1add1b3,50b848cc87798c6c8261280fbe780227,delivered,2018-08-13 12:16:56,2018-08-13 12:30:38,2018-08-13 17:57:00,2018-08-17 19:11:53,2018-08-21 00:00:00
070d6fe21e7d454b11f1cb27ca2c15c0,ffbf82fe167e7156e06fc1778d6b1cea,delivered,2017-08-05 09:08:55,2017-08-05 09:23:12,2017-08-11 19:34:08,2017-08-26 14:34:02,2017-09-06 00:00:00
0a485e9f82800bf8b36ae34ad2a91aa2,c6f55b8c3f988e35978224e981b26836,delivered,2017-10-13 10:21:42,2017-10-13 10:35:15,2017-10-17 11:02:59,2017-10-27 03:43:40,2017-11-21 00:00:00
046735e8e55ac5d5eee44e008b9e9720,d87f9f36f8fa985c1d0c64981d5e1d7f,delivered,2018-03-24 22:39:49,2018-03-24 22:50:31,2018-03-26 15:42:25,2018-03-27 20:11:30,2018-04-06 00:00:00
003423b755b562962a6225a8de40d12e,18f1bb6325d50619d5c13b7a25b869fd,delivered,2018-07-08 11:28:17,2018-07-10 04:25:09,2018-07-13 15:00:00,2018-07-24 21:33:38,2018-08-08 00:00:00
0764f8b9a45b0305b75e1bbd614ffaaa,093e5958897592f409553d0344ce50c2,delivered,2017-09-16 21:00:06,2017-09-16 21:10:10,2017-09-27 22:24:30,2017-10-01 11:52:06,2017-10-06 00:00:00
0bb77e62d791c3e5b009815ac19825be,2185bf3ec325c64b51adea2ab19aa708,delivered,2018-05-14 14:28:23,2018-05-14 14:51:04,2018-05-18 15:12:00,2018-05-23 16:22:28,2018-05-30 00:00:00
08fc40afed49b10079c4c6a31ffc093b,95ae8f8b2660ab72b433470f27396a3f,delivered,2017-10-08 19:18:20,2017-10-08 19:28:31,2017-10-09 16:38:25,2017-10-16 19:22:45,2017-10-31 00:00:00
084408fe97c377238b5ee3e8bed4c99d,4733ae003f8ee471b008a1bb07cf1633,delivered,2017-11-25 05:12:26,2017-11-25 06:16:14,2017-11-29 23:14:52,2017-12-11 18:54:26,2017-12-28 00:00:00
0bf51fdc3af690e954d2ee0c4346b47d,742885a3980aa8cfc45909779e60831d,delivered,2017-11-25 23:44:16,2017-11-25 23:58:28,2017-11-28 21:18:02,2017-12-04 19:38:26,2017-12-21 00:00:00
06e30282882c8f52575603b55ed877ce,0bb62e6f9d167ed22e1ee8e12276f947,delivered,2018-05-18 00:35:17,2018-05-18 03:56:27,2018-05-18 09:17:00,2018-06-04 21:52:54,2018-06-08 00:00:00
0b1290e557f053467333ff365790c5a4,5e2ad1cfbbd5ff1eb07d7612befef8d2,delivered,2017-08-10 20:50:21,2017-08-10 21:05:14,2017-08-11 17:27:30,2017-08-22 20:17:40,2017-09-06 00:00:00
00c826c901ab01b6f598a8f0c9b56b82,cd46bd8781c25750e96a37a5e32450cc,delivered,2018-04-20 10:24:13,2018-04-20 10:35:25,2018-04-24 15:55:40,2018-05-02 16:28:42,2018-05-18 00:00:00
04f7a2c35c535b543c6042ee73b125f0,2fc226fece39c0126543c387768ad5ac,delivered,2018-03-02 17:00:47,2018-03-06 03:55:36,2018-03-09 17:45:31,2018-03-23 23:18:47,2018-03-29 00:00:00
06fc554a38ed6385ac2b121049b5cad5,f97aa3d662919e6238fb759c9e657bca,delivered,2018-06-26 13:30:57,2018-06-26 13:56:03,2018-06-28 07:39:00,2018-06-29 15:12:20,2018-07-11 00:00:00
02d63a39dc1b1a296141b46d3db19415,e20a7db0678d2a167680a003fc25d4cd,delivered,2018-03-31 19:40:39,2018-04-02 19:07:51,2018-04-07 01:19:25,2018-04-13 18:52:13,2018-04-19 00:00:00
098a17af931400d21917fe24f3346b53,e68621623204cede934062122606c445,delivered,2017-08-17 22:22:29,2017-08-17 23:15:14,2017-08-18 15:57:53,2017-08-31 16:50:39,2017-10-05 00:00:00
08b3f1bd357ed38db6e89e3e0f3899be,8da4534bcce0e3cf6cb5cd6f31948164,delivered,2017-11-14 07:51:51,2017-11-17 03:50:41,2017-11-17 18:28:25,2017-11-20 14:46:56,2017-11-28 00:00:00
0cf8068e7b7318f0e518be23c903b9f2,3aa3badf42189513115df5858d5c2678,invoiced,2018-08-04 13:38:30,2018-08-04 14:24:15,,,2018-08-13 00:00:00
01fa35042136b75da24ce2a391b30eb9,6cb82041991c34e22c481ba240faeffc,delivered,2018-01-08 15:45:38,2018-01-08 15:54:20,2018-01-09 23:33:51,2018-01-12 21:58:48,2018-02-07 00:00:00
028aa7c930356788f861ed1b7f984819,4f093ba642d31211516e40197a8e3aa6,delivered,2018-01-13 20:35:15,2018-01-13 20:49:46,2018-01-15 16:56:57,2018-01-29 21:51:18,2018-02-14 00:00:00
003f201cdd39cdd59b6447cff2195456,e41d728aab3d0dff5fb070f93eb61345,delivered,2018-02-21 16:59:24,2018-02-21 17:10:41,2018-02-23 00:07:44,2018-03-28 18:54:53,2018-03-22 00:00:00
08ec1f862c4cca80515d39b2787601f4,107a43f9c1860b4116fbf0519f888c3c,delivered,2017-11-05 01:06:20,2017-11-06 22:35:59,2017-11-07 19:03:09,2017-11-30 19:44:35,2017-12-12 00:00:00
0a2d80bb09b766e032d077eb834788e4,cc4cdd1e7613c6b6797f7cd76691b883,delivered,2017-10-13 19:01:24,2017-10-13 19:14:27,2017-10-16 21:27:49,2017-10-23 20:18:06,2017-11-01 00:00:00
020a1591ace758e4c97d7843e1a03a88,3c59cb3e5e8348b4f5303307f6c6048a,delivered,2018-08-13 06:52:04,2018-08-13 07:04:20,2018-08-14 12:30:00,2018-08-15 16:38:34,2018-08-22 00:00:00
0c16747a08be86a9c23f1cb8f3e7568c,eab676576871f35b5954a84272b96c9b,delivered,2018-04-15 14:00:50,2018-04-15 14:15:11,2018-04-16 18:52:39,2018-04-23 18:02:47,2018-05-09 00:00:00
01fac9bdfa271bcaf57218f971649ab7,0dc409c0b2ee6af05d8caf7a5676a672,delivered,2017-09-21 12:39:45,2017-09-21 12:55:14,2017-09-26 10:37:39,2017-10-09 19:10:18,2017-11-14 00:00:00
0ad3d55b3745d0afb5dd2d9f86c25dbb,09147d2789c6b1e2b4f0b8bd46d48013,delivered,2017-12-28 00:09:13,2017-12-28 00:18:24,2017-12-28 21:21:53,2017-12-29 16:02:55,2018-01-17 00:00:00
0342b8bec301294021371c16411b6c40,2d26266839bdc081b22334efe8f14230,delivered,2017-09-27 16:05:45,2017-09-28 19:25:26,2017-09-29 16:12:36,2017-10-02 14:33:21,2017-10-13 00:00:00
015a7c64361928a0782ec0e705174b6d,c9eba034ee5ffca9771a1a60f603c827,delivered,2018-06-17 19:54:47,2018-06-19 03:57:28,2018-06-19 11:11:00,2018-06-29 11:19:36,2018-07-20 00:00:00
01a3ee1c837fb57db23d898f0eb5111d,a07376bae88bd48df71a590d7191739c,delivered,2018-01-23 12:35:21,2018-01-23 13:01:04,2018-01-24 18:22:56,2018-01-29 18:19:06,2018-02-07 00:00:00
046ce63db7db8b9160b6231429c8ea66,581e111945cc20950fe90ffd21931234,delivered,2017-08-23 15:25:07,2017-08-23 17:33:03,2017-08-25 13:22:41,2017-09-15 10:57:56,2017-09-27 00:00:00
027a84a16c22c706669f35d578853f3e,5993edc559f101a53914bdcdd9d230bf,delivered,2018-03-31 14:56:26,2018-03-31 15:10:15,2018-04-04 17:53:31,2018-05-02 17:06:53,2018-04-23 00:00:00
04c5574dca3570ecdde1cf8527993017,32cce0517ae46ccab825ee186eb8734e,delivered,2018-03-22 08:33:23,2018-03-22 08:49:16,2018-03-27 23:32:42,2018-04-03 19:34:25,2018-04-10 00:00:00
005a1dded353107dbabf8ffc83a20365,d7165639dc4a682258711343560a17d3,delivered,2018-02-09 18:00:00,2018-02-09 18:10:50,2018-02-14 23:40:04,2018-03-02 22:41:48,2018-03-07 00:00:00
0bedd120ca5fc643805cd124f8805a86,da44b6af8b732fcd253a4dcc4afb1e7a,delivered,2018-04-09 08:53:39,2018-04-09 09:10:10,2018-04-11 20:25:47,2018-04-28 02:06:50,2018-05-15 00:00:00
095d64baca2fe257a3dfe98da12f0460,c13f247183bc165964e488ea322be2f3,delivered,2018-05-03 13:51:07,2018-05-05 03:50:25,2018-05-08 15:09:00,2018-05-21 21:16:18,2018-05-23 00:00:00
00f6ac4816d12f49026b09f2aa77d15f,9bb70fa63970b9d88191a90481d551da,delivered,2018-08-06 17:17:40,2018-08-06 17:30:14,2018-08-07 14:39:00,2018-08-13 16:18:48,2018-08-27 00:00:00
0af0621c001cb61ae1559c8f6417e1c6,239e340d23f21f1c9886eeb7c3d16c27,delivered,2017-09-17 15:12:35,2017-09-17 15:27:58,2017-09-18 17:58:57,2017-09-26 23:14:28,2017-10-04 00:00:00
0c92cd0095b2e1f57c013f2094f4e434,d09516047dc5fa84a13d5b3273c09a6c,delivered,2018-07-20 11:20:15,2018-07-20 11:30:17,2018-07-20 14:25:00,2018-08-03 20:56:48,2018-08-27 00:00:00
0a0e76ba55e310fd24657a1f532b97c1,faf4c7a6a07938227b98f454caee1814,canceled,2018-06-24 14:49:59,2018-06-24 15:18:57,,,2018-07-20 00:00:00
05c30545ba4331e04ae0de1523bb41f4,eee54012f3ee01c587f3c2ba276b8094,delivered,2017-09-04 12:24:46,2017-09-04 12:43:59,2017-09-05 18:08:05,2017-09-15 19:27:31,2017-09-26 00:00:00
0212767fce39149bfc2e12d54be96f65,b7079d031085e5dda5e1bcbd5ee3b031,delivered,2017-06-11 23:09:07,2017-06-13 04:43:01,2017-06-13 13:13:15,2017-06-14 14:41:45,2017-07-04 00:00:00
0affd51e37e6621004e4fe4fd7c64f4b,693d7169ea4da2b4cb918c2c9b7e290d,delivered,2018-08-12 15:42:03,2018-08-12 15:55:19,2018-08-24 14:33:00,2018-08-29 17:16:50,2018-09-13 00:00:00
040375f78f9a97d7edfa4e9d2aa8273d,bb8efe79c2c42a2d9ab089ca35832fb3,delivered,2018-01-25 13:58:54,2018-01-25 14:19:58,2018-01-30 19:54:58,2018-02-21 21:49:20,2018-03-01 00:00:00
06ef029fb5e8d178fae15f909432ccc7,3eb07ec22fc740ce9b764a90fe636775,delivered,2018-05-11 11:03:37,2018-05-12 03:15:21,2018-05-15 06:44:00,2018-05-18 11:38:46,2018-05-30 00:00:00
0825a0aa574e4d49396e37335aa640f1,e429e3d84062a519aaa2f9355dbea8eb,delivered,2017-10-12 13:03:52,2017-10-12 13:14:25,2017-10-16 20:12:36,2017-11-03 16:05:07,2017-11-10 00:00:00
0967ab27ef08c9ab5cb890eb3c1f8f5b,9164aed89273c9b5a816b1a34fa37e34,delivered,2018-07-15 14:23:19,2018-07-17 04:31:31,2018-07-17 15:33:00,2018-07-23 17:24:59,2018-08-03 00:00:00
03e5d6a8dd520898f86f8429ccd07c21,72b319c928f3d04322db2e904d91a611,shipped,2018-07-30 11:51:13,2018-07-31 12:31:25,2018-07-31 14:21:00,,2018-08-16 00:00:00
05640486a5e0b8140b20506acf791af2,ee13725bd807d030e78f60a8113d120e,delivered,2017-07-04 17:27:52,2017-07-05 17:42:09,2017-07-06 13:54:25,2017-07-12 15:09:50,2017-07-26 00:00:00
0589d8b975f21fea2ad626ea99527911,77dc1be4c4766a308f7c7516b732a825,delivered,2018-02-27 16:36:42,2018-02-28 16:35:43,2018-03-01 18:47:44,2018-03-07 22:44:26,2018-03-28 00:00:00
0311da9b3ac095a57a2662813e179bcb,34b18316e1c66360c7d2603da9a8b0f3,delivered,2018-02-20 21:24:12,2018-02-20 21:47:16,2018-02-21 20:27:04,2018-03-12 17:40:51,2018-03-15 00:00:00
08c7b46d1dfd29f3200c439119cfe4ac,2af6e83a140873ebe51bc9beb29143a7,delivered,2018-02-25 12:28:13,2018-02-25 12:49:00,2018-02-26 18:43:06,2018-03-07 15:58:40,2018-04-09 00:00:00
03f8a04136edb44e749e0c70e8793caa,25751e4cdda6d1c387781a1b9e93e72e,delivered,2017-06-14 10:42:20,2017-06-14 10:50:16,2017-06-14 19:42:52,2017-06-23 07:57:54,2017-07-05 00:00:00
00f426c7214575822c3cb44ea59ef0f6,f5958334207adf09817b5451cba61651,delivered,2018-07-13 07:40:22,2018-07-13 08:45:09,2018-07-16 14:08:00,2018-07-25 19:32:10,2018-08-13 00:00:00
002b430ff89b3a24c31a1170acbbedea,8d69dbf0f4dcb6c90367e0877ae94732,delivered,2017-06-20 21:55:21,2017-06-20 22:10:14,2017-06-21 11:26:14,2017-06-29 14:57:35,2017-07-12 00:00:00
035c0a7b70aeddb6865a1faa3ecd1cef,9e0c3d9fa27dcc05361fb6b771f112bd,delivered,2018-01-02 16:07:09,2018-01-03 04:14:36,2018-01-05 18:46:49,2018-01-08 16:04:55,2018-01-18 00:00:00
0c484845a32b2d44b9857ab5c1956b99,4cef993bd4c1f61b12e8a8823f20cb08,delivered,2018-04-12 14:01:54,2018-04-12 14:10:40,2018-04-12 23:18:28,2018-04-16 20:50:58,2018-05-15 00:00:00
0b137ac032763829e728afcfee3ac3f2,b2bef38366dc077d98cbc04d439fa233,delivered,2018-07-01 20:25:18,2018-07-01 20:35:14,2018-07-02 14:34:00,2018-07-06 16:26:33,2018-07-18 00:00:00
01b84214591ddd4edad9fa4a1f344f84,828c30ae3a51aea1d168e88e6e735bf7,delivered,2018-01-03 19:12:28,2018-01-03 19:27:03,2018-01-04 16:36:40,2018-01-16 02:33:43,2018-02-01 00:00:00
0a70b96b1997e3c8953bfa4254ad1144,2e40ab493582930b739c8a2b2a08b54f,delivered,2018-03-10 15:22:20,2018-03-13 04:15:46,2018-03-19 12:51:52,2018-03-28 14:56:53,2018-03-28 00:00:00
057c9f435d8e14fda9a72b7bbf8b381d,92ad887388f84f3df2ba6b2249cecc3a,delivered,2018-04-24 23:52:11,2018-04-25 00:11:29,2018-04-27 14:47:00,2018-05-02 15:09:05,2018-05-21 00:00:00
04378b376807e5fbc797362f9e06ea2d,59a972de56e32837ef21cada8664ddc2,delivered,2018-04-15 11:54:06,2018-04-15 12:10:45,2018-04-16 19:27:40,2018-04-24 19:36:36,2018-05-11 00:00:00
0094bd07f49fed90209ffa62d1ef26d6,de0c1a4d8c367c58d66e61dfa379f4cf,delivered,2018-05-01 02:04:16,2018-05-03 04:12:53,2018-05-10 19:19:00,2018-05-16 21:12:15,2018-05-14 00:00:00
066bcda20b88b5f4d4870b32a387f822,dad80e24bb5ca55d7be9d9f94e174a5a,delivered,2018-07-30 19:16:25,2018-07-30 20:04:28,2018-08-01 11:27:00,2018-08-06 17:18:35,2018-08-23 00:00:00
04948f70a0acaf8f9bcbc5602c4a7a47,d61f9007e9d3abfc30b266dc4f843ce7,delivered,2018-01-14 20:11:36,2018-01-14 20:18:20,2018-01-16 21:08:11,2018-01-26 18:36:47,2018-02-08 00:00:00
00584d79015452d19fd3d044ba3abdc0,85d84596608ea7f87175ca9521ee12aa,delivered,2017-07-23 19:11:15,2017-07-23 19:27:31,2017-07-24 19:44:26,2017-07-26 18:58:35,2017-08-11 00:00:00
089a371eeab2f86ebe76b23a4c99d3b1,db29e72564815db5aa89037daf547c81,delivered,2018-02-21 15:35:42,2018-02-21 15:49:13,2018-02-22 20:38:56,2018-03-14 19:03:57,2018-03-19 00:00:00
0327e521bdeabce73fcf327b2fc94c92,1519b1653748a7af60dc6f3d515bd4ff,delivered,2018-05-02 14:20:59,2018-05-02 16:19:56,2018-05-03 14:18:00,2018-05-04 19:33:15,2018-05-16 00:00:00
0abb65aa29ab57e5f52f657d22b47648,1652b873dc2f33c68dc15bb05e7542e3,delivered,2017-07-02 15:51:01,2017-07-02 16:03:25,2017-07-04 08:32:51,2017-07-12 21:14:35,2017-07-26 00:00:00
075e94be744f3e28a18d6ea444785f45,dc044d4d4ee10fe14d01b88c46ed2d73,delivered,2018-07-19 10:49:19,2018-07-19 11:05:14,2018-07-20 12:37:00,2018-07-26 14:32:18,2018-08-15 00:00:00
0b4e6da2eae282f0a0072085c7adacfe,767e8c949b1dabe87db4cacd1d9e7fe8,delivered,2017-11-06 17:29:19,2017-11-07 03:31:22,2017-11-07 21:35:06,2017-11-21 19:25:44,2017-11-29 00:00:00
08906bb784f60b396fdf8fb1773c5e47,3d816d69b7882f96f533d4d355a3f06b,delivered,2017-11-07 18:03:01,2017-11-07 18:15:50,2017-11-08 20:18:58,2017-11-10 20:07:55,2017-11-27 00:00:00
030d5292e5796b7c461070e04a7ad556,880d640d4c1edb86a3499acd04525e2d,delivered,2018-02-01 23:05:45,2018-02-01 23:15:26,2018-02-03 02:49:06,2018-02-07 13:21:38,2018-02-23 00:00:00
06339e75ee1b614953aef978ef01d766,b36cee83a40635fe990ad29c7171f33f,delivered,2017-04-15 23:55:38,2017-04-18 03:55:42,2017-04-19 10:21:33,2017-05-26 09:12:42,2017-05-16 00:00:00
0a8c0300318aedd7b66f6dbc27409ece,f9549d865e9b3338b99f359a1e763afc,delivered,2018-01-24 14:50:26,2018-01-25 09:31:11,2018-01-25 21:24:35,2018-02-27 23:25:13,2018-02-22 00:00:00
02be6bbf24cd996eb35dad6e9e7a09ab,c68ba7c278daca261cc3ae4f90821d39,delivered,2018-01-19 10:19:28,2018-01-19 10:33:00,2018-01-24 22:54:54,2018-02-07 21:07:06,2018-02-14 00:00:00
00b6e66f005a657a6b13eedcacdf9342,3f0ce4e8579d852bd56ab8bbe66f1870,delivered,2018-08-11 10:47:05,2018-08-11 11:04:38,2018-08-15 13:54:00,2018-08-21 14:46:31,2018-08-31 00:00:00
08636a3fcd5c2b3e957b9b8c6ac8ecd9,4537e1008a9afab2213beb76df625f95,delivered,2017-08-12 10:05:35,2017-08-15 03:50:11,2017-08-16 15:26:49,2017-08-25 17:15:29,2017-09-05 00:00:00
0a31cde0de75146ec6aa043161f74cf3,19820840290b94e5f07b8e02b7a57258,delivered,2018-07-15 12:59:52,2018-07-16 13:30:38,2018-07-18 11:12:00,2018-07-24 19:03:46,2018-08-10 00:00:00
0a584a18a05ee90c0e3793bb14a9ad3a,0d55393eac5360eec19095b10b1fab90,delivered,2018-06-21 01:15:25,2018-06-21 01:38:57,2018-06-21 15:17:00,2018-06-27 16:58:44,2018-07-04 00:00:00
021d08e4057e5b6414c8d2f69f4f72a0,7470a1ddb5f78a811fbef15b2556781b,delivered,2016-10-07 17:37:49,2016-10-07 18:01:40,2016-10-25 12:05:58,2016-10-30 01:25:57,2016-12-19 00:00:00
0911e1a17247955a0d55f29f3199272b,05410463d02d98f83438d9ab15a0cab1,delivered,2018-02-22 20:29:58,2018-02-22 20:45:35,2018-02-28 23:03:35,2018-03-14 13:14:42,2018-03-21 00:00:00
00756576f4e494406945ac21cb82cfe0,f51670c66e7e928844fc66261ed1b91b,delivered,2018-01-30 18:08:21,2018-01-31 13:31:57,2018-02-02 16:28:53,2018-02-09 16:23:23,2018-02-23 00:00:00
00588f5f20fee630b83d4709e0a42715,b129d989bd1940915efbdc2d239386d3,delivered,2017-08-18 16:02:24,2017-08-19 16:04:45,2017-08-21 21:12:51,2017-08-30 20:43:32,2017-09-29 00:00:00
06495b5a6aa3e4527e8c1fb34d47ea70,0e178c8fb4e6772ba156b0b795993c2d,delivered,2018-02-21 00:35:53,2018-02-21 05:15:33,2018-02-22 16:35:38,2018-03-13 22:11:22,2018-03-19 00:00:00
03b5a8a7f871d2a792f7af458fe13b4a,33f307d7f53585400ed7821b15a43132,delivered,2018-06-10 21:37:36,2018-06-10 21:51:55,2018-06-12 06:47:00,2018-06-18 18:48:24,2018-07-04 00:00:00
064c5d7833bce7bb4c9bff1302ac9d0a,a747a8896b60b5b62650776b82fac7d6,delivered,2018-02-26 20:57:39,2018-02-26 21:15:30,2018-02-27 23:33:14,2018-03-23 19:54:53,2018-03-19 00:00:00
00f1cc7439ccb8671133776d1829faf5,5bbefc8139328a291147ac389f226052,delivered,2017-11-22 22:07:04,2017-11-24 03:12:39,2017-11-29 18:33:48,2017-12-01 20:16:37,2017-12-04 00:00:00
0a6b6d3fb4616f5b647bc8b0b8f69e0d,ec3e951d452fe7bc2a123f2544665c4b,delivered,2017-10-16 10:26:51,2017-10-17 10:35:24,2017-10-18 15:43:15,2017-11-06 15:23:07,2017-11-09 00:00:00
01b330808c5819a6a3cb79b72f0b8288,c59e8ff99836e90d8b457d4122dc34e9,delivered,2018-03-12 15:22:12,2018-03-12 15:38:46,2018-03-13 16:07:27,2018-05-05 12:38:38,2018-04-04 00:00:00
00275bce676303c3bfd7292aefdfa223,a12427487c970a4a75dbeb5884f126a8,delivered,2017-11-24 23:10:30,2017-11-28 03:39:45,2017-11-29 17:28:59,2017-12-04 19:42:16,2017-12-14 00:00:00
0a9d793da20eb89ec326c840c46d7a9b,39f008f05281376690e251346106e6e8,delivered,2018-01-23 01:04:59,2018-01-23 01:14:43,2018-01-27 19:19:41,2018-01-30 18:53:15,2018-02-07 00:00:00
0725ad25260ef550bc00be1179252efe,d8fd3e0c904be88775c9541883cc5dbe,delivered,2018-06-08 09:34:48,2018-06-08 09:55:52,2018-06-08 14:02:00,2018-06-16 00:22:40,2018-07-04 00:00:00
056c68d093c100017aab1f00f260705c,2a3e9cc5c751116945121703c3013c83,delivered,2018-04-21 11:36:34,2018-04-24 18:23:52,2018-04-24 19:31:39,2018-04-30 23:32:07,2018-05-08 00:00:00
05bd4a1f3930d20f351ce8c406d77103,21b744d40c3f56ef36b6207f61c49db8,delivered,2018-04-25 23:44:28,2018-04-26 08:10:14,2018-04-26 14:00:00,2018-05-04 00:34:45,2018-05-21 00:00:00
028e069ddb78a5a7179f1e6734e226c6,7475f775af7286fdb7c6802eade228bf,delivered,2017-08-20 12:10:57,2017-08-22 03:45:54,2017-08-24 19:22:48,2017-09-12 16:35:44,2017-09-13 00:00:00
022790f69760d0a1c025cd3acdf13927,c2b5591d50732618e8245b7c01bda8cd,delivered,2017-10-08 20:24:03,2017-10-08 20:35:23,2017-10-10 20:45:10,2017-10-16 23:32:42,2017-10-31 00:00:00
06cd9d207dfbdde70cff4074b5b3dfaf,369fa8413084d3ca6d64c8532ed1943b,delivered,2018-06-04 09:15:35,2018-06-04 09:29:57,2018-06-04 14:44:00,2018-06-18 18:08:35,2018-07-18 00:00:00
08ea1bc252569389d95f453e057ff092,e5dfc88a9e962f7b532ed9559d3bcc61,delivered,2017-12-10 22:58:21,2017-12-10 23:15:16,2017-12-11 22:58:46,2017-12-18 19:43:38,2018-01-05 00:00:00
0705d1148d3c3d342f1a8c8ad33e5d3f,0805dba577d40a903cd65769580953ad,delivered,2017-11-26 22:34:08,2017-11-26 22:53:02,2017-12-07 14:48:30,2018-01-22 18:18:49,2017-12-18 00:00:00
0261b9a1fd7da49cec3906e055b2f59d,8e78dbe65183a6e99960e0ce46b373ae,delivered,2017-02-26 23:37:07,2017-02-26 23:50:19,2017-03-01 11:09:38,2017-03-15 06:55:38,2017-03-30 00:00:00
0368f4fdb586fe3cde123934d4ab5b5e,f561479d04074fcab81dd916fd6a79e4,delivered,2017-05-29 17:55:47,2017-05-31 07:02:53,2017-05-31 15:56:57,2017-06-16 17:37:54,2017-06-22 00:00:00
05ddc7eac5c1d01a5412368354426943,1e0123f53e6dd3fba2b938d4d5871029,delivered,2018-02-27 16:00:24,2018-02-27 16:15:33,2018-02-28 00:28:50,2018-04-02 17:18:36,2018-03-19 00:00:00
02d2287dea15cd93d945f1749f3288ed,79b51496a256b201c6b620c4106e9166,delivered,2017-01-31 16:59:03,2017-02-02 02:45:22,2017-02-06 16:23:42,2017-02-10 13:08:46,2017-03-01 00:00:00
011105c3b5b8693eda1bfb1f152cec2a,63cff72cfb37670b3c826dedcaf32a6d,delivered,2017-07-31 13:45:07,2017-07-31 13:55:22,2017-07-31 21:03:27,2017-08-08 12:45:52,2017-09-01 00:00:00
0cb709ce376d73c096eac3e210ebd5d6,da78330582f1c9cd7b9bed4c3453f269,delivered,2018-05-17 20:07:30,2018-05-18 01:57:24,2018-05-22 14:55:00,2018-05-25 19:36:35,2018-05-28 00:00:00
00c4f17dcb94448f27a2cbaa83f10a4b,92422ec9b02504c4d12eecce874990bf,delivered,2018-06-08 19:18:56,2018-06-08 20:33:17,2018-06-12 02:41:00,2018-06-12 14:57:44,2018-06-19 00:00:00
06ebe0964f3c6ad099d9117fb1e66980,72a1f1778a30429fd6162428855b0c1e,delivered,2017-10-16 23:09:52,2017-10-17 23:06:26,2017-10-18 20:17:36,2017-10-23 19:51:47,2017-11-06 00:00:00
0be31296e8456f2017743c363de5a1da,7ca107237a9bd4f07595806d73b75edd,delivered,2017-09-03 17:30:48,2017-09-03 17:46:37,2017-09-05 20:13:08,2017-09-12 21:53:46,2017-09-26 00:00:00
02702047ff5a89b9dd2f5afa7dcff91e,cc1b493af97ae700d97fce303d5af14e,delivered,2017-05-11 23:04:35,2017-05-11 23:15:09,2017-05-17 14:10:01,2017-05-22 16:08:38,2017-06-02 00:00:00
058dbc6a010af0332e7515f383c02b5b,b7f32ab5dccec6b4e6343bb8f3bc7a05,delivered,2018-07-31 12:11:39,2018-08-01 12:30:55,2018-08-01 16:00:00,2018-08-06 16:28:54,2018-08-14 00:00:00
0a131976e98291762104959158e2bdc6,a396376e9147cf6dedca4eea41c5eafe,delivered,2018-07-14 16:12:14,2018-07-14 16:25:17,2018-07-16 12:44:00,2018-08-05 17:12:18,2018-08-07 00:00:00
0a09de65d90e684e2fbd1c2588733f37,731330fb63d7ccdebeb8f36bc312c031,delivered,2017-08-17 14:35:26,2017-08-17 14:55:08,2017-08-22 18:22:13,2017-09-04 20:21:57,2017-09-21 00:00:00
0b3ca8c9e3b3199306adb467fcd0e982,1b58076659bb8e9596faec56777da25c,delivered,2018-07-16 13:34:31,2018-07-17 04:05:10,2018-07-20 13:23:00,2018-08-03 18:29:09,2018-08-13 00:00:00
012b3f6ab7776a8ab3443a4ad7bef2e6,5ecc5bb2b96483a913b2d138e56aa1df,delivered,2018-05-04 21:18:05,2018-05-04 21:33:37,2018-05-05 09:30:00,2018-05-12 12:58:39,2018-06-01 00:00:00
0358c6f73774fe4d4ea9b936ce61ab2a,826620317269a6de80fbdfa41e213c83,delivered,2017-05-02 20:47:48,2017-05-03 16:02:59,2017-05-09 09:06:10,2017-05-22 23:49:44,2017-06-07 00:00:00
0ce94e50ed7d28e7856f3d127990d17c,2f7a0d01d00f7711a9334e4266cf0cfb,delivered,2018-07-29 21:26:11,2018-07-30 09:25:08,2018-08-03 15:02:00,2018-08-09 13:46:48,2018-08-24 00:00:00
00048cc3ae777c65dbb7d2a0634bc1ea,816cbea969fe5b689b39cfc97a506742,delivered,2017-05-15 21:42:34,2017-05-17 03:55:27,2017-05-17 11:05:55,2017-05-22 13:44:35,2017-06-06 00:00:00
04bd525b12a75a2a6fafd26414588301,cfd6d3b7873694cf0b8b35a3fd00d504,delivered,2017-05-09 16:58:34,2017-05-09 17:10:08,2017-05-10 14:36:55,2017-05-18 07:57:49,2017-05-29 00:00:00
0c355e13567802628373895daf5f0a61,3e3cb27f0d01f9763177c6de2d4bf139,delivered,2017-12-31 20:17:14,2017-12-31 20:27:40,2018-01-11 14:34:20,2018-01-15 18:17:44,2018-01-31 00:00:00
0c436bbfd70e98c64bb73b3f23a78d23,6f1fc079f4830debca704c7575c2883f,delivered,2017-11-19 15:08:33,2017-11-19 15:26:32,2017-11-21 17:23:27,2017-12-01 16:32:59,2017-12-12 00:00:00
0a5e1bafba05f64884feb58a0bd822a0,a64a5b108e13e362e90eb0ff71dec9ec,delivered,2018-01-13 15:05:52,2018-01-13 15:16:29,2018-01-16 13:56:12,2018-01-26 13:07:35,2018-02-08 00:00:00
014e7d12255fc66b5ea5e6c93eb4be7b,55ae57a8afd95ff914731cd2ff9bccab,delivered,2018-01-26 10:54:11,2018-01-26 11:31:19,2018-01-26 19:41:28,2018-02-16 18:48:40,2018-02-21 00:00:00
00bdebefeb760588a3425fad9dfed3d9,c14cec6645dffb638b0cbbf9daf4a557,delivered,2018-03-08 15:59:34,2018-03-08 17:00:27,2018-03-09 22:16:22,2018-03-14 21:08:39,2018-03-26 00:00:00
0cda3f4a118f3654ee4e487e867fa036,74756c0559cd1cc497e70925b040c013,delivered,2017-08-09 18:44:36,2017-08-11 04:15:34,2017-08-11 19:16:03,2017-08-17 12:18:45,2017-09-04 00:00:00
0a001a3fae4c5478fd40c669ab7c7f48,5c66c2564730b91a30cfc39190fc7dc1,delivered,2018-05-12 19:04:30,2018-05-12 19:16:39,2018-05-15 14:07:00,2018-05-21 19:58:42,2018-06-06 00:00:00
0a9de604052383d06ffc7a3390c727cc,03d3a988c4d392b88975238160a947f0,delivered,2017-08-02 22:53:35,2017-08-02 23:05:13,2017-08-07 19:32:58,2017-08-15 17:36:58,2017-09-04 00:00:00
03ee63602079004d0098fecfc1d4cfe7,8d5c6965b3461f79bdbe90e8cd67407f,delivered,2017-08-15 17:08:00,2017-08-15 18:44:31,2017-08-16 15:57:40,2017-08-24 15:40:18,2017-09-08 00:00:00
04a92860751dfe7ae41f71e1228ffd18,c532a74a3ebf1bacce2e2bcce3783317,delivered,2018-05-14 13:30:21,2018-05-14 13:56:47,2018-05-24 14:26:00,2018-06-04 20:48:29,2018-06-12 00:00:00
02e3d94731a28fe10ec1aa91b72b544b,5d90c459057d56d74e1299113a657887,delivered,2018-04-29 15:32:56,2018-04-29 15:50:45,2018-04-30 13:15:00,2018-05-08 16:27:32,2018-05-28 00:00:00
03ef5dedbe7492bdae72eec50764c43f,496630b6740bcca28fce9ba50d8a26ef,delivered,2018-08-29 14:52:00,2018-08-29 15:05:22,2018-08-29 20:01:00,2018-08-30 16:36:59,2018-09-03 00:00:00
0901f97cdb91762c043d2330c81919a4,336857dea01e0e67e04d8e9fa9b61508,delivered,2017-11-29 11:10:29,2017-11-29 11:37:26,2017-11-30 18:48:21,2017-12-07 20:07:02,2017-12-13 00:00:00
00c95282163553a982f38481f9488481,e17b2b66a87062574242f1b20ab8b2a1,delivered,2017-08-09 18:27:49,2017-08-09 18:44:14,2017-08-10 18:58:57,2017-08-17 20:09:41,2017-09-06 00:00:00
049ad2bf8710b108e943f5074aed4939,ef502a24cf89085171f7a1ec7625e43f,delivered,2017-11-08 09:03:18,2017-11-09 05:31:35,2017-11-09 19:17:35,2017-11-10 17:22:06,2017-11-22 00:00:00
053060b606af02b5ea4b079dd492ec5b,61527352a91ee41c02fa8c3bda8423f3,delivered,2018-07-13 09:52:00,2018-07-13 10:06:17,2018-07-17 13:18:00,2018-07-20 18:36:26,2018-08-06 00:00:00
0148d3df00cebda592d4e5f966e300cc,672510553bcfbf72de694db2cd88f046,canceled,2017-08-19 19:08:26,2017-08-19 19:24:32,,,2017-09-11 00:00:00
0446b999e57cddf002396ed4baa07074,18391e6f0c771e4f2cc815e155e61d53,delivered,2017-09-25 07:05:47,2017-09-25 07:15:14,2017-09-27 16:53:01,2017-10-02 16:29:08,2017-10-17 00:00:00
03f51c9adce893f63936c5146701aa2f,36f565da5dace4bd09fa635892eb5fe5,delivered,2018-06-17 11:03:15,2018-06-18 17:20:26,2018-06-19 12:59:00,2018-06-28 20:17:06,2018-07-24 00:00:00
0cf7571add1c69ad1e6c35589c2a8876,6b1e761a745eb03341d8158e9e9cd3d7,delivered,2017-11-05 12:54:01,2017-11-07 08:30:55,2017-11-09 20:51:28,2017-11-14 21:43:02,2017-11-30 00:00:00
0c433b41ac4f5739f4c65e19bbdc8208,bdfcde44c62495b7eeb742881cc8a4a3,delivered,2018-01-09 21:05:46,2018-01-10 20:57:26,2018-01-12 23:25:53,2018-01-24 21:44:52,2018-02-01 00:00:00
0858c9b11272c041d6de2fdcdbc392f1,ef183189c0523a0c16c6d32c5e73ef62,delivered,2017-04-08 19:28:28,2017-04-08 19:42:23,2017-04-11 09:02:19,2017-04-17 14:51:41,2017-05-02 00:00:00
0035c0b07126fe9c24a325216fb96064,c8c4991d84dbfef1f61c6152486db6d4,delivered,2017-11-24 01:08:37,2017-11-24 01:29:45,2017-11-28 17:17:17,2017-12-07 16:59:21,2018-01-03 00:00:00
0392bc239ce28b0377e6b3073df2c674,bf33e19935f4274841aad728f5f91d06,delivered,2017-07-13 10:47:14,2017-07-13 11:03:58,2017-07-14 16:25:51,2017-07-24 17:43:50,2017-08-04 00:00:00
0c06a823dbc08a3948528a087cc01906,180bbae17bfa825b909b9daf2217d77b,delivered,2018-07-28 20:32:42,2018-07-28 20:45:12,2018-07-30 14:06:00,2018-08-01 15:38:40,2018-08-10 00:00:00
05bfcf9e287cad216cadb8a850f8db5c,51cc1e38d0489d588d7a687da73b2458,delivered,2016-10-06 10:47:15,2016-10-06 16:05:51,2016-10-30 10:54:35,2016-11-07 11:18:58,2016-11-30 00:00:00
01ed8d522a969ceeb6ba285a161bf4c9,6b1d775b2094e9c5a3a86e9e8fe01b3f,delivered,2018-05-13 17:58:56,2018-05-13 18:13:28,2018-05-15 11:00:00,2018-05-18 17:42:45,2018-06-07 00:00:00
09744659d8e64274cf91bb288d9c3aec,75321717fe3af2a3148090d18c699f9d,delivered,2018-07-16 12:41:30,2018-07-16 12:50:19,2018-07-20 16:08:00,2018-07-30 15:39:20,2018-08-09 00:00:00
0905da36ee109b78ec1a3c9e089148a0,e95fd5cca40cc862687dda4846f9ac00,delivered,2018-04-24 23:24:26,2018-04-24 23:35:13,2018-04-25 12:04:00,2018-05-11 20:23:45,2018-05-29 00:00:00
036bbb637f99f662c928d303d461ffe1,4b4a571ee8ef4a370a0cc9402b6a5744,delivered,2018-03-20 11:52:52,2018-03-20 12:10:37,2018-03-21 19:04:21,2018-03-28 21:05:16,2018-04-09 00:00:00
069ba523744cdda8bdd148d748540487,49f17fca0708821d89d63803a5a2f954,delivered,2017-06-11 19:53:34,2017-06-11 20:10:11,2017-06-12 14:04:21,2017-06-19 19:22:41,2017-07-21 00:00:00
04c3f7aeb511208363bae893105bd410,dfeb892a28d77cb8432b1c0c402bfcc8,delivered,2017-07-05 13:05:53,2017-07-05 17:42:58,2017-07-13 20:44:53,2017-07-21 19:31:58,2017-07-31 00:00:00
0c73113256d69beb31380c221529f19b,33728393eaaf9ce7c3ba59d63f31c26a,delivered,2018-02-09 11:37:38,2018-02-10 11:30:28,2018-02-14 20:03:30,2018-02-16 02:36:58,2018-02-23 00:00:00
0a3ff573ad87fe549fa3ce5c3f07b2cf,2aa42c33faa0688068c11abd00378113,delivered,2018-05-05 17:02:55,2018-05-08 04:55:13,2018-05-09 19:00:00,2018-05-10 23:14:53,2018-05-22 00:00:00
042d7868efeb34d5748cf9262016f6be,11e9a91d1c890094c148f7ed75642135,delivered,2017-08-30 14:57:25,2017-09-01 02:30:37,2017-09-01 20:42:59,2017-09-12 19:34:51,2017-09-20 00:00:00
07e2767fa261c1d690924d6d3baa379f,8f061069ee6bdea1be38ac7fb3de2d1c,delivered,2018-02-23 15:44:22,2018-02-23 16:08:18,2018-02-27 22:12:30,2018-03-05 17:14:46,2018-03-15 00:00:00
03c14c8290a74e1b205057282a26c63c,be19dc32fdd2380731782b48abe63211,delivered,2018-01-24 16:00:25,2018-01-25 02:58:47,2018-02-14 11:55:00,2018-02-16 03:07:43,2018-03-01 00:00:00
0930c651c82aaf68df7e69eed1816170,c6e095c02c127a9a70519bafb092be5c,delivered,2018-02-28 19:20:10,2018-02-28 19:30:27,2018-03-02 21:56:56,2018-03-05 21:39:05,2018-03-13 00:00:00
03d3db2eb72705d4b4dd30987cf610f8,670ec71eb17d748055f9fa2a0d111979,delivered,2018-04-09 22:18:02,2018-04-10 00:15:47,2018-04-11 22:09:40,2018-04-24 12:13:37,2018-05-07 00:00:00
093b4a025c91a570d1f3b60d428b60a0,b3327f513a96d213bb42f1aa16ee4d31,delivered,2018-02-26 14:57:42,2018-02-26 15:15:32,2018-03-07 23:18:59,2018-04-17 23:38:31,2018-03-16 00:00:00
0354fc44bfc5b7a6d382427c6046f5e1,c055020629cdb9a9bb8b46ac9eb7b1b8,delivered,2018-01-27 09:26:54,2018-01-27 09:34:23,2018-01-29 15:29:10,2018-02-21 13:29:15,2018-02-21 00:00:00
0869a3c8a1dd07c13e4847627fcc704f,ffa36f901675ec7bb972fc9c0d773d1f,delivered,2017-11-24 16:09:01,2017-11-24 20:13:28,2017-11-27 19:41:47,2017-12-11 15:34:28,2017-12-19 00:00:00
07dcf38560b8c50e101b3281edda6112,8aaad69c0f33504ee7c6bad3ae9e20a6,delivered,2017-10-03 15:04:22,2017-10-04 02:49:20,2017-10-04 19:16:54,2017-10-06 20:12:43,2017-10-25 00:00:00
07fc346abda30b632be799f5b4be2bd8,a1eef3423bc0e8339b67cb2208aa3f94,delivered,2017-07-17 14:04:47,2017-07-17 14:15:21,2017-07-26 14:21:38,2017-07-27 16:36:50,2017-08-03 00:00:00
043671e7714932580dc35789804ffbcc,6a4ddebfbf47946b17af9d23bca8208c,delivered,2018-01-18 17:05:20,2018-01-18 17:16:23,2018-01-19 16:49:05,2018-01-22 20:54:05,2018-02-05 00:00:00
0ac83eb5438f811c9d825c0a059a0f28,2c7fd840b20f1551c8a151f86349f19a,delivered,2018-02-19 19:54:43,2018-02-21 06:10:28,2018-02-21 19:26:40,2018-03-20 17:21:47,2018-03-20 00:00:00
03c7d8b2c13e98ae77a8167d1a8be2bf,ff5231b8a2bfe583c3ff95675d3f4c0e,delivered,2018-01-18 19:34:36,2018-01-18 19:53:13,2018-01-19 16:54:27,2018-01-22 20:35:49,2018-02-02 00:00:00
025c72e88fbf2358be05c594d4ad5091,4e766deafc3ec54aa57cb6d4d705e506,delivered,2017-03-15 21:24:27,2017-03-15 21:24:27,2017-03-16 13:54:27,2017-03-28 16:08:03,2017-04-13 00:00:00
06c9d7fdab61bfa60de3edd9ec99a28b,8445054b3aa0f68751e0f1ce5af349e8,delivered,2018-04-03 14:13:38,2018-04-05 02:27:47,2018-04-06 23:44:49,2018-04-14 00:26:22,2018-04-27 00:00:00
01cadf993df82ff0e318addbd022f0fe,25ed0dc24f7c50b87f638e5b368d06ca,delivered,2017-10-15 19:48:23,2017-10-15 20:20:24,2017-10-16 16:38:15,2017-10-23 18:38:59,2017-11-10 00:00:00
0c349a33319c2d39efe799b472d71e7d,a1b1a9ff13df8a206377a149ceb54924,delivered,2018-07-22 23:10:44,2018-07-23 12:32:24,2018-07-24 11:02:00,2018-07-30 16:30:44,2018-08-08 00:00:00
014f1e63f9bd4f5578edcf4e5c305a0a,956b98e4d6642bc3c6ceccea5aa488a9,delivered,2017-04-09 20:17:53,2017-04-09 20:30:20,2017-04-10 10:37:41,2017-04-17 09:59:47,2017-05-10 00:00:00
04d93c61c57f9d6d4886adce5a64a9b0,606b9b7f9b4d451c3824adc8386d0557,delivered,2017-03-01 08:28:57,2017-03-01 16:35:18,2017-03-02 13:01:40,2017-03-07 07:53:41,2017-03-20 00:00:00
098cd6e4219c395a4de25a34d1adcaee,583cfd6b691f0de917b193d39e7a1508,delivered,2018-03-27 13:28:41,2018-03-28 02:50:17,2018-03-29 22:32:58,2018-04-17 06:56:39,2018-04-19 00:00:00
088f6cd16a7a4bb22e9ab6dc417739c3,a6d7640f52f30dc6dbc120c31cfbebe9,delivered,2018-03-25 17:13:44,2018-03-25 17:27:47,2018-03-27 21:21:13,2018-04-02 23:14:40,2018-04-12 00:00:00
06a7f7a7fc6a846c853dd6f52a81be06,bc3b33c776afd3818bff753856688345,delivered,2017-02-12 21:40:53,2017-02-12 21:50:22,2017-02-13 11:32:22,2017-02-15 13:22:09,2017-03-13 00:00:00
085b1f163267ab9db88bb6b4145e0df7,978092e16f71e6b97416a1763155e4e1,delivered,2018-01-19 08:13:59,2018-01-19 08:32:31,2018-01-20 00:48:28,2018-02-08 15:08:55,2018-02-14 00:00:00
09b6cccc4166713f232f26db93a5d21e,59b7bf209533f09866b42a6ea7076666,delivered,2017-08-04 12:01:39,2017-08-04 12:23:48,2017-08-07 13:03:37,2017-08-12 12:37:43,2017-08-28 00:00:00
02ce6664223305cea5b46ef1f2d81461,df3647cd1abeadb6a0fe143deb1b8cd2,delivered,2017-08-02 21:25:06,2017-08-02 21:42:54,2017-08-03 18:29:42,2017-08-08 15:41:45,2017-08-22 00:00:00
0adc694b12e2711cde18a5d31576bef2,9f0c1f084027175956642f25a0c96cba,delivered,2018-01-17 11:02:09,2018-01-17 11:12:20,2018-01-17 18:45:19,2018-02-15 17:14:46,2018-02-14 00:00:00
01978b8bae8292ffb4cee6abdf9b9089,a93aa8521621d68fc2a9bef496f701bb,delivered,2017-12-08 11:29:00,2017-12-12 03:57:24,2017-12-12 16:45:57,2018-01-03 18:47:38,2018-01-09 00:00:00
017b11be3048fdfb58e63edc5fc8f4b8,1c34888248845ed3c9607a2652adad9c,delivered,2018-06-14 23:39:06,2018-06-14 23:58:27,2018-06-15 13:35:00,2018-06-25 19:51:39,2018-07-11 00:00:00
010ab3b1993057e91f825c672375a66d,0e17f21d1c39581137b6cbc8d14bea37,delivered,2017-02-20 08:19:21,2017-02-20 08:30:15,2017-02-20 14:11:28,2017-03-02 14:06:14,2017-03-23 00:00:00
0a859572e5956923f4b083363aae7d7b,6afc62083bb702009f39e1b65e3bf2a3,delivered,2018-01-15 15:42:50,2018-01-16 03:50:55,2018-01-17 12:43:07,2018-01-26 14:45:56,2018-02-06 00:00:00
04814d2760b610101075888832621881,25631315ece1d1541fbede2ef9b2b379,delivered,2018-04-30 11:49:11,2018-04-30 12:15:23,2018-05-02 13:35:00,2018-05-06 15:47:38,2018-06-01 00:00:00
06ab29b4849c4417bdac17b1e8a6e482,1f2fc9a5e5b79afd37cab0a1458277c2,delivered,2018-01-09 09:23:33,2018-01-09 09:32:35,2018-01-09 17:27:30,2018-01-11 15:48:43,2018-01-26 00:00:00
094303c767dff093564257cc4d0e2c29,dface4a39e0988b07091bee092e06a0e,delivered,2017-03-19 16:55:53,2017-03-19 16:55:53,2017-03-23 09:33:04,2017-03-31 09:13:39,2017-04-24 00:00:00
04221a4eb2e1a30903ffaaa72f8b268c,ebda943a2404d5532405326f2673ac91,delivered,2018-06-29 11:03:15,2018-06-29 20:15:10,2018-07-03 11:01:00,2018-07-05 21:37:29,2018-07-20 00:00:00
08e744bae85a55aa0143f7b41878a45d,5acaa0f6483771e35b156b28688839b4,delivered,2018-06-12 15:02:02,2018-06-12 15:46:57,2018-06-13 12:03:00,2018-06-20 17:38:34,2018-07-04 00:00:00
063be5d2e54f57f9673b26b87c8d8bfc,c3d53f4a39f61b483aa1746e60a2913e,delivered,2017-05-08 22:53:37,2017-05-08 23:05:19,2017-05-09 10:42:53,2017-05-13 10:22:52,2017-06-09 00:00:00
0c87dd1621990a460672f431810cb35c,d89b1257a6d34bbbbb9d3741fd88c3b2,delivered,2018-06-07 11:29:13,2018-06-07 11:58:30,2018-06-08 11:00:00,2018-06-19 14:59:41,2018-06-29 00:00:00
04f2e760bb583d5d2f8b88e247d58d09,aec38d4420cfbed169a7d1e2163a8154,delivered,2017-11-27 10:28:54,2017-11-27 10:38:20,2017-11-28 20:42:25,2017-11-29 17:16:50,2017-12-12 00:00:00
0cbea266e238cccbca8f44662f87c527,97ccfffe894ddb0e47cedf509786189f,delivered,2018-03-25 12:44:43,2018-03-25 12:55:56,2018-03-27 10:31:42,2018-05-03 17:03:55,2018-04-17 00:00:00
05fcb26e37b34aa73157fa81401b6b15,e8ceabf82cbedd882e3e5d43d9d449f7,delivered,2017-10-14 22:46:48,2017-10-14 23:08:05,2017-10-16 20:39:05,2017-10-23 23:38:47,2017-11-03 00:00:00
0ac484b631e29034fc50593451c208b2,5cf9b0860d48052e61c37a44fa92f3e4,delivered,2017-06-25 13:52:52,2017-06-25 14:05:04,2017-06-28 12:07:09,2017-07-03 15:11:37,2017-07-18 00:00:00
0ba375898f7c9b49e9d12cdd4f4467e8,d621fbec7b4a75ca6a753abd248e9250,delivered,2017-08-24 14:53:21,2017-08-25 14:45:51,2017-08-28 17:45:51,2017-08-31 20:48:47,2017-09-19 00:00:00
00d15ff0236872686e4899ed1ce680ad,8ebb06c13ec14673af1630a22715f4bd,delivered,2018-08-07 16:33:59,2018-08-09 03:55:11,2018-08-14 15:24:00,2018-08-21 19:04:31,2018-08-30 00:00:00
0385da8ba64dbb10adf8f80e55cae6f4,d2b896ff2ad7a94912a0a55d26a2ec5e,delivered,2018-04-28 12:42:16,2018-04-28 12:55:34,2018-04-30 13:31:00,2018-05-03 13:09:03,2018-05-14 00:00:00
028ad19261e3ad3406ca689348755456,24cb3cfbb2834d6ec16baeef3933d55b,delivered,2017-05-18 15:19:09,2017-05-18 15:30:18,2017-05-19 09:51:51,2017-05-26 10:03:32,2017-06-16 00:00:00
09d7ebb0b2075f15dc48bd8da3961fe0,190db53dda370cac90e3b6a5c431dcbc,delivered,2017-07-22 19:11:55,2017-07-22 19:25:14,2017-07-25 21:47:40,2017-08-07 16:47:42,2017-08-17 00:00:00
009905140e9f8cc35d5be897937381db,c5452f24faa0b6d0febc5ec4ea9e3b13,delivered,2018-03-15 12:33:45,2018-03-15 12:49:18,2018-03-16 17:12:25,2018-03-28 20:44:41,2018-04-11 00:00:00
0339ed6316da69c73459e191c10ff6ac,e26ff684f072838193772ca5506a1d04,delivered,2018-08-04 14:29:37,2018-08-07 04:50:30,2018-08-07 14:46:00,2018-08-09 17:16:38,2018-08-16 00:00:00
01c139e11e826da7bf9782cf1ee904bf,d4e19535b2f75f549d799b3841795ce6,delivered,2017-03-05 19:25:45,2017-03-05 19:35:12,2017-03-08 11:39:37,2017-03-14 09:54:24,2017-03-27 00:00:00
05a4879e7e161809c8bf4d8171b0c670,b88494557063ca06b09ac6feee81eac4,delivered,2018-02-04 07:54:12,2018-02-04 08:10:47,2018-02-06 22:04:50,2018-03-08 20:36:26,2018-03-06 00:00:00
07f267d3cb28221009ef6852101d70c7,36d38da46c36b3d6e53020634e2be979,delivered,2018-01-26 11:38:23,2018-01-26 11:46:33,2018-01-27 16:46:59,2018-01-30 22:23:32,2018-02-09 00:00:00
0828f00051736863b477ea7277ddda6f,3e6551142018cfa35fe34cc86e790ebf,delivered,2017-09-29 00:47:51,2017-09-29 01:04:58,2017-10-03 14:45:59,2017-10-05 16:52:44,2017-10-18 00:00:00
02cbfc1aa8d209d7fec3325970ca22a6,e4bc5ee736af8027fe3d62de92254f53,delivered,2018-06-13 20:39:04,2018-06-15 02:58:41,2018-06-18 15:15:00,2018-06-20 18:22:31,2018-06-26 00:00:00
03ff7f74352df18b6a9a261d68befe5e,623795ecd2f7580e1460a1af8f4b8f53,delivered,2018-04-09 15:53:12,2018-04-09 16:10:59,2018-04-11 18:44:34,2018-04-12 19:08:26,2018-04-19 00:00:00
0373763807c25ce94a4b85c7c0f47062,8cf0e572d0e13c3cd64a678d54e0ad09,delivered,2017-08-01 19:39:49,2017-08-01 20:27:37,2017-08-09 19:05:16,2017-08-14 16:41:29,2017-08-21 00:00:00
037853d95871494e2e6147d00e37659a,81f6608e7150cede9a3d8c1dbf592113,delivered,2017-08-22 21:57:49,2017-08-23 00:33:00,2017-08-24 14:28:08,2017-08-25 13:27:48,2017-09-04 00:00:00
03953c6f8f398530d8847bf6000ffa78,33e3447a291780d38e59f5d4fdb42d0e,delivered,2018-05-17 16:37:42,2018-05-18 00:38:07,2018-05-21 11:58:00,2018-05-29 23:03:45,2018-06-04 00:00:00
0c8d2195cb6aab1034f95a0f87b149dd,fe7bee92681d1c9369a084e14683ab78,delivered,2018-03-14 23:00:37,2018-03-14 23:10:42,2018-03-16 23:15:51,2018-03-26 23:22:22,2018-04-06 00:00:00
0509b3b20635c8d54544dc048d95318b,60d8ab975103138567fe656cf30575f4,delivered,2018-06-22 19:08:21,2018-06-23 16:35:15,2018-06-26 14:50:00,2018-07-04 21:48:38,2018-07-17 00:00:00
0a2407e0197d11314604cf01105f648c,d2038fc66997336ea2fb9a7870fc279c,delivered,2017-10-19 18:06:14,2017-10-19 18:21:32,2017-10-20 18:57:51,2017-10-24 22:22:19,2017-11-10 00:00:00
05ce664903d14969bd94d9633ffd8f14,e2d80f15879933506a918d1ae458e70d,delivered,2018-01-09 00:16:48,2018-01-09 01:15:30,2018-01-10 19:36:11,2018-02-02 21:23:08,2018-02-07 00:00:00
024602a52e3c89ca5f963affcd2bedad,33e9f4b9cf16be89234b0eac5a37173c,delivered,2018-07-06 20:07:20,2018-07-06 20:31:04,2018-07-10 15:27:00,2018-07-16 14:52:37,2018-07-30 00:00:00
0a7224dae678203f5b1a0715b55ed4d0,c5b90d0229351c62429a0aaa3a5b65a5,delivered,2017-08-21 13:22:50,2017-08-23 02:46:42,2017-09-13 21:39:47,2017-09-20 16:13:25,2017-09-22 00:00:00
0b5680deaa067376ba987f02b755e8bd,733c47cbefbef886d7cea3f0c37fdb22,delivered,2018-08-19 13:20:33,2018-08-20 11:49:54,2018-08-20 16:19:00,2018-08-24 11:18:53,2018-09-19 00:00:00
0616b1a248556f0f4c5aea97beb0729a,340ea1e30ba5b8f87429cc58cb7aedd5,delivered,2018-08-08 17:10:50,2018-08-08 17:25:09,2018-08-10 13:48:00,2018-08-20 11:11:37,2018-09-10 00:00:00
039fcd445ffe2e560443c34326f2b764,7f3c887db8ec3506117be4612105cf28,delivered,2018-06-03 12:06:15,2018-06-03 12:30:27,2018-06-04 09:11:00,2018-06-12 14:29:00,2018-07-13 00:00:00
033fd350afad5c65be91a385733af4eb,7ef817bba224306193a775257c181bae,delivered,2018-06-26 10:43:56,2018-06-27 08:30:09,2018-06-27 11:17:00,2018-07-02 09:43:48,2018-07-17 00:00:00
03a18d20c8d8ed81a44b9dff494ff86c,03432b33c8aeb8601e3ffbb38127ee2d,delivered,2017-08-17 20:28:13,2017-08-17 21:05:13,2017-08-30 15:08:01,2017-09-05 22:09:15,2017-09-15 00:00:00
0c573af818c3b5409a2255629eec2ad3,fa68d3ad0b208c51a9c432396f968a55,delivered,2017-06-17 12:45:24,2017-06-20 10:50:11,2017-06-21 09:00:57,2017-06-26 16:40:23,2017-07-07 00:00:00
0880410ce1538dfc180e260708256fcb,6a5fba7498609a7aa97bb68654096329,delivered,2017-02-25 09:21:20,2017-02-25 09:30:11,2017-03-01 07:28:08,2017-03-08 12:59:03,2017-03-23 00:00:00
0c21f042461cf5e64d2c087fdcc93fd7,549025fad34a0caabe89d632f0a20a88,delivered,2017-05-02 18:55:30,2017-05-03 11:32:55,2017-05-04 17:43:45,2017-05-17 09:55:30,2017-05-26 00:00:00
0c71e6884d0d7ae94fe52ea917b42fc7,b80b7641c7244c79644d4f6fe6e2e731,delivered,2017-12-03 19:22:06,2017-12-03 19:33:51,2017-12-06 19:33:13,2017-12-11 17:12:45,2018-01-02 00:00:00
07a8cc4e00c23ade7ccb29786d3de771,7928d81a48c28a0a11b381fee83ae5fb,delivered,2018-02-26 18:12:34,2018-02-27 15:50:29,2018-02-28 22:08:13,2018-04-04 19:04:13,2018-03-21 00:00:00
01dcbb39823b4cda39ddcc6679fb00ac,8e1dff0d67c90649dba1440b80328275,delivered,2017-05-29 20:01:57,2017-05-29 20:15:19,2017-06-01 11:40:06,2017-06-07 16:37:41,2017-06-23 00:00:00
0017afd5076e074a48f1f1a4c7bac9c5,8085a9af46f619bc25966f151a362b0d,delivered,2017-04-06 22:16:10,2017-04-06 22:25:19,2017-04-17 13:54:37,2017-05-23 08:32:07,2017-05-19 00:00:00
06c82be9b8551eb37a9b8e7e05dec631,226a2de9b9feb22a76582963ebcf1e96,delivered,2017-07-11 14:27:14,2017-07-11 14:43:41,2017-07-26 03:19:36,2017-08-01 16:17:38,2017-08-02 00:00:00
0ce1d0a0c2f36c2ba5f02094119bbebd,bbe4079ce54eb3663947a8e3b012a5b0,delivered,2018-02-13 17:09:29,2018-02-13 17:27:24,2018-02-22 20:45:29,2018-02-24 00:06:46,2018-03-07 00:00:00
0aead977f249a62158c114e4460c37cc,432bebd364d9ae1ec762aa1916b29db5,delivered,2017-12-08 17:09:30,2017-12-08 17:30:28,2017-12-09 16:57:01,2017-12-12 18:38:55,2017-12-27 00:00:00
01633cfec0376ac9f2606e271ede5574,7511d7ebaabaa2f1e5b75763fac193c9,delivered,2017-02-23 12:10:14,2017-02-24 02:45:27,2017-03-01 16:14:03,2017-03-16 10:24:02,2017-04-05 00:00:00
03ba96e3cd1a918f1e0126c93dd93bb5,d7536a1f7bb487644bee22033f480bde,delivered,2017-11-29 21:40:21,2017-11-29 21:56:50,2017-11-30 22:59:03,2017-12-01 20:38:36,2017-12-15 00:00:00
0c228f37770f365a3d0e1f7493595e09,cd00039f779735fae733fbefe4aaabbe,delivered,2017-06-14 17:06:33,2017-06-15 03:10:24,2017-06-20 09:59:43,2017-06-27 15:44:36,2017-07-26 00:00:00
0805ef7875f007ad8ae7f5179c939667,479ca8d1cff55ed96a8668fbcad81524,delivered,2018-03-26 11:24:53,2018-03-26 11:47:50,2018-03-27 02:04:42,2018-04-23 15:22:02,2018-05-02 00:00:00
0c7ea5e6e467f13639db3b35dcc316b9,0ca30ecffdf9576a1fd10f70b32c5cf9,delivered,2018-01-08 09:32:39,2018-01-08 09:48:14,2018-01-11 22:20:41,2018-01-16 16:18:15,2018-02-05 00:00:00
07bca5c8ae457c75c959c5e26fc04e3f,161e0409100c9e6de6bfd16b211b33ca,delivered,2018-05-13 14:40:33,2018-05-14 19:58:09,2018-05-16 13:44:00,2018-06-04 15:02:29,2018-06-05 00:00:00
0a84b71d2fd93eeae49d3149a3e08003,f21fdacae3273ac85cc6e33919cae43a,delivered,2017-11-28 21:47:50,2017-12-01 10:31:42,2017-12-01 21:12:14,2018-01-09 18:28:48,2017-12-19 00:00:00
00c00d5b36157595e21108ba1da2828f,2b27fae969b7d2bc173e466a742e50c6,delivered,2017-09-11 19:35:48,2017-09-13 03:25:43,2017-09-28 13:11:45,2017-10-04 18:14:24,2017-09-27 00:00:00
0c72cafc6d5d60d98d052051a2b028ad,f3faad339b52d207bed5cfadeb6ae797,delivered,2018-02-27 12:33:38,2018-02-27 13:20:32,2018-02-28 19:16:33,2018-03-14 18:12:25,2018-03-13 00:00:00
0cddb9a478d70a5651d1d36838974686,49fc491cda67a572a6fa17631b3ff033,delivered,2017-11-27 13:48:45,2017-11-27 13:57:25,2017-11-27 20:48:50,2017-12-06 21:54:53,2017-12-15 00:00:00
075024c4910bd35a5d251813d59009cd,b1a5afc135d86a079003163cf95cecaf,delivered,2018-03-25 14:00:57,2018-03-25 14:15:35,2018-03-27 00:42:09,2018-04-09 22:42:30,2018-04-18 00:00:00
02efbfba398618f44f8c4097d6822ddd,be5c813710ea1e34cc1fb13a9a50b49c,delivered,2018-07-25 17:31:45,2018-07-25 17:45:14,2018-07-27 14:47:00,2018-07-30 18:41:58,2018-08-03 00:00:00
008990da719764fb392914d8ab53ad04,cc4e2f483459498c9ce82a70ff415752,delivered,2018-05-11 19:20:54,2018-05-11 19:37:41,2018-05-24 13:47:00,2018-06-05 14:18:36,2018-06-19 00:00:00
09fd1722d038ec5290cb862bb8ed8e46,0893ae80a887e2e2c177f3162f05aebc,delivered,2018-08-17 18:49:15,2018-08-18 17:09:30,2018-08-20 13:20:00,2018-08-29 23:42:01,2018-09-05 00:00:00
0757cb4ec76f9d0456800e40957db304,5cea701060ead4cc1a096a18ccf19ff5,delivered,2017-07-04 19:37:00,2017-07-05 17:41:34,2017-07-06 11:55:50,2017-07-12 18:12:26,2017-07-31 00:00:00
0218c7a4fb8d5b1bd22c82b783b8359c,430ec51e3c42def76f0d79a8edb21784,delivered,2017-10-13 12:58:35,2017-10-13 13:09:23,2017-10-13 19:33:52,2017-10-23 12:12:29,2017-10-31 00:00:00
00ba57ae98928df6ba6ec9d3d8d4b1b7,8545a9b7b5b52bc607f0fe72c7dd323e,delivered,2018-07-16 22:06:13,2018-07-16 22:20:45,2018-07-19 09:11:00,2018-07-26 18:26:35,2018-08-09 00:00:00
03c6017ed63622d5a2ddd03fd0b1fee7,d7237be0a5e4b9247fc4d6e2dbdee6f0,delivered,2018-02-15 18:57:58,2018-02-15 19:10:31,2018-02-17 14:04:32,2018-02-28 19:34:05,2018-03-12 00:00:00
076594c6ae7f8e1157b7321c148efa86,8c4a94e823813e9e03460f5f42ce4fe8,delivered,2017-07-01 09:43:49,2017-07-01 09:55:11,2017-07-07 18:44:45,2017-07-20 19:09:47,2017-07-31 00:00:00
0462bad26ccfb8508951beb9ea398ae1,b1449a43a666cba48f485fff0a509b8e,delivered,2018-01-01 08:37:46,2018-01-01 08:48:19,2018-01-02 17:42:48,2018-01-23 18:15:19,2018-02-09 00:00:00
0755976647cbb58f1c4aeabeed997490,c056ec712e18300c0e2d49101fca0a80,delivered,2017-07-10 20:00:48,2017-07-10 20:15:14,2017-07-11 18:09:33,2017-07-31 11:23:45,2017-08-11 00:00:00
036ea72a17833a6fbbcd3e4df8250292,c805f98a53f91cc2794ca2402fde6cd4,delivered,2017-09-05 06:12:11,2017-09-05 06:24:16,2017-09-13 18:53:36,2017-09-25 20:03:20,2017-09-28 00:00:00
0882461df7b87e99ede0ca735cf32e00,be9ab6439b46e597d921dad9db0d23d1,delivered,2018-02-20 17:30:50,2018-02-20 17:47:53,2018-02-22 16:23:01,2018-02-27 17:36:50,2018-03-22 00:00:00
07b9098123333f897ad332b7c9c3820d,550fdfd5b0a7423ce63232c284993145,delivered,2017-08-24 19:16:50,2017-08-24 19:25:22,2017-08-25 19:47:41,2017-08-28 17:04:51,2017-09-06 00:00:00
00018f77f2f0320c557190d7a144bdd3,f6dd3ec061db4e3987629fe6b26e5cce,delivered,2017-04-26 10:53:06,2017-04-26 11:05:13,2017-05-04 14:35:00,2017-05-12 16:04:24,2017-05-15 00:00:00
031f488d7e8549b5d8af94f5a3e9300e,46dcf912d282f0e1aa9c3278ec488723,delivered,2018-03-04 11:20:09,2018-03-04 11:30:45,2018-03-05 18:12:40,2018-03-26 22:04:49,2018-03-21 00:00:00
08613505c6d1fa61ec5908afbb99fe84,0989ad22ee10df514ada88585ebd3101,delivered,2018-02-13 23:29:56,2018-02-13 23:40:28,2018-02-16 00:36:59,2018-02-26 22:14:09,2018-03-13 00:00:00
0abd009f16e89981bdb8ef51c8df289e,776e3127741b8d940d12afa4449e50a6,delivered,2018-06-18 03:17:08,2018-06-18 04:09:38,2018-06-18 08:13:00,2018-06-22 21:56:33,2018-07-13 00:00:00
01f3ed0a20c6db39216985812a092bea,88cd4760d06074426489e89bb4116184,delivered,2018-08-18 22:34:41,2018-08-21 06:09:50,2018-08-22 12:29:00,2018-08-27 18:44:47,2018-09-05 00:00:00
0a4717812af08b022a25c46f110d881d,a5d68d034b9beac73720fea281944794,delivered,2017-12-11 12:04:43,2017-12-12 03:50:20,2017-12-13 19:03:15,2017-12-23 14:19:24,2018-01-04 00:00:00
01a1553cddb473cec004af5ce2192f1c,d0f1e9e852ef9b1099b6dd3c25027d55,delivered,2018-07-20 09:55:09,2018-07-21 03:23:45,2018-08-02 08:13:00,2018-08-08 21:32:24,2018-08-23 00:00:00
010b143d83a59b355cd5a75c0f0fd785,c181ea8a3ec364246642e36dae84bf30,delivered,2017-08-30 23:28:35,2017-08-30 23:44:47,2017-08-31 21:12:48,2017-09-18 15:04:10,2017-10-06 00:00:00
09914aa3bf0c742de9a4819692ec756b,606ee56c24ba3bbe8db80bb73ff1dcb7,delivered,2018-01-03 17:44:15,2018-01-04 05:14:02,2018-01-05 18:23:03,2018-01-11 22:14:29,2018-01-31 00:00:00
0411b9d67ebfabf519c3e47629e91e3d,68c4ac73f19217101bdf5c2924552362,delivered,2018-03-08 06:06:06,2018-03-09 02:10:23,2018-03-13 00:16:25,2018-03-19 16:52:39,2018-04-06 00:00:00
0c8d39b03d0d4918d66be0eae8f57a58,26a1ebeb355f1ece14295353f49e859e,delivered,2018-03-26 13:42:55,2018-03-26 14:14:29,2018-03-28 20:11:37,2018-04-04 16:38:23,2018-04-17 00:00:00
057889a9d468c179e39e9a6cdb5f4f8e,ffb53eb1e2c74880a3f552a3a32a68ca,delivered,2018-06-15 17:21:08,2018-06-18 11:15:27,2018-06-21 14:26:00,2018-06-26 21:16:43,2018-07-18 00:00:00
091c34308e51d6dff47fe839b7aebbd5,13368f1b7479cf29edf6d91e842f23a3,delivered,2018-08-02 13:37:08,2018-08-02 13:50:22,2018-08-03 15:23:00,2018-08-06 14:54:42,2018-08-16 00:00:00
0536f0244395bde3fde4212b3f4d64c8,d182316491d236e297714265a675d511,delivered,2018-06-14 12:43:47,2018-06-14 14:21:22,2018-06-15 08:31:00,2018-06-27 12:02:25,2018-07-16 00:00:00
0c75e71e90c568ddf98a984598c228fe,ba0b8884d1b2e367c211fc51cf96bd4d,delivered,2018-06-25 13:04:00,2018-06-25 13:17:45,2018-06-25 19:05:00,2018-06-26 14:31:55,2018-07-05 00:00:00
047d4038afddd0dbca117fce7d5019d0,8476159dad022ab6538d74dd83c70d95,delivered,2018-01-02 19:37:17,2018-01-03 19:29:25,2018-01-08 17:07:37,2018-01-15 22:09:34,2018-02-01 00:00:00
0644bbc829f241622c4c83b08436c465,2333b5eb4c77379b280aa26a66016020,delivered,2018-06-24 21:04:15,2018-06-24 21:17:53,2018-06-25 13:34:00,2018-06-28 22:36:43,2018-07-25 00:00:00
0cea1002b907a645918a03922e9fadbd,1253d291d269b1da011d7928695cc8d4,delivered,2017-11-21 15:19:34,2017-11-22 15:11:31,2017-11-23 20:22:59,2017-12-28 17:19:04,2017-12-14 00:00:00
01f65c9e501f46d2a15af4d2b28e6081,5ab56cf5cc9c12dca123f986599f88e8,delivered,2018-07-09 18:58:25,2018-07-09 19:10:17,2018-07-11 08:25:00,2018-07-14 17:07:21,2018-07-27 00:00:00
0a814d38aa19654a3f35654847ba74b1,7d5bfe0ecf07750475619272cdd9b6d4,delivered,2018-05-22 07:41:02,2018-05-23 02:15:48,2018-06-11 11:37:00,2018-06-12 17:28:42,2018-06-18 00:00:00
0b8f8315c63f765c07a31a8c7e28bad0,81fcd802d74cece79db578cf4bb3b9ba,delivered,2018-08-16 12:51:38,2018-08-16 13:04:06,2018-08-16 13:42:00,2018-08-22 21:41:07,2018-09-05 00:00:00
01ae629e578b0eb0935ea1ce19c409f1,d299e0e07e35f5c6fd348ed83551a272,delivered,2018-07-19 07:43:33,2018-07-19 07:55:10,2018-07-19 12:45:00,2018-07-27 16:51:56,2018-08-10 00:00:00
0b93ff37e8344c6013bad16484c7fbe4,41b40faae6aeea7a8b6884948863386e,delivered,2018-07-22 11:13:05,2018-07-23 14:31:12,2018-08-02 16:31:00,2018-08-07 22:11:10,2018-08-21 00:00:00
0cc36282e7b0e281bb99dfdc8c0f11aa,5ce973fbda84cc196075524439c99bb2,delivered,2017-09-07 16:07:10,2017-09-07 16:23:27,2017-09-08 19:52:59,2017-09-13 22:09:59,2017-09-26 00:00:00
04130ed2567c23daa988cca5f1860430,e4447a5ba83bd803a92ff42706b70816,delivered,2017-11-11 14:47:40,2017-11-14 03:35:22,2017-11-16 13:48:38,2017-11-20 19:32:27,2017-11-27 00:00:00
01d3d4cb8c553d507dfd26fbd8b41e95,814dfd64a142fe2564faef3932b676b9,delivered,2017-10-29 14:52:54,2017-10-29 15:10:11,2017-11-10 00:22:00,2017-11-16 16:34:43,2017-11-29 00:00:00
0cf2af331f55382bd5698864658e73f0,bceaf8b12a79028075da3b7a36f1d6e7,delivered,2017-05-01 14:19:12,2017-05-03 11:43:07,2017-05-03 13:34:35,2017-05-20 09:02:28,2017-06-02 00:00:00
05252513392111e8721062d8ecd9edb1,cf2211a4919cdc7a3acac6bb67e7d5b9,delivered,2017-05-19 18:49:33,2017-05-19 19:05:16,2017-05-26 14:40:29,2017-05-31 10:03:21,2017-06-08 00:00:00
0c0c250234e385578b31a38b198cf900,c9f0400e07ab2446a7485f67d31c51ea,delivered,2017-10-24 08:50:57,2017-10-25 02:26:29,2017-10-25 13:49:49,2017-11-07 12:55:27,2017-11-16 00:00:00
0b20c9791c7a502fc70f7f542e9a1405,2d0386ffa6a583f65981153d4f3ad5a4,delivered,2018-07-20 19:05:52,2018-07-20 19:35:14,2018-07-26 13:39:00,2018-08-02 17:34:53,2018-08-23 00:00:00
08bc3c916f77ec2affe03716dd076af2,f80a53e3f59ba7c4aa9675cbb7ffb67d,delivered,2018-06-26 20:58:27,2018-06-26 21:10:25,2018-06-28 14:43:00,2018-07-04 16:02:12,2018-07-26 00:00:00
04116cd1278a6285625c664dc0d09594,58cf819bb4203647573c953697453110,delivered,2017-11-24 21:13:44,2017-11-28 03:44:45,2017-12-01 21:51:41,2017-12-29 13:12:33,2017-12-15 00:00:00
082730bdb06cc2b755fbb33becd6ccec,1909b44d6c01d36a4d946e60f46036b3,delivered,2018-07-24 23:00:55,2018-07-24 23:15:14,2018-07-25 14:50:00,2018-08-01 16:28:49,2018-08-10 00:00:00
04c28d1572e04b2b3e5b80ca7559e750,ad72f2a64075d63311e1bf4daf91e173,delivered,2018-05-27 23:56:01,2018-05-28 00:15:36,2018-05-28 15:46:00,2018-06-20 20:44:38,2018-07-19 00:00:00
02950daa1214da108fb29cb5a0a3f74e,a884bd002c145c1aa0b57429e7ebbf2b,delivered,2018-06-26 10:57:28,2018-06-26 11:18:41,2018-06-26 12:50:00,2018-06-30 16:32:41,2018-08-06 00:00:00
0854ba21ce30d4c823d2822a698f5bf9,e51e265631ae2f257a00482297d63017,delivered,2018-06-16 16:57:02,2018-06-16 17:18:17,2018-06-19 15:44:00,2018-06-22 14:52:31,2018-07-16 00:00:00
05d885b852158b0280c4abe2cd5108b4,ef8d59a019f2f85c6ccb715d0da3947c,delivered,2018-06-10 13:27:42,2018-06-10 13:51:26,2018-06-11 15:49:00,2018-06-20 18:11:19,2018-07-04 00:00:00
0516c22655fe1e1f0b3390f4ee3fc5f6,4830a9c02b42036ffca989c6d2f8ff67,delivered,2017-01-31 11:49:23,2017-01-31 12:03:45,2017-02-03 17:08:03,2017-02-09 18:38:01,2017-03-13 00:00:00
08b1d58f92c4e0dabb12dfa3d57f3b41,88b5387eec4d67f115960a554d9040a3,delivered,2018-05-22 11:40:39,2018-05-23 02:15:40,2018-05-23 15:21:00,2018-06-05 21:12:15,2018-06-07 00:00:00
0891b66cbcc48cf64f31ae9cae3d08d8,3c0b720f2a9aebf70b250e73ef4fda63,delivered,2016-10-09 13:57:42,2016-10-10 03:55:40,2016-10-21 18:23:02,2016-10-27 12:54:57,2016-11-30 00:00:00
03e9790f0220543f057ebca9e29b459a,5c3662c3c0d32edf5dd9e7b13abcd4ef,delivered,2018-08-01 12:32:19,2018-08-01 13:24:21,2018-08-02 13:10:00,2018-08-03 17:52:52,2018-08-06 00:00:00
0231f6b89e5798ff6c0dfb1e18a94da9,719f6e6129a784bbc01b1267fe488547,delivered,2018-08-04 12:35:23,2018-08-04 12:50:19,2018-08-16 11:49:00,2018-08-17 17:43:45,2018-08-22 00:00:00
019aaee09698daf81dcffe9d94a18b5c,e3893e579755de4feb1a4d0313c103fa,delivered,2017-08-10 14:04:58,2017-08-10 14:23:38,2017-08-11 13:52:35,2017-08-12 11:56:49,2017-08-23 00:00:00
09c6a742ab99ba6516e8acebf60127b4,61658fc3f28ed8b3f1d0248d7f0090d1,delivered,2017-12-01 23:15:22,2017-12-05 04:12:11,2017-12-07 20:28:29,2017-12-12 02:04:01,2017-12-19 00:00:00
06ba77893723a9357f7e681bf336fb2c,993422eff8c6cfaca2c04adf2b097296,delivered,2018-07-18 12:13:41,2018-07-18 12:25:17,2018-07-18 13:39:00,2018-07-30 23:45:58,2018-08-13 00:00:00
08f982d8b8d8de12b00d35edefe5d26a,4341dee96f04f4070713ce5453d58a1f,delivered,2017-11-05 11:56:00,2017-11-07 07:30:35,2017-11-08 21:35:40,2017-11-17 06:33:06,2017-12-04 00:00:00
03467d8a7741a3737d4e3ae45ebba94c,728c8233f4259c2252c6c35692079286,delivered,2018-05-14 15:36:23,2018-05-14 15:56:51,2018-05-15 13:50:00,2018-05-16 23:03:24,2018-05-22 00:00:00
0068468c453d28c8ef3fd089e50a5847,6460086b02eadee2bb54c83af13698b0,delivered,2017-11-24 22:25:25,2017-11-25 01:31:26,2017-11-27 23:42:46,2017-12-14 11:47:13,2017-12-20 00:00:00
0c8afaedb1f20b1655f3ff0d84b4424c,0dd059e02831e97c8e5b1895a62eb290,delivered,2017-06-17 11:31:34,2017-06-17 11:45:35,2017-06-19 21:35:30,2017-07-04 16:58:38,2017-07-18 00:00:00
0651282cd5dd7e7103729d800b143334,bcdec9d721222854e2bca0c80c9980b3,delivered,2017-07-11 21:12:51,2017-07-11 21:45:12,2017-07-12 16:18:26,2017-07-25 19:27:55,2017-08-04 00:00:00
073049331da5458f61598e5d221f4928,b223b44714378dd59b2e92910714f19e,delivered,2018-05-15 09:39:35,2018-05-15 11:31:37,2018-05-15 14:03:00,2018-05-22 18:12:07,2018-06-08 00:00:00
04c377db9e026afed8d38404a910c00f,40f1bbcb789024d217509ad89d2dd556,delivered,2018-02-18 20:18:36,2018-02-18 20:30:31,2018-02-21 18:27:21,2018-03-07 18:06:38,2018-03-16 00:00:00
062f0992a050330334749ffa530fa796,1f49021da1642fde361de30ee4f1c935,delivered,2017-01-27 16:55:48,2017-01-27 17:30:38,2017-01-30 08:27:48,2017-02-10 14:09:05,2017-03-17 00:00:00
052ef5dcbed8fd1d4d01ba597103168e,7972adc90c55b1426a19d090b47a8a1b,delivered,2017-11-12 00:03:36,2017-11-12 00:36:13,2017-11-14 16:15:57,2017-11-20 19:38:54,2017-12-05 00:00:00
032ba6b521e033ef4b05f4bbb4e30100,b72b72071e374566785cc845ec347345,delivered,2018-03-09 13:08:48,2018-03-09 13:28:37,2018-03-12 18:32:54,2018-04-04 01:04:51,2018-04-11 00:00:00
06c04e62348d799e4c410955a5b5ac54,c1a9d5a084a721697ebe582112bb7537,delivered,2018-05-16 12:50:33,2018-05-16 13:20:11,2018-05-17 13:52:00,2018-05-22 20:49:29,2018-06-07 00:00:00
012248555cb0bf51df99199cef81d562,c1d8a080ff171328688530727dc4e026,delivered,2018-02-01 17:31:00,2018-02-01 17:52:56,2018-02-02 23:42:10,2018-02-17 18:39:08,2018-03-02 00:00:00
017b1d6881222283afdc50baf3dcb0d5,9f72cabf8e5ebc5743665846b05617a5,delivered,2018-03-06 22:33:02,2018-03-08 02:10:45,2018-03-08 22:12:37,2018-03-23 19:48:24,2018-03-23 00:00:00
0b41129fd5aa1fc7c44db1eaee43862f,3b39dd485342227fd54dc310a7af6f81,delivered,2017-07-03 10:56:34,2017-07-03 11:05:14,2017-07-03 15:37:51,2017-07-06 14:12:37,2017-07-21 00:00:00
0c1e49ce507979f2fb222498663ce653,16b2af5a3dda4ad1940daeb17536c5a8,delivered,2018-07-21 20:32:28,2018-07-21 20:44:06,2018-07-23 11:39:00,2018-07-31 17:12:20,2018-08-13 00:00:00
063f19fae1eadbb92dc30d00b7cc870c,17ee8098eb758ef96941fb81b414b364,delivered,2018-08-08 16:57:41,2018-08-08 17:10:17,2018-08-14 10:09:00,2018-08-16 20:38:46,2018-08-20 00:00:00
04f1f7895e1f86444c5965be2d773cb3,7f53d69112b0f1181f9e4fcf45b0ee9a,delivered,2018-07-18 12:30:21,2018-07-18 12:42:07,2018-07-19 10:15:00,2018-07-24 17:39:15,2018-08-06 00:00:00
09e0732990558bc7eb24650cd444d8fb,dc8b16ce0696ed593281c1fad09ca07b,delivered,2017-08-10 00:44:38,2017-08-11 04:25:07,2017-08-11 21:15:26,2017-08-25 14:10:39,2017-09-12 00:00:00
00cee8a4dbb042385cbbd84699e78b2e,450a869eb52446baa38f4beeecbc5843,delivered,2018-07-20 04:13:54,2018-07-20 04:25:10,2018-07-24 14:46:00,2018-07-25 17:21:09,2018-08-01 00:00:00
09c8e71060b07326dba9db865f46881e,a95af80256ebdb05713863cb03060667,delivered,2018-06-03 18:48:07,2018-06-03 18:55:17,2018-06-04 13:18:00,2018-06-11 19:18:53,2018-07-25 00:00:00
074c1cfd061914778c545332b9c8cc5b,2e0ef40f86d552caaeda3b3b33e9572a,delivered,2018-03-22 10:33:01,2018-03-22 10:49:38,2018-03-22 21:28:57,2018-03-28 20:16:28,2018-04-12 00:00:00
01b1a7fdae9ad1837d6ab861705a1fa5,a2da04a295c890e30103aeb5356163f0,delivered,2017-05-29 15:48:13,2017-05-29 16:02:58,2017-06-01 11:45:09,2017-06-07 14:07:04,2017-06-21 00:00:00
05ccdfa84392875afc23c1ae9f014ce4,b42b25490bee1f192dcb015b6f4c60fa,delivered,2018-04-14 13:04:25,2018-04-14 13:15:09,2018-04-16 20:19:13,2018-04-25 11:32:44,2018-05-09 00:00:00
03f127181062ad98441893efffd412c5,ebf80e000feb1315e227014ae07e4d30,delivered,2018-06-10 16:45:24,2018-06-11 09:11:55,2018-06-14 16:42:00,2018-06-18 19:22:39,2018-07-11 00:00:00
01bbf0fb0773cef52b4d6501e83162f3,56e023e21be211feb920b2e0eeb75c1d,delivered,2017-03-22 22:04:02,2017-03-22 22:04:02,2017-03-28 08:13:59,2017-04-10 11:37:53,2017-04-19 00:00:00
062afb045916ff90100893d5df84c186,2812c5e9e26768d8b8d3046bb8aa366e,delivered,2018-01-19 11:47:34,2018-01-19 11:54:30,2018-01-23 17:33:12,2018-01-31 16:52:49,2018-02-16 00:00:00
0188777fe321843a18be24a6e9aa1e53,dc573d2a61a467e5e2826c1729691859,delivered,2017-07-23 16:13:37,2017-07-25 14:35:11,2017-07-27 18:45:50,2017-07-28 16:18:00,2017-08-08 00:00:00
02ff3675b59b53ca5cdcb2b6752aeea1,b537b5df21ba82fe48ad320005fdb620,delivered,2017-02-02 17:10:20,2017-02-02 17:25:10,2017-02-08 15:25:20,2017-02-14 08:12:22,2017-03-13 00:00:00
056bfadd41b8600ad5ecfef2ac132188,91faeb032f47277f654a8202eaa9fed6,delivered,2017-11-25 11:06:38,2017-11-25 11:15:31,2017-11-27 19:56:58,2017-12-04 14:44:45,2017-12-15 00:00:00
06914a88cb181e922cc58fed3d198c98,1abaf0a998b6b5157867e2311edba42e,delivered,2018-08-27 21:28:43,2018-08-27 22:03:47,2018-08-28 14:47:00,2018-08-29 20:03:23,2018-09-03 00:00:00
0030ff924c38549807645976adeef2c0,c46e1af5a15417246a9c5e81ac964358,delivered,2018-03-25 16:52:27,2018-03-25 17:10:21,2018-04-07 01:18:33,2018-04-16 15:39:49,2018-04-20 00:00:00
0cd60792eb628e2fe7f77456cc67c4db,56dae8b071493b64e4712e339cc50c06,delivered,2018-02-12 20:29:57,2018-02-12 20:47:34,2018-02-14 16:28:34,2018-02-28 19:23:54,2018-03-06 00:00:00
093c11a6b12993f96cb7eaa348a3cd09,77a6136f49bac0c337eb24e043f624b4,delivered,2018-06-13 08:52:03,2018-06-13 09:16:09,2018-06-13 15:56:00,2018-06-22 22:26:42,2018-07-13 00:00:00
029863af4b968de1e5d6a82782e662f5,74179773f1f31f3af11c3b3b065115f1,delivered,2017-07-06 09:03:55,2017-07-06 09:15:11,2017-07-10 19:43:43,2017-07-13 20:42:36,2017-07-31 00:00:00
00921e4911895b93c7b4fc0d80c0815e,0825646a316d8b2bdddea079a5e01fda,delivered,2018-06-13 13:55:55,2018-06-13 14:17:26,2018-06-19 14:02:00,2018-06-20 15:21:57,2018-06-25 00:00:00
00d03eb3425f41a599ae2f788e23c07f,457e255722e958032b50ff72dd15a4e0,delivered,2017-02-17 17:46:42,2017-02-17 18:03:08,2017-02-24 14:16:35,2017-04-09 00:23:16,2017-03-29 00:00:00
02457250c331120c9dea3bf840316d54,963a1bdf3457fa0fc821708aa51e087f,delivered,2017-07-12 18:12:38,2017-07-12 18:25:23,2017-07-13 17:42:34,2017-07-19 13:22:35,2017-08-03 00:00:00
0cc76fbe09687fda664178e9fc6c404f,007612fef51262f4762d32add5d128cc,delivered,2017-12-30 22:51:13,2017-12-30 23:06:23,2018-01-03 09:44:02,2018-01-06 13:53:36,2018-01-24 00:00:00
08320dbc54cab8156a9a9f7c74a8b078,8f16e922756eecf1efa35a32d3a57fe5,delivered,2017-07-20 14:53:16,2017-07-20 15:15:19,2017-07-21 14:13:56,2017-07-28 16:16:37,2017-08-11 00:00:00
0277e2828b1b5735351d7818e6658ed1,9747b6c6ac1b29b403e491b74feacea7,delivered,2017-09-10 20:50:42,2017-09-10 21:03:43,2017-09-11 20:53:49,2017-09-14 17:47:44,2017-09-27 00:00:00
05c8ada178f3ab074886530731749bd5,c5a0f4b9e4131b697c6820b8f657daae,delivered,2018-03-29 23:18:04,2018-03-29 23:30:15,2018-04-04 02:08:27,2018-04-11 20:12:34,2018-04-23 00:00:00
0b49ef15b00408f4b3cc8c7ac0c5ae19,b2e9fe38e0eb107f91e26b5f777de56e,delivered,2018-08-07 11:15:11,2018-08-07 11:30:17,2018-08-08 08:22:00,2018-08-10 22:08:33,2018-08-16 00:00:00
02dade411839b1c334363dc9058e1124,95aa1acd3c367fcf72a56d106afc9838,delivered,2017-09-18 18:43:37,2017-09-19 18:50:13,2017-09-25 22:49:51,2017-10-02 20:38:45,2017-10-04 00:00:00
0b1e280f28b576497838ec7684444971,2e2534a17bfa1b56a16d51f7514c5370,delivered,2017-10-11 08:42:15,2017-10-11 08:56:22,2017-10-11 21:23:48,2017-10-17 21:33:53,2017-10-24 00:00:00
01b703d8365608f2b01ed9c076d0b3dc,475eec32deae43c1479b18acc1f7781d,delivered,2018-01-05 17:14:30,2018-01-06 17:08:23,2018-01-08 22:06:28,2018-01-19 00:48:52,2018-02-01 00:00:00
019b02e139cfcd97f93366f7a38f5695,82a6cf90eef165080973fec6d6dc8910,delivered,2017-04-02 16:50:31,2017-04-02 17:02:31,2017-04-04 15:03:58,2017-04-07 22:46:32,2017-04-24 00:00:00
0b5cb81ddd693dca629e9931e85f00c9,7fcd8494fc0c228c991aafe0770b08b4,delivered,2017-07-20 22:34:33,2017-07-21 22:45:15,2017-07-25 19:39:28,2017-08-03 17:45:08,2017-08-24 00:00:00
07f970754e737efe221e6349eeb5a8e7,63e9de259c63644730104feea23efc5a,delivered,2018-06-18 08:58:54,2018-06-19 03:36:42,2018-06-19 15:12:00,2018-07-04 18:10:40,2018-07-19 00:00:00
0c66805964db8d43c1c81402e3433f9b,629037360cb6212f9a8831b62ee1a4b8,delivered,2018-06-02 20:57:36,2018-06-04 09:51:35,2018-06-05 07:52:00,2018-06-19 20:48:46,2018-07-11 00:00:00
053d5ed007096a9cb5adfe0f0f6d30b5,e5a16fe01567265f371dc3aca0ae155f,delivered,2017-06-03 17:53:08,2017-06-03 18:05:09,2017-06-06 13:37:10,2017-06-22 18:16:54,2017-07-20 00:00:00
0b7d34c9f64b1a147d6660ceb770aba4,86bf3bdfb50d3b479ac3508e8654cf86,delivered,2017-09-25 18:41:45,2017-09-25 18:55:14,2017-09-26 13:13:29,2017-10-05 20:21:38,2017-10-23 00:00:00
04eb8bac62618bbc56c582cd49493669,b9d3b0749093e5cbd5c5017ec08f0ade,delivered,2017-05-16 09:12:37,2017-05-16 09:25:16,2017-05-17 15:10:53,2017-05-23 08:32:51,2017-06-14 00:00:00
080a96bd106fabe8c9a74df5cb5d8d26,abf6671124e009ac0b59ca2a8a3ecf3a,delivered,2017-07-03 00:09:17,2017-07-04 04:25:21,2017-07-05 13:16:46,2017-07-11 17:47:41,2017-07-21 00:00:00
0ca4f0c14bd70b836b3f05d6e115860d,fe74b59a789bbd55b090ac3f0524ca8e,delivered,2017-08-11 20:46:07,2017-08-12 02:51:12,2017-08-16 17:58:51,2017-08-23 15:42:51,2017-09-06 00:00:00
0035e6b7ade84b3f5b86bd49814793df,3a0cc7c9af6abf8868dad5a1de4a16e1,delivered,2018-02-21 02:46:23,2018-02-21 07:10:40,2018-02-22 00:51:33,2018-02-26 16:49:02,2018-03-13 00:00:00
0a029b521ffceb219d63dce7e02403bc,0715d45e32d1a8cfc84dcb9a447ac955,delivered,2017-11-24 19:04:23,2017-11-24 22:33:54,2017-11-27 14:38:21,2017-12-23 14:52:11,2017-12-26 00:00:00
03225b1b0b8897aa43a745d14fde3c87,aadf17dc4ad865d7d15ef9ceecd4bbb8,delivered,2018-06-28 09:19:36,2018-06-28 09:31:32,2018-06-29 13:51:00,2018-07-03 21:32:53,2018-07-19 00:00:00
094f7614f77e85fb05c77ecb164afdc3,a536fed4f2a97c5dea43c049d0850f1b,delivered,2018-03-01 11:37:26,2018-03-01 11:50:34,2018-03-02 19:04:57,2018-03-27 17:03:59,2018-03-19 00:00:00
0c44de2eb92602da9bddda1c7b66aa30,7006c8d76a85a3927c81d16d21e9a317,delivered,2017-12-13 21:14:33,2017-12-13 21:29:10,2017-12-14 18:41:37,2017-12-27 18:47:14,2018-01-09 00:00:00
0324ca9d12ff99bc4d2421530c376ba4,f1ee7bccd46ef23780664502fb146820,delivered,2017-11-27 16:17:20,2017-11-27 16:39:14,2017-12-01 20:52:49,2017-12-05 20:23:25,2018-01-04 00:00:00
03d11bececb87dec8b11f5bd6fa62472,d67b2efa31becbe2013bb1991eaf65cf,delivered,2018-07-13 08:23:59,2018-07-13 08:44:07,2018-07-16 08:57:00,2018-07-24 15:58:42,2018-08-03 00:00:00
0adf68e8a310f18fc7e75cffa60901b2,5d91398ab075e8aa780bf0d893944436,delivered,2018-07-06 14:41:11,2018-07-06 14:55:11,2018-07-10 17:39:00,2018-07-12 23:48:49,2018-07-19 00:00:00
0bb7e708846c7f44630a64e18292bb87,daa3fdea600ba786a3da7cbd4e19aa96,delivered,2017-09-25 17:17:20,2017-09-25 17:30:17,2017-09-26 17:23:45,2017-09-29 17:37:38,2017-10-20 00:00:00
0572a001d46280ab9ab95964665ff768,11795bd5376cbbef9e6e3a699df983cb,delivered,2017-09-05 09:17:19,2017-09-05 09:30:13,2017-09-05 23:22:24,2017-09-12 20:27:20,2017-10-09 00:00:00
096b88181e326e47c571be4560692555,8ec2ff0f89db489ab703d4be25831be6,delivered,2017-08-21 13:14:42,2017-08-21 13:25:16,2017-08-23 21:33:00,2017-08-24 16:03:05,2017-09-01 00:00:00
0cb87161e7b8247087cc93117f44a6a6,5d3a8bfe360fccb31768010c5a8910b8,delivered,2018-06-15 21:14:51,2018-06-18 07:11:43,2018-06-18 12:00:00,2018-06-23 00:11:13,2018-07-24 00:00:00
04f22b756f6367772fe11035fe75391a,dac7ce5b52b7268338bc50764f9572d3,delivered,2018-05-09 09:46:08,2018-05-09 10:14:44,2018-05-14 13:52:00,2018-05-17 17:03:57,2018-05-25 00:00:00
099be5827a2f9692b1c1ad111affc9d1,06a552b13fb2cc33c6fde4ff1de4c9c9,delivered,2017-09-06 19:58:48,2017-09-07 02:45:32,2017-09-08 15:03:27,2017-09-13 23:17:43,2017-09-19 00:00:00
077c51e0b25a9c8393b39a3f8c4a8cfe,ad899b71c43c34a6b3127690595a6596,delivered,2017-11-27 14:49:59,2017-11-27 15:03:29,2017-11-28 19:41:59,2017-11-29 16:33:18,2017-12-11 00:00:00
0abe0832bcbe8e17c2ee4b5b9fd05216,36cda18e13c9b168f5d9eaabe227dc29,delivered,2018-07-16 09:16:03,2018-07-16 09:25:13,2018-07-17 13:33:00,2018-07-28 00:14:39,2018-08-07 00:00:00
058b47cafcb62845676917a46cf732e4,f0adbcc906e94774e167ee43ce2209f2,delivered,2017-10-03 23:52:07,2017-10-04 22:28:23,2017-10-06 19:53:18,2017-10-16 16:08:07,2017-11-01 00:00:00
0700a8e0947d76a90800538ff87da453,96a41a2b6f1ce4dbd4f8fecc3fc26489,delivered,2018-04-22 11:26:58,2018-04-24 19:10:19,2018-04-24 18:58:03,2018-05-02 21:28:46,2018-05-22 00:00:00
05bd0df2a2f8b3719b66372a66b8f5ec,bd28fb21b93201afe08e27ea9b3bc90d,delivered,2017-12-05 09:21:51,2017-12-05 10:48:16,2017-12-22 00:47:04,2017-12-27 21:34:13,2017-12-21 00:00:00
06da8e499e3e6c47151b945f8c9eaab3,b12bae899f1c75498d7c096e41acaeb2,delivered,2017-06-28 18:09:28,2017-06-29 18:23:46,2017-07-03 18:03:38,2017-07-04 16:12:24,2017-07-11 00:00:00
02a001cb5f40b1fee4f0375c89cce463,f6268d33d76b777b9a9c8a2c7c781214,delivered,2018-04-14 08:49:33,2018-04-17 05:55:47,2018-04-17 18:33:42,2018-04-25 18:37:24,2018-05-09 00:00:00
07d35f516238db3cf2e71da57744922d,6b9c954ac26835161d0f34df89ca1175,delivered,2018-02-04 12:11:39,2018-02-04 12:31:42,2018-02-15 22:58:58,2018-02-21 18:29:17,2018-03-01 00:00:00
0cb67a1f07ecacac318a6eb35cf4928f,397f66d3001437d1499712eb4e2c8583,delivered,2018-06-09 06:23:04,2018-06-09 06:35:09,2018-06-09 09:47:00,2018-06-18 17:32:53,2018-07-27 00:00:00
09a12008dce38051d0f39f922b380e05,485a077ad2a0a1d77ab724863b2f50fc,delivered,2017-05-13 00:47:43,2017-05-13 01:03:30,2017-05-17 13:52:41,2017-05-23 10:55:47,2017-06-02 00:00:00
07b632a4645a2dba01074abfe4f34c4b,8a7610d26708795a04d4322e018f7f06,delivered,2017-09-18 11:33:17,2017-09-18 11:43:59,2017-09-18 20:37:00,2017-09-19 22:24:52,2017-09-28 00:00:00
01c391e962558d0793e8dd8f6bad0999,54f4686e731120a05f1b88deebcfd894,delivered,2018-02-26 11:19:59,2018-02-26 11:35:26,2018-02-27 23:23:54,2018-03-14 14:02:50,2018-03-20 00:00:00
04cb4d9e4f236cd2d6d42de8f1eea4ae,0c63c9530d251ecd4dcb350537e9ed6f,delivered,2017-05-23 08:48:23,2017-05-23 09:02:41,2017-05-23 10:01:34,2017-06-01 11:40:13,2017-06-22 00:00:00
0ae449254770bfec75a99b8d804e5b10,a89e53e23892b105599b8701f6353a5a,delivered,2017-09-11 20:35:49,2017-09-13 03:24:49,2017-09-13 17:12:04,2017-09-21 02:35:39,2017-09-28 00:00:00
0c311ce5790eb3a82cfaf0ab40840730,c99b00c3b4053a8a6159264ad625dea6,delivered,2017-08-13 09:13:02,2017-08-13 09:25:09,2017-08-14 15:11:46,2017-08-18 18:32:12,2017-08-30 00:00:00
09cd0ef00759c25af3a62b31366074bb,aa5e341090958e5111abe3ba75bcfe87,delivered,2018-03-16 08:37:00,2018-03-16 09:07:15,2018-03-21 21:48:48,2018-04-24 15:52:57,2018-04-16 00:00:00
057712e71c25f78b04ba3452284c110b,193754de85c4fb8fa230a4da9b125c66,delivered,2017-12-11 16:30:45,2017-12-12 03:50:23,2017-12-14 22:46:11,2018-01-05 19:40:06,2018-01-09 00:00:00
09bc4b63b3a1b631632aebe28d64df0a,075bf71fb03ea50d4da3b57efb26ce30,delivered,2018-02-19 00:26:12,2018-02-19 19:20:28,2018-02-20 20:17:06,2018-03-05 23:51:24,2018-03-14 00:00:00
0a11e1f5811dda6f2921ea5b87f67475,e68d2e59d2daddbd8f3c601ef50d987d,delivered,2018-06-05 20:07:43,2018-06-05 20:32:58,2018-06-06 09:05:00,2018-06-14 10:02:09,2018-07-25 00:00:00
00b4846d477a7baf5d4e47970bc08c7e,fe2b285a4d3936b9a37ff7460a0d403f,delivered,2018-01-22 16:17:31,2018-01-23 03:52:51,2018-01-23 18:51:36,2018-01-30 21:08:52,2018-02-16 00:00:00
0394e320572c0048e41267320a28270e,28135fbf5e6fc1254fd50aafee7b02b0,delivered,2017-05-03 11:58:43,2017-05-04 06:35:24,2017-05-04 15:58:09,2017-05-24 20:51:56,2017-06-07 00:00:00
0cd27a304d5325e6b68ff9895525e09c,f860f5524f85b83ed02bdeb0522f145b,delivered,2017-06-11 11:22:12,2017-06-11 11:35:07,2017-06-14 13:05:02,2017-06-19 21:06:53,2017-07-05 00:00:00
01ebb9ed879d6fa1da4857ed617972ab,65c931a66a152fc0769247ad03785247,delivered,2017-04-27 18:48:44,2017-04-29 02:43:03,2017-05-02 09:34:37,2017-05-12 17:24:43,2017-05-25 00:00:00
089692eb75f455bcb86e1a21ace6abad,6fca3886cb74147d27ba31c5016fd0fd,delivered,2017-11-12 17:58:23,2017-11-12 18:10:27,2017-11-14 16:25:03,2017-11-17 17:02:47,2017-12-01 00:00:00
025e095e20c6575abee30657b956b3ff,d74d3f409a5f2efa2445b8415108e184,delivered,2018-08-16 15:32:45,2018-08-16 16:23:56,2018-08-20 10:59:00,2018-08-21 20:41:44,2018-08-23 00:00:00
049db9aade07d0056ead438e182f2b52,d075570ed98e1a5bf9b6355be0f89b57,delivered,2018-07-09 21:25:55,2018-07-11 03:10:17,2018-07-11 13:21:00,2018-07-13 22:23:46,2018-07-25 00:00:00
019a242bea1553b3b7e12bc38cb57a23,ff70b0c5553479bb9130858713a7e05b,delivered,2017-10-29 09:06:44,2017-10-31 04:06:21,2017-10-31 16:49:45,2017-11-13 18:47:19,2017-11-22 00:00:00
05e756a9715655ae26d98822c44eac0e,505daea6a4fe3f09365ec3d4fb3f2763,delivered,2018-05-17 14:56:38,2018-05-18 01:17:37,2018-05-18 13:33:00,2018-06-07 19:36:44,2018-06-06 00:00:00
02fc46ea58b91abb0507c92e7f6e33ff,c7f1addc1a4563e72059c69e14cf78cd,delivered,2017-08-15 13:12:01,2017-08-15 14:10:18,2017-08-16 15:45:42,2017-08-18 22:27:59,2017-08-28 00:00:00
0363e6de0e2139c4988c0dba606fcafa,3ca51c5c83761d83b4385b4a1cf5f191,delivered,2018-04-17 12:37:34,2018-04-17 12:53:44,2018-04-24 20:12:50,2018-04-25 12:05:02,2018-04-30 00:00:00
025830a006d984bf712a8c6a1eca41c0,8048f231121e6b83e7042a1d02021b13,delivered,2018-03-09 19:42:31,2018-03-09 19:55:27,2018-03-12 23:02:44,2018-04-11 21:58:46,2018-03-28 00:00:00
091bd68043b7a721b0d82b5ff36304fa,64951dc059928ade3849eec4adbb689b,delivered,2017-03-03 18:02:51,2017-03-03 18:15:13,2017-03-06 18:53:43,2017-03-13 17:13:58,2017-03-24 00:00:00
085dc4386ef92b335b19c17b1ab7876a,cc2560d14b160bfaddc6e058b7d45550,delivered,2017-12-14 12:45:50,2017-12-14 12:58:34,2017-12-20 23:28:11,2017-12-28 11:45:52,2018-01-09 00:00:00
08cce5e2a4a4d08e17cef053da98254b,ae5b997c142cad29cab4f9fe0ed0a02f,delivered,2018-06-20 16:32:06,2018-06-20 17:00:49,2018-06-21 15:20:00,2018-06-28 22:26:30,2018-07-18 00:00:00
0ab73486735f114f9e844522fa9b16ec,7a2e2c861b10856781dc1a45327e6189,delivered,2018-04-27 09:48:57,2018-04-27 10:12:30,2018-04-30 06:27:00,2018-05-08 22:41:37,2018-06-12 00:00:00
052bc85c00310b85dc5b3cae2d25aebb,081cea15eaa6b814b2f0c96821007981,delivered,2017-08-24 12:33:24,2017-08-24 12:45:21,2017-08-28 18:12:44,2017-09-11 21:39:52,2017-09-18 00:00:00
0277fae7eda81470bf6c87dc570e267a,1b7500033ab2ef2a6e9a8e9b9aa3d660,delivered,2018-02-08 20:14:10,2018-02-08 20:29:06,2018-02-16 00:57:00,2018-03-15 20:51:13,2018-03-09 00:00:00
05297254c9e41d34c1a38f75ca8656d9,0ad8985d712b965bef0db41bd4331248,delivered,2017-11-24 22:56:56,2017-11-26 22:53:54,2017-12-08 17:21:14,2017-12-15 18:24:56,2017-12-11 00:00:00
0c4a23679a622eb0793aaabdc6ce5750,61bf256e81b104925bc8323ddda7cae4,delivered,2017-08-25 18:45:08,2017-08-25 19:06:00,2017-08-29 20:04:29,2017-09-21 13:52:42,2017-09-19 00:00:00
0ac37dcbb2a733a4d81866a91ff65965,9e16e5717003b3e55ba4b40c22e8834e,delivered,2018-07-01 22:57:05,2018-07-01 23:10:12,2018-07-02 15:44:00,2018-07-10 20:10:29,2018-08-06 00:00:00
056f1217c54403f6300ea6b50f6716d5,cfa2107afc077becb6d5c6538772c060,delivered,2017-11-07 18:12:18,2017-11-07 18:30:53,2017-11-09 10:24:58,2017-11-14 16:37:10,2017-11-27 00:00:00
0ca8b6de19bde0d4ed1fe6f90f475ab5,1033b4922196d44bddafa67bdd942a8d,delivered,2017-12-11 10:00:41,2017-12-11 10:10:59,2017-12-13 21:58:39,2017-12-15 19:43:31,2017-12-28 00:00:00
01bb5b3cb7df4da98ea2214d083784c4,a3b369b287f0fb3acdbd673d88cc3076,delivered,2017-05-28 15:00:23,2017-05-30 04:50:24,2017-05-30 08:34:01,2017-06-13 13:04:18,2017-06-19 00:00:00
0170e40334131d971605ae70efb33e4f,c0c87e50917bad186dc13135c1820d25,delivered,2018-07-18 07:17:35,2018-07-19 04:35:18,2018-07-19 11:02:00,2018-07-27 17:02:28,2018-08-10 00:00:00
0560d129c1357ea719aab1cf2cd4f03b,31fbacf0ea2089c524643a24907ff72f,delivered,2017-07-01 00:04:15,2017-07-01 00:15:36,2017-07-04 14:12:40,2017-07-06 18:25:36,2017-07-14 00:00:00
0a7beb2015960a4d8c4ec8bbde5a1f5f,310933b9b463e39423744c745b979477,shipped,2018-01-20 18:43:17,2018-01-26 17:03:49,2018-02-17 02:22:48,,2018-03-06 00:00:00
076d1555fb53a89b0ef4d529e527a0f6,f08306b95370e8d5f0d97b71229284b6,delivered,2018-07-30 10:04:21,2018-08-01 04:35:22,2018-08-02 15:04:00,2018-08-08 00:46:43,2018-08-14 00:00:00
0adaff16f16a26f5570209f0473fd609,4b7cea06a4086564b33d9ec3ba877109,delivered,2017-05-05 11:59:39,2017-05-06 02:22:32,2017-05-10 13:23:27,2017-05-12 09:17:33,2017-05-26 00:00:00
09476766faf9215ae60de94d7c259801,a7ca77c243e6f130b70aa2cedcf78f7f,delivered,2018-05-11 13:35:48,2018-05-11 14:57:59,2018-05-14 14:46:00,2018-05-18 17:34:32,2018-06-05 00:00:00
0c00eb38b29dd352b15a6ee44f8a531a,616c98205174419827715be4466f8ef5,delivered,2017-09-28 10:46:42,2017-09-28 11:04:39,2017-09-28 16:18:57,2017-10-11 22:43:46,2017-10-31 00:00:00
0988c678736998fba42218af0ebf2c1f,bd79156d8cd3466ec6c16a1153d80520,delivered,2018-03-11 19:16:45,2018-03-13 04:40:29,2018-03-13 23:17:09,2018-04-17 22:16:34,2018-04-16 00:00:00
0016dfedd97fc2950e388d2971d718c7,2c8b917c5d7dd720ebe36a5ed3b501ec,delivered,2017-04-28 19:54:40,2017-04-29 10:05:12,2017-05-16 08:40:49,2017-05-22 18:32:21,2017-06-01 00:00:00
05b3514bb9492bc0eb20959fbf445927,f08cbd00eae908d02c0c4984598f1d2e,canceled,2017-08-03 19:04:35,2017-08-03 19:15:23,,,2017-08-28 00:00:00
03d7f508a18d76f89489c40b7008f7e4,c9a67b1df99803321bd59735c389a6c5,delivered,2018-03-15 08:51:49,2018-03-15 09:09:30,2018-03-20 00:41:57,2018-03-20 17:30:59,2018-03-27 00:00:00
0b84583d6c4780ec023cc037e77410d2,a1306c28063b41c54726e91e24ffcb3a,delivered,2018-01-08 15:45:44,2018-01-09 07:20:59,2018-01-10 20:23:14,2018-01-12 21:58:47,2018-01-24 00:00:00
09c0dd7d518cf413ce20facd85bedd5f,f4f12b8475349e0391008cf5e621a65f,delivered,2018-02-26 13:03:45,2018-02-26 13:15:33,2018-02-28 16:23:20,2018-03-01 18:53:04,2018-03-16 00:00:00
079aa97bd14929502e11d87d14790792,6e544db78613e468780690fcdd22a7bc,delivered,2018-08-14 17:11:29,2018-08-14 17:30:32,2018-08-15 12:22:00,2018-08-20 17:09:01,2018-09-03 00:00:00
0b75da0be2772eb19f522706b2078530,298a8c70a96b6e4bb07c44841e5ddd6b,delivered,2018-08-21 06:58:44,2018-08-21 07:30:13,2018-08-22 15:32:00,2018-08-29 22:25:44,2018-09-24 00:00:00
037a1aed2e8a5752977fd27aff7c230c,89a38ba4d20d8cc109418096b0e3cbf2,delivered,2017-11-12 17:20:08,2017-11-14 03:46:44,2017-11-14 19:51:57,2017-11-27 19:47:27,2017-12-01 00:00:00
06970f3ad11e6267192d7d98af40a8f5,3121273a484955eef5f8c940af3ebfb6,delivered,2017-11-27 14:18:58,2017-11-27 14:26:26,2017-11-30 17:05:07,2017-12-06 11:42:29,2017-12-29 00:00:00
0435e97505a412ee97a24d62beb81cf0,05c866b580d387ccf3d664997dcb890a,delivered,2018-05-17 18:35:23,2018-05-18 00:37:32,2018-05-23 08:19:00,2018-06-08 19:06:40,2018-06-12 00:00:00
02a059e99249511338c51476bf3d942e,76151005f31fee631493eb534d4fcf58,delivered,2017-07-24 19:24:34,2017-07-24 19:35:23,2017-07-26 10:34:54,2017-07-26 19:12:29,2017-08-04 00:00:00
00fcf938cde49ae138942b632ed62393,396573e1df49285167b26331d72e7f96,delivered,2018-01-11 01:04:44,2018-01-12 02:38:41,2018-01-15 17:35:35,2018-01-30 10:58:25,2018-02-09 00:00:00
0194686a55eb0a869321fb107f4d114a,b577ba81b673d2fad6f974650f3dbb5a,delivered,2018-05-22 15:15:50,2018-05-23 02:15:30,2018-05-23 15:27:00,2018-06-04 19:05:32,2018-06-08 00:00:00
03be2f620301ed720f761e04f00270d4,f1dde6108ccd95c8341b628a7ecc6ef5,delivered,2018-06-09 12:20:13,2018-06-09 12:35:12,2018-06-15 16:38:00,2018-06-20 17:17:40,2018-07-04 00:00:00
06b709d62777971bc95e6c32886f3ddc,8709f685a85d5c65fb7e7a9a77e97182,delivered,2018-04-20 20:36:31,2018-04-24 19:28:15,2018-04-23 17:49:42,2018-05-04 19:41:48,2018-05-24 00:00:00
0b50f9db645dbb8c98ebe37fab6ecb3e,2c6882de19e82ab91b7cd3dd2c49873e,delivered,2018-01-04 19:15:58,2018-01-06 14:14:05,2018-01-09 20:24:55,2018-02-02 20:26:10,2018-02-02 00:00:00
09be8ba0b5c0e3195ef77302707a192f,016890b20bac6cd8155fb02cd3ec3e44,delivered,2018-07-01 22:16:18,2018-07-01 22:30:13,2018-07-02 16:24:00,2018-07-06 18:08:35,2018-07-26 00:00:00
0ac69790e2a6e4c075edbd78648a3594,1c3d8766b5f8b24d7e95001ce31d1d38,delivered,2018-08-28 18:49:20,2018-08-28 19:05:19,2018-08-29 12:35:00,2018-08-30 20:16:38,2018-09-04 00:00:00
05d3fead61b937bd7176c28ef8ed34be,db256fd07ff78521a748e1b8f516cc9e,delivered,2018-01-09 16:25:31,2018-01-09 16:37:52,2018-01-10 18:20:21,2018-02-04 17:47:24,2018-02-19 00:00:00
089b005e56c360e749ff7185aa4814af,8ed6117c357c24a9dec01793baf6a633,delivered,2017-04-08 14:43:24,2017-04-08 14:55:18,2017-04-11 07:09:22,2017-04-20 16:55:57,2017-05-04 00:00:00
012f255bd5034b8e7fb3c91566a91cc8,87eccba53579db5563b0588f8943373d,delivered,2017-10-06 09:42:12,2017-10-06 09:49:37,2017-10-06 19:48:56,2017-10-09 20:43:53,2017-10-30 00:00:00
071773cf1c4d6c91cce83af65b9f8fff,e3cc4bf7e43cc5afc7bfc9693dcd5938,delivered,2018-07-28 10:25:00,2018-07-28 11:04:17,2018-07-31 19:02:00,2018-08-01 23:21:16,2018-08-13 00:00:00
09ae00385becd9090c7e85eb465605e0,76cbb2f50d9907cf49c5fd75d7ab80a6,delivered,2018-03-22 13:34:29,2018-03-24 02:07:52,2018-03-26 21:08:39,2018-04-03 18:35:35,2018-04-23 00:00:00
013bc77d3ca5fba084a241fdcb307393,96ce05a47b37faa11bd59938ee555a7d,delivered,2018-01-17 00:23:17,2018-01-17 00:37:23,2018-01-18 13:53:02,2018-03-12 17:06:53,2018-02-19 00:00:00
02f0618d94e9aeeb35a81835fa5c64d7,d0c26cf29062e8483e02761ab2078561,delivered,2017-12-18 10:36:07,2017-12-19 09:53:33,2017-12-20 15:42:19,2018-01-03 16:48:19,2018-01-18 00:00:00
0c45caaab2bcc146bef109bee64d3b98,5087defc2b2ec1e20defc362427ad2fe,delivered,2017-06-15 12:56:38,2017-06-17 03:16:43,2017-06-19 20:22:47,2017-06-27 15:09:46,2017-07-12 00:00:00
0c4c58fca6e92bb1b43c04a406e73a86,226a63a502f031aafeb924719d58a805,delivered,2017-11-26 18:41:52,2017-11-26 18:54:05,2017-11-27 21:39:51,2017-11-29 14:38:48,2017-12-19 00:00:00
06691ef50a126916cb2d45040258ee3c,9e9e7a5ee7c5e26e2782c06f0acfad1b,delivered,2017-05-16 23:09:07,2017-05-16 23:22:40,2017-05-17 16:48:10,2017-05-23 15:23:46,2017-06-07 00:00:00
0aec87a19cce94ceda3bce4b605d9423,8efc8e00b4373776f0f3543e043fd768,delivered,2018-03-14 17:03:43,2018-03-16 03:50:10,2018-03-20 22:36:43,2018-03-21 14:36:44,2018-03-26 00:00:00
087b7573e7bda014f7f61b472a7cf555,e04b0d3e98bf9cb1ccbe50eaa45ac459,delivered,2017-02-22 13:08:03,2017-02-23 02:35:12,2017-02-24 07:06:00,2017-03-06 10:42:32,2017-03-23 00:00:00
01bb52d7a8dffb8bef5b79268487cd10,28c250c622ecb0309adc441f549d9a0f,delivered,2017-06-06 12:54:19,2017-06-06 13:42:49,2017-06-07 11:51:23,2017-06-19 14:38:10,2017-06-30 00:00:00
094af1d0ffa8afa4ddce0e4892491313,c743dace5b15ed39b17b44dc5ad44023,delivered,2017-04-06 17:01:33,2017-04-06 17:15:25,2017-04-07 09:59:07,2017-04-11 14:42:29,2017-05-08 00:00:00
016b451bbcd4f0766dcbeb082cfe89db,24b3827e65cf09e06d6510524822749c,delivered,2018-01-09 11:25:46,2018-01-09 11:32:33,2018-01-11 22:34:25,2018-01-19 22:47:35,2018-01-26 00:00:00
05529f3e7ed5cd4214281f2bf60e89d6,a9b2a6199654f4da4425e9c820bc57e2,delivered,2018-08-01 17:34:06,2018-08-01 18:20:05,2018-08-03 14:30:00,2018-08-17 00:14:35,2018-08-27 00:00:00
002f98c0f7efd42638ed6100ca699b42,75fd1fb0bb511fc71ac2b2649c02b21b,delivered,2017-08-04 09:19:10,2017-08-04 09:30:15,2017-08-04 18:09:47,2017-08-07 19:07:30,2017-09-05 00:00:00
06d74ea6a80deeb7e69a3b1d5bfb9585,d7fc0a0ddd02070c8be5d906af2b5ded,delivered,2017-08-27 11:31:11,2017-08-29 04:35:50,2017-08-29 19:00:20,2017-09-04 15:33:58,2017-09-15 00:00:00
0452166f3b0d8e378179ecea1efdfe05,f9ea98973ad5377b86d588b734afda06,delivered,2018-08-10 11:25:41,2018-08-10 11:35:23,2018-08-13 15:13:00,2018-08-14 22:44:56,2018-08-16 00:00:00
04276973bd289a01c0eb40a277fd919d,b1925af54f5dbae53bb849ba9fcd1507,delivered,2017-07-22 16:31:58,2017-07-22 16:45:15,2017-07-25 12:28:22,2017-07-28 14:09:14,2017-08-11 00:00:00
04d545b51bf8586200b03f1e22db97e2,59fd8981d47ba6ea0e75ad7e2e026817,delivered,2017-10-17 18:57:44,2017-10-18 02:58:58,2017-10-30 21:24:59,2017-10-31 21:07:27,2017-11-09 00:00:00
0332e2e8114f5904403029875ac75329,b04895eee6cdbd56c1d80d896adcd6bd,delivered,2018-05-09 21:09:14,2018-05-09 21:34:07,2018-05-10 11:27:00,2018-05-21 11:21:45,2018-05-30 00:00:00
0a44ca66dfa067a69bc92ef82ba68acf,28e063338299369124b14759ef655663,delivered,2018-05-13 20:05:55,2018-05-13 20:15:17,2018-05-18 15:12:00,2018-05-19 13:33:44,2018-05-25 00:00:00
0801f0d06dea3e577f48276a2a225597,db33548a973e1a93d3e7a6e599951336,delivered,2017-10-18 20:26:36,2017-10-20 02:46:00,2017-10-20 16:40:09,2017-10-25 16:17:57,2017-11-17 00:00:00
0ab421a822cfefda840345b69417962d,835d2eb4a81db209086d1b7f73ae3c22,delivered,2017-11-29 12:50:10,2017-11-30 02:21:42,2017-12-04 21:23:03,2018-01-03 18:46:38,2018-01-02 00:00:00
0cda834be88c6e549a9895efe5e0b49f,9c64cd776ee9f018ad51dfda0666bae3,delivered,2017-09-10 00:14:56,2017-09-10 00:35:09,2017-09-12 13:50:03,2017-09-25 15:56:19,2017-10-05 00:00:00
0b1e73fa546894ad7310916b480de067,bc265c24a5a745bff94d62fd5f5db043,delivered,2017-01-11 11:21:23,2017-01-11 11:31:52,2017-01-11 14:07:45,2017-01-16 13:18:49,2017-02-21 00:00:00
0c74c49e467222c92f1811d3c087b950,77cbedf4e47cd5ef93dc76c8e48c6cd8,delivered,2017-12-29 21:26:16,2017-12-29 21:35:27,2018-01-02 22:58:23,2018-01-11 18:20:26,2018-01-24 00:00:00
00f1bb0af030935db1745ee28367ea26,0d8111a81ce6ed7cb969e28a01392f63,delivered,2018-08-06 23:19:06,2018-08-06 23:35:17,2018-08-10 12:34:00,2018-08-18 14:25:48,2018-08-27 00:00:00
09115b2d7c4d9d65a35b13be42e668e7,ceb911ab7ed6f6d7b8276fc3257ad08c,delivered,2017-12-12 20:35:50,2017-12-12 20:52:21,2017-12-15 18:56:47,2018-01-04 22:59:14,2018-01-10 00:00:00
024a19cc498cc1a9efcf675d1ca465c3,54ae421973032c25067cdf03e04be610,delivered,2018-04-03 16:35:22,2018-04-03 17:28:43,2018-04-06 20:42:54,2018-04-30 17:12:19,2018-04-26 00:00:00
0c01f50d13b63f9c7a1f073f51a45548,ff310159cfef87d3dbbf5341637bd4a2,delivered,2018-01-08 17:37:09,2018-01-08 17:49:16,2018-01-09 16:51:43,2018-01-16 15:17:10,2018-02-06 00:00:00
0c42ffbb7daabd630cbe785466d587c0,850cbfa573438ea510bc828c7651b9b5,delivered,2017-07-27 12:29:26,2017-07-28 08:35:19,2017-08-09 14:24:41,2017-08-18 21:19:38,2017-08-18 00:00:00
068ded3b756569845d5ede597fe3b9d6,2ea4875e4673944bc07e7520e5d96df1,delivered,2017-06-04 17:50:22,2017-06-06 13:35:43,2017-06-07 08:51:11,2017-06-09 12:57:02,2017-06-26 00:00:00
07e8a98c9affe8a0d02edf6229912b90,f4643666652177473bbdc283850ea710,delivered,2017-07-17 18:17:48,2017-07-17 18:35:18,2017-07-18 17:22:03,2017-07-29 14:22:32,2017-08-17 00:00:00
0bf105a936021f82d572e73f846321cd,629519b219081ad5adc3887edab662d8,delivered,2017-04-29 11:46:46,2017-05-03 15:32:40,2017-05-04 12:32:14,2017-05-05 09:25:44,2017-05-25 00:00:00
00b8d354b36820e9d6131fd5173c5581,a17846ed33d62b0e48c6f07ce9132318,delivered,2018-02-24 13:05:44,2018-02-27 04:31:16,2018-03-01 15:27:04,2018-03-08 21:26:35,2018-03-21 00:00:00
0999bc97673a2bbf7a81731329196b2d,c0912d91c480e2988d7f4f097fd5152e,delivered,2018-04-07 12:19:29,2018-04-07 12:35:14,2018-04-10 00:02:22,2018-04-11 17:11:48,2018-04-24 00:00:00
0b30e59b6e985ef789c83d08753d59aa,520a609c3e7ac01830c176ab29145781,delivered,2017-10-01 18:25:06,2017-10-01 18:49:17,2017-10-04 17:33:42,2017-10-10 14:28:11,2017-10-24 00:00:00
027286057add812ecb77ad0b23604c06,8f039377398b08c900778a60909d1e49,delivered,2018-03-03 17:11:11,2018-03-03 17:29:19,2018-03-05 18:12:40,2018-03-13 13:21:22,2018-03-22 00:00:00
0815bb5a3a3289fdf7ac65a426cb553a,bb89ed467b77ce0e60a8af8152957ffd,delivered,2018-06-19 21:36:37,2018-06-20 16:25:43,2018-06-21 18:50:00,2018-07-04 19:48:38,2018-06-29 00:00:00
086961934db99fd12a25cfeef96ff2cd,8b647f05640c46fd8d4be7f5e617dd61,delivered,2017-05-16 21:59:35,2017-05-16 22:15:12,2017-05-17 11:56:59,2017-05-24 09:52:32,2017-06-07 00:00:00
0babf33efe3b411528d29e03b76acc5d,8c6d3fcd7164c66c11e742d3799118bf,delivered,2018-01-30 19:30:05,2018-01-30 19:54:00,2018-01-31 20:22:32,2018-02-19 22:52:07,2018-02-23 00:00:00
01b4a2ad3420c19a1c7c402513e7725c,29fe805fdb52514ef2b8cd76491d1bba,delivered,2018-01-09 08:52:54,2018-01-09 09:08:29,2018-01-09 16:15:00,2018-01-18 19:52:51,2018-02-05 00:00:00
0c58a94fb3bbbbca032e333885e6c2e9,bcf3fa82abfa5cab3d2910b999fa8f07,delivered,2018-02-15 21:18:50,2018-02-15 21:26:39,2018-02-16 17:48:33,2018-03-06 16:27:00,2018-03-07 00:00:00
005e5166e99d1e4d0c4f808b0540ba94,0f2a7baf176f693c27c891360da9ef2c,delivered,2018-02-21 11:37:24,2018-02-23 02:09:02,2018-03-08 01:10:21,2018-03-27 21:14:59,2018-03-15 00:00:00
032a25a524b766bdb806500361630bea,00bd2f03a3aeb727b9c7bf7c2a1c094b,delivered,2018-07-11 17:59:45,2018-07-11 18:10:17,2018-07-16 10:07:00,2018-07-25 23:21:50,2018-08-13 00:00:00
0a671290b0be76ffb379a3c0031d2f44,c1e0d14af8d9b536de4a169254aa6429,delivered,2018-04-25 17:31:37,2018-04-25 17:52:33,2018-04-27 16:40:00,2018-05-22 23:51:02,2018-05-18 00:00:00
07c25d3d928865cf442fac10a30163c0,c5ae7356add4217aa8e2d1677f60e49f,delivered,2018-01-12 10:40:17,2018-01-13 02:28:27,2018-01-15 17:08:52,2018-01-24 17:34:57,2018-02-15 00:00:00
05ea910f7ffffe471fab783ea0d8e424,6b4604fc99e30a8ee23986529ee05c09,delivered,2017-06-20 08:18:43,2017-06-20 08:30:29,2017-06-20 13:52:59,2017-06-26 16:17:42,2017-07-13 00:00:00
052b7ade468bbc426187ed75fbc1fb3b,7bda2f42b18b59d03f8cf8d14368dd7d,delivered,2018-04-03 11:05:02,2018-04-04 11:09:58,2018-04-09 20:18:05,2018-04-10 21:21:57,2018-04-17 00:00:00
0286e258217733541e80588e29c208c1,010583f85dd55d32a6db1068f58ca6f1,delivered,2017-10-08 20:37:04,2017-10-08 20:49:20,2017-10-10 21:27:46,2017-10-21 00:34:45,2017-11-13 00:00:00
05fad97db96406de1787c7a532c46a2b,704435bd61cfb6de6ef8559c90f64aa2,delivered,2018-06-19 11:34:27,2018-06-19 11:58:13,2018-06-19 15:15:00,2018-06-26 19:57:34,2018-07-24 00:00:00
00df27e666004db9f14bce766fa5327c,2f9fe192fe03e0b19bbe3ff35f3100c5,delivered,2017-11-18 11:44:56,2017-11-18 11:55:31,2017-11-20 22:16:49,2017-11-23 21:09:13,2017-12-07 00:00:00
04e83658486074318f1a806c19265817,91fd140e38421fcc6f81f31e07d21275,delivered,2018-05-04 21:24:35,2018-05-04 21:35:14,2018-05-08 10:59:00,2018-05-11 16:51:59,2018-06-04 00:00:00
0b7acd2a88da22f2cf5365bff495f1e6,57b50fca28ea8a0c5b2242e71e36e1f7,delivered,2018-03-07 19:36:19,2018-03-07 19:49:33,2018-03-08 19:07:41,2018-03-21 12:54:51,2018-03-23 00:00:00
0c99132c4ff916416ba8f74c378f1cbc,476762b9609040c46aa4e7288716197d,delivered,2018-08-10 19:34:43,2018-08-10 19:45:22,2018-08-13 11:57:00,2018-08-17 14:38:53,2018-08-31 00:00:00
06ef1c484cc535575da1724b5c6b913a,e7db9d2a47a9a2dc1c981f3520f053f4,delivered,2018-04-07 14:16:38,2018-04-07 14:30:13,2018-04-09 23:21:53,2018-05-14 22:19:20,2018-05-10 00:00:00
01428962dce3b65e5433eaeb16c0f48f,62a31d294c310db1ce08d21a575c4144,delivered,2017-07-13 14:39:29,2017-07-14 02:24:20,2017-07-21 17:39:57,2017-07-31 18:25:47,2017-08-14 00:00:00
0794929f95ad2d3371bf525e22a2603f,b846152f6ca2bc8c18c46c3247c33426,delivered,2017-11-06 12:28:08,2017-11-08 03:30:56,2017-11-11 13:42:42,2017-11-21 22:55:49,2017-12-04 00:00:00
01b538a0b1a9eeecdfbc03223190e4bf,65c6da734e03f00a02315762773f9e5a,delivered,2018-03-01 22:34:37,2018-03-01 23:31:13,2018-03-02 18:34:17,2018-03-12 22:34:48,2018-03-20 00:00:00
0a31cb63d4483ffbef1d5503752a0b5d,d9e90748b0092bb0f5417edccf34783b,delivered,2017-07-18 13:44:30,2017-07-18 13:55:18,2017-07-19 19:22:51,2017-07-25 19:43:37,2017-08-09 00:00:00
082c30f193b1a499078fafbfa3a2d6a7,1b9b09dd0c719b512590f46d37e8cc97,delivered,2017-11-13 20:10:29,2017-11-13 20:27:42,2017-11-16 16:28:41,2017-11-27 17:25:10,2017-12-14 00:00:00
01d0cbd002be92b5a970cb8f233349c2,034c3cb26461c58520139e4efb33ed90,delivered,2017-07-21 14:33:49,2017-07-21 14:50:15,2017-07-25 14:33:26,2017-08-11 19:22:45,2017-08-18 00:00:00
03e69d6af27047bf2721b317c321356e,179f0e4fe07ba87fe5291970261c42bb,delivered,2018-03-02 08:27:04,2018-03-02 09:30:33,2018-03-03 00:06:32,2018-03-19 19:04:25,2018-04-04 00:00:00
0baf7baccd1d8c755bfb78c96a2bbc62,765916936db218a902d068127e62e913,delivered,2017-06-20 11:25:41,2017-06-20 11:35:34,2017-06-21 09:58:14,2017-06-29 15:09:17,2017-07-10 00:00:00
0463f8ccb9ec5832bfeffdd28ce2359d,f340efcafd7be14d4014aa093a7efd9a,delivered,2018-01-08 15:26:13,2018-01-08 16:08:40,2018-01-10 20:17:12,2018-01-25 16:07:53,2018-02-09 00:00:00
078f6a01964ee122ef20881df839af31,2b7ae7a532ff538ce88f6bfdd2cb564c,canceled,2018-08-06 11:06:21,2018-08-06 11:15:27,,,2018-08-16 00:00:00
0b27d99f32650074301e63c1e00a2720,86a8d29472c668e0c99cfa94a7142ffe,delivered,2018-04-27 08:36:05,2018-04-27 08:53:18,2018-04-27 10:42:00,2018-05-09 22:41:56,2018-05-24 00:00:00
03e7fbb471b77e2baedac2662bd76db8,0c848f157605bb2142c5ebea60f348e2,delivered,2017-07-24 21:39:13,2017-07-24 21:50:08,2017-07-25 20:49:42,2017-08-01 16:37:25,2017-08-11 00:00:00
0b2f7d7319f367295bd93624be36ed1b,890b202d81e69fff91d33beba38bec9d,delivered,2017-12-26 10:08:32,2017-12-26 10:19:38,2017-12-26 19:53:31,2018-01-06 00:42:38,2018-01-29 00:00:00
09b584a0cd8717a01d318729fa61a867,fc376bd798ea2c82b7603662867ee0af,delivered,2017-08-27 13:44:33,2017-08-29 05:32:05,2017-08-29 23:34:51,2017-08-31 20:17:57,2017-09-14 00:00:00
01d9a9aa7feccdaf99f7ea832bfa7301,4e2a379354e75a4545a46fe69949844f,delivered,2018-08-21 21:53:58,2018-08-21 22:05:16,2018-08-22 12:17:00,2018-08-23 20:04:06,2018-08-24 00:00:00
0606be58306f48924f5b44a39cfab9ec,a780fe4a7d5352de0e30ef4dcfbdc846,delivered,2018-06-07 20:35:11,2018-06-08 20:34:31,2018-06-11 14:43:00,2018-06-21 18:49:43,2018-07-19 00:00:00
0cc4f59df564ec8dd6539dfdd8b29472,a039d274b51a190d03680d06479c7c1f,delivered,2018-03-06 11:42:16,2018-03-06 11:55:45,2018-03-06 21:57:06,2018-03-07 15:26:14,2018-03-16 00:00:00
05857c3db4187fe99fe1ae8b69747ab3,89430c6977d04d2733f4dd588d27f43f,delivered,2017-04-22 12:23:03,2017-04-22 12:35:23,2017-04-24 12:30:13,2017-05-03 16:07:53,2017-05-11 00:00:00
0a4bcba63e99001ad0349d8832963afe,259cd2e47ae29b399f8d36176b542785,shipped,2018-02-26 10:07:19,2018-02-27 04:31:06,2018-03-02 16:22:36,,2018-03-16 00:00:00
0a1d3041cccb0462981aec3f0b1ad106,a75d7c5126b91788b209b80176b03151,delivered,2018-08-17 16:36:55,2018-08-17 16:50:04,2018-08-21 08:29:00,2018-08-24 21:31:17,2018-09-11 00:00:00
08e33dc1bf04d3cbc2fb5e93fbfcd6c2,f501c6a2d17e3db17c26f8728988616b,delivered,2018-06-24 21:20:11,2018-06-26 05:13:01,2018-06-27 09:28:00,2018-07-03 23:33:29,2018-07-20 00:00:00
022d47e6dd2e127493b8f51c8408078c,02d2c49ef9837fbf18d71940dd7cf97f,delivered,2018-01-13 17:33:23,2018-01-14 17:28:45,2018-01-18 22:41:55,2018-01-22 17:10:03,2018-02-05 00:00:00
0641d69ef04d0d7b004cb9ec0106c3ea,f7f3861057dff6df914b58282f051b01,delivered,2017-09-05 15:46:38,2017-09-05 16:04:08,2017-09-08 17:27:49,2017-09-13 20:53:57,2017-09-27 00:00:00
00ace652c8a5072670f30674e5f19844,8ef0a1cf31ce44185f0ee98fd976ef70,delivered,2018-01-19 00:35:45,2018-01-20 09:07:49,2018-01-31 16:44:05,2018-02-19 17:12:48,2018-03-06 00:00:00
044406a115a855072a8e79d38f028a80,c2fd07c064da726f771496f47be85d7f,delivered,2017-08-01 11:04:50,2017-08-02 03:04:31,2017-08-03 15:13:21,2017-08-10 17:34:49,2017-08-28 00:00:00
058ac520863d0c0d57e3cf920de368d4,002b24cb2cd0c3e575040dbd278885e3,delivered,2018-05-21 23:17:32,2018-05-22 02:56:24,2018-05-23 14:51:00,2018-06-05 14:06:37,2018-06-08 00:00:00
0bff3ac704b2ab4cdb69873f3f551ce1,1aba9d2a7b717187271edc2f163c1d89,delivered,2018-04-09 17:55:42,2018-04-09 18:10:25,2018-04-11 16:14:36,2018-04-24 22:48:50,2018-05-07 00:00:00
00f2a3509bd600bd1a06a48353788d93,37dafcdee86df7843f93d4b4d5325dde,delivered,2018-02-25 12:08:45,2018-02-25 12:29:23,2018-02-28 15:34:52,2018-03-01 16:58:54,2018-03-26 00:00:00
05cd5649410dd46b0467669ff19e294b,c87368f0131696c39951652dad18ff37,delivered,2018-03-03 18:35:13,2018-03-03 18:48:31,2018-03-05 18:08:48,2018-03-19 13:13:44,2018-04-10 00:00:00
0cb2239ee3c4947fce4ab10c1742fe67,9cc2c1fada1c57d908696c42d75e0283,delivered,2018-06-01 11:48:54,2018-06-01 12:11:37,2018-06-04 17:03:00,2018-06-06 20:37:41,2018-07-04 00:00:00
046cb513a5ed6d4f7506af8f88636609,14ed9dcdbbcf33c3e561dfdd374373d8,delivered,2018-06-24 23:13:35,2018-06-24 23:34:10,2018-06-25 14:44:00,2018-06-28 18:42:02,2018-07-11 00:00:00
06c7208cefd133b492daeccba355ab99,c2885ba32d9fcfb7c79c59ef42a74e88,delivered,2018-03-27 15:19:06,2018-03-27 15:30:25,2018-03-28 20:51:03,2018-04-02 21:19:05,2018-04-16 00:00:00
05535f67cf6802000ad3107136cff4bf,4b339b812b88b697ecbe6f20baae7e99,delivered,2017-09-14 14:53:35,2017-09-14 15:05:57,2017-09-15 15:54:58,2017-09-21 19:09:28,2017-10-02 00:00:00
03347815dd6e37a668b3954401838318,a3a4dcea8bf35b152eb89c42e403f258,delivered,2018-02-27 19:58:23,2018-02-27 20:09:37,2018-03-02 15:38:50,2018-03-21 23:12:21,2018-03-26 00:00:00
01c1f3c10d2641a10cfd97ffaac0b3f5,fd8a9ce7e554b0a3b083521837d0f7c0,delivered,2017-11-28 22:08:43,2017-11-28 22:18:02,2017-12-05 23:22:02,2017-12-14 19:04:51,2017-12-29 00:00:00
07402f8be1c291f1c5da3edeaf5cb8b1,3c680ab7d6d1de8a82f5bfa92ef2156a,delivered,2018-01-09 19:28:30,2018-01-10 10:32:00,2018-01-12 23:33:58,2018-01-17 19:45:33,2018-02-02 00:00:00
092a7de4b983f4ee3e77af64e2f8c9e8,657296a285e256531d85d3230f0d904b,delivered,2018-06-18 22:18:06,2018-06-18 22:37:11,2018-06-22 13:08:00,2018-06-28 16:08:36,2018-07-18 00:00:00
063a0b076f63cb908176d8c1cc6ec049,04f201d7f9350c38e57f2d9eb9ef7c3c,delivered,2017-03-13 16:29:58,2017-03-13 16:29:58,2017-03-14 09:26:09,2017-03-20 08:04:19,2017-04-03 00:00:00
0b3348cfaae0bca40b23a36b64c7b941,76e4edb343ef3a63a0b831a31ea0338a,delivered,2018-07-18 08:12:36,2018-07-18 08:35:14,2018-07-19 06:14:00,2018-07-26 19:51:41,2018-08-08 00:00:00
04b2afb6447774881079872788d97883,42bb50515411f1a0d51a700636416201,delivered,2018-04-21 19:29:14,2018-04-24 18:27:19,2018-04-23 19:11:29,2018-04-26 11:31:45,2018-05-16 00:00:00
09f8cd8a102b3f3fa2d5db0c6aee489a,ce5c2647d9125a115851c01b5b356426,delivered,2017-09-15 16:35:51,2017-09-15 16:50:20,2017-09-19 18:58:55,2017-09-28 19:38:39,2017-10-11 00:00:00
01c2d2ffe8349c5eef0ab33e8ff1f41c,d57dc4003cdf3d2229ca20d76b889075,delivered,2017-10-10 09:49:31,2017-10-10 10:06:09,2017-10-16 16:25:42,2017-11-07 14:43:08,2017-11-10 00:00:00
08beae16754b76c55e9f49c7d4d138dd,a62ed90dfc56c8eb3e021e9151fbf469,delivered,2018-03-04 18:26:22,2018-03-04 18:48:26,2018-03-05 18:03:49,2018-03-09 23:44:43,2018-03-21 00:00:00
04497a3993ecf2e604b91ca0a8a80ecd,539e46ac17d2bf235de0168dfc35ead9,delivered,2017-09-17 23:21:05,2017-09-17 23:30:16,2017-09-20 20:38:02,2017-09-26 16:48:05,2017-10-09 00:00:00
0ceec07de9db57c3d2ba32e4fa1fd8ed,324af05f4849ced7fa7bd242fd8c4900,delivered,2018-02-08 16:20:19,2018-02-08 17:07:26,2018-02-09 23:46:42,2018-02-23 22:39:21,2018-03-07 00:00:00
065be848b8cc9a907f12d443b2e4df7f,3dea56595e675d6e69c342d6c6999a28,delivered,2017-10-15 09:05:49,2017-10-17 04:24:39,2017-10-17 18:47:51,2017-10-18 19:05:10,2017-10-26 00:00:00
09951c1a8c91dc28f008c3ccc634f1fe,eb5e240ee56894e851dbde243dadfa52,delivered,2017-10-16 23:29:17,2017-10-16 23:49:16,2017-10-18 15:14:55,2017-11-06 13:12:13,2017-11-06 00:00:00
0526ac4e6b594d943d1865fcbbe8047c,03ea960cf43b1d1e8ea7343f503e8fd1,delivered,2017-07-10 14:55:44,2017-07-10 15:10:39,2017-07-12 20:03:36,2017-07-31 16:13:05,2017-08-03 00:00:00
06174d5608937415007fcf764cf799af,9329d0ceca507a1115dcba397fad17a1,delivered,2018-03-28 21:53:05,2018-03-28 22:07:42,2018-03-29 19:22:27,2018-04-12 23:46:29,2018-04-26 00:00:00
01eaa000fe5c9f80f535c3d0cad25a47,a43434ddd74de3fb686800674a4f1af6,delivered,2018-08-15 15:29:13,2018-08-15 20:34:35,2018-08-16 16:39:00,2018-08-17 20:02:52,2018-08-28 00:00:00
0c75100c462f99b5311006de43c26b3a,0cf9084f55a458155d34c0d55bd21b31,delivered,2018-03-05 09:47:22,2018-03-06 03:49:00,2018-03-07 19:27:04,2018-03-08 20:38:28,2018-03-15 00:00:00
0af646de6e8d7191b1020ec0a5defcee,084c12a2c5354ee5059c02f470e22aec,delivered,2017-04-25 15:34:13,2017-04-25 15:45:20,2017-04-26 19:46:03,2017-05-02 18:18:32,2017-05-12 00:00:00
0718634f87a84ae0468224ecca3584d1,839e0b6ecf44591f3cb20e0e4f1352d1,delivered,2018-08-20 17:33:26,2018-08-20 17:50:37,2018-08-21 13:59:00,2018-08-24 16:12:32,2018-08-29 00:00:00
040ffb806b943aa19e0b176e7746b2b7,2487a1f2ca00d0bbdd2b768b7407d75b,delivered,2018-07-31 15:52:32,2018-07-31 16:44:19,2018-08-01 15:45:00,2018-08-02 23:26:35,2018-08-06 00:00:00
0011d82c4b53e22e84023405fb467e57,2013d892495e1a101d742d533d2d1119,delivered,2018-01-16 21:43:23,2018-01-16 21:51:25,2018-01-23 22:08:06,2018-01-26 22:14:02,2018-02-15 00:00:00
0cacc6e732b7bc8f08cca2ba2604fb1e,89c8c50250e077c8977215502000c179,delivered,2017-10-04 21:26:58,2017-10-04 21:35:23,2017-10-10 20:49:09,2017-10-13 17:45:05,2017-11-09 00:00:00
03138c298bfe1ee7855eefc9442346a8,462025be11ad81e8138837f833b827c9,shipped,2018-06-15 16:07:24,2018-06-16 08:58:53,2018-06-18 14:41:00,,2018-07-13 00:00:00
0a0674921d2acf422fa3f4fd78717451,9d3f60afb962f188a275d0ff6790d3fa,delivered,2017-06-04 18:20:45,2017-06-04 18:30:52,2017-06-06 13:52:14,2017-06-09 09:37:54,2017-07-04 00:00:00
0a7cf771945fa809fa47399a1ba0eeaa,5da862c892972d042f5dfda14f1d6c98,delivered,2017-02-23 23:06:40,2017-02-23 23:15:18,2017-03-02 06:51:45,2017-03-07 09:25:54,2017-03-27 00:00:00
0583f502e04564cfe79eb0e4f5939729,eac5c7df93a1df2256f7b1ef0e5b9e71,delivered,2018-02-11 12:51:07,2018-02-11 13:08:46,2018-02-14 11:42:58,2018-02-28 23:17:50,2018-03-09 00:00:00
0866fdb0c7de244fd6acbf00a2cbade7,55a18ae004af33e2dcfe7a956b30eafa,delivered,2018-03-06 12:27:11,2018-03-06 13:09:38,2018-03-06 22:03:42,2018-03-12 23:21:59,2018-03-28 00:00:00
0b52749edbf531f1eedb8226ae141b9b,72a483bdbb579a8b5c64ccf2dad900f8,delivered,2017-03-26 22:00:58,2017-03-26 22:10:23,2017-03-29 12:57:55,2017-04-01 11:51:28,2017-04-13 00:00:00
08d2474dd3622ba4e0992955a950810f,027f4c7bfb93550c488b03e3eb14e5da,delivered,2018-01-27 11:13:28,2018-01-27 11:34:28,2018-01-30 12:26:50,2018-01-31 18:37:06,2018-02-14 00:00:00
01f74d38c7379a28cc0ac3d90e80c7ea,aa49a857b9196c3ecc7cd8cc02f954f9,delivered,2018-01-31 23:12:05,2018-02-02 02:55:52,2018-02-02 23:48:51,2018-02-27 11:14:03,2018-03-05 00:00:00
05c7aa3928dd1b25667ba59cdc277505,63eaea1a0349793e34d1227d845d1f99,delivered,2018-06-12 08:19:14,2018-06-14 02:39:37,2018-06-21 05:31:00,2018-06-25 19:06:11,2018-07-17 00:00:00
0900f1b09f4249e09ce4735618757707,3e67e5961d248ae6376ee09203e05e83,delivered,2018-06-20 16:47:24,2018-06-21 03:17:56,2018-06-22 14:11:00,2018-06-29 12:11:36,2018-07-17 00:00:00
048cb31a5449d208f197f1fe7b617c3c,d1b06f3759195097bcee2e0eac97859c,delivered,2018-04-23 14:02:47,2018-04-24 18:30:52,2018-04-24 22:56:52,2018-04-28 15:22:47,2018-05-21 00:00:00
033ccfbdfc4d29677b7e1e6df3a82820,718f5495b3bce9a9f415631186f52956,delivered,2017-04-22 08:22:58,2017-04-25 10:55:18,2017-04-25 12:07:17,2017-05-05 22:49:55,2017-05-11 00:00:00
05ad4f359a4235a593f41f0533fe0457,8963214440da51e55f9662749ddb81c7,delivered,2017-08-25 20:53:06,2017-08-25 21:05:19,2017-08-28 19:15:38,2017-08-29 14:03:54,2017-09-08 00:00:00
030106c028266ae3345eb9bf6dd790c1,7a4d4a91643c3ed808af700c41364e3e,delivered,2017-12-24 17:00:47,2017-12-24 17:11:22,2017-12-28 17:36:51,2018-01-05 00:58:53,2018-01-19 00:00:00
066772e2164fd7dbdff9ded585851352,1297707fa763fbc3183ce00a8f3eaf48,delivered,2017-03-27 22:37:36,2017-03-27 22:45:16,2017-03-28 10:09:20,2017-04-01 09:33:16,2017-04-18 00:00:00
089fd8829f0bd7f98a1b98614c835dec,6bf5800109c2c615c79f5d43105f8f18,delivered,2017-05-25 03:26:40,2017-05-26 02:45:20,2017-05-31 07:43:57,2017-06-12 12:44:57,2017-06-19 00:00:00
045e0b29f969d5cd3bf5ca04087a4af8,17eea6ff0e376f0b4aa18753bab227c1,delivered,2018-08-06 22:58:06,2018-08-06 23:10:11,2018-08-07 16:29:00,2018-08-10 12:55:23,2018-08-17 00:00:00
041cbce90c076b8e9eb9f79112a59899,e38db46321e8a8652cba6569860e5902,delivered,2018-03-24 21:26:30,2018-03-24 21:47:39,2018-03-27 20:44:32,2018-04-05 18:48:26,2018-04-19 00:00:00
00e63486fad9d24645c9c84ed77c15fa,d26415dbe622ef8eaf44c3c6e92ce1a7,delivered,2018-08-14 10:19:40,2018-08-14 10:30:39,2018-08-15 14:00:00,2018-08-20 21:58:50,2018-09-10 00:00:00
048d1e40afa8d75641833ebbb74f85b7,86bb630ecd16f9a56c9715b40834f460,delivered,2017-12-04 10:20:59,2017-12-06 03:31:06,2017-12-15 00:57:01,2017-12-20 22:35:36,2017-12-29 00:00:00
07be9bc8241fb542df3e10f395d5b412,620f2482e95e1b24c3c228e940f84384,delivered,2018-01-29 12:27:32,2018-01-29 12:52:14,2018-01-30 15:36:11,2018-02-14 22:04:20,2018-02-14 00:00:00
08b1c04da876c66dc6f09acfd8d12f4d,c513203fe6e98698871cdf652700f459,delivered,2018-02-20 15:54:32,2018-02-20 16:11:02,2018-02-23 20:04:16,2018-03-01 20:09:16,2018-03-15 00:00:00
0c7eb5879f5e105bea55f6edcc70659c,2fc45a32ba781f1dbcc89fe684246a42,delivered,2018-06-26 20:06:50,2018-06-28 02:15:42,2018-06-29 19:01:00,2018-07-02 14:51:36,2018-07-12 00:00:00
028b18bcd128b49e2982741f83b78e77,049e1221c498aac9230d750151d75706,delivered,2018-08-10 21:54:51,2018-08-10 22:05:12,2018-08-13 15:13:00,2018-08-15 12:23:43,2018-08-15 00:00:00
030e234a82944425a6f46d5b2552b848,025ede66ec5d6ac9bbb393875dd71fa5,delivered,2017-03-06 16:37:16,2017-03-08 02:43:13,2017-03-10 15:16:22,2017-03-30 14:48:05,2017-04-06 00:00:00
07ddc871675f337ce763af5edb521194,a7f4d7516b7cacd6f05cd98e355dac0f,delivered,2017-11-01 14:50:41,2017-11-02 02:16:26,2017-11-07 19:09:34,2017-11-14 21:02:24,2017-11-29 00:00:00
02358a9949662b292e80635305dea78b,e69e27216b375e2c7e1be6298b051bf2,delivered,2017-05-15 16:59:19,2017-05-17 04:05:19,2017-05-17 09:52:11,2017-05-23 14:18:00,2017-06-19 00:00:00
0309a18e1e836baa9cd7289da085b4e1,899c69dce4b87e4000245330abc6ea13,delivered,2018-05-03 20:13:48,2018-05-03 20:31:06,2018-05-09 13:43:00,2018-05-11 19:45:35,2018-05-18 00:00:00
0ad87ef89708a3c8f63a0016074b24f4,7da0a45d9578ab07386bcfa01ba8200b,delivered,2017-02-24 09:47:33,2017-02-25 02:25:13,2017-03-08 14:53:17,2017-03-14 14:04:54,2017-03-27 00:00:00
0c1f1a0595fb30e05d526ab83576cd24,e350a18244c16257e0bac342c17e3d1a,delivered,2018-08-28 09:18:03,2018-08-28 09:30:39,2018-08-28 15:43:00,2018-08-30 17:32:25,2018-09-03 00:00:00
0664199560952a51d76e1ccdadbd2cb7,1e248ce64cdbfc9d30332ff380eef1ab,delivered,2017-03-20 17:52:09,2017-03-20 17:52:09,2017-03-23 15:59:55,2017-03-28 11:43:22,2017-04-07 00:00:00
006cba07f62f921fe4f58365bde2b2eb,c4e00400b6f79caa802740faa2829161,delivered,2017-08-14 20:28:45,2017-08-14 21:05:07,2017-08-15 23:54:24,2017-08-18 19:57:57,2017-09-11 00:00:00
046022868cf3fa04a308811fd6b0b282,9d1125c3aea5c247d9fe6bb35176bdd2,delivered,2018-06-22 20:02:38,2018-06-23 04:18:38,2018-06-23 09:08:00,2018-06-26 20:37:22,2018-07-16 00:00:00
04a0704d5a3f27305100a48682d41bb6,6fe4f4c2c6976ee660a72d5f5202e417,delivered,2018-08-13 20:21:21,2018-08-13 20:30:20,2018-08-14 10:53:00,2018-08-20 22:28:15,2018-09-17 00:00:00
08448f27d81d804598569621e1fb1d8e,becb241e293e90d1a6c5906ac30ca79f,delivered,2017-11-30 09:48:57,2017-12-02 02:52:09,2017-12-04 21:38:56,2017-12-06 18:29:11,2017-12-19 00:00:00
0668d086b3ae41adde3aed3dacbc8fae,18e56af97c2f24afcfaf7aa97ad2b969,delivered,2018-07-03 17:39:14,2018-07-05 16:25:40,2018-07-04 10:59:00,2018-07-26 20:18:53,2018-08-01 00:00:00
075867c84468363ed47de8b38d904253,0c8d2c8d7de4b3bbb87eb8475d964252,delivered,2018-06-06 15:33:06,2018-06-06 15:54:10,2018-06-11 19:38:00,2018-06-18 17:36:48,2018-07-03 00:00:00
03481652329171ff571df2c58bae0167,14868f37a05bafdab87b728267196f10,delivered,2018-06-19 14:30:42,2018-06-19 14:57:18,2018-06-20 15:24:00,2018-07-08 16:03:37,2018-07-24 00:00:00
022e89c60857b5c81788e7e09d04b3ef,5f903b2d6b866fe2698c86e8dd4628c1,delivered,2018-06-06 14:59:11,2018-06-08 03:13:19,2018-06-08 15:44:00,2018-06-14 20:33:09,2018-07-12 00:00:00
08f20d527e3a4331f254f4063920c6e4,3a41a5aa21ed1eac4f6610e89ab5309c,delivered,2017-07-12 16:01:51,2017-07-12 16:15:18,2017-07-14 18:07:58,2017-08-02 16:53:03,2017-08-11 00:00:00
04132c02a610a19773963143ba1b5bb4,3b5c800065fd3c35d15b2906c706c6f5,delivered,2017-10-04 09:13:51,2017-10-05 09:24:20,2017-10-05 20:32:33,2017-10-23 19:34:40,2017-11-03 00:00:00
01c22546c4f9914e232006df82d96e0f,2269aa9a9e0847496cf2a7c2d86ad59b,delivered,2017-09-09 16:45:33,2017-09-09 16:55:11,2017-09-12 15:55:38,2017-09-21 18:04:12,2017-09-28 00:00:00
0af058fb1b7b4ee95c3c2e1ccb9ef743,d01a8f6d77e1f773bdce618e0b98db9d,delivered,2018-04-16 19:13:31,2018-04-16 19:32:34,2018-04-19 22:31:50,2018-04-25 21:42:15,2018-05-04 00:00:00
08cf63d17d15433573bf10ae778045ab,3782b0146ca11125a619eb487dd7b2e9,delivered,2018-02-09 09:53:17,2018-02-09 10:14:36,2018-02-09 20:18:26,2018-02-23 18:08:09,2018-03-09 00:00:00
0cbb4eb8eb55f8386cb8c934ff936358,219ac6264d4fc0182ce6773440355b6e,delivered,2017-05-13 15:37:46,2017-05-13 15:50:15,2017-05-15 11:33:39,2017-05-22 17:04:44,2017-06-02 00:00:00
0ca1bac7f133e0eced641bff853f52ea,c38daf55356a31e900fd1f44eb1609d5,delivered,2017-10-31 20:45:18,2017-11-01 03:15:34,2017-11-01 17:12:39,2017-11-07 20:18:45,2017-11-21 00:00:00
03fa4271f18542d22ecbb7eb41802ada,8a59aa4c819f3517cb74c672f5564ab1,delivered,2018-04-19 22:44:24,2018-04-20 06:15:10,2018-04-20 20:18:32,2018-04-23 17:42:04,2018-05-08 00:00:00
095f058cc1daeb1e7ba1c133473090a3,37589709e8da3fb3e3835c7c7b942de7,delivered,2018-04-14 18:14:42,2018-04-15 18:10:47,2018-04-16 23:12:01,2018-05-05 11:41:25,2018-05-14 00:00:00
08b9d47b3be61595c61eddc50b42ee02,1453fb48451a18493f27e2e36cfb0962,delivered,2017-07-28 10:24:45,2017-08-02 08:35:26,2017-08-01 18:48:48,2017-08-07 13:14:01,2017-08-23 00:00:00
0cf04ba4ccc895b3134799f74e4c2557,6a67ec8122d1c3aaff99fb0fed2d198a,delivered,2018-04-17 14:09:10,2018-04-17 14:30:27,2018-04-18 19:35:08,2018-05-03 20:24:31,2018-05-22 00:00:00
048846960b74c996a4af7802498f52f2,7a085850c3eb2e98ea58e13502a3b4ba,delivered,2017-06-06 13:59:52,2017-06-06 14:15:07,2017-06-07 14:59:31,2017-06-09 18:07:34,2017-06-20 00:00:00
0c35edbaa0be6feafb77f2846a3750fa,fb8b676e8673ddd7d4e235130ec65362,delivered,2017-11-24 12:08:29,2017-11-24 14:38:33,2017-11-27 20:22:16,2017-11-29 20:22:21,2017-12-08 00:00:00
00f86b368251d739f1896d41469b2b7a,14c152bfbd60c86aa6bc4d4e68a9378e,delivered,2018-08-17 23:15:06,2018-08-17 23:30:08,2018-08-20 12:33:00,2018-08-28 18:12:12,2018-08-31 00:00:00
070fcffce3b0a655482d4f5f11607599,b82fcfbb09d3c02e8a173bb8b02e6504,delivered,2018-07-19 04:16:59,2018-07-20 12:15:16,2018-07-30 06:43:00,2018-08-06 11:22:03,2018-08-09 00:00:00
0615cb58aaa538ad222e5ce52b5cc2bf,5409f7748ccbd09483a4cd5e827a47d0,delivered,2017-03-18 21:08:16,2017-03-18 21:08:16,2017-03-21 08:45:36,2017-03-27 17:53:33,2017-04-24 00:00:00
04c3465b312fdf85de8e4cf4dc186600,8846f3bf9edb9b9abd019336b3b8d3a7,delivered,2017-12-08 16:47:00,2017-12-08 16:54:51,2017-12-11 20:41:39,2017-12-12 18:09:59,2017-12-27 00:00:00
03c1fddd11851ddf712a2c28bd3df54a,ebfe079ca7dc32461b16c74985ea8e52,delivered,2018-01-21 00:23:44,2018-01-22 10:19:20,2018-01-23 12:05:05,2018-02-15 20:12:03,2018-02-14 00:00:00
0b47f5e9432bd433f8c5cf64e60e6e5f,90bd3163f91abddea340d03ca4eaf140,delivered,2018-08-07 11:08:50,2018-08-07 11:24:58,2018-08-08 15:01:00,2018-08-15 21:28:31,2018-08-29 00:00:00
01029b44abe6e15c8df48b1b759ab437,3e0d489d05ca15801e274f39adb8d213,delivered,2018-06-27 22:24:29,2018-06-28 00:35:11,2018-07-03 16:27:00,2018-07-05 19:03:19,2018-07-16 00:00:00
01e9feecd7fba975c1869a8fbbb38b65,18a76d8e984df9cc300315102a1008b4,delivered,2017-03-28 20:44:07,2017-03-28 20:55:15,2017-03-30 15:48:02,2017-04-04 16:32:25,2017-04-19 00:00:00
0ae4456639dd07164db5f2433c8f55e4,c991372fe4a2b75d9c43c318062c1f97,delivered,2018-06-06 12:44:20,2018-06-06 12:55:34,2018-06-07 14:01:00,2018-06-08 16:40:58,2018-07-03 00:00:00
0baa34fb7824f076c177df17da43b62b,903ac795fab792a96d6838180994d171,delivered,2017-05-12 14:58:01,2017-05-13 02:55:24,2017-05-15 10:35:16,2017-05-16 08:37:35,2017-05-22 00:00:00
0ce3dcca0c123ec98cc73a514f7e9922,a04cf226c7a48fb4e95019bded0ea863,delivered,2018-07-14 22:27:04,2018-07-14 22:35:21,2018-07-17 13:49:00,2018-07-24 17:43:44,2018-08-09 00:00:00
021f21b778ea0a81da47ebe141b1b29c,668602ff7a4ac16b00c73785fda2025d,delivered,2017-10-26 16:31:16,2017-10-26 17:31:47,2017-10-30 15:59:03,2017-11-03 19:37:54,2017-11-16 00:00:00
0a0837a5eee9e7a9ce2b1fa831944d27,4f3f778022aefa22b9f9e52d2c47edf3,delivered,2016-10-04 09:06:10,2016-10-06 11:43:20,2016-10-15 10:33:08,2016-10-22 14:51:18,2016-11-24 00:00:00
00b6c055922e0ed2d88efdd252b2fb64,f7bdab6e68a28bf26acc7cbd785790fc,delivered,2018-05-01 16:01:41,2018-05-01 16:15:13,2018-05-02 18:21:00,2018-05-07 20:54:44,2018-05-16 00:00:00
09b010b4dba0b79a21a0505f234e44fb,18b8a289b963f319f9c59bb42cc44193,delivered,2017-04-07 15:47:19,2017-04-11 03:55:32,2017-04-11 09:21:25,2017-04-17 11:28:07,2017-05-17 00:00:00
073c1615e55e3c047b8254b49d3503df,a4e7d5d9719609261aca55abcfbb5985,delivered,2017-08-09 13:08:42,2017-08-09 13:24:21,2017-08-10 17:30:08,2017-08-16 18:24:45,2017-08-29 00:00:00
05095322e4f3619255e9450335966c33,d6d2c033c21383b51bda46e1e5580f8f,delivered,2018-03-02 23:16:28,2018-03-02 23:28:49,2018-04-04 22:42:07,2018-04-10 13:21:53,2018-03-23 00:00:00
0a0eb4fdd818ed6fb62d07792c948971,ed3dc6d3a1e46e631a61cf76894b41cb,delivered,2018-05-15 21:17:37,2018-05-15 21:35:35,2018-05-17 12:26:00,2018-05-22 18:12:04,2018-06-20 00:00:00
033d674880f1edbb660161a0c672e9d3,30324c881a62562ab08e01a916582091,delivered,2018-02-26 12:18:58,2018-02-26 13:00:21,2018-02-26 23:17:46,2018-03-09 23:03:42,2018-03-22 00:00:00
0996218f2d0c8ec0cb08f7498588bc41,2c94ee4423f153e13ce3fb15ac406a13,delivered,2018-04-02 19:13:49,2018-04-02 19:28:41,2018-04-04 19:05:46,2018-04-05 20:08:40,2018-04-12 00:00:00
052523fd2c735b15cb107afc0a413bc2,ef6df80448de23799ff246c3c898c8eb,delivered,2017-01-27 17:21:48,2017-01-27 18:31:37,2017-01-30 08:37:37,2017-02-06 08:25:25,2017-03-21 00:00:00
05ec8e2b68474e347ff47b71274e2361,df754dc98698ef596762561b4a9a9f1a,delivered,2018-07-20 10:39:13,2018-07-20 10:50:16,2018-07-20 12:43:00,2018-07-30 22:03:03,2018-08-09 00:00:00
0b2942062fff77e603cf4837c421e9a5,c59308d2a8b807a93f3a7d00e9f2b222,delivered,2017-02-07 11:34:57,2017-02-07 11:45:14,2017-02-09 10:23:44,2017-02-14 16:53:49,2017-03-08 00:00:00
05af503aea07ddc5530506f2c349756f,5c92329a45f0d22c263d98a8ce845cd8,delivered,2018-05-30 20:50:08,2018-05-30 21:10:25,2018-06-01 08:53:00,2018-06-13 21:12:41,2018-06-25 00:00:00
0c83ca3fc3a83bd059a1834a8ffeb917,924a7f5e3822e366a9ed25271bad99b5,delivered,2018-01-28 11:43:06,2018-01-28 12:00:31,2018-01-30 21:42:49,2018-03-03 18:16:37,2018-03-20 00:00:00
005cad6157eadc7f1f09917607f1704a,3c3472f5efc17888458e428b0b9eeef3,delivered,2017-04-15 16:35:52,2017-04-16 16:45:13,2017-04-17 09:05:53,2017-05-03 14:56:08,2017-05-10 00:00:00
04f6cdae6a85ade2864cd5fc811fb9ba,fcbd7b0353381303b9fc5b486f398838,delivered,2018-05-14 11:43:07,2018-05-14 11:58:42,2018-05-14 16:42:00,2018-05-15 19:28:46,2018-05-25 00:00:00
01d0aabab5da85da61bbd4d40882b82c,5aa74c879595083359ded75778c85a3b,delivered,2017-08-27 19:21:22,2017-08-27 19:31:26,2017-08-28 17:52:26,2017-09-13 18:33:20,2017-09-15 00:00:00
0bc2f31a926a812c0002115befdfdebe,aae53fd05ec93f09b7dedec22367e9c9,delivered,2017-11-13 15:37:39,2017-11-14 17:27:33,2017-11-21 20:28:56,2018-01-20 11:53:50,2017-12-11 00:00:00
03fd1ecfbee7068edda48a4ad8b838e1,5e57d863ea7e6962334cb87cdebc54f8,delivered,2018-06-27 07:42:05,2018-06-27 11:00:39,2018-06-28 13:05:00,2018-07-04 22:05:54,2018-07-27 00:00:00
09e90e3936db197d43b9bde1291c307d,35eb8474043d903a123d6d6965c530a4,delivered,2018-08-02 14:21:15,2018-08-03 02:43:57,2018-08-03 18:19:00,2018-08-09 22:11:36,2018-08-16 00:00:00
0599833bed37a5f88c9ade7cf219fd6b,09803e29b7c6ecb7de771936dd75302b,delivered,2017-09-11 13:39:20,2017-09-11 13:50:35,2017-09-13 13:15:03,2017-09-19 21:55:01,2017-09-27 00:00:00
0a721c801fb74738e32f7ffc3c068a46,eda3ac9158cb43faace7e932c763378f,delivered,2017-12-20 13:01:13,2017-12-20 13:14:16,2017-12-20 23:05:02,2018-01-05 17:48:21,2018-01-19 00:00:00
03dbf3a42789c67ed5e2198f08d997dc,f63aa9fceef15019d51c24510d8d6c30,delivered,2018-03-04 13:20:26,2018-03-04 13:35:38,2018-03-06 02:57:00,2018-03-28 19:03:04,2018-03-21 00:00:00
034d69957b2269cb4e06b31561b64973,02ae7918f75386935260f02cbf60d7f7,delivered,2018-06-04 15:22:10,2018-06-04 15:35:20,2018-06-11 12:58:00,2018-06-19 13:48:44,2018-07-13 00:00:00
0799a27b55977a0aedea205def0a6297,bf715f8713583bb9ebc5dbb551b8ba30,delivered,2017-11-28 12:00:04,2017-11-28 12:15:04,2017-11-29 20:09:02,2017-12-12 13:38:35,2017-12-18 00:00:00
042e247be09aeae88a74e35766aa03ca,23b8c6b8acf581a5d3c4bd97d55c86bc,delivered,2017-01-26 22:28:07,2017-01-28 20:32:18,2017-01-31 13:23:50,2017-02-14 13:38:40,2017-03-06 00:00:00
097abce97e431993434adabc1aaec4e4,1f4c47d2259bd9e65d581d268b02d0a6,delivered,2017-10-08 22:13:39,2017-10-08 22:28:20,2017-10-10 19:44:54,2017-10-16 21:14:15,2017-11-01 00:00:00
08dd1de0a5ebe393a3beb05a4cd4894f,f3b41cd9b60e1bcdf8f3302a63d6647e,delivered,2017-05-01 19:40:06,2017-05-01 19:50:19,2017-05-02 12:59:56,2017-05-20 10:32:37,2017-05-23 00:00:00
0267556bb9e07f6184470cf755f5b5da,aae14cc68c254aa377d8a2139e3c7c72,delivered,2017-05-06 22:56:18,2017-05-06 23:10:09,2017-05-09 07:44:52,2017-05-30 12:55:32,2017-06-02 00:00:00
08e4b9181951f803229ff26c157f5045,73b2b2fcb77f2cb1eef9f1f9789da60f,delivered,2017-03-07 14:10:57,2017-03-07 14:22:52,2017-03-08 09:40:29,2017-03-14 14:39:10,2017-04-10 00:00:00
01015fb6493ea5b9ba105c80b5452da1,32f56b65a879ae7a310257eb5bf070aa,delivered,2018-01-09 21:01:41,2018-01-10 10:32:56,2018-01-12 20:43:43,2018-02-06 18:37:59,2018-01-30 00:00:00
08b04eb82fbd41d6a4a779d822d57a08,cf708bad4ed7ea3afd2d58d189fe2c6b,delivered,2017-03-13 14:20:10,2017-03-13 14:20:10,2017-03-13 15:12:10,2017-03-23 12:52:57,2017-04-03 00:00:00
0559598ddb2398bb4c202d6efd54f04e,496336231bd05e1117aacb8263e47608,delivered,2018-07-13 21:43:39,2018-07-17 04:32:18,2018-07-23 17:10:00,2018-07-24 22:14:38,2018-07-26 00:00:00
0c81fc19191e17701fb34579f8eb7840,11ab6d2231a0af5746b44a810b62b0a1,delivered,2017-07-26 14:43:56,2017-07-27 10:15:12,2017-07-27 21:45:40,2017-08-03 20:31:58,2017-08-21 00:00:00
0777357b31babc84dc93894f0a58b942,a3e919f4567ef43cc1a6b171c5900f42,delivered,2018-02-09 10:35:28,2018-02-09 10:49:12,2018-02-09 19:45:58,2018-02-20 19:15:34,2018-03-05 00:00:00
0c23622888d617e198e3098806d986a3,77f4513aa9a32affef441dbe2f123e15,delivered,2017-02-25 14:12:57,2017-02-25 14:25:10,2017-03-02 11:02:52,2017-03-15 13:09:44,2017-04-05 00:00:00
0cbd2fb0c897c82c6b348a62de100f4e,4a4421979cccfa3b34b609540e6a86e9,delivered,2018-06-14 22:14:33,2018-06-15 08:39:50,2018-06-27 14:56:00,2018-06-29 17:03:59,2018-07-12 00:00:00
0cbd0d96e2c18087121c68e209f4e8a3,d538faa55c1f7cec661fd02a25d8a74b,delivered,2018-08-11 16:36:03,2018-08-11 16:45:15,2018-08-14 13:23:00,2018-08-16 15:29:01,2018-08-21 00:00:00
01311f2795d8463a11f9422173687696,4292ad887342214c93ed734b90355ce8,delivered,2017-10-25 16:10:01,2017-10-26 03:08:40,2017-10-27 11:45:44,2017-11-07 18:53:52,2017-11-17 00:00:00
023dec08929b8cafa8028da5e6b527b6,ace4c0c7241fb02b72bb8d019b738693,delivered,2018-03-17 14:49:12,2018-03-17 15:10:03,2018-03-21 18:35:38,2018-03-22 20:12:24,2018-03-29 00:00:00
05d92af741841f7bfebf71cc949b807b,d52a234746053c5d8415c61a8d1101f1,delivered,2018-01-26 19:54:09,2018-01-26 20:13:19,2018-02-01 01:17:46,2018-02-07 20:46:34,2018-02-22 00:00:00
07f37be24f36255553680d16336b6d1a,0dcee6eaf86fc9b2d45643f46af4c87b,delivered,2017-04-23 18:00:10,2017-04-23 18:10:14,2017-04-25 08:23:19,2017-04-27 09:24:56,2017-05-12 00:00:00
01b1800f51715ab76f67caf732206437,456c1e01c8ed3b83aa8fc564119bc81a,delivered,2018-07-18 19:05:46,2018-07-18 19:23:14,2018-07-19 09:06:00,2018-07-27 19:26:24,2018-08-08 00:00:00
05751d04e18329aec0f74b16883db3b2,a99502daa1647c54cf56072d0be8f58e,delivered,2017-08-18 16:10:52,2017-08-18 17:35:22,2017-08-21 22:09:01,2017-09-01 20:53:31,2017-09-14 00:00:00
01358622f65717728b3b2ec2cf4e8812,21307401801cf2242315563c89d8b9fb,delivered,2017-10-28 22:00:08,2017-10-28 22:10:14,2017-10-30 18:45:28,2017-10-31 18:08:15,2017-11-10 00:00:00
066debbd2c7642782a8fa6ec60fb6722,843492ad5fcb23eda76867776a3cea2f,delivered,2017-12-04 15:17:54,2017-12-04 17:22:39,2017-12-06 23:49:07,2017-12-13 22:35:23,2018-01-04 00:00:00
0cd0bff6841594d9006994fcfbf3e44b,b299a44de561de2dbfc8fa91dd704af8,delivered,2017-08-02 09:07:50,2017-08-04 02:35:18,2017-08-04 18:43:41,2017-08-16 20:39:43,2017-08-28 00:00:00
085c76ec2a854d66417d0dddc622adb0,46cba3072f7ba5816dfcf09245ae676d,delivered,2017-05-09 22:29:06,2017-05-11 04:22:38,2017-05-19 17:08:00,2017-05-31 17:12:53,2017-05-29 00:00:00
0460d320a0a3d5a59cbc08636053751b,693214577dcce707468e89aee554cd90,delivered,2018-07-25 19:55:29,2018-07-25 20:05:15,2018-07-26 12:26:00,2018-07-30 13:18:36,2018-08-09 00:00:00
0cb398989a2bafd3944803b5427a622d,c57651797d7dca0e93258700748d3d7f,delivered,2018-03-25 21:20:12,2018-03-26 21:15:25,2018-03-28 11:28:44,2018-04-05 00:28:50,2018-04-19 00:00:00
0a5235f11c613716411d3a631d55fc60,6c6e923ab3cbab96efabb3cf786653bb,delivered,2017-06-15 18:58:28,2017-06-15 19:10:24,2017-06-20 11:17:03,2017-06-22 15:38:12,2017-07-06 00:00:00
05c63e6b53127320a7768d19898ac320,efcccd5eaf8ce8883708e4589cfbe585,shipped,2017-09-26 07:53:38,2017-09-26 08:07:12,2017-09-26 16:43:49,,2017-10-25 00:00:00
032e68585bbc07ebb038769737b9410f,5a31a9de95459eb5b6930f540a1b368c,delivered,2017-06-09 17:27:45,2017-06-09 17:42:43,2017-06-12 13:52:14,2017-06-26 17:36:36,2017-07-10 00:00:00
05a0f6d062da2d6c66fa846737770d35,d61fdb0c42d843ba72a06f8b597bcf6c,shipped,2018-01-22 19:12:05,2018-01-22 19:19:28,2018-01-23 16:59:02,,2018-02-19 00:00:00
00b4a910f64f24dbcac04fe54088a443,d70e5eac00a9d35a3cb193442c0287cd,delivered,2017-01-18 17:55:34,2017-01-18 18:05:17,2017-01-19 14:44:25,2017-01-26 13:21:57,2017-02-28 00:00:00
0345ba423eed2b009e0e407b19c422e4,9418fa1d37504cf6f7dafc0420acf406,delivered,2017-05-15 12:55:13,2017-05-15 13:10:13,2017-05-16 12:29:04,2017-05-22 10:29:39,2017-06-13 00:00:00
0ccc4d2c7102c48188f50be5107fe442,e464bacc73c48134f460e289a5f0baf9,delivered,2018-07-10 20:53:38,2018-07-10 21:06:10,2018-07-11 13:32:00,2018-07-14 14:46:36,2018-08-22 00:00:00
0757cf1c2a32b4597b8192f2c4912adf,c3dc6b915bf0b799fa7f374212b0faf2,delivered,2017-07-17 18:44:08,2017-07-18 05:55:22,2017-07-19 09:41:46,2017-07-24 22:03:54,2017-08-10 00:00:00
0872f22df707596feed1639609f6eba7,dc837eded61982cd9978632a52e3bbc6,delivered,2018-01-30 09:00:45,2018-02-04 23:31:47,2018-02-01 23:37:21,2018-02-15 22:05:15,2018-02-22 00:00:00
0acd987fec172c76297f6aadad48c67a,836ac53e072a95b5b18cbaa4a4f67f7e,delivered,2018-07-28 20:21:33,2018-07-28 20:35:13,2018-07-30 15:07:00,2018-08-01 19:42:46,2018-08-09 00:00:00
08fb515ec54c34ca06b1e2268acc429c,64adccc0de9d57989a74c5ac34e43272,delivered,2018-01-13 14:27:17,2018-01-13 14:39:32,2018-01-15 19:22:21,2018-01-23 20:28:42,2018-02-08 00:00:00
04075153ea747446984b909a58edef85,c3f1f14135a14fa76da70e04a0ac530f,delivered,2018-07-20 20:48:35,2018-07-21 10:15:26,2018-07-24 10:27:00,2018-07-27 20:46:29,2018-08-08 00:00:00
026054570865201773b27b2748af1217,7b2dc93ae14fdd68c575ca579d937b71,delivered,2017-12-08 14:32:08,2017-12-08 14:49:20,2017-12-11 19:32:15,2017-12-22 20:59:01,2018-01-08 00:00:00
00b12f4674177ef40c4bdb034138c843,5d6daccfa147ddbc4d54826f8645ca5c,delivered,2018-07-15 19:47:30,2018-07-15 20:04:06,2018-07-16 14:23:00,2018-07-20 22:03:24,2018-08-02 00:00:00
0392da48d173776fc37d98de1a253370,07afb3a78aa11eb38f98dedc9200eaf2,delivered,2018-05-21 11:08:43,2018-05-21 15:32:01,2018-05-22 13:33:00,2018-05-23 16:38:42,2018-05-29 00:00:00
01e7cf79ff6fdb0a65634f714c67dd24,aded241eaa68c31246d82eb3198d4ae3,canceled,2018-02-15 14:58:55,2018-02-15 15:10:35,2018-02-19 18:52:15,,2018-03-07 00:00:00
0be7e98768e4af5d5f972b05d01a82e1,8da4a561ec4d53e218fa89fe8530d8c8,delivered,2017-11-20 12:49:26,2017-11-20 13:16:47,2017-11-21 12:49:06,2017-11-29 22:04:05,2017-12-15 00:00:00
0c03662cf0a2be624f6cfd189de46224,cc0375db490f28340c99213435819839,delivered,2018-04-10 08:11:52,2018-04-11 10:31:28,2018-04-11 23:24:33,2018-05-02 21:46:56,2018-05-15 00:00:00
0c7c1a76995d6e6abffab973788b1992,e34d3a140f571b7c43b606afb0d5c015,delivered,2017-11-07 21:37:19,2017-11-07 21:51:20,2017-11-09 17:47:02,2017-11-13 16:58:33,2017-11-27 00:00:00
059162a0bf2726c87dd0359eef84c878,aece34f7c1fd0c6130f0d8298c1b93bf,delivered,2018-07-29 15:29:19,2018-07-30 15:25:15,2018-08-06 13:37:00,2018-08-13 16:08:25,2018-08-16 00:00:00
0953ccb40a8fb30d5fd5ce0c06bbf4ad,b08d8e609d55b8d13dafb964bfed9acd,delivered,2017-11-23 19:50:30,2017-11-23 20:00:39,2017-11-24 19:04:33,2017-11-29 21:57:02,2017-12-15 00:00:00
0096668e5b0b8e9657a6f7209a4e58b4,b6fbaad4eb3a0794111683dca8122610,delivered,2018-07-11 13:33:21,2018-07-11 13:46:36,2018-07-12 10:23:00,2018-09-17 14:42:46,2018-07-19 00:00:00
0ac320cb8bc861f5745b6406074d960a,347f08af0418f504b8c7faaeb6c5a367,delivered,2018-05-31 13:00:29,2018-05-31 13:15:16,2018-06-01 11:57:00,2018-06-06 15:03:44,2018-07-04 00:00:00
0718c5bbf159e96715ef033576c56316,b815bc9e9f6b9713dbaa7f27c5b1bab1,delivered,2017-08-06 14:01:30,2017-08-08 04:05:48,2017-08-09 17:11:46,2017-09-19 15:02:32,2017-09-06 00:00:00
03a10721769c7d8f2fefab105e64fbef,bdae1c8fe3cb5924d3ffb3f2887d2236,delivered,2017-08-11 14:11:42,2017-08-11 14:25:14,2017-08-14 20:53:49,2017-08-19 14:45:05,2017-09-04 00:00:00
02557013eeaffd86a6cc5ffd80a4b54e,df578de48490fad348557aca8514d6be,delivered,2018-02-17 22:48:59,2018-02-17 23:06:52,2018-02-20 16:49:18,2018-02-22 11:06:23,2018-03-06 00:00:00
046100ad996b1c80d13e7e90fccd0560,80aecbe9841e2594daf4211199cec79b,delivered,2017-08-07 17:35:03,2017-08-09 02:45:12,2017-08-10 14:10:03,2017-08-15 19:17:41,2017-08-28 00:00:00
08e68e2142974e562f504a105edbba76,b441a818126f1e5aacfcc95a690be79b,delivered,2017-06-19 16:23:25,2017-06-19 16:35:27,2017-06-26 05:32:46,2017-07-06 14:44:43,2017-07-13 00:00:00
05728fca024954ba1ce915ad5c94991f,a302033b7db39c0d3521b729a3a64522,delivered,2018-05-15 09:22:26,2018-05-16 08:53:26,2018-06-07 14:01:00,2018-06-15 15:42:08,2018-06-26 00:00:00
09c06d47b8b58dbabf753646fe5b89ab,f9d7122bdd5b9a3ad155417469c69c34,delivered,2018-04-03 13:22:38,2018-04-03 13:35:15,2018-04-04 19:27:28,2018-06-21 13:04:31,2018-04-30 00:00:00
0218bc1c672e0e92f10a6633ca1cc461,aeb6533eeab4fbea7f9bdf37db0f8ee0,delivered,2018-03-07 22:36:15,2018-03-08 14:30:28,2018-03-09 21:47:41,2018-03-29 01:11:39,2018-03-29 00:00:00
0c5229491f40a024f07dacd49b445b64,eb2222308ec066485ecffca88d08df46,delivered,2017-08-13 22:34:38,2017-08-13 22:50:16,2017-08-14 20:24:39,2017-08-24 18:55:16,2017-09-08 00:00:00
0019c29108428acffd089c36103c9440,5f6bbac628ae418db4e0f92932f899c1,delivered,2018-03-06 06:40:28,2018-03-06 06:50:26,2018-03-07 01:20:05,2018-03-16 22:34:53,2018-04-11 00:00:00
0216ea85f929ce4795f933573c6bb055,ce88121027e42c2e895f84a8f3ccd665,delivered,2018-06-08 20:27:32,2018-06-08 20:59:11,2018-06-12 15:09:00,2018-06-19 17:42:08,2018-06-26 00:00:00
052957b74548fe2ce95f70d3623e6eb3,dda6bee0b54815080a67be5cf145e0df,delivered,2018-06-11 09:46:31,2018-06-12 04:35:28,2018-06-12 14:50:00,2018-06-18 10:28:45,2018-07-11 00:00:00
04a38c066d7f34688a58ac150102619e,2976b8562dbc7e44887d817a96376692,delivered,2017-12-03 09:10:57,2017-12-03 09:32:04,2017-12-04 21:23:03,2017-12-11 14:22:13,2017-12-20 00:00:00
0695bd018cbf6e999fad4c321b32d26d,df0ca504291a65e2e7e2c2439fba4b10,delivered,2018-07-13 17:22:13,2018-07-13 17:35:17,2018-07-16 13:59:00,2018-07-23 19:48:35,2018-08-17 00:00:00
00d4439957b7fd3f8da4a33a965817fb,150262ecde07c5bc549ca2cc732dcbde,delivered,2017-04-19 07:47:04,2017-04-19 08:02:02,2017-04-20 09:17:16,2017-05-03 10:43:35,2017-05-11 00:00:00
0800193c2810da8b955ec8cae2b82e11,78d2344fcf124f101a40d35cf4df5c18,delivered,2018-01-25 16:32:37,2018-01-25 16:59:47,2018-01-26 15:53:20,2018-02-01 15:32:58,2018-02-22 00:00:00
07159640598ab46b708279254ec3be0f,907578100e52cfb751d235d0930227f7,delivered,2018-06-26 08:06:50,2018-06-26 08:18:47,2018-06-26 12:48:00,2018-06-27 13:31:45,2018-07-11 00:00:00
069872f35a2ed2d455f9b64e914dd4bd,04b980084e94db244952738c91136dd7,delivered,2018-03-03 00:44:24,2018-03-03 00:56:25,2018-03-05 18:43:29,2018-03-13 22:56:27,2018-03-27 00:00:00
02355020fd0a40a0d56df9f6ff060413,b28f05c74142c8e7c6e07e5336fa63ae,delivered,2018-02-28 16:07:09,2018-03-02 02:15:42,2018-03-02 19:16:33,2018-04-10 14:48:49,2018-03-26 00:00:00
0a558295652f98bafe12e259c4d3fa26,4748b3055f838bb2685924aae49b1aac,delivered,2018-03-06 16:06:20,2018-03-07 16:10:52,2018-03-09 12:18:25,2018-03-20 21:26:59,2018-03-22 00:00:00
0902d364e14a1dc0b156a550d070cbb6,a7b8f9ee5992584fcb84251ee5671f6f,delivered,2018-03-19 22:57:09,2018-03-19 23:10:23,2018-03-21 19:55:45,2018-04-04 18:38:32,2018-04-17 00:00:00
008f831b7185cff7ab35a46c37d64cd2,e19a18812eb4e4fadf5db16932c2595b,delivered,2018-06-30 11:39:38,2018-06-30 11:50:14,2018-07-03 07:25:00,2018-07-07 12:21:32,2018-07-25 00:00:00
0aaf8268ec2a56cb1befff78bd5cc190,0ad73a033a18bf40507b6a86e483b303,delivered,2017-10-02 12:32:44,2017-10-02 12:49:15,2017-10-04 09:16:13,2017-10-06 20:55:57,2017-10-24 00:00:00
0a32ad9d3be8a5b1ce582225aa1cd166,bfdc41ae95fd0559aaa3ceb47770735c,delivered,2017-07-06 18:39:08,2017-07-06 18:50:25,2017-07-10 14:35:02,2017-07-14 17:25:53,2017-08-09 00:00:00
03e1f719ea43e7eb59344cf78cd99ff4,c447c5e0a10dfabee87e3d41dc0250eb,delivered,2017-07-04 20:43:38,2017-07-05 17:40:07,2017-07-10 19:13:49,2017-07-12 17:07:59,2017-07-27 00:00:00
09ae0443d05fc72908daed24036acb22,0dc4d1b841d3c1a1f076fef9a39c210b,delivered,2017-03-17 22:24:21,2017-03-17 22:24:21,2017-03-21 11:55:22,2017-03-23 14:36:28,2017-04-06 00:00:00
04c1e5f3771cb0ccfdb672669807401b,43b2288200b50dd759ccc3e4c3b24d2c,delivered,2017-09-17 20:09:45,2017-09-17 20:24:03,2017-09-19 20:03:00,2017-10-06 21:07:34,2017-10-17 00:00:00
0487007c18089d38f1492091945d7ba8,5cbe9410f3ea413f95d0858d75f0a42c,delivered,2018-06-04 15:00:32,2018-06-04 15:11:36,2018-06-05 13:14:00,2018-06-08 16:48:40,2018-07-05 00:00:00
0ad0006728103ff08cda112f7940bcd1,13b8a8ecfc5fa07a03bbb4449c4358fc,delivered,2017-12-14 21:16:43,2017-12-14 21:39:15,2017-12-18 22:10:09,2017-12-28 20:03:15,2018-01-11 00:00:00
04107d105302558ebef9aa631b9bd13a,cccbff3abc86a7fd77f8090cb0b9639e,delivered,2018-04-13 22:12:39,2018-04-16 09:12:01,2018-04-16 20:17:51,2018-04-23 18:32:38,2018-05-15 00:00:00
0097f0545a302aafa32782f1734ff71c,a60b063f8b715db294b889eae5acb4b6,delivered,2018-03-05 18:15:11,2018-03-05 18:30:41,2018-03-06 22:04:03,2018-03-21 18:16:52,2018-03-21 00:00:00
0c305fc5f37a5b8e64e24b2ea39b7aad,cb3d59f26edf3671cb877253c71bb330,delivered,2018-08-08 11:43:18,2018-08-09 15:50:18,2018-08-10 13:47:00,2018-08-15 21:11:49,2018-08-16 00:00:00
0647f4a0c12192bfb5ea1032d2e2ecdb,1ea783594d700e7ae08c133fbe97811a,delivered,2017-09-18 01:02:59,2017-09-18 01:15:09,2017-09-18 20:29:24,2017-09-21 17:28:14,2017-10-05 00:00:00
071429b44ba39c70ea22550070670c00,0c7b234e8c2cb37488e4077f7369bbd7,delivered,2017-10-25 11:21:01,2017-10-25 11:35:30,2017-10-25 19:34:00,2017-11-01 19:42:48,2017-11-24 00:00:00
08288e829c6b9a810a4392bbc30545dc,585c8e523b8ea5ae438d63fccdb6fe4e,delivered,2017-11-26 16:31:13,2017-11-26 16:51:12,2017-11-28 21:16:40,2017-12-08 20:42:09,2017-12-19 00:00:00
0987363c91de454d42d084b84a691f99,4bdb3f63051aa4597f41468de9c64d39,delivered,2018-07-15 14:52:43,2018-07-15 15:06:12,2018-07-24 16:07:00,2018-07-25 20:03:49,2018-08-01 00:00:00
05123197f45cd213617dbd9523bd23f7,65d82ae7c5f1e68cc367bd60c8af8753,delivered,2017-07-16 11:28:38,2017-07-16 11:43:05,2017-07-18 15:58:01,2017-07-28 17:14:40,2017-08-10 00:00:00
0275c0ac1928093069b95bb67cba52d8,07bb78d58680e12babcfcb21476f9e14,delivered,2018-02-16 16:10:41,2018-02-16 16:27:09,2018-02-20 17:23:45,2018-03-14 11:45:37,2018-03-19 00:00:00
02b57c07010db3ded50936152756a6e8,edc347d8ae380a3e06d090a7991004d8,delivered,2018-02-17 17:58:51,2018-02-17 18:10:19,2018-02-20 11:34:17,2018-03-02 18:45:34,2018-03-13 00:00:00
02ec4da9d03014f06d711d60eb37cc22,79e6d859cf83e9bf76a07629ca91a49c,shipped,2017-04-28 12:32:56,2017-04-28 13:05:49,2017-05-11 11:12:57,,2017-05-24 00:00:00
0135675503322d804abef7ec5ed4824b,969678c7317657c3a5855fe90a69894c,delivered,2017-10-22 19:23:17,2017-10-22 19:35:26,2017-10-23 21:28:34,2017-10-30 19:35:52,2017-11-16 00:00:00
0be098c4a208559b0e6c96c3254481a7,fb9905dff73be7499c32a25c99961503,delivered,2018-06-22 10:18:32,2018-06-22 10:36:06,2018-06-26 14:25:00,2018-06-28 15:56:44,2018-07-31 00:00:00
0c9c4433b5b33bcc077a814c9dd7dc3b,d4e705a6e6b5f0c5cb1c2ad86d6dc306,delivered,2018-05-08 18:39:36,2018-05-09 18:35:15,2018-05-10 11:07:00,2018-05-18 12:41:57,2018-05-29 00:00:00
04fa206258b069b5900dd56e6cc87a63,984cf72312d65695c494a2d60d43857e,delivered,2018-04-02 10:54:09,2018-04-03 05:30:19,2018-04-04 17:26:33,2018-04-17 01:46:42,2018-05-07 00:00:00
0a8724bf3ecd49bce712851bbbecaf35,89aab649693a7e5995fa951d8d2fcdd7,delivered,2017-10-18 23:24:26,2017-10-20 00:35:26,2017-10-24 20:17:49,2017-11-01 19:13:06,2017-11-09 00:00:00
03fe9fc6d464322a67f3a221777a82d3,7a096b2118d6b610b1a4efb484f76750,delivered,2017-04-25 20:09:27,2017-04-25 20:22:39,2017-04-26 12:16:58,2017-05-02 08:17:54,2017-05-12 00:00:00
086ce45c7045b3c6a4b503bd3ec73413,8252655b48754d4856929c20348a6acf,delivered,2017-11-24 13:48:39,2017-11-28 12:32:04,2017-12-04 19:47:43,2017-12-19 15:53:24,2017-12-21 00:00:00
0236711b7bfcba7479639be980c21128,f1078903d2e4453e0d1905618174a3dc,delivered,2017-06-14 16:19:07,2017-06-14 16:31:47,2017-06-23 08:57:42,2017-07-05 13:12:40,2017-07-17 00:00:00
0910cddfc72928e063254f00c73e8d5a,5c8b4250821201b2d2c27879f85e6966,delivered,2017-06-27 11:38:25,2017-06-27 12:25:27,2017-07-10 19:46:37,2017-07-17 16:40:02,2017-07-19 00:00:00
09a069fe7d45eae2e1c4910e90e365ac,04d0c8c75a0bdcabcc47ce1dd0db89f6,delivered,2017-06-05 07:17:58,2017-06-05 07:30:06,2017-06-05 13:05:48,2017-06-08 13:47:35,2017-06-19 00:00:00
0a154ed7ce417e33453d705b167a3d8c,cfb455fa4b4d00203442d49931524e8f,delivered,2018-05-19 11:15:21,2018-05-19 11:40:24,2018-05-22 13:17:00,2018-05-23 18:18:44,2018-06-04 00:00:00
0647d9d193d898f2ff46c9e91a3c8c4b,10408208bd283f97071e63a15e1277fe,delivered,2017-05-09 14:41:10,2017-05-11 03:50:12,2017-05-15 07:41:45,2017-05-22 08:36:48,2017-06-09 00:00:00
00eb7b95af5ed25aaec66d4ff5295846,e7c5f957b0de4d073c09a91b8bfaa215,delivered,2018-01-04 14:19:02,2018-01-04 14:30:26,2018-01-04 23:04:10,2018-01-15 11:51:48,2018-02-08 00:00:00
06d6f2f9ce499ed49d414ff36f583abf,302c148841465785e80dde55628627ec,delivered,2018-08-16 13:08:15,2018-08-17 14:27:03,2018-08-17 15:44:00,2018-08-23 21:11:43,2018-08-30 00:00:00
019e03014ec20cc2e3b180cdcf90b4e8,81375382bb64d7f7ba43b0bad8c033bd,delivered,2017-04-04 11:26:31,2017-04-05 11:22:51,2017-04-06 13:21:41,2017-05-18 12:55:37,2017-05-08 00:00:00
003324c70b19a16798817b2b3640e721,43696894b5bf8fbe1a40b2148ea505a0,delivered,2017-05-18 19:04:48,2017-05-18 19:22:34,2017-05-19 16:04:55,2017-05-30 08:12:15,2017-06-07 00:00:00
01c18108db50c163daf7dfe461093fb7,cee3e95e0b9944bf7c7c6881c286564b,delivered,2017-06-22 17:53:59,2017-06-22 18:05:15,2017-07-03 14:36:50,2017-07-06 17:12:55,2017-07-18 00:00:00
04d3e9115c05c6494aa7c1063f96db5e,c704a251b5b82dd1600d4698fdaec3e8,delivered,2018-07-12 13:17:28,2018-07-12 13:25:46,2018-07-18 14:35:00,2018-07-25 23:44:25,2018-08-07 00:00:00
07a4d93bf559c596edf3f808c5af4720,b9a3c8bf0856fc0298a9d93c4b475d9a,delivered,2017-04-28 13:49:39,2017-04-28 14:05:08,2017-04-28 15:32:19,2017-05-22 08:15:34,2017-06-01 00:00:00
054df8d1a5ab3cf520be20c25d98f5f4,f5e607e954dc6a5a62b2bd6751828e1b,delivered,2018-05-12 01:51:06,2018-05-12 02:12:01,2018-05-14 14:04:00,2018-05-25 15:18:25,2018-06-06 00:00:00
001021efaa8636c29475e7734483457d,2dfbf74859104caf100df3720a1d833d,delivered,2018-02-27 09:27:14,2018-02-27 09:35:41,2018-02-27 21:43:46,2018-03-08 20:06:33,2018-03-23 00:00:00
065f2f78a7067e37f695bed618512704,bf175649612501ee4ef4a916f45bc73c,delivered,2017-09-06 14:34:17,2017-09-06 15:20:13,2017-09-08 16:20:06,2017-09-13 20:15:00,2017-09-25 00:00:00
0bde6dfc382fc35f1a5ebf8ddf8e639d,f099b487fbaeef30ede41694ccf282a3,delivered,2018-04-27 08:52:05,2018-04-27 21:52:29,2018-04-30 06:21:00,2018-05-14 23:46:40,2018-05-29 00:00:00
01144cadcf64b6427f0a6580a3033220,74219e78dcaeeb30e8d09ed57801f0fe,delivered,2018-02-03 00:01:19,2018-02-03 00:15:47,2018-02-05 19:36:00,2018-02-14 15:10:03,2018-03-12 00:00:00
04e1ca520a917164808b7fd567f9b57c,ca0a811c3f2154cf8d046ce2169bafae,delivered,2017-05-12 04:58:05,2017-05-12 05:40:05,2017-05-13 07:33:45,2017-05-24 10:43:59,2017-06-05 00:00:00
037e725440b59939735ae0aff888a015,636be70d7b46fb1db9836009fa61d6ff,delivered,2017-11-17 19:51:56,2017-11-17 21:06:17,2017-11-20 18:21:31,2017-12-10 18:37:02,2017-12-15 00:00:00
04e00ba23c33890eaee39b02e8185cc2,291fd0287b7cfd75702b9be21f23f1e3,delivered,2018-07-25 21:36:32,2018-07-25 21:45:15,2018-07-26 12:32:00,2018-07-30 19:03:41,2018-08-22 00:00:00
009c278fa2ed6e7ec498200b60193ca8,f016a9301ce9a894a43e607fc0355014,delivered,2018-01-11 12:58:45,2018-01-11 13:10:34,2018-01-13 02:15:45,2018-01-31 21:12:54,2018-02-09 00:00:00
055d54b48c1c7292933cb2e27f73ee81,eff6dd5f7eb45e342ab116b60eb019b9,delivered,2017-03-29 20:18:35,2017-03-29 20:30:17,2017-03-31 14:32:41,2017-04-04 17:23:03,2017-04-24 00:00:00
06ecfa8dfae87263e05d953aa561603d,7d5867b8bbaa7a3f16a9f4f867960b5b,delivered,2018-08-15 14:01:47,2018-08-15 14:15:20,2018-08-16 14:23:00,2018-08-21 22:03:38,2018-08-28 00:00:00
01625f404436eb3cb98cba1e9433db29,cfad256eb02ee52ebd2a75e6a3095cca,delivered,2017-06-08 08:52:08,2017-06-09 02:30:31,2017-06-09 12:43:28,2017-06-19 18:09:24,2017-07-20 00:00:00
051fa5d5438a17a06ebfd7b77c020e2c,0ae502ab7e72dc3b0a512dfa96baf3f4,delivered,2018-02-24 12:02:55,2018-02-24 12:15:36,2018-02-27 23:32:46,2018-03-07 21:09:03,2018-03-21 00:00:00
05871d52118762aaae93a3682fc5fe2f,a22b5e829ec1ca245de827b70b0fd334,delivered,2018-07-31 20:54:24,2018-07-31 21:05:13,2018-08-09 09:22:00,2018-08-15 23:51:45,2018-08-22 00:00:00
02c51fbf49fd8169c04fbc30e9632ebf,8e49f5f31f9feb36a1a6c2aa70af719d,delivered,2018-03-20 21:43:44,2018-03-20 22:08:51,2018-03-22 22:12:16,2018-03-26 17:13:54,2018-04-02 00:00:00
01f78824e3a8e474a36d8dfc2a2c35f4,5ea43e101aceaadd7ca9fcf1b0226a6e,delivered,2017-09-19 10:17:22,2017-09-19 10:35:22,2017-09-19 17:47:14,2017-10-06 20:12:08,2017-10-09 00:00:00
0b3dc290a34c1a7a4edd084847af89b5,fcd60251e4d59045571d074bc66bed86,delivered,2018-01-10 17:57:59,2018-01-10 18:28:48,2018-01-15 15:04:58,2018-01-23 15:05:46,2018-02-02 00:00:00
00c9d0257381c7e9ec13b4505f25b2cf,d14c86b99a98e85b5c256c081e3cea03,delivered,2018-04-18 08:57:18,2018-04-18 09:11:59,2018-04-20 22:58:35,2018-04-27 22:26:41,2018-05-18 00:00:00
0b685cd6f272b410ca1a0cd1fbf0a548,78a6006cf4a106dcb7d4b8f91e664860,delivered,2018-07-24 15:02:15,2018-07-24 15:15:23,2018-07-25 12:28:00,2018-07-31 15:12:47,2018-08-08 00:00:00
0c6a2732270e3f0f66bd73dbde93b59e,e93df84b6db60bf18610814d86332a1a,delivered,2018-08-01 13:43:51,2018-08-01 14:05:21,2018-08-03 14:37:00,2018-08-04 18:51:28,2018-08-10 00:00:00
0c63eb238a8ea5d783171577db5d7f70,036c6fdc444676377a8190fa248c7563,delivered,2018-01-11 10:09:58,2018-01-12 02:35:30,2018-01-13 02:51:31,2018-01-26 12:56:56,2018-02-08 00:00:00
0c47aeb0b91c17647935a2b53c38d083,2a829a57118286134a2571ec034c5b64,delivered,2018-08-13 20:45:54,2018-08-13 20:55:34,2018-08-14 14:51:00,2018-08-15 12:33:38,2018-08-16 00:00:00
06e72b5b111756079f63cf67445db61a,53ef809f78767b14e4f1a711a1b13d0e,delivered,2017-06-18 20:37:30,2017-06-18 20:55:08,2017-06-20 16:08:47,2017-06-22 15:42:51,2017-06-30 00:00:00
0a586d5cf2a2538846e577316dab5443,d9b7f1e542c911b1f707330336d158f4,delivered,2017-04-26 22:15:06,2017-04-28 11:46:07,2017-05-03 14:13:37,2017-05-05 15:04:12,2017-05-24 00:00:00
06a9ff8c19b2d371a45c48568283929b,e878e62b47d38518219dc965e4fc7281,delivered,2018-02-05 11:19:38,2018-02-05 11:35:57,2018-02-08 19:03:43,2018-02-15 17:50:56,2018-03-06 00:00:00
094a83226235244840060fafa394845d,4cfaeb298b91a9fe95a03dfda1afa390,delivered,2017-12-18 20:15:41,2017-12-20 16:10:46,2017-12-21 16:59:08,2018-04-03 18:47:29,2018-01-12 00:00:00
0c65eb5a1415db7a20dfc869c9277e7a,eda4c5f48f975dff9e7c1a846ed6a8b8,delivered,2017-08-23 11:48:42,2017-08-23 12:06:16,2017-09-21 20:47:15,2017-09-29 11:40:16,2017-09-21 00:00:00
071b93a866ff2f7302f456e6bba8c9c7,4ceeb37a91f8756cf608d4ac6cc557a3,delivered,2018-04-24 22:53:20,2018-04-26 04:10:40,2018-04-26 15:26:00,2018-05-02 22:22:01,2018-05-24 00:00:00
035ab6fc3b7f9d16f714a337ee63b7be,dd340f55b79392c58be2ee54c2004c26,delivered,2017-01-23 23:36:55,2017-01-24 10:25:17,2017-01-24 13:19:05,2017-02-07 12:15:45,2017-03-14 00:00:00
0997090fe6882d45c6a71660aaffaba2,c0ee2597fcfedfe7a39872e74ca75f73,delivered,2018-02-25 22:56:11,2018-02-25 23:08:02,2018-02-27 16:17:09,2018-03-12 22:34:28,2018-03-20 00:00:00
0721528eb05d8e5bd84d8220c5d4de19,f5671cafe4e66b4b6473a75f8f26bc3c,delivered,2018-04-05 22:48:51,2018-04-05 23:08:53,2018-04-07 16:48:45,2018-04-18 17:43:40,2018-04-30 00:00:00
0ae08ad3fa90d3854fb8e22472d9b1a0,eb71557f1184513989581773d1afc0d5,delivered,2017-08-07 20:01:47,2017-08-07 20:45:19,2017-08-11 20:47:41,2017-08-16 19:52:15,2017-08-25 00:00:00
0b50495c5cfeda8c9d7abfe80aea74e4,9bedb2b2aabcd702476cdaabaf178ab3,delivered,2018-01-16 18:01:59,2018-01-16 18:11:46,2018-01-23 22:43:16,2018-02-06 22:06:45,2018-02-21 00:00:00
03ea970e60ecfa4b84a69ddc665262a5,7d4bcc989710ee664b406819ce808a90,delivered,2017-09-20 16:14:30,2017-09-20 16:30:23,2017-09-21 17:18:35,2017-09-26 20:02:38,2017-10-20 00:00:00
0607664f90518423fdddb69ae3cf375e,65da32471b3ddf2bd35af98c8023eefa,delivered,2018-02-10 00:02:34,2018-02-10 00:15:38,2018-02-14 20:11:00,2018-02-19 11:54:18,2018-03-09 00:00:00
08cd10d946b1fabbe08d3ec8dcab8777,511d19680a1a81a79af022e8d743ccdc,delivered,2017-08-11 13:44:54,2017-08-11 14:04:05,2017-08-14 19:27:05,2017-08-18 18:51:50,2017-09-04 00:00:00
09286ea342ad6877942f93c17e1caf4c,cccc11e51686391aabfac06aa505884a,delivered,2018-02-09 14:54:09,2018-02-09 15:09:47,2018-02-15 00:57:52,2018-03-09 12:43:26,2018-03-07 00:00:00
0a2da53685ead0fd45e8609cabf19f5b,479c1265c816d9edfd2ff572a78d2004,delivered,2018-06-12 17:35:24,2018-06-12 18:08:57,2018-06-14 14:30:00,2018-06-21 18:42:17,2018-07-05 00:00:00
0b1e1706859ca49fb88d353540f6eaa2,4eb714feafc09a68b40b7fbcf5f25eb6,delivered,2017-11-20 20:22:08,2017-11-20 20:32:22,2017-11-21 20:29:29,2017-11-24 20:02:32,2017-12-01 00:00:00
0487e06921e4ff31dd6c111294e130fa,b6973e4b6d029ac162e8f7090937eeee,delivered,2018-04-27 19:56:35,2018-05-01 05:55:17,2018-05-03 13:24:00,2018-05-04 17:08:36,2018-05-15 00:00:00
0777a9060e11a166516210320a84d38c,b89ea39218763f0521b7bbae37e90aa8,delivered,2018-02-14 22:23:42,2018-02-16 14:30:43,2018-02-16 23:38:44,2018-02-21 01:06:00,2018-03-01 00:00:00
02855eb3e469890c3b741adb0fd64f71,4df9c5a352d450a4788786688945e0a1,delivered,2017-05-12 23:14:28,2017-05-16 03:22:47,2017-05-17 10:36:46,2017-05-23 19:44:05,2017-06-01 00:00:00
05fb90958eaf5f1c3287acf11060525e,ca68346c65393936cd365b91d997fe8e,delivered,2018-02-21 21:18:55,2018-02-21 21:30:27,2018-02-22 21:58:59,2018-04-06 17:41:56,2018-03-21 00:00:00
0cf4406688aab4ea5593cc48304e8887,2432c837b254b9f016e2e901f69afddd,delivered,2018-08-09 18:32:12,2018-08-11 02:45:20,2018-08-13 14:25:00,2018-08-14 20:26:41,2018-08-14 00:00:00
08c7ad853a45735072fee2be62052da3,9e31165fcca754ee7694d99cf65ef8bc,delivered,2018-06-20 22:51:17,2018-06-21 01:38:49,2018-06-21 13:30:00,2018-06-22 19:25:24,2018-07-03 00:00:00
00dc6ad47477b3b62d3c0acbe98a82a4,5dd8298fb952a22f28534bfbda71aa2f,delivered,2018-02-24 19:41:24,2018-02-24 20:20:25,2018-03-02 17:57:11,2018-03-15 21:42:09,2018-03-27 00:00:00
057bc88d7845bc736fbe1fb27f2932f2,894070d43ae4f9bab9980d3da7f8aa32,delivered,2018-01-26 17:00:10,2018-01-26 17:22:34,2018-01-29 23:32:23,2018-01-31 20:08:04,2018-02-09 00:00:00
057c13c6bd8799710c70ad3c7b2087ca,31c3e07d61a3e64292159dd61b686e2f,delivered,2017-07-17 22:08:53,2017-07-17 22:23:42,2017-07-21 18:45:31,2017-07-26 16:37:34,2017-08-16 00:00:00
0171835bbc71bcfacc26e9f59d56b62c,4ab60901050d2b4b877596c2edc24a6e,delivered,2017-06-24 10:52:28,2017-06-24 11:08:35,2017-06-26 14:56:38,2017-07-03 16:42:20,2017-07-18 00:00:00
06fec3f6e9e72edb698e63c30a8f027f,b6fe463c461a6e4fe0cb1f23527efe53,delivered,2018-06-14 14:55:23,2018-06-14 15:20:49,2018-06-15 17:25:00,2018-07-11 00:38:26,2018-07-19 00:00:00
03a9581b10792275c52316cbbca5810f,94fc77dc2051c809864298a90c59b7cb,delivered,2017-10-13 12:04:44,2017-10-13 12:14:50,2017-10-18 19:18:58,2017-10-27 22:59:38,2017-11-08 00:00:00
0bcde0684eba5746bbb90d6d9089570a,774858779c1de29d2be62401459a8ca0,delivered,2017-11-01 20:57:34,2017-11-01 21:31:25,2017-11-06 14:13:06,2017-11-13 19:23:46,2017-11-24 00:00:00
0ba4f7e89d304a02edca85087abfd14c,b5c1c56fe1ec3cec6893b98d90a339bd,delivered,2018-08-13 22:51:49,2018-08-13 23:04:09,2018-08-22 14:04:00,2018-08-30 23:38:26,2018-10-25 00:00:00
0a499296998c5b2e877297984bdf657c,39860c1476da3e80b10d2af02d2e1a7b,delivered,2017-03-16 10:03:53,2017-03-16 10:03:53,2017-03-16 15:10:23,2017-04-07 13:47:59,2017-04-07 00:00:00
08225af20bcc4b379e2019b723e44a45,f56d77e36e3973c755ea8e55d1bfac81,delivered,2018-02-04 23:21:11,2018-02-04 23:35:27,2018-02-08 00:47:57,2018-03-07 16:12:16,2018-03-08 00:00:00
0b5e170e94809753b83e7770cfe6bc4f,96eabda898a7f9126f253a6cd3d01c4b,delivered,2018-01-31 23:14:15,2018-02-01 03:12:06,2018-02-01 21:48:30,2018-03-06 20:04:12,2018-03-16 00:00:00
086f8f18f98299e22931d762c63db2b8,e000c51c02fb75809f4f2864f87fcb12,delivered,2017-11-16 17:02:25,2017-11-17 21:15:51,2017-11-20 20:09:58,2017-11-24 18:33:55,2017-12-15 00:00:00
04689f2d82bbf4efb4cd3300961d4211,76621e79f527ea4202b8f05ee88ecd54,delivered,2017-06-11 19:43:03,2017-06-11 20:05:10,2017-06-12 19:27:47,2017-06-19 21:07:41,2017-07-12 00:00:00
06daa9224cad114ece451ff00c20d49f,22419d01eca598d91376a0f5216ba095,delivered,2018-08-19 17:11:58,2018-08-20 12:30:15,2018-08-20 14:31:00,2018-08-22 00:44:24,2018-08-24 00:00:00
0cd86c0a1fa24bd440af2866ae16995d,a566585a6ead4fb92057528b37750c94,delivered,2018-07-28 13:24:50,2018-07-28 13:44:54,2018-07-30 10:11:00,2018-08-02 16:21:15,2018-08-09 00:00:00
04f94352a3c9730205d3fa72cb014eb4,97b2b730a9199d685c6ad1edb3b2b2c2,delivered,2018-06-15 08:55:30,2018-06-15 09:37:51,2018-06-19 15:44:00,2018-06-25 15:21:30,2018-07-13 00:00:00
06f0ad130c4b691011f1a12a33649a2b,8927e66424e270e8dfa5edff7bd06734,delivered,2018-03-24 15:13:30,2018-03-24 15:27:45,2018-03-27 20:09:01,2018-03-28 21:28:43,2018-04-06 00:00:00
0087889a1c836be17f58afd7f1729a4a,c6f1de87b7344ea1d33400c3c15b1a47,delivered,2017-10-23 11:03:27,2017-10-23 11:35:25,2017-10-23 22:49:46,2017-10-24 20:22:04,2017-11-03 00:00:00
048cc31326007f07b576b46beddecc12,70f6d4250ddb2f73a361c100195addfc,delivered,2017-12-07 11:56:06,2017-12-08 02:54:34,2017-12-12 21:18:55,2017-12-15 16:10:26,2018-01-02 00:00:00
00378c6c981f234634c0b9d6128df6dd,f3476df115c5d26bdb6bfb71b5fb66af,delivered,2018-02-02 19:39:46,2018-02-02 19:50:27,2018-02-05 18:06:49,2018-02-26 21:36:00,2018-02-26 00:00:00
0933defa4766a375397a4b9c9eaec017,95ef78f863e47449662a81f5d637d09d,delivered,2017-12-23 17:20:36,2017-12-23 17:31:31,2017-12-26 21:38:35,2018-01-17 01:16:47,2018-02-06 00:00:00
0521b661c320287be1f5a92a52760c8b,af2dd33c352ba6c493b012ae2017fd6b,delivered,2018-01-03 19:02:46,2018-01-03 19:11:24,2018-01-04 21:54:55,2018-01-15 18:08:49,2018-02-06 00:00:00
0928b1d58fe76f5a1e63be5a47ea6253,387fe5d87d73b8e6f228c70fea044488,delivered,2017-03-15 21:52:58,2017-03-15 21:52:58,2017-03-16 10:11:37,2017-03-21 11:54:01,2017-04-05 00:00:00
0838c36e9894cf5d929f58210d5b5bb0,365adfcd960eaab19ba5e79e34d30b03,delivered,2017-06-13 11:22:36,2017-06-14 06:35:12,2017-06-16 07:38:41,2017-06-27 13:34:31,2017-07-18 00:00:00
0aaab3c070a479ff8654a14d13ea750a,8990831f28f0c5a632fed68edb3718a3,delivered,2017-06-14 09:04:00,2017-06-15 06:42:49,2017-06-21 14:28:34,2017-07-11 19:04:36,2017-07-13 00:00:00
0a8f8c393d9dbc5901daf7d157afc427,0389344fcfa1b39110fe6943f8abcfad,delivered,2017-06-01 16:10:28,2017-06-01 16:25:28,2017-06-05 13:21:41,2017-06-14 11:43:20,2017-06-28 00:00:00
03c810bce9d261d4d0447b895189dc16,526caafeb47b743834c8e21b5faed622,delivered,2018-03-04 20:36:53,2018-03-05 20:30:52,2018-03-08 16:02:58,2018-03-19 23:56:35,2018-03-28 00:00:00
02a0eb7c22b0616c767a45954a2a28f6,43d9a8df81f815755d9a258f2ee3135f,invoiced,2016-10-09 10:34:58,2016-10-10 08:14:52,,,2016-12-12 00:00:00
0362e923f805ae4dce58fd78c86c96c4,b49786f49847d2fecf5ba2d455321642,delivered,2018-04-13 13:54:38,2018-04-13 14:09:47,2018-04-13 23:32:38,2018-04-20 22:18:41,2018-05-09 00:00:00
0ac17fe2ba4ec29a3914030b7009119d,8bc0f5c8bc1b96927f26ed75e287572e,shipped,2017-02-22 10:21:56,2017-02-22 13:32:21,2017-02-23 09:51:00,,2017-03-21 00:00:00
09c0caffae8336db750e232298e4a574,c1f58b0f5ff7289cae44c813e981ee84,delivered,2018-08-22 14:17:42,2018-08-22 14:30:29,2018-08-23 13:12:00,2018-08-29 19:54:44,2018-09-18 00:00:00
0b8c594f80a7db56ea4927af84e45203,2f5c5ebb61f2eeb48a990244af12827e,delivered,2018-03-26 10:01:59,2018-03-28 02:50:21,2018-04-09 19:34:21,2018-04-11 22:04:56,2018-04-16 00:00:00
00b30bb163474583c14db1689259cf4d,b626b511cecb256e0d1514d883084a38,delivered,2018-01-31 13:57:27,2018-01-31 14:13:31,2018-02-06 17:47:50,2018-02-17 18:36:59,2018-03-05 00:00:00
01ba9a2e5dcc1568b55695106d677b0c,0241bf6728f2c70f948e9a51484d1435,delivered,2017-02-26 22:28:40,2017-02-26 22:42:03,2017-03-02 13:37:11,2017-03-06 14:22:17,2017-03-20 00:00:00
07ba523a0c48b0ae0920551684e13ab9,b9657b7cc5027452b17e328656a8d069,delivered,2017-08-08 20:29:44,2017-08-09 20:23:32,2017-08-10 20:17:56,2017-08-18 22:49:40,2017-09-05 00:00:00
0005f50442cb953dcd1d21e1fb923495,351d3cb2cee3c7fd0af6616c82df21d3,delivered,2018-07-02 13:59:39,2018-07-02 14:10:56,2018-07-03 14:25:00,2018-07-04 17:28:31,2018-07-23 00:00:00
015e051dbb2407d4bd305635e46b732f,60f9c5ec01881784ca846e12c16aefce,delivered,2018-07-30 19:05:20,2018-07-30 20:00:18,2018-07-31 10:02:00,2018-08-06 19:58:26,2018-08-15 00:00:00
083c350532e95d46b3c25b7c41b1ad63,6997fe0ec1de23e69f13fedf18f50cb8,delivered,2018-05-28 18:20:49,2018-05-28 18:36:24,2018-05-30 19:32:00,2018-06-01 20:32:26,2018-06-13 00:00:00
061c593a0c8fd1b92c2abc7c1a87b329,1d31af8a0364470eba3d940faa9008b5,delivered,2018-07-16 12:31:06,2018-07-16 12:45:24,2018-07-23 14:39:00,2018-07-30 22:23:30,2018-08-03 00:00:00
0655bb542cf38197d920ac1c5c89ae9c,633852d4d34596c85895e88e7047f948,delivered,2018-03-08 02:27:25,2018-03-08 02:49:32,2018-03-13 18:24:43,2018-03-16 21:18:54,2018-03-20 00:00:00
0c8497b3a4cac1978ea4ef63fbc78312,9ef700d1d8d4a2dda8544f93b56f3b89,delivered,2018-02-08 16:55:21,2018-02-09 02:50:01,2018-02-09 19:52:29,2018-02-28 16:47:39,2018-03-05 00:00:00
06ae350afd844b7e1dc14f9322504baf,386cb027574f8b9f9aa17cd86ecce6b7,delivered,2017-07-09 15:41:33,2017-07-09 15:55:07,2017-07-11 12:05:06,2017-08-04 19:21:53,2017-08-11 00:00:00
04cc9ab9d21b11d7aca691cf7facaaa1,16fea2cb1931a45f2a7c8d178afb1c83,delivered,2018-04-30 09:13:44,2018-05-03 04:15:07,2018-05-03 17:20:00,2018-05-04 12:28:57,2018-05-14 00:00:00
0444bf76794ff96fd22fff6be21bdb6a,5aa561bd139013f322dceb6a71550d43,shipped,2017-12-20 11:22:58,2017-12-20 12:10:14,2017-12-21 16:49:38,,2018-01-22 00:00:00
0040a56893444cb56cba7cfe2225e34e,74454d0e51e0eeaaaa9b7b135469c420,delivered,2018-01-22 23:50:35,2018-01-23 00:15:10,2018-01-23 23:46:54,2018-02-14 23:12:52,2018-02-21 00:00:00
0c511eb6cecb1f110a807dad27440c81,915411390c6b557e49b9cf369572d189,delivered,2017-09-26 14:45:50,2017-09-26 15:04:42,2017-09-28 15:28:02,2017-10-10 20:36:53,2017-10-25 00:00:00
0ae3c4bb3c5a368054435dc7325c5696,838bda281157e748923fa701e5b1d8d3,delivered,2017-09-26 12:48:15,2017-09-26 13:04:21,2017-09-27 18:29:43,2017-10-06 13:24:00,2017-10-18 00:00:00
08b450b388221bfe5472ed23887a7564,48484f48de7aa7c06c79b32d8a232793,delivered,2017-11-01 01:48:36,2017-11-01 02:06:10,2017-11-01 19:22:11,2017-11-07 16:32:13,2017-11-23 00:00:00
08796d7a1fa345c5bce8f3f53435e21c,a5770b59e70395832ca615250e66bda8,delivered,2018-08-16 12:17:18,2018-08-17 03:10:10,2018-08-17 14:49:00,2018-08-20 20:03:47,2018-08-22 00:00:00
07860da7c16265a28de8c2b2e9f4552b,e3d1323beac42a0618db14537566ade0,delivered,2018-05-26 10:54:41,2018-05-26 11:10:40,2018-05-28 10:06:00,2018-06-13 16:38:47,2018-07-05 00:00:00
03c1d25d82f404ea1fdfae8eb0b4c314,18bf077cc226f63f9556ee53ecf916fc,delivered,2018-01-22 10:28:04,2018-01-22 14:16:17,2018-01-26 00:22:27,2018-02-01 21:48:25,2018-02-19 00:00:00
028d62c0fdae574114981f4fb33b5538,c6908fb668454ce4294172398b33d5ec,delivered,2018-02-27 14:19:11,2018-02-27 14:35:34,2018-02-28 19:09:22,2018-03-28 20:26:58,2018-03-27 00:00:00
02a3c3a1c72dbff557b2f56fc0caa847,b4178949fd16cbd3f1f0c8b00e7773be,delivered,2018-08-07 13:01:58,2018-08-08 08:50:17,2018-08-09 13:22:00,2018-08-13 20:12:10,2018-08-20 00:00:00
0bf0591471117549d48c64d47aa33e60,bdcc20055a51ea3a85d7b9087f0a53ef,delivered,2017-03-21 21:46:48,2017-03-21 21:46:48,2017-03-22 09:38:38,2017-03-25 11:23:24,2017-04-07 00:00:00
0c6829c9d92a6bb545d7bf1734d094c6,4adddc79dab2cd4d1dadc18dd4c1c14c,delivered,2017-11-23 11:33:08,2017-11-23 11:48:30,2017-11-23 20:13:22,2017-11-25 15:07:03,2017-12-05 00:00:00
0b9bb234d95f41600497d59b42087c39,0e708437e125673358d0d0143b692131,delivered,2018-08-13 14:31:00,2018-08-15 03:15:35,2018-08-15 09:57:00,2018-08-29 16:46:46,2018-09-19 00:00:00
01eb154e5aa06eaf50851577302a04a5,6e3d5df3e5aed86d96bb5d0234f4044e,delivered,2018-03-22 11:42:20,2018-03-22 11:55:35,2018-04-05 14:42:45,2018-04-09 13:08:38,2018-04-12 00:00:00
03059ebda0b2ad61612b300fe34ed8e2,82b07eb04567873d275e64c6517407aa,delivered,2018-05-10 21:57:31,2018-05-10 22:17:01,2018-05-11 10:53:00,2018-05-30 18:58:39,2018-06-05 00:00:00
002d040018d12a3853c059f7f23ab5b1,d7a77284d0a56f6b1ecb8c344b60d3e4,delivered,2017-11-19 19:16:07,2017-11-21 03:47:23,2017-11-21 23:21:31,2017-11-27 18:54:09,2017-12-08 00:00:00
0a4e4a3dd6cacc3db584029b55817aac,5447af43cbd7d4c3a958bbdd1327b6e3,delivered,2017-12-06 09:47:39,2017-12-06 09:56:32,2017-12-13 16:43:06,2017-12-22 09:43:21,2018-01-02 00:00:00
08a19256bfef2a2b1f0fc654723a9c71,8e75040b2365871c96071a3baa129e93,delivered,2018-07-01 22:41:26,2018-07-01 22:50:18,2018-07-03 13:04:00,2018-07-10 15:28:37,2018-08-09 00:00:00
0079bca8e89bd52fdb87408e4f3fb94d,137f50d5bfbcfb9578c50605cc9adb16,delivered,2018-05-03 18:55:20,2018-05-05 03:33:43,2018-05-07 11:10:00,2018-05-08 20:58:26,2018-05-18 00:00:00
0927272c1caea73a32570e9de18c2bb7,c0186800fe9bb6579c73f2b2345cce4c,delivered,2018-05-28 13:31:20,2018-05-28 13:54:44,2018-06-05 12:35:00,2018-06-15 20:17:54,2018-06-20 00:00:00
09777f429af8cc60d951cad68db15b6f,99c0630472d3966ff63c3eda902c1740,delivered,2018-04-08 08:17:22,2018-04-08 08:50:34,2018-04-09 18:42:29,2018-04-16 19:21:51,2018-05-07 00:00:00
0382a97e1263d0013315090a6f4714f4,b81dbbd9b626394ff08e4ef7d8b19555,delivered,2018-05-09 09:42:35,2018-05-09 09:55:12,2018-05-10 08:53:00,2018-05-15 12:24:41,2018-05-30 00:00:00
0493cfcda1fbe4c59f584aeffa96c098,dca277531e8f668e6053e87b931f3b93,delivered,2017-03-03 14:22:17,2017-03-03 14:35:08,2017-03-06 11:08:16,2017-03-08 13:41:52,2017-03-27 00:00:00
04d95724f8e595ca13c0806541d39973,e95994d81b2fd9150bace0cd8a7b8024,delivered,2018-03-19 10:05:40,2018-03-19 10:27:03,2018-03-20 17:12:19,2018-03-21 18:24:20,2018-03-29 00:00:00
0c0432a85e60b5eae5f6b1e0c3ea9e0b,b6f5c3a185c33b9c12a722c46f5215c8,delivered,2017-11-29 14:25:30,2017-11-29 14:34:40,2017-12-06 14:55:18,2017-12-19 21:28:44,2017-12-20 00:00:00
03dd7d68a345c4fb5061f35f29ad959a,d107a7ac2cb11a52b6e269d277c17652,delivered,2017-06-15 11:14:43,2017-06-15 11:30:14,2017-06-16 14:27:50,2017-06-22 14:16:52,2017-07-10 00:00:00
0115d160c5fbd758a139ff90821db60d,9e593469b6f1beac77c2da4d73bf1228,delivered,2017-08-29 19:14:43,2017-08-31 04:31:53,2017-09-01 22:15:54,2017-09-18 22:05:57,2017-09-15 00:00:00
0b1b823864373547749dd203c2c4adef,68791a72ebc05929bc0f78dbdf2a5419,delivered,2018-06-25 23:47:50,2018-06-26 00:57:41,2018-06-26 09:19:00,2018-06-28 16:41:12,2018-07-16 00:00:00
01b15a896c5842077af2aaf4a9f94309,ecc61d0a88c7d1634a8e592121e14e8f,delivered,2018-03-23 15:51:16,2018-03-24 02:15:56,2018-03-29 17:34:50,2018-04-20 20:46:42,2018-04-12 00:00:00
0a3de305844d2e1bf9a608e702ccd373,6494f42a695d013bf1049297c42f0def,delivered,2017-11-12 23:13:11,2017-11-13 23:10:25,2017-11-16 21:07:09,2017-11-24 21:26:46,2017-12-12 00:00:00
0aaf81645c52d55b9baff5411037d070,73468cbbc184a28fd1648c37bb3cff88,delivered,2018-07-27 15:45:35,2018-07-27 15:55:20,2018-07-30 12:10:00,2018-08-03 20:04:22,2018-08-13 00:00:00
0a05e512c3e656802c930be4c1766c2a,d3a853408a30f995900bcd86f3b13923,delivered,2018-08-02 12:04:52,2018-08-03 12:06:05,2018-08-07 15:23:00,2018-08-15 18:32:13,2018-08-07 00:00:00
0771dcbed01969791b77f20d05573b89,615fbaeb4332030104ecbf4ca33aa191,delivered,2017-06-30 17:47:14,2017-06-30 17:55:20,2017-07-03 15:39:55,2017-07-05 16:13:31,2017-07-20 00:00:00
008ce8764db2e397e153000e017475b6,763a720a236f5b8efe8220ef8b87bc81,delivered,2018-05-18 20:42:47,2018-05-18 20:57:50,2018-05-21 17:38:00,2018-05-23 20:53:37,2018-05-28 00:00:00
05d5a67b06f86425711075939a164657,716c95338343be76a421f05145f6d9b7,delivered,2017-10-24 09:17:09,2017-10-24 09:28:15,2017-10-25 22:45:59,2017-10-26 14:13:59,2017-11-06 00:00:00
030c39b681ff2f80d984e9190524a029,40d765d8bd08edbea11e2857bb737b81,delivered,2018-04-29 22:45:30,2018-04-29 23:09:42,2018-05-04 15:19:00,2018-05-11 00:56:55,2018-05-23 00:00:00
0b0e92124b8a170cb0d9bb34154aa70a,a01e5a14ca4da35a609812d73b7519f2,delivered,2017-12-07 19:42:11,2017-12-07 19:53:25,2017-12-08 22:48:44,2017-12-14 18:25:54,2018-01-04 00:00:00
03e4b19921428d651853f2935176e951,245330e667436609ed3e8ead1554eaf2,delivered,2018-01-14 13:37:42,2018-01-14 13:49:23,2018-01-17 20:37:57,2018-01-22 19:22:01,2018-02-05 00:00:00
09a1022dc99a8046b87235a846062035,3312b16ef68684caca2d3b248358e2ec,delivered,2018-06-21 14:42:11,2018-06-21 15:00:08,2018-06-26 16:52:00,2018-07-02 21:22:23,2018-07-20 00:00:00
013056cfe49763c6f66bda03396c5ee3,d3d38825275e47847abef7e1936b3bcb,delivered,2018-02-14 12:48:24,2018-02-14 12:55:56,2018-02-15 20:32:36,2018-03-03 12:09:00,2018-03-07 00:00:00
091a28ca837aa39b709aa41c0ca3d24a,3c23abb98d078da4a47ba5558833d7c1,delivered,2017-09-04 19:37:37,2017-09-06 02:55:30,2017-09-06 22:32:40,2017-09-16 17:03:18,2017-09-29 00:00:00
0382be412d28f04f932ae97df15d634e,fc04cbc6a598681d02b85ad190f1aec2,delivered,2018-04-17 17:32:13,2018-04-18 13:52:04,2018-05-09 08:01:00,2018-05-18 17:03:43,2018-05-14 00:00:00
093a73d7cb4b891645273a1879e6161f,0e09f4a4b3b82f77dd0fb14effe37fc3,delivered,2018-04-16 11:14:51,2018-04-16 11:31:22,2018-04-19 21:06:56,2018-05-02 20:38:41,2018-05-10 00:00:00
07cba3be3e87c6b1acd31377b79122b1,2e2efc3c05ffb5ca0d81afa1a4ddd4ea,delivered,2017-06-26 15:12:03,2017-06-26 15:23:49,2017-06-27 13:47:45,2017-07-06 15:03:16,2017-07-18 00:00:00
0cb617c8bf1a34cf77947ac7d8b393f0,6344d00636d39fababe43b09e0159ca2,delivered,2017-03-06 00:52:32,2017-03-06 01:05:48,2017-03-07 13:34:57,2017-03-13 21:15:00,2017-03-23 00:00:00
0452090193a8d241f971d25e584e9ca0,91449a9f90feafcbfcb06adfa94f268e,delivered,2018-05-16 19:59:19,2018-05-16 20:16:33,2018-05-29 09:26:00,2018-06-06 17:11:21,2018-06-18 00:00:00
0bbed493fd86aa835b13d1ff5ad91928,40f3a8d02b47a0705c03269ffc9a76dd,delivered,2017-05-22 16:41:52,2017-05-22 16:55:19,2017-05-26 12:55:04,2017-05-30 10:53:15,2017-06-16 00:00:00
077934ed5527f66c12ae98ad498190e1,adcaeeb04652f5b33cd90d497c6cadd8,delivered,2017-05-23 23:52:30,2017-05-25 02:50:19,2017-05-25 11:56:54,2017-05-29 12:47:20,2017-06-19 00:00:00
04c2b3995f83a3db2540a9217254ef6d,7f8390bb894afc2fcf160888c1a418bd,delivered,2018-07-24 17:58:04,2018-07-24 18:10:20,2018-07-30 14:04:00,2018-08-03 18:36:42,2018-08-29 00:00:00
0540bf9189ef17aab470c4942f760e78,6e65c443e6d67127d9b1f0d14be75617,delivered,2018-03-16 22:04:37,2018-03-16 22:28:08,2018-03-22 11:54:26,2018-03-25 16:02:08,2018-03-28 00:00:00
0094dc9ea7e3cd54d95aea42685673ff,5c98ab90d6e953f282ff28ebc43a090e,delivered,2017-03-07 21:48:19,2017-03-07 21:55:31,2017-03-09 10:02:59,2017-03-14 15:34:31,2017-03-30 00:00:00
0c31ed220260a476cfe59bbb6608b7ad,d6e4c0ddccf1b679721fd6ee028a6f15,delivered,2017-06-08 12:08:05,2017-06-08 13:06:22,2017-06-09 15:36:48,2017-06-16 14:21:07,2017-07-03 00:00:00
00750f68bb64537034e93554c64b41b5,49b0b78f8fd6fc95605c46e685c4b611,delivered,2017-11-12 09:50:55,2017-11-12 10:10:32,2017-11-13 19:42:09,2017-11-14 22:34:39,2017-11-27 00:00:00
011fcb4fabb3e142579ad63472b11227,1798df51bcc12309eb0ac35f5bb5875f,delivered,2018-02-10 10:45:57,2018-02-10 13:50:23,2018-02-14 19:58:22,2018-03-14 22:38:35,2018-03-07 00:00:00
068687bed88cddd9705b861e5ff18fec,1bc7096979db74678ff84d5a54599054,delivered,2018-05-08 09:54:55,2018-05-08 17:51:54,2018-05-09 15:10:00,2018-05-10 19:08:53,2018-05-18 00:00:00
03ecec245220b63fd7f68c1737ba99ba,0d34797f478a608695b3635dfaf86733,delivered,2018-06-11 12:58:51,2018-06-11 20:23:08,2018-06-12 14:35:00,2018-06-21 11:37:48,2018-07-17 00:00:00
00d831d5c3ea03b7cd6f883ad799c7e4,7cc995918b7c4560b0f7ec54ef108d83,delivered,2018-03-12 11:56:58,2018-03-12 12:48:27,2018-03-16 00:08:32,2018-03-17 00:52:32,2018-03-26 00:00:00
074241ce500ccb810dc2a36222167798,370518eb3880e605c398910e3bb0aa85,delivered,2017-11-24 14:41:59,2017-11-24 16:52:51,2017-11-28 20:37:06,2017-12-07 00:23:01,2017-12-15 00:00:00
0c894d8f095e6bb51a9f22123a149507,c5f2c64fb9e8baa1021a0627ad5f4245,delivered,2017-03-27 12:27:50,2017-03-29 02:10:55,2017-03-29 15:20:19,2017-04-05 14:48:45,2017-04-18 00:00:00
0be4a277478192493eb95d8a53ec5912,7cc50a971eca3b67109b6ea86cb8e015,delivered,2017-05-31 19:01:22,2017-05-31 19:10:22,2017-06-01 14:03:27,2017-06-06 11:28:39,2017-06-13 00:00:00
02a79582212a06e4d617380fb2db8636,acad1895356162bac7a8215bd2ac7406,delivered,2017-12-13 05:40:55,2017-12-13 05:50:30,2017-12-13 14:23:02,2018-01-03 14:08:59,2018-01-09 00:00:00
0541ce103afcdd3940e866e3cbf7a77c,1e6ee77f5b9d165c26cd56dd39a83593,delivered,2018-06-24 17:56:42,2018-06-24 18:15:21,2018-06-25 14:31:00,2018-07-03 23:32:09,2018-07-24 00:00:00
0756fac8c4aef0446002871923cc6b8f,954044bfd6fb537969f65fb21750ae1d,delivered,2017-05-08 17:27:02,2017-05-08 17:35:12,2017-05-09 10:13:55,2017-05-15 10:12:44,2017-06-01 00:00:00
0cee95c34f2cd6a8e38d9b170b9a468e,571a23f3549e26b246809b4938612eab,delivered,2018-04-19 20:41:19,2018-04-19 20:55:24,2018-04-20 23:03:55,2018-04-23 20:37:20,2018-04-27 00:00:00
0b4ed5311f55b9b8f0f30b35e5b45dbd,3e3196d8c97e8351de8a7a3bc0d06211,delivered,2018-05-30 22:55:26,2018-05-30 23:10:06,2018-06-01 14:14:00,2018-06-08 20:20:53,2018-07-20 00:00:00
0b8315fe345e3639eb0a1a2d6e122d36,32d35b37495c90b91603ed706ff912d6,delivered,2017-10-01 09:57:51,2017-10-02 02:33:30,2017-10-02 21:11:29,2017-10-17 20:55:38,2017-11-16 00:00:00
036ca0743763d04fe093cfecfa2b2e14,5b3b4e44b50bdde1b3454ac5d970205a,delivered,2018-06-27 17:45:51,2018-06-27 18:12:49,2018-06-28 13:55:00,2018-07-03 19:41:42,2018-07-23 00:00:00
015183dcb37f19e0456905fa5aac0b69,8148b073080f653d3a86ef8fc3dd6b43,delivered,2017-03-06 09:23:13,2017-03-06 09:35:21,2017-03-07 09:04:23,2017-03-09 13:14:45,2017-03-23 00:00:00
01c26a0b2736899633cfd6a3c1749428,47bbec3546f4004399e1e60aac67315a,delivered,2017-04-08 18:39:14,2017-04-08 18:45:12,2017-04-11 15:23:15,2017-05-19 17:53:48,2017-05-02 00:00:00
0c0b4c682dc77d70dbc4cf1ed44ede36,a4f7787cc8dffd6006149cdff5abed26,delivered,2018-08-16 13:47:57,2018-08-16 14:04:14,2018-08-16 14:43:00,2018-08-17 15:44:25,2018-08-21 00:00:00
040df517e85524968f559f37441b705e,b08388f79b3d1431d4d711ad96e26209,delivered,2018-03-22 14:56:45,2018-03-23 02:30:44,2018-03-28 16:02:39,2018-04-03 19:19:33,2018-04-17 00:00:00
0a8b3b277ffe67981af7d4a14e7f98d5,c4294894c16e414384e2ecfa9c70206a,delivered,2018-06-14 07:01:36,2018-06-14 07:17:55,2018-06-19 14:13:00,2018-06-21 19:56:29,2018-07-04 00:00:00
009ac365164f8e06f59d18a08045f6c4,7887f43daaa91055f85b6dd23cccdfcb,delivered,2017-11-23 00:03:52,2017-11-23 00:11:24,2017-11-23 15:16:58,2017-11-29 16:33:25,2017-12-13 00:00:00
0c905768040f5d51c3cccf00256ddcd3,b881f59b31df61f2728d3d9b42e93edc,delivered,2018-08-03 19:12:10,2018-08-04 19:05:21,2018-08-07 14:33:00,2018-08-13 16:38:54,2018-08-22 00:00:00
004b62108b876867938746ad3154167f,7ddb7e4242fcc518842aade22f5bee4d,delivered,2018-07-04 20:34:26,2018-07-05 16:40:11,2018-07-11 14:12:00,2018-07-13 02:46:28,2018-07-19 00:00:00
07bdb6811431a929abbd2ada5c891dc5,042d3b446910e8338a3a8bad1dafe7e7,delivered,2017-08-03 18:07:28,2017-08-03 18:23:32,2017-08-04 20:34:38,2017-08-08 16:52:48,2017-08-23 00:00:00
0a8758ec6f399b52f2ecb7b1a0c4c16c,8e98bf676f11db9fd078edd4d3dad51c,delivered,2017-11-25 17:33:04,2017-11-25 17:53:04,2017-11-29 21:05:01,2017-12-09 21:12:27,2017-12-19 00:00:00
0c7019c628b3991e648a3769eff36f6d,815d430c8c4c1fd1980edd447ac4f8b6,delivered,2017-06-25 15:58:28,2017-06-25 16:05:10,2017-06-26 10:22:51,2017-07-07 20:05:51,2017-07-24 00:00:00
07b6b194d5b1f0c26bbc794748048aeb,7be2fab6281a2ec4df4b9de1e47d9217,delivered,2017-10-18 23:38:10,2017-10-18 23:56:30,2017-10-19 21:44:02,2017-10-20 16:46:50,2017-10-30 00:00:00
05234d05cd854695218f98bf84cd2489,e5dd0085eaef3be8578a19a6e88c7e10,delivered,2018-05-21 21:41:26,2018-05-22 00:32:41,2018-05-23 13:55:00,2018-06-04 23:23:41,2018-06-13 00:00:00
0603e869ecff28981f22e3ea3e91911b,39bbb4f1b13debf6e93d4a8dd51974aa,delivered,2017-09-26 17:48:04,2017-09-27 06:56:09,2017-10-03 17:25:21,2017-10-09 18:18:43,2017-10-20 00:00:00
0a32aa7d8d3f344fb31eac306336daac,a9929fa5f092ace247a1ea0a3469bbee,delivered,2018-04-18 09:52:35,2018-04-18 10:11:01,2018-04-18 23:24:33,2018-05-02 15:12:14,2018-05-11 00:00:00
08d84fb0470993741ba4f7db2b3ac601,c61ae9f1f2351bbd660334ae4775cf10,delivered,2017-06-18 11:20:28,2017-06-20 10:30:23,2017-06-22 12:33:17,2017-06-23 13:09:20,2017-07-05 00:00:00
076e78b027f88320defc1d6ab23d6793,924ab9b5c64efe4a4c8bc973300e3a79,delivered,2018-07-08 13:37:07,2018-07-08 13:50:17,2018-07-13 13:38:00,2018-07-21 13:42:49,2018-07-31 00:00:00
067bc1024a45f0e3cf23b724757e55e2,6d13dcf9140e8203f98049ac8c1989d5,delivered,2017-05-19 01:33:50,2017-05-19 01:45:06,2017-05-19 11:15:42,2017-05-24 17:03:18,2017-06-14 00:00:00
08e617c0a81895c4d5f6ab1e4a20fad0,a2ca0ba8cb6271f95f286421b60681aa,delivered,2017-01-27 14:01:20,2017-01-28 03:31:21,2017-01-30 15:45:48,2017-02-02 12:07:30,2017-03-03 00:00:00
00310b0c75bb13015ec4d82d341865a4,0dad07848c618cc5a4679a1bfe1db8d2,canceled,2018-08-15 14:29:08,2018-08-15 15:04:25,,,2018-08-29 00:00:00
0c065ce922f289db756e5505cb2d71d7,a099ef58556b050a3aee59af3ad33764,delivered,2018-05-08 19:35:01,2018-05-08 20:54:57,2018-05-11 13:25:00,2018-05-15 19:48:38,2018-06-01 00:00:00
0c51fc08a502b9c73f0476234f991613,1a56ca3ed189c5846bffb53057e0e0ca,delivered,2018-03-08 09:56:08,2018-03-08 10:10:26,2018-03-09 16:58:41,2018-03-20 23:58:22,2018-03-26 00:00:00
05c491d6be497dcfa89fdb1f9eb41004,0e3b2ecc8d50d0c212672aa10520e74c,delivered,2017-11-21 15:12:42,2017-11-21 15:26:55,2017-11-22 17:58:42,2017-11-28 16:58:46,2017-12-08 00:00:00
08b3dc9205759c9df94d231f6257b344,347c6e5b1c1661f05ddc3f89ca90cb1c,delivered,2018-02-04 17:11:02,2018-02-04 17:49:15,2018-02-05 23:52:21,2018-02-07 20:04:44,2018-02-21 00:00:00
00010242fe8c5a6d1ba2dd792cb16214,3ce436f183e68e07877b285a838db11a,delivered,2017-09-13 08:59:02,2017-09-13 09:45:35,2017-09-19 18:34:16,2017-09-20 23:43:48,2017-09-29 00:00:00
0229b2e398fde4545d32b5bb232973ad,4b2ef9e978a3fb2cf7ea6ca5f7792dd9,delivered,2018-03-21 15:11:48,2018-03-21 15:27:53,2018-04-18 18:21:18,2018-05-05 01:49:46,2018-04-26 00:00:00
09ae30c3aa82707a515bda0df370f7d2,01a52718e4ca43d2cc1da7c9209a6325,delivered,2018-04-15 21:34:02,2018-04-15 21:50:03,2018-04-16 23:21:51,2018-05-03 17:05:11,2018-05-09 00:00:00
018bb1508d9156b81990407b91fb35a8,ab65db409c590bb188616224a7e76cf7,delivered,2018-08-15 21:27:41,2018-08-15 21:44:05,2018-08-21 15:50:00,2018-08-24 21:44:36,2018-08-30 00:00:00
0a53fca4f1040863a7aa5e7b0634ac09,de44ecdecadfbd5d7c4943889af1c915,delivered,2017-10-15 16:30:51,2017-10-15 17:36:18,2017-10-16 14:48:13,2017-10-18 16:41:35,2017-11-01 00:00:00
010e7dda85fff564e8b7076ae3928efb,76c6370ab8b030109448c39db2b9e08c,delivered,2017-11-27 14:26:40,2017-11-29 14:33:42,2017-12-04 23:18:52,2017-12-12 21:49:55,2017-12-18 00:00:00
086336eee2f5956e2a6a18369abd023d,29b585519cea01e9367649155a072065,delivered,2017-07-30 03:10:40,2017-07-30 04:43:12,2017-08-01 20:22:53,2017-08-02 18:33:42,2017-08-11 00:00:00
035c01a45e289b155db4e47cf39b29d3,d68f9c633f9ab44265b54f3792fcbe71,delivered,2018-08-06 22:01:08,2018-08-07 06:05:33,2018-08-17 13:23:00,2018-08-23 15:03:10,2018-08-28 00:00:00
07420892c4caddea9908f3e55218a5ba,26a5c57589e5377416c0544bc8f9daf0,delivered,2017-11-14 14:17:00,2017-11-14 14:27:15,2017-11-16 14:51:27,2017-11-22 19:47:43,2017-12-12 00:00:00
0409a79770433fbb5610660b8f8cd69d,56893da41f4c6bb7e20dd7b135e487da,delivered,2017-06-14 23:48:42,2017-06-15 00:43:12,2017-06-19 19:02:54,2017-06-29 08:21:11,2017-07-13 00:00:00
006e05e81c068ddc38e48ebe189b922e,ebcf50ec311622a9b17a720a655a489b,delivered,2017-12-27 21:50:43,2017-12-27 22:07:25,2017-12-28 19:29:28,2018-01-03 11:14:47,2018-01-24 00:00:00
01f216b447564f9ea791b521db577ccb,39d5f491d314a5e26d16cf74581bff02,delivered,2017-01-24 18:44:53,2017-01-24 18:55:14,2017-01-25 09:21:47,2017-01-31 07:35:52,2017-03-01 00:00:00
0baf7e063341d21b649aa73045ce5395,4bf9f58ae9877a24ad03ac204eb89652,delivered,2017-10-20 19:45:06,2017-10-21 19:49:16,2017-10-25 21:46:56,2017-11-06 20:08:53,2017-11-28 00:00:00
0bfef24c6be372da610fb6c17ca1dafc,9700e1edad3c5eb426b3db0e0287e2ff,delivered,2017-12-08 00:18:18,2017-12-08 00:31:32,2017-12-08 20:32:45,2017-12-13 16:58:02,2018-01-05 00:00:00
08a8e10798c6955302701d17eb84fdc0,0cbab479f583876bf94810bb85aca618,delivered,2017-03-15 12:19:23,2017-03-15 12:19:23,2017-03-17 07:07:39,2017-03-23 09:12:05,2017-04-03 00:00:00
022ba76c6e0c4336514521a8cd4b8fbb,09dd621bd52c70a32eb2e306ef235b9a,delivered,2018-06-17 22:36:20,2018-06-17 22:59:00,2018-06-18 13:57:00,2018-06-27 14:55:43,2018-07-16 00:00:00
0363c3cd0593c841b52d9817c89beaed,3752551df5449159b916410bb81a13c0,delivered,2017-08-18 15:30:23,2017-08-18 16:05:27,2017-08-22 18:41:38,2017-08-28 17:13:22,2017-09-13 00:00:00
0c2be278c997477b9910904d12e520a2,76d15afa8f4f626324f6f05257f1a089,delivered,2018-06-16 17:16:44,2018-06-16 17:38:48,2018-06-18 13:33:00,2018-06-19 17:41:24,2018-07-23 00:00:00
033c0d8e5bce8110d7900e088c75389d,77f5768427f2e8bc2958b4d206581529,delivered,2018-06-07 17:22:20,2018-06-07 17:37:55,2018-06-11 14:38:00,2018-06-14 18:32:51,2018-07-05 00:00:00
0cf94dad2e99f0fb2c10e52d62c4e560,9382c9d760d5a61dbd8d18b2accc27f1,delivered,2018-08-19 18:39:12,2018-08-20 12:50:35,2018-08-22 16:04:00,2018-08-28 15:46:47,2018-09-03 00:00:00
04b037305ba882bf9510568fe6c1615b,c7f2aa41726d05bcc6db32812fbf95ba,delivered,2018-01-13 17:56:43,2018-01-13 18:09:25,2018-01-15 16:29:05,2018-01-22 20:47:40,2018-02-06 00:00:00
0cc893e70885ba7fc151e85141326ef5,55836520f2093cbfbbcc28fa0de53223,delivered,2018-08-14 11:40:48,2018-08-16 04:35:14,2018-08-16 14:41:00,2018-08-17 22:58:49,2018-08-20 00:00:00
020d90b47730f065a03723587c20a57f,87fa03356ab0502083e0359921f4b780,delivered,2018-04-27 11:14:54,2018-04-27 11:30:31,2018-05-03 14:27:00,2018-05-04 21:42:50,2018-05-16 00:00:00
0c635f2fc897dc04b56643f997f25d33,f99b5c67d9517ee04168e778a38581e1,shipped,2018-03-17 16:43:04,2018-03-20 03:28:22,2018-03-21 19:04:12,,2018-04-17 00:00:00
0328d8f9de9ac416aef56ea44972a5d8,93981a3a039274f7c0f9dfaa22318d78,delivered,2017-10-18 16:06:09,2017-10-18 16:34:55,2017-10-19 15:49:05,2017-10-24 14:38:30,2017-11-07 00:00:00
0b35523db4e1c1ee70badc36fc9a4dba,8f37482013a6566f7d5610c5210a096e,delivered,2018-03-22 11:06:10,2018-03-22 11:15:52,2018-03-23 03:35:02,2018-03-29 19:48:45,2018-04-27 00:00:00
0a0cda0a8f1fac8330c16b7a8b38bfb8,bb0ca8e854a4a269f7d18895837927f7,delivered,2018-03-07 17:51:50,2018-03-07 18:10:17,2018-03-08 20:16:19,2018-03-22 14:04:09,2018-03-29 00:00:00
07bf5c685616f41e3e2ec06b6f5623ff,8ba0d90bb352406b0005d8c54ddb93c6,delivered,2018-02-26 09:47:20,2018-02-26 10:11:15,2018-03-08 22:01:33,2018-03-23 02:22:04,2018-03-23 00:00:00
09af242285bcc7d2f8b12ce33dcfcb7f,64a097bd5b5ee7b766f29547a2bfdc40,delivered,2018-01-12 22:17:04,2018-01-12 22:28:24,2018-01-17 22:35:56,2018-01-29 21:42:25,2018-02-16 00:00:00
0a65a87966cf47b05a559b462c8754dc,d5474fd02ad681bd3aa0e1f62b962b4f,delivered,2018-05-30 11:19:02,2018-05-31 03:15:24,2018-06-04 15:31:00,2018-06-05 12:52:09,2018-06-25 00:00:00
09684ae9062cccfa9bbd158453857401,d5774716ffceb3b77efa1c03fefb022b,delivered,2017-12-29 15:31:57,2017-12-29 16:07:53,2018-01-02 20:02:49,2018-01-12 21:23:22,2018-02-05 00:00:00
0573f95b59b51f2d7d98d882d64e05dd,996c755332451ffc8970c79ee2139dfc,delivered,2017-10-18 21:51:05,2017-10-18 23:28:18,2017-10-19 15:44:57,2017-10-27 23:17:57,2017-11-09 00:00:00
030aeef4719e9d33e0c39bd00a9a14be,b33f0975ea69aae6fac18326ac5bfb0b,delivered,2017-06-30 19:24:36,2017-07-01 19:35:09,2017-07-03 14:59:32,2017-07-18 14:12:02,2017-07-13 00:00:00
0744f9056deb109779f1b309822c0d02,51485e00d58dd4f20f248c9b33d6b70f,delivered,2017-11-01 22:42:19,2017-11-01 22:55:30,2017-11-03 14:26:54,2017-11-09 20:22:17,2017-11-29 00:00:00
020aec76c43508e4214579c52c1133f4,d61274989a1013559fec1e4a020eeb0c,delivered,2018-06-25 22:45:30,2018-06-26 00:33:21,2018-06-26 14:02:00,2018-07-02 19:47:49,2018-07-25 00:00:00
07680abcc9878ad415215bf0945baf7a,9fd29314a799da1d88ba45fc957b84cf,delivered,2017-06-12 15:06:54,2017-06-13 15:15:10,2017-06-16 13:25:35,2017-06-28 14:57:55,2017-07-18 00:00:00
09f86b7099faeb6a9d85623c5dba9665,54da6f5f969bb4601f0d78611694232e,delivered,2017-02-08 22:12:14,2017-02-08 22:23:27,2017-02-09 15:34:20,2017-03-08 13:56:01,2017-03-13 00:00:00
00a3f1ef430d3984dece2f39d6cbf431,6220c6ab35c110dc7945b0bba49dc486,delivered,2018-05-18 13:28:08,2018-05-18 13:55:09,2018-05-21 11:44:00,2018-06-06 15:42:48,2018-06-06 00:00:00
004345d16a1ab2c21962992c721c8643,3b723b649feb48f3cfbb9c728efb3d7d,delivered,2018-07-04 06:45:05,2018-07-05 16:09:18,2018-07-05 14:08:00,2018-07-11 17:26:37,2018-07-30 00:00:00
0a6312b2e86fe734ebbddaae7fabd14d,98a95db6578e2df8a4786793c89944cf,delivered,2017-03-25 21:50:25,2017-03-25 22:05:09,2017-03-27 13:12:46,2017-03-30 14:38:04,2017-04-19 00:00:00
03b5ec589ff32d3dac9dd2f9f06496d6,4354e2cf53a8b26f617d9b454d0f3564,delivered,2017-05-27 12:16:38,2017-05-27 13:05:23,2017-05-29 09:47:06,2017-06-14 13:18:07,2017-07-03 00:00:00
0ae4c9a0bb0c65a89aaf840c9b08ba43,cad95dd35e0f2ec6f2f0522a3fad9542,delivered,2018-02-16 17:33:53,2018-02-17 17:27:24,2018-02-19 20:25:14,2018-03-05 16:57:07,2018-03-13 00:00:00
0b6230647ed16f4b3e70282dc4b5b87f,a86efb07b29b0ab31a5c6047c600edab,delivered,2018-05-16 13:05:37,2018-05-17 19:36:10,2018-05-30 12:38:00,2018-06-12 19:06:34,2018-06-14 00:00:00
02d84940c88e0c1c91ec65aeb663578d,59f61bb586b093c1815a72b3c129cc8f,delivered,2018-02-03 11:41:57,2018-02-03 11:50:28,2018-02-07 00:36:26,2018-02-07 15:28:52,2018-03-01 00:00:00
05ed121680df9ec2f89d4dc29310333a,05c21a5b935941bf33883571a74defa9,delivered,2018-03-05 07:27:39,2018-03-06 04:08:25,2018-03-07 18:33:58,2018-03-29 23:28:42,2018-03-26 00:00:00
0a00e9b0112a0e7ba031426a31659196,d6ae8fb84a31394c5efdbb375c1d49ab,delivered,2018-08-06 13:32:49,2018-08-08 04:35:17,2018-08-08 13:23:00,2018-08-15 18:26:42,2018-08-22 00:00:00
0a46b68a258a6a2a44012e312063afa9,1ab9a596215dd981d4af34b1f89eadca,delivered,2018-02-01 11:58:40,2018-02-02 02:54:33,2018-02-02 16:15:04,2018-02-17 15:04:20,2018-03-12 00:00:00
05426618bfbb87e04fdd3a60a5bfef38,60eff00208ce766f18aed247d50c4cba,delivered,2018-07-19 19:39:12,2018-07-19 19:50:10,2018-07-20 16:08:00,2018-07-30 16:12:14,2018-08-13 00:00:00
008eaf9004164883520d0bd32b107261,b2a65630374da38ec0653226f3ea4dbb,delivered,2017-07-10 20:42:56,2017-07-12 02:10:13,2017-07-14 13:47:42,2017-07-21 20:34:41,2017-08-08 00:00:00
0c9c2a32f57d7b49bacbe81e5534cbba,fe35fc9623da5e8bffda3ea33249dd5f,delivered,2018-08-06 17:38:02,2018-08-06 17:50:26,2018-08-08 18:21:00,2018-08-15 03:12:26,2018-08-17 00:00:00
07b21e603088925f04bb9034954fe5fa,3161a1718e27e1af7db824fd410c25b1,delivered,2018-05-09 08:56:03,2018-05-11 03:37:29,2018-05-11 13:33:00,2018-05-24 18:05:15,2018-06-07 00:00:00
0cf8368e4bd533308d1d3b77bd9f2844,300b0dd79dc0dd388ee25b66631ea2ef,delivered,2017-07-12 21:25:11,2017-07-13 17:30:11,2017-07-14 15:47:50,2017-07-27 18:44:45,2017-08-15 00:00:00
08f037463ef8a43a35237ad2029f316b,7c29841bc24b6a0a94f8f6a9769fb54c,delivered,2018-05-22 21:30:02,2018-05-23 15:35:27,2018-05-24 15:02:00,2018-06-05 20:52:10,2018-06-06 00:00:00
0b4b622bf03bb66e9d44bc4b86c20dff,bd6ba2b9c68f85b6386b3b3b087c4050,delivered,2018-02-18 22:21:53,2018-02-18 22:35:24,2018-02-19 19:13:26,2018-02-21 21:32:48,2018-03-07 00:00:00
0b2e6b4673da2264a5318ef4abe1fd44,572e91607e3ec9c563b322b8e5c9dfcc,delivered,2018-07-03 18:09:03,2018-07-05 16:18:53,2018-07-04 11:07:00,2018-07-06 19:59:49,2018-07-23 00:00:00
0c38db7d528620e574c47997981525da,e221c5326af90a53996f0e997deb2371,delivered,2017-02-24 10:39:55,2017-02-25 02:22:43,2017-03-02 14:09:07,2017-03-10 05:57:54,2017-03-21 00:00:00
0927a4ea2d6af04c6e8a1aecd4f9951d,c8c62d4767ce11a1611db2fbd5af9a0e,delivered,2017-01-22 21:25:01,2017-01-22 21:35:42,2017-01-26 05:51:33,2017-01-28 10:58:56,2017-02-28 00:00:00
029a092ea19290f774d21c51fd7ac45f,2cd8c5d16f98a776a87ccfeb14c0ed33,delivered,2018-01-29 17:33:48,2018-01-31 13:32:03,2018-02-01 18:25:37,2018-02-05 18:17:08,2018-02-26 00:00:00
068bd285dca5547429e81de9e95ff9cf,6e2f130b4259627650baa0c9ce0bd645,delivered,2018-01-14 17:25:11,2018-01-14 17:36:34,2018-01-29 22:13:15,2018-01-31 10:22:04,2018-02-09 00:00:00
08523d94685d7c7efc1381136873cab3,01c2a51e4844df386c8bbd058978052c,delivered,2017-11-17 00:49:51,2017-11-18 02:29:06,2017-11-22 15:18:54,2017-12-05 11:38:34,2017-12-14 00:00:00
0acff4874d0f6558ab78a80bb4c8a3ff,e7bc43bd991299745f29c9f38d0eb322,delivered,2017-03-11 23:32:41,2017-03-11 23:32:41,2017-03-13 13:11:52,2017-03-24 13:08:40,2017-03-31 00:00:00
05b126974a95c4a8c2ed51e8e0334c6e,fca1f22de13081a34651c48cbb5cfb01,delivered,2017-07-17 15:23:31,2017-07-17 15:35:08,2017-07-18 14:10:13,2017-07-28 20:23:55,2017-08-14 00:00:00
0946ea44283ef9035521460a12da1569,4d54b74513ea9a321781f3838c7cffb5,delivered,2018-03-17 18:24:43,2018-03-18 18:27:29,2018-03-19 23:03:33,2018-04-20 16:37:19,2018-04-12 00:00:00
0bb6d291f1488ae4922e89c2f6105f33,ace44b787aaa9e76275ef9e5c226f5d2,delivered,2018-07-11 10:49:57,2018-07-11 11:08:23,2018-07-11 14:01:00,2018-07-14 00:37:25,2018-07-31 00:00:00
0a52d1f5b66c689f3955b3711ba7cc17,e827a60ab3c273d88ef8c4b401ce344b,delivered,2018-02-03 20:29:25,2018-02-03 20:49:59,2018-02-05 20:42:51,2018-03-12 22:28:25,2018-03-13 00:00:00
0aa1d9509ae8e0c76c03ad7ba91dc81a,2b25f2ba843e1bae62f28c7f43211a06,delivered,2017-05-12 07:59:02,2017-05-12 08:40:05,2017-05-18 14:30:57,2017-05-25 16:17:53,2017-06-14 00:00:00
0b84f3f6163172e6ede5bbd0b5b98394,1bc8d7df252ed7ef6595a0323345ddac,delivered,2018-08-15 23:04:04,2018-08-15 23:15:19,2018-08-17 13:27:00,2018-08-24 20:58:36,2018-08-30 00:00:00
0b3aeaf1fb363edeaf5062df39515084,95f3b1905c7702b401a038234fdb722c,delivered,2017-03-23 17:41:45,2017-03-24 06:35:32,2017-03-24 15:05:00,2017-04-17 12:36:59,2017-04-27 00:00:00
09c681e9069e20d7f2ecd587151f1b88,4ccadb3017d7e9ee8ba9523f00e6759c,delivered,2017-11-29 18:12:11,2017-11-29 18:37:14,2017-12-07 18:09:40,2017-12-20 17:32:38,2017-12-26 00:00:00
0749bdde40245b5fb3b375dadfd4ebe3,9425138786a500f53870c673b2000da1,delivered,2018-02-20 21:32:10,2018-02-20 22:07:59,2018-02-23 16:46:35,2018-03-07 19:42:26,2018-03-15 00:00:00
0c5a7b3c5703837ef40113972224a978,0b625a2816bc92763dff9538ee30414a,delivered,2018-03-30 20:06:55,2018-03-30 20:27:19,2018-04-02 22:43:00,2018-04-04 00:56:33,2018-04-12 00:00:00
078095c153e500cfcdd068f00b8d2e98,fa40ca124c4f1de21f3a5b4aab3819ce,delivered,2017-08-24 11:36:36,2017-08-24 11:50:18,2017-08-29 15:49:14,2017-09-05 17:38:06,2017-09-20 00:00:00
0108c64ec135e4a7a75e9b5102af9bfa,6ce3934a71cf3aa6ff51b5298ed06d9e,delivered,2018-01-29 08:26:22,2018-01-30 05:31:38,2018-02-01 12:56:50,2018-02-22 18:17:08,2018-02-26 00:00:00
0707e2f91c707859b79e711d852150c8,09d1bc53f084c9c2a597d1a7d6329ecb,delivered,2017-03-24 00:40:13,2017-03-28 03:55:23,2017-04-06 14:50:54,2017-04-13 23:44:52,2017-04-19 00:00:00
0b82d0616f1ad8da15cf967b984b4004,986632b40c38f4240caf8608cb01d40d,delivered,2018-08-03 21:35:53,2018-08-04 04:25:14,2018-08-08 14:26:00,2018-08-09 21:42:08,2018-08-10 00:00:00
01da5549f136167573c8a302f008557a,c6905c5022f61e99e31ded5f939e702b,delivered,2018-04-08 17:01:55,2018-04-10 03:55:21,2018-04-10 23:34:32,2018-04-17 22:44:37,2018-05-07 00:00:00
02a065131a2d2b72b45e2c63135606ad,1d917604cae5efcfe88ac9a27f8455d8,delivered,2018-04-24 20:08:37,2018-04-26 03:35:19,2018-04-27 14:53:00,2018-05-04 11:16:52,2018-05-18 00:00:00
08eb6a0ddc93b1cf16dd629389dc691b,4271157a005679fb4c9005d64055d91f,delivered,2018-03-09 23:10:40,2018-03-09 23:20:31,2018-03-13 20:48:48,2018-03-23 02:24:57,2018-04-03 00:00:00
04031be66943a9c385ff683fcc99d288,b9313515b2c2bfce4c61816d2b0b9217,delivered,2017-09-16 02:31:26,2017-09-16 03:04:00,2017-10-16 20:33:21,2017-10-23 17:18:18,2017-10-04 00:00:00
08d48caf3c6278c63213deae0000975a,1970ae021f65edd548c338b11bdd98a7,delivered,2017-09-18 10:44:44,2017-09-18 10:55:44,2017-09-19 15:11:58,2017-09-25 11:42:15,2017-10-18 00:00:00
0cc9d4d8d1534bc29d091be67ffabdab,cc0be152b8158ae5ddccacd8efb97076,delivered,2017-04-20 12:25:54,2017-04-20 13:06:07,2017-04-24 14:55:48,2017-05-02 13:34:27,2017-05-19 00:00:00
03dde7ab63940fbffd10162a74347e95,5934b56aaab3f88d76e0f002d7eb8802,delivered,2017-06-10 17:57:12,2017-06-10 18:10:23,2017-06-14 06:19:41,2017-06-16 14:05:51,2017-06-29 00:00:00
0691511b757c6190f85d5c20481ddae1,0bdaf62bf3211420cb25a16386b56801,canceled,2018-07-17 23:30:05,2018-07-17 23:41:42,,,2018-08-03 00:00:00
090eeebdb88e50484b9d37e863df829b,5c262efffdde5bd254f59c97cf8c9b42,delivered,2017-07-20 08:31:59,2017-07-20 08:45:11,2017-07-26 11:34:15,2017-07-31 20:39:52,2017-08-18 00:00:00
03ce210a1614bb5a5bd3f4e3296840a1,fe007b524829f7a174ea059a23bd0a32,delivered,2018-01-22 18:06:21,2018-01-22 18:16:51,2018-01-23 18:33:51,2018-01-26 18:49:56,2018-02-14 00:00:00
00276d5c3491fbf55305e26891040df9,54686c41e86854e35879efbd1c2cab1b,delivered,2018-02-13 11:47:21,2018-02-13 12:55:57,2018-02-20 23:19:10,2018-03-16 19:57:52,2018-03-22 00:00:00
0265de29d2bf47d85101018e7f7d4ff6,adf1ecaca5e192f1356ed0760e5432ae,delivered,2017-04-30 07:43:30,2017-04-30 07:55:11,2017-05-10 18:41:46,2017-05-18 08:19:06,2017-06-06 00:00:00
0ce5b90b3bd06c388f87fd281ff7eba7,16730aef160c3f0c10569888ea9adb05,delivered,2018-02-16 11:11:45,2018-02-16 11:27:37,2018-02-21 17:53:23,2018-03-06 23:16:48,2018-03-19 00:00:00
031a9aee4d307a1ae62ed71224c63215,bf3a6e18cbf1a91fae6bfab562949722,delivered,2018-02-15 15:14:44,2018-02-15 15:27:22,2018-02-17 01:33:30,2018-02-23 16:28:43,2018-02-26 00:00:00
09816d25300df1b7cc5c78edc96f55da,3d64967ab5012122e071d526a18038d1,delivered,2017-12-23 21:58:49,2017-12-23 22:10:23,2017-12-28 19:04:06,2018-01-06 15:42:25,2018-01-24 00:00:00
03cd43eb7c373b23a0b55c1c8f76c861,14d70a0cee529bb63fec5712914c3938,delivered,2018-06-28 10:17:16,2018-06-28 10:31:33,2018-06-29 14:45:00,2018-07-04 00:51:59,2018-07-23 00:00:00
0b375c9434c495b5759da891d8b26bf4,ab8fe6f7befe06ef4536fb2ed52a4c21,delivered,2017-09-18 00:32:11,2017-09-18 00:45:10,2017-09-18 22:22:21,2017-09-19 18:37:57,2017-09-29 00:00:00
029de66f2ffa0e793ca2aad5e304a748,af36102025fd8041e660558de504dade,delivered,2018-03-04 17:04:40,2018-03-06 03:35:31,2018-03-08 21:16:26,2018-03-20 11:56:53,2018-03-27 00:00:00
0584a31bb6abbd3dcc27e2d464ac863d,547b138492fe9767762865f216a83e5e,canceled,2018-02-18 15:06:15,2018-02-20 07:11:01,,,2018-03-06 00:00:00
000f25f4d72195062c040b12dce9a18a,86ade8ebc14f18dd6c3ea75bd0eb7534,delivered,2018-03-07 10:33:13,2018-03-07 11:10:11,2018-03-16 15:58:31,2018-03-22 16:51:52,2018-04-11 00:00:00
07e481567db300783aa22d7cd202f1b8,e963d9adbf9ceb6f1dab520661946e3e,delivered,2017-05-22 11:04:34,2017-05-22 11:15:20,2017-05-23 14:43:44,2017-05-29 07:00:10,2017-06-07 00:00:00
03552fc24c87d99787c9e2e961bddc9b,d0ea9e4c581e61a68de4994445f4e5ca,delivered,2017-08-15 08:45:42,2017-08-15 09:03:52,2017-08-15 15:34:01,2017-08-17 21:37:31,2017-09-06 00:00:00
0560378d48b9de8b969d8f5601e3767e,c4f1859b6bcb6595557c1f4ffcfbab30,delivered,2017-09-21 08:32:12,2017-09-21 08:44:30,2017-09-22 00:03:20,2017-09-29 20:29:50,2017-10-13 00:00:00
024d56279184e5cb942d9abf28fc14e6,4cb9602acb31a0dbf81de01a43d2d4db,delivered,2017-05-21 17:56:38,2017-05-21 18:05:16,2017-05-22 15:53:44,2017-05-23 11:14:36,2017-06-02 00:00:00
0629053d0e1e598c7a5048031e19e31b,5fbc3ff103d135045b4bd2e77ddac6a0,delivered,2018-06-25 21:39:42,2018-06-25 21:53:29,2018-06-27 08:20:00,2018-06-29 19:34:48,2018-08-02 00:00:00
0cbe02c76316799a31b1de5bed001c5d,5833a1a8d62b965ca0f8205a8bcb32fa,delivered,2017-07-18 19:00:59,2017-07-18 19:15:10,2017-07-20 09:51:12,2017-08-09 20:10:15,2017-09-04 00:00:00
0205c3dd6f4d8e348ee72fffd114fec4,67a1b364b073c272cc412276247ebe7a,delivered,2017-07-24 21:41:24,2017-07-24 21:55:17,2017-07-26 16:33:08,2017-08-10 18:49:57,2017-08-30 00:00:00
04064f81e71399939f72222d7c701c47,32f017b7a69559932809332f389cacb8,delivered,2018-05-03 11:00:41,2018-05-03 11:54:38,2018-05-07 14:46:00,2018-06-13 21:47:35,2018-05-23 00:00:00
003cc6161d7a2593f2525cce0c330d32,7d9802889236ab8fc541bfb438978cd7,delivered,2018-08-03 19:33:35,2018-08-03 20:04:14,2018-08-06 15:02:00,2018-08-07 11:32:11,2018-08-08 00:00:00
02b73712c7944322d0b5a314f2424ee4,d9778e3e408e8c54bdb818ab6bdccc39,delivered,2017-09-16 10:25:55,2017-09-16 11:03:43,2017-09-18 18:03:39,2017-09-26 21:42:41,2017-10-06 00:00:00
05712f43d1c39effad171a8b0344940a,ae629dfbdd8b33fa29028ff92179a62c,delivered,2017-12-03 15:50:24,2017-12-03 15:59:21,2017-12-04 22:09:21,2017-12-19 19:26:44,2018-01-03 00:00:00
0611e51b65ca1c2274c5a2463141dcb6,0a53041ab2e72cccb3329613978e2e2e,delivered,2017-10-10 14:24:10,2017-10-10 15:06:47,2017-10-11 19:53:48,2017-10-20 22:04:14,2017-11-06 00:00:00
040a7d867d3a82c3dbe047e96515bd09,0c304fb37832102b8d85acbc63709bb9,delivered,2018-02-20 09:03:00,2018-02-21 06:25:13,2018-02-22 18:19:21,2018-02-28 20:12:53,2018-03-14 00:00:00
04ee5eeac980a849efb5ac99abf87259,875821ff77f94d5c8960cccdc48500e8,delivered,2017-08-23 16:01:02,2017-08-23 17:34:50,2017-08-28 12:03:41,2017-09-01 20:07:46,2017-09-13 00:00:00
0c40becf669d1e6da9a8af153c382799,d6679f9035899b94503bb782c8352752,delivered,2018-04-07 11:13:14,2018-04-07 11:28:13,2018-04-10 00:02:25,2018-04-25 17:24:51,2018-04-26 00:00:00
0ac6093ec7bb2a5eb1da4961999ee9d6,d3f497230c673e3eb4362335acdc799e,delivered,2018-02-03 16:22:19,2018-02-03 16:35:29,2018-02-06 00:15:40,2018-02-18 17:53:09,2018-03-07 00:00:00
03c6fd082fce47bdd5e0dc1f81a9626f,3347f8d33927f9bb5159b2aa82b3d622,delivered,2018-05-12 20:50:47,2018-05-12 21:15:55,2018-05-15 07:55:00,2018-06-05 18:06:34,2018-06-11 00:00:00
0cb32545f515420d9f3cba2c55ae3c4f,4964b245573f51603b9782d3a365caf6,delivered,2017-11-02 04:26:06,2017-11-02 04:46:47,2017-11-06 10:32:50,2017-11-16 22:09:06,2017-11-28 00:00:00
07f6b1ad9ba4f7a4d2326adf7b8f517f,0cd47abbc8d9c815ff586e5b21280105,delivered,2017-08-23 16:15:30,2017-08-23 17:32:48,2017-08-25 12:23:40,2017-08-31 20:27:31,2017-09-13 00:00:00
089099bac717ea03540251a8c02858b6,7f52f3f969ad5ea4a7b9828b41fe4913,delivered,2018-05-09 20:44:52,2018-05-09 21:15:16,2018-05-11 13:55:00,2018-05-16 19:06:07,2018-05-25 00:00:00
071516a72b8a838c15842568d1b995f9,f9de22ef0f044b7f27d5023343857b77,delivered,2018-06-11 18:43:32,2018-06-11 19:02:53,2018-06-12 15:23:00,2018-06-14 17:56:25,2018-06-28 00:00:00
040d7a91a18a8d2262e45df7c8ea8051,b07d3845ff0addca8fc9fa54ea872c84,delivered,2017-08-08 10:51:20,2017-08-10 03:15:49,2017-08-11 18:42:12,2017-08-15 20:24:43,2017-08-28 00:00:00
027fb2504084c231e857f6cf558a9992,6d1e32657aaa25b6910098474e699e9a,delivered,2017-10-09 23:05:41,2017-10-09 23:14:41,2017-10-10 23:34:51,2017-10-14 00:43:37,2017-10-27 00:00:00
0cf52f585ea2179c0bfd06b1a7acf3f4,f1022b3ef53cf4c19c23dd26be54a04e,delivered,2017-09-01 00:21:18,2017-09-01 00:48:53,2017-09-01 19:12:00,2017-09-22 19:53:07,2017-10-04 00:00:00
03ee388839265510fa5edd811e0e1485,da1c518df645c2ac617582c9c5c36faa,delivered,2017-10-13 01:34:13,2017-10-13 01:58:41,2017-10-16 22:48:41,2017-10-26 19:58:54,2017-11-01 00:00:00
0608b2d283db5e818a5056e8afc122b5,7236ccefd5966e8c04b55d723fbd0ad6,delivered,2018-03-14 11:26:07,2018-03-14 12:40:27,2018-03-14 23:16:44,2018-03-19 14:27:45,2018-03-26 00:00:00
06debbd4d40f6d36dc28c4f7dc647c1b,ba4d6453843dce644cb8989cf3267583,delivered,2018-04-03 21:16:27,2018-04-03 21:30:20,2018-04-06 00:22:08,2018-04-11 15:08:38,2018-04-27 00:00:00
08c3d8da1ee7ffc88a41cd145a4675ba,d2d9a4db01878197408189a2dd4173f2,delivered,2018-05-07 10:48:57,2018-05-08 20:15:27,2018-05-09 10:13:00,2018-06-05 15:40:55,2018-06-05 00:00:00
0a40f88667e7bbb7ef87efaa9a2177ea,2b351cba14fa5f852a79a52516d5e823,delivered,2018-02-23 21:45:45,2018-02-23 22:07:37,2018-02-28 02:35:24,2018-03-06 13:59:28,2018-03-15 00:00:00
09c74db044dfe6e7f2a6b6a6750f36cd,1fc9edfa5157a14833804b4ffeba2c2f,delivered,2017-04-09 19:53:32,2017-04-09 20:05:44,2017-04-10 08:52:00,2017-04-13 12:18:07,2017-05-02 00:00:00
00c42b1633c1b2fa4e937bf312466561,36d63113a38882f3f464f8eaa96c4b1c,delivered,2018-01-13 13:52:54,2018-01-13 14:09:30,2018-01-15 19:32:48,2018-02-08 21:12:51,2018-02-15 00:00:00
0120e3dd2696a3bbb68dc2860815f7f2,67ec7f982297cfb734824a3b3a7a56c0,delivered,2018-03-26 11:47:03,2018-03-26 11:55:26,2018-04-03 01:18:31,2018-04-10 20:58:29,2018-05-11 00:00:00
077d6b93c4e88d06b124cf24fb67a28e,1ae626094b558418fce6729a98a2f4dd,delivered,2017-06-17 17:11:05,2017-06-18 17:05:13,2017-06-26 07:27:50,2017-07-04 16:02:51,2017-07-17 00:00:00
08fb5d31021fb887ce4ab33b8cdb804e,6ed30ec7af7258861705f6c7bf352ed2,delivered,2018-08-16 01:53:48,2018-08-16 02:05:11,2018-08-16 14:52:00,2018-08-28 20:58:31,2018-09-10 00:00:00
083715659baf44018ac67f7914b85cdb,f2865b6b88ce263c27c20b3156712eae,delivered,2018-05-19 12:27:20,2018-05-19 12:59:35,2018-05-21 15:24:00,2018-05-24 16:21:50,2018-06-06 00:00:00
074eec999695249a1f80e3c7ea1aab01,5d5b87f8daede7b7ade03d9d96a54c77,delivered,2018-03-05 10:51:11,2018-03-05 11:09:41,2018-03-05 19:52:12,2018-03-29 21:14:41,2018-03-22 00:00:00
065881aa6f8059a970c8fd9947f717e4,1db1d512baa3377e9356150fb80eef98,delivered,2018-01-17 19:32:02,2018-01-17 19:49:51,2018-01-19 23:39:07,2018-01-29 18:28:41,2018-02-08 00:00:00
0508c1d4ce32ccc40fc59d0592478608,6c496722271e456537aa324397cc46af,delivered,2018-06-04 16:33:24,2018-06-04 16:53:01,2018-06-07 14:02:00,2018-06-19 19:18:49,2018-07-13 00:00:00
08213e46524c11c2501c5d0a59ff8b7a,743b9baadaa9734c4f4955e2848448ef,delivered,2018-04-21 17:55:05,2018-04-24 19:23:54,2018-04-25 15:02:00,2018-05-29 00:20:46,2018-06-01 00:00:00
0597a201736db0915eac0e92b5e0f6d9,a6fd70c8725a1c1eaa8b34d42bf80f9d,delivered,2017-10-09 11:16:40,2017-10-11 07:36:49,2017-10-11 21:25:16,2017-10-16 20:59:35,2017-10-23 00:00:00
048937ad68e3d2ec6e64f5105184589d,9b474f065e302d1dbfb227075c1513c8,delivered,2018-05-06 15:38:02,2018-05-06 15:50:45,2018-05-10 12:27:00,2018-05-23 11:25:25,2018-06-12 00:00:00
00eead1d5a799277ef3d6b387b0bebef,c713fee6f70301b6bf60701902502703,delivered,2018-08-27 18:45:54,2018-08-27 19:04:07,2018-08-28 14:17:00,2018-08-30 21:31:37,2018-09-06 00:00:00
039bf70a4c27073ca9d7a4e509b42dc1,f7a7fe1aa3478530445edb70fa6527b6,delivered,2017-06-23 17:47:51,2017-06-23 18:03:45,2017-06-26 14:58:09,2017-07-01 10:12:59,2017-07-06 00:00:00
0a06a0fe44df214d7b351f21a1bb31aa,6347d009d824a697594134c029ef771d,delivered,2018-06-07 21:12:49,2018-06-07 21:36:25,2018-06-08 09:49:00,2018-06-10 19:08:51,2018-06-25 00:00:00
0a02d8b1995030c91c63add1acba1fb2,6091f333209123c861ccfb14f0816132,delivered,2017-05-27 13:48:50,2017-05-28 13:55:15,2017-05-29 15:43:21,2017-05-30 09:34:03,2017-06-09 00:00:00
051c701261744807b2535ab976842f7e,fc081ae245389c9660e0fdc15c33a804,delivered,2018-07-08 14:18:22,2018-07-08 14:30:11,2018-07-10 16:28:00,2018-07-11 21:51:32,2018-07-19 00:00:00
04b9b5e585a9c4f0a8e54706eb6dca47,2bc1edf09bf68e261314a5142481290c,delivered,2018-05-06 23:03:53,2018-05-08 19:52:57,2018-05-09 13:58:00,2018-05-11 20:32:51,2018-05-23 00:00:00
0b528dd823a72d145a342b30a202dfa2,1e693b1529d492f7e34a9ed0a166119a,delivered,2018-04-16 16:31:50,2018-04-16 16:53:38,2018-04-17 19:29:30,2018-04-24 17:49:03,2018-05-09 00:00:00
08f47d708b29e500be7ee1576343f2f9,ae8dce2bd3be3a25622d54adbaf92a27,delivered,2017-10-17 10:30:04,2017-10-18 03:14:39,2017-10-23 17:22:17,2017-10-26 18:41:54,2017-10-27 00:00:00
0afa4eb653f04cb1809253eb3b1f9768,78986fff122c92ab8aaa1724ba0c2782,delivered,2018-02-07 18:50:06,2018-02-07 19:10:12,2018-02-08 20:46:50,2018-02-22 21:23:15,2018-03-14 00:00:00
0438652a8cef245640be57b30610a4fb,31be8c287cde2933aefd80ec4b107011,delivered,2018-04-03 12:06:28,2018-04-05 02:28:25,2018-04-05 23:48:42,2018-04-16 22:03:06,2018-04-20 00:00:00
074fe9591f975471a7aad1d0d6ff6db0,105de8232447ebeb61ad4448d5549236,delivered,2017-08-31 00:46:38,2017-08-31 01:06:21,2017-08-31 16:23:27,2017-09-14 20:26:03,2017-09-22 00:00:00
0853e0536bc0b71240beedd97501bd7b,8fbbbfec010bde32cd194f99deed1d71,delivered,2018-07-15 07:05:30,2018-07-15 07:23:55,2018-07-19 09:14:00,2018-07-24 21:09:34,2018-08-16 00:00:00
0bcb4fff8fdbd415067a30c6694deb7a,f937e630bfeeb7660855a336440d9bcf,delivered,2018-08-13 11:24:57,2018-08-13 11:44:18,2018-08-24 13:50:00,2018-08-28 19:18:29,2018-09-11 00:00:00
02b9a87c19eb57b9ebaebb3a6850de9f,d339519755a16bc40e45c2491af7b918,delivered,2017-10-25 15:26:03,2017-10-25 15:46:00,2017-10-27 18:09:57,2017-11-06 23:26:20,2017-11-17 00:00:00
00f7c5b41250e0126ced62d612ff4711,3c5aa62fbe268c0beee7bf98386b421a,delivered,2018-01-11 10:30:03,2018-01-12 02:35:28,2018-01-16 00:24:47,2018-01-23 20:34:47,2018-02-14 00:00:00
086700af881b71e5ef67cfc7ecf4a7a9,ba6e05bfaabd015a16281dcc603a1152,delivered,2018-06-05 15:09:58,2018-06-07 02:55:12,2018-06-08 14:40:00,2018-06-15 19:52:21,2018-07-12 00:00:00
0450f2effaa0b03d5c7c5456338f48ff,55107bcafecb383c71aed2728382a3cb,delivered,2018-08-17 16:58:09,2018-08-17 17:30:08,2018-08-20 15:50:00,2018-08-27 17:48:22,2018-08-31 00:00:00
0c8813b39ba09cc6fadb5ce2c80671fb,476249756d8e4fae218d4f3b6af0026b,delivered,2018-03-30 09:14:04,2018-03-30 09:55:22,2018-04-04 19:12:30,2018-04-17 17:57:26,2018-04-18 00:00:00
0bd66289bf194ff3edb0841291f58da1,35a5f209fb977870cf57ca5564033679,delivered,2017-04-13 22:40:08,2017-04-13 22:50:21,2017-04-20 10:47:48,2017-04-28 09:16:15,2017-05-16 00:00:00
09fdca9b7c6771946a1cac89dd7e89a2,27283ca25c73e34079ac7f01091d5a43,delivered,2018-01-08 19:33:40,2018-01-08 19:48:18,2018-01-09 23:44:07,2018-01-18 08:48:43,2018-02-05 00:00:00
05b6dcf764ce18df76138d88dba0aa7d,3aa3ea759f5e05fa8a02c9eddfbeb090,delivered,2017-09-30 20:27:08,2017-10-03 06:34:06,2017-10-05 11:32:56,2017-10-17 22:08:18,2017-11-01 00:00:00
04d4e970b194babf5a7b70b11381f6ac,f6a61cd798bac1bb08e6317e766d9de6,delivered,2017-12-28 13:05:53,2017-12-28 13:13:31,2018-01-02 18:22:44,2018-01-05 23:34:26,2018-01-17 00:00:00
03abe0f86b91213bd62793ca180b232d,badd985462c8b012533248eef2b4bd86,delivered,2018-07-09 22:03:53,2018-07-09 22:15:17,2018-07-10 10:15:00,2018-07-31 11:28:45,2018-08-03 00:00:00
00a250dbdb3153cc6ecf4d3f07ef6a17,ccff27cfcda46bdff5e51b6e6711a85c,delivered,2017-12-10 18:07:24,2017-12-10 18:15:33,2017-12-12 21:07:48,2017-12-14 17:47:58,2017-12-29 00:00:00
00e7ee1b050b8499577073aeb2a297a1,06b8999e2fba1a1fbc88172c00ba8bc7,delivered,2017-05-16 15:05:35,2017-05-16 15:22:12,2017-05-23 10:47:57,2017-05-25 10:35:35,2017-06-05 00:00:00
0119e98feb97441cb456c010c25b04ff,cfa9e5ae05a54e058846a30a2c288118,delivered,2018-01-22 11:52:53,2018-01-22 14:54:20,2018-01-24 22:33:51,2018-01-31 16:34:50,2018-02-21 00:00:00
06c0d448cbbe294852cab1310c63ab3b,d854153b7476df74f10bda5c56d37413,delivered,2018-04-22 20:19:12,2018-04-24 18:48:32,2018-04-23 23:04:46,2018-04-25 19:52:40,2018-05-14 00:00:00
004d76fef3dd46eb4f70da049c8d1f93,e600c255f682a86dfd0c57d3b1d7417b,delivered,2017-12-20 06:42:39,2017-12-20 11:10:33,2017-12-21 21:26:54,2017-12-26 20:52:29,2018-01-15 00:00:00
072577283d9ec2718f05c37d141d65de,93e5e053fee7863481445ab2f577c8d4,delivered,2017-09-22 09:01:26,2017-09-22 09:10:23,2017-09-25 21:52:52,2017-10-03 20:26:53,2017-10-09 00:00:00
0549a140f31f96d7cafd46b91d604c06,c798702c7aeaca1e47c10e45742b5c02,delivered,2018-05-06 21:44:22,2018-05-07 10:11:18,2018-05-07 10:40:00,2018-05-14 17:12:01,2018-05-24 00:00:00
0588a3721b3d0a1f0b549fb84fd9cf10,7ba8828b204ff74e292e6a82f84415de,delivered,2017-12-23 18:27:54,2017-12-23 19:31:02,2017-12-26 16:58:22,2017-12-29 15:58:25,2018-01-22 00:00:00
0ab4790a52443a30df72f298b03077db,6cdcd721d17f36e52099be0d2a99e25b,delivered,2017-08-02 07:26:53,2017-08-02 07:35:18,2017-08-04 18:28:55,2017-08-07 16:07:45,2017-08-15 00:00:00
0347673d14e454a696bca6aebe61f23e,f1d2dccf40e047efb9b678cde4a123cc,delivered,2017-11-27 14:54:37,2017-11-27 15:18:03,2017-12-06 13:54:51,2017-12-22 12:27:00,2017-12-19 00:00:00
03368cf33950e57f7da415d43f792e0d,8399f53660e61c830a30beaf52472f10,delivered,2018-06-26 09:15:20,2018-06-27 08:11:52,2018-06-27 11:46:00,2018-07-04 12:19:36,2018-07-31 00:00:00
02f8584bbcb3aeae87d8e697737fb5b1,dd19811f111cf44a0e3d97b617373301,delivered,2018-06-11 17:29:39,2018-06-11 17:59:58,2018-06-12 14:01:00,2018-06-13 21:50:49,2018-07-12 00:00:00
07dee0f0916a444098de4beea749c5e5,f4b583877f26ed2e5eb4f1a1d9369695,delivered,2018-02-02 13:58:20,2018-02-05 11:30:03,2018-02-05 22:53:18,2018-02-19 23:04:25,2018-02-26 00:00:00
0654ec8b2a748a63a67ea1e763857357,0ddec1e0f5e5fcc429b215af8b967b33,delivered,2017-10-26 06:25:01,2017-10-26 06:35:20,2017-10-26 19:18:13,2017-10-30 17:55:50,2017-11-08 00:00:00
05bc33363c34f9c8172bd111029be2e1,af550b25195546a8ed88b2b89b1d0fa3,delivered,2017-08-06 18:21:31,2017-08-06 18:35:11,2017-08-07 15:12:28,2017-08-11 21:00:02,2017-09-05 00:00:00
0468a84e6df93886189d80fce46bbfee,f3084e580643e82bf08226815a75608b,delivered,2017-03-20 20:21:14,2017-03-20 20:21:14,2017-03-22 08:24:17,2017-04-05 09:48:08,2017-04-24 00:00:00
050a64172dd384db4597d5f3bdcf2137,db85776d3a2c4b18bb7b7eb0ee0cd3fc,shipped,2017-12-11 09:58:07,2017-12-11 10:11:02,2017-12-15 21:42:29,,2018-01-09 00:00:00
014e36af18c280a94d880a16b2f00713,0523cd19f27a70bda29f2efb68a2db10,delivered,2017-11-01 18:14:32,2017-11-02 02:35:56,2017-11-03 19:14:58,2017-11-09 20:18:46,2017-11-23 00:00:00
02c05171c3cd91c2cdce7e0f861c9a9d,c8b08d1441e0f47d9190771f10ed8c58,delivered,2017-12-22 13:13:20,2017-12-23 02:15:37,2017-12-27 17:18:18,2018-01-03 16:57:22,2018-01-18 00:00:00
087e4c8f6ced94c453d434e9b2490e69,37075c62d22a087a6fbb30b8c6abcff3,delivered,2018-03-08 09:29:43,2018-03-09 02:15:47,2018-03-10 01:27:46,2018-03-21 18:38:52,2018-04-12 00:00:00
0922de4af18de92fdca6fed66b34b66f,35ad814595f534fe564bec2692ae47be,delivered,2017-03-20 15:58:31,2017-03-20 15:58:31,2017-03-21 10:37:03,2017-03-27 14:05:45,2017-04-10 00:00:00
0115abf6b892040abfdd5bdfcb6b2c51,55e24d33ade77f949c22b6e008801c15,delivered,2017-04-20 12:32:37,2017-04-21 05:10:46,2017-04-26 19:15:29,2017-05-15 11:51:50,2017-05-10 00:00:00
03c16ffcf7b8792fa870d8cd7abc4b7f,87976cbdc669a9bb8ebf166b3c2175b6,delivered,2018-04-25 14:57:23,2018-04-25 15:12:17,2018-04-26 17:02:00,2018-04-27 21:12:40,2018-05-04 00:00:00
0a9ce4ac2d44f45f52feb4747f238d5d,99ca20e7ddaa6079cc0399bb88d3513a,delivered,2018-05-15 17:38:49,2018-05-15 17:54:34,2018-05-16 12:19:00,2018-05-25 20:53:40,2018-06-07 00:00:00
04ab36803e2945bace40db80eaa54bc4,9ced49d0bd7708f54703e002aeb7a77b,delivered,2017-10-10 17:58:51,2017-10-10 18:07:56,2017-10-11 19:37:15,2017-10-26 18:22:27,2017-11-01 00:00:00
0960eb7bc90d80c2f02eddc17c25ee2f,0daa7bd937255d73f48e190e51151a17,delivered,2017-10-05 10:40:02,2017-10-06 10:42:22,2017-10-07 11:56:58,2017-10-27 19:22:05,2017-11-13 00:00:00
0397de68fce44f5cdd948f2a5e83862b,049a364f58c2436196be4378cf9b2ff0,delivered,2018-08-15 17:44:29,2018-08-15 17:55:15,2018-08-16 15:26:00,2018-08-21 22:28:33,2018-08-30 00:00:00
0232512713ff84ce6ae5c96971894149,dd697a2e78207fa7b19293cccfb33729,delivered,2018-03-25 11:20:56,2018-03-27 03:55:46,2018-04-10 18:26:48,2018-04-11 18:48:49,2018-04-23 00:00:00
0543af37e49147c9e0293a6d700917cb,e2983b42ccebca9712d4c730925f3ff9,delivered,2017-06-08 06:44:00,2017-06-08 06:55:07,2017-06-08 15:04:18,2017-06-09 16:29:28,2017-06-22 00:00:00
061eb3fa9ee22a8dc3c90060e5a637c9,2ec58f2c612ff2a103859e7615e10a52,delivered,2018-05-30 12:06:45,2018-05-30 12:29:37,2018-05-30 14:55:00,2018-06-12 17:34:28,2018-07-03 00:00:00
03edbc910db946c979e09e67eb6a0d9f,87fcd3ae8cefbde105ade8be91dbbe7b,delivered,2017-12-18 23:28:21,2017-12-20 07:17:58,2017-12-20 15:48:02,2017-12-26 13:38:48,2018-01-12 00:00:00
022d4b171a04520ca2113a48b6b61380,8d8eb67ed5fe4ecffcffd8cd9b5556cc,delivered,2018-06-01 11:54:07,2018-06-01 12:11:47,2018-06-07 13:24:00,2018-06-11 20:32:39,2018-07-04 00:00:00
057e837e50171189a915cb17d4621e9f,bb140a19f73d280bb0847886feab270c,delivered,2017-08-24 22:11:11,2017-08-25 03:05:52,2017-09-01 19:30:06,2017-09-19 14:42:35,2017-09-18 00:00:00
0080eebb288dba1857ccf048dfe6bdfe,6dc7d8b1ac961fe9d43edb6ecadd5f10,delivered,2017-08-11 17:43:46,2017-08-12 17:45:16,2017-08-15 15:52:35,2017-08-18 20:35:02,2017-09-06 00:00:00
0b888bf3da7f8e0586d742ecbff15fd0,0f655d5748dc588ce7b67646cd32fc34,delivered,2017-03-27 22:43:03,2017-03-27 22:55:11,2017-03-29 13:57:36,2017-04-06 14:42:48,2017-05-03 00:00:00
00a9536682ecb394a3794c1608200803,3d64d81cb7d22325994c3ef4ad93d2e0,delivered,2017-05-12 23:38:09,2017-05-12 23:50:08,2017-05-15 15:30:06,2017-05-22 16:47:58,2017-05-31 00:00:00
0693ed674763a4fc34e2c763c7fd25c2,33db03ccbfce5ccb029160ad2c1de78f,delivered,2017-07-03 23:28:14,2017-07-05 02:55:30,2017-07-05 16:19:41,2017-07-12 15:25:50,2017-07-25 00:00:00
0a6a4a209e43892afeacdecd8a5cfdff,7ea6a37458d0182bf02b1828d0bca04a,delivered,2017-10-17 21:05:02,2017-10-17 21:14:26,2017-10-18 20:48:38,2017-10-24 20:35:05,2017-11-08 00:00:00
068c0507e1af74b156beee1db2deed7a,d9983bf03f76f720635b689e1de6059c,shipped,2017-06-26 13:23:19,2017-06-26 13:35:10,2017-06-26 15:42:44,,2017-07-26 00:00:00
0acb20fb04c5f71d38da116f7b92ab63,aa4d5e529106b2c55313938226cd3f4e,delivered,2018-03-12 17:31:43,2018-03-12 18:09:30,2018-03-13 23:51:37,2018-03-15 17:54:56,2018-03-28 00:00:00
06ca6a54b34081bd1f5b84385021ac78,dd7fd70977bfc6a88921cf540c612bab,delivered,2017-10-27 11:30:51,2017-10-27 11:48:19,2017-10-30 19:52:10,2017-11-01 21:04:00,2017-11-09 00:00:00
043d31a14bff24ead2b38f6b84a10437,ee90025971e6786e93cda20b4ad8383b,delivered,2017-06-06 08:37:30,2017-06-06 08:50:09,2017-06-07 12:16:29,2017-06-09 11:18:36,2017-06-20 00:00:00
09b457f1152126535a2e7d4a3b73ff6f,63eba5144d1e863052f1b154a402b7bb,delivered,2018-01-02 16:17:41,2018-01-04 05:14:12,2018-01-04 22:44:04,2018-01-05 17:07:30,2018-01-18 00:00:00
0635e2196d30b3003d5381ca15cb3d87,27b08a44041d90a2f35e381a9db0d379,delivered,2018-05-03 14:37:40,2018-05-04 03:32:03,2018-05-04 11:51:00,2018-05-21 21:41:39,2018-06-05 00:00:00
058cb75116972074baa3c4e594d2a851,ae6fbbdb93a894dc2db14cb8e0414155,delivered,2018-01-05 15:39:27,2018-01-05 16:13:40,2018-01-08 18:07:47,2018-01-19 02:07:13,2018-02-09 00:00:00
04a2b4ee7fcf9fa8bf25b8d5bc770152,e09bddc2b1cb1ef0e2e4829e02303212,delivered,2018-06-05 22:45:09,2018-06-05 22:55:17,2018-06-06 11:05:00,2018-06-15 22:23:34,2018-07-12 00:00:00
062682155c454b125c630e1deebff4ea,0277e884f6fcd7d9610836744bc7e8a5,delivered,2018-04-24 07:56:26,2018-04-24 17:12:41,2018-04-24 18:34:54,2018-05-02 19:23:32,2018-05-14 00:00:00
0b09c5e4c2512f627190ac55a78c35a3,6ba83000cf8c24413916a7a72fcb5173,delivered,2018-04-30 19:31:32,2018-05-03 04:12:51,2018-05-03 13:18:00,2018-05-14 12:14:33,2018-05-24 00:00:00
068ef03abe39323450b52f486b34bf3d,b15ad935720cf5d5738638c5e7d852f3,delivered,2018-06-25 19:46:59,2018-06-25 20:17:35,2018-06-26 12:55:00,2018-06-28 17:05:04,2018-07-11 00:00:00
01cc71a8154340ae61126b5ee9b48fef,3cc3c3ea6a8bb392816f4c4bdf12c5a5,delivered,2018-06-06 21:06:18,2018-06-06 21:16:02,2018-06-08 12:09:00,2018-06-11 19:12:53,2018-07-03 00:00:00
093a45d40a2500243b0a609a2351ac5e,e1a045209a4b99f7eec4692093543fc8,delivered,2017-05-30 08:51:58,2017-05-30 09:02:50,2017-05-31 09:26:11,2017-06-09 12:48:33,2017-06-26 00:00:00
011a43bc9bb525517251ebb3ebc99b69,bc6123686b421b9084028c34499824c4,delivered,2018-04-25 18:15:05,2018-04-26 18:09:38,2018-04-27 15:10:00,2018-04-30 15:48:24,2018-05-09 00:00:00
089f9bfea8386f4b212e2145f7ad563b,2df9465dba13fc692e05390a8c4d1e18,delivered,2018-05-29 07:39:45,2018-05-29 07:55:24,2018-05-30 14:41:00,2018-06-01 16:38:48,2018-06-21 00:00:00
0aea5ed8df108f7cb387c099ddec65c2,a538ba874170048d43cc542f48007631,delivered,2018-02-04 18:00:32,2018-02-04 18:15:25,2018-02-06 17:28:33,2018-02-16 18:49:13,2018-03-07 00:00:00
08724b06f2204993989fa6c331dfa3d6,b39f78012ca3eac8a5c46e5817b1c5bf,delivered,2018-05-29 18:02:38,2018-05-30 14:16:41,2018-06-06 11:26:00,2018-06-11 17:12:12,2018-07-03 00:00:00
0c5af151e04733e8c7ba3c911a536f83,45a25642e5dcef7ef301d55048caa6fc,delivered,2017-06-12 11:17:28,2017-06-13 04:15:21,2017-06-16 13:03:34,2017-06-26 13:41:17,2017-07-05 00:00:00
07fda4bada645831fb11a20eaf52c2ef,6be2538210060931127d78f976f0708e,delivered,2017-12-18 18:43:26,2017-12-18 19:50:13,2017-12-19 22:57:05,2017-12-27 14:22:20,2018-01-10 00:00:00
0332002e367c17e6c4111ae2dd8a6aaf,6e790a587e88f8751cf58bd0f45d8e15,delivered,2018-03-08 20:06:30,2018-03-10 03:49:27,2018-03-19 22:17:38,2018-03-26 20:39:57,2018-04-11 00:00:00
05093c063b3e4c3b5f4ef831d7da7fd5,b8f6bcb3f73c07a92dc1a5c28184e073,delivered,2018-05-01 11:04:20,2018-05-01 11:36:03,2018-05-07 12:31:00,2018-05-21 11:26:39,2018-05-25 00:00:00
0641880e7059ec426c7e6f8ba1585bf7,8cb98e975263121ca88116b966bef81a,delivered,2018-08-11 16:14:09,2018-08-11 16:25:14,2018-08-13 16:02:00,2018-08-20 19:26:57,2018-08-23 00:00:00
07e5d726cba4eb976dc6c2db2ceae28f,5f92563bde007bfa821abb4fa663e0d4,delivered,2018-02-07 14:23:13,2018-02-07 14:32:09,2018-02-08 19:54:41,2018-02-27 18:52:34,2018-03-07 00:00:00
03f3b08f9da8df7604b68b2fd5999e9a,a7bae4e3c00ecd65443abee9eacf6614,shipped,2017-09-26 20:42:08,2017-09-26 20:56:20,2017-09-28 14:36:01,,2017-10-24 00:00:00
0654d38aef9f16500a4d8f635dde87f9,ad16e4d1da8efe9f51626cc703441dab,delivered,2018-04-05 17:05:05,2018-04-05 17:29:47,2018-04-06 21:50:21,2018-04-09 20:42:38,2018-04-17 00:00:00
0517f595d01e0c246ac759a754c6ca64,7e393e5538c26c13c74bb6fc603a59a8,delivered,2017-10-15 16:32:38,2017-10-15 17:08:39,2017-10-17 16:42:19,2017-10-25 18:00:04,2017-11-06 00:00:00
079f16689c29acb6cab92978e6af2137,8b6fcc7c89c9bbdd8e5e47e35fb13f53,delivered,2018-05-09 18:01:29,2018-05-09 18:15:13,2018-05-10 12:07:00,2018-05-26 16:54:30,2018-05-30 00:00:00
044e7b17d9488e54fc8417df5289f503,a3255cad9ee6596f7c31004ce0b769df,delivered,2018-04-18 17:36:24,2018-04-20 07:15:22,2018-04-20 23:05:30,2018-04-25 22:38:32,2018-05-16 00:00:00
09ea9ef172f36e86256bde78e5aadd66,0b3a8bc8ff126326a4c6bbc3a6cd8589,delivered,2017-12-06 12:49:00,2017-12-07 17:32:59,2017-12-08 20:03:47,2017-12-20 15:07:29,2018-01-11 00:00:00
09b9b2b8758ca1fd4a9bcd3f2af6fb10,4df51d3db5710b8e9f26958d04065d67,delivered,2017-11-09 20:16:38,2017-11-10 20:30:27,2017-11-14 14:24:50,2017-11-28 16:23:34,2017-12-05 00:00:00
07df89d2b7c5f2d12c3eb2a3ebbe66af,2c44ad3fbb48ae0365b9479459d7fd86,delivered,2018-05-05 22:53:18,2018-05-05 23:10:34,2018-05-07 15:22:00,2018-05-11 00:21:45,2018-05-21 00:00:00
0aaf52291c13507e7fe4f565f079ad9a,97324b134a7e75d33decb2a65d637343,delivered,2017-01-24 08:52:34,2017-01-24 09:02:02,2017-01-26 16:01:51,2017-01-30 18:36:07,2017-03-03 00:00:00
09245c021d29cc570d8d5ca0aefd0f22,979c7ddcdcad9c14ec457b91c223d5b5,delivered,2017-11-26 22:06:07,2017-11-27 11:36:27,2017-11-30 19:18:02,2017-12-03 18:52:12,2017-12-15 00:00:00
08cede37de35a7af6d659a2ea4b17707,e422d6c59e0b0b1c22fe8c94835ab2fb,delivered,2017-07-07 21:59:57,2017-07-07 22:43:21,2017-07-11 17:17:30,2017-07-17 19:13:55,2017-07-27 00:00:00
02875e2e1d01d7a1533215fb97510b06,9f64e91e123214007c18425d4a0be8db,delivered,2017-08-25 11:16:05,2017-08-26 02:24:28,2017-08-29 19:06:13,2017-08-30 14:04:26,2017-09-08 00:00:00
07320b1c77905dc3d2e11126b143221e,29804f2de3a78c4414c64beea37d2809,delivered,2017-07-17 12:39:23,2017-07-17 12:50:09,2017-07-17 20:07:39,2017-07-26 00:57:53,2017-08-16 00:00:00
054f63d52e4bcfceaf9cae8637863c82,7ed971d777a1a449bcca5e0b8c8c0e4e,delivered,2017-11-26 22:56:45,2017-11-26 23:13:14,2017-11-27 18:13:27,2017-12-07 10:10:38,2017-12-15 00:00:00
084eed5f31d7cd5291671a544852e5d4,48111b4f13158bb022862d3f307840bd,delivered,2017-09-28 18:59:53,2017-09-28 19:14:11,2017-10-04 18:53:12,2017-10-16 21:08:07,2017-10-27 00:00:00
0b895f68e42306770949736e0210d0cb,15bcef2f4475d08acbbe0daacdeb7f46,delivered,2018-06-07 15:06:07,2018-06-07 15:39:53,2018-06-08 14:26:00,2018-06-11 15:52:25,2018-06-25 00:00:00
0b5bc52b360d662aac171cf7ae46f187,c12fcf45432897dd8cb4c7f5455ef05a,delivered,2018-08-07 20:31:03,2018-08-09 03:45:11,2018-08-09 13:32:00,2018-08-10 13:28:31,2018-08-14 00:00:00
0a7f4604ee9cab65020038275efe1d76,f1f47119f889031980d7fad6a0b0c62f,canceled,2018-07-08 18:44:18,2018-07-10 04:35:13,,,2018-07-27 00:00:00
0735913c4b3a961b5988041799a7543e,4d69d33edb867a842ef0541c0b054a3c,delivered,2018-03-01 18:41:05,2018-03-01 18:50:26,2018-03-07 16:58:43,2018-03-08 18:18:59,2018-03-13 00:00:00
01e4121d4b2dcfb2ba6b8f367652aee8,da76db45bad3e7725c88825007a1f3b0,delivered,2017-10-30 10:41:13,2017-10-30 11:09:50,2017-10-31 21:49:58,2017-11-03 14:23:00,2017-11-17 00:00:00
0b5a860df8a893e7020960b28cd67196,c08966d4afbdb8bea76adb8fbf221ceb,delivered,2018-08-23 00:09:30,2018-08-23 00:24:30,2018-08-23 11:28:00,2018-08-24 11:51:28,2018-08-28 00:00:00
0c9ac816534df0e690f513c30e944475,0d874ad5018bc2c80f0c916203e328be,delivered,2018-04-01 20:06:55,2018-04-01 20:15:27,2018-04-03 11:58:51,2018-04-13 16:11:53,2018-04-23 00:00:00
067f9d27ecdd6f2af735e17be1b064ea,97a2a07a99382bbf7e4242fb9282c7c3,delivered,2018-02-25 14:11:00,2018-02-25 14:28:07,2018-02-27 19:10:23,2018-03-08 10:33:31,2018-03-19 00:00:00
08ac0336730e831f16eeadf576564ff3,ede24a3cfbf8a9ae0f78446e9fd877fa,delivered,2018-07-31 11:36:54,2018-07-31 12:31:26,2018-08-01 09:32:00,2018-08-03 18:58:53,2018-08-22 00:00:00
07b8c9805a09c2feacc0864c00ec244e,7caf08a38e40462c6a40a6d9bfb27e59,delivered,2017-09-04 15:27:05,2017-09-05 07:05:15,2017-09-08 12:40:16,2017-09-14 19:11:47,2017-09-21 00:00:00
00b402e8a76d3da83714c52d3977cc2d,ffca23943c4b620ea24812018373fa3f,delivered,2018-01-01 18:03:43,2018-01-01 18:11:33,2018-01-03 19:52:24,2018-01-19 12:08:06,2018-01-31 00:00:00
0baaa859b7ff0b4d1f674a1d5c3049f3,397923ee893a17a79703c3d8cff22911,delivered,2018-05-31 21:25:00,2018-05-31 21:52:34,2018-06-01 12:50:00,2018-06-11 13:21:40,2018-07-13 00:00:00
0a54256bfd2401d553f81d8e37e5305d,11af45ad3e989cec1c7b9c677d8ec713,delivered,2018-08-14 20:37:26,2018-08-14 20:50:23,2018-08-16 12:37:00,2018-08-27 18:12:39,2018-09-14 00:00:00
04ebaf1d65a804a49b4b1011467aaf47,0a71f8c6192e87a6cd6615bb9313d888,delivered,2017-11-24 09:37:11,2017-11-24 10:59:04,2017-11-29 21:32:24,2017-12-07 17:31:59,2017-12-14 00:00:00
0bbd832750aad342a252f529cb93d020,2705056da3a066ec8aaf06afef7b75b9,delivered,2018-03-08 18:12:16,2018-03-08 18:29:50,2018-03-09 20:18:46,2018-03-21 22:02:18,2018-03-20 00:00:00
0ab83b3fdbca202530950e8f1896412a,244ee0a895eedc35629c2f83bef22176,delivered,2017-05-17 10:25:44,2017-05-17 10:45:20,2017-05-18 14:18:54,2017-05-23 11:53:45,2017-06-19 00:00:00
04c83c77d062fd72d8f1ebb7f9c1a1a3,8dccd2feedff135e90d86b8abf865b1f,delivered,2018-01-14 11:56:35,2018-01-14 12:09:08,2018-01-19 01:09:32,2018-01-22 19:56:48,2018-02-06 00:00:00
0a2de98201596f294c0d11b01a0100a7,d66257ac03cd3b43b15b41b8bc1db3b5,delivered,2018-05-21 07:25:46,2018-05-21 07:51:06,2018-05-21 12:57:00,2018-06-08 16:14:40,2018-06-14 00:00:00
0176e50f3853fa068127afa3daff6402,20899a98f69e29ac34d852719a64f431,delivered,2017-12-14 16:45:18,2017-12-14 16:54:49,2017-12-15 17:31:46,2017-12-29 15:53:03,2018-01-19 00:00:00
0b768de519ebcf7df252618626554733,20aac2061bcd04913c310d5488bebde0,delivered,2017-02-28 19:07:02,2017-02-28 19:20:16,2017-03-01 14:54:12,2017-03-09 13:14:53,2017-03-22 00:00:00
07b76b6fdc57b96ed6406457e05ddecb,fb80123043747e0c9ba35ff7e48005b6,delivered,2017-08-03 11:47:07,2017-08-04 07:10:07,2017-08-04 18:27:38,2017-08-10 15:22:30,2017-08-17 00:00:00
0ae17ad341b336248ad884272d8c1c93,0987ed023b037114d6e4e6744f2152bf,delivered,2017-09-01 21:52:16,2017-09-01 22:25:36,2017-09-07 00:23:50,2017-09-20 10:16:07,2017-10-02 00:00:00
02fafd9313d5274736b9740f23006a8d,886518f246372db5ea23a9b6b8852d8c,delivered,2017-11-19 02:23:45,2017-11-19 04:21:51,2017-11-21 22:43:40,2017-11-29 20:23:09,2017-12-14 00:00:00
011b8dd4f8c36fd4fcf50643ce91d58a,1477ef68b5dbf1417fead5a9814cf047,delivered,2017-07-07 22:00:51,2017-07-08 22:05:30,2017-08-01 13:17:35,2017-08-04 20:57:27,2017-08-14 00:00:00
01c4766d43d50d892132f7bb04d97300,570f691879071b176cf72fd133287711,delivered,2018-03-22 23:11:17,2018-03-22 23:27:34,2018-03-26 20:31:27,2018-04-04 20:52:56,2018-04-19 00:00:00
0c78080d6694709647442e7efb1d2a5e,027b997d6d188683680b85d8395c6a9a,delivered,2017-10-19 11:56:16,2017-10-19 12:56:47,2017-10-23 21:59:01,2017-10-27 19:43:45,2017-11-08 00:00:00
069370014d6465fb28770cd9449402c5,7e0e83d690e02b4ca1eeb1bb4386a304,delivered,2017-11-21 20:32:21,2017-11-21 20:39:33,2017-11-27 22:04:13,2017-12-22 18:33:47,2017-12-14 00:00:00
00ac05fe0fc047c54418098eb64e3aaa,8935036852a292fe1f61a03c7d51831d,delivered,2018-02-18 14:19:55,2018-02-18 14:30:55,2018-02-21 10:12:12,2018-03-02 15:03:16,2018-03-16 00:00:00
02ef9aa8b6692c2ff049065f5a150c28,d5ef4d5c3a1c273a23a77f366fae4ec5,delivered,2018-08-01 11:42:44,2018-08-01 13:00:21,2018-08-03 15:03:00,2018-08-07 19:38:32,2018-08-20 00:00:00
011080783e02d05b26c8c158b3653a42,7e1d6ae9c77f1010a374656024661408,delivered,2018-06-14 15:22:53,2018-06-14 15:38:55,2018-06-18 16:18:00,2018-06-22 23:36:29,2018-07-13 00:00:00
0c4a286213e6b3657aa94773d386a229,082494e1ad97fbe3fd2efb729b24e252,delivered,2018-03-20 13:43:33,2018-03-21 13:47:46,2018-03-23 15:02:20,2018-03-29 21:06:18,2018-04-06 00:00:00
096375c5433ecff9fd971ca2bdd40f1b,0639f89df53967e960faa234c3235d1f,delivered,2018-08-02 21:43:54,2018-08-02 22:15:30,2018-08-06 16:39:00,2018-08-14 17:14:47,2018-08-23 00:00:00
0974bbaa486709066c644587a5cb6623,a4ebd6f335462d496189929f5f84b64c,delivered,2018-03-27 21:20:40,2018-03-28 02:35:30,2018-04-02 10:03:32,2018-04-05 15:48:48,2018-04-13 00:00:00
029f7a5aabaadfcdfe8c0eddb59a1069,745fc498c9bb2df2194e737485a1afa9,delivered,2018-03-05 16:08:35,2018-03-05 16:29:19,2018-03-07 20:33:05,2018-03-08 12:32:08,2018-03-15 00:00:00
0a42de5dfb223e924d95bccacc00fc78,430a3322d71564ee0afcb1a54dce87c5,delivered,2017-07-13 18:08:21,2017-07-13 18:24:19,2017-07-14 19:26:14,2017-07-28 15:10:28,2017-08-16 00:00:00
051d3d717e96b76b07fc9076b88d671f,207dcd5dba3bdbe35232e736b4cdf538,delivered,2018-01-25 14:00:11,2018-01-26 03:18:35,2018-01-29 19:19:21,2018-02-02 00:07:12,2018-02-09 00:00:00
043d2e177e6762a2a1d029db6338d84e,196d61c804eddccab4441e7a7cc781e8,delivered,2018-05-17 16:37:58,2018-05-18 00:38:46,2018-05-18 14:43:00,2018-05-30 16:03:40,2018-06-05 00:00:00
0aed18a03ea2ccdb5981aea3524b304d,186d5e15485ff2afa04f02bd00aee4a4,delivered,2017-09-08 12:16:48,2017-09-12 04:55:21,2017-09-13 22:23:41,2017-09-23 01:23:34,2017-10-03 00:00:00
0b4bb296de7b6b5d24103fdd585b1241,a3a2563c24eca97f2b5cf885c2d8ae3d,delivered,2018-02-12 00:12:51,2018-02-12 00:28:36,2018-02-16 17:14:05,2018-02-23 17:59:26,2018-03-06 00:00:00
014bd8ca0827935402ac39f2751b2fcd,9fa56e6eb804eb7f8c2d80a133c84546,delivered,2018-05-09 12:47:39,2018-05-09 13:11:00,2018-05-11 13:44:00,2018-05-16 19:30:55,2018-05-28 00:00:00
01ba82170ebb683c73793bb809bbf1b9,ca8e595c4c2e4a55fa75a41d5bf08382,delivered,2018-02-06 15:08:30,2018-02-06 16:11:35,2018-02-22 16:26:55,2018-02-23 19:58:35,2018-03-13 00:00:00
0337e9398b087d93f41230ceb2410b50,deeec2dbc5ec2ebede3686654f7e82f0,delivered,2018-04-21 16:51:57,2018-04-24 19:24:47,2018-04-23 18:33:05,2018-04-27 19:26:40,2018-05-24 00:00:00
0cd266ef44ad3b8afcae07e465edecc9,a9c72d599d0b287d14619bd65721ed70,delivered,2017-06-05 02:22:27,2017-06-05 02:30:06,2017-06-05 15:10:09,2017-06-13 11:52:31,2017-06-30 00:00:00
03f0acea43a6fd52d268e13d9ce98fbe,eb5baf59fc0b7b2fff7415b0bd185e61,invoiced,2018-03-15 14:36:56,2018-03-15 14:55:37,,,2018-04-10 00:00:00
04a964d023c9a995e1dea573959fad67,8c2c80b3c71d4aab125e0b8b1f8c36a4,delivered,2017-03-06 13:59:02,2017-03-06 14:05:18,2017-03-13 08:45:55,2017-03-16 12:44:40,2017-03-27 00:00:00
070162e1ae6ad420c0766af516a31a5b,e1fa3e11507423349f9e0833b9698b2e,delivered,2018-06-21 17:43:57,2018-06-21 18:21:06,2018-06-22 14:29:00,2018-06-28 20:57:30,2018-07-23 00:00:00
0bcc4cc85c24f23e22013fd22f99728f,4d42435d173517c3f79098cee92ea787,delivered,2017-12-05 13:43:47,2017-12-05 13:53:52,2017-12-08 19:42:30,2017-12-20 20:52:05,2018-01-05 00:00:00
07fa03f414c1129ccd4a8fb44f441f13,e243c79f3576689f3104a8a305d5111f,delivered,2018-01-25 23:16:38,2018-01-25 23:35:28,2018-01-26 14:22:12,2018-02-01 21:53:37,2018-02-21 00:00:00
0a383b731ceafec6fe7047720b1ea52e,acf93fbd81965a5131b63e3681954539,delivered,2018-01-03 20:56:22,2018-01-05 02:35:13,2018-01-05 17:45:12,2018-01-23 16:09:15,2018-01-31 00:00:00
0a06eca1c0bfc49a968e40cdd506297f,c9699958c6d39f1ec7c42b06629dbd5d,delivered,2018-03-01 11:53:45,2018-03-01 12:10:22,2018-03-01 23:13:05,2018-03-12 19:31:14,2018-03-28 00:00:00
03f4fbe820830f14931ffa4631cb0912,032a4f800b7a9732de3c85e44f672d37,delivered,2018-01-25 10:02:22,2018-01-26 03:18:38,2018-01-30 00:41:31,2018-02-05 22:04:57,2018-02-20 00:00:00
0b9c8acf14e3553395cf435472988a1b,ed06079dced62dbfd744b48a2dd8e789,delivered,2017-09-06 16:35:32,2017-09-06 16:50:16,2017-09-06 23:03:16,2017-09-13 19:38:01,2017-09-27 00:00:00
0261eac8b7b097ab1e28579b69e6ea90,fd4e6dc2e2ca0393ac80b6a2d6001179,delivered,2018-06-25 16:32:49,2018-06-25 18:14:44,2018-06-26 09:54:00,2018-06-28 16:46:40,2018-07-23 00:00:00
09b38400b1601bc9dea9de02c710857f,9ed06342197fde512695b88ef49400c2,delivered,2017-01-17 13:23:49,2017-01-18 02:10:39,2017-01-20 07:13:45,2017-01-27 12:09:44,2017-03-06 00:00:00
00f98eaeddb9debc8df8cb27e08216d4,f6d650f5127f08c4ed7c4f596c0f9cb5,delivered,2017-10-18 17:40:28,2017-10-20 02:56:27,2017-10-20 20:32:02,2017-10-23 16:32:44,2017-10-30 00:00:00
06bb67936cfa5ac3f449e4f6733de4b1,ebfeafbe3a7a9bd5247da19ab28eae2f,delivered,2018-06-10 17:36:44,2018-06-10 18:57:19,2018-06-11 15:47:00,2018-06-18 14:26:51,2018-07-16 00:00:00
07723291efda5721921a779f58cd3946,ced7ee0cea0aa9e44efcd8accccb28ea,delivered,2018-02-17 09:47:32,2018-02-17 10:07:04,2018-02-21 21:47:13,2018-03-08 23:05:29,2018-03-13 00:00:00
060c88a63c83f2dfaeea611cc18edefd,6a0635195b073ff200c9900416b8a99f,delivered,2018-07-09 14:59:01,2018-07-09 15:15:09,2018-07-10 08:33:00,2018-07-20 16:51:35,2018-07-27 00:00:00
004fb5e6f90a178dc74ad2b016649249,176a76443d14508cc976f1d84a44921d,delivered,2017-06-11 09:46:11,2017-06-11 10:02:38,2017-06-12 15:45:00,2017-06-16 16:27:55,2017-07-03 00:00:00
0cadc06392b4f42042d688c35d6a1c16,a68c6b39ceff533ed6d5fc3a811880d9,delivered,2018-02-25 08:15:36,2018-02-25 09:00:28,2018-03-14 00:18:33,2018-03-23 23:18:29,2018-03-19 00:00:00
05b57f5540e48c853b6235bf8ff10e20,aa87229699521e365116cfc6061b315d,shipped,2018-04-11 23:59:44,2018-04-13 13:15:30,2018-04-13 21:48:36,,2018-05-04 00:00:00
071deb193a4682621c819936d21ae127,1a8888071e09b829402055ca2a4197cf,delivered,2017-11-21 13:22:00,2017-11-23 02:52:36,2017-11-23 17:13:38,2017-11-27 13:43:32,2017-12-11 00:00:00
03b5e0da68374e8ac08cd539d0559cfe,b8df33fe835f1614dff9140bba7ec8fe,delivered,2018-04-02 20:53:01,2018-04-03 05:28:23,2018-04-04 03:05:48,2018-04-06 19:49:37,2018-04-23 00:00:00
0b93ee12012954d6b2a2c9a69ce4fd24,229765fae12044b31cc0dd891f42d19d,delivered,2018-01-15 10:45:12,2018-01-15 10:57:22,2018-01-15 21:09:43,2018-01-25 16:41:55,2018-02-14 00:00:00
04b7151492b049661380a47e0449f9b6,f71f7e5f75fe51d4524114bc3777db35,delivered,2018-07-02 20:06:25,2018-07-05 16:03:57,2018-07-04 11:24:00,2018-07-10 14:58:33,2018-07-31 00:00:00
0035246a40f520710769010f752e7507,4bcf2ad7ccc061c13ff360aae5b7abcd,delivered,2017-08-17 00:57:23,2017-08-17 01:25:39,2017-08-22 15:33:53,2017-08-28 19:14:03,2017-09-06 00:00:00
04bef466ed85bb9eca9a6165d765574c,043e4ab7fb6ce15a641ee24c596a1e4e,delivered,2018-01-22 22:22:59,2018-01-22 22:33:19,2018-01-24 18:21:34,2018-02-23 18:28:54,2018-02-22 00:00:00
008d9bf350ff02ed444b3452cf3f57e0,84f30d2805ae1bddbe5deefc84c80cd0,delivered,2018-06-04 08:57:02,2018-06-04 09:11:48,2018-06-04 12:19:00,2018-06-13 19:24:52,2018-07-11 00:00:00
0606297cba03ae6663495514f5bdae0d,1dfdfd9d483bb80b1694e927fe6a8fa1,delivered,2017-11-25 14:19:32,2017-11-25 14:32:50,2017-11-27 20:54:39,2017-12-15 18:07:08,2017-12-20 00:00:00
00169e31ef4b29deaae414f9a5e95929,efb3830adb68fb8a89c948774388ec28,delivered,2018-01-16 09:26:39,2018-01-17 03:35:47,2018-01-17 16:46:04,2018-01-23 20:19:04,2018-02-07 00:00:00
05232fb1e414a006d6713c23f5cde5f5,bcff000958a18b5cf3eca5da492cafb4,delivered,2017-12-05 23:46:28,2017-12-05 23:57:33,2017-12-07 20:08:46,2017-12-21 01:08:49,2018-01-05 00:00:00
07144524b0b12343da7f0e7227dcb28d,d1ce617712697f57e7b0d079759b9bd9,delivered,2017-12-11 13:49:08,2017-12-12 04:09:40,2017-12-12 19:57:12,2017-12-19 18:28:31,2018-01-09 00:00:00
0cc61cbbb97b708ac85f95f24e7e4439,4ca7133216f9b31f80221af0636877b3,delivered,2018-08-03 13:51:04,2018-08-03 14:05:13,2018-08-09 14:03:00,2018-08-17 17:07:33,2018-08-21 00:00:00
063929a628206b3f69eaaa2e003ca695,38f9acc05b467543eb2ab4536729e1d2,delivered,2017-12-02 17:15:54,2017-12-02 17:38:18,2017-12-06 21:41:49,2017-12-12 15:35:08,2017-12-29 00:00:00
089896265e5395ee8335f9f417a7f6c0,b76858182a9cd7f6c1ba482c53fdd2ee,delivered,2018-05-30 16:15:51,2018-06-01 18:35:21,2018-06-11 14:33:00,2018-06-18 23:22:29,2018-07-12 00:00:00
09c8e8de8792915ab68564b4420f246f,b0046bc2fbf6c21b9d50c60db587ca77,delivered,2018-08-22 09:31:42,2018-08-24 03:25:28,2018-08-24 14:31:00,2018-08-29 20:18:48,2018-09-12 00:00:00
03bd6f7b95588e476cdef4abb2cfdd0d,2b161f95dccf57831d2e8ce51af38d19,delivered,2018-07-31 11:00:08,2018-07-31 11:10:21,2018-08-01 16:08:00,2018-08-02 13:51:53,2018-08-03 00:00:00
01d1bb79f3dee77d8a6809aff0025590,211c5e59e4228e0ea780f1ab02f3029b,delivered,2018-08-15 23:28:39,2018-08-15 23:43:59,2018-08-16 14:31:00,2018-08-21 10:52:46,2018-08-28 00:00:00
0918b01313c67da779fa4b5356537024,adc023c7dd5c234ef7e6c817a678c3ef,delivered,2018-04-11 10:46:53,2018-04-11 11:10:25,2018-04-12 17:06:11,2018-04-23 14:21:32,2018-05-10 00:00:00
032cf75b6991a44f9583d652730066d9,d3f73e9f703dd22bee2dd83ed43c60b9,delivered,2017-09-28 15:05:17,2017-09-30 02:28:20,2017-10-04 16:44:29,2017-10-06 17:50:12,2017-10-16 00:00:00
00d88c00221ce96a1cfcaca9f2fceb3b,2726ee187e4908c9683ac2a8a0424af1,delivered,2018-03-06 23:02:01,2018-03-06 23:15:29,2018-03-08 20:50:34,2018-03-28 15:49:01,2018-03-28 00:00:00
0097aafe2a01dd54e39888976160c377,6e6943d8c4822ead782b17d532e6ee63,delivered,2018-08-23 14:41:37,2018-08-25 02:35:10,2018-08-27 14:49:00,2018-08-28 15:58:56,2018-08-29 00:00:00
0617fd3db51fa6cbebde41b9bd34b406,c859e1f9641a31e71020f8be665daaea,delivered,2018-05-28 14:03:52,2018-05-28 14:15:16,2018-05-28 18:29:00,2018-06-15 19:04:04,2018-07-04 00:00:00
0a308be0b454b3664e06318c9bd6a5be,68914b86fecc505772fc79427f0cbb29,delivered,2017-02-28 22:12:55,2017-02-28 22:25:09,2017-03-02 10:35:13,2017-03-16 13:42:06,2017-04-07 00:00:00
08597f2b3cec1c223f1b7950bda0a9fc,f9838c605267c6c32feb7159929c2200,delivered,2017-10-23 13:31:12,2017-10-23 13:49:23,2017-10-27 20:18:30,2017-11-01 23:37:32,2017-11-13 00:00:00
093fb737d1bbfe9d3794b96acf28d546,d2c602b2c49567d1e76cdf168ae8a5d1,delivered,2017-05-08 13:13:38,2017-05-08 13:25:25,2017-05-09 11:19:32,2017-05-16 14:28:08,2017-05-31 00:00:00
078631b9a61981e46492905d792730c2,ff8bbdad408a29736ad4e73dd740f896,delivered,2018-01-29 12:54:22,2018-01-30 03:47:30,2018-01-31 17:43:12,2018-02-20 20:43:23,2018-03-06 00:00:00
07b4f186d84795c78fcd70a18b36c256,1241066fe4eb287cb32cc128d0c4af4a,delivered,2018-08-09 11:51:59,2018-08-10 03:24:52,2018-08-15 14:18:00,2018-08-23 22:22:41,2018-09-05 00:00:00
086fbd1d738c8b0bf972f0757bc57e9c,f564b9f9bbf621efb4ef205c439ab559,delivered,2018-01-15 11:54:26,2018-01-15 12:38:20,2018-01-16 11:09:03,2018-01-31 15:29:01,2018-02-08 00:00:00
06bcb1eee2b6edb6351525274d3246f3,e5d9ce905a15cd4209143d34b655c8c6,delivered,2018-01-04 10:19:42,2018-01-04 10:29:26,2018-01-05 21:09:45,2018-01-12 13:16:00,2018-01-29 00:00:00
00137e170939bba5a3134e2386413108,7b63cba66b8e6d002e94d0990c1e2868,delivered,2017-11-24 16:50:38,2017-11-25 06:30:55,2017-11-28 19:43:52,2017-12-11 19:12:55,2017-12-18 00:00:00
061bf20146d98ef4698d0324dc4392db,f5b2fb69ba5496f0d6ca030ffebb5281,delivered,2018-05-16 14:36:43,2018-05-16 15:17:52,2018-05-17 11:43:00,2018-05-21 13:38:38,2018-06-06 00:00:00
0a6fa9e79a320b107d846fdf76af5901,b178f069929c1deb7236cea83a93a66e,delivered,2018-01-27 13:49:45,2018-01-27 13:58:27,2018-02-01 19:39:31,2018-02-26 17:23:08,2018-03-06 00:00:00
03a0133b4a72f7ca0affd3ecbc9b43f4,ddf3c179813ab0f0034e592d4e19e331,delivered,2018-01-21 16:29:15,2018-01-22 13:53:35,2018-01-23 11:48:43,2018-01-24 16:36:54,2018-02-06 00:00:00
08f77a9d173ce275845e91e81500838c,d06f29dd67e263d2bc2e00c2cac53025,delivered,2018-07-02 12:05:51,2018-07-02 12:15:11,2018-07-04 07:53:00,2018-07-05 13:38:48,2018-07-19 00:00:00
0bc22eca7935c1cba82382e57d3e5ce6,e240eff137fb7e448e220313021b903a,delivered,2017-04-28 13:05:27,2017-04-28 13:15:26,2017-05-02 16:13:46,2017-05-08 09:32:30,2017-05-24 00:00:00
01b6bbf0a9ac5d54dfebb11ddcd8fa8e,9318f7b29e978d7964af2bea8aecf18b,delivered,2017-06-25 22:18:02,2017-06-25 22:30:14,2017-06-27 12:57:41,2017-07-01 10:33:42,2017-07-14 00:00:00
076d0f6917a8b9325bd7de62ef6c8c73,593284b430f85ce2c670f5aa67bd5464,delivered,2018-08-23 14:33:11,2018-08-23 14:46:43,2018-08-27 16:06:00,2018-08-30 18:16:50,2018-09-04 00:00:00
031494323fa558eee8dd1bd06fc34713,13cf269afee757997898d939075f59ce,delivered,2017-11-26 15:44:00,2017-11-26 15:55:02,2017-11-28 20:41:31,2017-12-22 20:49:04,2017-12-21 00:00:00
0bf50993f89a58468cac45f3ef587c96,c181a7a0b04796669dea155c0f1db42c,delivered,2018-08-13 23:42:13,2018-08-13 23:55:14,2018-08-14 14:05:00,2018-08-16 22:16:28,2018-08-20 00:00:00
082388d7ce9557ef064199ef978a8f3e,53de046ee8ad4bbe74dc77b0a5ad8c52,delivered,2018-07-29 21:02:36,2018-07-29 21:15:18,2018-07-30 15:16:00,2018-07-31 22:32:03,2018-08-02 00:00:00
0b1bd7cdeb2d703ebe602a2989a86f9a,008def95c3ec7f58d2cc8f2b1d2c3feb,delivered,2017-08-21 21:09:21,2017-08-23 07:25:47,2017-08-24 19:33:37,2017-09-15 20:57:39,2017-09-25 00:00:00
031e9d02ce26fb5bb1f85335708fc70b,34d69d0868e365b1c6e30282f13c9411,delivered,2018-02-04 21:58:07,2018-02-04 22:10:37,2018-02-07 00:07:38,2018-02-19 20:52:59,2018-02-21 00:00:00
0ba07d4c280cb853d92c8734162c1cde,f2f83fa24e988705987bf38370435056,delivered,2018-03-01 14:23:06,2018-03-01 15:11:04,2018-03-02 17:28:59,2018-03-05 23:54:28,2018-03-13 00:00:00
0bf5c5b5e96bce9d0093165a1697d8f9,fdfac5d8c7e14d8fc236256a33b5f519,delivered,2018-07-27 21:05:35,2018-07-27 21:24:32,2018-08-07 15:02:00,2018-08-14 22:03:43,2018-08-24 00:00:00
0963c313de5db3a47d2b1d051e92a299,64247545e284c2a31eacecbb98c87fe6,delivered,2017-06-02 18:49:32,2017-06-02 19:02:58,2017-06-09 11:56:06,2017-06-19 19:44:49,2017-06-23 00:00:00
0b65284a1a74114ea029b7676fdc1ba3,84e14521bff8cbb289a87be1961d3d08,delivered,2017-05-09 04:33:51,2017-05-09 05:02:14,2017-05-09 08:18:13,2017-06-09 17:12:16,2017-06-16 00:00:00
0bcb782ba7956aa53f7f565159107488,3c5208735611db0353acf269389b07b2,delivered,2017-10-13 04:55:08,2017-10-13 05:07:17,2017-10-20 20:14:59,2017-10-25 19:05:54,2017-10-31 00:00:00
0bd81c3fc5ab72f8089147192cfc3f5b,03f2849096ae58cf4ef032d9a4bd72a0,delivered,2018-03-09 21:00:56,2018-03-09 21:10:51,2018-03-10 15:04:58,2018-03-15 14:58:27,2018-03-21 00:00:00
0ab90720b8aeea3179e8f0919884bd24,a43f4b30912ddd2288524898a1afb818,delivered,2017-12-20 13:29:07,2017-12-22 02:38:53,2017-12-22 21:16:02,2018-01-08 20:10:39,2018-01-16 00:00:00
09d6c2dd8c08336a2cbd1c449a2ef158,2d872c3792f119ecf5d60a08c2d90a66,delivered,2018-02-03 19:36:29,2018-02-06 04:33:15,2018-02-06 19:49:03,2018-02-21 18:28:55,2018-03-06 00:00:00
05434c77e67f2531d6b5a6c5f8bce535,abadbcbbb0bc8c1f6820c9fcb7ce8077,delivered,2018-08-08 17:57:14,2018-08-08 18:10:18,2018-08-09 12:42:00,2018-08-15 20:27:34,2018-08-21 00:00:00
0ad01dd05d74bc7891d57312627ec33b,f0a961193385015dd1b2789126c34487,delivered,2017-11-14 10:15:11,2017-11-14 10:47:57,2017-11-14 22:37:33,2017-11-20 18:48:55,2017-12-14 00:00:00
023669233121f0fb7899e5be2b22885f,22c15b46adce8afdd7d58e6582752263,delivered,2018-04-16 13:14:09,2018-04-17 04:54:27,2018-04-18 20:23:49,2018-04-19 16:37:46,2018-05-02 00:00:00
06c1184eaca6e3877347f38cfe926100,beefbb3f515fb4ae5c3b4822f9e880ea,delivered,2017-11-28 19:29:11,2017-11-28 20:30:38,2017-12-12 16:42:43,2017-12-14 20:57:11,2017-12-12 00:00:00
09db1ec04535cf2bba4a73954a252e41,abfa18d164717e434b6dfe7c67e1a446,delivered,2018-03-06 22:01:20,2018-03-07 21:55:44,2018-03-08 23:44:32,2018-04-11 15:58:40,2018-03-29 00:00:00
0368b1d608cf0cc5246c6110754d8fee,9547671cab73631f8607de9fe65021a3,delivered,2018-01-10 15:54:44,2018-01-10 16:10:08,2018-01-12 23:22:46,2018-01-17 13:09:23,2018-02-02 00:00:00
0b16257b1b7ee0922ea03954f2cae85a,b0344db4bb1741ab32ee52ef092b2572,canceled,2018-08-07 18:31:25,2018-08-07 18:44:50,,,2018-08-10 00:00:00
0c3a7b14aa5e70ef5991122f6bb552de,1cf722ec2d1f484c35c1ecfe752b263d,delivered,2017-01-26 10:44:38,2017-01-26 10:55:10,2017-02-03 15:15:42,2017-02-08 16:47:40,2017-02-24 00:00:00
0b61dd71ead1e65e9d50db5b89cb5cc4,5961a0e51bce22d6cbf7f0b7ef63d021,delivered,2018-06-13 23:35:25,2018-06-13 23:58:57,2018-06-15 14:15:00,2018-06-20 16:52:44,2018-07-11 00:00:00
0c7a6b23056ca2e73c8b369698e1d781,770a46db9679c9f9b8f8d24f7b81d150,delivered,2018-03-11 10:26:01,2018-03-11 10:35:36,2018-03-12 18:58:30,2018-04-13 19:51:57,2018-03-29 00:00:00
0bf5f8d1827bd25b377ffbe375420463,6b116549ed56c86707f9c9eeaa654941,delivered,2018-01-06 15:54:40,2018-01-06 16:11:23,2018-01-08 20:39:39,2018-01-19 20:09:29,2018-02-09 00:00:00
0005a1a1728c9d785b8e2b08b904576c,16150771dfd4776261284213b89c304e,delivered,2018-03-19 18:40:33,2018-03-20 18:35:21,2018-03-28 00:37:42,2018-03-29 18:17:31,2018-03-29 00:00:00
0abc7357d2bbb06a7d4d0b2a24d4ebd3,87f39f576c79ac275eb018b9e6bb907b,delivered,2018-08-02 22:12:33,2018-08-03 08:24:04,2018-08-03 17:00:00,2018-08-07 00:38:51,2018-08-15 00:00:00
0c1131dcb8c6ec0c895af6aea3e70983,69de6e98cbd456c73122e8fd3a20554d,delivered,2018-03-04 01:19:17,2018-03-05 04:15:31,2018-03-15 18:33:42,2018-04-24 15:42:11,2018-04-13 00:00:00
0417c9ab9d789459e660e8d325ce4a6a,d5f406fffe58d33efe48566eba1b6537,delivered,2018-06-25 08:27:27,2018-06-25 08:38:26,2018-06-25 11:04:00,2018-06-27 15:52:34,2018-07-12 00:00:00
0b50feddfae831cc657a703f9d929025,f35c9a0d1ebdb149d4304c439aff64e0,delivered,2017-12-11 01:08:05,2017-12-11 01:19:23,2017-12-12 23:47:44,2017-12-21 16:18:27,2018-01-11 00:00:00
0c5eda39e0658b7d2c514e27dd287cad,70caf454851542826150acf3ff2e7295,delivered,2018-05-14 13:52:37,2018-05-14 14:10:08,2018-05-15 11:20:00,2018-05-16 21:11:05,2018-05-23 00:00:00
0046176ff0dbc2a178b7885355dfbb71,6cae94f1f58ab679c23ceb753967c9bf,delivered,2018-05-29 19:22:17,2018-05-29 19:35:18,2018-05-30 11:29:00,2018-06-04 18:18:29,2018-06-29 00:00:00
0149c597dcc0963d7315f904495b631c,a9bb000979210a35541c29601f2dc03e,delivered,2018-04-26 00:35:14,2018-04-26 03:15:13,2018-04-26 12:55:00,2018-04-30 16:36:50,2018-05-11 00:00:00
0848fc09700c8afc1c372a4b2b7be70a,af5033805554e79d20c8a977e40c2151,delivered,2017-12-13 11:03:02,2017-12-14 02:31:26,2017-12-14 17:41:58,2017-12-27 17:09:56,2018-01-08 00:00:00
08445c33aae15e7639ae685a2763bf58,2877c65506ea66a1d53a83bde035ca99,delivered,2017-10-07 23:33:15,2017-10-10 03:28:29,2017-10-18 17:23:38,2017-10-26 19:08:03,2017-10-31 00:00:00
0b54477549051598bd77d59bee6182a7,34fe94e0f8c2656309bc7972ce64fa85,delivered,2017-07-25 18:30:00,2017-07-25 18:45:12,2017-07-26 15:09:59,2017-08-19 15:36:35,2017-08-28 00:00:00
0cae2524ce4d7c4658153705a054c722,01a4594fa7dbf53d2569e57173df6895,delivered,2018-04-13 10:13:34,2018-04-14 15:50:45,2018-04-17 02:11:51,2018-04-18 18:52:27,2018-04-30 00:00:00
0ace5fbf6db2942061542a808558b9f7,a73fa1e059154a6fa8c7e419b5bd0936,delivered,2017-06-29 14:14:09,2017-06-29 14:25:11,2017-06-30 08:34:51,2017-07-12 21:16:45,2017-07-25 00:00:00
053424c24c059910d1e31829dddcd4d9,7a73b87a6eb83ca9c6e2e8c0b2f03161,delivered,2018-07-06 12:39:04,2018-07-06 12:51:11,2018-07-09 08:10:00,2018-07-12 17:03:33,2018-07-31 00:00:00
02a96427d96112413499795f52a9a4e8,8be8e4ee7186b2a8a787a41244afe1e0,delivered,2018-05-22 19:29:33,2018-05-22 23:17:46,2018-05-28 12:50:00,2018-06-01 20:38:39,2018-06-05 00:00:00
0a3d9f14b1781670b56b1832ba291095,6370f296922c213b9d42cc710167c263,delivered,2018-07-24 16:51:40,2018-07-26 05:35:13,2018-07-26 15:40:00,2018-08-02 18:17:42,2018-08-16 00:00:00
04105b54650921ca3246f52e6f175f46,5e67c2816f006a8ef69b3e9c8a5fab8f,delivered,2018-04-23 09:07:38,2018-04-24 17:13:18,2018-04-24 22:08:40,2018-05-10 00:36:31,2018-05-22 00:00:00
0c139f0f63f0a404368637f931e98d01,80348ce139d0380cc6cdb14c2ac5cf3b,delivered,2017-04-16 20:05:15,2017-04-16 20:21:36,2017-04-18 15:55:07,2017-04-28 09:42:19,2017-05-22 00:00:00
0c29ee02f432c35cb24a70317de6457c,4fbb9513f4c8dc868e3b3626282897b1,delivered,2018-03-03 15:38:55,2018-03-03 15:50:25,2018-03-05 22:43:22,2018-04-16 18:36:31,2018-04-10 00:00:00
0784e3f6a8f38d4ce8ecbf36ddc57c78,e4ca6a6f6561a4ef17dc91951c2320e5,delivered,2018-01-11 10:56:40,2018-01-12 02:35:28,2018-01-15 15:12:16,2018-01-22 18:59:32,2018-02-06 00:00:00
0608991422469365a7b98644f2456aed,440d57c9bd11aff852a2587df6059026,delivered,2017-02-05 15:53:52,2017-02-06 16:02:20,2017-02-07 08:21:27,2017-02-23 16:53:40,2017-03-09 00:00:00
0aec9f1ca543dc390eb38620dc9c6429,418f28c581e2a65c5fb7e55a7f83a412,delivered,2017-11-26 16:40:24,2017-11-26 16:52:32,2017-11-27 19:13:22,2017-12-08 00:58:45,2017-12-20 00:00:00
073d1fe6e4e8956db691e04a1656ee9f,89d2aa071dbb29c337230bef92eab040,delivered,2017-09-20 14:44:41,2017-09-20 15:05:00,2017-09-21 18:44:50,2017-10-06 18:45:14,2017-10-18 00:00:00
02ea54f5cf3a07904182167e104f97ff,a0bc1cef1d06235c96a23b0e015b2db3,delivered,2017-03-19 19:30:39,2017-03-19 19:30:39,2017-03-21 15:28:19,2017-03-29 17:07:18,2017-04-06 00:00:00
03fd35e6d3a78d5e05114e7a1ac319e6,f705ad1fed8572316d5202c1affab472,delivered,2017-09-11 16:59:11,2017-09-11 17:31:01,2017-09-12 19:36:39,2017-09-19 16:54:03,2017-10-04 00:00:00
056a21113c096b87e87743862452a7d3,7e3721f04862909bc9e85394898019f4,delivered,2018-06-17 17:08:31,2018-06-17 17:38:54,2018-06-18 15:00:00,2018-06-25 18:04:01,2018-07-16 00:00:00
09b6daf7c780e789668ee3b7f4bda1c5,032f5eb3f82038a0490fd6870bf131dd,delivered,2018-06-29 18:20:57,2018-07-05 16:04:53,2018-07-03 13:08:00,2018-07-09 10:48:30,2018-07-26 00:00:00
010078e0913f48d014483bd856c01ca1,cba40225005628d0bb62cc9d15c9333f,delivered,2017-11-26 14:52:03,2017-11-26 15:14:15,2017-11-30 18:39:27,2017-12-05 22:13:43,2017-12-21 00:00:00
01a9d731c0f08f4f79c10b7679dcdebf,295c9951f74b6afccdda7ae478526cfb,delivered,2018-08-05 18:27:14,2018-08-05 18:44:19,2018-08-13 11:53:00,2018-08-17 16:18:36,2018-08-22 00:00:00
0c54d16446b830ff65da96eb16304fe8,27b058511237c877ea1780292c480848,delivered,2017-12-26 14:24:13,2017-12-27 14:18:33,2017-12-28 17:05:07,2018-01-11 17:33:21,2018-01-22 00:00:00
08a2bc9386ffb58b6637add8a8e7d4fc,c6b038c09f9bbca007a2b874883aaa86,delivered,2017-11-12 18:48:42,2017-11-12 18:55:31,2017-11-16 21:45:41,2017-11-21 22:18:02,2017-11-27 00:00:00
003d0634280ff3d1d3a54459349a6899,cca819156e50623e9d3762ebeee308dc,delivered,2018-03-17 17:50:30,2018-03-17 18:08:43,2018-03-23 19:24:35,2018-03-27 22:34:57,2018-03-29 00:00:00
01b37f50cf3098b3dd9d0450a188348c,d5161150c2e2a177eb4d49c4e2ab7990,delivered,2018-06-26 16:59:10,2018-06-28 02:15:53,2018-06-29 15:36:00,2018-07-04 17:16:34,2018-07-18 00:00:00
095234196e1f3c4feadc4dca677b3971,9f973a49bf25d6fbc095b3b5663b7235,delivered,2017-11-24 22:51:23,2017-11-28 04:31:06,2017-11-30 21:08:19,2017-12-07 22:37:54,2017-12-18 00:00:00
07cacf10cc226618237904718bfb96c2,36e2bc988f301eee478f9542c39635c2,delivered,2017-06-19 11:03:16,2017-06-20 10:50:16,2017-06-21 18:17:49,2017-07-07 07:15:39,2017-07-13 00:00:00
09d49d145e25e27490765a4085a8e720,3ca9c178df280c7759485d997febb7b0,delivered,2017-12-30 00:06:41,2018-01-03 04:29:44,2018-01-08 15:37:39,2018-01-16 23:44:07,2018-01-24 00:00:00
014872cb0c4fc7695c70484966baa65c,b103b8c8af8eb17c72c213b36ccd4f34,delivered,2018-03-09 17:31:31,2018-03-13 04:48:01,2018-03-13 16:54:45,2018-03-16 20:18:17,2018-04-11 00:00:00
041d7e3625568f4f949823fe46818852,de6a99b52963d6b03a27d8ada37ba930,delivered,2018-01-28 19:37:07,2018-01-29 08:50:35,2018-02-02 13:23:15,2018-02-16 22:05:09,2018-02-20 00:00:00
054cf6bea6cfdf9024aedd3639c60fb9,f850c258ce056d17c9d4d5b3e84a0d97,delivered,2017-06-19 11:51:42,2017-06-20 10:50:19,2017-06-21 11:26:15,2017-06-28 16:39:31,2017-07-13 00:00:00
092fe64219d11b6fdc1bf61521c9685a,33cedf79a1dab3f5dcb6a35891f86643,delivered,2017-08-14 12:18:40,2017-08-15 03:50:26,2017-08-15 18:56:29,2017-08-16 16:54:41,2017-08-25 00:00:00
07d4b24a68e2180d4bc5aaf5384fa78b,9e0e48f4183f1216ab4bf955b29216c7,delivered,2017-12-30 21:44:05,2017-12-30 21:52:23,2018-01-02 18:13:13,2018-01-08 19:29:06,2018-01-30 00:00:00
036467185263519cd4f15dde1f8664e6,4ac92db0564301eb239e8df281c45fb6,delivered,2017-11-06 18:05:56,2017-11-08 03:26:44,2017-11-09 19:58:52,2017-11-20 18:12:03,2017-12-05 00:00:00
07dedb9d22cef1af1540ab753c537c4c,ca618abc1a2b015a670d47a8f7694612,delivered,2017-09-13 10:19:09,2017-09-13 11:34:34,2017-09-15 08:24:54,2017-09-23 16:07:50,2017-10-04 00:00:00
0c61d8257611b6d6465f9c8ec5674b0a,57196a49e744d8cf881f433e8f3c583e,delivered,2018-01-06 17:32:57,2018-01-09 16:10:41,2018-01-15 16:22:19,2018-02-07 21:13:32,2018-02-14 00:00:00
076204e886f6d81145cf693a72794765,58c2ff35edc0c22c7430228ce542743f,delivered,2018-07-23 09:45:44,2018-07-25 02:44:26,2018-07-26 10:01:00,2018-08-08 19:15:50,2018-08-16 00:00:00
074e803978094c38b91ddd375ee6ca69,cca88fa7b5c234e518fb27e1b1856c85,delivered,2017-11-06 23:16:19,2017-11-07 05:31:29,2017-11-08 21:06:48,2017-11-10 15:16:27,2017-11-24 00:00:00
0bb273d0289520ad7addfc985468f5bb,73a710dbc1214a53b1c3b7222b9bfd83,delivered,2018-03-12 17:01:43,2018-03-12 17:10:42,2018-03-13 21:24:48,2018-03-15 23:33:05,2018-03-22 00:00:00
0bd8d3c647ff6125dc1689eecf809a90,2cc52602f1e7839b508eec87bcddf2c1,delivered,2018-06-28 16:45:13,2018-06-28 17:11:49,2018-07-03 13:09:00,2018-07-06 13:48:56,2018-07-23 00:00:00
0229e66693fbbd736e5022221fc8148b,de7123a14192ec3066359926049b0f28,delivered,2018-08-18 21:10:16,2018-08-18 21:29:41,2018-08-22 15:35:00,2018-08-28 16:35:35,2018-09-06 00:00:00
0032d07457ae9c806c79368d7d9ce96b,d356c20816dc75a309628b5c17d89468,delivered,2018-03-10 18:53:06,2018-03-10 19:48:19,2018-03-13 17:16:42,2018-04-29 21:08:59,2018-04-17 00:00:00
0b1225af9b8d9ead4bac8d07f4da8130,77bdefa289f03aa2549e5546923cc5b2,delivered,2018-06-24 02:18:59,2018-06-24 03:08:55,2018-06-25 08:13:00,2018-06-28 15:04:46,2018-07-17 00:00:00
0128412231f9fe9d7e944eea5392fc6b,a7089cdfb6b910afd377368f3335b1e5,delivered,2018-08-22 15:38:10,2018-08-24 03:15:10,2018-08-24 16:46:00,2018-08-30 19:59:26,2018-08-31 00:00:00
0213da24bc9b884c4792ae4c54eb0bf3,a885447168d5878bb08f442a38284741,delivered,2017-11-24 11:21:11,2017-11-28 03:46:13,2017-11-29 00:57:00,2017-12-04 23:54:51,2017-12-18 00:00:00
035bb18fd268637e7d91814bf5e27fd4,ac063e710535d45f495287e94f81e419,delivered,2018-01-12 18:21:01,2018-01-12 18:32:33,2018-01-15 19:48:09,2018-02-22 22:33:32,2018-02-08 00:00:00
07664da4fa93862f7f2f3fd353b99e73,8a3ee8c4e7b28fbec55bb91eb788a7fc,delivered,2018-01-09 08:45:00,2018-01-09 08:56:21,2018-01-16 02:03:34,2018-02-06 18:59:06,2018-02-16 00:00:00
001daeb0eddc45b999bad0801ad9d273,3ba02060e681d361d603d5f7ef0a730b,delivered,2017-05-17 23:19:34,2017-05-19 02:15:20,2017-05-19 10:03:49,2017-06-08 15:34:07,2017-06-19 00:00:00
07cbb7b6d1c67566a892673386b5bb9b,4fac7263ebf3ec19c8ac5f6b2202b38e,delivered,2018-08-19 12:18:47,2018-08-20 11:32:22,2018-08-21 14:44:00,2018-08-27 18:06:39,2018-09-17 00:00:00
07b79f0a3ce4734c9f80f8f932ffd4ab,2278519c37e419c5da259c8c82395b99,delivered,2018-05-21 08:55:06,2018-05-21 09:10:34,2018-05-22 15:10:00,2018-06-02 16:12:03,2018-06-07 00:00:00
006c42f310102c1910b3c5793ce5fc34,d63e92aea6fb367972e3cc4f232a1976,delivered,2018-08-06 16:12:32,2018-08-06 16:24:34,2018-08-08 12:16:00,2018-08-15 19:52:24,2018-08-20 00:00:00
09dcf31f117fe39a78c3a166109c07df,5f58583fdece0f0f724ef92f113e0c8d,delivered,2018-08-16 13:18:39,2018-08-17 14:27:03,2018-08-20 09:45:00,2018-08-23 22:51:56,2018-09-03 00:00:00
035c06c36cc8685238297b6af0c280f3,d64904edfd79d4934b8b06ce77c1164d,delivered,2018-03-21 22:54:06,2018-03-22 02:55:37,2018-03-26 23:08:46,2018-03-28 17:38:59,2018-04-04 00:00:00
0963806fc66877ce2fbc42be9a91f3f1,f8a238ea4650cf05765ac7a2a54d8693,delivered,2018-04-04 14:21:03,2018-04-05 14:15:23,2018-04-06 00:33:45,2018-04-23 21:49:02,2018-05-03 00:00:00
062171ae61a088263fec533c7b4aadca,bbfd3aff4e6623084092d393567ac124,delivered,2017-12-01 17:07:56,2017-12-01 17:19:58,2017-12-05 23:09:12,2017-12-20 19:13:32,2018-01-04 00:00:00
081820c2ad1ad7f6c452c1e845529fe8,ee9f2791dfe348b8200f0b687b00a15b,delivered,2018-08-15 23:42:25,2018-08-15 23:50:17,2018-08-16 17:35:00,2018-08-24 19:39:06,2018-09-06 00:00:00
0bb4c390179e95dbed8944e735b7da62,139cdadccfc90320a5d8599745cd10cf,delivered,2018-07-26 12:41:04,2018-07-26 12:55:26,2018-07-27 14:06:00,2018-08-03 15:08:41,2018-08-14 00:00:00
09ea2f085e77814c3b31377ba10aa4a1,39b9f5510478f23f62857e3de980ff77,delivered,2018-02-13 22:49:03,2018-02-13 23:07:34,2018-02-19 22:48:48,2018-02-20 23:19:13,2018-03-01 00:00:00
02fe1a0806a5041f35fc69f658202c34,82b3403d0cbb90bad615c86c1a1a3b3f,delivered,2018-05-11 19:35:32,2018-05-15 04:52:40,2018-05-15 14:20:00,2018-05-22 18:32:22,2018-06-01 00:00:00
0665734cec5349770a82280c326abc2b,71a1623032c89a5ab3feff5fb460a5c8,delivered,2018-01-17 22:07:24,2018-01-17 22:17:31,2018-01-22 19:26:56,2018-01-23 16:32:34,2018-02-01 00:00:00
08d0d3587fdedecc31be9c29c74b819b,3140cb09f7ddb4b1c065456a372bd82a,delivered,2017-10-24 07:09:48,2017-10-24 07:28:08,2017-10-27 20:23:12,2017-11-06 18:52:10,2017-11-17 00:00:00
0a3fcfaf1098f95867cdeeb766561eae,3cac74b1c7dd18deaec3e1e772bcebb2,delivered,2017-04-25 21:25:09,2017-04-27 13:05:38,2017-05-02 10:59:06,2017-05-09 12:21:48,2017-05-22 00:00:00
092adae6d0744065b0482cb014c671c9,20ed1eb8b4e92e5209c09a6f5a60df22,delivered,2017-06-05 15:33:07,2017-06-05 18:10:20,2017-06-06 10:14:05,2017-06-09 11:35:35,2017-06-26 00:00:00
04e2e5f16cad2f04bb156a4bcc034520,139a718c01cce276519bede2cbe5cae5,delivered,2017-12-08 15:42:25,2017-12-08 15:52:55,2017-12-11 22:32:39,2017-12-18 19:03:05,2018-01-05 00:00:00
0c1f5fca68708d9a22f8a9fe30b5c588,cd47d198f0840df01cf63596c6f4c429,delivered,2017-01-22 13:14:39,2017-01-22 13:25:17,2017-01-24 11:23:15,2017-01-30 17:05:00,2017-02-28 00:00:00
0b3c0b254cd889f96d5426417aa548cd,5919e1f7863f9b5837dae40ab61436df,delivered,2017-10-18 16:34:56,2017-10-18 16:49:25,2017-10-19 19:47:44,2017-11-02 16:28:37,2017-11-10 00:00:00
0b8223a2d582ee50740baba714b65256,b98baf7d84898f6974710d8199a6f338,delivered,2017-11-07 20:23:18,2017-11-09 16:07:16,2017-11-13 18:47:24,2017-11-26 13:49:08,2017-12-11 00:00:00
020550d9cdfb7110d07fd1a1f8937c6e,b8cd636f6513382dd886029c3e51c412,delivered,2017-09-02 17:47:17,2017-09-02 18:04:25,2017-09-04 21:24:07,2017-09-18 10:53:52,2017-09-21 00:00:00
0ab29b3ae0c49bff1cfb0b0137c20da5,6ce08c3a8b69a46f5bd4f0acd2fa75da,delivered,2017-05-30 23:24:11,2017-05-31 23:15:17,2017-06-01 14:38:50,2017-06-08 16:57:59,2017-06-28 00:00:00
0507a74781354ea643bff372311d2a97,cdf96d2b0152fd28e7ded02cd0743815,delivered,2018-05-21 16:41:06,2018-05-21 17:34:06,2018-05-22 19:04:00,2018-05-23 19:32:17,2018-06-04 00:00:00
0b843b79b45dddbd796c0a7e51b2c6ca,fbb815b1596389418e2666320654b129,delivered,2017-03-09 20:08:39,2017-03-09 20:08:39,2017-03-10 08:54:55,2017-03-22 13:27:59,2017-04-11 00:00:00
0b3407e419ef6be66392971885acce73,1fb69e1024c1877f914b04128cdef209,delivered,2017-01-30 08:14:53,2017-01-30 08:30:47,2017-01-31 10:41:59,2017-02-10 12:14:13,2017-03-08 00:00:00
046bac99a3d9ff45ef86ebcd710b972a,386a6f3a8586bb3c2d2b923312c36572,delivered,2018-07-31 14:49:15,2018-07-31 15:44:36,2018-08-01 11:20:00,2018-08-18 02:03:11,2018-08-30 00:00:00
0a814fddd9db7c515225361a87b607bb,1b191050c9ddcb4fcddae8677ae55983,delivered,2018-04-14 22:10:14,2018-04-14 22:31:43,2018-04-17 18:58:34,2018-04-26 19:29:03,2018-05-21 00:00:00
0616463c44a86e8478f9b065e17d7c65,f0781957f383921320d238faa1255f4e,delivered,2018-02-03 18:42:00,2018-02-04 00:09:43,2018-02-05 18:18:47,2018-02-06 16:08:57,2018-02-21 00:00:00
09633885de2f89ed80bb53c2de1f944f,0cbd081962a78ce40305137da0c39b13,delivered,2018-01-28 19:01:45,2018-01-28 19:18:40,2018-01-29 19:53:35,2018-02-06 00:18:51,2018-03-23 00:00:00
0668f439eec2e9edf7b24687cba7acd7,ed4299a50d0b1a4065cda2bcefb91703,delivered,2017-11-30 21:34:24,2017-12-01 10:31:23,2017-12-04 18:57:20,2017-12-21 18:33:00,2017-12-22 00:00:00
0c557a5449164d3001dc41d9bcb3298e,19da592ad920d9fb1803c6c44742b2bb,delivered,2018-06-26 14:42:55,2018-06-28 02:15:40,2018-06-28 15:11:00,2018-07-05 18:16:26,2018-07-27 00:00:00
03bb0baa2f30152130d3d5df8e44507e,652dd9e1eab2777d504a091894b1d2fe,delivered,2018-07-01 09:05:17,2018-07-01 09:15:11,2018-07-03 08:50:00,2018-07-03 23:26:52,2018-07-17 00:00:00
037f15d346c870059c0e6f4275a01206,44b387496ce8c6654019503566f11029,delivered,2018-05-27 10:25:22,2018-05-27 10:35:15,2018-05-29 15:13:00,2018-06-08 18:41:17,2018-06-28 00:00:00
04453a84ff0126fdc05079cf18a34890,ecfa3f58947d84b3346a3634b233a259,delivered,2018-07-11 14:07:30,2018-07-12 03:35:14,2018-07-13 14:03:00,2018-07-26 22:18:31,2018-07-31 00:00:00
06cd82bdf375dc9782609dad1a1d1d0b,add27410b616fcff8fbdc616ec5397ce,delivered,2018-02-21 14:42:21,2018-02-21 14:55:28,2018-02-22 23:15:18,2018-02-26 22:21:44,2018-03-14 00:00:00
09d048d5bfb9dd1a82f696ce9863e9b0,fad67e7a03b7988057f8a83c285f36de,delivered,2018-05-22 21:20:12,2018-05-23 00:17:05,2018-05-24 13:56:00,2018-06-11 22:04:59,2018-06-20 00:00:00
04304d72305054a178c81ab24c4d2d68,62015356bb2bebaed11bcc9bbd658a50,delivered,2018-02-06 20:33:06,2018-02-06 20:50:39,2018-02-10 14:09:00,2018-02-20 00:38:51,2018-03-14 00:00:00
0cd41d4323d14560d7b92ef270ec6a2a,f825769d284f18c195a406aefba84bde,delivered,2018-04-13 17:48:03,2018-04-13 18:11:41,2018-04-17 23:42:05,2018-04-25 23:19:46,2018-05-17 00:00:00
053180cf4b0cf3f7a300e2e42ff01da9,ce330ffe33e3f344ad5a80b8410c1ced,delivered,2017-12-11 10:06:05,2017-12-11 10:18:28,2017-12-13 21:33:24,2017-12-27 14:53:40,2018-01-04 00:00:00
077c116b10b1c482b78d24fad9fa14a3,f0608cac11fcb486fda7efba9bc7c515,delivered,2017-03-21 19:42:03,2017-03-21 19:42:03,2017-03-22 11:23:19,2017-03-27 13:42:24,2017-04-07 00:00:00
0176a6846bcb3b0d3aa3116a9a768597,aaad67429ea7d339bdf5f71ae3ef74f6,delivered,2017-12-25 10:40:52,2017-12-27 04:32:07,2017-12-28 19:57:15,2017-12-29 21:22:35,2018-01-15 00:00:00
011a56023faf5bbb9af634e20a85f7bc,cd321431eb241e989d200c78d0a4bfc4,delivered,2017-05-10 06:54:05,2017-05-10 07:05:09,2017-05-10 12:09:28,2017-05-18 12:48:08,2017-06-01 00:00:00
0716d86faf8bd36dcb5bdaee6777b272,1722422d4c5041e9c2157a76461fc2a5,delivered,2017-05-20 11:37:34,2017-05-20 11:45:19,2017-05-22 18:16:39,2017-05-29 06:57:52,2017-06-13 00:00:00
0814daa4d12a646aeb73c429d5852f4d,b4eb4ca3fef464f5a8778c47da055604,delivered,2018-07-28 13:14:37,2018-08-01 16:31:31,2018-07-30 14:58:00,2018-08-02 19:32:21,2018-08-13 00:00:00
0cf00d58f941ec9b27dc839a9c6e91e4,b944bb22321bd45c41e8c80019664269,delivered,2018-07-17 22:33:14,2018-07-17 22:45:12,2018-07-19 12:24:00,2018-07-23 22:29:36,2018-08-06 00:00:00
091dcb1d0729687de77f652e849db3f1,07a0ad11f72463d647871b9d2d00058b,delivered,2018-05-09 21:40:23,2018-05-09 21:55:30,2018-05-10 13:37:00,2018-05-16 22:12:06,2018-05-28 00:00:00
0b03fa2615b44079dad6c958f0ef2a02,e736f5ed99e8006c42053a398381a116,delivered,2017-11-28 22:48:51,2017-11-28 22:57:16,2017-11-29 17:17:59,2017-12-02 15:58:43,2017-12-12 00:00:00
0246b043b8ae041912cc7651ceb1ba2f,e412443072bf2656a463473f5c9802c1,delivered,2017-10-26 10:54:50,2017-10-26 11:16:37,2017-10-27 17:24:45,2017-11-03 19:33:46,2017-11-16 00:00:00
05547569f5543318997d30464eeb74e7,1744c521a2c25fa33eeb79ab5e987da6,delivered,2018-06-14 14:44:06,2018-06-14 15:19:40,2018-06-15 14:00:00,2018-06-28 16:37:50,2018-07-27 00:00:00
0222b443ebbd702540abbaf4f5ff7edf,b17fdd3ce7dab9006c20a275bbf7c804,delivered,2018-07-19 21:42:21,2018-07-19 21:55:52,2018-07-20 12:46:00,2018-08-13 17:33:29,2018-08-14 00:00:00
00e32e413e017e64ff93a9e800b8e1be,9403d354eae44e50158601ecc4be7060,delivered,2018-04-30 09:14:50,2018-04-30 09:36:03,2018-05-02 11:43:00,2018-05-07 13:33:56,2018-05-23 00:00:00
045e848420a12f1b3dbcb2e6e375852b,ff7a52cb304f46020dcd25d21c073e3a,delivered,2018-06-26 19:37:07,2018-06-26 19:50:12,2018-06-28 13:24:00,2018-07-03 21:05:13,2018-07-25 00:00:00
0bcbcc3e0a09b3f6a9495de35f452616,224dfce9628d0b53567eaecab61f5f4c,delivered,2018-06-26 09:29:13,2018-06-26 09:52:56,2018-07-03 09:39:00,2018-07-06 13:54:55,2018-07-26 00:00:00
0542a77eb7f00f9ed2f08c1dba22a43c,81bf8b2387b9d3716a34a33be63c45ea,delivered,2017-05-11 14:40:14,2017-05-13 02:55:22,2017-05-16 11:44:35,2017-05-25 08:18:49,2017-05-30 00:00:00
07e8c8c7545c3cf6386eaf464b1e8365,e26b9c4b85923dcabcf02312427b75f5,delivered,2018-08-08 12:51:29,2018-08-08 13:05:18,2018-08-24 14:13:00,2018-08-30 22:04:52,2018-08-29 00:00:00
0b88df5bf12a6df08bf27d7db86e4ab6,a3a56df70dac7a02e8717683109cef4b,delivered,2018-03-31 09:01:18,2018-03-31 09:15:09,2018-04-04 18:41:43,2018-04-19 02:28:52,2018-04-27 00:00:00
01d96f415da1ffc3807bc85852dea189,50e2e211862daf99d434538a985b5423,delivered,2018-04-10 20:59:36,2018-04-12 08:32:40,2018-04-12 17:51:59,2018-04-18 00:21:08,2018-05-03 00:00:00
006df90050498994d670b40da4651d22,5c94f28f54aa13e14aaf67039511f318,delivered,2018-08-13 13:59:20,2018-08-13 14:15:12,2018-08-14 14:43:00,2018-08-15 22:18:36,2018-08-17 00:00:00
0759c200a1d9ec728ba380676bccb583,65d253d62427d89106258c7ec2410eab,delivered,2018-07-31 23:19:17,2018-08-02 05:25:14,2018-08-06 14:41:00,2018-08-13 13:34:50,2018-08-20 00:00:00
047e0e88828680c6cd9c476d555823e2,71fd52295abb1b8c1cd4da93dce20bb8,delivered,2018-05-20 00:32:28,2018-05-22 08:56:47,2018-05-28 09:18:00,2018-06-14 21:18:42,2018-06-27 00:00:00
01667048de265bad400b945f29b52526,de803ca99877b56ce0d121b7e2d57bc5,delivered,2017-07-01 12:25:09,2017-07-01 12:35:17,2017-07-03 15:56:23,2017-07-17 18:12:46,2017-07-25 00:00:00
07e85d403be2aca377eebdf6581323fc,b57cf80b3778ed268142cd5596d861f5,delivered,2018-08-11 19:14:29,2018-08-11 19:25:12,2018-08-15 12:12:00,2018-08-20 21:32:10,2018-08-30 00:00:00
0b555f0e6493540531a30e6cf25fb030,058d38732ce7f213cc8f62ffcf8fa0c5,delivered,2017-05-25 10:43:21,2017-05-25 10:55:17,2017-05-26 10:30:12,2017-05-30 16:37:45,2017-06-21 00:00:00
0b602fa35e64e463c90698d2e859af54,731934bcb47e6a5956ab77fbed6ad0c5,delivered,2018-03-22 22:13:59,2018-03-24 02:28:34,2018-03-26 19:58:55,2018-03-27 14:14:51,2018-04-11 00:00:00
09854629eee79bc8d606247198ae822b,2600006b51f3d485d195fc1a3b3014c2,delivered,2018-04-24 21:18:31,2018-04-24 21:30:35,2018-05-02 08:47:00,2018-05-08 16:21:56,2018-05-21 00:00:00
08edeac38b68f66bf2e8c3701badde1c,d610f3f7d9676ea7a49e0246047bb7b8,delivered,2018-04-26 10:24:58,2018-04-28 02:51:35,2018-05-04 15:54:00,2018-05-18 19:48:58,2018-06-04 00:00:00
0c3e491fe8f99458825a93daa40f4401,6e9484377e5431903ba209552cc45e2a,delivered,2018-02-19 10:06:49,2018-02-19 10:27:45,2018-02-21 18:23:27,2018-02-27 18:03:47,2018-03-13 00:00:00
015fb6b5f739788434fa690540f90f19,eca9b206f2a9e4693bf0840895434e2c,invoiced,2017-01-31 13:06:05,2017-02-02 02:41:22,,,2017-03-09 00:00:00
023efd060c082063e299dc77891ea1b7,c04472465a5f84c1055508f48ffe5b4c,delivered,2017-11-14 12:43:54,2017-11-15 02:46:13,2017-11-17 22:14:39,2017-11-22 17:16:42,2017-11-29 00:00:00
0a5a672ddd7b5921439a990ff8efbb1b,d2ccc2030a2df9be14100fba82182fe1,delivered,2017-05-05 08:17:22,2017-05-09 09:35:35,2017-05-12 12:43:44,2017-05-18 11:34:05,2017-06-13 00:00:00
07b1810af93ee79a38977779e7a410d0,ae8e4d40dde287b1a730261c382a4887,delivered,2018-08-08 17:27:07,2018-08-08 17:45:08,2018-08-13 09:24:00,2018-08-20 15:42:41,2018-09-12 00:00:00
06369aa3e6e8c6d52a7df6a2cd76cb1b,a77f4b21bfcd5d78e8799a788934c8fb,delivered,2018-02-01 17:22:04,2018-02-01 17:33:11,2018-02-02 23:28:36,2018-03-04 21:05:29,2018-03-09 00:00:00
058ff573aef21e528adcab8b8717c43a,70856b1e2541638130dd5073344401a1,delivered,2017-09-18 15:30:12,2017-09-18 15:45:28,2017-09-19 17:54:18,2017-10-05 19:44:53,2017-11-07 00:00:00
08d1ac9ae1dcec96c3422ade2005fe94,9eaca8a90e67b6779a2dce5d3b4c434d,delivered,2017-09-06 09:44:50,2017-09-06 10:04:33,2017-09-13 13:15:04,2017-09-19 21:43:40,2017-09-27 00:00:00
05302619b1bff6733f64a97851af68cd,e3f62212035039c920a8409127b09a41,delivered,2018-01-21 14:04:33,2018-01-23 03:36:53,2018-01-24 23:12:41,2018-02-07 21:27:04,2018-02-14 00:00:00
090c0cc3d47ff02fedac32aa0a7cab97,bc411cc8e20ef5a0874525646fda2a8c,delivered,2017-11-22 09:17:04,2017-11-24 03:12:48,2017-11-24 21:38:43,2017-12-07 16:28:06,2017-12-15 00:00:00
0553f54e437f2d7fddccf81ae9a646c6,9959467a8562a7937386de4cdc07ae13,delivered,2018-05-06 14:48:08,2018-05-08 03:52:03,2018-05-10 14:34:00,2018-05-15 21:52:52,2018-06-12 00:00:00
0b3506e1bbe1a7086dc5f9f41c594b8e,663b74a68c6ee3368a988224f93cfc68,delivered,2018-08-20 10:29:03,2018-08-22 03:35:12,2018-08-22 15:56:00,2018-08-28 17:34:35,2018-09-14 00:00:00
0c7f78afde3e635c59eef76c3f1a5ea5,82394d9ee9f28882adb2888d34b4d164,delivered,2018-03-23 18:45:37,2018-03-23 19:27:37,2018-03-26 15:12:04,2018-03-27 19:11:59,2018-04-05 00:00:00
0b5c913b831ba3f6eaaab61c2d7cae6d,e5898fa2179302b68bf36be7eaae193e,delivered,2017-12-21 17:42:53,2017-12-21 17:55:20,2017-12-22 22:11:38,2017-12-29 17:08:05,2018-01-26 00:00:00
0cd8c62de8c2338e4af0afe71e56ee64,b6dad47ef66c400b5ea975b58f58c57d,delivered,2018-01-04 15:12:39,2018-01-04 15:27:08,2018-01-08 20:14:18,2018-01-11 20:07:45,2018-01-22 00:00:00
052b49cd1787ff86171b4e374f53c42e,6b77526915f264bd79262889e3799564,delivered,2017-06-17 15:23:58,2017-06-17 15:35:07,2017-06-26 15:06:35,2017-07-03 16:27:54,2017-07-17 00:00:00
097941e2db84b005d04de9e867674226,1128e70fc04372f83dfc47af3566b836,delivered,2017-11-27 10:56:12,2017-11-27 11:18:26,2017-12-08 00:08:06,2017-12-19 18:34:59,2017-12-21 00:00:00
058afe6c6322b4773393a66003934493,5b894cf9a0b95ce53a6ce010fe000104,delivered,2017-01-19 19:35:35,2017-01-19 19:50:14,2017-01-20 15:45:45,2017-01-24 12:53:46,2017-02-15 00:00:00
08db2dff56f31598b313e96bd2b04520,8a501a6f9fc4c5431e91de49eca55778,delivered,2018-01-04 14:44:50,2018-01-06 02:08:53,2018-01-09 23:55:03,2018-01-10 12:57:39,2018-01-23 00:00:00
09a0d7c2cc6f652acd3537e7a91c7000,9462d88d82a551270b7c345a53aac7f2,delivered,2017-05-15 14:08:00,2017-05-15 14:15:23,2017-05-16 15:18:40,2017-05-19 12:59:39,2017-06-02 00:00:00
02ac6689fe09c236d7651b93246b6dbe,5dbd65686c8be953edaf0d56c22f973b,delivered,2018-05-25 11:45:04,2018-05-26 11:51:01,2018-05-28 14:08:00,2018-06-07 20:03:37,2018-06-20 00:00:00
09f86d1a5a7c2e8dddd1850a65f5a5d4,f89efd7759fe87042b0c51914b702dec,delivered,2018-01-08 13:30:14,2018-01-08 13:48:00,2018-01-15 16:33:05,2018-01-23 18:49:50,2018-01-31 00:00:00
087f003cb486254f7454eead9265e992,911420c471628353e4666a65eac5f0b7,delivered,2018-06-22 11:58:33,2018-06-22 12:20:27,2018-06-26 14:25:00,2018-07-06 18:22:41,2018-07-24 00:00:00
055b1b19fcb7ec836c23f44053344b20,74f84652fb83fc62d4428d8800ac4d4c,delivered,2018-03-01 00:00:00,2018-03-02 02:15:34,2018-03-02 20:28:55,2018-03-06 21:42:02,2018-03-19 00:00:00
081f94ba9d60353dcfa2200cf9bf42cc,3b4e6709397878a5a0887e037e31691e,delivered,2017-12-22 01:08:40,2017-12-22 01:29:43,2017-12-22 21:08:52,2018-01-05 21:33:40,2018-01-31 00:00:00
0c7fc95baa5e16992ed412ccea7f28b3,a25c191eb1025845e8e9d1d806fa2605,delivered,2016-10-05 08:46:55,2016-10-07 03:10:06,2016-10-11 03:10:07,2016-10-14 03:10:07,2016-12-01 00:00:00
0a3e09ae60d6eb7338e353c0c323eabf,bbc12ed5c232b6608aeb60a1ffc9611e,delivered,2017-10-07 14:02:36,2017-10-07 14:14:10,2017-10-09 21:29:55,2017-10-13 18:57:57,2017-11-08 00:00:00
0308fbee05263aa1eb0b932e2dc7b4fd,9a9c7c7779a50a08dea119e930e06fe3,delivered,2018-04-27 21:50:44,2018-04-27 22:10:56,2018-05-02 16:17:00,2018-05-09 21:08:50,2018-05-30 00:00:00
00f251b943aba645652c7138e4716fee,3d54e262ab34438486bd0eb8bf022c2f,delivered,2018-08-13 11:18:25,2018-08-13 11:44:26,2018-08-13 14:37:00,2018-08-20 18:36:41,2018-09-03 00:00:00
01d13850e74efca9a86fe812940de070,efc248b5fcc421d31a203cf79d92ecc2,delivered,2018-04-12 11:38:28,2018-04-13 13:14:06,2018-04-16 17:12:06,2018-04-20 01:24:43,2018-05-03 00:00:00
077a77e315e3b317121a0af9962e122b,6457e3fd7f768aef7be536207c963d9f,delivered,2018-05-11 10:35:33,2018-05-11 10:58:06,2018-05-14 15:21:00,2018-05-21 23:44:22,2018-05-25 00:00:00
00f9b6769c6648ac08bf43081d1f2b07,66f800bfc254bf9cec8041dd1896fcb7,delivered,2018-05-12 09:34:32,2018-05-12 09:54:26,2018-05-15 14:53:00,2018-05-25 16:54:36,2018-06-19 00:00:00
07b4d304ff7e33edf1f9e8a63768204b,08e79e92fd93a5f49ce66fd838a164e7,delivered,2017-12-05 13:28:58,2017-12-05 13:53:35,2017-12-06 21:35:42,2017-12-30 16:53:34,2018-01-02 00:00:00
00f9b0236a85fb8a06fbd9b9c53fddd8,dd6ff79fddc7e5fadda7b83b2bf4383b,delivered,2018-04-22 15:59:19,2018-04-24 19:25:47,2018-04-27 13:33:00,2018-05-04 00:47:31,2018-05-14 00:00:00
05d46826bd0fb605d6b00e30e9141882,c5a9ffc867b51a706a06ac6e1e3fa61a,delivered,2018-08-27 19:21:58,2018-08-27 19:35:20,2018-08-28 19:02:00,2018-08-29 17:28:25,2018-09-11 00:00:00
03611c1be392917d9b0ca62977763baf,1fb653faa25a3b5aad140fd39b886bdc,delivered,2018-02-08 19:42:07,2018-02-08 19:55:28,2018-02-09 20:39:01,2018-02-28 18:55:08,2018-03-14 00:00:00
08c6e1a2fd34f15d601cd3e006378da1,bc66139be29685b36977c7bad96d1286,delivered,2018-04-18 23:28:58,2018-04-20 07:11:11,2018-04-21 00:31:37,2018-04-27 23:34:36,2018-05-14 00:00:00
02fbb3b024a111c7e8a629bbd86df0e2,22fe25aae324ee80194e8fabf7d6970a,delivered,2018-05-29 17:47:32,2018-05-29 17:57:33,2018-05-30 21:24:00,2018-06-07 01:58:37,2018-06-14 00:00:00
04626f2c41e6a49d4c2102a7d410797a,615ae88261f09750647dcdb0cd6858d2,delivered,2017-11-27 10:47:32,2017-11-27 11:14:35,2017-11-30 22:45:37,2018-01-08 21:43:48,2017-12-21 00:00:00
0849024969adbd058756b6d843f3c1c5,3eacf2c45f37d4d63636fe8505c6a0b5,delivered,2017-12-17 20:04:57,2017-12-17 21:13:47,2017-12-18 21:42:04,2017-12-22 19:05:05,2018-01-12 00:00:00
06b5d30491b14242caca6d7090f29771,025247dee36960e70666880b8073e582,delivered,2018-06-07 12:16:23,2018-06-07 12:37:47,2018-06-11 14:56:00,2018-06-18 22:33:09,2018-07-25 00:00:00
0240111ef6f94ee97599bd002acec1cd,71d768f0401c468141199473dc548df4,delivered,2018-06-24 18:26:15,2018-06-24 18:55:35,2018-06-26 09:19:00,2018-06-29 15:12:08,2018-07-19 00:00:00
06d7e8cde0488b6d0b67852d2295368e,8b2abe6f49370b6d136af8e75cefd25f,delivered,2017-11-30 20:12:05,2017-12-01 10:31:51,2017-12-06 22:47:04,2017-12-10 14:22:33,2017-12-18 00:00:00
060a509c86c388937eb130705ea09e52,10c63cdfbd60a719c99aaea0f45cb6f8,delivered,2017-09-18 19:54:52,2017-09-20 02:36:36,2017-09-20 22:10:08,2017-09-28 15:17:13,2017-10-05 00:00:00
0650ef96422834cca0cc7799efbf6307,8e0193c71b2b59a05148996de6841d58,delivered,2017-02-04 12:46:02,2017-02-04 13:10:31,2017-02-06 14:15:22,2017-02-14 07:57:37,2017-03-07 00:00:00
0817ec0f9c1ec6a3ae2826349129d4a7,837e5a59495c88f7881edf3d5b3c9c97,delivered,2017-08-25 17:04:19,2017-08-26 17:10:15,2017-08-28 15:31:29,2017-09-15 20:35:37,2017-09-21 00:00:00
0849eaf857ddbba0d7a97887503f9795,80397076b6d12ded0a040352d6acc5d1,delivered,2017-12-01 11:50:46,2017-12-01 12:31:33,2017-12-04 21:23:00,2017-12-17 15:16:54,2017-12-28 00:00:00
0630ba8015b69f03e65dbe4be3aceb4f,117f0e86c5ec654ec54339df2be13588,delivered,2017-03-14 17:21:42,2017-03-14 17:21:42,2017-03-16 11:33:53,2017-03-28 16:04:29,2017-04-04 00:00:00
0ce0997380b2110e5d35697ce4ddabd7,ff582f34a30b0646c52541de86107865,delivered,2018-04-27 14:06:22,2018-04-27 14:32:00,2018-06-06 12:57:00,2018-06-14 12:52:17,2018-05-28 00:00:00
08bb3532c9b969bb6a46f98fc5507510,36a80398a8d7c60932411d45ca20c4b6,delivered,2018-02-18 21:05:38,2018-02-18 22:07:23,2018-02-20 22:39:08,2018-02-26 16:55:01,2018-03-12 00:00:00
0a01aa0d779fc923be4cc5505b0c6dd4,a16adddba755faffcf5fafc6506abcd8,delivered,2018-06-16 18:46:50,2018-06-18 12:37:28,2018-06-18 14:15:00,2018-06-21 19:21:36,2018-07-05 00:00:00
0cece095c1c8f6bd21ec851d74642943,fb6f8e0cb2c65dfada05252697877460,delivered,2018-02-05 15:37:34,2018-02-06 20:31:21,2018-02-14 13:23:01,2018-03-10 16:41:43,2018-03-09 00:00:00
026d16bd3f41638e1003e974e5487904,e3d123ca587e904151c6ee18f3481f99,delivered,2017-09-12 08:55:36,2017-09-13 03:24:53,2017-09-18 13:50:17,2017-10-10 15:24:49,2017-12-05 00:00:00
025a548c7e6d70e6b6cf600a112b0d9c,2f70159435ac1cfc015410b83084620a,delivered,2018-06-01 12:39:45,2018-06-01 12:52:11,2018-06-04 15:30:00,2018-06-15 00:21:37,2018-07-24 00:00:00
0ccd1517dd0bbe6fd30dfb1dc40a0133,2d424206d3c58983c7f528e9d3021354,delivered,2018-02-02 18:41:52,2018-02-05 08:55:55,2018-02-07 20:26:55,2018-02-23 22:58:58,2018-03-08 00:00:00
062b06f0cb6f133e2b963e4947345e17,d288c3a2a18b2c941b3edf0973ae447c,delivered,2018-04-25 15:47:46,2018-04-27 03:55:24,2018-04-27 11:39:00,2018-05-04 19:38:30,2018-05-25 00:00:00
0168a7f186c1f066748d15d8c51f489a,ace839d3162a61fdbd51b08fc3e60a39,delivered,2017-05-13 18:14:49,2017-05-16 03:25:21,2017-05-17 11:51:01,2017-05-18 10:18:07,2017-05-24 00:00:00
05a72117fb063d7fb111490dbf40c79a,9c7ee04a7b576d6feb1c49f2085dc653,delivered,2018-05-03 18:39:44,2018-05-03 18:55:40,2018-05-04 14:14:00,2018-05-11 22:41:29,2018-06-01 00:00:00
03fab3cde6e6bb6b6715075147044dca,d7f42fbdabbac436ec83973868828fd7,delivered,2018-02-10 10:13:00,2018-02-15 09:35:28,2018-02-15 19:32:28,2018-03-02 19:26:29,2018-03-29 00:00:00
05290ddcf1e8fa2c773e1f37015cc56c,63c88691b378207afe3f0ed265108403,delivered,2018-01-14 20:26:05,2018-01-14 20:36:22,2018-01-16 17:23:05,2018-01-25 17:58:36,2018-02-07 00:00:00
0c9c4a61bb41aa0184a25922a829bd51,5d74d4946913c1e86db6ea898dcf43c7,delivered,2018-02-17 14:13:06,2018-02-17 14:30:24,2018-02-23 13:59:00,2018-03-06 22:22:29,2018-03-15 00:00:00
00e6bc6b166eb28b4502c1cad4457248,267bfea62bbfc1342ffc898248403bb6,delivered,2018-07-01 23:18:47,2018-07-01 23:30:07,2018-07-02 14:05:00,2018-07-05 18:27:51,2018-07-30 00:00:00
0bda8164c1a12b6a388ebec8559ee287,3f402674c608ea67085eb5e0ec4d96ef,delivered,2017-01-05 13:36:07,2017-01-07 03:45:47,2017-01-11 16:09:00,2017-01-16 17:27:34,2017-02-13 00:00:00
0c047dd1c8c2fcc61365b5787d59fd6c,b6889f1f383ff9a9149084f1010a23ec,delivered,2017-09-18 21:43:53,2017-09-19 21:50:22,2017-09-21 19:05:08,2017-11-16 23:14:28,2017-10-19 00:00:00
0aa3e276c40ae025d8ef6651de2fdf32,ba1aec0720594f94a1e9d75b5f6d16e9,delivered,2018-05-16 01:27:54,2018-05-16 01:54:56,2018-05-16 13:43:00,2018-05-24 20:28:23,2018-05-30 00:00:00
0cdbb064516056ec9be699ddabadc42c,13c8bb7cb4c9d571930eec060bf12c05,delivered,2018-07-21 22:50:08,2018-07-21 23:05:07,2018-07-30 14:52:00,2018-08-02 19:02:08,2018-08-16 00:00:00
07c60b22ef2c61750215fd44cf67f928,b0c13215e53207d4d0469c45832011bc,delivered,2018-08-05 21:07:49,2018-08-05 21:24:25,2018-08-08 15:17:00,2018-08-13 18:28:48,2018-08-13 00:00:00
032d90128bd4c1c63e317ab45ddc2879,129890a15e5868e3c3a8cf15f5483a31,delivered,2018-08-02 19:32:34,2018-08-02 19:45:18,2018-08-03 14:41:00,2018-08-08 13:19:55,2018-08-15 00:00:00
0a896d016dd3a53c584129cd14e0875c,57d673d104da338f0c80a321e20ef683,delivered,2018-07-21 17:09:43,2018-07-21 17:23:58,2018-07-23 13:35:00,2018-07-26 02:24:45,2018-08-02 00:00:00
00f621226c6f4e938348f6f3a71fdc62,ea15bb903b8f82b3f8ebdb8a9f305154,delivered,2018-05-09 14:32:45,2018-05-10 03:49:54,2018-05-10 17:00:00,2018-05-17 18:59:51,2018-06-04 00:00:00
019bdbaef5b5121c9b1811976aa510a5,7f340a499d079212d76e5a57f5d42389,delivered,2018-05-08 11:08:03,2018-05-10 03:36:39,2018-05-10 14:40:00,2018-05-18 20:30:44,2018-06-01 00:00:00
03b566bccfbc64cf92b82db663a243f8,5666c037aed4dc726ddf2e0999782cc1,delivered,2017-10-31 19:19:12,2017-11-02 02:26:55,2017-11-06 19:51:37,2017-11-16 19:42:23,2017-11-29 00:00:00
04784f58d6d77df7f4c12da82a4577dc,f3ce5e2f314944574d86bfa26a1f1e27,delivered,2018-04-15 19:14:47,2018-04-15 19:31:01,2018-04-19 23:48:24,2018-04-24 21:28:46,2018-05-15 00:00:00
04dd35719b3865db080c89c54b9f5b6a,bb3bdf949a58ff74c17d6aa4c1f94da2,delivered,2017-07-14 01:40:53,2017-07-14 01:55:36,2017-07-14 17:50:38,2017-08-01 21:27:34,2017-08-29 00:00:00
0a74dbb3f48ca542f83c5911f24e472d,9e39eb9bd22c75888a0672ec4b62d56b,delivered,2017-04-21 21:23:04,2017-04-21 21:35:18,2017-04-24 15:02:27,2017-04-28 17:14:17,2017-05-16 00:00:00
062ce984a468dfa021e43bdf17ae158c,6962cfc35f21a68b37734f341484b193,delivered,2018-04-26 18:53:53,2018-04-26 19:11:40,2018-04-30 14:00:00,2018-05-07 17:46:45,2018-05-18 00:00:00
00bd8cf08fa3998ea6ad6d16c2165822,03e0ca8ff692a46af071866422dded4c,delivered,2017-12-01 10:47:44,2017-12-01 11:31:16,2017-12-01 22:15:09,2017-12-05 13:20:43,2017-12-26 00:00:00
02c279c60b8aafcb89cb42f9bc4b754e,68d7fce44a1b7df663bc8086b9aa5d22,delivered,2017-04-04 23:39:14,2017-04-04 23:50:26,2017-04-05 13:48:07,2017-04-10 14:04:06,2017-04-27 00:00:00
084ba8afde2ae7dcc7610239f97b7d43,5d1f4036c008db431004d390d7920638,delivered,2018-03-12 14:56:44,2018-03-12 15:10:30,2018-03-13 22:32:31,2018-03-19 13:58:49,2018-04-05 00:00:00
0c7c52a4d8b572ef9b01e3cdd38288e6,37c30eff2884832f789f75fc250b87c5,delivered,2018-06-28 18:52:47,2018-06-28 19:11:41,2018-06-29 12:46:00,2018-07-09 22:16:41,2018-07-23 00:00:00
09233a8391db7e924af12815e4c07423,7b9b8d7961c1d95d51f951fd8fb67229,delivered,2018-06-11 13:11:43,2018-06-11 13:38:30,2018-06-13 14:38:00,2018-06-20 16:37:40,2018-07-05 00:00:00
05deb664157a8c5022b440fc420bb397,060a46317755b43c75aa45102a4e96d8,delivered,2018-07-21 19:55:08,2018-07-23 16:00:18,2018-07-25 13:01:00,2018-07-30 16:22:00,2018-08-06 00:00:00
0b3d8a1bbaa4e340e25adfd640f70308,62d5c37f279182017dcd13820676a511,delivered,2018-04-13 01:14:51,2018-04-13 01:30:21,2018-04-13 19:18:37,2018-05-07 21:11:43,2018-05-16 00:00:00
02905bba6aafd777542dacbfa8f4bc2d,d74c3362224f461a90b59790374dd103,delivered,2017-12-09 18:24:30,2017-12-09 18:32:25,2017-12-13 12:14:45,2017-12-26 22:24:45,2018-01-11 00:00:00
0a93b40850d3f4becf2f276666e01340,a70076d8d4bfce15f8081951c43bf187,delivered,2018-01-20 14:24:50,2018-02-20 11:51:27,2018-02-21 19:34:13,2018-03-02 22:37:49,2018-02-23 00:00:00
0340d758cc0da066316cbc55fb7f7596,4ccb9f83aedb33faa7a13cc3ba34a56e,delivered,2018-02-20 08:48:01,2018-02-20 12:40:31,2018-02-26 19:10:14,2018-03-16 20:22:00,2018-03-16 00:00:00
0494b383f6155152ea987dde9647004b,a1b75d3bea2c98dc6f4f8725b82ccdfc,delivered,2018-01-02 11:59:49,2018-01-02 12:09:06,2018-01-08 22:06:46,2018-01-12 21:39:58,2018-01-18 00:00:00
02d2fbf1c9a20d04ceab86eb736fa22e,9befa54088a64c56bcba0c4328fdcd1d,delivered,2018-06-14 16:09:47,2018-06-14 16:38:12,2018-06-15 10:31:00,2018-06-19 15:58:44,2018-07-04 00:00:00
0c69307b707522f4bf7267c44d06e182,f87aac5df75e3f9313e11992505157c1,delivered,2018-04-26 13:34:04,2018-04-26 13:51:39,2018-05-03 14:27:00,2018-05-10 00:28:58,2018-05-24 00:00:00
01d72d42aaedb3736840132071d51100,7f19d565d956cc2fe3f01a860e841ae4,delivered,2018-03-20 12:44:02,2018-03-20 12:56:36,2018-03-22 21:13:15,2018-04-05 18:12:08,2018-04-12 00:00:00
0ba1123843391ede0901811438202c24,06a6d9bd1d738261179b6cf3d313458b,delivered,2018-04-30 14:13:38,2018-04-30 14:32:42,2018-05-02 12:18:00,2018-05-03 17:30:48,2018-05-18 00:00:00
001ac194d4a326a6fa99b581e9a3d963,f4f17ada91ef010cbde3892ae54e625f,delivered,2018-07-04 11:39:11,2018-07-06 02:51:10,2018-07-06 08:58:00,2018-07-12 17:48:49,2018-07-17 00:00:00
070678021e2517b12a66622b99dca958,46a1813034015030b247e4e39432f55b,shipped,2017-09-05 18:51:14,2017-09-06 19:03:23,2017-09-12 20:56:37,,2017-09-25 00:00:00
03cdb68275d2470616d79840dd83e1a2,819dfc3d34559a6b343fccb30b39a3f9,delivered,2017-04-12 07:22:33,2017-04-13 02:42:33,2017-04-13 15:48:01,2017-04-28 11:28:57,2017-05-18 00:00:00
00a12754417a49a9dec20361849aa917,4cb9c04be8cfbc5c1e0519344c72a5ed,delivered,2018-05-08 21:58:57,2018-05-08 22:15:28,2018-05-09 12:34:00,2018-05-10 18:26:22,2018-05-16 00:00:00
055cfc7366f3dfdbca102536d95381bb,9af9b372722698b16172ddf27eacab34,delivered,2018-06-05 19:34:59,2018-06-05 19:54:53,2018-06-06 14:05:00,2018-06-11 20:18:41,2018-07-04 00:00:00
08cae26133a5501cdf7b13db6bcf39e6,15d7dbcd027b5b24866db33e2b819021,delivered,2018-01-30 14:58:10,2018-01-30 15:11:27,2018-01-31 23:08:38,2018-02-05 15:16:59,2018-02-21 00:00:00
03d631cfa59f71c4a9cd31a6bb7467fe,f93b631ae6e592bbe9dbd11ad77af237,delivered,2018-06-04 11:01:31,2018-06-05 14:31:50,2018-06-11 14:41:00,2018-06-18 16:24:54,2018-07-19 00:00:00
061a6c0d2222c7c9f49a21e108579b49,546c427cda01bf664853d185e4cde13b,delivered,2017-02-08 18:28:10,2017-02-08 18:42:51,2017-02-14 11:35:31,2017-02-23 19:18:37,2017-03-29 00:00:00
0b7ed5e5b6354118fdeec73b9f9fd8a9,85c864d898f25bc2b56b33d13aeae880,delivered,2017-06-11 23:27:12,2017-06-11 23:35:12,2017-06-12 13:20:38,2017-06-16 13:45:59,2017-07-03 00:00:00
02e15a348e5f7ae74cd23e7904095aee,e4f455e7f3768d5ef4bc4deb24a65a30,delivered,2018-04-02 16:07:39,2018-04-02 16:30:30,2018-04-05 15:40:51,2018-04-10 23:58:36,2018-04-23 00:00:00
014405982914c2cde2796ddcf0b8703d,2de342d6e5905a5a8bb3a991c855f3e2,delivered,2017-07-26 17:38:47,2017-07-26 17:50:17,2017-07-27 19:39:52,2017-07-31 15:53:33,2017-08-17 00:00:00
02b09d03f22e1da491e4d578a0bc3f90,9ad2ff61802821ec369d655bc8482e00,delivered,2018-03-05 12:17:21,2018-03-05 12:30:33,2018-03-06 23:22:17,2018-03-14 01:50:48,2018-03-22 00:00:00
02d0cd05f04ab2e3c1acc473b0abc865,7a8cd6b234a923bf3984d793b0b64154,delivered,2018-03-25 14:19:18,2018-03-25 14:30:49,2018-03-26 22:42:17,2018-05-16 12:24:28,2018-05-03 00:00:00
0ad0daff42cf44b50d0bac4c64722e4f,19970def56bdc13635f5591fc47a3727,delivered,2017-04-30 11:27:15,2017-04-30 11:35:19,2017-05-05 13:58:06,2017-05-12 07:07:51,2017-05-25 00:00:00
0ba4b12916fc52234012c61ed7ebce94,73e1d8182bdefebf6613a9b73abb0505,delivered,2017-10-19 23:03:56,2017-10-19 23:26:29,2017-10-20 18:32:11,2017-10-26 20:22:14,2017-11-07 00:00:00
0166ae6ff6d450bbac3eb4ed2885c0f8,a3347136bb1bbf91baf78c0972e1f3ea,delivered,2018-06-21 13:30:54,2018-06-21 14:00:04,2018-06-22 11:34:00,2018-06-23 13:46:34,2018-07-11 00:00:00
0406037ad97740d563a178ecc7a2075c,5d576cb2dfa3bc05612c392a1ee9c654,delivered,2018-03-08 16:57:23,2018-03-10 03:55:25,2018-03-12 18:19:36,2018-03-16 13:09:51,2018-04-04 00:00:00
0ca8999f0176e37f35b6e49a9b2569da,750f02af7b06bb81d84d3e44b9afc6d3,delivered,2017-10-06 10:52:01,2017-10-07 10:49:27,2017-10-20 20:33:58,2017-10-24 13:36:19,2017-10-24 00:00:00
05f215a71e36c6985cb764b530d1e45c,d2cd6ed96a57803ba2f2422ab8707225,delivered,2017-07-18 17:07:11,2017-07-18 17:23:27,2017-07-20 18:27:40,2017-07-29 14:08:53,2017-08-16 00:00:00
021288ce4f15c031270df5259df1b551,e0588a026f187e4f6ec5cb1ae92380f6,delivered,2017-12-05 00:29:03,2017-12-06 02:50:29,2017-12-06 23:52:24,2017-12-20 21:09:13,2018-01-10 00:00:00
010f223ddbec749e95ef3f5414f9c4ee,0ffe52b2e3ef0d91f5387dbcca59a841,delivered,2018-06-08 18:57:42,2018-06-08 20:44:02,2018-06-11 12:26:00,2018-06-18 18:42:35,2018-07-05 00:00:00
0322e0a7d6d283584e3dc181c67b1d12,eaa679be83fb04a42082f0b60bb45355,delivered,2018-05-09 14:26:23,2018-05-09 14:58:46,2018-05-11 13:49:00,2018-05-22 15:18:32,2018-06-13 00:00:00
00f1a34f176151c4dcbd802c244e1072,be0d8abce3af32826fcffbd35cb3b73b,delivered,2018-08-16 15:21:03,2018-08-16 15:35:26,2018-08-17 14:00:00,2018-08-22 13:27:39,2018-08-29 00:00:00
0bfa29f2e2ca95b17ab75e7ecf1f9df8,4a4c09d4ad0ff0d20520bda4a709d1a6,delivered,2017-05-30 22:15:57,2017-05-30 22:25:19,2017-06-08 11:43:43,2017-06-19 20:03:27,2017-07-07 00:00:00
022aa0edf94712a82983961b98e4a9a1,df7a84452bd7d6921705ac34f40e864b,delivered,2018-06-25 17:25:43,2018-06-25 17:35:20,2018-06-26 19:10:00,2018-06-29 11:57:04,2018-07-05 00:00:00
049b358d74d74c40f7305eb4a4bc378e,2dc86eb45d955da9a9afa6f431ac00f4,delivered,2018-05-05 11:49:41,2018-05-05 12:13:16,2018-05-09 10:58:00,2018-05-15 17:07:12,2018-06-04 00:00:00
0c2cf3b3583c8f83ff9b3122d44fdaeb,5445f5f238cfaafc96fd267d5db851d6,delivered,2018-08-24 14:57:19,2018-08-24 15:05:11,2018-08-27 12:46:00,2018-08-28 18:32:28,2018-08-31 00:00:00
02f2c7fceceffdefd9a7e96abe08d93f,3a93b7b28f2d50b25c5bbb089d9b1f3b,delivered,2017-06-18 20:06:06,2017-06-18 20:15:21,2017-06-23 11:22:16,2017-07-04 14:17:47,2017-07-25 00:00:00
0380d4bc2621c9c80b674b729d4c6c02,ce66a27f4a8c469e2f21230797f9e90a,delivered,2018-02-15 12:26:54,2018-02-15 12:35:27,2018-02-19 21:22:43,2018-02-20 22:07:28,2018-03-02 00:00:00
0735a85a187bf67cfe490862c0e72bb0,91d3149d945965cc9dcb46ca1981f7c8,delivered,2018-04-04 10:36:31,2018-04-04 10:49:15,2018-04-05 17:03:32,2018-04-06 23:38:36,2018-04-16 00:00:00
000aed2e25dbad2f9ddb70584c5a2ded,fff5169e583fd07fac9fec88962f189d,delivered,2018-05-11 20:33:38,2018-05-11 20:57:03,2018-05-16 14:26:00,2018-05-18 16:46:31,2018-05-22 00:00:00
03b9c1e9a4406645c06dde26f4a704e9,c156f1d60c8d28bcd38c1f5720d50782,delivered,2017-02-27 09:27:13,2017-02-27 09:41:57,2017-03-01 06:52:31,2017-03-10 07:58:50,2017-04-04 00:00:00
079b09f210081037c1f444e2eaca1e38,751cc1b8ca15a4ecc70e07234b48019e,delivered,2018-04-27 12:54:04,2018-04-27 13:10:47,2018-04-30 12:38:00,2018-06-05 18:26:35,2018-05-25 00:00:00
01e6f40a293da5a9dc11e49695c7541d,ccea9568a9b9092688e949bcb955ddd0,delivered,2017-05-29 12:58:03,2017-05-30 04:30:25,2017-06-01 11:55:36,2017-06-07 15:19:29,2017-06-21 00:00:00
08c94cca559ddccd243fc551e088b856,74470427b2f2d1ecce8a1f7da289ee9e,delivered,2018-07-19 10:17:21,2018-07-19 10:30:11,2018-07-23 13:41:00,2018-07-31 15:42:55,2018-08-10 00:00:00
064406f58fe12697ff148d9a5851fe9e,5ce865a639501214aa516a7f5e1b8c98,delivered,2018-02-01 15:30:02,2018-02-02 02:54:04,2018-02-02 21:47:25,2018-02-09 21:08:58,2018-02-19 00:00:00
0cdc9c620e68547b5d7b5b5d974b675b,4ab85f6dfa508191b18fa85af3152a78,delivered,2018-06-25 01:48:17,2018-06-25 02:15:35,2018-06-25 06:38:00,2018-06-29 18:43:41,2018-07-17 00:00:00
005059edee63c8c708ba61910793b31b,d3b3960bebb0ff8c6edb75c8edd39212,delivered,2018-02-05 18:25:51,2018-02-06 18:30:33,2018-02-07 17:31:55,2018-02-19 21:39:12,2018-03-06 00:00:00
04f5536db820c4ea1450c353f92d5de5,15b56277e99bef5176b7074fbbb818d0,delivered,2018-04-22 19:19:45,2018-04-24 17:33:43,2018-04-23 18:03:13,2018-04-24 18:45:00,2018-05-04 00:00:00
0b6f494044b2d9b79bb80f785ce292b9,8bcdb080533e93b661caaa8048121603,delivered,2018-04-06 09:59:29,2018-04-06 10:10:22,2018-04-07 01:22:18,2018-04-20 00:08:27,2018-04-26 00:00:00
0ce8dd4235e50ae2f8beff18c2ae0c26,eef37fcb3ff9f4de67b5378e23df22ce,delivered,2017-06-19 20:45:51,2017-06-21 02:23:49,2017-06-21 15:01:10,2017-06-30 14:47:47,2017-07-07 00:00:00
07f9acd4e59411df700a59f89d4da8ed,6748df8bad97104336f314fed57ce74e,delivered,2018-08-02 21:54:37,2018-08-02 22:05:15,2018-08-03 11:25:00,2018-08-09 20:38:43,2018-08-15 00:00:00
0a881bec2e3ae03ba47a8d04d5dfc450,88723f3ea83df04c26dd60644da2dd6b,delivered,2018-08-12 17:48:03,2018-08-12 18:04:31,2018-08-13 16:17:00,2018-08-15 18:06:51,2018-08-17 00:00:00
094df781ddda90e70dd08ad95476b181,36b56d749b05761cbde563cc6c791cab,delivered,2017-07-09 21:29:36,2017-07-09 21:43:22,2017-07-11 17:32:29,2017-07-14 19:42:17,2017-08-09 00:00:00
0207f5a2635f4e2d29acd00fc01a36ba,c29253b809677d6b9de4371383f4da19,delivered,2018-03-05 10:25:28,2018-03-05 10:35:48,2018-03-13 23:08:41,2018-03-19 22:46:38,2018-03-21 00:00:00
07f6d8849f66cadda64c15cea9a6c321,cbc5c5990f9987b6ffb980cd2651a4d7,delivered,2017-08-31 19:51:00,2017-09-02 02:50:27,2017-09-04 22:29:55,2017-09-12 22:11:13,2017-09-27 00:00:00
0b13a698a0b7a62e8ec891081558b7aa,c9889c41f5b9cb77189f1af324eb1fe6,delivered,2017-12-22 22:03:05,2017-12-23 13:36:26,2017-12-26 20:10:22,2018-01-17 18:48:25,2018-02-02 00:00:00
0930df388b21f34fc3f0e3baa9a73016,981fa4abc1b27dee0fd30a98a2447de0,delivered,2018-06-25 08:47:42,2018-06-25 09:19:13,2018-06-26 07:06:00,2018-06-28 16:56:41,2018-07-16 00:00:00
05f24644b8019e68652b4216a5a5e956,f54d85c1e85a1f5d17c500a699b2ccc2,delivered,2018-04-22 12:44:46,2018-04-24 18:40:36,2018-04-24 23:04:23,2018-04-30 19:52:21,2018-05-18 00:00:00
0a681d622e6b5d09ddfa071a5785c916,e84f49649af1492bb0ce7d6df227a76b,delivered,2017-07-05 10:05:49,2017-07-05 17:39:54,2017-07-07 12:17:44,2017-07-14 18:59:31,2017-07-31 00:00:00
023e55afed85f9778758fba7752a9215,ba3635a32005efb8620da7e57b206cdc,delivered,2018-03-23 11:37:37,2018-03-23 11:50:24,2018-03-23 21:42:44,2018-03-29 20:04:49,2018-04-11 00:00:00
0a0e91f265e0c09af322a473351b61d1,5e7706e72682bce0815ac5ea59fac530,delivered,2018-04-22 18:56:23,2018-04-24 17:16:52,2018-04-26 12:25:00,2018-05-11 22:33:15,2018-05-22 00:00:00
0ccc28cc32fa5c8ca6a3b2d594700714,bfadadd0d97f4c52f859c1c4d809edf9,delivered,2017-11-04 12:03:25,2017-11-07 07:30:44,2017-11-08 14:41:51,2017-11-16 21:18:34,2017-11-30 00:00:00
0a9a43ac5fe59c6c4bee2a8f9b9fcce8,f11eb8f0b8b87510a93e3e1aa10b0ade,delivered,2018-07-02 08:00:35,2018-07-05 16:02:18,2018-07-05 11:10:00,2018-07-10 23:12:41,2018-07-27 00:00:00
048f4f6b6d2d3bc131665b2440c39f70,a82511bbc306aa12dff92b60de39e448,delivered,2017-05-25 22:28:36,2017-05-25 22:35:20,2017-06-01 11:55:31,2017-06-16 16:12:45,2017-06-27 00:00:00
099b01b8cc6b861aa593247b2f7e0b7b,68c3651d6752a9bf3b7797626f200e06,delivered,2017-05-31 19:57:21,2017-06-01 11:10:21,2017-06-01 12:07:46,2017-06-08 17:06:51,2017-06-21 00:00:00
003d9fc84ad902adf2265248b5ffe1a4,8c66482ec333eae596c93a9131981a9a,delivered,2018-08-19 19:43:01,2018-08-20 19:35:22,2018-08-22 10:06:00,2018-08-27 18:17:49,2018-09-05 00:00:00
0aeb20ab92028bf31d5d8b2314b03092,5faa65fc45f1cf27ea90df480d25129d,delivered,2018-02-07 16:35:03,2018-02-07 16:49:36,2018-02-09 01:43:12,2018-02-14 23:43:18,2018-02-23 00:00:00
0199115a1cbfc272c5bd53117772a64a,926c8544055f08fcf4a065407ebbba95,delivered,2018-03-22 17:07:11,2018-03-23 02:27:57,2018-03-27 18:06:54,2018-03-28 19:31:51,2018-04-04 00:00:00
08ade2fc02096cf490d463016e5ee02e,3174268a8b7e3f6eca7629f077ce08ca,delivered,2018-01-04 22:43:33,2018-01-04 22:50:30,2018-01-05 21:35:31,2018-01-11 11:57:55,2018-02-01 00:00:00
033a7061d514534d3459c3f1f06fe341,f4876daba766288ed5f2dfa645524162,delivered,2017-08-25 13:14:37,2017-08-25 13:25:18,2017-08-28 18:47:26,2017-08-29 18:47:39,2017-09-08 00:00:00
060e3be7253bd20351674ea9eec80ff6,88d700121a83fbf44927b9118fff97b1,delivered,2017-12-26 14:08:32,2017-12-26 14:28:42,2017-12-26 22:41:30,2018-01-07 16:49:05,2018-01-29 00:00:00
01cec5c50d2d0e069a3227efba9f16f7,df5942d345b799c2e2819e9ddb4fb0c0,delivered,2017-09-16 10:26:47,2017-09-16 11:03:39,2017-09-18 13:51:40,2017-09-26 16:56:06,2017-10-05 00:00:00
06b0e5a0e09e97a92ab2614c36c4bea6,80d02feec2eb2a0d3534442afe4e0e2a,delivered,2018-05-03 14:32:27,2018-05-03 14:55:03,2018-05-04 10:49:00,2018-05-10 00:28:49,2018-06-06 00:00:00
0368dc5a797fb5e3dbca70876ad9c164,f5fec5490721245b7c3e23cdd1cf277f,delivered,2017-05-27 16:55:31,2017-05-27 17:05:15,2017-05-30 15:26:51,2017-06-07 13:14:34,2017-06-28 00:00:00
0406e86d8cc991f78438e19919b901de,efef4f3bbae37c2b4ff4d2f950299cc0,delivered,2018-05-02 18:03:05,2018-05-02 18:58:31,2018-05-03 11:04:00,2018-05-09 20:11:59,2018-05-22 00:00:00
020f64bdb28111d057f49277da918771,5f34e2c2466a63ed9257b5925326292a,delivered,2018-06-09 09:33:47,2018-06-09 09:52:03,2018-06-11 14:31:00,2018-06-13 21:26:23,2018-06-25 00:00:00
0942763b4318676d85b3185d80f57cd3,aff091d3610e27f6a5354d603830e328,delivered,2017-09-14 14:40:08,2017-09-14 14:50:07,2017-09-15 21:33:07,2017-10-10 23:33:03,2017-10-05 00:00:00
0518657f142278ad13d645c6b5b0a669,544b2f3a716fad7a3a4fa19ec23b409d,delivered,2017-10-20 12:57:34,2017-10-23 08:49:13,2017-10-23 22:21:56,2017-10-31 15:36:54,2017-11-14 00:00:00
032bc75236a1cbaf410bb596a509e774,a0ba6852184c70cbee04bed3909bf011,delivered,2017-01-20 22:18:06,2017-01-20 22:25:17,2017-01-23 09:03:46,2017-01-30 18:35:00,2017-02-16 00:00:00
0558d3449b449e4da4a5793f542d0785,ce99258e67eef2067b629f94c0f92100,delivered,2018-06-28 22:49:45,2018-06-28 23:11:02,2018-07-04 15:20:00,2018-07-10 21:18:55,2018-07-23 00:00:00
00b1861aeb89afa498404c684148a619,b8e531fc27d1abbe69022fc27589b3a1,delivered,2018-08-08 08:18:03,2018-08-08 08:30:14,2018-08-08 15:54:00,2018-08-15 15:12:23,2018-08-24 00:00:00
0a75d2b40c23e608bc7bac42a6c8e508,93a5e793bf8dc1e6cac4e312568ed7a6,delivered,2018-04-01 18:47:50,2018-04-02 18:52:17,2018-04-03 17:08:43,2018-04-20 19:42:52,2018-04-18 00:00:00
00d8d65b666158b633f96054d31af43b,5e98d1f8f0534c460557d71961a7f10a,delivered,2017-10-13 19:57:48,2017-10-17 04:24:35,2017-10-18 10:53:25,2017-11-07 20:38:45,2017-11-07 00:00:00
049446a8732fca98a50e6767bb58bd49,2a87d659cbeda27d3a87ab195bd44a9d,delivered,2017-12-04 07:15:00,2017-12-06 02:50:19,2017-12-07 15:47:13,2017-12-26 19:06:56,2018-01-03 00:00:00
04b21593198275390ded3d92c6d9fd6a,bf6eadd476364dfccd9590d4e14309a6,delivered,2017-11-04 14:41:09,2017-11-04 14:55:25,2017-11-10 20:52:58,2017-11-29 18:39:07,2017-11-28 00:00:00
03604d9c184f9290e997c49fb585b2b5,5af6ac8bc746760092c8e0ddeed00f56,delivered,2017-11-06 18:48:57,2017-11-08 17:30:52,2017-11-09 17:55:50,2017-11-22 03:08:42,2017-11-28 00:00:00
06d9e69034388abf6da64378e10737b8,afef0047e43944e8c6630ec0d0f7de2e,delivered,2018-07-30 10:42:40,2018-07-31 09:10:11,2018-07-31 14:24:00,2018-08-09 22:18:29,2018-09-10 00:00:00
0a297271052d25a8fd815cd06ec90aaf,5a381c51e7136dd667ae7ed7e6893dc3,delivered,2018-07-24 10:42:38,2018-07-24 18:44:17,2018-07-25 10:39:00,2018-07-27 22:32:11,2018-08-01 00:00:00
055b09c841dc52097e688df51b163310,0b83af8e524bbb2aa83ba090f5be21ff,delivered,2018-04-26 20:30:00,2018-04-26 20:51:17,2018-04-27 14:17:00,2018-05-02 19:12:23,2018-05-22 00:00:00
065d95bb9e6d5bbc0a5a2c40579b16e5,e92376215b80c2c97a67489e50927147,delivered,2018-05-08 09:38:47,2018-05-08 09:55:32,2018-05-10 19:05:00,2018-05-11 23:04:51,2018-05-21 00:00:00
093dea0d5b7854e484d59d15b2243006,4a09496c03782d8f7e5d9fe65d3da015,delivered,2017-12-11 11:57:42,2017-12-11 12:10:59,2017-12-11 21:41:52,2018-01-05 14:44:32,2018-01-09 00:00:00
0a245a02fe848f9fe7d36aba3f785d78,6d5507371e40197f19156f69f015c9f8,delivered,2018-05-21 21:29:28,2018-05-22 23:17:57,2018-06-11 14:31:00,2018-06-13 10:43:44,2018-06-13 00:00:00
023b3575b6649cf01cb239c0e9603262,6b994d4f438ab832290549dd01b35032,delivered,2017-12-28 01:15:31,2017-12-28 01:28:00,2018-01-04 22:59:16,2018-01-15 12:22:29,2018-01-30 00:00:00
09349cbc001ff756f199a461de7a39b4,32fb720c1193f952fcc705a6752d08e7,delivered,2017-11-15 15:52:53,2017-11-15 16:07:30,2017-11-16 15:25:51,2017-11-17 20:38:34,2017-11-29 00:00:00
0c9e044483d9a7ed3543da28c65f36b2,d6d2004b0dd3b0fce72d46fb5ddacef9,delivered,2018-03-02 13:16:23,2018-03-03 02:50:56,2018-03-06 23:41:38,2018-03-21 20:48:33,2018-03-27 00:00:00
03b218d39c422c250f389120c531b61f,db857a86c685a6a3a02a705961ec1ff1,delivered,2017-01-14 14:20:01,2017-01-14 14:30:43,2017-01-16 09:23:45,2017-01-18 10:53:42,2017-03-01 00:00:00
0745fd0c5e5bd55f752798a152b1d04b,c24fc4f24d2c6bd64d612774f52d6a97,delivered,2018-08-17 15:45:42,2018-08-21 04:30:19,2018-08-21 14:53:00,2018-08-30 16:08:27,2018-09-19 00:00:00
0a6f6183affc58729c775e30654be436,2bb87da72f42e1d9ece846a158974854,delivered,2018-04-11 17:41:30,2018-04-13 02:31:50,2018-04-14 01:41:47,2018-04-16 14:50:46,2018-04-27 00:00:00
001427c0ec99cf8af737bd88e92fd444,eab9c552374be06ed15923016dc9e588,delivered,2018-04-07 18:51:22,2018-04-07 19:08:28,2018-04-09 23:29:32,2018-04-25 23:38:41,2018-05-10 00:00:00
05ac54e2c004e051fa139f2efc01fadb,96914fdd5f6874118ee6539bd4a0634e,delivered,2017-08-07 21:25:10,2017-08-08 04:25:18,2017-08-10 15:53:19,2017-08-11 18:22:51,2017-08-18 00:00:00
0b93889b7e9059e7715f55306f977460,dbe4a02a9b2165a9b01e2e84ff17d5b2,delivered,2018-05-15 21:21:58,2018-05-15 21:35:44,2018-05-16 13:09:00,2018-06-20 21:32:54,2018-06-06 00:00:00
0ccb5b7bf95c5b642f3717b08c633361,9c75150ccee7d27156bd4b0b05c828da,delivered,2018-07-07 18:35:06,2018-07-08 18:30:13,2018-07-10 14:07:00,2018-07-13 15:07:29,2018-07-26 00:00:00
03a4e2b0555e9decc299d5f094056892,82ad287ffd79d1492f0291e8d41dde20,delivered,2018-05-15 08:57:40,2018-05-15 09:14:42,2018-05-16 14:49:00,2018-05-21 16:56:39,2018-06-04 00:00:00
0466015790ddd0ed7a2e65a6ca039c73,bec34e289955dde2437d70e6d8be480d,delivered,2018-04-13 12:40:08,2018-04-13 13:30:29,2018-04-17 13:32:30,2018-04-24 21:44:44,2018-05-10 00:00:00
06a7cc29c9ea73fb0e7d4dc3d9284a76,790b71dafc9a25097d6a911c65f351f6,delivered,2017-11-24 22:46:29,2017-11-25 00:58:33,2017-11-27 12:55:12,2017-12-02 19:17:30,2017-12-18 00:00:00
092de8ef0dad90862e5c0dfb15a10790,398899392bf588aac4d8668ae3dca492,delivered,2018-06-20 17:46:25,2018-06-20 18:46:56,2018-06-23 08:53:00,2018-06-29 19:32:22,2018-07-19 00:00:00
0539e3f47ed27c984efee378a2aa7f07,a2c403073285474c9bb42414f75badde,delivered,2018-04-09 19:42:09,2018-04-10 04:11:08,2018-04-10 21:56:28,2018-04-17 21:50:56,2018-05-07 00:00:00
05104976125ea1e5cc04bc1f506a436a,161045ee99ad91883dbc1a6d26127785,delivered,2018-08-14 11:44:44,2018-08-15 22:44:03,2018-08-20 13:31:00,2018-08-25 15:15:32,2018-08-24 00:00:00
079ade008533bd5cb246826aceace87d,d1fc28d14e2807fee09df0a9157a28ce,delivered,2018-01-22 01:24:25,2018-01-23 03:53:01,2018-01-23 22:54:19,2018-01-25 17:39:45,2018-02-06 00:00:00
00054e8431b9d7675808bcb819fb4a32,32e2e6ab09e778d99bf2e0ecd4898718,delivered,2017-12-10 11:53:48,2017-12-10 12:10:31,2017-12-12 01:07:48,2017-12-18 22:03:38,2018-01-04 00:00:00
0686d4f89fdf2b3625aa705b7ed7ac95,0ce7a95e45a3f8c60b04c0feabd7fb95,delivered,2018-03-17 10:41:45,2018-03-17 10:55:24,2018-03-19 12:41:49,2018-04-11 20:41:24,2018-04-05 00:00:00
099acf2a98eba9bab889af025be407b7,7c2a55810a39cd8421f6fd48f88210ac,delivered,2017-08-15 13:24:17,2017-08-16 03:10:33,2017-09-06 16:04:46,2017-09-06 16:04:47,2017-10-18 00:00:00
06eed67b7a87cac349143f3319c2b9fe,632615afeadba799faf8226958a2eaa3,delivered,2018-08-10 09:09:10,2018-08-13 14:24:33,2018-08-13 14:39:00,2018-08-24 18:27:30,2018-09-04 00:00:00
0479573b338446f5fedbcf76cea3bc20,a2e4923be4b1e3437cd230f177b25ad2,delivered,2018-06-17 21:01:50,2018-06-17 21:15:10,2018-06-18 15:28:00,2018-07-05 23:33:17,2018-07-20 00:00:00
06d77e4ba21f283252286b6a72fb8fe2,230b221fa3e4d32fcc7525860fc8069e,delivered,2018-07-06 02:04:02,2018-07-06 02:15:08,2018-07-06 11:03:00,2018-07-09 17:48:47,2018-07-30 00:00:00
006cb7cafc99b29548d4f412c7f9f493,97dc92f1aae3a7db8b252d1b8466910e,delivered,2018-02-17 14:22:34,2018-02-17 14:35:28,2018-02-20 19:08:00,2018-02-25 13:46:52,2018-03-13 00:00:00
06fa245bf2ac2f602be83224fc55ae39,96c9939a5ec01aa77921f2701cade82c,delivered,2017-06-15 19:44:13,2017-06-15 19:55:16,2017-06-19 16:48:46,2017-06-27 14:11:56,2017-07-19 00:00:00
0ce15b4615f37580142c31f7da6147e3,54e9ecf855eeada42eebb2d344ae3d2e,delivered,2017-07-27 12:54:48,2017-07-28 08:43:58,2017-07-31 19:49:06,2017-08-03 17:52:44,2017-08-18 00:00:00
06d4759251d186697714a0c1a3fccb0c,f7a62c25dad6a0c5b8b69662e3a562b9,delivered,2018-08-16 10:08:22,2018-08-17 08:55:29,2018-08-17 14:57:00,2018-08-28 17:12:18,2018-09-04 00:00:00
02aeeaf3075593045bf2f59a7109e2c1,64452af16a3a2a817f9f56bd085e535c,delivered,2018-07-22 16:16:38,2018-07-23 12:32:20,2018-07-25 16:28:00,2018-07-30 14:52:52,2018-08-14 00:00:00
034198ae241b34a9bc0d85282408937e,c7a4f3b89bd89c8b47b3eab4a1df1176,delivered,2018-01-31 20:18:59,2018-01-31 20:30:49,2018-02-03 01:38:48,2018-02-14 23:28:50,2018-02-26 00:00:00
04f352fa3f3b02bb7c523906d577c4b8,7d330f9363872d46a4d38361586876a9,delivered,2017-11-11 19:03:58,2017-11-11 19:15:27,2017-11-30 18:34:30,2017-12-08 16:22:17,2017-12-14 00:00:00
098e4bd227693adc9a292cf3a42ea7a4,24c5a5251ee54a54a9497c6e82f321f6,delivered,2018-04-18 10:56:55,2018-04-18 11:10:55,2018-04-20 01:11:32,2018-05-02 23:19:15,2018-05-15 00:00:00
00c763284c0056eed753352f5559ff0a,0bbbcba4fb2d97e129f2f2622d82eabc,delivered,2018-05-31 23:51:24,2018-06-01 00:10:44,2018-06-01 14:42:00,2018-06-13 15:34:39,2018-07-04 00:00:00
01988bf5b8acbc4d6ced86e4d47fcb1a,32414a38e12950c3121fec300b889ee4,delivered,2018-01-02 22:04:57,2018-01-02 22:14:22,2018-01-10 18:09:44,2018-01-22 22:05:30,2018-02-02 00:00:00
021dac6e3120485db6a77474aa21b979,c40f7f00e91eb8a0da1e58484380a796,invoiced,2017-11-24 22:46:09,2017-11-25 01:53:42,,,2017-12-15 00:00:00
0095790a64527ec83aeaaf99023c050e,6081c7acb40f63731b3c982857c79581,delivered,2017-11-15 13:36:30,2017-11-15 13:50:26,2017-11-16 19:44:48,2017-12-07 21:46:56,2017-12-11 00:00:00
04daee30107ba31302f8528918ba7f37,58723c16d88f82622b9cd3888d90dd55,delivered,2018-02-21 11:19:32,2018-02-23 02:40:24,2018-02-24 12:56:32,2018-03-15 12:42:49,2018-03-19 00:00:00
01218a8a807fc187849529e6f12237a9,a652f27bc38cb4869b7d5d82902c0b16,delivered,2017-10-22 23:06:06,2017-10-22 23:14:25,2017-10-25 15:05:08,2017-11-01 17:28:49,2017-11-14 00:00:00
0115f8bb1dc16d3fac863ce1deb037b6,17ec3674dce86b3240e0a333cc51112e,delivered,2017-06-30 19:13:15,2017-06-30 19:25:18,2017-07-03 11:59:40,2017-07-07 17:12:36,2017-07-21 00:00:00
01a49649881d677e0c901ca0f6564382,07acb3c7b1fc507ae53e2e611d2b42a0,delivered,2018-05-16 10:57:19,2018-05-17 02:55:43,2018-05-24 13:47:00,2018-05-25 18:38:40,2018-06-14 00:00:00
03798f08af4c622b81b2c8f46c8bfba9,f4c561310fbfc0b28a3419ff3df88950,delivered,2018-07-25 15:14:18,2018-07-25 15:30:11,2018-07-26 11:08:00,2018-08-02 01:46:32,2018-08-16 00:00:00
0360de67db844d693e3060a8b79eac4b,8345aea75d31e321ecfe407c12cbf5e0,delivered,2017-07-31 10:23:38,2017-07-31 10:35:19,2017-08-01 20:49:30,2017-08-14 11:10:45,2017-08-22 00:00:00
022b1f3510a95b396431fec95f5de236,2584a8c397f871fab8d373d60dedd289,delivered,2018-03-07 11:34:34,2018-03-07 12:20:24,2018-03-07 22:12:42,2018-03-10 16:22:13,2018-03-23 00:00:00
070b9bc7d401021bcb0d4d7413bb233a,78c8986ae34f3ea1cbeeed9c5ad29f40,delivered,2018-08-08 12:03:37,2018-08-08 12:15:15,2018-08-09 13:38:00,2018-08-16 20:11:45,2018-08-21 00:00:00
0028de0ca693a1bb26448916a81105cc,4b4773853bbbc435ddddd51bd6c6a002,delivered,2018-08-15 14:59:36,2018-08-17 03:35:17,2018-08-17 09:45:00,2018-08-28 18:58:21,2018-09-11 00:00:00
0a6b605082c96184ffbfcee379404d6e,bf769edf40aab3125f27a234248b5da4,delivered,2017-06-16 12:32:19,2017-06-16 19:15:08,2017-06-19 21:14:56,2017-06-27 07:21:28,2017-07-13 00:00:00
020f8f4df303ae8aa39b806b766d2681,d588273738545bc6a0d30971bf72e938,delivered,2017-12-27 09:58:49,2017-12-27 10:10:33,2018-01-04 22:27:07,2018-01-09 21:58:57,2018-01-23 00:00:00
0b020adf769218b4661b301ce96c0ca3,5bfd5c9b641d1cc6da293adb821253ce,delivered,2017-10-13 20:27:49,2017-10-13 21:07:06,2017-10-16 19:40:02,2017-10-19 15:34:15,2017-10-25 00:00:00
08b46ab06eaf71cf043929ebf277e280,53d8052fb56568f144410fc5ff6141c5,delivered,2017-05-27 15:21:27,2017-05-27 15:35:16,2017-05-30 10:24:21,2017-06-06 13:42:55,2017-06-21 00:00:00
090d23542dd542b9a9e25fa9d5d9e528,73d09f34ade23726e0b2388af3b357e4,delivered,2018-06-01 14:31:54,2018-06-01 14:52:02,2018-06-04 15:21:00,2018-06-14 12:41:22,2018-07-17 00:00:00
007ff0b0f79be782f633fc3b18cbe337,fc021f2dd664b49455528422c77b6aab,delivered,2018-02-03 17:46:53,2018-02-03 20:10:10,2018-02-06 18:28:37,2018-02-14 20:27:04,2018-03-02 00:00:00
0aac3f6d27bb6ca9544b436813cec8aa,18a0915969a15a6ef74faae25f0838af,delivered,2018-01-02 21:22:55,2018-01-03 21:14:26,2018-01-05 21:14:10,2018-01-10 17:25:47,2018-01-30 00:00:00
017cf0b342401318dcaeb25478e13a6f,131227776a8b159a13938a0abfa95c5f,delivered,2017-12-30 02:09:39,2018-01-04 23:17:29,2018-01-09 23:16:11,2018-01-13 17:04:53,2018-02-01 00:00:00
08d138a502fa05af63ac4005311484f9,bb3ef6ad2a44a8b8f5218b23475a0b32,delivered,2017-07-18 02:00:48,2017-07-18 02:10:07,2017-07-18 18:04:28,2017-08-03 17:23:49,2017-08-17 00:00:00
0c699835432f5ca06e878ed73f893b05,662c1ac3aa47279d8438c925af1fc53d,delivered,2017-04-26 15:59:59,2017-04-26 16:10:17,2017-04-27 10:52:05,2017-05-17 10:04:51,2017-05-17 00:00:00
0572c996d9b4a7645bb071a158a64bbb,874b661d62c1e74aafa401942f9d94cb,delivered,2017-11-20 21:53:20,2017-11-20 22:07:27,2017-11-22 00:32:47,2017-11-27 21:28:53,2017-12-11 00:00:00
00b5e1c770b1868ec1b6b726be3aa9b9,8d9cf828f7181bf76915fddfdbb4148b,delivered,2018-01-03 19:13:33,2018-01-03 19:27:05,2018-01-04 23:08:01,2018-01-11 13:22:35,2018-01-26 00:00:00
0a8ad519fc5624a7862124decee24b27,a95dbea26da168d82f94f2bbf429868c,delivered,2018-02-01 09:15:49,2018-02-01 09:31:16,2018-02-02 16:19:13,2018-02-19 17:33:32,2018-03-06 00:00:00
000c3e6612759851cc3cbb4b83257986,3773bcf1a6fbd29233ea1c1b573c4f22,delivered,2017-08-12 10:08:57,2017-08-15 03:35:32,2017-08-15 15:32:51,2017-08-19 15:22:17,2017-09-01 00:00:00
07fcf4ec8cadbea34c5b508e35e716c0,6ab5adc744d5c894470ce74466a78a27,delivered,2018-04-17 16:34:04,2018-04-18 08:51:30,2018-04-19 17:18:36,2018-04-23 16:08:50,2018-05-10 00:00:00
0905f7137e1f4f12a50086594c3a3eba,fd4d78d4ac99d34e9c5d0f66a4540d8f,delivered,2018-01-31 19:34:44,2018-01-31 19:55:24,2018-02-05 14:05:51,2018-02-23 18:15:31,2018-03-05 00:00:00
079c9f53e6c3253320db701a645b0b9a,e5e0698e95094be297436cbd55c2dcad,delivered,2018-08-09 20:33:45,2018-08-09 20:50:17,2018-08-13 14:20:00,2018-08-16 17:51:09,2018-08-17 00:00:00
