product_id,product_category_name,product_name_lenght,product_description_lenght,product_photos_qty,product_weight_g,product_length_cm,product_height_cm,product_width_cm
96bd76ec8810374ed1b65e291975717f,esporte_lazer,46,250,1,154,18,9,15
03b63c5fc16691530586ae020c345514,bebes,49,728,4,7150,50,19,45
6a2fb4dd53d2cdb88e0432f1284a004c,perfumaria,39,346,2,400,27,5,20
d03bd02af9fff4b98f1c972315e5e9ef,moveis_decoracao,56,209,1,1800,40,10,30
8b3a9476f74f5297f7ff0ec6d95fe1ea,moveis_decoracao,63,254,2,2050,49,13,41
83b9bc6aae6f527ff6aafb9e01d6cbf3,brinquedos,20,866,3,2550,22,32,38
5f504b3a1c75b73d6151be81eb05bdc9,cool_stuff,38,1176,3,15350,47,40,47
bbf920aa6ac72007a726e6f419156f8f,moveis_decoracao,42,303,2,1300,25,16,25
1065dbb6b0bf03daaedab1236979e296,papelaria,49,488,3,1400,38,40,39
adf591c625cb265c12bc6749d3a2f757,beleza_saude,60,1146,6,150,20,24,33
723f62c36c298037716bf60c0ad0df3a,relogios_presentes,57,276,4,250,16,2,11
c33d78b97260227119fb2b71be168fca,cama_mesa_banho,39,170,1,650,27,10,22
bcd58b852a3b0152b6b384c4e4474ba2,cool_stuff,59,797,2,1400,25,20,20
e0bbe6292471ff5ab3752414baf78111,relogios_presentes,43,572,2,500,16,11,11
dd768d259ee6054e0dadd66c8e2be0b6,cama_mesa_banho,52,700,2,350,16,10,16
f9471562478eba8761bc985b968a0092,utilidades_domesticas,38,390,1,850,18,21,15
4473f3e5c65952b074ef987fa5c24662,telefonia,59,776,6,350,17,4,12
6b017e0d95d8765a6f2bed3bc272c61e,fashion_underwear_e_moda_praia,39,422,1,250,36,4,20
5e21d5cab5d33e770d8150a4ee6117db,relogios_presentes,60,312,4,200,16,2,11
68bfdbfe84f03af17733b10362f10020,moveis_decoracao,63,244,4,600,29,12,23
47969dd948e918289f809be899ddfb4c,papelaria,48,501,1,258,19,12,19
04869307f7e7dc5b07f1d83406ade1e5,brinquedos,58,443,2,3305,38,36,19
f4d705aa95ccca448e5b0deb6e5290ba,cama_mesa_banho,57,74,1,250,20,2,15
bbaef2eadf31fe3ea6702077398be06c,perfumaria,45,1003,2,400,18,11,11
e07f6e9343cad06f34d0a7a09eeac4d7,beleza_saude,60,537,1,667,17,16,16
532d7f19b8005e415f5b98a1cf4a8690,utilidades_domesticas,58,172,1,400,16,10,14
e10758160da97891c2fdcbc35f0f031d,,,,,2200,16,2,11
93c285dad77a797cf2193ead6afbe107,utilidades_domesticas,53,524,1,1800,25,7,20
0e40b1ed4cfd3da1962ec91913e54ba8,eletronicos,52,424,1,175,22,11,15
0a17941f41b99d2f070fab54b458a4a4,malas_acessorios,28,453,1,300,16,23,19
98190f6a2c3253d07ca86525bb238162,eletronicos,25,813,1,1836,61,6,24
e2c3ed9aaddfd2312a6a5fe9b3ddadd3,brinquedos,53,579,1,675,22,24,21
a1bf559ac1eab015ba992bd76d9d76c7,informatica_acessorios,32,1074,2,200,39,2,30
de984954e2e130136bcf8988bc973d90,instrumentos_musicais,40,234,1,1000,56,9,22
c6336fa91fbd87c359e44f5dca5a90ed,esporte_lazer,39,772,1,150,16,16,11
aba0932cedf32b2a7b6b832f11769613,beleza_saude,29,556,1,2000,30,12,16
a530b23a71594d0d986a30359e207762,moveis_decoracao,49,600,2,1400,65,12,12
599e5320aef0c7dd9e3fed9b2f673d41,informatica_acessorios,52,1224,2,700,20,20,20
b0cd550945da1de6eb9cb69595d540df,esporte_lazer,55,1392,1,900,16,16,16
ce130b350f529a1d6288f927da7404ea,cama_mesa_banho,50,171,1,1450,45,10,15
3c2f792f1041177a81913a977431a99e,eletronicos,40,549,1,200,20,20,20
eca26be90d3b3454dd69a13a05bdb46e,fashion_bolsas_e_acessorios,59,119,3,200,16,2,11
a2bd2eae20998a24c22b110334928b02,malas_acessorios,39,278,1,700,19,48,35
c354569eefd558bf201d0aedf35608ed,cama_mesa_banho,55,166,1,700,49,4,50
5027a29c73fb3aa5e93eae6867c9a2e7,papelaria,53,500,2,550,16,4,11
1dfb36d969d347f56f43590ec42c7b8c,esporte_lazer,50,1212,5,900,26,6,13
e24f73b7631ee3fbb2ab700a9acaa258,fashion_bolsas_e_acessorios,60,1118,6,2250,22,15,20
11dc4053871ff53ff79fb1fc7e6b160f,esporte_lazer,29,347,1,1600,100,7,11
06efa56b8557e1efcb2c107f55d1a8dd,ferramentas_jardim,60,481,4,600,19,7,14
0bb7cb61f1957f79dac582ab66ccdc1f,utilidades_domesticas,45,561,2,553,18,9,15
77c0d362526797bf132aaf564b1e436d,ferramentas_jardim,45,616,3,1400,20,20,30
2efbce46d36d9af306d4300db163b276,beleza_saude,48,762,1,270,16,16,15
3488d2ce36e718097c1509444289ef7f,perfumaria,40,1176,1,514,18,12,15
ac1290e4432c1f2662b71ac47da47691,telefonia,43,533,2,125,19,3,11
5b488b474a4f2519b7826390b1873a58,utilidades_domesticas,60,1206,4,4100,51,31,31
ce8a29973a1fed3f8d22ea5514d9ea07,eletronicos,56,505,2,200,20,20,20
a314a62cff3e5725f545fa263aed7a7b,cama_mesa_banho,48,120,1,300,40,4,30
17da5d80ea0eeabd565083183027d588,bebidas,59,879,1,700,20,20,20
dd2ca29c9d0f93d3b1d28d7d7ee3025c,moveis_sala,24,356,2,7750,33,25,33
1c36a5285f7f3b1ed2637d7c528ce5ff,malas_acessorios,21,769,4,1600,55,37,30
3931aaf38ba4cc928100541ff51b82ff,informatica_acessorios,45,554,3,400,16,4,16
1dce3fd38c13a3e74fe5000f33858442,automotivo,58,674,3,1800,22,10,18
f102842fbe436027eeeb7fc76d3063aa,consoles_games,59,434,3,350,20,20,20
860dd3635c61aba2d7ddea90b7d471b2,beleza_saude,50,1083,2,452,20,11,18
44d958961868395bfe852e70d48081f4,brinquedos,31,254,1,200,16,10,11
a963ea4d494221de09b70f1b4a70edbd,informatica_acessorios,58,240,1,150,35,8,11
593236d0ff46b4299b4787fb8d43f7f0,industria_comercio_e_negocios,44,1396,2,7225,16,103,25
386486367c1f9d4f587a8864ccb6902b,cama_mesa_banho,54,120,1,835,40,9,33
84db874a1a2d895b0eece26cc9bb3dd3,cool_stuff,55,418,2,1250,36,16,24
0eb8e03d4ef83152c4642b606b5bbdec,moveis_decoracao,47,348,1,2900,40,10,35
464383c22e65860826cf78650fe0f4e4,consoles_games,49,781,5,200,16,16,16
cc68bcd2a2720e95aef8b6cb71f62ed9,esporte_lazer,54,660,1,154,17,10,13
9fa0c72476690fbc66bcacc498fe7fd6,informatica_acessorios,34,1122,2,100,18,11,14
f0ea71b6e2ab4cb3bd8f5ba522a25a56,,,,,1300,30,20,30
61a53738adc5c0e8d243553320f9ba1c,esporte_lazer,59,1104,1,8809,52,52,17
54af11c815f92135fb554bd9c97dd418,cama_mesa_banho,57,520,1,950,29,10,25
37d2e3656244fd840ebd0460360455cd,papelaria,36,215,1,700,45,10,31
67ff96903c597ba4b1d7f668734bc3a4,construcao_ferramentas_jardim,34,376,1,65,17,12,17
121b9686b9929855d823981fc655a6fe,utilidades_domesticas,55,747,1,6250,53,23,28
6c90c0f6c2d89eb816b9e205b9d6a36a,informatica_acessorios,41,260,1,775,21,18,26
af5dce27d2097e3cbfeb25ad9eac092c,cool_stuff,52,330,1,1650,33,44,19
3abf2d4698bf245577543ea01d9c7f16,,,,,200,22,14,14
33202a8e7a645388c41ed714203d7131,alimentos,45,911,1,3350,20,21,20
bae8ac5e125a98fe445bc17714104709,malas_acessorios,57,455,3,10700,40,100,16
59f8cb217c16b9d838ab8f6d92fd2eea,automotivo,32,1313,2,250,18,19,15
75f3ef6a5cb0f2d5aeef15925f0ccf69,consoles_games,50,429,4,530,18,24,18
1fd68fefef8ff576fc3fac7db97f67f1,cama_mesa_banho,53,558,1,2400,41,11,36
ce87eb0f80420c505b53adef21bf93d6,livros_tecnicos,18,612,1,500,23,2,16
d3f4f3de0f4576184674937d1e9cecca,brinquedos,51,122,4,450,20,31,30
53b36df67ebb7c41585e8d54d6772e08,relogios_presentes,33,523,3,584,16,11,13
4a0c2a56e65c941a0bb9874c47dd66d8,cama_mesa_banho,58,2375,6,1400,30,20,26
96f6baf4d6a2f7c90932573600903489,casa_conforto,30,503,1,700,18,12,18
036734b5a58d5d4f46b0616ddc047ced,telefonia,58,751,5,300,17,4,12
a22f707cfd269773138c3bf3a43f6180,moveis_decoracao,25,253,3,7000,25,25,25
4b54c1f607b7a55ec9a34555b5607539,automotivo,57,703,6,4700,47,19,23
bcac2cdcd851929a5caa3e1508d5abc9,utilidades_domesticas,45,928,1,800,39,6,28
385a33a408e9c35c9fbc2025c12f3784,informatica_acessorios,52,967,1,220,22,13,12
85d187257cdbf2692d10649a11c7e78b,malas_acessorios,47,414,1,2000,35,27,12
eb6913790ee61d3d4d8dffcbbedea827,pet_shop,57,1268,2,102,20,6,13
148d27957e1653a2e9c8c3771f5a5a0f,relogios_presentes,60,628,2,200,16,11,11
a7f2b139c27a47d32a6ab4529c65c134,relogios_presentes,59,168,3,200,16,2,11
557484a8965bdc4e548658239f7663fd,ferramentas_jardim,52,1493,6,4000,30,21,24
2f763ba79d9cd987b2034aac7ceffe06,eletronicos,45,1198,2,595,8,6,6
31d6f0a621ee145ae8c70304cf564483,relogios_presentes,54,691,2,200,16,2,11
d2806dfb8e3474bcba8b5bcd771ff12c,brinquedos,58,789,2,790,28,24,31
a93ad122024312ca432da7f7b32474b4,cama_mesa_banho,48,267,1,1588,48,12,44
1fd95182c672cf5b10c82207ca5dab97,automotivo,58,797,5,1100,23,7,38
089cc17c8bf2226d13648392e33dabd7,informatica_acessorios,32,999,3,225,17,5,20
b88d27345de2feed45475bb48cca74b1,papelaria,55,787,2,300,16,5,17
c857b96593773e940454e76efa8eabb3,moveis_decoracao,55,133,1,700,35,4,30
4834f24983a4f056e5ae64265f723aaf,eletronicos,52,468,3,230,16,14,15
6722735e7b6ea43bbd86b1c9074c3057,automotivo,52,231,1,1050,20,16,16
a8115d34a4b7b74388da609692162c37,informatica_acessorios,34,1080,2,250,41,2,29
9f69acd4da62618a3f6365b732d00ccd,,,,,850,27,13,21
331f7c3a5502a8007a966f70e151e89d,automotivo,41,547,4,100,18,13,13
bb706a70fa03c46aa8d5f4a15505ce1a,moveis_escritorio,55,594,1,650,20,12,15
e2acf075e3634e6f0c26e4e88c1bf9d7,moveis_sala,33,332,1,6750,54,18,53
f71c0f4ee48321ba6b82205b2fc9e08f,moveis_decoracao,30,669,4,975,35,25,21
812f428f6757ab16c46cffc68f2e90c5,moveis_decoracao,53,1991,2,600,60,7,14
b5c114b11d53b6fd85a6a90790f0b479,utilidades_domesticas,30,678,3,267,24,15,12
2d80845a6f78e68221e4965655a9a9b8,eletrodomesticos,54,192,1,150,27,13,17
31a2f42a87890f87d77daebdfabc182e,brinquedos,58,419,5,1700,30,35,25
8cab8abac59158715e0d70a36c807415,esporte_lazer,56,1392,4,1050,40,20,30
b520bae2a8c9790cac40196cb2025283,moveis_decoracao,40,94,5,200,16,5,20
e71435b372f90893385344e8be3a7696,utilidades_domesticas,43,2372,1,1350,44,11,25
8934769521d632e65c27992662f05673,cool_stuff,26,1105,3,200,17,4,13
50f1880f1989251727fbbfe8c0a346a6,cool_stuff,54,661,2,1450,42,25,15
2bb3e85f2a403543fdb64e266e70c792,brinquedos,57,925,5,19450,45,50,45
902a8b8bb0768e8562edc2d903337812,bebes,33,104,1,750,40,11,35
0fa699aaa0a38aa5d1de8e7fe04d2204,,,,,17900,48,32,28
7736ea239e147291f6adb766c992beb1,cama_mesa_banho,46,128,1,250,40,4,30
977f845fc71d6dfd5af3a0aaaabf2161,bebes,46,1947,4,10000,50,34,50
694f7daacd749d7bde487e0f9675c5b8,malas_acessorios,55,1002,8,850,30,15,15
283f243bb09e48e8f324d175182d5cfa,telefonia,60,1440,4,225,18,5,16
6e1b14d3cbb5fb3a2c00351007127dfd,cool_stuff,55,985,1,1625,44,24,32
d0fb1e667e989933a80444f93da833c0,utilidades_domesticas,47,390,3,525,18,19,16
acef497c1130f71ccfe63aaa1c9a607d,beleza_saude,53,2496,1,200,16,6,11
87f6e794e8e759e774a4c34590565036,brinquedos,59,1961,6,950,35,6,25
70906e04da1eebf3d1b8791bd09ffe85,informatica_acessorios,51,518,1,214,18,14,13
f74eb9bc847b5e5e906e5e214bb451b8,moveis_decoracao,59,438,1,900,30,4,20
2d27434c710806b971a721da337a112a,relogios_presentes,58,401,2,200,16,2,20
bf06a69bb27c58156391de458700f3e7,relogios_presentes,60,272,5,300,16,2,11
7b85e3deef35afd6ebed5461ee8f0641,informatica_acessorios,56,617,1,1583,18,15,12
165948b2c41e846df7d09b56826a747f,fashion_bolsas_e_acessorios,55,89,1,200,16,2,11
1349eb7b72fc4394d408917c76464af8,bebes,41,243,1,133,21,8,14
fc13bac52be6640d9a77f54894e2c0e6,beleza_saude,42,1158,1,550,17,9,13
2a21592fa9b5f82a36ec4e151bb31d10,fashion_calcados,40,303,12,500,29,7,16
564f6caa975212d645b004093145e621,esporte_lazer,55,385,1,768,15,13,13
2381a3052dd37f97e616bf160467acae,relogios_presentes,39,615,1,530,18,9,13
a9e0a3a894f4bf7844830c090853c3e1,telefonia,49,79,1,375,18,10,16
bc2d6310e5cbd60facb2f9c8d9471597,cool_stuff,23,779,2,7100,36,47,32
81c891c541361f1108fe9e2a645324d9,cool_stuff,47,832,3,13900,34,93,34
d2f2c2b94c6ac44ece0bd0dd202c7939,moveis_decoracao,54,241,4,1050,32,12,32
431dc11c26a67c6a49e81cee84f35b28,consoles_games,47,1338,2,600,18,12,18
d48bacc1dcd9c86bf1ed4ed2a303336c,brinquedos,52,752,3,1232,38,18,25
18fa9cc25ea8b54f32d029f261673c0f,construcao_ferramentas_construcao,58,338,1,2900,23,8,23
23658e8d5d2c1d61b0d59b34ebbabb44,cama_mesa_banho,52,433,1,1050,22,16,18
06c38a87544301cba8b0fb5a0796383d,brinquedos,45,553,5,2300,98,12,20
b50c950aba0dcead2c48032a690ce817,esporte_lazer,58,2584,1,1800,16,16,16
b980f3256c981fc178514325143b1fc8,informatica_acessorios,59,1130,2,243,17,15,12
7b32b1b87594b60dced8abb4531d2986,telefonia,51,419,1,350,16,6,11
ff96895c6b1d31f34b2d82f86670fa85,cama_mesa_banho,59,297,1,2450,35,10,35
57c9362442482cd2451f2eabf468e532,relogios_presentes,31,944,2,283,19,14,19
83b92639fffd1d55c9e04c77c86d8d2c,informatica_acessorios,56,901,1,280,20,15,14
34282a40b7d2b7aae8762762cb6ebcad,moveis_sala,37,313,2,4350,58,16,53
d696750e550fd0f733979dd7e5dff921,utilidades_domesticas,44,916,2,950,53,5,13
ead3077a141a9c800d6a4bb9d0d415b6,cama_mesa_banho,60,662,1,1150,22,4,28
a8fe47ad6f852f93cc92c7b408687de3,esporte_lazer,27,202,5,400,70,10,20
6c321ed0f47858a8650f4104771224b5,relogios_presentes,58,509,4,300,16,2,20
5d422bd54b54307ff7a5e770f40946e4,brinquedos,16,508,2,300,16,5,16
363a9f5b97bf194da23858be722a7aa5,construcao_ferramentas_construcao,44,1455,6,30000,100,50,50
ea5774e69135147e6f0e1eb593d9b105,beleza_saude,55,1202,3,500,20,10,20
c93558f621dc5b9277a19f009b83aaaf,beleza_saude,38,1145,2,200,21,8,11
86332b1229c41aeb4ab9d85472de3ed9,cama_mesa_banho,59,1841,1,2350,28,10,28
173e9fe34bfe97f3a5e6dc57fe897b74,livros_tecnicos,36,890,1,950,29,3,21
9d395a6bc9dbad2dfe60c8c92d8df397,moveis_decoracao,59,2001,3,850,69,11,11
a9ad8b0011994d657f5398d864999f61,cama_mesa_banho,49,638,2,1150,32,17,22
601a360bd2a916ecef0e88de72a6531a,cool_stuff,33,897,1,1600,42,25,15
af56e0203193f066ed64cbbbbf95ae6a,esporte_lazer,50,1290,3,750,25,7,25
f4b952dd7ab601c02bb1bd06395f45f6,relogios_presentes,53,301,2,1183,23,5,26
eba7488e1c67729f045ab43fac426f2e,perfumaria,43,259,1,610,22,14,16
23c6236434e58c6519c19e56c2dade45,esporte_lazer,59,1432,6,517,27,17,26
43506d2b6b5e0535079f88c7dc51c4de,artes_e_artesanato,54,746,5,6850,105,5,65
342ea5301fb0561caa90fb8e64767deb,eletronicos,35,370,1,100,25,7,16
9328c3a5c42ae7b32d53e419f9b93d66,moveis_decoracao,60,473,1,500,30,3,19
8f7ae8d7845cdabafb4b6f20d8bc5a43,esporte_lazer,41,785,2,700,16,12,22
38ad86e536a0e27c5a4d2dc30964259d,telefonia,60,540,2,300,17,4,12
5727b4e9463bfa0b43bf97397c4b7c44,moveis_decoracao,33,238,1,2450,53,3,48
f9be8e0e5acd947d8f49dbc390b9ab20,cama_mesa_banho,60,322,1,2400,45,15,35
c172a2563d937d6f3582c7dce3ac150c,livros_interesse_geral,59,680,4,650,20,10,30
53c61580d8e5c4941a358ee0335c1d5c,construcao_ferramentas_jardim,55,2029,5,210,25,7,15
3f1a741cf5591384428c1cbb0ef07ec0,beleza_saude,60,400,1,150,60,11,16
38b5079a807bb9f22ddfa46f929accee,perfumaria,55,633,5,200,16,2,11
a56fbff66c12c1ef311cac69e7f2d5fb,moveis_decoracao,48,493,2,600,30,20,20
52e9413ed0d3e64b796aac2bc2291d50,esporte_lazer,54,790,6,200,17,10,11
a7566c5565bf286a5c8fb48387d97bb8,perfumaria,44,259,2,425,23,14,17
042535091ac9e946489c2155a0392c47,utilidades_domesticas,23,162,1,300,20,4,19
188c9cb0aff9e485e3f84752731c633a,cama_mesa_banho,55,428,1,150,16,11,11
154e7e31ebfa092203795c972e5804a6,beleza_saude,48,575,1,100,20,15,15
2535db191954746776aa1f51dc1a9651,beleza_saude,43,341,1,350,18,14,15
436c8d57ff8d4aa254318e9bd9b48c83,cool_stuff,54,599,6,530,30,9,14
b22934d8dedd07b3033be2bf6da70bcb,brinquedos,33,561,2,415,19,16,17
f1d4ce8c6dd66c47bbaa8c6781c2a923,bebes,52,828,4,4950,40,10,40
ec72148301904394ad2c3f6204781102,cama_mesa_banho,55,210,1,650,16,10,16
5524bbd7c991692980702322aa085419,informatica_acessorios,57,1098,4,18150,17,35,35
4d012181c7a23a79f84dc6cdd1cb1c04,brinquedos,20,274,1,6550,54,40,15
8d39a63db6a98e40571f486e0c711cf7,,,,,450,16,7,11
ffb2e8c1ddc7c3e590d2bc4c91de53e1,moveis_decoracao,43,534,1,600,65,2,13
2a211896ec7ab72cedc7939e9ffb01b4,informatica_acessorios,58,1306,1,700,23,20,17
4c8b28305f570899b6ded964ddd234a9,moveis_decoracao,51,767,4,550,34,6,23
c7e02747ef9366a4fb7f4ac4fd261c36,informatica_acessorios,59,2168,7,900,35,10,19
1906cb28cdc0781f04a95d4d3d0d980d,fashion_bolsas_e_acessorios,52,1359,1,300,16,2,11
812f1a638bcd733dd09a574e2424dff0,esporte_lazer,47,1344,1,4650,36,31,31
1c33c71830d320620439a3236a1c4ae1,livros_interesse_geral,54,2931,3,2200,19,26,11
9b08a09bf2fd9731cfca8cb3db24457c,construcao_ferramentas_construcao,14,233,3,150,16,10,12
3a21e6f5a154a5b03b6edb8fc6b24c5d,bebes,58,585,2,220,23,9,17
f83c9874b5b5044ea58fef1be68c1ea8,cool_stuff,52,791,6,5200,63,2,79
19c91ef95d509ea33eda93495c4d3481,beleza_saude,50,1257,1,700,25,12,19
659dc4a2860c19265edc2fe7e451329c,malas_acessorios,45,232,1,550,45,10,32
90ef6790cfc145cf45f9c476d1f47af0,papelaria,49,241,3,6100,60,20,29
cd8c7501d1e3a66f282dfed8dbd5ab9f,beleza_saude,53,3954,1,3700,40,10,20
168b1b45c68037b0490157ee10540349,cama_mesa_banho,60,269,1,3150,39,13,46
317610c6c173aec78923ac272ae9393d,esporte_lazer,56,926,5,2500,93,10,40
cf161acf0258ad3ee8fcadd1c7f0e368,esporte_lazer,50,867,3,1050,30,11,11
29fd9022374ff3fef2e8f82c39b4133e,cama_mesa_banho,57,427,1,800,45,15,35
3470ec574925a96bb8480140fddb1050,pet_shop,55,633,1,300,16,16,16
95c1a931a9c24a30577e9af5a5c420ea,esporte_lazer,33,959,1,550,25,15,25
83d199d296c44101c8c3b5c9c0cce9ea,brinquedos,26,855,2,500,18,6,21
2ccd049c8e7ea210e079a1aa8ad92477,papelaria,54,218,3,6900,28,55,37
26b2a480ced2900a62bb9431133e95aa,construcao_ferramentas_iluminacao,41,971,1,1050,16,19,16
371c121dc86b3821f720e7dbe1928207,papelaria,59,504,4,150,22,5,12
f5caa36f71f444c6508c84818cab5641,brinquedos,46,435,4,1600,20,5,18
325c397d5d1eebe97422d6bc1ed8709d,moveis_escritorio,30,210,3,5600,90,30,40
5e53af05c040b01584b81b3549945faf,construcao_ferramentas_ferramentas,53,470,3,200,16,16,16
08c816d9a716567bf436173ef6f5f12e,eletronicos,60,740,1,150,18,12,15
6b7de889f456ee35f031172d358b2cd2,papelaria,60,778,6,1500,30,50,20
7d88f23682af2fc7db5484b6e41f8993,eletrodomesticos,50,264,1,500,18,8,13
69523f67543ff9ea6b1a15858fb59b3b,relogios_presentes,55,201,8,200,16,2,11
282dcadbd8c61f52f06a8ae802b54ee6,beleza_saude,59,2751,4,3300,23,23,23
a04087ab6a96ffa041f8a2701a72b616,pcs,55,1105,1,13700,27,50,53
b63e8531d772927d6d0b5e4ee1c48389,casa_construcao,53,917,8,1300,16,27,16
dd4c3b4ab7e001aaf385ea2e68952030,bebes,23,358,1,450,30,7,20
3a53c1796dd7e4050fdfd2f5d4c90f70,pet_shop,57,2358,6,6350,56,20,34
dd12801e4d1919e84bf6f90167f22fb5,fashion_roupa_feminina,58,360,4,450,16,5,20
2c3210fa1dfe1fdf8b8e3254287c9e4c,cama_mesa_banho,58,405,1,1400,40,10,30
acdd408fe971bbe29a81f8febb575ffc,eletronicos,50,237,1,175,20,16,18
e76438822c17316d276c27e52e588931,informatica_acessorios,57,1138,3,100,18,12,16
044f125d78e0a631b0479182a37aab8c,esporte_lazer,57,574,6,550,30,16,16
c5944369a5cc96d600713f640e46ab5e,relogios_presentes,19,699,3,350,18,10,15
dca18a6e2fb6da75092ed874094ed7b6,telefonia,62,340,1,300,13,8,10
d2f1cd931c7b76fefa93547cc1b4881b,moveis_decoracao,55,320,1,850,40,5,11
7f4e034245e45549110139d1de248f83,bebes,55,1629,1,600,20,13,13
88dd63919fc9ab693803578a04a20209,informatica_acessorios,58,395,1,217,16,14,14
1491a8ff192d4b5c369b0eaa2fe33ee5,cama_mesa_banho,46,162,5,4600,60,19,50
d05d4a7430d1293367ba2ffbedcdef05,esporte_lazer,44,907,1,300,16,7,11
2a714dc40b27bbd0887215ed0cdc3bbe,eletronicos,57,2060,2,3250,70,10,25
158102fe543dbaeb84d87811bfe06d0d,moveis_decoracao,56,646,1,300,16,30,20
62ad9a8972411e333e16347051a98e2a,eletronicos,43,889,2,113,16,10,12
4e5dc46fe4e31dd605f374ee43f0268e,pet_shop,46,2381,3,400,30,20,20
9163c7e81fd68452472912c4cde810aa,instrumentos_musicais,59,153,2,300,16,5,20
72f50924c42f32d9a236b7602686a49f,cama_mesa_banho,52,289,1,3450,36,10,35
78efe838c04bbc568be034082200ac20,moveis_decoracao,57,272,1,2500,40,10,30
93e6c730cc84ef7cfdd20cdfb2269144,moveis_decoracao,50,1938,1,1600,53,8,11
ff92ca9bb0b3f4ec00a9b76c9f68cb3a,portateis_casa_forno_e_cafe,36,3437,6,1925,61,43,46
16ed6a6e3fce23b741650437fe58d65b,utilidades_domesticas,49,1226,1,750,35,15,35
7bdb28a55646012fb3348058d629d9bc,instrumentos_musicais,55,541,3,2750,103,12,17
782447ddd6d2ba5b64cb23ef7a8db626,eletrodomesticos_2,44,57,1,3585,33,6,19
10953168e42bc4a9f7bb6468974cb5f8,livros_interesse_geral,56,962,1,625,14,13,14
55782cb82e0efe052da0a3da237da3b2,automotivo,60,1159,3,2450,30,30,30
ab29983671266e9f7c999f8c6ce26541,informatica_acessorios,59,1226,1,800,33,12,11
76c73618750ec1718b6f51a96c498f93,beleza_saude,57,844,3,575,25,13,16
32aeecc02aa5adcb7f75155a80a47836,esporte_lazer,45,1575,1,2152,26,24,21
a695ab8413ea83619cde9b18292d6aa1,moveis_decoracao,38,503,4,1700,23,7,23
96d1c06692244e2fed6e1f9aa9552770,cama_mesa_banho,48,252,1,625,70,15,50
381db5acd0b7163fc12b8efc2fda6e9e,construcao_ferramentas_construcao,54,561,6,350,33,11,11
97017430754804328eb9597b7f85da03,telefonia,60,818,5,300,17,4,12
3dabf82e264128dda5088dc804e09cc8,cool_stuff,52,692,4,450,30,9,30
7b5d8be0e04080e4c8ee6a7ec2f1f597,moveis_decoracao,50,830,1,650,20,35,20
716586b5781e43926d404ad0f11669e8,utilidades_domesticas,50,443,1,1625,41,26,26
8b78fb97dfb22b6e0e32d34284716d91,automotivo,59,500,1,700,20,20,20
9d8a0e115e802d845b4ce1eb794d1260,esporte_lazer,30,2299,1,150,20,10,15
5a910588e5561f1b7cbe03bc10cbc967,telefonia,59,734,3,250,17,4,12
852dd510258cc0df3ed7b8d8417cebb2,bebes,46,1051,1,700,36,15,25
b7b00b45c6be180aba844784c6769d12,perfumaria,48,344,1,750,20,15,15
f23c48d81cd6a0c87f5c3b14aac68371,beleza_saude,53,963,1,900,30,30,16
68361925fcb61b3627e79dd95137ae7f,informatica_acessorios,28,1064,1,253,14,12,12
fb4d1630e90ffc0922d25bffe2cd489e,informatica_acessorios,32,1064,1,263,20,16,13
4e64dbe0b03dc0aba80f28b0b922c6b6,telefonia,43,1468,1,133,18,5,13
abf460fbe81f4b2741cd059df2925fff,instrumentos_musicais,44,219,1,183,29,6,11
87cb507e0daa37bbf34956fd59eba832,relogios_presentes,55,167,2,250,16,2,11
9388e84da6051e85eb86fc653c3aa64f,cama_mesa_banho,54,701,2,1100,50,12,12
fb060ad9a8625b626189641799bccf89,esporte_lazer,63,569,3,275,24,8,12
5c2fc243b33c2c7c211fd9e09beb7cab,esporte_lazer,38,549,1,1017,42,21,27
fe75529a267b76ac6e96f0c322a899a4,beleza_saude,33,374,1,304,20,15,15
f60e19fc3b0ee38735e6a6fefe937bdf,sinalizacao_e_seguranca,58,144,2,150,20,2,28
310ae3c140ff94b03219ad0adc3c778f,beleza_saude,59,493,1,2000,30,12,16
80d3aeff2ab6c9d795010c029dbd5ddd,moveis_sala,31,342,1,4350,58,15,53
4c99d6df98c5f4960cae6fd9f8603bd3,ferramentas_jardim,53,75,1,700,35,20,40
77e8ff91e2cccad62b30a0a83bec431e,relogios_presentes,53,496,1,330,16,11,12
517dd1c1cda3892f83d386dcf9a4e9b7,moveis_decoracao,63,701,5,1750,35,10,35
35537536ed2b4c561b4018bf3abf54e0,esporte_lazer,59,1459,9,2100,36,9,14
a70f58bd49225ad1d9f199d3766385a8,informatica_acessorios,54,2304,3,500,16,16,16
f422d0d9f8b5f7c27289382b14b61248,brinquedos,63,361,3,1800,38,12,35
93c902b021a9e594f658ab1b0351602a,eletronicos,60,390,7,1250,26,10,18
07c055536ebf10dfbb6c6db6dbfc36e5,moveis_decoracao,59,473,1,600,30,3,20
5ed9eaf534f6936b51d0b6c5e4d5c2e9,cool_stuff,51,693,3,600,20,20,21
d178793446cf02a02ef715cd5ab14ddb,informatica_acessorios,59,1994,4,950,25,11,15
5c2bb11cf2149bd4d9fffcc1246458c3,papelaria,37,531,1,2283,27,35,35
088c192c21da02dcb908f931d0fe324a,fashion_bolsas_e_acessorios,63,464,4,150,16,5,20
656e0eca68dcecf6a31b8ececfabe3e8,informatica_acessorios,45,236,1,173,18,13,12
052b8660ee8a9ee18815d9b276694a10,perfumaria,47,540,2,107,17,12,14
69af60118aac736afed734810bd88424,esporte_lazer,56,611,4,1200,35,15,15
2a15783d3cb601f8d9a6a86806b037b3,bebes,47,1080,1,600,38,5,33
22a0a4cfaf39559db703230823bdc13a,telefonia_fixa,38,969,1,429,18,13,13
4c7d4a2efde21e3bf1660926fabc6a9d,beleza_saude,60,316,3,250,18,10,15
34239894e175b17d8c84edc6c73b4dad,bebes,35,221,5,400,29,12,23
eee02ac99af9217137a2ef5eaad20376,cool_stuff,39,525,2,500,60,16,11
3168b2696b15ca440b92afa9e011a084,pet_shop,51,2456,1,3200,52,25,29
af8533a77adce26dca87480c4c5c9af4,cool_stuff,60,1168,3,550,17,7,23
2a5806f10d0f00e5ad032dd2e3c8806e,moveis_escritorio,46,1350,1,11875,57,55,22
a94036c0bb4dfce8d5762777c07b7be2,cama_mesa_banho,57,2473,2,2500,43,8,33
4d8c2f14df6a1429692e995d787613a5,bebes,50,304,1,350,23,4,23
665dcf48bfab7017f4ac917abaafac4f,beleza_saude,31,519,1,310,20,22,22
c1aae55ae7c285aa64e3f0ba1966dd44,utilidades_domesticas,57,1652,4,825,18,9,12
ffd34459c21034d1da6df9800de0d7a3,beleza_saude,33,816,1,150,23,7,17
cf02395ed36c61d5ce31bdecce9767a3,esporte_lazer,58,1155,6,750,16,11,15
b1035b3d307f0aeb6157fdd3e09f8119,telefonia,55,395,3,375,18,13,16
460a66fcc404a3d7306d5f50fcb2d18a,utilidades_domesticas,51,720,1,350,16,16,17
71e5d0eb5a5fcc829dc6c1bc1ecac7cf,esporte_lazer,36,2886,1,150,16,16,11
61509eaebb2d4bd1a7511b1a75703f8c,utilidades_domesticas,50,500,1,300,25,2,17
d3060c543b1b88a647cc284ed7a9dd4a,pet_shop,38,817,4,6200,69,10,49
2028bf1b01cafb2d2b1901fca4083222,perfumaria,54,1536,2,250,20,8,21
5f0bdec2fb222061ed8fe52586a5957d,telefonia,42,660,1,113,18,4,11
3918bb60ff48662029ca9f1e1f7b9842,fashion_bolsas_e_acessorios,59,352,3,550,43,16,27
e7d5464b94c9a5963f7c686fc80145ad,relogios_presentes,42,938,5,275,16,14,14
33b67c1594a903b27b5163c0efb15a5d,fashion_bolsas_e_acessorios,63,627,4,200,16,5,11
9cd17b1cc8db0de6b175f213e9054c01,brinquedos,50,903,5,2416,32,28,23
8d7d29e5fb9ff5333009326c87fc04e9,moveis_escritorio,56,1070,1,7433,57,68,31
40df4be4429553e18755913ac3cfeac5,instrumentos_musicais,44,546,3,1450,32,14,27
8828464e34fc3da3892f568218e14d61,beleza_saude,60,3244,1,3575,21,18,22
a0265e3673ba47db572b54978126f6ae,moveis_escritorio,50,344,1,15000,50,90,50
707f450cad7285fab5ad90bc3e7edb0c,utilidades_domesticas,59,604,1,1350,20,26,20
b0633125352f6e66818a7ca9afae94ea,moveis_decoracao,16,113,1,550,24,26,24
989fd236458b9c0410bc6e1cf23cde4d,cool_stuff,36,777,4,1700,25,26,83
b8c89bc5fa5dc01a5d0e9d7ff0c6ecdb,cama_mesa_banho,55,444,2,700,50,16,16
01c9a70868bec5b748c67fcc26ce5895,brinquedos,39,601,2,750,30,17,30
0502d1a36be75bd36b452f31c6ed264a,,,,,100,16,7,11
1b34de23397f9ce6cd0f7afa27b60eac,beleza_saude,33,3664,1,430,22,17,21
7c1bd920dbdf22470b68bde975dd3ccf,beleza_saude,59,492,2,200,22,10,18
09e68b02ea2a0a677c692faac3735c9d,esporte_lazer,30,626,5,227,26,15,19
8f182b62914de7e1eac12f09b125e9a6,casa_construcao,59,664,1,8700,30,35,30
4b2772e2e34787603725226af352e466,beleza_saude,30,150,1,200,16,9,14
3a135477bf41350a0b1d8afdf616d446,brinquedos,56,928,3,600,52,9,19
cdc9d87e17ccf98f35634e6c3b77073e,esporte_lazer,57,1236,1,4250,20,20,20
e5eadf9be70a4a9fa514019542fc330a,eletrodomesticos,48,543,2,1200,35,20,30
7fa79f73326e6b9b13b79f60a435d4a5,esporte_lazer,45,570,2,725,19,14,15
cfe9e8e1f0400c8cc665d41722f34086,moveis_decoracao,44,696,4,1500,35,40,35
2a217b8a9a09c938d8db704d99d7f053,brinquedos,54,77,2,3150,39,30,29
ae708dce075c96f220a0ad5adb2dc984,eletronicos,51,1461,4,1117,19,14,19
38fbe42a76e0c841c9445467b7e5ab30,cama_mesa_banho,45,734,5,550,16,10,11
541f87698fb1b63df63ba4989dcc25ce,utilidades_domesticas,60,338,2,3100,18,18,18
08ddfb809affc027d1aec6d639969dbc,telefonia,60,2151,2,167,18,5,11
ff7fccf8513f360157f0660fe51d1d88,esporte_lazer,59,1313,2,1500,80,14,16
c64fe38b4cd06cf7160d9505aa87b8c4,moveis_decoracao,54,691,1,1200,34,8,22
fb8e60e1a3c247d3a2e17f6986e71a40,moveis_decoracao,58,858,1,3250,31,43,21
c589625c8ccc7bfd2e8f1fb041e24c4a,beleza_saude,60,919,1,150,22,3,15
3b82e71cc658bc6deadebef95075ac55,bebes,48,395,1,350,25,5,17
9aa9caee155847cddb376a05b9a39791,telefonia,60,777,6,300,17,4,12
1c9b5793de6c3d9117b6218552c87a8f,perfumaria,54,956,1,50,16,5,11
de80c37c338574091896b7fdc81dc376,beleza_saude,49,1045,1,333,17,17,15
87590844d536e6b92ecf707a50b1c2c5,utilidades_domesticas,51,437,1,600,21,21,21
5bd6493a2d5a384987386f2696bae33d,telefonia,59,405,1,150,19,4,11
b3e40ff639c185b9d726b4b19c17e6cd,cool_stuff,55,934,1,2150,42,25,15
12e479f1c2c0417147a3e36302485e30,relogios_presentes,46,629,1,400,24,8,12
820e8f306dc9ffcf6d0957516084cca1,brinquedos,43,932,2,888,25,21,20
57f2bc497c1a3ebe41ba7a06d78ed159,relogios_presentes,55,336,4,250,16,2,20
d2e8130fbec52f5dac0571ea1993f28a,informatica_acessorios,56,1199,3,525,23,11,16
eefbc932268cd0bdde377b3d8ecdacaa,moveis_decoracao,63,2339,4,7700,22,19,22
6f2d7833b8f0a094571ebddebdc6623a,telefonia,60,298,7,350,17,4,13
05c693a8085dad009cebdcf2830ab738,telefonia,52,525,2,200,19,4,11
fadc89c2a60ff96b18827644074dfd70,utilidades_domesticas,52,827,1,1800,30,30,30
ed71b39fde2f884a620dedc2053dcf86,automotivo,60,442,3,350,25,25,25
683487a7a9ad71b5776c9b9bcad37eed,fashion_bolsas_e_acessorios,52,23,1,200,16,2,11
2a592642399b33baf3a5729a6335b21c,perfumaria,47,1320,1,100,16,7,12
72a137b85d5a1d82cde242493f118f43,consoles_games,55,411,3,600,24,20,27
c3f8ee7e05c01c61ab863e336b0f2e5e,informatica_acessorios,52,381,4,24050,60,40,60
138d7037b59dcee052810952c983033b,esporte_lazer,50,621,1,1400,21,16,16
0214e4741dab5812bb31a61af1dc3de5,cama_mesa_banho,53,284,1,2100,45,15,35
fea7f0c147905a41ca324c0e3234a4c7,informatica_acessorios,60,2127,1,225,18,10,16
0f0c4960b05d6145bbb4b348423503ef,eletronicos,32,139,3,1700,32,5,26
b1551ef44e04265b510840b991b24b51,utilidades_domesticas,55,1010,1,1000,43,11,37
a80b3c9fe4065f8159d873438f88be4e,beleza_saude,28,166,2,300,23,7,12
e49a57a6afd465b7d3cd109daf09ca98,,,,,220,21,11,16
37bd6327d499dd991f2da7681625bb3c,moveis_decoracao,44,208,3,100,16,5,11
5bf57bdef224b9486b45ebba37ec6191,cama_mesa_banho,47,232,1,1300,38,7,28
3c81b58ed91e248ab04898f42e223b1c,esporte_lazer,40,428,2,600,20,20,20
9ea1152d6d52dc57ab2ea49aa626adc1,beleza_saude,49,3037,1,1067,22,19,19
96b200840d3b01d948ee9d507f6bcb3e,cama_mesa_banho,56,638,2,950,16,10,16
2f13d1dc8b4e1d9d8027be50339546a9,moveis_decoracao,48,895,1,2650,30,30,30
1f9799a175f50c9fa725984775cac5c5,cama_mesa_banho,51,82,1,1000,40,5,25
7855801875dac05bda454284be8be7db,utilidades_domesticas,58,1854,1,3500,36,30,32
ddbd0c1c8d8bf3e9142fc3b9751a476a,bebes,51,1140,2,550,30,10,20
ee6c49af1a2de55aa0e076257ab4ab99,informatica_acessorios,47,956,1,140,22,14,14
0e687d00ba3214b4aca6397a14d49373,eletrodomesticos_2,52,1012,4,7500,55,10,82
7500a93e5485588cedc511badf55e56e,papelaria,59,669,5,750,25,10,19
2109e8aeedbade2096a471740fb9e798,moveis_decoracao,45,640,1,10150,45,30,45
ec2d43cc59763ec91694573b31f1c29a,cama_mesa_banho,38,735,5,800,20,20,20
544ffb995c65fbbe68f36f36e388dede,informatica_acessorios,60,290,1,800,33,12,12
e9eebb8e8ba0fadb9020f8ba1c003b48,perfumaria,36,210,1,541,21,15,16
daa7499d1e545811c843e8189cd30286,fashion_bolsas_e_acessorios,41,1359,1,250,16,2,11
9ab817d90bc61ed772ffea01b4cdcdb6,beleza_saude,57,1262,1,450,20,12,12
2083a6feb4bbb31f6abc92fc24e468c0,telefonia,56,3135,2,150,19,15,15
183210d186d30d050604f96ef87af803,automotivo,50,651,5,4350,78,4,47
783dae38feb9e3a364e24e25168cfa8a,utilidades_domesticas,55,842,1,14350,50,50,50
bac155b95a240e42f840f622bde271d1,automotivo,56,721,4,400,24,5,11
d9bba71d1d1ad35925593d365a2ab43e,eletronicos,58,1473,1,1850,56,12,39
f2b67cf6ef88cbc9c2f3e482f558b318,perfumaria,45,977,2,117,16,11,13
6e415cdc78febbdbe465df65d52dbc19,bebes,60,1110,3,450,25,16,29
82df2add69e03f9b165a7e46429c9484,moveis_decoracao,57,1492,3,2600,105,3,70
fb19ac22e32dfecea21afbdde4b97b5f,telefonia,54,804,2,100,16,13,16
52ed6cbde6c5bee6f2ea166bf4c1d972,moveis_decoracao,38,161,2,550,16,12,21
07b6a3b7bd0e9c54119f7c679edccca4,relogios_presentes,47,511,1,400,16,11,11
19a6ffd4e245a92747a693805163a60f,consoles_games,28,790,3,150,23,3,18
cfcb14e1f3b7ac5213b4e2ae7697598b,livros_tecnicos,20,608,1,350,21,2,14
f1bad58626618e14b6b25b096acee146,beleza_saude,60,918,1,150,22,3,15
42a2bd596fda1baef5719cb74f73030c,cama_mesa_banho,60,188,1,1300,44,2,35
43f911ac50adc19a96cd523ade4e7cca,beleza_saude,58,963,1,1617,19,15,18
1aa2ed670a95e9f475723707a7c3f386,cama_mesa_banho,50,234,1,1000,38,6,29
3625fbaf8284047185fb0351f2f84ae3,esporte_lazer,55,815,4,1600,25,8,25
4724ffa427f315c485e39b02e21859b2,beleza_saude,52,1059,6,550,16,9,11
2fc738cd8396c43c0235072751a180cf,brinquedos,52,210,1,350,16,16,16
f8cd8a989b03ce1808d9d8d76668ea51,moveis_decoracao,52,1216,4,3000,70,15,15
2d4d78eecba060a7127c5f6a21cdb0c7,brinquedos,28,137,1,2444,45,22,41
b114bf337c0626166abe574eee9e3f32,moveis_escritorio,47,1398,1,13350,57,56,22
79cdc73931bb8e30077784ebbd2a16fc,papelaria,50,337,1,1900,20,50,38
79e42c4fa2bde6e0c828d23c4fb7df35,instrumentos_musicais,57,962,4,900,42,8,40
ae9618492353b838afaf28bc414be248,utilidades_domesticas,57,1236,1,750,23,18,23
6f46359e56f51d5deded13adcd1c255c,beleza_saude,42,437,1,650,16,16,16
b8411dee248601bc460bac8e1fb8a102,cama_mesa_banho,56,471,3,525,24,7,29
09c3a2ea33f044aebffecd6681e00133,moveis_decoracao,45,494,1,1150,35,23,35
85df978207ed4024ea16570dbb64fd6e,cool_stuff,33,385,2,100,20,6,15
c6fdec160d0f8f488d9041316c85051d,moveis_sala,57,1107,1,30000,80,60,60
fca62108387e25005784da2f551466a1,moveis_decoracao,42,87,3,14600,84,8,84
8d7ab3701456fdbfe2526636ce15327a,malas_acessorios,52,408,1,325,18,18,16
a7a9c0eede9320acf479daf444835d90,eletronicos,38,879,1,501,19,10,91
1613b819ab5dae53aead2dbb4ebdb378,automotivo,60,982,2,50,17,10,15
55cfb8318af6fe90dfacf0892abb2cee,moveis_decoracao,58,2010,2,1500,69,11,11
ef69da85d3bc28e624e5bc8fd34456c7,ferramentas_jardim,43,165,1,14350,40,50,40
33fac76e7f17367dedaef7954bbb33b4,beleza_saude,63,1113,2,550,20,20,20
0aa63972ae4967bb6874df796163549d,pet_shop,63,1440,3,5000,40,20,50
e6746d9281278108ca3319c4f0e6d05e,perfumaria,12,417,1,463,17,14,13
51e3084a334ce75dc646c9c6eea90e37,esporte_lazer,58,390,1,175,22,7,15
7c6ae4d12d2754ca0826ad17792c554e,esporte_lazer,55,2848,1,2000,33,30,30
f66b9de04ca29b4039377a323e949dc0,moveis_cozinha_area_de_servico_jantar_e_jardim,37,62,2,25400,45,86,27
e35f45a92b1a28c527d6e9edfec12af9,informatica_acessorios,55,2277,1,8900,19,13,32
c0a3d13743c894a0bd017a85acb658f3,cama_mesa_banho,51,305,1,1500,49,16,39
2610a3a6c0250a7f4411801a8cf376c7,beleza_saude,56,1697,5,750,19,13,15
b77f596e85780e540958a58d35836e96,automotivo,58,174,2,200,16,10,16
df969ce58d2f301f941a09bc75558cd4,bebes,51,446,1,350,30,30,20
18b0e642cbae7251e60a64aa07dd9eb9,informatica_acessorios,24,718,2,200,41,2,29
fed5c40c27e1c88560a9e92d82ee0825,eletronicos,53,109,1,150,24,12,18
bc4cd4da98dd128c39bf0b8c2674032f,pcs,55,3610,4,2650,16,31,39
4298b7e67dc399c200662b569563a2b2,informatica_acessorios,58,420,1,200,21,14,15
ef92defde845ab8450f9d70c526ef70f,utilidades_domesticas,36,558,1,450,24,8,15
0e54696a1223698bef52eeff59a10098,beleza_saude,56,1190,1,1250,26,21,16
d1c11e104455ab36d3e5b7458a9189d2,pet_shop,47,933,1,417,19,17,16
0d95dd6703959afe6f64c7ebd49bd9e9,papelaria,51,261,1,1250,16,39,37
6d1befe53a3d28e0d0d8b3bfcce11195,automotivo,56,1235,1,1800,34,40,19
576412dcec722c0f1f28ac7ee9acef54,informatica_acessorios,60,611,2,2500,31,12,31
43cc8e4d981bc04b9d78b12e8a908d41,beleza_saude,44,1793,1,11450,80,26,26
741e14d6cfe9c7dfcace49c4a0989bf3,bebes,52,704,4,1350,60,20,50
d3153ef55a46de1972249b0a044c5bd7,beleza_saude,56,1266,1,1400,20,20,20
563e96ec3515e6a7048ebcebffcaf1ba,construcao_ferramentas_construcao,60,147,6,10100,60,20,40
cdd68c0ef3e507db79631336cf9ec285,moveis_decoracao,49,494,2,450,30,20,20
0c96091f6f20b1d2c946a933370782a4,esporte_lazer,48,683,1,200,20,4,15
bb741dd30a6663863873c51be6c1061c,informatica_acessorios,57,95,1,300,32,5,16
68120d970296eb097cc07cbfce29475b,brinquedos,50,679,4,500,30,20,20
d1a790e97df2101ed61553a5fc1cfe02,utilidades_domesticas,36,566,3,300,40,5,40
d6aa421b9567e3e2a3a0caf8fb846cbc,utilidades_domesticas,48,546,1,5675,25,25,60
3c7c75671b25b927f05e68b233263e5f,moveis_decoracao,56,1722,2,600,52,11,11
e5d6523f4cd63e1347ca8407deda4ba3,moveis_decoracao,60,2138,2,400,69,11,11
6a1c65dbbecc1ece8c22856122a774ac,moveis_decoracao,53,770,1,13650,45,35,45
2d2fbde9939c282238dc0847b04c5018,informatica_acessorios,48,343,4,300,22,12,20
d961667356e6dffef33c0d0eb4c327cc,utilidades_domesticas,53,537,1,1150,25,6,20
fb00f51d564e36645bf7eab56ce5fd43,cool_stuff,26,2532,1,2035,27,13,15
d3f90867737a01e4df1ff8879e235a9a,utilidades_domesticas,39,518,1,5100,60,17,90
7b35ccd93a2184646c03b70326626923,esporte_lazer,30,2162,1,1563,20,16,17
5f82c0dd37c20e3f5010be5f3c6a9ff1,utilidades_domesticas,50,365,1,21400,48,65,48
6abd84909e8ed79ef808c16f90b91093,beleza_saude,56,389,1,250,16,5,15
69c5919a1b057b3d3d8b58f3b9b4b89d,automotivo,34,364,1,800,20,10,20
e55ba61cd47a02e2b5479c63c7db13fd,eletronicos,54,126,1,200,22,12,16
7a82832901d5f4cd314a4e102c47bd2b,ferramentas_jardim,38,437,1,1900,45,6,20
2edc5e6012ad882462d116ed5a9e3085,moveis_quarto,57,589,1,1450,50,8,40
3e49ed0eb3b0fd7c15032a2e250d43d5,moveis_escritorio,44,787,1,12100,54,40,52
a861d5c0df81a446e7e60ddb33ec0659,automotivo,57,1970,4,1550,27,24,27
bb42f37fc3d9130e4a4339d24a47dd7c,cama_mesa_banho,59,81,1,400,20,2,15
7c2d0df8e5fbfa71d54a400b33a8502e,beleza_saude,59,1515,1,138,12,9,18
f361fccba568fabe00db466f80626d1e,automotivo,20,908,1,75,17,8,13
de75785dc5be712c4d4ed4ec5b422ce1,relogios_presentes,47,340,3,550,20,16,17
99a3bbf99a7e2dc51bad09557d1967c2,esporte_lazer,39,513,1,1688,23,17,22
338aa2ba639b0be9950da484aac036c4,perfumaria,46,565,1,75,18,9,16
1d3f55c00acdb29bd959f2760abc8b7d,automotivo,56,614,1,5150,60,12,60
caa41bf17e27022341da028e79152c4c,beleza_saude,60,365,1,180,16,13,11
9190ce23001d7618017faae67788ea09,cama_mesa_banho,41,627,1,4442,57,36,42
0ce1e35bdc6af7e582e7ef9363e29b5b,telefonia,57,607,1,100,16,11,9
1c1dda7d5b3d50618aadda35edc2acd6,fashion_bolsas_e_acessorios,46,1437,1,300,16,2,20
525f8fbde09c9bf777025c3141fbbc6e,climatizacao,52,346,3,250,22,11,16
c756c946d61f5ffc068418badfb6302c,relogios_presentes,55,175,8,250,16,2,11
12530458b22303a822da23e0ef0c400b,utilidades_domesticas,60,416,2,950,43,17,24
41c24b8ce92d1a2cac62db5edfd088b2,relogios_presentes,27,178,1,314,18,11,14
a8de27e0e3c906eb51872553801962b7,papelaria,58,371,7,1900,28,55,37
ebf19d90623587fde1eff2a222d8b177,brinquedos,53,495,2,1874,38,38,26
438becbce7afb5a88f4075ed4d76682b,utilidades_domesticas,32,817,2,600,16,16,16
4d3e81b2dfb45a73759982d63e532e94,cool_stuff,49,425,1,200,30,5,30
738da8ddda2e593acfdc53c2d1520dfa,instrumentos_musicais,63,950,9,8350,105,12,45
88ffcf27478318ba55b1f9d22d65ce97,construcao_ferramentas_seguranca,53,246,1,600,25,31,25
447934cd014b033280977350b730d892,cama_mesa_banho,58,124,1,3100,60,16,16
b22658be72921a967a7d592dfc61e54e,perfumaria,34,523,1,500,20,20,20
3eef0cb94ba82de806bb30ab743c7655,moveis_escritorio,26,1177,1,11880,50,60,27
55b04296824029ae20bbeb3b200e69d0,moveis_decoracao,54,785,6,1300,60,12,12
656d923048a96be8ec0da05d7b71aa28,esporte_lazer,40,604,1,129,22,4,20
d2a2228b3f520f0af299b43ae00c698e,eletroportateis,55,1226,1,500,29,10,16
f7a17d2c51d9df89a4f1711c4ac17f33,utilidades_domesticas,56,1245,5,350,22,8,19
6a1a04054158fe995e1688d8f79605b2,esporte_lazer,59,254,1,1650,40,45,25
165cf891cdb818da8293163bf0a9b2ba,informatica_acessorios,51,156,1,100,16,6,14
cebff45f1d1558430be0e07ac0df6a68,automotivo,56,960,3,1400,30,30,30
6cc2b92f841b20c5e39281a44a9c68bc,esporte_lazer,50,437,1,2200,60,18,18
e8f1f23c31482d8f798aaa64733e85d9,telefonia,21,1213,2,300,17,9,12
cfbc837967ca671ee87f5243f2a1024d,esporte_lazer,47,527,1,400,16,17,11
32bb152336c896d906a6344cdbe1993c,moveis_decoracao,58,635,1,7350,30,35,30
1d7db62a21ffb4f220d3e8a05fa77e02,fashion_bolsas_e_acessorios,22,328,3,100,16,13,11
c4b21b551ef498a942996724f6f82695,automotivo,39,871,4,850,28,16,21
7134464bd4e33be7a2604345a4c0ccf4,artigos_de_festas,55,336,1,4550,33,18,33
951cb45d30e716a846d8cf5874034e56,telefonia,57,524,1,150,18,3,12
236f3599e6d57eeb5eb9535b2c88b231,brinquedos,29,657,3,300,19,15,17
2c0b8a973e616502de1d80482fb9c5be,eletronicos,57,410,2,100,18,20,16
ada6a9116c85d8e56232e0a4265d7db9,eletrodomesticos_2,45,151,1,14813,50,43,26
b85d127ab2f470f523f1678b7f399cef,utilidades_domesticas,59,304,1,150,20,2,20
6bd248f93425ceeb625a8a97e2404112,papelaria,39,217,1,550,46,10,32
cd82271424be9568801391194697361c,cama_mesa_banho,56,999,1,400,19,13,15
dbaee28f4ee64465838a229582d77520,construcao_ferramentas_construcao,58,1178,2,418,19,6,13
b3cf0a98f31b76ed0cec13d9c77102c4,market_place,26,1528,1,1300,33,6,22
4cb922d064b9a86b25b900350108771e,brinquedos,44,327,1,11850,50,35,40
6d8f2ccbced01ba3165048d784a5cf0c,relogios_presentes,60,556,1,200,20,7,15
3a2df6d2493defbb3b0f25c4f359423f,pet_shop,53,295,3,1100,20,25,20
7ed6634347bb8371bc6b20b3a7022bce,esporte_lazer,60,331,1,8500,100,6,50
ff5f8606556b625613f069a5a9a48966,bebes,63,554,1,2300,27,14,27
4fcb3d9a5f4871e8362dfedbdb02b064,automotivo,53,603,1,5950,65,11,65
17865682ce7cccfe7dec02d1f74a8f86,automotivo,54,339,1,350,25,10,15
5fb1e24560c31b0eaa1911d4247187ed,brinquedos,34,649,3,2600,33,12,26
368c6c730842d78016ad823897a372db,ferramentas_jardim,57,366,2,1650,30,22,30
596e3ace8e8329beb05bb40700a659f7,construcao_ferramentas_construcao,60,1154,1,450,16,10,11
9d6c66334a27b9dcf34b71cd371638de,cama_mesa_banho,45,729,1,4850,20,30,30
5f728acb77ac6cfbe96f6c64d2bd4694,cama_mesa_banho,57,119,1,2350,36,16,36
9f14f401fce2d9ddd450e7ce60cb7f5f,consoles_games,45,130,1,100,20,3,15
8338cef8355d238f43711dcb9c0657b2,moveis_decoracao,59,473,1,700,30,3,20
43354a2ac9eca9f50cb31647c6d5516a,brinquedos,50,563,6,8750,30,69,25
cb81df0e3ccece253557f2a07df4727e,esporte_lazer,25,469,1,225,18,15,16
936a034fe3b07b7ae7c87fc8ceb0749d,relogios_presentes,58,1233,4,450,16,2,20
e00994390ccf605aec4a0389c80e0ba7,esporte_lazer,29,418,1,1871,35,32,30
1bef08f119466a85a83919d5b80facd3,cama_mesa_banho,39,114,1,250,40,4,30
21ee06f7fd37a6fe4841865339411674,informatica_acessorios,55,1119,4,200,25,8,20
aa70ae9ee9a798d44ae6e00ce6d82cb1,beleza_saude,60,919,1,150,22,3,15
3362ea39c2b9a88dc82f2cd6f6838bcc,utilidades_domesticas,57,475,4,200,40,11,30
d88a953f5d1e00cbfb5785dcb8a9f81f,brinquedos,41,547,5,3100,72,11,13
4aa6014eceb682077f9dc4bffebc05b0,utilidades_domesticas,43,1002,3,10150,89,15,40
b596e2d70dd2f5fb5ff9ee2a1c803e5b,esporte_lazer,53,748,2,6300,42,20,32
38afdf723b95d455b418a0f57d623c6b,moveis_decoracao,38,479,3,2500,34,6,28
bd5556852920e0d5ebb6044894391ca6,esporte_lazer,53,3219,10,250,28,13,14
682fa9a2b1120191903abcde5950f072,esporte_lazer,50,596,2,700,22,22,22
c874b6cca27efc978feed6fd55b2985c,bebes,43,740,1,23200,31,85,54
423a6644f0aa529e8828ff1f91003690,agro_industria_e_comercio,54,2352,3,5800,30,30,20
447b7437663c07b241787482238e1d58,fashion_bolsas_e_acessorios,58,1359,1,200,16,2,11
a4462e7d5df840cbd075f0224bf42554,beleza_saude,43,2027,4,550,30,5,20
937d4dbe97dc4cda39683025976f91ae,moveis_decoracao,58,1037,5,400,35,7,27
f5307d7c949134b78e68c51c13cc426e,esporte_lazer,51,1286,2,520,25,20,20
6df3e292ba834323d4d8164d4c88e698,bebes,50,524,1,250,23,14,28
634256dbcd184b3757ffd7632c9fe52a,beleza_saude,49,295,1,150,16,5,17
cd46a885543f0e169a49f1eb25c04e43,informatica_acessorios,58,1390,2,3475,54,13,48
24bc2932a12c983f8e76d828b65cf39b,beleza_saude,12,2411,1,380,17,11,13
9c0f79b9daf5436386477b4e17b94389,moveis_decoracao,53,616,1,2400,30,35,30
ce6bbfa347690099b21b9d688772d5ab,automotivo,60,374,3,700,32,15,11
a334304f952399f2161225628a9d2891,beleza_saude,58,1692,4,300,18,10,14
e350532acfc2ee911b6dcf1029dcb48d,brinquedos,27,867,5,300,22,6,16
2132979d9b6f64e99b8c9bb4da4e0323,informatica_acessorios,12,676,2,496,36,13,35
bb77135946e78428a7a5634a46113a22,bebes,57,271,1,600,25,15,25
b8b426747049f2d3d6e00b486d47dedb,beleza_saude,49,819,3,1250,42,11,12
87fcf2104f6c632428115466bab2c16b,esporte_lazer,24,211,1,850,51,11,18
d60c79092c4d9018a9e4f08f24b7a280,utilidades_domesticas,28,735,2,300,20,30,20
e4acef9f829635351de593a05d2406da,esporte_lazer,45,40,1,562,20,13,17
526f833e1eb0a32ad9351145a761b9ab,relogios_presentes,60,491,2,250,16,2,11
45a15b38cc3c0514717a1de673c6193c,,,,,250,17,8,13
36ed077d2f4915bc4bd14ead16a028de,alimentos,49,477,2,750,16,20,16
e3dd5a5b73bfbb610ada4ed74a6612b6,pet_shop,32,1244,1,138,17,13,14
f399bbedb1d21192dffefc4a8b30a229,utilidades_domesticas,59,614,1,5300,30,35,30
35d92b98f6c28b76f0551e206ba39234,utilidades_domesticas,38,597,3,300,40,5,40
46f739c1cd676603026c0af4d29ef7a5,automotivo,55,212,3,1850,20,15,20
e251ebd2858be1aa7d9b2087a6992580,ferramentas_jardim,34,511,4,8875,40,14,43
c689470c5a069795896edc7b896d9251,cama_mesa_banho,63,837,1,1300,43,5,30
3374f1e0e721154f553fa0b0994ff405,utilidades_domesticas,56,231,1,250,16,12,16
779e74ce337266c06bf392935ab34bc8,alimentos_bebidas,59,459,2,262,28,15,20
d2085f7e0f9533605386960fc7e987ec,ferramentas_jardim,40,207,4,150,16,2,11
b88449b8d7f553a4517437d0dc5491a2,papelaria,45,435,2,750,17,7,12
f4938e02188d323c8412d2ea07d230e4,perfumaria,56,182,1,3733,22,29,27
ec3f8e78677c7e0395b155bc67417158,informatica_acessorios,60,334,3,850,34,14,14
3096d513ef378c2f6b32b7f4f42a471a,relogios_presentes,54,555,4,400,16,2,11
1945afae0c93166dce1f186d00125695,informatica_acessorios,58,1707,2,6500,30,30,20
b84ee1832bd494a163f0a8315efde95c,informatica_acessorios,56,944,1,200,20,20,20
f7ac498363699addc5ff78eadee46977,telefonia,51,544,5,150,19,3,20
7cd29da0653abeb444703cc5a957f479,beleza_saude,23,565,1,1029,20,15,17
4d37ead6e95bf651d4ab59453425e7fa,automotivo,56,651,5,7200,72,4,44
8bab563be2e3316280e3990af91da7b7,eletronicos,49,190,1,133,18,11,14
67d2c4ee8fd08752a32aae5f878740aa,telefonia,45,361,1,100,19,4,11
a59fb60fddcc72a9878b7ed5cb69d8e4,audio,48,424,1,200,27,5,20
7dcc6211778e584131cd6067555e8a5c,relogios_presentes,60,1709,1,300,16,12,12
6dad2488df2de36fedd0b11be097c346,bebes,42,848,1,4727,56,59,31
9e0e152552a1323f7e5dcf63d50cdae3,perfumaria,48,969,3,400,20,11,11
035df2b15f358d231e00af9e62488cf4,perfumaria,51,607,1,783,17,15,14
741a31499a578979be85db7f80139e62,moveis_decoracao,59,473,1,600,30,3,20
cb3ad2d2499eebaa7ccb4fd1e7db9bc7,automotivo,57,689,4,1450,30,30,30
092eff69a9499b052a2258f502ea0775,moveis_decoracao,52,485,2,500,35,8,35
2f1ae77f6516da678d91c8a80b90bc20,brinquedos,58,533,3,742,37,32,29
f2af004352a06a99dca765596240cbc3,beleza_saude,61,1054,4,100,29,5,15
714e305d7c565927c0ede7012c1c5c7c,ferramentas_jardim,43,478,1,17533,58,58,59
36ea81e90d1292dcdc3ad8abb09c20fe,bebes,59,921,4,350,42,27,42
426844dd9ed9ae105a5d4b3f1e18becc,ferramentas_jardim,47,590,4,133,18,8,12
1501b0033c68a37fa9560033a440e529,eletroportateis,58,1160,6,410,24,22,17
6502573d0b5c3aa798a3131984966b52,brinquedos,30,621,2,400,23,8,50
eae99ba0d11a9e56ddc878519bdb33b1,esporte_lazer,39,716,2,1280,29,24,22
ab1f9387c0627dd24000bfbc54fdeee0,eletronicos,45,456,1,175,22,11,16
516ccdc0667fe7e260156d1998ef9546,moveis_escritorio,37,1069,1,7563,58,65,30
d3c044bd42d84a79e3b0c42662806a48,esporte_lazer,32,3831,1,150,16,16,11
f58e45b16a42a325c144eb2c46a2bc57,,,,,6250,28,34,40
e9775f87bb8e7d4b82128c9adda40669,papelaria,57,722,3,200,16,10,27
b75bc6d95abd11862892008658b17f49,utilidades_domesticas,61,881,4,6800,40,40,40
632fe3d92c45b5c83f4102fadd94ee92,industria_comercio_e_negocios,52,1561,2,6950,16,104,35
3fa43718c1d128c8d2f148530e9493f5,ferramentas_jardim,29,1038,5,16300,100,25,30
aa280035c50ba62c746480a59045eec4,brinquedos,56,678,3,200,16,8,11
20f160a9cf2e856ee5eba259e9ae33f9,perfumaria,56,1224,3,556,21,16,16
89db899bdb35ae40d0901e38f21d2ede,automotivo,46,458,1,2200,16,2,11
9bb2d066e4b33b624cbdfec7d50b3dcb,pet_shop,53,1494,2,900,26,19,23
70cbbf603be04fd0947d83608b9a2266,telefonia,51,675,4,314,20,9,14
418aafa8794c4c22bacfa453f98bbf26,beleza_saude,52,353,1,600,17,18,17
dd3575a8c5e2139f680a9816a15c8f2a,consoles_games,38,919,3,700,19,6,15
3a12fe499b9342f78cb827ee18393e7f,cama_mesa_banho,54,739,1,1050,25,10,25
8b1b115b8dc96bdfa740d4267019a201,telefonia,56,451,1,133,18,4,11
43ee88561093499d9e571d4db5f20b79,moveis_decoracao,39,161,3,200,20,20,20
72d0a38fe43ba7087d71e245d1b76c9e,moveis_cozinha_area_de_servico_jantar_e_jardim,55,383,2,22150,76,46,38
aa8627a375771ab01288705307ec4ae5,utilidades_domesticas,53,493,1,5750,40,25,30
3554200c1d7f3b4b39a0ae68aa1c0a54,malas_acessorios,56,267,1,4633,37,34,30
d011223de539cd224b5c5c8082313d46,moveis_decoracao,50,676,2,2125,28,27,33
1002287b975c051e4f283579598cf6d2,utilidades_domesticas,58,471,5,8250,33,35,33
eeab31cd2a4bcd64e6b249e0a674b3a8,alimentos_bebidas,60,295,2,274,28,15,20
7fdff1c504647eff040e08cd98ce3210,brinquedos,43,2239,2,200,17,21,11
6e62e31b1ec621d6182feb6b39c4194c,cama_mesa_banho,22,735,5,800,20,20,20
0127db1f4effcf8f5b88d80588bc5624,relogios_presentes,53,555,1,200,20,7,15
3a05a947f28cf46d789adedc107d7595,esporte_lazer,57,652,1,3450,16,15,20
f5d7145132f3a1e1bfb220ac72d803c5,telefonia,39,375,4,267,19,4,12
94774f52c71a3e4ce084c21c873507cc,automotivo,50,296,2,100,16,10,15
53ae5df71df97b2b9abee97ce1e1b8f1,cool_stuff,44,3049,3,850,22,22,22
61194019f380f0b760c31e66ee97e50d,esporte_lazer,54,1954,1,400,16,10,11
aed75ad669fbebd5a385ac7cc2ae7573,beleza_saude,42,427,1,30000,50,75,56
3dd3a67f72798f25cdd5d98553553d85,pet_shop,63,935,8,16850,60,40,42
51ff363ff8346f0fb99858f2c0954231,esporte_lazer,49,752,1,200,20,7,14
6687954ed33bc521cdef9bba5d086d6d,brinquedos,38,567,1,650,31,18,23
cee96128d25ffe3429e69452233838dd,cama_mesa_banho,48,417,1,266,28,5,16
79b5f6746971ce589060a7aeef9f9d9f,esporte_lazer,58,893,1,13700,26,7,11
116a75888dbca93a1c26c5d5c949b175,cama_mesa_banho,56,122,3,800,22,13,16
2c2491f31fe7320124ccf2f3404354a6,telefonia,60,818,6,300,17,4,12
547b95702aec86f05ac37e61d164891c,ferramentas_jardim,33,509,1,9100,42,13,39
7564c1759c04fc0a38f2aa84f7a370ee,construcao_ferramentas_construcao,59,2432,3,1200,16,11,11
e00a570d375c55a1858a08669ae684df,beleza_saude,42,639,1,300,19,12,13
9cd9443e9002f8be88682ef102d771c1,cool_stuff,55,1895,5,2250,50,30,30
4ede61f4c026ce233e4ba9ff9444ee09,esporte_lazer,54,175,6,600,20,20,20
e84d1a4a08db13e8dea6d400a1c6a3f0,alimentos,34,926,2,700,24,15,24
8d9468efb665050bd137607b0c8ce680,utilidades_domesticas,41,648,1,963,33,44,33
0a29ce51f88190dc32d9f6a23f7e9a8c,utilidades_domesticas,42,245,4,150,19,4,11
2b4609f8948be18874494203496bc318,beleza_saude,59,492,3,250,22,10,18
03511a5e5d4c3d8ef00f1578e1419800,telefonia,52,2118,2,400,20,11,13
687865b021641ba258e6967af27301ff,moveis_quarto,40,180,1,10600,33,45,40
bff79f2c9dafe00c6215dbf7be6139da,informatica_acessorios,51,1177,3,840,20,11,19
cffb05bb50a95e92fc26bbb049cc8fe7,moveis_decoracao,52,474,1,1300,50,20,40
597db778f5d2ebf10a3fa0f43a2ae143,malas_acessorios,59,2197,6,1000,35,10,20
1d417ca09479182e9fdf13a1c77c309f,cama_mesa_banho,49,729,1,1300,20,30,30
a3e8ee20df0f969f2cb0c5ba01e1c40a,relogios_presentes,41,702,2,3900,16,4,16
111e2f43245b193147270aba6d558129,beleza_saude,39,371,1,150,16,3,15
9feeadd6b97835152e83e1b25b46f5c4,esporte_lazer,54,1175,1,1064,24,20,19
489ae2aa008f021502940f251d4cce7f,utilidades_domesticas,31,875,2,30000,60,61,33
67434db9e83b58ef317f4a902807b82e,construcao_ferramentas_construcao,54,2420,2,60,20,5,20
22594ba8fd9a72ad95d352929c821560,moveis_escritorio,31,1076,1,8450,53,50,16
496f6bd86011e5a9ddea8dc96e802340,moveis_decoracao,60,458,1,1050,30,4,20
69455f41626a745aea9ee9164cb9eafd,relogios_presentes,41,408,2,501,18,13,14
f3c5707e7c539ab6533e3611da02b648,cama_mesa_banho,57,204,1,2250,35,20,30
f9b0ee95ce8b1ef8b50eecc5e0fa4348,esporte_lazer,59,2993,1,1250,23,23,23
63c4a70e0a12b4bd9475fca9e9937e76,automotivo,44,350,1,30000,60,60,60
cec09725da5ed01471d9a505e7389d37,esporte_lazer,52,1197,1,2500,20,11,11
ca873fc3d2a6186b92f8c32d685012a6,telefonia,57,319,3,275,16,5,11
2d110366dd24a714cb50dddc30b4101c,esporte_lazer,32,1961,1,250,16,17,22
1164c17af70425821f88bfbdc9e907a3,bebes,44,282,1,550,50,10,50
3477030902c7c383db840003051d8115,cama_mesa_banho,54,611,1,20700,58,50,49
ffc0b406806006602c5853b00ab5f7fd,artigos_de_natal,39,749,1,4450,50,8,45
f2e53dd1670f3c376518263b3f71424d,cama_mesa_banho,53,236,2,1975,41,13,31
32442bee23baee10041f5a964cfcbd15,papelaria,48,1235,2,800,20,50,40
a2f0a41fa03da98fd19e20d996462cc8,pet_shop,55,444,2,300,17,12,14
24b4132a43608c2949226ad2f774845f,brinquedos,27,708,2,250,17,7,18
3373d1ed7bf5f3187f110c0e9e40a02b,,,,,200,25,5,15
e4d56c64196ecb182e719d9bacd0628a,bebes,60,1217,2,500,25,4,18
27672da99215b426dc0ced05731bccc6,fashion_bolsas_e_acessorios,59,412,3,200,16,2,11
5efb4125102dcaa9a937dc2002c96aba,eletrodomesticos,54,156,1,400,55,13,12
d487d19bd9ea9420465fc556ce17ef4e,cama_mesa_banho,52,126,2,1300,50,5,50
f744c6a73a924600d92abc66a44d4f7f,beleza_saude,46,578,1,3350,36,22,22
2e513e110e3f95926fa3d1ac44444ff4,eletronicos,56,320,1,150,24,8,16
7aef20f12c90de905bf7782cb29dffb3,moveis_decoracao,53,400,1,1200,49,7,40
9988437646bfc0cbe0f97d4451cb08fc,eletrodomesticos,60,230,3,300,27,13,17
e3a23a99f074226ad690393a840c3244,fashion_bolsas_e_acessorios,37,558,4,100,17,3,12
2007f2b457d10773f0d40622a433a22c,perfumaria,45,951,2,100,16,11,14
34aca073a68b7ae1d470940db997c295,esporte_lazer,60,941,8,6300,90,15,25
18241450338cbc5751c433970f3f1060,moveis_decoracao,48,145,1,700,21,12,16
43944a8f8f0b7ae86b6c3d3c2f257375,eletrodomesticos,52,1363,2,4920,65,11,33
0983cd4a5cabf1099659ce461511963c,beleza_saude,58,1307,1,350,35,16,20
2eb384017334e47db9ccf364216799df,utilidades_domesticas,59,887,1,5500,32,32,32
c6dd917a0be2a704582055949915ab32,cool_stuff,54,1012,1,1200,42,25,15
b142d7aed19ed6df9da4eafdc297afde,informatica_acessorios,58,679,4,140,16,11,17
20c26b058070cf8c6bbb8c8943eea98c,automotivo,55,703,6,5100,47,19,23
4d1cb16db8705120e188da9c8a10ba93,informatica_acessorios,44,624,7,200,30,2,39
d5f1f35337b832cc42168c69511e311d,automotivo,54,145,4,100,24,2,17
99f265229d46f700208ad7cb1ff48aae,telefonia,60,755,6,350,17,4,12
40cb7bb3d30559b9b6c4fb62bc837962,cama_mesa_banho,54,617,2,350,47,4,35
6f560724f3fa3fdb4940c4fd4996a359,beleza_saude,59,629,2,200,18,11,13
bfb09aea4e6432b4b0588f9ce9062a9b,automotivo,57,361,5,100,24,2,17
ce169d5f9421a6f21e41a7bf54d0b98e,instrumentos_musicais,41,163,1,500,30,20,30
6d85d9d5f551adaa92a276918f462fbe,fashion_bolsas_e_acessorios,42,150,1,100,16,7,15
aadff88486740e0b0ebe2be6c09476ae,beleza_saude,56,390,1,250,16,5,15
73914fe8c3e5b38fa0155ab051c6c1d7,beleza_saude,49,1616,3,775,28,15,16
aba86c093ccdbac75b09111d57e50004,moveis_escritorio,41,154,1,2600,40,45,39
41402af2a88247152583bb812ba235dd,relogios_presentes,53,486,2,533,20,8,11
8dfb2df51786c583001deb21b4a94080,climatizacao,45,1045,1,5300,51,22,34
e5989cd466f0714e1439b95bf6a279da,moveis_decoracao,31,471,1,1200,20,20,20
9fdc434e0c81bc6d990065c2a7efb4de,papelaria,60,298,1,450,16,6,11
e015a943a2281ba26f48e93527fc5af1,ferramentas_jardim,50,422,2,1700,30,25,45
a9568a13a4077638b75b8a64bc4818bc,relogios_presentes,51,482,2,160,18,12,17
40376ad8bd1bd1066449dbb09440dc43,fashion_calcados,34,240,12,200,29,7,16
3d37da85f5e66558333fb5daee494736,beleza_saude,59,1828,1,1400,20,20,20
ba0d049a05e69aa1b806f625df623063,beleza_saude,33,1369,1,700,31,13,21
016cae136d358dcdacbd7ac9f1864c09,esporte_lazer,53,236,2,300,30,5,20
685919d3ededc26c0ec078b32241025a,bebes,48,1369,2,6850,48,25,34
be837f2e0152a208d4386f4126d5bd7c,eletrodomesticos,60,940,2,950,25,11,15
1716ea399ed8ee62ba811e6f55180f45,automotivo,25,712,1,200,21,17,17
900c2341f3b48dcc07b37f6e9e080b9d,cama_mesa_banho,59,275,1,5050,57,18,51
2629c2e1e3a0b360912763741f1bb7ef,moveis_decoracao,50,844,3,900,86,4,20
5ce6a6914bbb228f4cb4ee93c1cd0d15,brinquedos,36,225,2,1700,19,27,40
ef854c7d98d5eba672287b0a9d37075b,instrumentos_musicais,58,815,8,18600,100,15,50
a5647c44af977b148e0a3a4751a09e2e,moveis_escritorio,48,1066,1,12160,56,51,28
83309bfd8eef19fbfaa8e790b824b572,casa_conforto,59,349,1,1600,45,15,35
ed43976cb61c922803515e4963d9e5cc,beleza_saude,55,3950,1,2500,35,20,20
8c5876b1c7768217964f353bc7e64393,telefonia,61,440,1,250,18,3,28
80d7f196d2d484ced59663c82b434174,relogios_presentes,57,1889,2,850,33,17,12
5403528d987ad26e8d7cb25940411987,relogios_presentes,58,600,3,250,16,2,11
dbfc56759eb2cf348fed10084dd344f7,construcao_ferramentas_iluminacao,58,311,1,600,16,16,30
dee86721a08f1d5b57abb73f61eea265,cama_mesa_banho,52,120,1,750,34,18,44
c2a1ff8408a1c857c8730e4d12da714e,utilidades_domesticas,56,1221,3,1450,21,17,22
619d72a5e53d41d7646274a3fa20c2c4,informatica_acessorios,41,493,1,242,22,14,14
5743cde12b14a481dbc29d4dc336f92c,esporte_lazer,55,986,2,400,18,9,11
3d2083882f7be28ab6c8d9c807e3026c,esporte_lazer,44,711,1,1100,57,16,21
2635c3e7db0ac6cb3e733cac61ce0ba5,utilidades_domesticas,45,466,1,628,21,31,18
76914818a87f9b6b320e136e17e6ae06,moveis_sala,33,317,1,13800,59,17,58
4a300735bc293723103db0d0c1bc1585,telefonia,42,661,4,250,16,4,20
b969a0b5d4b1c5c7458bf16c0ad407ad,eletronicos,31,369,1,150,25,7,16
fe7ad3e3828f32193dfbe6359f733a8f,brinquedos,48,609,3,823,25,28,28
86b8032cbb666ec9ca1f2aa4d4cace06,esporte_lazer,52,801,5,418,18,7,13
2d7ec74c6f93ad8234f2e29817b2827b,bebes,54,305,6,1400,40,30,30
d3257d83b50d04301c9d969a0e2ec4ee,relogios_presentes,60,89,4,250,16,2,11
217cb0f28c6def3c3be057a952d78189,pet_shop,54,1102,2,650,20,18,20
fec85e6c0eab9b4bcddf9ccd917c80bc,moveis_decoracao,54,1078,1,500,35,7,27
e338f548cda0b52650b9acfd317a74db,fashion_bolsas_e_acessorios,40,444,4,150,16,5,20
eb8dbe7d2dd22ab3547925e49a78feb3,esporte_lazer,48,831,1,650,18,18,18
479a69148e08e997f6f13dd2f4723b6c,automotivo,41,348,1,1600,55,15,15
99c97d191bcc87e072acc4521bce44d4,eletrodomesticos_2,33,111,1,7350,44,14,30
9794fba8c8aa64ab4fece2d3cbe731e9,moveis_decoracao,25,383,3,1350,35,24,25
4c1e109ecdf58453de365d217cefa64c,pet_shop,37,1219,2,974,26,30,28
4180a49d4b879e727ad2c8e82a9f4d87,esporte_lazer,54,1598,1,250,16,15,16
6bbe55cf8f85c87b6eebb775a53402f4,tablets_impressao_imagem,54,512,1,283,22,12,21
8ed094bfe076c568f6bb10feada3f75d,moveis_escritorio,43,1128,1,16133,63,59,25
192d363be840c4c307c77a1880c1d8d6,beleza_saude,56,1670,1,300,28,24,11
50f39d42ee3c1155a39f330b0b53c735,,,,,500,16,19,12
ff29d8cb1cd0cd5ea37b80dac9939e1c,eletronicos,47,485,1,200,30,10,20
6d2c14b30e95a30ea57059b97cdd9fe7,utilidades_domesticas,55,340,1,2300,30,30,30
e306ca54c91b21392317d5b4632c9fe3,consoles_games,42,778,1,700,26,12,18
4100a608bd0aa524b06ffefba973707b,beleza_saude,39,798,1,688,17,13,16
ac5e164e2eda939ffa46593f90077f9a,fashion_calcados,35,222,5,400,29,12,23
7977b70dccf5fb91ef5787ea38c36c45,cool_stuff,55,1324,4,3250,30,25,25
6e7b435ac3c84fc5348dba974e184322,perfumaria,42,299,1,280,17,14,14
36f60d45225e60c7da4558b070ce4b60,informatica_acessorios,33,300,1,207,19,11,14
09364ccfda8448d03ae4082f6044b16e,informatica_acessorios,56,924,1,200,16,10,16
3cacd5299c846cb08ae1e445fd78392b,beleza_saude,35,469,2,350,21,14,17
6ae38d49db7fc65ad1779828542aecba,ferramentas_jardim,42,317,1,2300,23,22,19
e6666bfb776cebb5e0e1cdf2410f7490,automotivo,60,1693,8,3100,46,14,25
159cad5d8dadf4141e99b88d58c0c943,bebes,21,396,1,717,34,24,34
a5341e3f8155dbb3e62323d3ea289729,moveis_decoracao,50,422,7,2850,40,5,44
a934e0f29d3b0843308564ed3ec07058,perfumaria,48,143,1,350,18,8,12
8b1490c8e82581bd050b41bd709a6364,beleza_saude,29,298,4,100,22,3,14
2c925b58c178637d60168ac80cf7f836,brinquedos,56,740,2,483,23,12,19
f42892b40225227fe465626ff509a92e,casa_conforto,58,335,1,1750,45,15,35
83e2059df06602e05d9bc1abf28166ac,moveis_decoracao,57,1722,2,550,52,11,11
c681df24c54f79b5eab51e15b603abf8,ferramentas_jardim,40,313,1,800,40,3,15
ab5da1daa941470d14366f4e76a99dd2,eletrodomesticos,57,953,3,100,30,10,15
a19b6951c75da43aad691622dd2f6abe,moveis_decoracao,44,789,1,650,20,35,20
557d850972a7d6f792fd18ae1400d9b6,ferramentas_jardim,39,1310,3,13805,35,75,45
55042f58e0ee432416bab8ecdb8a84b4,construcao_ferramentas_seguranca,49,531,6,1250,20,20,20
ea11e700a343582ad56e4c70e966cb36,,,,,26000,67,57,46
71a7800a633691de8ecdd17463335e2e,construcao_ferramentas_jardim,49,1845,5,550,20,16,30
ca36223e14b83df526098afff99de992,esporte_lazer,28,109,1,400,16,16,16
dc52f0f5d3ec37a93eaf956cde4e5d2c,relogios_presentes,60,539,7,400,16,2,20
86742dc5c815f1c8c04c6e323e3c1865,pet_shop,37,734,10,6950,48,28,31
d2f5484cbffe4ca766301b21ab9246dd,informatica_acessorios,51,448,1,180,16,9,16
abe171a94bee936786955f928bd764ab,cama_mesa_banho,54,553,1,1300,35,9,25
d9a5a5120d4d357871acd5408cb10e18,fashion_bolsas_e_acessorios,40,817,1,100,16,5,16
04ca6bf4b3d9aa78046f0973efe2f4b1,sinalizacao_e_seguranca,46,916,8,750,16,20,16
67cee25aae565b8f1182ea8c37440103,moveis_decoracao,56,296,3,1650,100,7,15
688ad0169550f8e2eb0307b61df3ba12,cama_mesa_banho,41,515,2,1050,35,10,45
3cc52e01a315aba7f650574a3a256b1a,moveis_decoracao,53,1391,3,3100,35,20,35
51218a8d006d67354e44e530d57f9a20,esporte_lazer,23,211,1,950,24,14,32
a4fa3b8fa5953b0bd18bf4e0b4de499d,cama_mesa_banho,58,189,1,1350,46,2,36
57d79905de06d8897872c551bfd09358,telefonia,59,540,4,300,17,4,12
7d04659ff78e0f7d991e8b699b5e5c3e,relogios_presentes,54,506,2,267,16,17,13
e78506414d2563b6414cfd84b7fa0802,perfumaria,58,827,1,460,20,14,20
101a896b1137f70a7bbb2b9fac61458d,relogios_presentes,46,561,1,342,17,9,12
173d5a1b6c4ea4f41aafca840646d240,informatica_acessorios,60,2442,4,100,16,16,16
834df04774f3aa4b60bfd6f839f448bc,fashion_calcados,49,375,6,300,29,7,16
6a44a19c645421001ab4d4c7eb1b687f,brinquedos,58,569,5,20850,45,50,45
2ae94d219369eb83f204effd82cb9f31,informatica_acessorios,51,562,4,350,16,4,16
43423cdffde7fda63d0414ed38c11a73,relogios_presentes,41,1159,4,350,16,14,11
0296dd002a346e3bbdda4e0bc48a5073,moveis_quarto,43,1527,4,13450,76,14,56
627290fff23f56cd331134527afdb44c,moveis_decoracao,38,1719,1,800,53,8,11
f077214034cd3d8d4f35074bc2ddf0dd,informatica_acessorios,28,1375,1,1167,21,15,13
6b00cb3fe05c73d0acef3fd949a34c0f,brinquedos,34,254,1,200,16,10,11
5a3564d805d5fb2e52e88bb740d9b4ea,beleza_saude,57,828,1,200,20,10,20
f7d7b5c58704fb359a74580622800051,cama_mesa_banho,53,223,1,950,45,15,35
aefd95d8fa48ead0bcdec7fb758daea0,pet_shop,22,596,1,200,23,8,15
76f4d017416dbf316f05abe3a1aa04df,fashion_calcados,53,408,5,1400,22,12,33
65841ad29fc48cd40902e03da7511e05,cool_stuff,51,1279,4,7750,58,33,61
1427b126f61597524866770b05d4eed2,informatica_acessorios,51,378,1,200,17,13,13
6b6b162b177d0f36987993aecbe1c65f,pet_shop,36,876,1,20450,35,35,35
ca5c923962558430573f83661dbe36d6,pet_shop,59,747,2,1250,40,20,30
3a362c0e7f9a69276e2d95869a3e143b,beleza_saude,60,919,1,150,22,3,15
2ffdf10e724b958c0f7ea69e97d32f64,relogios_presentes,59,582,1,263,17,12,13
f8d3e4ddff67f24dc2e481c6ed11c505,utilidades_domesticas,57,488,5,750,28,20,28
811f973313e8219988a69cc140c447f0,cama_mesa_banho,50,465,1,13350,20,20,20
4a24717893a6c8f3cfcf9843b8987d15,artes_e_artesanato,36,576,5,350,32,2,28
0bcc3eeca39e1064258aa1e932269894,ferramentas_jardim,57,339,2,1800,37,22,40
868b3136c5b206f91b8208fbfdf2cb7c,cama_mesa_banho,57,364,2,800,45,10,34
1a43e86fd17dcec91ec053c9a1adeaac,perfumaria,43,232,1,444,20,14,15
e72246bac78dfdb31d5a07c47fd21dc6,bebes,50,2181,1,1288,23,23,26
aa2f69939ecb8795adbd9d1fddb05728,cama_mesa_banho,58,709,1,700,30,3,26
1264d5ede085c34d455f62cceca87791,moveis_decoracao,61,3781,1,2050,33,8,26
0164201c7c8b81dc5779e015e2d7be59,cama_mesa_banho,52,662,1,600,32,5,30
d5d5bf01f70d61a8917ef35a3595edbc,papelaria,42,202,3,1050,29,30,26
12a46620105cc4bf4d193fed203ab9e6,esporte_lazer,53,921,4,150,17,5,11
b8a0d73b2a06e7910d9864dccdb0cda2,beleza_saude,43,295,1,371,20,16,16
1e291c0c369924c39765c90de669e4b4,malas_acessorios,56,948,2,9560,31,45,54
7c4a8bec217df1de0df2b5aaf8175b65,audio,58,675,2,167,16,4,11
ff28477a5bcb2fc34bb86a6c2eea1566,beleza_saude,58,3408,1,1250,30,25,30
86032b927304e96f4d4a9aa72104d70f,bebes,49,524,1,250,40,40,30
0db3775f48739f2e8dbaebeb631eb4ac,moveis_decoracao,57,319,1,900,100,11,12
96f608a5fe010cb34dc25baee3274444,cama_mesa_banho,55,352,2,500,50,11,11
08279c494018541f71443c07d77560f8,utilidades_domesticas,48,688,2,3150,43,27,27
0bdb7583b74c0323d413497fab3f2a3c,telefonia,53,141,2,400,16,6,11
82e7ca24faa9dc9a072f94e0ac420c95,beleza_saude,39,226,1,400,22,19,21
1a405418406359cc2b8815f93bf359c2,esporte_lazer,56,1007,2,4550,20,20,20
ecd7770e1f7f64ee8c295da808d2ce5b,casa_construcao,55,918,6,750,16,20,16
ab8a616a62326859211452cc82885197,bebidas,44,857,1,150,18,18,18
e583bb5fa3cb1e876a6ea48f21dfef34,artigos_de_festas,59,761,1,350,27,9,19
4c2394abfbac7ff59ec7a420918562fa,beleza_saude,49,1495,3,600,33,19,13
11059273f4bc1a293777e98c89807c62,beleza_saude,43,1565,1,1050,22,15,17
607ef4aa416b93fdeb2a811c2c73ad81,cama_mesa_banho,57,189,1,1650,46,3,34
99d44aea5e49748da9f941f1f35d1cf4,eletrodomesticos,56,129,1,250,18,8,13
e4c7ed7a832858c17d60ad5e38b00aba,cama_mesa_banho,35,155,1,750,40,4,30
8551bb37c32cf4ff78125402b9c1942f,automotivo,51,361,1,200,35,4,26
3a77cc438baf789ed16b12b553ce504a,pet_shop,46,377,1,600,25,40,25
4ef2894feb9fb3f164a68f654f841447,beleza_saude,58,1399,3,1500,50,20,20
cf18e908cb8600dcd21a719db24c48d8,eletronicos,41,918,1,900,24,12,12
3e34352aa9c04170d941a9a8c6a895bb,pet_shop,55,618,1,125,18,10,14
4910917f05092f331bf3a477f791cc01,relogios_presentes,52,102,2,250,40,10,25
bee84ad17517656f609763f0b124c7e6,cama_mesa_banho,59,685,1,3250,30,20,70
11875b30b49585209e608f40e8082e65,esporte_lazer,26,1465,1,1032,17,15,16
ab330e1b64fde92d3b4d4d6980a38576,papelaria,18,346,2,150,16,5,15
54b755678728b84472c2b654ac4de777,alimentos_bebidas,26,2427,1,200,20,12,15
529bb98486625f3590837af3e22e49a4,informatica_acessorios,42,652,3,250,19,3,15
6b5170a2d3ae93a38e63f17b356da239,utilidades_domesticas,40,464,1,1200,28,8,13
ee99cd2d468819078af4687f923cf17b,moveis_escritorio,43,2230,1,15200,58,28,58
cf78006a2a6b0429b9663edd99bb38f9,moveis_decoracao,49,399,1,1900,28,19,21
e3425df9bd51be69917273c9dd92ed5e,relogios_presentes,53,346,2,733,17,10,18
22a8168cf1f1c6347da8d29863b7f75e,consoles_games,53,2013,4,155,16,7,14
ca815d1a82897d9d4503e2e367931d03,cama_mesa_banho,54,204,1,2100,45,20,25
341d85d688ecc3353cf2a968e7ad0dbf,beleza_saude,47,554,1,350,16,10,20
c9bd28e8a4220af0723c7b7f97778681,informatica_acessorios,57,1502,2,300,18,8,20
568ba441f7f464dc73d23a91cf8ca671,cama_mesa_banho,49,271,1,2200,40,15,27
50d77758742285ff49f340ebdf0df5a7,eletrodomesticos,56,953,3,500,30,12,17
566a092fe1584b426b4a5c76823fa63b,papelaria,45,350,1,3600,36,24,36
566d15b940c0d5e7a0a37c82b8ce353f,papelaria,58,327,9,400,21,7,15
34cfd42ee58203ab02adb27ae12fc8e4,automotivo,44,1745,1,3900,27,16,28
0c4e43e25f781898363a83f9a7390ebb,informatica_acessorios,47,1991,3,484,18,11,15
83a26c42a5f94b7456425cd0cd20daf8,market_place,60,1371,2,1500,20,34,36
c3504adf8e5bbfd1978d29a00c2075c5,pet_shop,59,1064,5,1650,68,4,48
62d41a80c366aa2d8644e3270adf8440,informatica_acessorios,50,512,1,1225,43,15,21
f77dd338d9f75229a09cbb9a18fd0c9a,cama_mesa_banho,42,734,5,400,20,20,20
cd71c76f5ab15f51f24fb214fc42d8ab,perfumaria,43,714,1,367,21,15,18
fed2dca7ba471a3942a070e00ae17381,moveis_decoracao,60,569,3,300,21,6,16
86b29e90cab127b7231caf9eb85d4353,automotivo,62,530,1,1850,55,6,55
2fc7741cb6ea76e7164f448adc44652d,cama_mesa_banho,54,168,1,700,26,7,26
bb7a9375a368ae9aaa1ce5bb3db3d9ef,automotivo,60,341,1,400,20,20,20
b0528299d65ab35e3ed853f6a853b8b8,construcao_ferramentas_construcao,48,1200,1,3400,16,27,35
9696fc4ef13aa92c9933cc364d18ac40,casa_conforto,30,230,1,700,30,30,30
a996589ecdf800089835934a0360ccc3,eletronicos,49,238,1,150,18,9,13
ea20f928ceaa7f146fe62a0cc8413ee5,moveis_decoracao,52,1786,2,500,68,8,13
fd18f2f8c3c6818f28fee7202d811830,perfumaria,44,572,1,125,17,11,14
fcf19b6b1ff4a17bcd6ca9675b58aa6f,beleza_saude,49,1211,1,725,26,17,22
21addb589dd9cf0c658177579dd2e99d,relogios_presentes,55,311,1,283,22,13,20
96537ba8cc2b7b2d74ef574b5e78d458,moveis_decoracao,63,632,2,2350,38,7,28
a294436012a512193adfae667b8465f8,brinquedos,60,804,3,625,33,13,23
e4e5cbc0077aa2c7aacbe435166df909,fashion_bolsas_e_acessorios,56,918,6,250,16,2,11
ae1d83f17a79da9d43ac1284316cbf2b,utilidades_domesticas,60,644,2,1100,18,9,18
7620a27f1d6747511f1c6f0ddb63c0ef,flores,52,225,1,850,16,11,11
a2383392185fd006ff9117e6a8eb2afb,utilidades_domesticas,60,382,1,7150,35,35,35
d79c712e7afe8f0fd59b749ee1e4fc97,relogios_presentes,58,891,8,250,16,2,11
7c4bc321009f51cefbb3877de6b98bae,cama_mesa_banho,58,268,1,3600,41,8,36
b0c89945c034268074f5f80b362bda34,cama_mesa_banho,60,612,1,550,16,10,16
e0a36dd15c245dbe1a52080fd6d048b2,esporte_lazer,28,645,1,500,28,25,25
ef2fb3a493929907466587fecb5611e2,cool_stuff,38,195,1,567,35,27,17
fde90f06296b26995fd0de6f16610d70,construcao_ferramentas_jardim,45,225,1,1650,22,14,14
81a3d1dc085d3226530f23cd4af5030b,brinquedos,44,232,3,547,22,13,21
caf540627b7914ab734c86495fdc95ee,moveis_decoracao,54,769,1,13300,45,35,45
70825a84db489dd1ab3f3cd35bb67604,informatica_acessorios,60,1109,4,200,16,5,11
188d0b148e6d1c86faffe0d73c3f2dad,moveis_decoracao,25,249,2,7650,25,25,25
9e18e70b32c00d98cc4cb4314dfef5dd,papelaria,34,245,3,1100,42,20,31
750d224957fab8388b6b2c7432c00e35,pet_shop,41,593,3,250,30,10,15
1f50c7757334d6acef5e3c5fa64eb3c7,moveis_decoracao,40,406,3,700,24,19,22
b7d94dc0640c7025dc8e3b46b52d8239,informatica_acessorios,59,636,1,800,35,12,15
a4ea23e4c7a6ea7b4106779177221ce7,informatica_acessorios,40,2755,5,200,20,10,15
eaa26a34984cbfedc19b1e45f09f3c9a,cool_stuff,49,214,2,422,18,12,15
059ca09d32720d9adce3ae12e181339d,perfumaria,50,676,1,426,20,16,17
98b22c1129886cbd7fcae69d1c93e442,cama_mesa_banho,57,188,1,1350,44,2,35
bd2208216bc0c202640ae18c57e0f483,beleza_saude,57,651,1,700,16,16,16
729c55b4509d36c18b86f0bacc17ca5d,telefonia,58,702,6,250,18,4,12
c3002d67c0b8c6449c3a80c1556ad8c5,moveis_cozinha_area_de_servico_jantar_e_jardim,53,1563,3,3300,40,20,60
640fcadaeb5f06f26d6b07d366cebd34,moveis_decoracao,59,1988,3,2550,65,8,45
c230b471b7e21ff9060e68ee154afd70,,,,,200,16,5,11
965ab297b516455ba5bae37d17bc51f8,beleza_saude,52,1828,1,1100,25,13,20
b5e13c9a353102f79c6206ff5cb61a50,brinquedos,59,249,2,1500,40,25,20
00905d58c87afcbce21420b3712cacaa,cama_mesa_banho,59,253,1,3875,46,12,43
93a12c289ca2b78e7069e469f5053ef2,informatica_acessorios,55,408,1,233,16,14,15
c5d5fed9e3002dc5313d874d7f9a0ff0,instrumentos_musicais,41,1741,3,6050,60,15,40
9c31382f02ac001fe1a33a466471d98c,eletronicos,60,742,2,2200,22,7,17
e2e426d1332240070b0a836a854d057b,cama_mesa_banho,57,701,2,1100,50,12,12
04c200c7067838a36677c2cb65f90987,utilidades_domesticas,55,1355,4,375,16,10,18
202d6bc7af7609f371b94e032925d314,cama_mesa_banho,54,390,1,550,16,10,16
53ab1363bbc2573a252d86619a782424,ferramentas_jardim,57,383,2,1800,30,10,25
d1c427060a0f73f6b889a5c7c61f2ac4,informatica_acessorios,59,1893,1,6550,20,20,20
0c877471e35049402bca235e06cb8063,,,,,10750,34,20,30
b3cd491b3a347c8becc23fa5515440f9,utilidades_domesticas,60,446,5,15000,52,28,52
ef703385b2707af7f9af3e185679811c,cama_mesa_banho,54,324,1,1000,42,8,36
f24bb438da3185d5fd5a19e4d7433827,instrumentos_musicais,56,760,4,2900,47,9,47
96b0a882d11b17ce51238420ec63e3a1,cama_mesa_banho,56,641,4,2150,50,10,40
4d9e8a6d8d07e4f47e093b8c2999ae01,eletronicos,60,517,4,200,16,6,14
283dc451ad3918badb976d56ff887289,cama_mesa_banho,58,188,1,1650,44,2,35
ca38c039b717207dec906f4fa9a21db7,beleza_saude,53,3734,5,538,23,12,34
6b90709b6db8b6076b0b0c71cc70d06b,fashion_bolsas_e_acessorios,60,240,5,50,17,4,13
0c753fe6a58dfa7a27bda5de76e779c3,esporte_lazer,15,1127,1,1338,23,12,14
17fc8cc736bd5d1f6714f41102d6ff30,brinquedos,45,921,2,500,28,15,20
41cd333a4af5e36df81fc0b83ccf8e2d,bebes,59,867,3,10750,38,47,44
a239d49293b522b341e4d9105a308e5c,esporte_lazer,32,543,2,250,25,25,20
c8abdbe349a97073e7aebc795be55bd8,esporte_lazer,59,1569,3,2150,105,15,15
32ad146ce66014dd98fdc2190bc995d6,esporte_lazer,36,491,1,200,18,9,13
ea2999d120b8644995f93e02aa9660c3,utilidades_domesticas,46,786,4,2550,53,25,20
c1f5307decb89342351bec53668cffd9,telefonia,60,777,4,300,17,4,12
291c4eedfc6f236325724d88bb03101e,eletronicos,47,484,3,250,22,7,22
b92a7304ebad1ca5b393b53b2de5c70a,moveis_escritorio,55,1292,1,9725,53,52,17
244811270c7c86b6cec6e934c059e086,moveis_decoracao,56,1271,3,5400,46,7,46
a9028257171c93a8d948ff95a0082b0d,eletronicos,25,351,2,550,17,8,16
1a0d662b65b5ef08796501b064c853af,automotivo,55,1065,5,900,45,12,45
6c712952b8ef62f8d06a0314917400c8,beleza_saude,39,608,1,1200,21,13,19
5f8c74f4a3d2b616857fcb7d4dd1f61a,livros_interesse_geral,41,1009,1,1500,25,6,19
810cb3c5af006624fa32d362077af85f,esporte_lazer,24,1071,1,1252,20,16,15
2b0ee2d07306f7c9ac55a43166e9bb4b,cama_mesa_banho,57,504,1,1450,30,15,30
da1cfaaffa7720fe28f26f18d52f5ad9,fashion_bolsas_e_acessorios,59,409,3,150,16,9,11
a2fddd6229ab528218029f919af4c1ed,esporte_lazer,47,126,2,600,18,22,18
7afa8c8eca2a26b599823eed4975a820,utilidades_domesticas,60,400,7,2600,37,24,37
3b09eb8e2d6bb856f77327ebf539e959,utilidades_domesticas,56,1223,1,10050,30,30,30
afeeea6271148ee1bb15173b8187c431,telefonia,52,1885,1,450,17,3,11
fb783e3e545937820b57fe539b2c5a6c,cama_mesa_banho,57,189,1,1100,41,9,31
9d32095f76b97762307e86cfc18dd7a0,cama_mesa_banho,38,213,2,400,25,9,19
146fed9eb1d0f9db43dad0c7c96fc6e8,cama_mesa_banho,50,392,1,1400,35,10,35
9a382deec088553d7695394b64c09086,esporte_lazer,59,956,1,16100,28,6,11
57fcacc3434a1f2f2b039c1b4e61f5e1,telefonia,39,365,13,50,16,3,11
49ae25c5f82cd4bc8057d0b16d45af3a,construcao_ferramentas_construcao,35,384,1,1050,34,7,21
090a47567475a8de67cdc10ac38d76bf,brinquedos,35,328,3,200,22,8,15
59f09deeea7c839a9212a19f3416b892,utilidades_domesticas,58,1404,4,30000,60,66,29
9e10ae46a3021a02f1692448ef9fa1db,beleza_saude,45,2231,3,175,21,3,15
66077cc774ac8ba7c7fcb45fd8e03474,utilidades_domesticas,37,365,2,3121,42,25,30
1612209b0b37fbe80e1e8e1b7d19ca1d,informatica_acessorios,56,580,4,1600,20,15,20
ae27a5524edb2c8dc4656c670f458fb7,utilidades_domesticas,58,364,1,1000,40,28,28
83fb75d581e85667440635bdd314c645,malas_acessorios,54,424,1,1100,20,10,45
6cd0d08f09a8b32450fd32de16265a74,relogios_presentes,46,436,1,416,16,7,12
cee7741dd613113d6b633ba89444d34e,relogios_presentes,57,543,2,217,18,14,14
f40876e0ef3cd5f9132b1f16b04b1346,beleza_saude,42,250,1,427,15,17,14
f10f55939660d23138e46c72acb7498b,telefonia,59,745,3,250,16,17,11
db123b35396aafabb2d5b476557abed5,casa_conforto,59,349,1,1700,45,15,35
a60613d36f37a7b27d3344f40f6a7945,beleza_saude,44,696,2,350,19,11,23
81e11b02560e506662f5d75a88b94fa5,utilidades_domesticas,43,403,1,8700,19,48,27
ddaad3142473118e7c6c4848683026b9,automotivo,43,532,1,200,16,12,20
98c2f7da94217786e372e7d85462c354,cama_mesa_banho,45,238,2,2700,30,11,20
b0c91d66c28e96ee21e0616a5ad1ac35,automotivo,58,1656,3,500,16,21,18
8e48c45980a3fee42f12f7986a4b68d5,automotivo,56,1498,4,2250,56,69,12
24ad6518fbcba9b028f168019c6c2d67,brinquedos,41,1096,1,400,17,11,12
98e91d0f32954dcd8505875bb2b42cdb,climatizacao,26,1445,1,1132,33,39,20
e343a7fbf868e28cb3f80ef0f6d9300c,utilidades_domesticas,46,423,1,1950,40,20,32
7cdffa73c5aa5471607b4ac982baa201,beleza_saude,36,126,1,2600,40,12,55
eda141a3df363e0374e85007d1b4bc85,cama_mesa_banho,54,269,1,2150,45,15,35
475af23239b1120761482ea242b1a271,esporte_lazer,60,576,5,23800,80,12,22
a87567bdce60de6f901e3d7c6d8df820,cama_mesa_banho,30,1328,1,1800,55,10,35
ab9cf155f8280c3739b09fe341a185e8,telefonia,59,409,1,225,18,4,12
43cb1d661a38ba864fc53fe1b6edb0ed,bebes,21,414,1,625,26,14,12
4e064cdbe4079c84a33181a96cf5609b,relogios_presentes,59,110,3,200,16,2,11
4a351fa3b10c2b78daee983c534c56fd,informatica_acessorios,41,1025,1,3150,32,16,16
ac6c3623068f30de03045865e4e10089,ferramentas_jardim,59,409,1,3750,35,40,30
812caec8528c1f3b1bed583530023cb5,cama_mesa_banho,47,228,1,950,49,6,39
f4f4debbcfcafe6858d1e37a1f6e436e,moveis_escritorio,33,1190,1,13867,101,8,57
027cdd14a677a5834bc67a9789db5021,perfumaria,42,544,1,341,20,18,16
c76a7f2aa3596ac11fa33fb6f98cc7c7,esporte_lazer,33,396,6,750,35,17,17
8e7a3ee016b12c87b5e3e7e717620758,industria_comercio_e_negocios,56,2083,4,850,40,30,30
e82773dd03318132e509b6330c868c7f,beleza_saude,55,768,1,150,20,10,20
40562621def0bbc3080d94f54b9d1f61,cama_mesa_banho,51,750,1,800,16,10,16
8b5227e28272123eefd613a10ffd7704,relogios_presentes,51,404,3,820,18,12,16
c5b72065154ec27c2d1ed8a654c3348f,relogios_presentes,36,1116,1,416,18,9,13
5f5ee6e720308ce93007ce17c0835883,,,,,250,20,21,16
a0450529bd974ebeaf93b1731184396a,cool_stuff,51,873,3,900,18,9,27
f2d649f157cebee085ed738f23d5d6b7,bebes,42,596,1,350,32,9,16
6fd3f7378cd65325e10cb21733778416,utilidades_domesticas,59,1232,1,800,23,18,23
4b2422ebbc6723e80f355b11b4d8fba0,utilidades_domesticas,28,87,1,370,17,20,15
67c4868694e75a87d7d0417c14fc26a3,,,,,400,16,16,13
18901878788fec7ddc55e64d1ace8187,bebes,38,471,2,8250,44,32,35
5b99f79ba0d929b0f3270ab0f0f5911f,bebidas,24,30,1,1400,16,33,18
5dbf50af9485478b933f1028e108640d,eletronicos,15,359,4,150,17,3,12
ba141ee1157c8499edebf350c898084b,cama_mesa_banho,54,634,2,3150,56,12,38
b05eda1aa0322626a26b40fe913ebfc5,telefonia,51,1257,1,75,19,5,11
86b22a03cb72239dd53996a67df35c63,construcao_ferramentas_construcao,47,380,2,7650,44,15,34
a3ceb95649a48c0c54ae4bd1dd66d035,telefonia,56,279,2,170,23,5,16
f196248e8b5d060cca414a664ea9a76f,automotivo,58,1167,1,1900,90,14,18
0efe972876d70927f5099b77f387c6c7,moveis_decoracao,63,418,1,1350,45,15,35
2bb67f2cd3ff60400e0bad33aee72d2a,brinquedos,49,872,1,550,40,10,30
80d2404aa74015aa6cd21863642295f7,bebes,48,704,3,5700,60,20,50
b370dd237db6a8a0bd74a6da9e367a80,cama_mesa_banho,58,387,2,2150,38,9,27
fa7e460c8ef762c029b4042723e481c7,brinquedos,58,202,4,150,16,7,11
d03e74df1b077535fb82990351bd3cac,construcao_ferramentas_jardim,55,2042,6,210,20,8,15
0cfc9fea40ee0f7006d150fbdf3fa808,livros_interesse_geral,22,1626,1,300,22,2,16
891f85176bb33d23b19f1cc30eb2660f,audio,32,469,1,2000,31,31,31
78c3942245093508f8e17ffc06a0dfcf,moveis_decoracao,56,516,3,313,24,15,14
05d80513da078badb81a5f232e489376,cama_mesa_banho,55,867,1,1100,20,16,20
dce4459168283eed926d7af76ba39e02,telefonia,50,165,3,150,18,6,11
378f61e89b6c50bd26a0a74c6ca046f0,moveis_decoracao,55,1472,3,1000,53,8,11
8eadcea593a48a928f1e2d702e816d60,brinquedos,55,466,1,900,30,20,11
e0cf79767c5b016251fe139915c59a26,beleza_saude,55,388,1,250,16,5,15
0c4a0f8ab44f9acd2d04e7024f9ba362,alimentos,49,740,1,388,16,16,14
e61c78a7343d82c0539d27df0f7dfc31,cama_mesa_banho,60,268,1,2700,41,8,36
d4d538563de6b49c547e6997f0f8be32,moveis_decoracao,54,2040,2,500,68,8,13
01c666c82f414c762ad21bffa56e8b49,brinquedos,55,242,2,50,25,11,15
6d8096ca93caea3416a6b24bf411bc86,relogios_presentes,53,593,2,250,16,11,20
785365b9ad25d832bdde56f305159fdb,cama_mesa_banho,46,338,1,900,32,14,27
4520766ec412348b8d4caa5e8a18c464,automotivo,59,956,1,50,16,16,17
77cc62dc80ebe12a0452d1ce0565acdc,esporte_lazer,45,2950,1,1625,29,21,21
27a7e832bcfcd69ff687d611c3e79cbd,perfumaria,56,661,2,600,43,16,27
42ec84ace63b58b8c5a7ba7be01d5fb8,cool_stuff,52,1732,10,2550,24,23,27
cb52e6775d816cbdadade36948e81fc8,esporte_lazer,41,2035,2,10000,40,34,44
c19d3d531fcbc095536275e1ecf643e4,moveis_decoracao,63,652,2,500,45,15,35
1e4ab43607e527a9a558faa24a9e6e81,informatica_acessorios,55,653,1,226,23,17,18
e01a5a164be7867f7684c14d2dc88865,esporte_lazer,21,1286,1,4073,23,16,19
b0dda79e79fdc30a862d527ffffdf4bc,esporte_lazer,42,1680,4,550,50,10,25
f71a7c95a86564873cd996896b2976f6,informatica_acessorios,60,1201,5,900,28,29,12
671be61e4013fc77e2d3586ffc1e51f1,esporte_lazer,28,710,1,30000,90,60,50
57e089e3103f5cda6a4ce23b77399bdb,bebes,18,1194,4,650,20,8,14
01a5038835acf17f141c7247956b72d6,cama_mesa_banho,54,235,1,1350,34,7,32
1f541a93f4fa4b8d15c7d5ed83836484,agro_industria_e_comercio,50,418,1,12850,41,42,47
d537e54e990d95194a5733e79f1af1aa,esporte_lazer,51,2047,1,50,20,20,20
f8ea5fcf9c628485e01b9c3cf52728c2,moveis_decoracao,49,868,2,1200,40,8,40
b94d4eb757243e4bb42453bd0be1958d,brinquedos,41,366,2,1433,41,20,38
bd07b66896d6f1494f5b86251848ced7,moveis_escritorio,55,955,1,8267,52,52,17
3f27ac8e699df3d300ec4a5d8c5cf0b2,consoles_games,37,1172,2,200,16,5,12
ee57070aa3b24a06fdd0e02efd2d757d,informatica_acessorios,55,937,1,107,19,13,13
ccab0a345f7929a38c73b0f978107e74,beleza_saude,59,879,1,6900,26,26,26
a9490f0e069790ddb7d8e7935ea3584a,moveis_decoracao,58,1472,4,3000,53,8,11
527e17a9217166ba1744ef81423887ba,moveis_decoracao,50,1903,2,800,60,7,14
d12ad7f92749db41296a64e02c0bd5c8,eletronicos,45,544,1,190,22,12,16
67e927f7378303fc91ee4c3fc301bf5a,perfumaria,47,2024,1,251,18,11,15
80033c8e73f5b367b3809549337f0122,esporte_lazer,58,379,1,1800,20,31,16
0d0813646803c7ceca65852df0fd59f6,pet_shop,17,712,1,300,16,5,11
c1b2e753d02b165e402d5020fff9a582,automotivo,60,427,5,5200,36,28,28
fa38bcb3a473be0c408207618946a8c1,moveis_decoracao,45,1029,2,1500,42,8,32
bcb4f6803e8889a70dc5ed14c2f5f785,informatica_acessorios,41,685,2,200,16,12,11
f3dadec221142e379d7113915c1d0fa8,informatica_acessorios,57,206,4,250,16,6,14
10be5827cbcb06a81f220d46dafd0af0,beleza_saude,54,1281,1,375,16,3,11
7814c273ab16783d73a9863ebfa8b141,moveis_decoracao,51,756,1,12250,45,35,45
cb03e4f0503f45854e87afe535e0681d,ferramentas_jardim,51,720,1,9150,33,8,33
416d75e3094f3393b778fd40d52b6089,informatica_acessorios,43,518,1,700,31,16,16
5ac9d9e379c606e36a8094a6046f75dc,beleza_saude,46,2345,6,525,21,16,13
32b4ca7827a47902152f92205f5cab44,beleza_saude,27,566,1,300,26,17,20
625dac8156b3157351e7257305148f3f,telefonia,54,935,1,175,18,12,17
4e2235f93eb6f83c34901d68feba9344,casa_construcao,38,471,4,1550,22,32,14
5ca739ddd646d1ba53cca4e3c099a953,brinquedos,49,892,2,1200,52,13,37
d0fe4295267f15ccaceac4fb233d8c9a,informatica_acessorios,52,398,1,350,20,2,26
f5badee8a0e679f057ec0ca4f0f32dcb,construcao_ferramentas_construcao,59,427,8,450,20,10,15
4a579d3f0c38c12a0e22c0146f2356f4,cama_mesa_banho,49,82,1,1000,40,5,25
9766ad53f42ee034fbc0e29c85fe626c,cama_mesa_banho,51,385,2,2500,47,21,41
5c087f345e870429ec3ea20a49a79735,moveis_escritorio,48,1159,1,16450,63,62,24
bc1771eea502c7888f4fa3d568a69111,bebes,62,121,1,950,39,16,40
99a4788cb24856965c36a24e339b6058,cama_mesa_banho,54,245,1,1383,50,10,40
fdba6f37e0258dbca54eb0ed8b293ae0,bebes,10,1162,2,600,20,8,14
9686ff1a707a2d304c547f82535c5ee5,relogios_presentes,60,706,6,200,16,2,11
4f915391faab8ae23c234735d5080c31,relogios_presentes,46,410,1,401,17,11,14
28d7da9ebe96bfda54aed060b68b23a1,fashion_bolsas_e_acessorios,50,731,1,350,16,2,11
89e30d3452ed2e7f8d86803da7954f05,relogios_presentes,51,449,2,300,16,11,11
d07c0177e489e871713b83a518446ac7,utilidades_domesticas,56,869,1,1750,30,30,30
0c4d0a08f95c7b7dc5dc7402bfdafd4c,informatica_acessorios,49,409,3,300,16,6,17
7adb171e34892acd7b24bcd0c841e221,perfumaria,60,640,1,475,23,9,15
5b75bff143600c85dd1fe69b7055982b,beleza_saude,48,1674,2,350,30,5,12
e0bb3159111d86828b5caef8725ff055,utilidades_domesticas,63,103,1,2500,30,6,30
418d480693f2f01e9cf4568db0346d28,cool_stuff,48,330,1,1950,33,44,19
5a0c21ad6b82a1b61856e48ec959764d,perfumaria,57,1424,1,100,18,10,13
52ae46963f0cd4c1497fe26a0f50fa6f,automotivo,51,572,2,550,33,27,26
b9754f9e21b6e6960b37594d4387fb1c,perfumaria,35,796,1,450,30,13,23
77d1b9fb8d3858f503316105e9ac6c51,telefonia,32,365,6,50,19,3,11
1f2b62e693c588aef7be1f457137b15e,moveis_decoracao,58,2276,2,3000,69,11,11
d6c2073fdc29a2931d1900fe474134ec,perfumaria,44,517,1,400,21,14,15
294d41c2e68c3452a16c269c5a969537,perfumaria,57,1010,1,550,22,16,16
23227b07fc69250d2fa4be6602011aea,cama_mesa_banho,46,171,2,1250,45,10,15
8f71fe1e1b5bbb6773e7276b5c37ef65,papelaria,57,921,5,6250,25,50,25
fdad129d8e902058f98862f23dcf6978,informatica_acessorios,35,1101,2,250,42,2,30
2adfbd64f2dd14f2dac6afe783311859,cool_stuff,47,2057,7,1900,87,8,11
c1eee16d856657ad280936810ef3d080,cool_stuff,59,1758,1,113,22,8,17
b18040a8b795afd0802abd9c3755ea64,esporte_lazer,41,979,8,7000,90,20,25
fdde5bfe43004cc06f12152870b951f4,perfumaria,37,1470,2,475,20,16,16
c62bc42d383a40b285eee3f95240c817,cama_mesa_banho,56,2536,2,1800,43,8,33
437773d07b1edcb634d4f4a2ad377be2,bebes,25,334,1,300,27,2,16
7899001d8d8933d11d0f18ec5943f79e,,,,,1000,29,11,14
3a806ac1ab98107febb4ffcf38bc1fac,bebes,53,704,3,4750,60,20,50
7721582bb750762d81850267d19881c1,cama_mesa_banho,63,837,1,1400,43,5,30
e87093a08e761c9fbf7dd461227f66c1,cama_mesa_banho,57,171,1,1100,35,15,25
b948a6dd0adccdcf3ea81888bf678924,bebes,47,791,1,850,40,40,12
16c1c1a3dc1ddc2fd5e32ae7fe616b0b,cama_mesa_banho,52,202,1,2800,43,8,36
7e97894cc00196a56d6ec315c68b2353,esporte_lazer,20,420,4,3300,78,20,38
462a59e8ce95b0cb4df207fce782648c,livros_interesse_geral,37,1080,3,500,17,5,28
f6fa93875f4a7dac03e0a22143f4d815,cama_mesa_banho,37,212,2,450,25,9,19
74fc0f00f12925f590846cc41144df80,pet_shop,56,1276,1,150,20,10,11
aa74ebe862c9061d4272681810675a01,esporte_lazer,43,1236,1,1500,21,26,21
21a53da27d4b830f32f475a09f0bd54a,cama_mesa_banho,57,247,1,1500,45,15,35
ce5a5a85a0704113bd7fd75b3fbaed71,cama_mesa_banho,30,115,1,733,19,12,18
9fe172fa8e662ca8572cf12abf8bce23,fashion_bolsas_e_acessorios,36,412,5,150,16,5,20
3d514fecadf6cef40a2a32a3c20cd1c8,brinquedos,46,1533,6,350,25,16,16
8a26f391ab8b209f67d87dd358f6f004,,,,,2200,24,28,24
a7216be504e1ff211b67479ab193a552,utilidades_domesticas,42,886,3,5200,50,23,27
3631b85819ccd66432f8e4b5fb568cf2,utilidades_domesticas,33,311,3,150,16,9,11
4b5e26931a0b0d3a690a3f520329a975,esporte_lazer,57,1161,10,9450,85,10,33
4deb009c36a910076a023947a7929201,consoles_games,51,936,2,157,17,8,13
3c949f7dabf571691248f935a0063fbd,beleza_saude,49,787,2,150,20,10,20
918f54d64e36db4f2560c49199e64e12,informatica_acessorios,60,335,1,150,16,8,11
994e65eb77f3501f497e7fd860b0ea9e,ferramentas_jardim,53,1725,2,1000,33,14,14
cb1b037c120d9dad45d63a2723e46f18,malas_acessorios,46,1134,2,7700,18,64,40
63888810573fd78e60644cdf803cd2fa,esporte_lazer,59,320,2,100,16,16,11
5ccdfc35d9cff8db4fa46b83d5712899,pet_shop,30,764,1,15700,81,19,60
6deaf130a6ca84c4f96de7804880660b,consoles_games,53,509,2,1000,20,30,20
3c839ed874f2e0444a38bfc8daf5ad5e,utilidades_domesticas,57,1379,4,9550,29,66,29
cb07b3df7c64648bbeceb85cacd464c9,ferramentas_jardim,63,955,1,1900,20,20,20
9a98180ffbd0765e89f11cc8dd2385f4,moveis_decoracao,63,639,2,1500,38,7,28
3cb39171fd36c50097f2dedbbe0dfe6e,automotivo,60,3136,4,100,17,10,15
65e3848513c9ab70bf542e5d694cf072,beleza_saude,46,1001,1,575,25,13,14
638a9114d65182d28b1cf8a99e72d90e,construcao_ferramentas_construcao,54,297,1,2450,35,27,29
40b6762970c412b5b5392cd0d4c006b1,moveis_decoracao,54,694,1,1200,34,8,22
33a8f9ff2a9a41c0c49a24d12e106151,utilidades_domesticas,56,493,4,350,20,8,13
bef21943bc2335188429e1638ef99b81,telefonia,24,222,2,200,16,2,12
1361837a82c3ee5591e56958e3d89bce,casa_construcao,60,677,1,9500,30,35,30
315affd5901833621c947264eb9f2588,relogios_presentes,56,741,2,300,16,11,11
c2613aec0520c43e665ff0d037adbfa7,telefonia,37,416,3,100,19,3,11
2f07e976774b91520e17dd3b2dba73c3,climatizacao,60,1428,2,6750,59,17,37
691e72a37278e33ac031c3976358446b,brinquedos,53,433,1,900,40,12,30
daa5000b84b8bd4a9e8e622f154ac0c5,beleza_saude,48,583,1,150,16,7,15
76d1a1a9d21ab677a61c3ae34b1b352f,,,,,550,16,7,11
c571ff0670b81b663ed2dd31338c5ad5,utilidades_domesticas,36,282,1,500,16,18,17
331e79a28ee5afbb321a3146653085f2,moveis_escritorio,55,1286,1,10725,57,55,22
381402fe1e8aa91c45f813615ab5a596,relogios_presentes,60,546,1,400,16,11,20
013ee64977aaa6b2b25475095162e0e9,cama_mesa_banho,40,519,2,1350,45,10,55
26a6bbf34441794b135d4d4642eeece9,livros_interesse_geral,43,902,1,250,22,2,15
08c63555bbee955cad9c6a9feab9e9d4,utilidades_domesticas,38,193,1,11350,43,35,34
35819a9e5342bae7ad7a0016460dee25,eletronicos,48,476,1,150,24,8,12
f8abc2230f8edcb57a082b6ef696e481,utilidades_domesticas,48,1565,1,2200,16,21,11
b4183f86c9a0c7a13138ff4575114f76,brinquedos,56,545,4,900,17,40,14
b1631003bdbc3b1e876f83a7d851d74a,perfumaria,48,1003,4,350,18,11,20
8ac47b3ab13c68f49f10dde899674149,dvds_blu_ray,46,957,4,2150,30,5,20
d5b703c271f43f9c588a6f512a00f77e,brinquedos,27,531,4,150,16,7,20
68c7b730377e83ef83e053ca3785b8d4,brinquedos,40,1215,1,350,19,13,14
9117307cf75efa6e964d697f0d1297f9,fashion_bolsas_e_acessorios,32,391,5,200,16,9,11
fe01b643060a6446e59f58e3021e66b3,perfumaria,40,659,2,1250,26,21,20
dfbbf137ccb6af48e66d186a33118579,informatica_acessorios,45,722,2,450,20,30,30
23d8439935522540cfd5bbb8b1208a2d,beleza_saude,63,3915,1,1450,16,16,15
4a534b5650f13219a0de4ce5af039d2c,informatica_acessorios,57,626,1,150,16,10,11
f109f04ad95889f2f041a91afe3d894e,beleza_saude,47,189,1,2033,22,12,17
cbecf0dca7a42c56c9ad9e20c74af1fd,utilidades_domesticas,52,1374,2,1110,20,20,18
bd7cd34fc6d02e730221b11edc354aae,brinquedos,36,651,2,704,25,22,23
2196663031bcde078cede855ac0b5739,esporte_lazer,43,1646,6,491,19,12,16
437caf429e4e9beec15877117a13bb45,utilidades_domesticas,55,408,1,450,37,3,12
9af9fb5e25c1c09f035e01b7936f6c6e,bebes,18,1311,3,650,21,10,15
5637032095493f280eae8d9da00da6f1,malas_acessorios,54,507,1,750,81,6,11
381169576b9f3c083a1c3261da161a3b,informatica_acessorios,43,677,2,225,25,9,29
8f79239910bb0bf15488ef9abd9e6593,cool_stuff,57,330,1,1650,35,44,19
3fb22448e11f38ac4437c25693fcac1e,moveis_escritorio,59,1219,6,2750,16,36,36
ca83ea24493d1cdaa236098ae779b175,eletroportateis,51,2396,7,3567,35,9,27
2ffb8b836bb62d53a77a69a67814fffa,moveis_decoracao,56,297,2,600,100,5,11
c7f27c5bef2338541c772b5776403e6a,artigos_de_festas,54,429,1,450,28,9,19
d339b523c298009f15d242a3a99392c7,ferramentas_jardim,51,2559,3,850,24,9,26
c072e7b87c8413341505d50d8234fbc2,papelaria,49,151,4,7900,35,55,25
461c7fdbb5a6a7fe3bc51bf7f4e3677d,esporte_lazer,49,2392,1,2300,21,21,21
8e14e42d480e0c520d2f8ee0e7d3249d,cama_mesa_banho,55,499,1,700,16,40,30
f8375e9fa93ad89af5386c8d0ff4e186,papelaria,58,495,3,825,22,32,22
b1cbf530dc2a793ced8e0768ffcce501,telefonia,40,580,2,100,16,3,11
3b0f7951038b105522c2d566b54421f7,telefonia,56,341,1,175,17,6,13
473795a355d29305c3ea6b156833adf5,perfumaria,36,605,2,100,20,20,20
a3c6e207e106b9ccc0b813a7a0932530,perfumaria,43,370,1,1200,33,13,14
39a0578866cba21bcead91f5221af2a8,fashion_calcados,34,240,12,200,29,7,16
2155593e689475e40e4c8b93143c0287,brinquedos,55,418,3,712,47,13,32
a35a9f46dcee0a67c8c7ad8493eb4135,informatica_acessorios,33,1084,2,200,41,2,29
64d0feb1bcf9c7fe7b5dad3271c10910,moveis_decoracao,58,696,7,750,25,15,35
8097e6d8de77768d9f72295263e440fa,beleza_saude,37,601,1,224,16,13,15
d36d9ea1497c1e294498cc39df08a687,cool_stuff,29,953,1,200,16,20,20
a00a22560435cc439faf6163eabc1ef8,telefonia,44,351,3,75,18,3,12
8fc31e1c7f966b5262cfcc89e159d9a7,papelaria,34,740,2,250,20,10,15
0afdab080dc525494d5a0adc4c1c0854,cama_mesa_banho,59,554,2,533,52,6,40
4b703444923b5e57bb73ba343f5ebab7,cama_mesa_banho,49,204,1,264,17,14,16
44f90f085c7a825863cbf867990e1513,beleza_saude,39,1200,1,517,25,13,16
1e8d46e0cdc62c1ffa69cc04a6f2660f,beleza_saude,34,617,2,250,24,11,11
cc1b5f3a64b4f452bdf5473f10dc6aaf,perfumaria,28,318,2,388,19,12,14
5f42d57952b7815098979a5c4fa6f82a,beleza_saude,60,919,1,150,22,3,15
cbd2c1ba72b7f4ce36a69fd430c019ae,esporte_lazer,46,3184,1,2380,32,30,23
7933eeb8cf79ae899bfac71c0edb076d,moveis_decoracao,63,233,8,2550,42,17,32
fa126ff62aae83e37857ad495641c878,informatica_acessorios,29,1386,1,600,23,17,15
ebee6703e867082f455a058a8bd04092,consoles_games,53,321,2,200,25,5,15
769083fbf5eb9f3f132a633cc9809388,cool_stuff,58,1419,4,8333,59,31,75
6263969289f84cd8bde876597407657d,market_place,57,399,1,5350,16,50,45
ba01cebc5a3c2494d0a97d4713ec8938,beleza_saude,35,558,1,1250,30,10,17
7fc59915d9bde9a845801ee04a8658fa,fashion_bolsas_e_acessorios,58,1359,1,300,16,2,20
0a4093a4af429dc0a9334300e5c13ae5,beleza_saude,56,389,1,300,16,5,15
79a8800eb81425242b64f54f687f9af3,beleza_saude,40,707,1,438,21,19,19
46ffa04dbcbc5783861687bf69fc4f85,cama_mesa_banho,52,769,1,888,25,9,30
ead9ade61e81ab9e26d83640c3164e76,fashion_underwear_e_moda_praia,55,487,3,550,17,9,27
25d6edcd216a9ee579f19f92d694f7d5,telefonia,57,1568,1,100,18,6,11
555cdc8ae3abc9870afa02367539b799,relogios_presentes,55,190,1,250,16,2,11
3db75f31b76375c502f64d550dcd1166,informatica_acessorios,34,1078,2,200,41,2,29
cf5407ad3a5c603fa46d5c2613661a09,pet_shop,49,410,2,8750,45,28,45
d5991653e037ccb7af6ed7d94246b249,informatica_acessorios,42,363,1,922,30,15,17
82e4ad16521ca131d95e198d507db370,eletronicos,56,343,1,150,19,12,16
a216f363d00d836f8ed41189b7ea0c91,telefonia,59,734,4,300,17,4,12
0faa4ca558654b554d4d09abd8fe33d2,informatica_acessorios,60,534,1,150,16,6,11
677883eb52acde220f6d79fe67bba70a,brinquedos,41,1517,1,1600,28,36,27
5edd96075ae7fa289da48ec3b80c0c2f,telefonia,53,849,6,283,19,5,15
1ab751509d2021cb7a5137f1fc99b488,automotivo,58,228,1,9650,55,35,30
08574b074924071f4e201e151b152b4e,ferramentas_jardim,36,450,1,9000,42,12,39
4e0d588f8e002f2bad9cbe0b8f66f6f6,,,,,200,25,5,15
4413a608a42bd21bbf9d5abbd58c249a,cool_stuff,57,1620,1,2350,16,40,16
290ada89b05e1dca2a4fe42f1cfc012e,telefonia_fixa,63,916,3,300,19,5,12
dfb97c88e066dc22165f31648efe1312,automotivo,53,597,1,5417,47,44,44
03dc797f6faaa324fb633c518ff3f326,beleza_saude,41,2063,1,3000,30,10,20
3eebb0207da828bf5376257ceca70959,relogios_presentes,58,438,8,250,16,2,11
5eda4e0f860531d5ba1fe2b23d468cab,construcao_ferramentas_construcao,58,1364,6,4950,20,24,21
685c297d0eda4eb885028d8699df7a8b,automotivo,57,679,5,7925,56,11,32
5849aea6eb5573c99c98e52682bd94eb,eletrodomesticos,59,216,1,150,16,8,16
7bd043584ab4b147b9b19d9e97b299a9,moveis_decoracao,53,1750,3,2800,105,3,70
148f68f014d7729ff8193dd7fefd1c7c,informatica_acessorios,41,244,1,600,23,16,16
74ae869eb82594d9cbe6e934cf143e0c,telefonia,60,751,3,150,17,4,12
98e5d3ce2fa01b7829c3e1b1ae40646a,informatica_acessorios,55,490,1,150,16,18,16
77e1d1347bf761294a7158e1b0b536d5,fashion_bolsas_e_acessorios,22,309,2,100,16,9,12
15fdd6032f35d4add5066fb90be28630,relogios_presentes,60,718,5,950,16,2,20
3831462c36ead78cff9e8fb704dbb879,papelaria,60,313,6,7200,60,20,29
2ec8497962cc5f7730756635a5cbbf16,ferramentas_jardim,60,959,2,1100,25,5,13
24d1e0447bc0f9b43af49837d0a4efd8,utilidades_domesticas,58,828,1,1150,16,30,12
1b7384e0f9f5e4cb914cd3f5535a4cab,,,,,200,16,3,12
0b6f7f321aeac91ef72512bbae664b13,esporte_lazer,57,938,4,5400,16,50,16
46d6fa3170df63d5372aa59928ba33dd,esporte_lazer,56,244,2,1000,60,15,15
4fe644d766c7566dbc46fb851363cb3b,artes,48,1232,1,1700,65,6,50
229c012e97328ba74fd0f4a1c29f8e51,brinquedos,39,725,1,2450,38,34,34
30b159b653b87754d7a38446c7ef4669,fashion_bolsas_e_acessorios,49,1398,1,200,16,2,11
d143bf43abb18593fa8ed20cc990ae84,informatica_acessorios,42,245,1,500,16,15,15
8d98dedc3c19de17f1a090195e85d6b6,brinquedos,40,617,4,300,16,7,20
eff33b4f1723920cf70e2d493a7a5e49,beleza_saude,37,1377,1,2638,23,25,22
102b1fe1f933799b59ec8fd2ae89d7e6,esporte_lazer,48,1141,1,1200,16,25,16
ea4f6504cf603bc9b3233999c4ba4ff8,beleza_saude,39,789,3,400,40,7,18
f32941d7c00c56b8d7a3723c8ebb4be5,esporte_lazer,33,1277,1,22700,32,40,54
8d4e92265a16e69a1e1d76e67e46d72f,instrumentos_musicais,45,422,5,30000,80,75,36
36826c711e5778c8d88a7311cc29c446,cama_mesa_banho,54,297,1,5450,20,20,20
9275e1f75faf1d3d1f54e4cb63d12a36,automotivo,51,375,2,166,22,7,14
781afe929e3016a667f5f439afd55fce,esporte_lazer,42,590,1,400,18,18,18
2190082493d586e315bfbb93762ab3e3,consoles_games,53,855,1,140,19,10,16
4025ee582ef6b8c478af3b44cf89054b,cama_mesa_banho,60,58,1,200,20,2,15
cedf309ce95b4a69d153dd219dd1cef8,informatica_acessorios,58,955,3,1300,30,5,22
4befae07dba4384f6d8237ad1e7f8294,musica,33,3853,2,900,18,18,18
5de871daae99423d3fcb04edcb6dd1aa,perfumaria,60,591,2,600,19,17,19
0a6cff78b203b5224378cf8db2dff5a6,bebes,49,1056,3,400,35,6,26
ba55945d930e34e802e5dd2e5cffdcc8,instrumentos_musicais,49,3407,5,2375,48,14,25
60495adb1f1a49c8aea75e5e56a47a48,beleza_saude,54,2736,1,150,19,7,12
6169cdc0468023121be6baa425e3bc6f,cool_stuff,33,659,1,1250,40,40,30
24ef70f010919148b022e66b05862778,automotivo,60,824,5,1100,18,15,15
7e07a8d0f0ea4d119dae448cf1b595ec,pet_shop,47,444,2,300,17,12,14
6fd226a10216de446ea64b67ebc6d8cc,informatica_acessorios,58,423,3,300,20,20,20
4e0946aebc8e1d7521219ec1e7380aed,brinquedos,48,485,1,5470,48,27,42
17e7128a33dae59e32be411b7b4921b5,,,,,200,20,10,16
8d05b2c8739a97a9b912b206eed6a0aa,papelaria,56,683,2,250,16,5,30
81b6c7c058add831803fcbba6dcc1df2,cama_mesa_banho,60,235,1,1400,34,7,32
30469bb5ea377eae7121981e2f0778e4,esporte_lazer,57,574,4,5950,20,30,80
914c9e9af640dd56f48764a225b00f89,moveis_escritorio,47,1047,1,7463,56,64,35
54e5063e43f27f747d592eb24e913150,industria_comercio_e_negocios,51,1136,3,3950,16,103,25
03552ec45033c8658713c541f6af9f05,beleza_saude,52,1168,1,250,35,3,12
e0d64dcfaa3b6db5c54ca298ae101d05,relogios_presentes,35,514,2,4338,17,12,14
0009406fd7479715e4bef61dd91f2462,cama_mesa_banho,50,266,2,300,45,15,35
4583e308182e4e78d5b71b5af1804def,bebes,41,565,1,450,16,12,13
a42680488264322b4082817cfb32d64d,informatica_acessorios,52,294,1,150,17,2,11
e9a69340883a438c3f91739d14d3a56d,utilidades_domesticas,60,1912,5,3000,33,12,34
7e6c4a0bf900e259f50ba63331fd2785,relogios_presentes,59,755,2,250,16,2,11
30ccf4724f5227265f837e9ba0246278,malas_acessorios,52,573,1,1450,49,10,33
b7605b5b483063d12bd90a772bff9d21,cama_mesa_banho,45,437,2,550,40,7,50
e62d582ddb7630168d7227ca1f9edbd2,perfumaria,52,977,1,450,32,12,17
d41322ce7da20b675c1d9b927da128ef,telefonia,60,733,5,300,17,4,12
f8337291f99ac7dfa9937942984d653d,pet_shop,54,535,3,200,27,9,27
72031b4bf33aa4f09c67e884dea3873c,consoles_games,43,620,3,800,26,17,26
5c77339ada5044e33450d5c2660692e0,esporte_lazer,33,2146,1,150,16,16,11
22731e85c06982660a09c2ceb576ede6,papelaria,47,181,1,200,21,14,18
eff955ba97941dc6837a770367d66944,moveis_decoracao,41,717,4,1100,32,11,27
3570caaeaa3f5a1ae76392bb2b4155f9,esporte_lazer,31,492,3,1550,62,18,15
0fdd1ea79f0f2ec81697ccd021d6d992,informatica_acessorios,42,271,1,490,23,10,22
24c9d329963373e2fccaa3f3204db19e,consoles_games,58,601,2,100,21,24,23
41b43381a92451746dc1374dbbd4c43e,moveis_escritorio,56,1287,1,10025,57,55,22
d1dae3e210576b5698e7847df9c3e1a3,alimentos,43,975,1,1000,16,20,16
bb8f914d581c74f2ce85ce38ee07e3f4,relogios_presentes,52,777,1,400,28,10,18
1871f846d88e6b0632e1058b61d35964,telefonia,53,320,1,117,19,4,14
142c74d091a42c178b1c582535dcfabc,fashion_bolsas_e_acessorios,36,352,3,150,16,9,11
839321c2db7b3b3eaff4944c3b052ecd,utilidades_domesticas,37,570,1,1291,23,23,20
7c0a2a31bc479e366fe9fee1f5bc62b3,beleza_saude,56,1388,1,2200,25,27,9
b781cf30a200b5eff2787c2074d67045,moveis_escritorio,49,1290,1,9650,57,55,22
68ad45d48d69404aeb71ce87e1b2c948,livros_importados,37,452,1,850,33,2,23
06a47d0ecd4561565deab3dfd7d3c0ff,esporte_lazer,60,592,2,400,30,20,20
2cc9fe0726e28bee40b04417a8971b53,esporte_lazer,46,1071,1,2600,30,30,20
479d5974c7824b584a62c88885c957b4,moveis_decoracao,49,534,1,600,65,2,13
2b87ded5c8c2c971d4d5a2e4bd7b85bc,brinquedos,55,699,6,233,17,10,19
218bdd5d01fa000018c777fcc2bbfebd,eletroportateis,51,1384,2,14850,34,57,53
8aa6223e400af9c97b07c75993142721,bebes,54,830,4,5000,40,10,40
9bf39940ea9c92c0036e06c6cd577cbd,esporte_lazer,60,1457,1,2450,32,22,22
092efe1dbcc1a4752b17a19fb6de36dc,moveis_escritorio,33,1217,1,14925,53,54,18
8fa67e5cb309b9cd7b4438e15948bdb2,bebidas,43,839,1,333,17,16,16
afd22faefd9584467a374bf7a50f0996,esporte_lazer,59,681,3,150,24,5,16
4a0d1ccdddf9a6fda274fad13550f595,brinquedos,41,388,5,400,22,12,22
37f582e625d4301ab2d6b200238405d1,fashion_bolsas_e_acessorios,24,503,5,150,16,14,11
891fda5230e6e284e5430ded76eebcd7,eletronicos,50,285,1,100,25,7,16
a0b940038a7c1b3af0958334fdbf3212,telefonia,52,511,1,100,20,20,20
65266b2da20d04dbe00c5c2d3bb7859e,papelaria,38,316,4,250,51,15,15
f4f67ccaece962d013a4e1d7dc3a61f7,automotivo,52,603,1,7625,61,14,61
176faef125e3675b4eeaa6083ada61e1,bebes,47,1024,2,150,19,9,12
6670f250c92cd5a678aea84ab6a19dd5,moveis_decoracao,55,1476,3,950,36,30,19
16c4e87b98a9370a9cbc3a4658a3f45b,instrumentos_musicais,53,1935,1,18000,105,30,40
2293f7375b46e963e55be5b56d3b77b0,pet_shop,63,1451,3,950,30,20,40
8f983b383c2d3e409d71cfd12dbc7a42,bebes,50,1217,3,4300,21,41,57
ee08e2b1f2f38ce754c804780c6a048c,ferramentas_jardim,51,1076,2,150,20,11,14
e0008615ba33119a5e115eb63bd3e29c,utilidades_domesticas,28,134,1,13900,40,40,40
382132cf96c88a277a65226833af5f61,informatica_acessorios,49,664,3,680,47,7,18
b2e7c39bb137bb4b3651862c6b611468,informatica_acessorios,42,721,2,100,36,9,20
32fc01a89995915738a923b16bb5a2a1,utilidades_domesticas,57,353,1,600,38,15,29
f6ba4f9e6851627ea2d5ec8b06d471d2,automotivo,49,572,3,100,24,2,17
24f5af2b789d02450459312d48fc840f,alimentos,56,863,1,575,17,7,14
b74d57e3377dd78aace6d070fc48cc88,cama_mesa_banho,55,556,1,675,40,18,35
7b31b39ebebeb8282009c48e5587b1d0,bebes,52,1608,4,1900,42,25,15
2e7980421ad7946eab8a71b637955704,utilidades_domesticas,60,463,1,2300,59,9,42
ac6b10125f0c3f3faca61891ff70077f,perfumaria,36,1285,4,700,16,8,11
672e757f331900b9deea127a2a7b79fd,agro_industria_e_comercio,39,383,1,2650,30,30,20
06f0e85c7892d5df893f332706340af1,papelaria,57,301,3,9850,30,19,60
57e7f9befd08f9e14bc4545abf760d0e,ferramentas_jardim,47,1017,1,700,25,11,11
e8316a4667e5870c85e906b1f062bde1,moveis_escritorio,58,1135,1,9200,53,52,17
63940cd00d32f9443e5371765ffc4d6a,brinquedos,44,174,3,750,26,15,26
f5b952758d88a5995ae5c8208a63b913,utilidades_domesticas,30,235,1,3750,45,25,20
f9b178c9fdc90bbcfbd6c6b49ed47d4c,moveis_decoracao,47,894,1,1850,30,30,30
b7f9e962dba31973edd059ada998d699,moveis_decoracao,31,215,1,1200,21,28,21
02475368dfb38934fe55f574024fe1d7,relogios_presentes,55,569,5,250,16,2,11
1cac29154057b66c1cfcb6ff58e2fdbf,utilidades_domesticas,52,1232,2,1200,29,33,29
f75eb66dc82bccecabd706bd441cfd3a,malas_acessorios,49,767,1,800,20,51,34
4dcb49b9ca7e48d2f108d40caa77caa2,pet_shop,63,1541,2,850,24,20,24
59d6e6082548af8b6dbabaceb115c676,papelaria,52,59,1,100,16,5,16
50b671fa06a05828948cd518088eba27,bebes,39,542,2,200,33,10,32
c9dbe2eec19a8093cb5ac57486531c18,cama_mesa_banho,55,124,1,1375,30,6,22
a298a105818dce6878b787e4af6cff7d,bebes,55,1158,2,400,30,10,30
9aed412277ca4485a7bf6e0c53e65786,informatica_acessorios,63,292,3,100,25,2,16
4cd623b0731519cf74354784255b2b37,relogios_presentes,56,784,2,350,22,12,19
23e44bcf966914b366c7e28f13327dfe,ferramentas_jardim,46,1075,1,4600,16,25,11
06edb72f1e0c64b14c5b79353f7abea3,cama_mesa_banho,39,161,2,350,25,8,19
9351b1e4334769dc0abe871ee3c7abc3,beleza_saude,56,329,2,350,19,17,15
1c4de4dd53a801716c8a3a2cf51f35fa,relogios_presentes,60,521,4,300,16,2,11
df3655ac9aa8c6cbfa63bdd8d3b09c50,telefonia,58,549,3,300,17,4,12
759c85bda80286f647f1f71b847c6457,utilidades_domesticas,59,790,2,450,24,7,12
58e3dad74a022a8e41571be503143e5b,instrumentos_musicais,46,1107,5,2500,44,10,32
6b8cf2f4f294dd4b50037f061f230fba,instrumentos_musicais,58,620,3,250,16,16,11
61e8bddb5e00dffe8bfbf972cf3fdf18,malas_acessorios,53,473,4,1050,30,15,15
8ba12b254c2fbb3c2dda9bf44da89d18,cool_stuff,47,776,1,3000,82,82,13
d8aead84c0ff5356cacb9ac841ec3a5f,utilidades_domesticas,28,203,2,600,39,21,11
059344baebbeaa42fa9f2bbe11b1583e,construcao_ferramentas_iluminacao,55,1548,4,1400,24,15,38
2dd91cf063cf57cb0eebef072746daab,beleza_saude,60,919,1,200,22,3,15
06ead9c0b05b368667d858c09148af03,consoles_games,41,235,1,467,23,11,18
3b4d34dcf6c8a7fd6733db2a5fadf5e5,cama_mesa_banho,43,491,2,1200,16,50,16
b0141fc41043ae23a16677f3a7e282b3,utilidades_domesticas,51,300,3,10900,68,30,32
a05b734b423527efdc1917e441f19234,pet_shop,51,752,2,1750,41,26,22
b38b25d838ae0b8385e8cc68b9017644,beleza_saude,59,1153,4,200,18,3,20
3258acb04d37e2f91f76c9250f3b80a0,beleza_saude,60,919,1,200,22,3,15
ea3be87c5c6c69043c9eb7836199c200,cama_mesa_banho,59,367,2,600,60,9,50
b72e2daf4a916d46eb0076071027d05b,,,,,150,16,2,11
e4782ca6e59722999a1b22f350c28ddb,esporte_lazer,30,815,1,1092,27,27,23
cdea4f41e1d54465e44bbe45a31fc69b,instrumentos_musicais,53,413,1,50,16,2,12
87ceed33e1f7fe39fa06b69c9fdf9e53,informatica_acessorios,43,608,2,50,23,12,19
7a5d0e89d069c89b2112e9da539343c2,utilidades_domesticas,60,1018,2,2250,22,22,22
50147c350ddbaff0646aeac455c7473e,cama_mesa_banho,58,2331,6,4200,56,37,49
79ea753b9ec382b3bf6b03d449ac9b3b,automotivo,63,1864,6,4600,105,16,18
736dbfee5f7255179bdc8327bf1e38e0,fashion_bolsas_e_acessorios,60,1180,15,5300,18,17,15
dbdbf17a51049bf883b4d622a357b75b,automotivo,58,97,1,250,20,8,18
cc711d05cc2a7eaabf0629dbda239e5b,livros_interesse_geral,49,983,1,300,17,22,11
5d978726f875efd5fc81fcd39174d18c,esporte_lazer,58,576,1,2450,38,24,22
c3d5a66bdd6bd3a9c7b3b53a46adc4d7,telefonia,54,2201,2,175,18,5,12
8af4a717d0442a5fbe332dc587583296,moveis_cozinha_area_de_servico_jantar_e_jardim,17,540,1,17500,97,24,45
bb4dc25bd765b4b6beb85469e9b4bc55,beleza_saude,56,1611,1,970,17,18,15
16cc7a098d176187b6d8e9519fa81585,informatica_acessorios,56,599,2,350,16,22,17
b47865eeb745bcbfca95513b46bd977d,moveis_escritorio,56,1112,1,8633,42,64,43
35c7e6723b080a78be6fc25d81eff5ea,cama_mesa_banho,54,216,1,1350,45,15,35
083ffd30820b592e294de7ed668ff975,informatica_acessorios,49,944,3,300,23,8,19
332842d24e84234cd91299a225de76ab,relogios_presentes,58,1209,1,1750,50,6,19
a6883f92891e256b926bf8b9c40fbe9f,pet_shop,32,633,1,129,18,11,14
6ef77c360c5206f18e444f0d170a3a01,beleza_saude,59,1011,2,583,32,17,15
235458528f907463ec55ebb1e16b69f0,papelaria,38,224,1,1200,16,49,32
c40115486002b7890dc20f64f849accf,beleza_saude,37,1300,1,1417,17,25,17
33716d3b89a37449be72f5e5180caa00,pet_shop,19,1082,1,250,20,16,16
a00cd7752fb98e0a8382def60ecc0b17,telefonia,51,597,2,200,18,4,16
3b94e26edc496743bbce82c42f0a9903,moveis_decoracao,53,1013,4,400,50,3,25
677d8ace413e0060fa8686cde56eaf10,relogios_presentes,54,619,1,303,19,11,16
4dba4de4cd67ba2191c34468ac2ca841,pet_shop,64,600,6,13250,55,36,40
aced2206d8778eefdbef4de3c38ae916,cool_stuff,53,289,1,1550,30,30,16
1aa290cdf7d94d625562f35575218444,beleza_saude,56,787,1,1650,23,17,16
0bc4d2de176747bbc8b5e680bfdb66b6,esporte_lazer,55,1007,2,4750,20,20,20
5a6e53c3b4e8684b13388d6aa4afdf12,utilidades_domesticas,45,176,2,200,19,9,12
cd59f488cef311feb633141ad1e8563d,alimentos,40,911,1,450,16,14,14
ff6caf9340512b8bf6d2a2a6df032cfa,,,,,200,16,5,12
f497ba62f1d6b4f6a3a3266fa8623ad3,beleza_saude,45,1276,1,83,13,8,12
a69c0be573a2ba8f96b7650dbc0bbf87,informatica_acessorios,57,246,1,250,50,5,20
363218ba55c610b750224f90bdd34be1,cama_mesa_banho,46,279,1,1813,67,12,47
c7b3b8509e06ae21abdd78b541215cda,perfumaria,51,504,2,317,19,15,17
a8b0dd2c57b49b649373ff5a495a697e,informatica_acessorios,54,3675,4,350,17,7,13
1a640115fd96b578625ee5e51e55877e,esporte_lazer,58,671,1,26100,33,10,11
282d6e7d6d123206300fc97fb779d569,construcao_ferramentas_seguranca,53,2156,2,200,17,4,13
7344630ca6c1a4917e55f35c729baa7d,telefonia,57,592,1,200,19,4,11
ee15827f0aa0a837f8edc88de60b7850,casa_construcao,58,1047,2,150,100,6,14
0e259b36666420c6032de273ef47cdc7,telefonia,49,351,1,200,19,4,11
63f4d40c05db6ade462cecef857eec34,beleza_saude,57,1277,1,1200,16,30,16
81d879a43537a2803762ce12282ccbc9,eletroportateis,56,113,1,200,16,35,25
62984ea1bba7fcea1f5b57084d3bf885,esporte_lazer,42,190,1,1092,30,26,22
b01d34f6d2545269d348181768eca049,relogios_presentes,59,112,2,150,16,2,11
9257d3f01cd400076c63470f92434c7e,cool_stuff,41,349,3,500,16,11,11
cbb702235ad267cca951499fa8475606,beleza_saude,52,2238,6,433,29,8,25
18692fdc7adb29c885d8cb84eb68a97e,fashion_roupa_masculina,27,575,2,850,45,10,35
9a2e821cfc513051382e27606ab3325c,papelaria,58,205,2,6000,60,20,29
8aa87bc5f3053b4df2b05a2d3059790b,cama_mesa_banho,42,599,9,1400,16,15,15
005030ef108f58b46b78116f754d8d38,perfumaria,54,942,1,50,16,5,11
c3c47cc2c109b294de98015792804e64,cama_mesa_banho,52,321,1,1525,33,10,21
702a14f9c5a93130c3346c4de901d864,esporte_lazer,54,270,1,250,28,28,28
71d22271ee986bf5a46a2c199da0265b,cama_mesa_banho,51,875,4,850,35,10,25
715de93e3ca2fa3b11430ae2914d2203,pet_shop,49,1212,1,1125,25,15,18
63ee501f72520d5ec54cef5fd3a21a20,esporte_lazer,60,437,3,1093,20,14,18
452f66a0f164cac57802e2cea93188ac,construcao_ferramentas_construcao,43,1009,4,350,16,61,16
ef66e63137bdd1b2e44aa968646fc1e3,moveis_decoracao,41,789,1,750,20,35,20
fe3d99587f58ad918a2241f5c7dfa274,esporte_lazer,55,3120,1,3700,33,36,33
2b849e71ada03a262ef4338a7abd8b79,utilidades_domesticas,56,786,6,1700,20,10,14
95e25af33821b9d231e06f1e7cd34d4e,moveis_decoracao,5,267,1,2600,18,40,13
79161ecc0839d5d58374918d289ee6c7,beleza_saude,36,551,1,125,17,7,12
d5ad2be418dec48e9d0c4745e431c384,informatica_acessorios,43,893,1,150,21,11,12
b746f0f77468910428130facb2ee2d1f,informatica_acessorios,42,207,3,100,40,2,24
177793be904f7c1a1ca04c64ce05a68a,consoles_games,25,751,5,300,20,2,14
00cc15e0cef551848c797ab75ba904b1,relogios_presentes,47,596,1,300,19,10,15
b820acf9bf8fde90adc0b03e82045f77,moveis_decoracao,55,2095,5,30000,80,10,50
928e52a9ad53a294fdcc91bcf59d1751,utilidades_domesticas,34,1031,6,1600,20,60,20
8fbd0b7f20c851cff57ffa74ebac3ec2,utilidades_domesticas,60,588,1,550,34,20,25
0030e635639c898b323826589761cf23,ferramentas_jardim,40,437,1,1550,26,6,20
13b4ff901d43edec666e3253b14b3a8f,cama_mesa_banho,59,264,1,23450,16,10,16
9b3d7d1f427df3cf9a6e4fa9a3cba6f9,esporte_lazer,60,1006,1,200,16,5,11
888bc229e8f4a4bb412bdea51c650a49,informatica_acessorios,60,187,1,200,25,2,16
994ab76f0da3349fffcfe5d598e9babb,beleza_saude,51,2979,1,150,16,2,20
cbc12130f2e546a8888db10826f56f52,moveis_decoracao,33,149,3,7050,100,20,20
94f584e1a1158e97314c59b190dfb899,casa_conforto,58,216,3,9650,50,20,40
00ffe57f0110d73fd84d162252b2c784,utilidades_domesticas,56,1877,1,16000,16,2,11
9cb67ae6cec5627ef21cbadcdb357054,perfumaria,57,483,1,350,17,13,12
4cd6ba4ea3112de8fc238307c4dc6307,cama_mesa_banho,43,506,3,1000,35,8,25
407e01944d78001dbd21da4c2059b8dc,telefonia,51,1570,1,300,16,4,11
87700264f353c44d18c38c328d1fcd25,automotivo,60,1659,3,450,16,21,18
9562542703cb9359fa625418f190b920,automotivo,49,455,1,100,16,10,15
8fdce6f1db3b75b035989f673164487e,cama_mesa_banho,54,524,1,900,16,16,16
4f88323d03ffaf090b8fb0116b33c95e,cama_mesa_banho,56,255,1,1700,30,5,30
3c40f1198e8e92e3c84c84bf8a8e1f0e,cama_mesa_banho,44,112,1,450,40,4,30
c2f370a2ed4594086e73404c0fb63db9,moveis_decoracao,50,633,1,700,70,8,70
6401d2f82d6e6c52998ce626fe4eda24,fashion_roupa_masculina,30,51,1,300,30,40,11
d2e131d6f19ae0d665fc1a6c420b4f4c,relogios_presentes,32,352,1,660,19,14,16
b2873f8b24fbe611a16afb61dba34edd,eletrodomesticos,60,187,1,150,20,14,12
dc405c97a6bb6f7d86222f2160540b02,moveis_sala,43,1552,1,2500,31,11,20
0176bf7839ab4e611dc01cdc3ef6f4e4,cool_stuff,49,330,1,1600,33,44,19
9f2f03a7cc35b7c27e588388fa1e2252,perfumaria,50,543,2,467,22,14,17
4b7690d7352318e41ae9594241ac4789,ferramentas_jardim,39,672,1,1000,20,12,21
7eb96ea641252f20b26fd6878d009a1d,utilidades_domesticas,46,1742,6,350,21,9,13
b1acb7e8152c90c9619897753a75c973,beleza_saude,56,575,1,200,20,15,15
7535f3518e1009b17aa6e3fa553e82bc,brinquedos,41,1100,3,15400,105,48,18
451482edc91f59c001a5a3a0e4d594bf,moveis_sala,58,690,1,16400,105,15,43
cb606ee58d4f11da0e4b813f87f6fd46,automotivo,57,302,1,150,24,2,17
88f723b1cc87199862c31b071276b0f5,informatica_acessorios,52,1340,1,800,26,17,17
448f0791c4d2fc5d250a401edfc208d4,perfumaria,53,732,1,438,19,10,16
c5038055690911ed8e218cceb07acdf8,esporte_lazer,59,995,4,3500,86,26,18
efe51826ab4363ada69569a61c5a23b1,construcao_ferramentas_construcao,55,222,2,150,20,4,20
61d4de5bc97fe391e6a42d7520a3551f,pet_shop,60,913,1,300,19,19,19
49f19939bc5c8639e06c36d3bf01ee98,brinquedos,45,842,2,213,16,13,14
5bfc7506459ae2a7b4b573fe557a58e1,cama_mesa_banho,57,535,1,800,45,15,35
c075b8e131353552218860f1c421e4ef,moveis_cozinha_area_de_servico_jantar_e_jardim,30,1565,4,1750,20,16,30
61d01171a3784bab50137290350e5332,utilidades_domesticas,24,49,4,500,25,15,15
66122b7ff167774803377cb2b1af7799,moveis_escritorio,57,1282,1,7575,52,52,17
0aabfb375647d9738ad0f7b4ea3653b1,consoles_games,49,100,4,150,16,12,12
c73d2f4d891ae57d20c788f4628d88b9,eletrodomesticos,58,995,1,550,16,32,11
4e3f399366b0047a572b6682f9bb166e,livros_tecnicos,28,1313,1,300,23,2,16
8bd822c04ee6a8292a7b0debc3dbd74a,construcao_ferramentas_seguranca,58,1062,4,200,16,2,11
f67ad6b3366ae186b8d29087e6d5ebd0,automotivo,55,998,2,100,17,4,17
e9b2560544c293e02f2b966041e10f24,esporte_lazer,51,639,1,1143,24,22,19
813a30050677eb6996e12eea9ad400bf,beleza_saude,59,1726,5,12000,65,30,40
80fb011fd54fa5e1911a2f80c0fc878d,brinquedos,45,1347,1,400,20,20,20
64315bd8c0c47303179dd2e25b579d00,brinquedos,55,889,1,4267,46,39,22
dfc090f5e254f365893c76a73809d9f7,telefonia,54,319,2,200,16,14,15
e6b314a2236c162ede1a879f1075430f,informatica_acessorios,47,284,1,167,24,14,11
f2ee381460f893efb6f459e95cd57695,fashion_bolsas_e_acessorios,50,180,1,200,16,8,11
de533fe5b9448ea9792195806938dbf5,moveis_decoracao,51,676,1,1650,35,23,35
a69f9b04d1e45bb3ee9f544c91a23b29,cool_stuff,59,831,3,800,16,16,16
a322cb898d31adbe4a4de692f4bc0276,esporte_lazer,50,623,1,1200,19,18,16
37ca4ae4320cdda8a0ef625049f4cb88,cama_mesa_banho,51,690,1,1900,30,20,70
31959c80177d03b7e67c88baffa71d6e,moveis_decoracao,53,284,2,7350,35,35,35
a3daee3915d4fb98376e039ede6bdea6,moveis_decoracao,45,264,1,6450,35,30,35
6fc983af1a5229efebcc40ab26d6226c,moveis_decoracao,48,219,3,750,16,5,20
1dc9d2804c35122e2f168a135f8a56c2,bebes,51,131,3,700,35,30,35
edd087ed331c3ce178ec3489b9ecf117,livros_tecnicos,55,2138,1,2450,20,30,22
d5ae57e54de86eef671f21694b080cb8,instrumentos_musicais,58,817,2,9500,50,50,50
00ab8a8b9fe219511dc3f178c6d79698,,,,,2100,50,30,30
e07cf6c8c490ceac43740740459d87ff,telefonia,28,251,1,150,18,10,11
049ac5dce8536884a652ce73c58022ab,cama_mesa_banho,44,505,1,250,26,6,20
da7e1b2f8c91cbf61a22b55e8cd49bcd,utilidades_domesticas,57,1339,1,2300,50,22,24
85337022853da10b8f5fd7d1ef180421,consoles_games,37,238,1,200,25,5,15
c25174e1e4fd7fe5c3420869d61fe2a6,brinquedos,56,77,2,600,39,30,29
3d92028223ae14160bf1938a522de2b8,brinquedos,40,673,2,3225,31,31,28
ceda8168fb181a91487d6e924f42334f,,,,,2600,43,27,29
a9ccb9dca11ae8ca804b47417d0411f2,utilidades_domesticas,46,1021,1,8600,45,35,35
4ac50dbde931c0a5ed8c33d3dc047351,beleza_saude,33,1087,1,600,28,11,26
c556dfe03a2efef617497a3de58cb44d,relogios_presentes,38,558,1,500,20,11,15
f5a7d79f27ac4b76ffb13c8ee63d4f07,automotivo,41,707,2,1150,20,20,20
609092e5b5c4a202878eb9ba03b47793,brinquedos,29,507,2,500,20,18,18
aca2eb7d00ea1a7b8ebd4e68314663af,moveis_decoracao,44,903,6,2600,50,10,30
6987398dff454a3138231540e2a6ec61,informatica_acessorios,38,209,1,1033,31,17,22
9c7c72948a0e56fdaa07985b71dffe18,utilidades_domesticas,50,96,5,150,18,4,12
c1617123e66d2491ca93ceadfd36203e,cama_mesa_banho,54,687,2,1050,32,5,30
0be487faac01dd57fd7ed17cfbdf2dee,cama_mesa_banho,48,117,1,300,40,4,30
4dc44f95ece9249f0e50d10542ca6c03,relogios_presentes,59,731,2,350,16,11,11
c6551980937d526509d73caffd222a1b,cama_mesa_banho,53,256,2,650,30,10,20
79d5da4087dedefe5ef7086bf68e6408,utilidades_domesticas,43,1709,1,1150,41,20,27
2efa6045e8d94172a5502d33e578656d,esporte_lazer,33,833,2,275,21,8,17
e282624d8c82e04983f125e167eb4521,telefonia,45,343,2,117,18,4,11
37c1807e0414c64365b34aac29e0d186,cama_mesa_banho,54,236,1,900,34,7,32
468f9e86ce85d599b7f48ddab25f1b42,utilidades_domesticas,53,817,1,1750,30,30,30
1c0c0093a48f13ba70d0c6b0a9157cb7,moveis_decoracao,49,300,1,2500,47,21,41
fd6d9e3d204e6e693f4edd48ac33487e,moveis_decoracao,56,2059,3,3000,69,11,11
93f7388e80dcc16be349c47fc83f56d0,livros_tecnicos,59,866,1,700,27,4,19
c68252426f70e1434cf6e465d7cae869,malas_acessorios,53,1289,2,450,16,40,25
49cb84851ad1487be5bf70a42bb954dd,utilidades_domesticas,60,422,3,400,16,2,11
3a002b488f85e2b30838e413c9241f18,utilidades_domesticas,38,1016,1,400,25,15,20
1c5bd6a742367ec4d654a0859523e880,bebes,45,821,4,4550,40,10,40
39aa98469aa7460a9764311b3f8efb12,cama_mesa_banho,47,161,2,350,25,8,19
2a2d22ae30e026f1893083c8405ca522,cama_mesa_banho,60,744,2,8350,50,27,38
b623b7cb05ee3248fbe4a6ecbeed79a4,brinquedos,41,673,1,3008,32,45,32
69fef0f440d7a4d03f5d883264132dc2,informatica_acessorios,58,3212,3,7400,23,12,15
f5878588566e438fc92fbe0cc38d4cac,cama_mesa_banho,56,275,1,5850,56,17,51
d75fe2da6eb275eafad5535fff7a2005,moveis_cozinha_area_de_servico_jantar_e_jardim,41,1450,2,2000,24,11,31
08a02dac474e64a14808f8078407eff2,cama_mesa_banho,56,581,2,4850,43,15,33
566a4f2c4385f36d15c00dfcaae132d1,eletronicos,43,391,1,150,25,7,16
b4e319cb48642fd748a387fb88c31c35,brinquedos,45,346,4,900,31,8,31
6ae3f85f46a37844372252496c77b4d8,telefonia,49,1304,4,650,23,6,16
4505df1cf531c9ac32c32384a4d6d54f,papelaria,38,642,2,600,27,4,12
fdc7f0715c1b1ee11b31922f0b23c0b4,brinquedos,43,326,2,500,39,26,32
f0af7ec9760e53f21277444f32ee3308,moveis_decoracao,59,205,1,1300,40,10,34
f4c9a2926d5a2fe099ebbe7d0967bd37,fashion_bolsas_e_acessorios,31,525,5,300,16,18,11
ddbcffa21df7d85a96fc395a6d9ca334,esporte_lazer,43,1402,1,200,16,9,16
6bb54c0a1ddf991dc06cc7cb5a13bab7,construcao_ferramentas_construcao,41,1270,2,200,20,4,20
c31539851232e3accbf0ef4c571f97f2,cama_mesa_banho,45,540,1,500,16,10,16
06f2166336faca73c644b11eaca22d06,informatica_acessorios,60,635,1,600,16,13,13
e052d2aebe5b1887f31d80b47c2aa3c0,informatica_acessorios,40,492,1,200,18,9,16
a54f6200fb09c904053b05461c2e91f8,cama_mesa_banho,31,331,1,2400,48,18,36
a00722035cea70bbf671b758459cde42,moveis_cozinha_area_de_servico_jantar_e_jardim,59,501,2,15742,16,95,33
5a9390e32c656cca81df71054e77b93b,automotivo,26,647,1,100,16,6,11
4b2653088591de362e6ba85b4a474c75,cama_mesa_banho,49,603,2,18800,40,30,50
29d5359e5182f2c0632e139faf56b663,esporte_lazer,44,3189,1,2243,37,32,33
cc1cb33bcc814aeaa4631761a34bd23e,moveis_decoracao,32,1262,4,150,16,8,16
dd61e943598eec72351633dd6a72d5dc,perfumaria,47,1816,2,350,36,6,22
cfb133b7458336455fa60b97ac3aaba9,brinquedos,47,121,2,600,20,31,30
eaa5e4f6335cbfad1703327e407e4eca,beleza_saude,49,696,6,350,19,11,23
92f699740f5a71846565fa8a6f0bbcf4,casa_construcao,55,922,7,1050,16,20,16
79896466715d0179d8e5c8a84e5f0a18,cool_stuff,42,3319,6,1400,22,29,13
165f86fe8b799a708a20ee4ba125c289,cool_stuff,40,1456,1,2425,29,30,19
eef3286d1162cb7eb46becab2a5aa884,brinquedos,57,404,1,200,28,13,22
c7b3cf9de7be95b3e09e7a63315685eb,malas_acessorios,49,489,2,16250,18,53,39
18f6ea7e8cff29f8053baac6762449f9,moveis_cozinha_area_de_servico_jantar_e_jardim,44,1313,4,1850,45,15,35
4c6da5fa882447ab7e8d0fb767f8aa99,moveis_decoracao,63,1285,11,9000,70,25,55
913b240ad06c85be83709dffc26d59f6,automotivo,39,77,1,3700,25,6,23
4ae634441e444ca4bc85903cafe98d73,telefonia,54,285,2,275,18,4,12
784c94d1803e49492d2758907914b26c,pet_shop,55,852,1,20800,40,40,45
830102bc96abe72181372676df005601,cama_mesa_banho,54,411,1,2250,42,16,36
12b5c5d13512ad7cae70181fc503f42e,automotivo,51,2651,4,300,16,11,11
d465fef4e52e46bc9e04996b37789bbd,ferramentas_jardim,57,723,5,880,22,21,19
ca152649b43c4c6081853d9421c59869,informatica_acessorios,35,1101,2,250,42,2,30
cf6db73155e09a3583117d7dbeeab445,moveis_decoracao,56,262,1,950,40,2,30
4128a326a8aa3eb532eb2c120520663a,construcao_ferramentas_construcao,46,182,1,150,20,3,25
15859e3a8aaa3c192c10a91d8722abd5,beleza_saude,51,2795,5,5650,36,26,36
205604b962ebdae1c924e0d14e6e8ac1,moveis_cozinha_area_de_servico_jantar_e_jardim,42,121,1,3875,95,22,22
a55b9bc476c34d53d8f3f27c922f6374,esporte_lazer,49,718,1,800,16,16,18
3fbc0ef745950c7932d5f2a446189725,beleza_saude,50,1257,1,350,19,12,13
c8c969c3a6423f48df9fde8a13e6770b,cama_mesa_banho,52,662,1,550,28,4,22
aeb2f7fc62c8a2a56ae6e2f1b04d4e62,perfumaria,21,609,1,200,17,6,12
f39235c3486cd7ead746fc048475495c,consoles_games,49,808,5,400,22,10,16
386703f26f328414fe118e10a5d92675,telefonia,60,776,6,300,17,4,12
1b0e39ec889889ea1d492603d8512bfb,,,,,400,35,30,20
1ad3f793ff482f29c15596c3bc596812,moveis_decoracao,40,94,5,300,16,5,20
a4e6e80a484adb6952b5f18a3e4bd1b8,eletronicos,57,408,1,1200,36,8,21
cc47c0863559499f01b4cad750929d10,cool_stuff,33,604,1,2050,40,40,30
26e253f334cf93847fcbf6e9faf51eb4,esporte_lazer,60,660,5,6650,93,6,93
d5bbfcd27daa6365834ed9d16195d64e,fashion_bolsas_e_acessorios,27,208,4,250,18,9,11
422879e10f46682990de24d770e7f83d,ferramentas_jardim,56,348,2,1550,30,22,30
2b939dc9b176d7fa21594d588815d4a4,malas_acessorios,45,702,1,1300,33,10,49
55aefe286a63b5e07f42a63c10371020,relogios_presentes,58,752,2,600,16,11,11
5ee76866fa61481c966c02a129dfac08,utilidades_domesticas,59,156,1,717,18,19,15
e0e83e0b538dc1d9a1c6568d3a94034a,esporte_lazer,47,831,2,2300,20,20,20
257f376a5d729dd35b042d4ce6088b1e,bebes,46,519,5,9300,82,53,43
8a5835aeef83efa6aa947f84f92deb0e,relogios_presentes,60,430,5,250,16,2,11
72172e982e8b92155069e4201c92c0bb,esporte_lazer,60,3847,5,200,28,10,13
85af7fadae5de53760a7d131bdf776f7,cama_mesa_banho,59,1807,4,250,16,22,11
a104bff7e396a301f5f7ba9f055fa9bc,automotivo,57,1631,3,550,16,21,18
59089e1668cc247d055ca3f9149093fc,climatizacao,56,709,1,2950,53,21,36
52a741f089f5c67d5c648e8437fdf22a,beleza_saude,40,2246,1,2300,26,30,13
5299e0a0336b5839e2a0ccb0d3d589d1,artes,42,198,1,650,50,6,35
db5efde3ad0cc579b130d71c4b2db522,audio,40,232,1,6663,17,11,13
33e77eecc23c25a65d10f627e5053617,moveis_escritorio,48,1092,1,7400,54,53,20
bd7cab8de4d7943286634023cc06f8ff,bebes,59,1226,4,23250,23,50,84
583916a5dae918f5e89baec139141c54,,,,,3100,28,28,50
fe4098f3eb43b02ba19c15d81bde2b2d,cama_mesa_banho,55,315,2,1500,30,10,25
633a2a64a6478966e0b6805ea708de58,utilidades_domesticas,32,455,3,550,25,15,15
dd4bb630f241ce3910d9595b395efeb5,pet_shop,23,1151,1,160,16,11,11
d5a0cb2718dce03ce9c4d0de533021f7,beleza_saude,45,3060,3,300,23,7,15
b00a32a0b42fd65efb58a5822009f629,bebes,58,398,3,238,20,10,15
371fa349d92646bbeea5873df0bcdc5a,utilidades_domesticas,49,342,1,490,20,18,16
c708ba7c6269161f89ce0683cdd7c432,relogios_presentes,60,379,3,300,16,2,20
92d2d88b37a70060bd536b8790d9edaa,utilidades_domesticas,48,242,5,5250,50,20,40
0fc6914383c2bea767a9562c9d8b43a1,informatica_acessorios,52,644,4,338,32,6,36
b425f28bf3d41f70cc18da7a525ee65c,moveis_decoracao,40,719,1,600,20,10,20
7614c62b86a81021243e438cfde78ccc,beleza_saude,53,1135,5,9900,30,39,38
b6e352d888ba31d8999af279cd63aa24,utilidades_domesticas,42,337,2,1225,27,26,26
b89603272c5e7806893eb03712a0b937,moveis_decoracao,57,357,1,400,30,10,30
baeb8e1a680cf9e1f13557d74b6cec3d,ferramentas_jardim,20,2751,3,2400,31,28,15
6131240aedf34224270cd6f07e8229e4,moveis_decoracao,31,290,1,250,28,6,31
625218e2e2b4668a47d08911e0def1a4,utilidades_domesticas,51,1232,3,1200,29,33,29
f7e0fa615b386bc9a8b9eb52bc1fff76,informatica_acessorios,59,2574,1,325,21,21,21
42d8844b80341e62fc38c51541ff4f26,esporte_lazer,33,221,2,1200,60,15,15
617186c3d97ea56c9c683a8a3974e8c1,perfumaria,59,1071,1,550,21,12,20
70b487a87fee25bc56455501bdc83501,cama_mesa_banho,53,294,1,3000,42,12,40
9b2db9ec16a8a51549f32462bf973523,brinquedos,56,809,1,3110,33,24,43
a23331d31bc426296b09f6a373f6aab5,informatica_acessorios,40,781,3,50,16,12,11
d63c1011f49d98b976c352955b1c4bea,beleza_saude,57,614,1,950,35,25,20
2742ee84b28b08268f169c5483f71b4a,relogios_presentes,56,407,1,1350,34,8,34
61fef484fda8aa0f5bad54aa9c640d3f,bebes,59,381,5,450,39,6,27
4eebe44f76b0976eab5c92eebeac8b55,casa_construcao,44,100,1,1000,40,30,11
7a10781637204d8d10485c71a6108a2e,relogios_presentes,42,236,1,342,18,13,15
87cc2aef12eddf0b170234138b0946e0,informatica_acessorios,58,2455,2,350,28,6,20
993245facdeea0014e73a3e18750c123,moveis_decoracao,45,283,1,2050,30,30,20
0f5d0170c03b333aa1a44fa11e040e75,cama_mesa_banho,33,190,2,900,40,4,30
a8f944abeac7d4fc5f2663bd8f22f931,brinquedos,39,387,1,367,17,13,14
1c4e2aab2f3631a70816d1765ced8ea8,utilidades_domesticas,56,402,2,9900,31,61,31
a157e6178c6f7a8355999fa9cb3d136e,utilidades_domesticas,50,518,1,900,25,32,25
095cb863f2b04911455ad33f5177062e,livros_interesse_geral,48,1140,1,1000,16,24,16
78a727ba961fe7561d533e153bf04088,instrumentos_musicais,43,1516,7,9270,103,31,26
9a99bb9931fce41bda596488d0653c39,eletroportateis,60,2438,3,2050,29,22,24
fe6a9515d655fa7936b8a7c841039f34,cool_stuff,29,266,3,5650,73,73,20
7659404ade89460a4be1c11ac47d5f2c,esporte_lazer,55,405,1,200,36,5,26
5adc6c464f33f8560dd3c984291d4ba1,malas_acessorios,33,924,3,550,16,30,20
bd2a0f83ba8ab18af5823fc3552a0305,fashion_bolsas_e_acessorios,35,496,5,200,16,10,11
98a8c2fa16d7239c606640f5555768e4,ferramentas_jardim,39,500,1,8325,43,14,33
655110abedc57d73d3b2150d8ba2092a,cama_mesa_banho,60,314,2,1250,30,10,30
73bcea88583002fe12b7399af4ae60da,relogios_presentes,42,631,2,459,18,13,14
9a803c36a15de3fd981f42c0e4cabdea,esporte_lazer,45,3494,1,2693,29,28,26
ecaaaccb5eb3102553f001d62db6389e,informatica_acessorios,54,144,2,125,16,12,14
964093075b6885bfcc6520dd216e4d8f,utilidades_domesticas,46,157,4,250,24,5,11
df44d84f970884476b76a32ddf1ace55,cama_mesa_banho,56,123,2,300,70,8,40
2d00c3b37b984686777190e2e6e0a7b6,informatica_acessorios,29,1140,4,300,16,16,16
44a34214a57dc373dcd80f54c919d006,esporte_lazer,21,207,2,350,67,15,15
2e6f3959fac9a271f1d1610c30d4b95c,relogios_presentes,54,491,5,200,16,2,11
077c1ba3f2e5e4145faf0a12f35ec1d5,automotivo,60,812,4,1050,30,30,30
78b7b1ff2d3f06a589354ddf2f4f9db3,perfumaria,31,355,1,448,22,17,17
6e87f3a8a84e60c41db0a3e7779f6e0c,papelaria,41,341,3,6350,18,47,34
2fb0efd1f61f186ffdda9e8ec70f27f2,bebes,37,224,2,4075,73,14,48
bcfef6d5629403cedb2c8b855940337c,automotivo,48,238,2,150,16,7,16
0a8b35c2fbc824f7e1015cf330e6cc3c,esporte_lazer,55,2656,1,250,16,2,11
cdba44bccdafa757b44f7f41b70f4e23,utilidades_domesticas,54,921,1,5100,34,31,24
7af783fa0f69ad4926527e4e9182268b,telefonia,45,879,2,100,18,6,11
f35692adbe05fa7ed058875df5ea9f99,pet_shop,55,1547,2,2950,24,31,25
8b50a72d52d7a91fb19d19fbe069e2f2,utilidades_domesticas,54,1754,1,250,20,8,13
fe077ec80df6b4ee60bb4498d5ab1962,informatica_acessorios,56,195,1,200,16,15,15
c4989935ece6a2e0c0c148ede45f640e,instrumentos_musicais,54,1205,3,600,16,16,16
1750753e77dc38c4afe6fc90f02c39bc,brinquedos,48,633,4,600,22,12,12
6b54c329383ae411a34c9791f7a51145,automotivo,48,521,1,13900,62,62,20
96bdf83ce8bcf48510e8a8ab8b5fb660,fashion_bolsas_e_acessorios,42,139,4,50,18,18,12
f1fe595ee7ef768b41bd9b246d13432d,ferramentas_jardim,52,1292,7,1900,17,13,31
eab67bf937aaadc19f83383a331d2dd9,moveis_escritorio,53,1199,1,10975,53,51,18
5fc9976b2e864ae065866725645c716e,cama_mesa_banho,34,1056,1,2630,26,21,23
32a8448d1612773bcfd0c5a8dd235e4e,relogios_presentes,60,362,5,700,24,5,24
dbb4b4f90abe510323ed00da4314b2c3,automotivo,39,626,3,5250,32,16,26
17c4bd4269902c84acc14c497f282ddb,telefonia,51,422,5,300,23,7,15
cd88e612d88f1722039806fd13844ffb,sinalizacao_e_seguranca,44,680,2,325,22,11,22
a047946d25055f32f36a8c39e7113b53,esporte_lazer,53,880,4,2000,25,42,25
cdc7d7f4e3185c90a960708d56cc9599,eletrodomesticos,59,144,1,1400,27,13,17
05805f52cdeb93d7684f871e599f0078,moveis_decoracao,25,128,1,4000,70,12,52
f6eda47c88d786adf6f3e3f016833927,pet_shop,55,1496,2,748,26,19,23
a5e66fadbb9b49dffdbf63675436a332,esporte_lazer,57,2717,2,163,21,12,14
e28fdc5f658be194523b68dfbeb186cb,beleza_saude,44,421,1,300,16,20,11
7ea3919d7abd2b09549543a2508e7b26,informatica_acessorios,59,1196,3,220,18,15,16
580cb7f00ab0b9491a97512d65a42c29,esporte_lazer,25,650,1,150,16,16,20
6d59a3fe3140425fb175cdd1e688dc2e,moveis_decoracao,57,351,1,400,30,10,30
3a7c9b0413d7b9cc7f4a18318fc5afb3,cool_stuff,52,797,2,1500,50,40,30
36ba42dd187055e1fbe943b2d11430ca,cama_mesa_banho,53,528,1,0,30,25,30
e5ae72c62ebfa708624f5029d609b160,informatica_acessorios,60,367,1,156,18,12,15
bc055ae94989497c0d66bfa4263ccf61,informatica_acessorios,49,544,1,150,24,12,13
e9ba3ec00ccd563b43e5de69a74a43d7,relogios_presentes,48,767,3,200,16,13,13
ba4bfbf74dbe7ab37e263b9326da0523,esporte_lazer,60,521,1,650,24,10,20
d04857e7b4b708ee8b8b9921163edba3,informatica_acessorios,33,1127,2,450,16,4,20
ca349c4d87c594b4995fcc4fa9c0b77b,beleza_saude,45,374,3,200,20,3,30
d06368341277bf3414bd8e3b2b13189b,brinquedos,33,1936,1,2150,33,23,33
aa5d6a9bd4be367ae1a3a29c323c7c11,esporte_lazer,60,3767,1,120,30,15,15
a0e45a99e446ebadec0421e41666235b,beleza_saude,45,1480,1,650,16,100,11
c9d1849f97b6fe404378805a105d64ec,utilidades_domesticas,48,1204,7,600,27,13,27
c3d0861113018ae43eaf47fcf5f0229b,moveis_decoracao,44,244,1,669,36,21,32
f29675e9d91d8e0451ced31708497904,bebes,41,1271,1,6200,40,35,35
30caacf4dfc199dc577a9627395a881d,construcao_ferramentas_jardim,40,571,2,650,20,16,20
14008a0b9bfe0535dfa17f80988553de,papelaria,55,224,2,350,24,7,14
b532349fe46b38fbc7bb3914c1bdae07,moveis_decoracao,49,829,1,850,20,25,20
aeaada71da15f2adff3012724f9f662b,brinquedos,40,339,1,6500,60,41,41
056010e0e6196d99309275e1b2d12c80,papelaria,57,303,1,250,16,6,11
db5d54ce439fae2ae1f34749ab1acebd,informatica_acessorios,40,2502,1,200,39,9,11
e40fa115d27ea4a80bf2136d5f0cfcd7,eletrodomesticos,60,245,3,350,27,13,17
006baa9a5b8f95895f15273a35bc2664,esporte_lazer,33,223,2,950,60,15,15
735b17533036ee19f4c943704271660a,beleza_saude,49,1188,2,1400,42,11,12
d37129f996d61f0584733221bbdb40bb,telefonia,43,43,1,100,20,20,20
0a27cbaaeacef635e4aa37885a1e5e93,consoles_games,44,304,1,525,19,19,19
e18a4f01146e302c11c4ae7a99dd349e,esporte_lazer,53,883,1,228,18,11,17
ead6d52e3dc075669af5d7a1958b0f07,brinquedos,35,729,2,1400,20,20,20
9dfb2984ab775b6175202b9e9e678641,utilidades_domesticas,41,859,3,750,16,16,16
6f059a5e46fe4a3903ea525124d77b49,brinquedos,56,691,3,4250,77,12,29
33f789f4b4fa74053af0199658b78853,informatica_acessorios,30,385,1,480,27,16,15
e5403f78625641d4ae41af599772fbfd,perfumaria,41,306,1,366,17,14,16
93c480c7d11c68ba0a71e850da61b674,informatica_acessorios,42,458,4,300,16,4,20
49c95423c53618d42621bd07c1d1bfb6,automotivo,53,60,4,50,16,18,14
9805b37a2e4983fb5dbb5c8168590c44,industria_comercio_e_negocios,47,563,2,2138,77,26,18
fc1d8637c0268af3db482c14b7ef8e75,cama_mesa_banho,60,269,1,1700,34,7,32
fc5428e8e3dbc80bf96f681ed2e95026,perfumaria,47,608,1,500,20,10,16
a2da86fa759178e9e58e54aa1a144e59,telefonia,57,777,5,350,17,4,12
a8c826857439e8ab8f66884dbb015915,construcao_ferramentas_construcao,54,1510,1,300,16,9,11
02ed3b595447e948efc3eac897e4df0e,cama_mesa_banho,30,413,2,725,31,7,31
145978af3e89b318be0b717a0953649a,informatica_acessorios,56,295,3,150,31,3,28
59f17be62604541797d4df87ae80cf73,consoles_games,42,226,2,550,17,18,17
25055c4ea763803958c5c79b99a00439,informatica_acessorios,60,493,1,700,32,12,12
7f723c53515b44e16b93397c4149afdc,cama_mesa_banho,57,284,1,9625,50,30,35
87f87c717c93f801e1a62367ce5ff63f,construcao_ferramentas_iluminacao,59,657,1,2500,34,16,23
3f0602cdcad0ac24d72b038103a3783e,automotivo,57,589,3,250,16,2,11
6fd82d8f842424334fedf31190e54d24,relogios_presentes,60,160,3,250,16,2,20
a56b51724402d77b13ba844e67130c4a,construcao_ferramentas_construcao,57,621,1,367,38,21,23
9d324850c39429150aa7f4524983e167,automotivo,58,650,1,27100,50,50,50
e1c0a39b7f806727ea5121c60035ed3c,informatica_acessorios,37,499,1,200,18,9,16
5dee2c14e1989141e15d341d4c62d72a,esporte_lazer,56,859,1,353,23,15,16
7634da152a4610f1595efa32f14722fc,perfumaria,42,480,1,200,16,10,15
b2680b3b7e17d0d97f9f59a28b8fc54a,beleza_saude,40,1749,1,1650,17,28,19
29d2735be03e1169db0545c3741c74e5,informatica_acessorios,35,770,3,200,16,6,14
04c48a5fe31aedc4ef3896c005fd483c,perfumaria,36,574,1,449,19,14,14
64ea282a67530101b655f890b4ac8e90,cama_mesa_banho,50,176,1,300,45,15,35
41efcebbf66be85fb74f7116bda2207d,automotivo,59,695,6,2525,56,11,32
c9dcb2deb4a49214eb9e72aafd096eef,brinquedos,58,1089,1,2650,39,17,39
9d6bf1b7a541b5205e4fd5aa40282f33,relogios_presentes,58,662,2,250,16,11,11
2f0ea37228e35c052271f5617038986b,esporte_lazer,58,1484,5,1150,40,20,20
5176d8670222d50ebbe4d4c5dfba2b49,eletronicos,44,86,1,125,18,8,12
9df0e8a7eef2a38b74e6d5c0e224b11f,moveis_decoracao,31,635,1,28600,41,43,91
6f131ac9054143dd944b2d037fd0a36b,consoles_games,56,1182,4,617,21,12,17
d103baa8d35783ff2772704ed17ddd45,fashion_bolsas_e_acessorios,53,553,5,250,16,2,20
0db04bfc9ca0d0dc2c530e7f2d023160,moveis_sala,58,1116,2,3325,30,11,30
c413fa08b405af6edb9d49e85e241c08,telefonia,37,326,2,100,18,4,12
5c692818d313aa12864b48ac0c2472c2,relogios_presentes,56,167,3,200,16,2,11
b67a7d0ef75f52b4b76368927a3037f9,relogios_presentes,29,138,1,488,19,12,15
0cf573090c66bb30ac5e53c82bdb0403,telefonia,26,108,1,128,15,8,13
f70dd37d94cc7026ca198b9d7574c7bc,alimentos_bebidas,43,731,2,1350,28,15,20
fd28b464cf1660a67606f7b48c8c38c6,cama_mesa_banho,54,497,4,700,32,11,23
9ddc4249779322828f89d2a9c04f7ee1,automotivo,54,699,1,1277,30,25,27
c4369b26f349bc301a680a89415b1344,esporte_lazer,57,1573,1,728,21,18,15
f646af315b0f3a597f69213537ca2199,moveis_decoracao,55,928,1,600,17,17,17
88e59749c8b39fd1a9b7458147e0dc62,utilidades_domesticas,46,686,2,4100,55,16,30
9a442e31dcb07042eca00d73c1933880,fashion_bolsas_e_acessorios,58,719,2,350,16,2,11
84a5ff7347e4371b23168a1b69f2409d,papelaria,58,502,6,400,21,7,15
5411e9269501a870cabf632f05655131,papelaria,57,396,3,6550,38,30,28
db4e12399028c661997d99981af68642,brinquedos,35,114,2,300,50,5,35
4e0d01d5e5e4bd454e71e7cd1491c052,beleza_saude,37,1148,1,525,23,12,15
dd33364adc5708532277169d47a2794a,alimentos_bebidas,52,2160,1,1800,20,20,20
f07ef9dd6e2d9a366ff30a25e210be70,telefonia_fixa,53,1021,2,900,20,20,20
b8faf829f47ba1f35f169da4acbdb88d,agro_industria_e_comercio,50,936,6,6950,36,30,33
a40675a9c6ef2410e3420483a1f8c81f,relogios_presentes,56,478,2,350,19,13,13
776b3debbda0734131d6046fca2cd957,utilidades_domesticas,55,1266,1,800,24,14,24
e8a593dee186b5c3e557e553c5325841,automotivo,60,713,1,1700,16,16,16
a2c75a23c2f838881dd4275c0cec519f,fashion_calcados,54,451,5,1650,36,37,16
caa1675deee5711b3aff1e4f5946266f,eletronicos,55,1040,4,200,16,5,11
62e2471b884366ac7e2f2b28c3ed62a5,brinquedos,53,1606,1,400,16,18,22
8c4456c061013adccb1ba4cbce2d0365,cool_stuff,39,771,1,1925,30,33,28
f6bcb15602b0ca66d77ef1cf4edff1a6,esporte_lazer,56,2079,1,2825,30,25,25
d48adaf02f576324c7c0931a823025ee,brinquedos,42,212,1,400,45,15,35
777d2e438a1b645f3aec9bd57e92672c,cama_mesa_banho,58,689,1,950,45,15,35
e7cc48a9daff5436f63d3aad9426f28b,telefonia,58,1500,4,700,32,15,21
72ef87b1953a2844ed089bd6dcf73913,moveis_escritorio,38,1337,5,650,23,15,15
66f4a4e7df716d7d67d81496ccc1ccf6,esporte_lazer,58,1221,2,1000,27,15,22
810e2944bca9850b934e1570ba372e7d,moveis_decoracao,49,612,1,2200,30,35,30
3efd399c5d016b9e6a5ad3196eade44f,bebes,28,855,2,1000,30,10,25
13fcfc313dfb2217e5ee3000a702f9ef,esporte_lazer,54,1552,1,450,36,18,18
ed906d6a6b38da71e48a5a0037939bfe,,,,,2200,36,15,36
d929915b6b69f9c91192c898b6fc21fc,informatica_acessorios,51,1147,4,1050,105,11,12
658fc236815a88341f858edcdb0ec78a,utilidades_domesticas,57,965,2,1500,32,15,32
81efaa22f3868f00c8ef1879cccc3c03,informatica_acessorios,44,586,1,550,16,14,17
eb2d12bc991561d4ca5deff0e60854e4,beleza_saude,48,333,1,675,23,15,14
7bc637a5504e0cfdf08490124d681fd3,pet_shop,32,1920,2,300,18,9,13
af0a917aec9cea3b353ece61a8825326,cama_mesa_banho,58,188,1,1200,44,2,35
cfd414b4463647f58c7775eaae06893d,beleza_saude,44,1529,4,300,17,7,12
3777da5a4d01cc856906b449ddb7ffd3,construcao_ferramentas_construcao,55,510,8,7300,35,14,35
e1bf2f209fd2b08e1af3ed71732d9008,pet_shop,34,630,1,127,18,10,14
01ff1ff8aa5dec93e9938b989393a4ca,perfumaria,51,315,1,350,18,13,18
fc84057c7ba16fe04a3c66cf104e02a6,moveis_decoracao,40,241,5,8050,82,6,82
b8998cc6607a73af89458be145ae150d,livros_tecnicos,42,1413,1,600,17,24,11
6002665d65ee348dcd357c7bb2f080bd,bebes,56,518,4,900,35,22,45
62c89abe1afe3a23c17765d462718a4c,perfumaria,51,805,1,540,23,13,19
9da950e8c8c482441f1b93955b21c827,cool_stuff,51,516,1,5200,37,20,34
198ec19b3806cc2ad217e159e4e09d58,relogios_presentes,59,696,3,200,16,2,20
8301e489165ea0f91dd987fafebbe58c,fashion_bolsas_e_acessorios,51,220,2,150,24,4,34
183c95ad186f48c320bbac4643829d3f,fashion_bolsas_e_acessorios,36,412,5,150,16,5,20
c7c57beb314dfd634634c758da3eba64,consoles_games,60,2659,3,650,20,30,25
f6c8384f424cad1a22fd89bbc62ff7ae,pet_shop,60,479,3,300,27,9,27
fb338b6903065759031dcb1d6cf7cac9,utilidades_domesticas,49,409,1,2300,67,44,13
e0f33a3329af6716a0bb47fd7a664439,,,,,200,16,13,14
9bb8ca338e5588c361e34eae02e8fad6,beleza_saude,37,314,1,431,19,17,15
c9e3b986ab953f3b1f4028bee505deea,construcao_ferramentas_construcao,49,504,1,2550,29,31,30
bee2e070c39f3dd2f6883a17a5f0da45,informatica_acessorios,53,871,4,175,20,20,20
f03230fa1c067f43e1e56560adec9775,cool_stuff,43,628,1,500,16,19,15
5c699beec1e114bd15b35cf8d01ec6b5,construcao_ferramentas_seguranca,43,471,1,640,22,15,17
65650c84064ff1a79e4a05988f4c3e9f,utilidades_domesticas,57,231,4,975,23,25,23
a367f823feb49954fedb4f4a43ad9db2,relogios_presentes,60,502,6,300,16,2,20
c5a988d6c58153f73f1c71e3b5ebd4d3,moveis_decoracao,59,799,1,1550,105,6,30
fa3bc8d73fe3b0ec061190651433a417,esporte_lazer,29,518,2,1500,36,6,26
4c09470b433cef8a5790d7519849a282,automotivo,59,1278,1,3250,30,30,20
45ee7eeb2da75b49edaa30e7b01e04d2,brinquedos,50,182,3,450,16,13,16
e27a738cbbcf6c8878c713af56835a19,relogios_presentes,58,641,4,300,34,5,16
808190a48d18d09af357796e2b30d932,brinquedos,58,409,5,1400,25,40,45
88c20c5a22f2ca169af8cfc2df00a7a2,esporte_lazer,41,781,4,500,20,20,15
cd2c0529e45020c77a7c05b4ef2408fd,cama_mesa_banho,55,377,1,1000,32,17,52
0b86ce778f1176322de61e5103cc65b1,beleza_saude,37,452,1,150,16,16,16
00fefaf41156bb4b0d850fb27da97897,esporte_lazer,12,3231,3,100,20,18,18
3a7612c720a4b764c4fb87633a7ebc88,esporte_lazer,45,233,2,800,60,15,15
3e19791ee3fa124c96da5a87616794ac,automotivo,60,447,1,1500,30,20,60
674005996f7500049a539559eeec5b76,agro_industria_e_comercio,57,980,4,650,46,4,15
d1847c3f994dc0bb4d1248520ecb81f3,informatica_acessorios,60,638,4,400,17,4,17
907c84d5b8961d53ba1b803638fffcad,pet_shop,61,1257,4,620,14,8,12
b5fc56b0fd1d8e72bc4f4fa53215c16e,livros_interesse_geral,40,624,5,350,24,32,16
8a27fbb311995ff454749a35fc0bd9a9,cama_mesa_banho,58,123,2,500,40,8,30
79366d6a24de9351b7ca6e3cf75a68ec,eletroportateis,44,2558,1,1100,34,11,25
bb50f2e236e5eea0100680137654686c,beleza_saude,60,2644,6,400,34,4,22
8983a3b149303c013fceabef902e835a,informatica_acessorios,39,1193,3,450,16,3,15
6782d593f63105318f46bbf7633279bf,perfumaria,30,487,1,200,16,14,12
423b46d7ff817b1cd19ab195c7b76546,relogios_presentes,59,160,5,200,16,2,20
09ae0abe65d1a5ad1cecdd9db6aa70d7,moveis_decoracao,56,296,3,1600,100,7,15
7aab18bec732db73232f712de3ba14fc,automotivo,40,526,1,12300,62,62,19
4a0d42e046d1d4d039b4b7807ca46e83,esporte_lazer,39,567,1,185,23,17,23
060f0122cdc8f25db4a0d7359fdae7b0,relogios_presentes,50,835,5,250,16,2,11
17704da54fb7512da5a72cc3b227185e,beleza_saude,58,670,2,700,33,18,18
a233df9a388d27dbdfd31731d4236db0,informatica_acessorios,45,2082,1,17400,24,55,51
25e4d8fec8c2188a87e8c0acfd179310,automotivo,60,844,5,350,21,21,12
0cc18feec97e534a363ec0b14c632692,fashion_bolsas_e_acessorios,63,655,4,200,16,9,11
c23b47bacd44b878e3345d06ab5664dc,beleza_saude,30,342,2,153,14,14,12
27617ba1ba0b3e090f9397a809f18e95,papelaria,39,383,2,100,16,6,11
55939df5d8d2b853fbc532bf8a00dc32,informatica_acessorios,40,245,1,600,26,12,13
cdad30e46a6fc84785a525ad6b5cf748,moveis_cozinha_area_de_servico_jantar_e_jardim,47,208,5,50,40,105,30
6c8b2975a4a05d1f36948b20753b29ca,ferramentas_jardim,47,895,9,1500,45,10,35
5fb3ff04cc8ff9f140b028d867a6b0f4,musica,56,2745,3,5250,27,32,16
77fdeb8d4f7502f75b6779205f30a875,cama_mesa_banho,56,333,1,12250,62,27,47
0d368e3a4bd2ebf60c31c214da108e3b,livros_interesse_geral,63,1797,1,600,33,6,22
557d306a56fe0848efbea81dafc78006,automotivo,40,906,3,16200,56,15,15
078faa63eb55a5055713e141f098624c,automotivo,57,597,2,1100,60,8,33
521a361808bedd9fffb32181e501e09b,utilidades_domesticas,40,220,3,1200,20,25,20
de427aed54c97c0b1edbdf2ee28c7bb1,construcao_ferramentas_jardim,58,303,1,1000,16,16,12
90b86c830114ddc888f6380a223ee285,cama_mesa_banho,48,117,1,300,40,4,30
5875399e51bcc0cee61e4a28b648b786,bebes,60,1438,5,5525,27,19,31
2d857ab2a090c784ad9de4c8dedac0e8,perfumaria,63,466,3,1100,35,15,17
2b0422f04592a663193d00d032c3c987,beleza_saude,48,770,1,650,25,12,19
863c8ced004542495e1025bb14124580,papelaria,57,111,2,1450,25,55,37
de7034010d180a33f04a16b235281265,informatica_acessorios,53,90,3,400,25,15,25
68c9f9b8e43c476c1bf8d6009270dde2,brinquedos,59,670,1,1350,33,13,24
fe9dfbe7f974621789683b7b78be2a16,beleza_saude,54,1131,3,5300,30,24,38
97de9cc5ef2b385440117d854522881d,beleza_saude,51,1004,2,200,20,10,20
9c98b59719a74f32903537bc5c9262ce,papelaria,40,892,10,2850,32,52,19
23365beed316535b4105bd800c46670e,telefonia,56,351,1,350,19,4,11
a0b7b660f3ff79836867de402e158770,casa_construcao,35,421,1,11825,35,31,31
31639956e7fac87ecfd9d608040638bd,cool_stuff,38,500,1,5150,90,4,42
e6d3e381889aa6e9d222ad50cb30ac43,relogios_presentes,36,617,2,480,18,11,14
134529314360d3cb9e5e052b0b7b4b39,construcao_ferramentas_construcao,51,339,1,100,20,4,20
304104a478e3a605db6072a22e4ee228,eletroportateis,54,2667,5,2600,36,13,36
caf230c721f149691d0307f0868beac6,automotivo,59,512,2,500,30,20,20
94fb18015068e3550e6a8f0729558904,cama_mesa_banho,46,2323,1,1700,30,23,11
cd6efbd49aaf6ab8c3eb9605aae7e942,papelaria,37,276,3,200,20,20,20
4d38a4daf13a87012b73156f834afec0,cama_mesa_banho,44,331,1,300,36,6,26
ccf72249cc35d9121279de015c5657fc,utilidades_domesticas,51,638,2,1100,60,12,30
50fd2b788dc166edd20512370dac54df,eletronicos,46,2285,1,150,30,10,20
5db096acdea1d87bfa4d07c1cc70c492,moveis_decoracao,51,595,1,16000,63,40,38
9663cf1ff5c7ff603be0a27b1cf2dde2,bebes,44,271,1,600,25,15,25
9674b7f245c1d659972605a979ac3dcf,moveis_escritorio,43,2233,1,13900,55,27,55
9c6d5d4aaea6884ee19112567691a1da,cama_mesa_banho,55,322,1,1575,33,10,21
10d2b7a176cd8a35bcae7c15e0e7626e,esporte_lazer,58,1033,5,750,16,10,11
5d686bbd116b2de2ea1a4e1056501240,utilidades_domesticas,36,592,3,300,40,5,40
a7ca7fd9bf5015bfeecc4010e8fa4ce7,bebes,57,327,3,7400,57,40,25
1c05e0964302b6cf68ca0d15f326c6ba,moveis_escritorio,46,1159,1,9375,55,54,19
cc07679fe101c4fa74d93e08145463f9,beleza_saude,27,510,1,75,16,5,13
3b10cf7d1e08c598428ad6eb7c59d09c,cama_mesa_banho,59,775,1,1550,32,10,28
c448475cc4766baebabe30ee6d5f3fb7,papelaria,50,105,2,450,20,30,20
fb05d01823da2c4e90924c5486134808,cama_mesa_banho,56,262,1,1750,45,15,35
8b52d90d2e8716dad633486c6cc94ecf,telefonia,48,504,3,408,14,16,15
5d92abea542c2022dfee91dd630f2697,cama_mesa_banho,57,261,2,1580,66,13,45
33c99a74eb3e4e67bb70dca408c352d2,construcao_ferramentas_construcao,51,458,7,4850,20,24,21
a64f5291d8f2aa4d9d5f034a5c469dec,livros_interesse_geral,18,1081,1,250,26,3,36
eec68ed7d496bb2ee6aa0a69bb78acd2,papelaria,34,332,2,850,40,15,37
3718e428a53d75dc322c79a49bdbe3aa,esporte_lazer,53,1709,1,1538,24,22,19
342936541051cf54fbe4879bd6e84985,brinquedos,59,698,1,434,27,14,21
a2bd7f16312b272bf77b7e1464ef7638,utilidades_domesticas,55,331,2,1100,50,15,20
5215505db2113a032810c3644c346a38,relogios_presentes,59,566,2,250,16,2,20
909b87db6cb3a7ab26bd03cc59860136,informatica_acessorios,28,1111,1,169,16,10,12
054b1ab366729788a3717961085aec01,informatica_acessorios,57,1206,1,50,17,9,13
7703b8cb5b77fbb36518ea91e2ca734f,relogios_presentes,54,192,5,250,16,2,11
57c56b4871f4f353ac52c8015e9c5318,moveis_decoracao,15,407,1,800,23,27,23
90a57d62c9b9f884fae33a10dff953b4,,,,,600,20,5,14
4cc07f390b20092747e033df35805a15,moveis_decoracao,56,175,2,6300,50,25,30
64874a0d6c1ec460c2f59886c51b9711,perfumaria,46,647,2,532,21,12,17
fa4e8255202fd921350a6fc716710dae,informatica_acessorios,51,2025,2,350,20,5,20
f845bd3077894700e688b1944854e28a,fashion_bolsas_e_acessorios,36,94,1,200,16,3,15
0a07b2c989441aaec80191da39c79c99,relogios_presentes,51,691,2,250,18,12,12
29f63bab786f598d17b6ebeec83e78d1,beleza_saude,60,918,1,150,22,3,15
ba131cee7989ef04b93a79030969c92f,moveis_decoracao,36,1081,1,1750,30,30,30
054515fd15bc1a2029f10de97ffa9120,esporte_lazer,50,799,1,150,18,18,18
776ef0ee36e20757c513e64903f1fa8a,beleza_saude,45,494,3,925,25,6,16
6d44b2c01b6843eb2e68beddf853dd82,beleza_saude,25,1236,1,1450,20,20,11
ef5c31aee1d5074121a478b14d3eb50e,papelaria,58,202,5,8600,60,20,29
7f064525eaaa1ce9d22c085f7ff5413a,relogios_presentes,50,578,3,250,16,2,20
d7e7b1fc76e781313a0f5137d801951d,esporte_lazer,50,881,1,6317,26,17,44
84904413b82eee333a3f79137e8d197e,ferramentas_jardim,60,1799,3,1600,18,22,17
3fae92f8d0ebb3317991934a6d717c47,cama_mesa_banho,60,306,1,1250,16,10,16
71f5013915099a3ab0756dcabfcf12e8,informatica_acessorios,35,546,1,1200,35,21,20
cee4ebfc997a2ac7f01145efb59cc7be,livros_interesse_geral,48,647,1,1450,16,25,11
940d38f0ef286bd93612fcdc91dd38ed,utilidades_domesticas,58,837,1,4300,30,30,30
e4176515d2055eb7771645c597f8b40c,utilidades_domesticas,38,250,1,500,16,2,11
6ed0ed10d62b45f3de46933b0b2989a6,bebes,32,1531,1,700,30,40,50
6513f1270c9ff1de6da7c745ae2910ae,brinquedos,58,576,3,650,40,10,40
21b1c2f67a9aafb5af0eb06c13b9dbda,esporte_lazer,35,1132,8,9800,105,15,28
2ff995aead9c63a1f37a07b3664ead37,moveis_sala,45,353,1,7500,61,11,46
9d0aa87e8df1bdbe0f79353520a2d538,papelaria,54,111,3,550,28,12,12
f83a5f8708629c8efc042168299e8641,cama_mesa_banho,54,739,1,1100,16,10,16
7935ddc510afb7d08989660b382b7f26,papelaria,59,246,3,7700,60,20,29
91247af15fbe5fcdce542685c643b6a9,eletronicos,57,531,2,167,17,16,16
0f3f3612d3a594da318f0f7b175a9c14,relogios_presentes,55,1057,1,350,28,10,18
2f9c2888168b8c2d8e625905f3737057,telefonia,54,169,2,150,20,5,12
80077c975922ef05cb85da41e6f10fb1,automotivo,54,283,1,650,30,30,30
66f09a6de4f2ef63aaf5349b60a0e0c0,automotivo,52,1139,1,600,16,11,11
3f34959740c72f0e661df7d18465c955,livros_tecnicos,23,1330,1,1000,24,5,17
3c6be4372f013b15ef6c2d0f89452998,papelaria,59,303,6,5350,38,30,28
cc81f952b83d2bdcfbd980e2a7249adf,pet_shop,41,215,2,300,30,30,30
955d159d5f3a5d16c3808fcb7705224f,bebes,25,148,1,50,16,14,14
17222c974b8e98e7df1f7da91491178a,ferramentas_jardim,37,775,2,500,20,20,20
4cb6e86e1328e77e20b5f90771683cbe,esporte_lazer,46,728,1,1100,22,27,22
64ad2771f3e2c9c546e224021c36c807,papelaria,50,114,1,900,36,6,28
dbd55362ec13c706503b1c71a5068a1a,beleza_saude,53,526,3,473,21,16,13
eb2ef5be3d5deff674149b9465d44738,informatica_acessorios,32,425,2,200,20,10,20
7541919b37eec10cb22469315a0c7328,telefonia,52,1311,2,150,19,5,11
308a7360ee2e0ecfb6aa7708428692af,eletronicos,56,568,1,150,16,7,11
61937887eb6ee0b405a5759756426486,beleza_saude,45,1083,4,825,31,15,25
62c2b9bd44500d0305b1e50e2c9bd34d,moveis_decoracao,52,646,1,300,16,30,20
f6cdf7aae7f5fb3d67142d5f385ae785,informatica_acessorios,50,485,1,300,50,5,11
ca9c04665b3deab07935392e7432cdbe,moveis_decoracao,45,1923,2,600,68,8,13
2feaaa695779a79fee913868e992fe61,moveis_decoracao,34,962,3,1800,20,30,20
93a99b40878c0d888fa4f44459fcac05,utilidades_domesticas,39,97,1,200,28,2,11
d5c263f4d651ba657c900ce70a4be7de,telefonia,59,458,4,350,20,30,20
06976617d8c5e71de4f3c2d93e788fd5,malas_acessorios,57,444,1,1200,32,10,45
a16f2c3edfeabc364393b012e19e2a15,beleza_saude,45,1005,1,400,19,12,13
7c6ff274f0411bde88f5df8db5f64693,informatica_acessorios,59,808,5,340,17,13,13
a4d286543a67e29c930c99cbd7a55a8f,utilidades_domesticas,35,465,1,700,28,19,26
cce3ce6484896041ae3dafdd4308a39c,consoles_games,46,653,2,4350,18,33,39
f27f59721d5a9cb39432b91f812ee308,bebes,34,469,1,300,25,8,25
b9023d686fca0dca3ac844814e92e92b,eletronicos,46,2305,1,200,26,7,16
82c51c3938503a4ddc096fbed86428d6,construcao_ferramentas_seguranca,58,3530,4,300,16,11,11
8d9d31dc8d8c05062987d883cefa98be,cama_mesa_banho,40,327,3,1200,37,23,35
81f3957aedf469500e43f81e25519600,moveis_sala,41,358,1,4200,32,32,12
537f8133bb109ca8ae9c6f48370af9ec,automotivo,59,983,5,600,20,20,20
671d1f1a67e731435bc7a91569004038,esporte_lazer,49,479,1,550,38,28,20
56cdfe67fbda57c1dcc752f5f361f981,informatica_acessorios,60,511,1,517,22,11,13
e844770f85faafda86f20911fcf607b5,instrumentos_musicais,60,394,1,7350,70,20,30
d7d1cdd61c66570cac78c88a0cae784b,telefonia,46,394,3,200,19,3,11
abe236a52dbc43e90bad00fe6d794582,cama_mesa_banho,22,332,1,800,34,17,22
e85cdca8790ea0026ddf7316f469608a,moveis_sala,32,607,2,4600,30,16,30
e1ea2e133d4ca99d20c365d4e3173989,eletronicos,42,962,3,177,20,20,20
2056c9497992c9032fdd92346baab6c3,ferramentas_jardim,39,360,1,1800,35,13,31
d8f254be723da6488610b42935533b05,relogios_presentes,57,239,4,300,16,2,20
06f85533c1d65036e055ed561d0b1a2e,automotivo,58,1154,1,650,20,20,15
2423252b2432f1803e4f29e0974c6cf7,brinquedos,60,919,5,1167,36,20,28
7289a8d65ae2c86dfdee27f8af257a3d,beleza_saude,46,940,2,1100,31,20,26
a7e03f1bcebad9ca43f8f4dbda9bc1b6,beleza_saude,60,3228,2,567,18,9,13
12bc892d6fff0dc42c8177f3665ef00e,beleza_saude,56,3847,10,100,28,13,12
fbd4031ddbc3d02b95834b62769d3ad0,utilidades_domesticas,55,375,2,10050,37,61,26
2136c70bbe723d338fab53da3c03e6dc,relogios_presentes,55,167,3,200,16,2,11
0657f64d203d600602279807d6cb1dd8,beleza_saude,38,554,1,1600,35,11,17
b534af96f1c598768bc7379aca584edd,bebes,55,1212,5,1300,28,13,21
cfb2e04130d80dc8944679f3db75df76,perfumaria,37,431,1,200,20,7,15
ffc9caf33e2d1e9f44e3e06da19085f7,beleza_saude,22,279,1,2134,25,22,16
c76eef5f50220461d23cfc786e6e82b2,moveis_decoracao,56,1493,2,600,68,7,13
31edc407aaeb20e9126f4f8553bdfd39,cama_mesa_banho,45,462,1,1400,37,23,35
0521fe3eb04940304b489d0fb49a37dd,ferramentas_jardim,58,686,1,1450,90,6,18
d59349a33fcba18707a61aa852c02c5b,cama_mesa_banho,50,1005,1,850,30,6,26
2947c2678aab0b7bfc86dd062d9c3318,perfumaria,36,412,1,532,19,17,17
7b951373f6045db69ff7a2e4d8c40071,relogios_presentes,46,232,1,184,18,10,13
2b7aa376a6e728560bddb5558cc48e89,moveis_escritorio,59,1296,1,13388,54,47,28
59fe488ea6ac9439bc86663f4a564c23,telefonia,43,299,1,275,18,4,12
fb78b116998a9911245664c7823e1a95,telefonia,60,762,5,350,17,5,19
b11802a8f8d0f813ec6d3fa8967aab21,esporte_lazer,44,521,2,1550,42,6,40
d9bdf643d95cb89844c0da1a0df1d16e,perfumaria,39,572,1,475,20,9,14
0d146484c69d613fe015c0229056b065,moveis_decoracao,24,458,4,100,80,10,60
88722e1dbe9a41a0834374aaaf19ffd2,automotivo,48,85,2,250,32,8,32
586328f570ac0b651d452f1227db4d1c,relogios_presentes,47,434,1,119,17,10,13
99008b78e9206243c95a95cf02a71905,beleza_saude,32,1948,1,1467,33,21,21
815d8a47625751d186ae410a78cb58bc,utilidades_domesticas,59,1035,2,1450,20,30,20
07bcd890d449e493b4ec23d05a9e40ee,esporte_lazer,34,237,3,800,30,15,20
8203048d6e95e42c60a24edf3425ab90,moveis_decoracao,60,624,2,417,45,4,37
9b02b650be0a39d8590be7d35be443f9,utilidades_domesticas,35,660,4,1200,25,12,25
12ec40668ef038e5778938c846060db9,esporte_lazer,59,670,1,1100,23,8,15
71c89e9d8fa274b017279aa322cd0e19,moveis_decoracao,52,1213,3,2750,70,5,15
7e144b70c4543f5ea3b8d687435eff6c,construcao_ferramentas_construcao,50,484,5,550,30,30,30
76d75f398634bf194ba99d7297e7d1fa,informatica_acessorios,59,1775,4,350,25,11,15
952670bc019a73f0933157ec82ff6e4f,cama_mesa_banho,46,162,5,3300,60,18,50
9831e59284189574c8b3dde0265e5230,cool_stuff,56,330,1,2050,35,45,19
52a8061c8e8e8cea30b41344aac26431,beleza_saude,50,757,1,600,74,15,15
ed77034b92386a1a8cfd3c648d715dde,telefonia,54,503,1,317,19,8,16
0ec09d10ef472b982d230612dbd5bd16,cama_mesa_banho,54,289,1,3250,36,10,35
4b96786612ebe7463132fce2c4dca136,utilidades_domesticas,42,540,3,10750,31,61,31
21c00997a28e1efcdd07c8a67f26d4ce,cool_stuff,51,729,1,8150,45,24,39
bb819359cc1d57dab4210c9c8640d2b8,moveis_decoracao,57,647,1,6250,48,22,15
87283a98b24f9f1ac3a31b631073cf47,fashion_bolsas_e_acessorios,50,411,5,150,16,5,20
5b3b5f9ae84ca9ead3138b199420cc94,brinquedos,48,1146,7,5400,20,60,50
c9e370a48c93410b221b46ce7ee41643,informatica_acessorios,59,297,2,700,20,50,18
076a6117fb6e62d15ef45ad6be8ddb1c,cama_mesa_banho,51,373,1,1754,44,14,33
a7c7a8a5ae0e412843068fb8fcc30a86,moveis_decoracao,58,1056,3,700,35,7,27
9c60b810e32e14c3a278742567720634,moveis_escritorio,47,559,1,17400,63,58,26
90973fe7cdce864c5345cb2eebdfa666,utilidades_domesticas,61,117,1,1400,20,14,20
725cbfcaff95a4d43742fdf13cf43c75,cool_stuff,58,537,2,1850,34,5,34
322ecdda3eff7439376c27a5114fd114,ferramentas_jardim,38,811,1,400,20,20,20
ef8856db4e302ad33dc4d91e40f7593c,esporte_lazer,29,531,2,1350,41,10,35
86265224a1b25cd13f8b20ffeb6c8e5d,beleza_saude,41,596,1,1250,16,16,15
5e2ba75ad255ff60b1c76c5bf526ae9b,beleza_saude,47,1346,2,500,20,8,20
bb1fe952bdc16ef8974d4ca11aec19b7,beleza_saude,57,581,1,417,16,15,14
0a8611ab07b16ada9f45900722ed0e5d,cama_mesa_banho,60,617,2,683,57,4,28
ed7090839f8e749840a20f1c1cc78717,informatica_acessorios,51,326,1,817,30,15,15
03c14a3d479e334e87ee5baf2563811d,ferramentas_jardim,56,1193,1,1500,20,22,22
e819fddd6622f30e872bfc89471c1408,moveis_decoracao,60,772,1,650,16,15,13
2c7f01e4f39f8ca21caddb86374d7b4b,eletronicos,50,395,3,8550,78,9,23
9d374944ce89ce9afd8c8f79fb7f3bc9,informatica_acessorios,60,337,3,400,16,4,16
609c35bf8122d5ab8186ed7a6bfcd843,beleza_saude,39,345,1,250,18,8,18
b1434a8f79cb3528540d9b21e686e823,cama_mesa_banho,57,184,1,13500,55,25,35
30a47cc354b9607076272300c899dce9,bebes,26,1594,5,450,26,7,22
07755a0056db849613241c6d91eaf45f,relogios_presentes,56,470,2,832,21,12,15
f6a84928571f68635beb0f5c9333c6f3,esporte_lazer,60,1247,6,30000,86,66,36
429de6049b45a9fcb96aff1603f55d3c,cool_stuff,56,654,2,150,16,13,21
f42229541a6335f3ed5268439ea9f414,industria_comercio_e_negocios,51,1139,2,4350,16,103,25
ba63ad9eaf3dc6369f8187e7251c0870,perfumaria,38,1813,3,5850,27,20,35
1747048d975dfb4b55bc232200ccc53f,utilidades_domesticas,46,1204,1,9400,59,43,43
ed2067a9c1f79553088a3c67b99a9f97,alimentos,52,919,1,750,16,12,15
b87bbfdf00132276418f99d965fdf676,casa_construcao,31,462,2,6550,38,28,28
f2399cabe080029634d12cec4f60dbf0,moveis_escritorio,50,1117,6,2100,16,26,26
f6e3aeb40c00aec24ade8333c2ac1b20,consoles_games,29,1094,3,150,24,5,24
e1b36152443e58d382896be5d3af22d4,telefonia,40,545,1,100,16,6,15
a096400f2b6fbe9c868f7dd5f1333e5a,esporte_lazer,54,814,1,185,18,12,18
0ec7b6a863e219792bc4d50d3a62a839,cama_mesa_banho,60,2596,4,7474,54,29,40
ca0019454bd5ddca0f4022fe89f6557a,casa_conforto,57,217,3,5700,40,20,40
94475071013412139f862c0bd7e3bb37,papelaria,46,708,3,317,22,14,22
ad3bd5419246087e48ef4832de3516a4,beleza_saude,57,1286,1,2400,19,28,17
120fa011365fc39efe382cba4e50999e,cama_mesa_banho,60,234,1,2050,34,8,32
0d2c4fbee7db55f38a730f4dd40a9f81,utilidades_domesticas,55,1745,2,250,17,10,14
1dceebcc5f23c02ea23e16d5bedca000,cds_dvds_musicais,47,117,2,550,35,15,25
9eff8192b50cf828d20417ae6c41f4b5,beleza_saude,26,1076,1,2900,21,16,31
f032eaa3a45e2f8093255251a93efa70,esporte_lazer,48,927,1,1450,26,17,17
d3a8b40808854363a045f0f4131b0894,cama_mesa_banho,59,1101,1,2726,24,28,28
72cb4380c5a90c64048cafdf60d31f88,instrumentos_musicais,59,1522,1,500,19,16,16
4a5c3967bfd3629fe07ef4d0cc8c3818,construcao_ferramentas_construcao,55,338,1,2750,25,8,25
159e7e73295b609960c0797eb64b3d39,pet_shop,52,418,1,467,22,34,21
12fc9ab82dd45f3824881d94f79edb38,automotivo,59,457,2,254,18,12,9
25292482a61cb3298df8dbe15ea69daf,beleza_saude,53,1865,1,500,24,6,12
23182071dae29b744722e647c64e8fe2,construcao_ferramentas_construcao,30,169,1,100,20,4,20
d9c01b484ada6a360c2715a08fdf1568,telefonia,33,913,3,325,18,25,21
bebd360fe73dc670fd6439e9b943ceb7,relogios_presentes,31,948,2,250,19,14,19
fa66c43e63966d8b1770f6df326e05fb,esporte_lazer,28,1290,2,260,18,11,14
aacfae7cd4bac4849766f640abf2db8a,beleza_saude,38,639,2,317,17,11,12
466ae6b34dc96acc7e8501709b5f89f2,eletronicos,29,256,2,4600,18,16,14
5b71073dc2a8c72a945d7c5000c3c199,bebes,35,265,1,218,18,19,17
6c55ba2343f9df32c7f88a468352ff22,relogios_presentes,58,167,2,250,16,2,20
6ab9d49c399f239bc88ea28c7568213f,,,,,250,22,2,32
0a9a9c25c5a06532d1766e00db833a7f,beleza_saude,36,365,1,100,16,3,15
f1b067568bb39768f754b0d1ab1abcf6,papelaria,54,241,4,3750,60,2,15
cadb69af336c16aba5c5223599821245,eletronicos,41,386,1,200,25,7,16
e30d5b80f5e85b8f9e7c627b5d594b38,perfumaria,55,347,3,1000,33,16,20
37470d84427730445b3b251bb796d528,eletrodomesticos,53,472,2,125,23,8,13
380b4664ba5bb18cc9db78ee6bac3558,relogios_presentes,44,322,4,250,16,2,11
ba4a91633739ceceb2b73b627e2cfbc3,moveis_escritorio,57,1296,1,8750,52,51,17
186fe07c8b8005ec6a498587ffbc1352,relogios_presentes,60,193,3,200,16,2,11
9483476ac5b7549f7df5ff12fb6fb5d9,esporte_lazer,52,183,2,300,20,14,20
de20fea8f26ba09202b61d3e5ea8bbc5,utilidades_domesticas,38,370,1,1815,23,23,16
6777865be5ee937f7deb9c390e9d920f,moveis_decoracao,63,314,1,950,40,5,30
84a87daa85c8b432d90bc1baa0cb4388,bebes,37,1266,3,700,21,10,15
5d66715cc928aadd0074f61332698593,eletronicos,52,390,1,150,20,13,18
2a4d7470cdcf5e02f7ad83e56971bb80,pet_shop,60,770,3,12800,45,50,34
2b0c892ab2b8e600a0b186db31f5947d,esporte_lazer,49,903,5,4325,40,25,33
99fdc04e6b6614fa8899cefafe793fa7,,,,,950,26,26,26
79bd832302282bb4f305c5947c2bee1a,cama_mesa_banho,58,597,1,6550,30,30,30
115e606ac8059e4cfa1c6c3310fb365c,informatica_acessorios,57,1525,4,285,17,10,13
ba80c9f47a84d1e08465f72e22930c83,pet_shop,41,901,1,150,19,10,15
f7f59e6186e10983a061ac7bdb3494d6,utilidades_domesticas,59,459,1,3700,32,22,46
fc86606232e0da421bf450a13068a4b4,relogios_presentes,60,352,4,1300,32,7,32
c20a3f598c16d77249da67e81caa8317,utilidades_domesticas,57,529,4,575,16,18,12
bb3ba3a4e6d7471b6754e8e3f13f1464,brinquedos,59,1075,4,850,25,40,15
a4d0871577d73bc394c482dd0998af7d,beleza_saude,60,466,1,800,18,16,16
78cff417987f620d4277395265379d6a,esporte_lazer,33,1153,1,200,16,16,16
1fa52682d6938b129312ef4cffac1711,informatica_acessorios,30,351,1,550,34,14,14
eee404f099d4035b0f3e4dc374669a31,portateis_casa_forno_e_cafe,57,194,1,150,16,11,11
54f45413afc0d5480c59f5dfeed2d19f,beleza_saude,31,490,3,2450,20,12,28
86b7407656326df779576645e8e4531d,bebes,44,1184,1,200,30,9,30
60e77eeb5275ed33a04d1fd482feaac8,informatica_acessorios,51,155,1,50,40,2,24
b6b76b074ed0d77d0f3443b12d8adb5e,relogios_presentes,46,531,6,300,16,2,20
3089d427128cebffda89d3c8fd04fb90,beleza_saude,63,3933,1,750,16,16,15
9ecadb84c81da840dbf3564378b586e9,moveis_decoracao,41,789,1,950,20,35,20
060cb19345d90064d1015407193c233d,automotivo,49,608,1,7150,65,10,65
4cc8bfa581f41841ce5e24aba773a44a,cama_mesa_banho,50,381,1,875,25,18,40
f0f3c686ec837b27ec9da08762d85317,automotivo,41,353,2,200,25,42,25
d7ec0aa2d69643c6709f21fd76f010db,relogios_presentes,44,523,3,550,38,12,38
8381ea12b1b0b93589326894a9b3a00d,relogios_presentes,47,710,2,300,16,11,11
ed1e39b938c6cc6867d8f5fd408ce319,utilidades_domesticas,50,456,6,650,16,20,30
2f5895fbda5cbf713513c5b641383a97,ferramentas_jardim,57,931,3,575,16,13,14
7416f209ecc901d8c6c64377f12cd1d5,moveis_cozinha_area_de_servico_jantar_e_jardim,57,1125,5,8200,65,10,50
2de2a40099e05d5f0e47d69623a3c178,eletroportateis,48,1193,4,1800,46,15,13
de70c9ebe399d6ff687b4b64fd51aa29,relogios_presentes,57,627,1,300,16,11,11
7a42af4cfc71b5e250b2effd6f37cb35,papelaria,55,332,5,400,26,16,21
3516632e8f52b679ff83d1665ecc990e,informatica_acessorios,45,267,1,167,16,12,13
f62dcd57a6a4e93aff69aecc1f3d6513,relogios_presentes,53,578,3,336,16,13,11
525947dbe3304ac32bf51602f9557c12,cama_mesa_banho,60,236,1,2600,34,7,32
1cc5f038fa8645580602fb2423d3a50a,perfumaria,56,681,1,400,22,16,16
d3a746573dd35b279b6d0e3177496422,automotivo,60,260,3,100,24,2,17
430d215740da7fdda91cc938f8fd92f6,telefonia,50,2641,8,260,19,7,13
15c30c08ae39469fbf52befff9569adb,eletronicos,29,247,1,490,18,11,13
34aca5f4e567c3b675a3e43a17e0b0e5,bebes,57,537,2,13450,60,32,42
bb5fc9090888f494938ab2b3c90dda7a,papelaria,36,406,1,150,16,6,11
25da7af0ae86de644e6410fec1d599d1,automotivo,41,2716,1,26000,60,60,17
bd149e7e19bab469011f129cdba049e6,moveis_escritorio,45,2149,1,16800,58,28,58
11fd9d7ba552e1d28872e008acf1e050,cool_stuff,31,1194,3,10225,19,11,11
3bbacbe586e957acbf26c63b3ed532a3,pet_shop,53,1687,2,8750,50,8,45
a8eed0daf7e2db5e074d2d4f65046946,esporte_lazer,28,808,1,3200,25,11,11
216bb0e0cd43ffd832e0973d35e0377e,construcao_ferramentas_iluminacao,56,1082,6,200,16,16,16
004636c889c7c3dad6631f136b7fa082,utilidades_domesticas,46,647,1,550,30,10,25
cbf5cf4e5d906cda4c6d91d5b7b15e8b,beleza_saude,47,174,2,100,20,15,15
bf4ff42133c7bced3bda24a521a5e12f,utilidades_domesticas,60,446,5,11550,45,28,45
6d0a373c460a041c86167a92a5d3383e,moveis_decoracao,60,2043,5,3000,69,11,11
82fd0e5d33b58ad696f75449679c1470,beleza_saude,51,745,4,1087,29,29,22
c201a862c6018d402222594d5229c613,automotivo,56,916,1,1675,35,8,23
3a9621dab36a841a88d2bf767f12fee4,esporte_lazer,59,1086,5,650,18,10,14
12c27e1b053851f5d71c8f551a4a724f,moveis_decoracao,59,1972,2,1450,69,11,11
4f7d43c1033d092cbf61921a482a1396,perfumaria,37,169,1,150,24,13,17
5dec0a1a4dd30fb1ac9031f5dc4e2f5e,telefonia,41,1662,1,300,18,11,15
71bdf1a4d18c3cd68f108547f0b4cd1c,moveis_decoracao,62,1699,1,700,60,11,11
18d87751433e4198e697c51bbbb66003,cool_stuff,60,1265,3,100,17,6,20
5177d018e1fe8b629d1b7481638b1965,informatica_acessorios,57,1638,3,4663,32,17,12
bb7181410b4e02f93f3697f765db53c7,bebes,36,1058,1,14950,77,20,53
6cdd53843498f92890544667809f1595,beleza_saude,51,625,1,900,25,12,38
762c5d72dfd6cb77f19a9e1fd79e43fb,cama_mesa_banho,55,410,1,550,16,30,20
8f9eb414b31a9433e8c89178813a2072,pet_shop,41,1009,1,400,20,20,20
5d345f462eb17adfd93612708672afb7,moveis_decoracao,58,1988,3,2750,65,8,45
f2bcc887769f563eb4f126389e64715a,cama_mesa_banho,40,207,1,700,35,7,27
f1da618218e0af87b633532b561f5e6d,esporte_lazer,43,1406,1,767,16,16,17
c1000786be861c72021fee27d0add9fd,beleza_saude,56,2747,2,200,16,2,11
f1f01d27cb8664e16d57ef4a8075f3be,esporte_lazer,57,615,2,4175,31,33,27
9ffab56dff7071396d82c4b372e7f033,casa_conforto,45,328,1,575,48,11,29
1357d7d30c1609c50ad43a42a204286c,moveis_decoracao,54,271,5,500,20,15,20
1ba4e3fe92f16fd5a8942f7b7d804b52,bebes,52,341,2,8500,45,25,45
3344f3ccc35b04b81d8cc2aefabcbcdd,bebes,41,1764,2,7700,63,47,18
0c46bfb6210825d07804a6d4f81a5a92,beleza_saude,54,1616,3,625,28,19,16
2e1963427978dab49b4bcb0a07b109cc,informatica_acessorios,52,1000,1,400,25,20,20
161c9558fccfbf0a9ed72b42285635ec,sinalizacao_e_seguranca,59,592,2,450,60,30,22
cfce05163d94540468fd6c92c62fa5db,utilidades_domesticas,60,766,1,8161,50,34,36
0f3de29f8370072525a20385ebbe889a,relogios_presentes,54,574,1,425,18,11,11
36940188c2ad1a212b94931a08cc3c29,telefonia,51,380,1,115,19,5,11
642a40d4d73b4b2604968937de13634a,cama_mesa_banho,43,93,1,250,40,4,30
00929aaa7751a77220db9caa1ae6d3ab,utilidades_domesticas,56,279,2,2800,50,35,15
28a652ff04e43c1bc57937a9f8770f9b,papelaria,55,264,4,7700,28,55,37
583f158587cdecda3e8bdea694021e39,esporte_lazer,57,1042,7,800,42,8,26
e354794c0460552b2c9932026a6e0f22,cama_mesa_banho,49,184,1,7350,31,71,51
a04f52ded97b5530e8783e3c002b90f0,cama_mesa_banho,54,192,1,900,44,2,36
bffd0cca190f7b0acd504ac212996f4d,moveis_decoracao,61,694,1,5300,30,35,30
6d2cb25a03acb6dd4e83969a770e772d,pet_shop,48,435,3,200,16,70,16
c45f017c36f9112a8bb4f170edfb1870,malas_acessorios,45,702,1,1400,33,10,49
344e500a6d4d2085337b9e81c0b9c9de,instrumentos_musicais,60,984,1,200,22,10,15
1600dcf1cea8c0c83702e07b577ab231,relogios_presentes,57,181,4,250,16,2,20
c73628b1c3144b2e0c9c88072f21a213,automotivo,60,1892,2,850,20,9,14
299f6d537aa695fad79a42bcf3fdd3a2,cama_mesa_banho,59,305,2,3200,45,15,35
2b0943c63387bbdc046d9a7692602388,esporte_lazer,54,586,2,1050,30,15,20
29427de7f8a9ee983d9dbc51cec569b4,cool_stuff,54,995,1,4475,44,24,31
3bebad3cf2c8d1a8d3ce97174643e054,agro_industria_e_comercio,49,903,8,500,17,11,11
a9b36aaa68ebd315701524c822800f29,moveis_decoracao,54,532,1,550,70,7,11
02090f97a28b3d10d19a09f045f6df34,relogios_presentes,60,738,1,375,18,12,12
7fb04722aba7a2b632bac8f9819796f3,beleza_saude,48,594,1,1850,24,36,23
1191e61a83c807323c6c1cb5eac9ff3c,telefonia,59,777,6,350,17,4,12
aa8d88eb4b9cb38894e33fa624c4287f,relogios_presentes,54,335,4,250,16,2,11
95ed6e881d471156e430b8546ea76ba5,informatica_acessorios,60,501,1,240,20,16,15
668e8ee8f69c3545109fc40f72336e8f,esporte_lazer,48,626,5,1000,35,10,20
64fb265487de2238627ce43fe8a67efc,cama_mesa_banho,55,329,1,1825,44,14,34
02a3073438c0d024f60e34a05bd340c4,automotivo,51,732,1,850,41,45,11
be7af429d53adfab190dacdaad6a1c9b,papelaria,54,2562,1,21800,55,50,40
c3097e07a0a5de0d4b4c836d90c5a284,eletronicos,43,425,1,200,22,11,16
958cd4fc82ce0223c757f47bc9d67e23,automotivo,59,1275,6,1550,23,12,16
461f43be3bdf8844e65b62d9ac2c7a5a,relogios_presentes,35,591,3,444,20,14,16
7c256e07dc557658d97d070c34cde789,esporte_lazer,58,2307,5,6150,30,40,40
e1e932dfb67414e80b87ad97688cf2a3,brinquedos,45,404,5,3850,52,7,55
e19ddcc85537b41f22116c8d5425ef46,moveis_decoracao,48,519,3,700,26,8,22
5348b1bdd951b67a4d2a58992e2233ed,telefonia,59,818,6,250,17,4,12
b000447e24e31a4d7e628ca4d0622131,telefonia,33,119,1,250,19,4,11
5b4b8595bd33017cf3c87c8ab09c2e42,papelaria,54,231,1,150,17,6,11
6f62dd1f280a651e3334c84c4f1d96b6,perfumaria,57,663,2,1000,18,10,20
045c0f3faa3d81ff1af071e0811b2711,relogios_presentes,49,570,2,200,16,11,12
f25c46ee777a6bee45ade2bec5b85c52,eletronicos,47,425,1,1450,48,5,12
a0f3c43b288de04ccb40d26cf26c639d,moveis_decoracao,50,1722,1,1200,53,8,11
bf128711128b70eaa9e07df69e9a75e2,telefonia,61,992,1,600,23,6,15
1d2d3b19f5c3d093d4dbccd3cd963a8f,esporte_lazer,46,408,1,2050,28,22,20
63de2743d05ab59d85caa49e49459ac1,beleza_saude,51,951,1,178,18,11,17
345f6c48d7dd28adc3242eafba3592ce,utilidades_domesticas,55,1725,1,825,26,15,22
a2f3be463c1d322c27cbe55cf03e5fda,perfumaria,40,994,1,600,20,20,20
cdb8d3c880b6639a70764c6734e6bb69,beleza_saude,25,447,1,30000,58,55,44
b29fcbd778387a0218e2f058e57bce75,,,,,8750,36,27,54
e4985e03cd939f1a9f81c65e949f1688,beleza_saude,31,386,1,50,20,10,15
29a42e500c8eae1e055a5ad893b46119,brinquedos,26,581,3,700,16,34,34
d566c6f148d426bff95179d7e2e91d61,automotivo,25,1268,2,200,30,30,30
d6dc2dcbb3ef25e47ef82f3c013ab820,casa_construcao,53,646,1,6500,30,35,30
f2bd7bc9616070cc15853ce61ab8c826,esporte_lazer,59,2312,1,12250,25,30,15
1becf32f9c527bad8d88e8e6aa99f021,papelaria,48,937,8,950,16,10,50
3abb0e27cb9374f334c59074d868bcbe,esporte_lazer,48,1936,2,200,17,11,15
e878662b68e175a58b5951e44574d5c8,,,,,2000,33,8,23
f582884ed8bb76a4b6317b8c9e966d98,utilidades_domesticas,41,325,1,1950,43,10,33
142c759524da90ea8c592f9b3b1fedb5,casa_conforto,60,249,3,7100,50,30,40
9c7ce59c96e74dfdfc51f13a4a6c3869,relogios_presentes,59,261,2,250,16,2,20
19421075ae0b585f2dc13ff149e2119d,esporte_lazer,32,1797,1,150,16,16,11
ee0c1cf2fbeae95205b4aa506f1469f0,perfumaria,44,334,1,200,16,16,13
5b8423dc7f23089c9c59c5d140eb5a1c,brinquedos,59,1629,3,5250,51,15,52
11bbef4e2a44601d9dd471aa1fb433e6,beleza_saude,52,1222,2,838,28,14,21
484970ea2647dc058e9c81ca31e65ce9,bebes,24,371,1,500,28,10,25
f444092e1a9f9dedb91cf0717d6c4cff,automotivo,45,144,3,350,19,19,14
7945bb528c42095fccdf46321742afce,utilidades_domesticas,31,536,1,775,44,3,34
542b3d80712d51eefe3a3cd1c5f4e8fe,cool_stuff,49,223,1,400,30,30,40
1e1a186a03f0d98268516827690d4fd2,bebes,60,1078,4,575,16,18,17
03e4e6709b7d6415746769c0bc3e9131,brinquedos,42,762,2,3890,36,28,36
95e35900a686aeaa02fac4e06350ecbb,esporte_lazer,59,837,3,250,16,10,11
b8d157185e5abaabd9244275aca22a7f,fashion_bolsas_e_acessorios,39,247,5,50,16,6,11
6c3effec7c8ddba466d4f03f982c7aa3,consoles_games,56,237,3,100,16,12,12
8e96968cb84d255da9c325f3906909ad,livros_tecnicos,63,1269,1,400,33,6,22
a6f449f6257f26e556013151cee46b4b,papelaria,57,1470,3,700,20,50,40
eb883e95b710f252cb15d0fb41d8bbe9,sinalizacao_e_seguranca,54,908,1,3000,30,30,30
0f3777229e40207d248acfd6e1f716b6,esporte_lazer,64,640,2,30000,42,105,47
b35d60271c8d79aaf431cc378fbf92c3,relogios_presentes,56,816,1,600,16,11,11
25a2985f8f3f93ddf1c1d26847658dad,informatica_acessorios,57,334,1,300,16,10,11
98d61056e0568ba048e5d78038790e77,automotivo,49,546,1,6400,63,11,63
8eb72e039f7857d796c5afe824d0c64c,esporte_lazer,43,1185,1,1600,21,18,18
fb5dcf669bb92534be46c2fef1131651,telefonia_fixa,60,802,9,2250,23,6,23
2bba3a44641e194c111c2907c17ab7f5,esporte_lazer,38,684,1,1950,24,17,17
ff5ecb2f7628793844e861076ab8e467,brinquedos,41,215,1,450,45,15,35
dc404a1496a08f9f5540c8b5d4b92925,brinquedos,46,753,2,1582,31,31,35
10717ff440b2320081989126e858b220,cama_mesa_banho,52,263,1,4867,70,16,50
01a88bd2633c52bcc66348307cb3ae15,automotivo,44,907,1,11800,61,61,19
e9def91e99c8ecb7c5cef5e31506a056,brinquedos,34,867,2,500,19,11,20
af8acb9fc1592c0d00bf5b8a3d43e8e9,utilidades_domesticas,57,582,1,4550,30,28,28
59ebd2c07d59483d0855b5b3d5e18728,telefonia,58,818,6,300,17,4,12
49770e2e1a22b61e15a13c2cbfbfcbbd,brinquedos,60,1243,4,7950,52,34,18
0e362037e5f02f62c8ce89f49cb9d520,perfumaria,53,666,2,133,20,10,16
e493b6001e292d2cdb2c6172bac9d0a4,moveis_decoracao,46,709,3,1300,50,30,30
3dc95ebe4e59153d4655472acb2c0785,perfumaria,24,609,1,200,17,6,12
038967227fb1bc9b30d6e1c81fa2d2be,automotivo,45,1161,1,200,16,4,11
b19e331e05bee8900ed6e582b4c8dab6,cama_mesa_banho,52,382,2,3500,47,21,41
24d8da2d499efba175b1092826b7e390,esporte_lazer,35,248,2,150,20,6,14
2a74acb77e71d1cb27a9dd28cf95e561,papelaria,59,303,3,5050,38,30,28
f940327804bdcb40342a12c93de069b8,construcao_ferramentas_construcao,42,1571,1,450,38,12,14
4473a7a8a08e406e2df4a7200c8a0b5a,beleza_saude,45,709,1,150,20,10,20
5ef15970297e8282ea1f0e3ddc528503,cama_mesa_banho,47,187,1,475,16,13,18
f207b010add19c1090a2c248d30a0c30,eletronicos,39,151,3,300,16,6,14
7e50b75774c90a76cd3fa12f33de892e,cama_mesa_banho,57,503,3,19800,58,40,50
9048cbd294fe0c1a3ec8c8248bc2cadd,instrumentos_musicais,63,927,9,7500,55,18,45
a883c6cc6b971869a2c962f76fb73ab1,cama_mesa_banho,55,2293,4,1100,33,15,42
44b6d6f40d9b822201e81c9d5cb5b937,utilidades_domesticas,32,465,2,1025,20,11,11
03c94210a8223f2f0c811f6783fe3d22,utilidades_domesticas,42,422,1,3450,32,25,26
6a83f2e07c29ded9b8734d14a7d93c8b,bebes,52,1342,3,1500,42,25,15
25e2023ed83352bde98dc1490d14c3d8,brinquedos,30,1024,1,887,30,22,20
95d9302f8b3a134daca8adb478c92813,cama_mesa_banho,57,503,1,25200,58,40,50
9548f3f06fa6c1983a2278e2a16ecdcb,papelaria,52,206,1,290,18,4,14
c9845573653d06921e63975a8eca331e,telefonia,48,461,5,150,19,4,11
a58d73d571793d350bfd31a624416f2d,cama_mesa_banho,58,1491,1,1600,28,10,26
5640c59a8f6a08b3758272590693eec3,bebes,46,554,1,17600,65,36,45
7f55769896fc6596e7251490b8b5e536,moveis_decoracao,45,520,3,450,30,10,25
eebcc3eb19bc7e1f39fbc982e864f919,esporte_lazer,57,419,1,2500,27,12,22
704ef63ad0ac345842ea734060a83db2,cama_mesa_banho,55,249,1,850,38,10,38
7e0dc102074f8285580c9777f79c90cf,ferramentas_jardim,60,1251,2,800,30,10,30
d967e722339b5694c236717a78497634,casa_construcao,46,841,4,700,22,18,22
09661a3f29765eeafd2f05d7ad22310f,instrumentos_musicais,59,504,6,6250,99,28,36
937ac3a2f4aec64b560e6423fb50aee9,eletroportateis,60,71,1,275,23,18,28
cef9d587c2c31442c9b95eef617db1f4,telefonia,54,838,2,600,16,2,11
be0dbdc3d67d55727a65d4cd696ca73c,informatica_acessorios,47,493,1,245,19,14,14
2a71952901bd77a33530d79a65b13747,automotivo,54,705,3,100,16,6,11
916bcfd7e756e0b65372da1378d1c125,livros_interesse_geral,43,713,1,1600,25,7,18
aa36c2127048efdcd47f4ad5b6b68810,cama_mesa_banho,57,189,1,1600,46,3,34
b20004b530789d5db586f589da0ef3e3,brinquedos,48,804,2,800,36,31,26
d9fbc33029641ba345b15a2c8dd86f10,cama_mesa_banho,58,512,1,2250,38,8,38
f91abf665b0b3d4f46b39c2cafdf6415,telefonia,59,818,6,350,17,4,12
976ab50ce2361a9f99aaf9fd4037a00a,livros_interesse_geral,37,2578,1,400,23,2,16
48401d4a555fd20aa93a202a4ed3b598,industria_comercio_e_negocios,47,896,1,250,16,11,16
26c3ead5dff3d8e393e5331273f4e91a,informatica_acessorios,45,401,1,88,16,16,12
e67307ff0f15ade43fcb6e670be7a74c,beleza_saude,47,1474,3,150,43,13,14
b0ed7fe63babb3e705115f53fa74b20c,eletrodomesticos,38,928,2,1200,28,8,13
056193fc88b3f131fae751356896b168,utilidades_domesticas,59,1996,1,8950,40,30,40
fbce4c4cb307679d89a3bf3d3bb353b9,cama_mesa_banho,53,597,1,6550,30,30,30
97c58626cc3e15d514d2095f69650220,perfumaria,38,242,1,429,20,12,14
04574f4bc055655311e798b4e277b9af,automotivo,59,435,1,800,18,13,16
b5adf7b72a7eb667aafd446581c35f3f,relogios_presentes,44,234,1,483,17,11,13
dbb67791e405873b259e4656bf971246,informatica_acessorios,32,321,1,207,17,12,13
0c7ec2b24166d57ac38a9db523711782,moveis_decoracao,22,250,1,1900,23,50,20
d3d10495159bcc41173e3d26a273529a,artes,60,218,6,1200,39,12,12
c4cf7c2e1f190d51517eba7e8211c8e6,beleza_saude,50,1077,1,200,17,8,12
e44f675b60b3a3a2453ec36421e06f0f,esporte_lazer,35,1058,1,350,17,17,17
8373c62235f446ffaae956121a992bf0,brinquedos,36,684,1,600,27,12,20
71f2ce4ae5dfdd3b55a51c7a2d3c4da8,construcao_ferramentas_construcao,52,1384,3,3750,40,16,25
17eebb377a986cfb90285ec913767939,cama_mesa_banho,49,657,2,6700,50,20,40
595fac2a385ac33a80bd5114aec74eb8,perfumaria,29,178,1,400,19,13,19
8d070077591cb06503a4933e5050bc69,moveis_escritorio,46,1200,1,10075,53,51,18
a92930c327948861c015c919a0bcb4a8,relogios_presentes,59,319,4,250,16,2,20
a3cd9517ebf5a50dca25acce54f3b171,utilidades_domesticas,52,1910,4,30000,75,58,65
ffccf0ce5eff1a158891296990107d08,esporte_lazer,60,3149,1,950,94,15,15
d54c5b81fc2b38707588dd4eddc7c594,moveis_decoracao,59,455,1,7850,52,18,35
574597aaf385996112490308e37399ce,utilidades_domesticas,55,499,1,4800,22,63,22
0d87a475cd933bc600f92e0b346e9c0c,utilidades_domesticas,53,747,1,275,27,15,27
686c91d509cb70a2148ac3ecbb8a4f75,cool_stuff,54,940,1,2100,42,25,15
86c43103446290e7efacad3701cd654d,relogios_presentes,58,644,6,250,16,2,20
c2ece64199af7a53793ed9612a89a8cd,moveis_decoracao,59,955,7,2500,60,12,20
226f3829f99a5f02578560da8708c8f7,perfumaria,49,1208,2,200,16,8,11
c3adcd846a294794059da678fb939220,moveis_decoracao,63,394,1,1200,23,18,43
8323a7adeb57da21acea7e83563bed90,fraldas_higiene,49,326,1,250,20,20,20
680fb1be80c45666f3735cab0e1e5c30,malas_acessorios,59,716,3,6825,42,42,39
46b769809b6fb1728843192da1732171,esporte_lazer,53,142,3,450,16,10,16
bf455a7f51eabfc8dc987897ec6475f7,esporte_lazer,55,127,3,750,38,15,33
a53d9459ab35c28053d6b7732fb8ca07,telefonia,53,880,2,50,18,6,11
fe59a1e006df3ac42bf0ceb876d70969,informatica_acessorios,60,2136,1,3407,28,22,23
ca9bcd697674a4d0eeb84be9c533b9d2,pet_shop,37,385,1,3800,45,30,35
3e0bf199429e16f10824e5fc7dd33213,eletronicos,60,382,2,1050,18,13,10
4ebe0af5e3df81384008ea97f49879fd,telefonia,57,1370,4,150,17,4,12
be764855458cd43b36c334faa773f7d5,brinquedos,33,364,1,10925,50,31,48
60314cbf527af04ebc935be7c02dc1cd,esporte_lazer,59,303,2,750,16,6,16
55c241d4a5f20682cdeaec642cb06fa8,cool_stuff,48,1100,1,1400,20,30,20
93f1cce4b913dbf3213569661cb978bc,cama_mesa_banho,59,1029,1,750,36,11,36
33cf86a6c8f1d52076064029d5281cae,perfumaria,28,771,1,100,16,14,11
27a8b41684f77dd86572fa185bc143ba,informatica_acessorios,20,347,1,400,16,19,15
a869ec6209c361ca46dad85a5530e119,esporte_lazer,49,1313,1,2438,28,31,24
93dd9d8291fad4757cf910f1a80eb0ac,cama_mesa_banho,54,238,1,900,38,7,29
29279408d40e4f6e9c9ad85e4e97d676,fashion_calcados,50,647,2,1300,20,9,21
0103208eb1ea5a1a7359c0251a65e37a,brinquedos,53,2209,7,1600,35,17,35
4d68f0bb076a44142f1d1725ba3b3bc8,fashion_bolsas_e_acessorios,32,623,6,1000,42,42,14
7fda46e6f8996ebe3acf684cca0124c2,cama_mesa_banho,49,513,1,4825,51,16,36
191bdbe90160787e2232af92b5b53088,ferramentas_jardim,54,690,1,283,25,15,16
472e6464088101bf2ec351d222c415ab,informatica_acessorios,55,742,1,350,20,15,20
f63e5eb82736ac58d9d286f64fe5c44f,pet_shop,22,452,1,100,30,30,20
e7f85e7f0203b7b95cc1b4c21b4b070c,cool_stuff,42,582,1,5575,60,22,47
562502b79845deae9bcd86384921a2c5,moveis_decoracao,51,1010,5,200,25,40,25
06ad93d66e91d09df5ce746906d9658b,cama_mesa_banho,52,289,1,3250,36,10,35
e951fa511351528e83ebde739f059348,ferramentas_jardim,48,366,5,2600,20,17,30
1629b469d01aadb4f92644039ad17d5c,telefonia,59,776,6,300,17,4,12
f977e786f6d634205ef1564541706011,brinquedos,39,922,1,6000,95,16,38
ea4cc93c84021f3d58e6afb54300c82a,utilidades_domesticas,11,214,2,450,30,30,17
892832da5b05b0f54578e1f14f193c22,cool_stuff,53,270,1,1000,33,44,19
bff395cb3a536fd2f70b47ac8dbb85ba,construcao_ferramentas_seguranca,60,216,1,150,20,20,20
50e1b118f266b655f613f753914c42db,cama_mesa_banho,44,630,1,800,16,20,28
f0aeff7723abbe804226f96c5b1db7ef,esporte_lazer,57,371,4,233,19,6,14
4dddd45aa241530edb5412e8846361fa,beleza_saude,57,1661,1,483,19,12,13
13db47eae724e2848e12b71a617a3a41,audio,34,468,1,425,17,11,14
4c2065301aac51ff9004422acc07765d,ferramentas_jardim,50,204,1,1663,36,14,27
13944d17b257432717fd260e69853140,cama_mesa_banho,48,203,1,400,35,5,24
f71973c922ccaab05514a36a8bc741b8,malas_acessorios,47,482,2,16100,35,65,44
e294d8786e16a7a67e98e5fd412e2e2e,esporte_lazer,58,617,2,250,16,3,11
8c81af91a9b96d073ccaf0d3402ec5b2,informatica_acessorios,24,1590,2,400,17,7,15
a7ac695869dbbe03164408a2f081e0e2,beleza_saude,57,1462,1,1017,18,16,16
b8e35c1ace7b632cf4b643d6d30e4e08,moveis_decoracao,36,425,2,1200,32,6,28
c35498fbb4358837ae16850f50c3fd22,telefonia,59,973,1,325,19,8,22
83039266ceedb3640c6dce70f01bf2d0,fashion_bolsas_e_acessorios,58,84,2,200,20,20,20
3faadd91c89ff779e6cd1fd09a46ee39,beleza_saude,60,419,1,350,32,4,11
35557c68a22ecebcf066e25ca2ddc144,ferramentas_jardim,50,741,3,300,17,7,12
0f7b5d8f0464562dd0d3e46054e0bd0e,beleza_saude,39,1761,1,2500,16,19,15
9aef37b9deb4c4565b32f24a593b06ca,brinquedos,55,474,2,1380,38,36,19
4d8e210a4855c77238ef8d6c145ff24e,moveis_decoracao,54,1749,3,2300,105,3,70
ea43692dc9b918c387ae280bc382b406,moveis_decoracao,54,1099,1,5300,30,30,30
20a0eed2151a01394b7656d7269b11db,beleza_saude,26,885,1,500,16,30,11
4eda4a7eac36a8ff69db8880c4d95b7b,livros_tecnicos,49,347,1,5150,100,10,20
9eae06d51aaa383b2bed5547a19d581c,cama_mesa_banho,52,337,1,800,16,10,16
71540d636652fc682032d3b3c0a180c1,casa_construcao,54,923,8,1050,16,27,16
3de4498dcdded5abe7349bd43c401c1f,relogios_presentes,60,418,9,300,16,2,11
0d12d1b700e15453260b6cbc961c04e8,automotivo,55,385,2,50,20,4,14
519f3a4ea67cdce4923fbc76badd6bd2,ferramentas_jardim,27,235,1,625,23,10,14
82a61259a621866c4ba63743da29a342,esporte_lazer,57,1307,1,4350,20,20,20
29428180f6710d477f3c85fb06adb593,cama_mesa_banho,54,549,2,5500,45,25,40
4a741a6cd8c7a4358ebfe566138fee78,moveis_decoracao,44,999,5,10550,104,14,42
2de4aa76a72feaca51fc8f83ae037c7e,cool_stuff,56,124,1,5600,25,37,36
152397b614be35e54106663bd5671f7d,ferramentas_jardim,57,355,1,546,16,15,15
f7d5edd55cc83003c9ff58de184833d5,esporte_lazer,11,903,1,525,17,18,18
cb43c6e1c451902b51f4f4ff512302df,eletronicos,21,286,3,293,16,7,11
e95ee6822b66ac6058e2e4aff656071a,esporte_lazer,52,1153,1,180,17,11,14
4a90b44b456e79e7a33435fdd36e551f,ferramentas_jardim,64,2432,4,10700,32,63,32
c9c6fde711572c1ad99ca12728c6af00,telefonia,51,678,2,150,17,8,14
242ec3ff603c92ddc1e59d83b9e40a2d,bebes,49,2830,1,200,16,5,15
7cbc7b22d10bdd8f5e3d668c3c3ab45f,construcao_ferramentas_jardim,52,2494,1,1400,16,28,15
24a014458ccc6e989b4fcef5fa71da58,cama_mesa_banho,53,348,1,2000,45,15,35
e53e557d5a159f5aa2c5e995dfdf244b,informatica_acessorios,33,256,1,180,17,10,13
28bdd20184e553872bab0ae75bbcaecf,utilidades_domesticas,41,882,1,450,16,28,12
be7f0912ba01126704c81b3f705aaaf2,perfumaria,36,419,1,475,19,15,16
480be8d20c4b6a7df1eae0f2c17f2db2,livros_interesse_geral,58,1556,1,300,30,2,22
99f5b2240b82bf9387e5cf2fc0335b08,informatica_acessorios,53,422,1,160,19,11,14
4f823b57fbf2a359f9df38dc72ef0da6,livros_tecnicos,36,702,2,500,100,20,11
3fc18e3aefe7b9346bd15de863fa0365,utilidades_domesticas,43,808,1,2850,30,30,30
acdd9eaa79720ca045ce3768250b8e47,beleza_saude,59,669,1,400,30,10,17
4f47791b7d4e127b53fdfceea592e926,informatica_acessorios,59,1620,2,6100,50,25,40
7e0995bd610eb1dfe49155b549079047,esporte_lazer,54,471,1,400,17,4,15
5895eb44dfac8b6062cb7adac3f84fc9,moveis_decoracao,56,257,1,1300,40,10,34
3552627a68384dc559f0fd4cce173269,fashion_bolsas_e_acessorios,31,203,4,150,18,9,11
87ea2f45559e10519513a20b24147316,informatica_acessorios,48,2776,5,100,17,9,14
cd48f265a63e13b762601f5f794c5fca,bebidas,48,859,3,175,23,21,21
e8ca1ff2d0a28edb5be8bfbf2964dc3a,esporte_lazer,52,320,1,450,42,10,25
31af99e01af722adb2067b365a311998,beleza_saude,58,698,6,425,24,16,14
dc48030c42aec9ae7ec9757387ba4250,relogios_presentes,55,490,2,300,16,11,11
80df62ce491a20d390c9f69402310f0a,informatica_acessorios,35,1101,1,300,42,2,30
7811ef9c6eed5bb33c3c6f9de751642f,bebes,39,296,1,100,16,5,16
6e649da572cb3e7bd20ef7203d43829c,utilidades_domesticas,59,391,1,2250,45,21,26
c0c4cfd8255da22de900ac9e613e2a73,ferramentas_jardim,57,361,1,800,24,13,18
1fa784d8744e3ed625d8651ddb15e33b,perfumaria,47,534,7,1800,35,26,26
31b8c37adb9572ed34757d9368d987ac,relogios_presentes,49,577,5,250,16,2,20
e2033444b9e15775ad3817491401084e,relogios_presentes,47,644,3,500,20,10,17
1eb0f26a0aa59535c7bee3e2c02093d7,beleza_saude,40,1177,1,2400,19,16,16
de1dab31e5f3737cd024f5fe44743fa9,esporte_lazer,46,720,1,442,20,19,17
779559842fc122d55edbd03153f35e81,esporte_lazer,55,1028,3,200,21,13,26
764292b2b0f73f77a0272be03fdd45f3,moveis_decoracao,56,701,5,750,30,30,11
ab40c45cb88545d5efa2679b30cec4c3,bebidas,40,472,1,4300,50,20,20
0ec5f6f08cf32bc916d0ae089696a44a,esporte_lazer,41,435,1,2600,16,16,16
982565327a800a467fffeac070672ea6,eletronicos,58,945,1,1167,18,17,23
d3ab527ab0d134eb8a034cab8e52a589,cama_mesa_banho,56,405,1,700,35,8,30
94976cc078d10e74c19c62f0b3b52432,cama_mesa_banho,48,262,1,6150,52,16,44
8852eb03b04ec3268a66e9b696e25f6f,papelaria,30,832,5,2000,25,55,40
67c8b207e496408eb0f63e09c234dbc0,moveis_decoracao,34,574,1,11100,37,41,37
47a67549d9b00310453dec1c3902e391,utilidades_domesticas,44,1188,2,600,30,15,20
a30c310dda4ad467282787fee075cb69,moveis_decoracao,59,589,1,6150,51,16,38
05542c6ab7bce0a01a5f7210380e72b3,informatica_acessorios,57,582,3,850,32,10,16
84f456958365164420cfc80fbe4c7fab,cama_mesa_banho,55,312,1,1550,44,14,34
eb6c2ecde53034fc9ec47741b3232c9d,moveis_decoracao,49,829,1,500,20,35,20
b868a7a3ed7a16bae1b565d21102dd9a,beleza_saude,42,496,1,500,17,14,15
da2cfe68ae3f2f454b5aba2ee09ab5c4,fashion_bolsas_e_acessorios,56,731,1,200,16,2,11
6e9d34c0cf438c5a29a9a0232ffe54b6,beleza_saude,60,358,1,4000,25,27,29
4ce8f190d8026353d3d91d907ad68f23,moveis_decoracao,42,312,1,5600,40,20,40
19f0917ba5781b978298ffcd9ae225c1,consoles_games,38,41,1,150,20,3,18
d8cabd83757ecf48a7d2628dee9135c1,perfumaria,38,775,1,553,20,12,16
fd0065af7f09af4b82a0ca8f3eed1852,automotivo,56,3896,7,3000,35,20,30
f9812ff329fb8141750f67a3e6551907,informatica_acessorios,57,236,2,300,36,5,15
c403e106353e1aa40efe783ecb39ed7a,cama_mesa_banho,30,169,1,550,40,5,30
b0961721fd839e9982420e807758a2a6,ferramentas_jardim,59,341,2,1850,37,22,40
c863f578eb77e9238bfc0db8d0ffa3c8,automotivo,57,61,3,200,16,7,16
cf857bce01d442bb8631a548a4432def,bebes,56,1123,4,1533,39,13,32
dcfe33bfae82bed3b1d9a7d15197f5be,automotivo,41,851,1,192,16,13,13
e03102efbc2229024c89be731f0aedcb,papelaria,57,366,4,750,101,15,15
a35c14eaa384acf7aabbbec3bd76fae6,utilidades_domesticas,50,690,2,850,28,12,22
48698ba0cfe847b41430fa00081b5619,papelaria,45,456,1,200,27,7,22
5d0386961a44323a9772e63672317131,esporte_lazer,42,336,1,900,22,15,22
a70d74f54feefedd8108c45553766340,fashion_underwear_e_moda_praia,52,579,1,150,42,4,14
04ea859686940874c6f624314a14070a,automotivo,58,1186,2,500,20,10,20
4607e6e2d3a1f1a3748058001bce169c,eletrodomesticos,57,221,1,50,18,8,13
001b72dfd63e9833e8c02742adf472e3,moveis_decoracao,45,520,3,600,26,8,22
44d097d59e8430f88a67517cd0c4f865,fashion_bolsas_e_acessorios,55,151,6,350,16,2,20
28b4eced95a52d9c437a4caf9d311b95,moveis_decoracao,60,1953,1,750,69,11,11
39184c850194aa002371b2d16c373f3e,cama_mesa_banho,37,257,1,5950,50,18,28
d93d7e81a8d724c4ef661e75647cf325,bebes,50,158,1,1600,25,9,18
112e1856649c6762c1ca6058d07f2633,esporte_lazer,59,1203,4,500,80,8,15
fcf64c72035fc6f17660bae96c933ffb,perfumaria,31,395,1,200,16,16,16
6ed58ce8373b3d0c7704df9daf21e4d8,automotivo,60,546,2,2100,95,25,20
f043e249c55c1ab30bd9761c2294911f,livros_interesse_geral,22,2489,1,300,25,2,18
d8a95ecf1c05b391d216669a9652bcfb,esporte_lazer,35,548,1,900,48,19,35
446f791c0261ad0a93d4dced49d5d0bc,moveis_decoracao,49,349,4,6050,30,40,30
0f2fd0a589cb7849c1dbedbd4109c2f8,beleza_saude,46,509,1,870,19,17,15
de1eee6c50298db6028af08bd88a702a,utilidades_domesticas,48,313,1,1100,25,12,35
5f2641478d7b5ffbfcf1f2b5cdff4709,utilidades_domesticas,60,1713,3,1950,102,8,11
f2ecbb02b6da187a9f14b8ac5781faec,perfumaria,54,935,1,50,16,5,11
7ce94ab189134e2d3c05f496d635419c,eletronicos,39,400,1,200,25,7,16
d6fad98893f5848590aee04c63832cd0,cama_mesa_banho,52,461,1,350,16,40,30
5edf955f0c8417e3fea7288360c2e22d,cama_mesa_banho,29,426,1,150,16,11,11
c1cf8f51eac90b1ff478250b3d35c37b,esporte_lazer,57,326,2,280,34,13,13
7743cda964f0400e51c2a904c3f1af36,moveis_decoracao,57,603,2,6100,70,45,45
5cde85235c4ae7747e9b48de95178a14,informatica_acessorios,35,905,2,383,19,20,17
e3323b0d3f79bdf85b58561d2218bc12,informatica_acessorios,57,764,1,167,21,10,12
7e1119e96d8ef05e6c469182113759a4,esporte_lazer,59,418,1,3850,20,22,22
b6bdebb92f595f00c73bd42e0e3a8517,telefonia,53,716,2,150,19,4,20
3f1361100ad34281edf04ce745f62b89,moveis_decoracao,60,425,1,8400,52,18,35
f3bbbaabf3ce091b88d2511c1a29796c,utilidades_domesticas,41,923,4,350,18,8,11
6f7400c1577bd99fb7c9cd196edb6ae2,moveis_decoracao,63,837,1,2800,43,5,30
29e690f79f608a27a9a02dbf5c3c0c93,bebes,58,801,1,3200,31,43,21
336b68746bbdc7ef1b4e7115eaad1668,beleza_saude,36,409,1,1250,32,11,15
5ab3c4c7b2b499f85cf923cd0f331c9f,papelaria,50,307,8,600,28,10,44
87a71ae93900ab55fcf685c8040769b3,eletronicos,36,401,1,175,22,13,17
787a4f84b1a006dcf7b568487c8589b8,informatica_acessorios,31,614,2,315,17,9,17
125d26eac85cf57783e2b545149ad38c,telefonia,32,340,2,100,20,10,15
251876e7ba013b87b7262fb2524e2d60,bebes,37,506,2,1720,33,36,27
f97a136cf6e5f5d9333b513afc8b153e,cama_mesa_banho,55,648,2,400,16,10,16
09738baf9be60e4c294fa5d0bfcc690d,automotivo,40,355,1,150,22,3,15
7583d9a579408cb84bbc7b0e4548ec18,cama_mesa_banho,59,279,1,5650,40,15,23
96f41c94be1dc7d1c91415db05658d6b,esporte_lazer,48,1358,1,650,41,5,41
c8327011b01e4666db6770ebb8a86fa9,utilidades_domesticas,57,703,3,9950,31,61,31
e7db7c40ea6647c808d48581f1308d88,bebes,59,235,2,9400,75,15,50
b944aabf1fc45c01599ee96c7f4d533e,eletronicos,60,246,1,150,22,12,14
4f3b83b83f7fb280fca4f90ba502f50e,ferramentas_jardim,32,706,2,9050,39,12,42
d92cb9e1e8b1ea99285f24efdfdba088,brinquedos,57,216,1,499,34,21,33
5999995b8f64d769dbc6f592b86d6f8a,pet_shop,57,1283,5,1200,55,3,42
bc137217dc0cb0559a1f46e0500f50b6,bebes,38,596,2,300,30,8,12
717c660fd7ed52fdaa650d509dda7912,eletroportateis,41,959,1,463,23,18,16
c2e158a66da842665f27c88015a7dbd8,informatica_acessorios,53,813,4,850,17,12,12
a95b8621d9c2434bd66a426fa6dc959b,beleza_saude,57,374,4,400,30,11,20
dea3de7c4e7aa375d564fa2ddb7099b7,utilidades_domesticas,48,210,5,200,18,4,12
3bf95cf337a8c87435a2949c48350fc7,beleza_saude,59,1538,1,2017,28,30,27
b9e628152d37d0bb6e3164afd8114ec7,telefonia,23,159,1,200,20,10,25
3f3695c50cf443bfc1058ce0c8ab6a46,eletronicos,39,376,1,175,22,13,17
0b6a32b32a7dc68b12e8a0e0805c44d5,relogios_presentes,50,542,1,190,16,11,12
f71e07cf6e6d621aef3ff698bc4f2819,telefonia,55,880,2,50,18,6,11
98e70aafc39bd58a8a9c4f27593831db,telefonia,28,879,1,100,18,6,11
c80124276571cd4bef53cf35d9b36c5c,casa_conforto,60,216,3,5650,40,20,40
92463a38f6b3c2c95cedff69fc16fe99,brinquedos,47,2848,2,200,16,4,11
c6e513054b982283c1cbbb2a45d02d83,cool_stuff,56,777,5,300,18,7,12
d86a6c48f83b045cbba6df84926a1f25,brinquedos,58,1150,2,3900,45,33,26
8d4f2bb7e93e6710a28f34fa83ee7d28,telefonia,52,815,1,200,27,5,20
b9d2933371226d828303d9235b89369c,livros_interesse_geral,46,1164,1,450,30,3,20
5fda5f5969ed8a446022953a89e1c81a,moveis_decoracao,56,1031,2,800,20,40,20
bb57d3e2c056ffaa1f31ee222dd81ee3,fashion_bolsas_e_acessorios,55,589,4,300,22,13,22
8ebb1bc470f9bfd4017c0be0773211ad,cama_mesa_banho,54,231,1,400,27,7,17
3354a4e684f5e7199f9407db70ccd92b,cool_stuff,52,847,3,1200,42,25,15
4374f5c6e8ab35133a8dbc5517ec0388,ferramentas_jardim,25,486,4,2200,25,9,16
0496a7015a17628712e8720db133092b,papelaria,60,875,5,1075,21,15,15
d918b3f4aa5272c2c3cd088d087ca069,esporte_lazer,58,3703,1,2083,28,23,21
72d6074ef5c81ec3102b3f2a052c5f49,beleza_saude,50,216,2,50,20,15,15
c3e275e10cfd7f3b56f7f657699cfafe,cama_mesa_banho,55,273,1,1250,38,10,38
28bc7d95951d962dd5cdda791e07b56f,cama_mesa_banho,60,420,1,400,26,18,23
61963c77fd2c3db173915d9dc837ee12,cama_mesa_banho,55,804,1,16050,70,50,45
381c84a4eb64a931d793f69112d5a34c,informatica_acessorios,53,814,4,2050,20,10,20
bc23e7ab33428b722eb04acc660423ad,papelaria,58,88,4,8450,35,60,40
55a1e3d39ace9c0b217f6c30b04d43c0,malas_acessorios,29,895,2,550,45,15,35
921d31a1daa51460b7a95ea5f3ab64d5,beleza_saude,40,702,1,210,17,9,12
7d187801885842645486f00fb166f378,eletrodomesticos,60,341,1,150,20,13,12
9af7b4a3262141c12ba9bd489a8573c7,market_place,37,1246,3,700,20,8,14
c5d8b84a90f73bd09c30e71e76caaa11,market_place,49,415,6,1150,35,25,25
560aa6044750b7511a18e5ee9aaffa17,automotivo,46,2304,4,300,16,6,15
16bf176650a888512655cc94f61860e3,relogios_presentes,50,401,4,200,16,2,11
2c955308d12bcb61c241322c9d0390f9,fashion_esporte,56,511,2,200,16,12,12
fb1f078a066428f00c1d71d6b9df3ff8,telefonia,55,432,2,600,23,7,15
79c0ace2ccf0da036e787875a49151a4,moveis_cozinha_area_de_servico_jantar_e_jardim,55,1211,5,14150,100,15,15
b1517c1b95640f9c8faf6f049fc751ee,relogios_presentes,42,838,2,400,16,13,13
867dda95bbba37fe56fa288449fa122f,cama_mesa_banho,43,184,1,600,40,4,30
2b4472df15512a2825ae86fd9ae79335,moveis_cozinha_area_de_servico_jantar_e_jardim,44,112,1,13550,48,49,49
8562e2c780a345b609e1b802d7e3e4ae,cama_mesa_banho,51,1208,1,1100,45,8,35
c7c2108eae6fb6e6822c8128f5a98afd,livros_interesse_geral,21,318,1,850,24,16,21
7340a3839a1de1e99d149b8cf052a2ec,cama_mesa_banho,56,536,1,800,45,15,35
62bfda7b1a58cc9a485cb563b99ea48f,esporte_lazer,57,586,1,100,24,5,16
5fc3e6a4b52b0c414458104ed4037f1c,informatica_acessorios,38,228,1,200,16,5,11
787049a00ace087394d4183387405ee1,casa_construcao,56,1084,3,450,100,12,20
c234a60a994181f45605566bef8fe3b4,moveis_decoracao,59,1104,3,2500,90,14,27
4fbe3ca0032bccfba232332f06ed4146,cama_mesa_banho,54,624,2,433,47,4,35
f89cd865cac300a9bf1320dd8f0fa223,eletronicos,45,868,1,175,22,12,15
3c4223262d31fa35043380da246fb0fa,esporte_lazer,52,795,1,700,16,15,15
63bd0e7bb0fdb40cbd6777aa5c7d5a56,brinquedos,42,637,1,300,18,16,14
130482add9fd75ccb6c57ba007694a2d,informatica_acessorios,55,60,1,2800,40,15,40
c777355d18b72b67abbeef9df44fd0fd,moveis_decoracao,59,695,2,3050,33,13,33
5f754b00e7c346bd070d33ffb9f006a7,beleza_saude,59,2910,5,250,26,26,11
222684e29ad17ce818d1b01753c0cfb8,perfumaria,45,163,1,461,20,16,17
6c09be1fc42a113b2f3e558d7df2f133,utilidades_domesticas,57,1058,2,200,23,7,15
d062241f27854330b57851b64d08d472,moveis_decoracao,53,479,4,500,20,20,20
ecab3fa721d1b06c225f23c30f02eb5e,esporte_lazer,58,2738,5,175,22,9,12
34d25803f90d0109da75922858aa8aec,cama_mesa_banho,39,472,1,650,30,3,19
01cf56cd6138b926a4802d16fc304149,eletronicos,43,3023,6,100,16,16,16
14137f0fd56e4d0b8102dcfcc9b0a4fe,beleza_saude,41,801,1,240,19,12,14
b8fb835549196ef18695839a1a749584,moveis_decoracao,31,449,1,13450,56,40,36
8c0bd0d6526379599b74a3a006d4c124,,,,,1000,30,30,30
effee13a277ad762527b74dfe4160679,beleza_saude,45,946,1,1233,27,20,20
c3ba4e8d3cb30049213b682e751e9d00,relogios_presentes,58,737,3,350,16,2,20
3c5fc4f6c055819eb7e2853e9fe08bb3,papelaria,45,103,2,300,24,7,14
0e2d365a247d105fefc31b17ab8706d9,perfumaria,35,503,1,430,21,11,17
efec0b0b076ce3f164b80145743ebc02,brinquedos,8,304,1,245,18,12,13
3104dbf304c25fa1812a11ad924f8b57,flores,55,235,1,600,30,15,20
ccd686475dbff77b93871eae4754526b,brinquedos,60,528,2,3850,47,15,45
144eead70e4afe55d6c90ce7b884af2d,moveis_decoracao,45,786,2,1100,45,45,11
0ea04fc101523a27bb53845d14d7d809,construcao_ferramentas_construcao,52,303,1,100,16,35,11
b709188b458871de07fd90a08dbcd1f0,telefonia_fixa,62,360,2,150,16,4,11
1c42a107473d6b20db8ac7772b870e33,cama_mesa_banho,50,164,2,1900,25,10,25
e988092a8afe5d9393a5c3a7ca17691c,cine_foto,36,337,1,400,23,3,23
6cd26b425f717a6d9202bc287c9d5e6d,automotivo,56,520,6,100,24,2,17
1d373b3e02a3212aff33054cbf30abf1,ferramentas_jardim,59,394,3,273,23,14,16
5fabb51e7d99bb9d824b30a637c36595,bebes,54,1206,3,1200,42,25,15
6255356ea20f71ebc7015ca970718bb6,moveis_decoracao,58,364,2,500,26,16,14
500870614ddcf5bd84f7d26861026c8a,telefonia,58,434,3,217,18,4,13
5d84f18aa629a66a4e7e0919e414c724,moveis_decoracao,41,750,2,900,30,6,32
306599a052830af3cfebe42ee7a79dde,utilidades_domesticas,54,354,1,1250,30,30,30
34f99d82cfc355d08d8db780d14aa002,pcs,59,2009,2,25950,39,95,42
be59d6c35e43e4bae41772d4b87136a4,cama_mesa_banho,59,276,1,2250,45,15,35
61eee7a9f1884caed59c316047c5832f,papelaria,58,778,4,1200,22,13,16
edb0a8739ce7457ff4767a85d6aa92e2,fashion_roupa_feminina,35,436,1,700,20,20,20
06f756df8d80309915285f3ee6ea1059,malas_acessorios,45,1333,4,700,16,40,40
2f46e035eccda1e1e2127096bb7483e7,esporte_lazer,55,1920,3,1800,28,8,15
83b23a333b811855258c5ec9431f6d3e,beleza_saude,51,247,2,200,25,10,20
1d682cfba05647a5231ac20cd77e6645,automotivo,56,626,1,6525,65,11,65
5bd3ba44eb990450377a2cd863821cca,utilidades_domesticas,33,1047,5,4755,43,40,31
281905b21f01db1009fd7c01b10dd1d4,moveis_decoracao,51,1923,2,1650,60,7,14
3006b8f5b476750a03137c1b2755cea1,informatica_acessorios,44,2911,5,100,16,16,16
1a0971a6f39f04118207a7308d451e9d,papelaria,57,353,7,5850,60,20,29
696c39c44288187022347dcb177ac304,informatica_acessorios,50,1112,5,950,35,11,11
8474d936fee23f0c45620cc2022871cc,casa_conforto,57,217,3,10050,50,30,40
1b0e9a414e59a00b13262ffb248ed9b4,alimentos_bebidas,57,400,2,262,28,15,20
86a11a09edde2267675505fc4d56d9b0,automotivo,53,1209,4,1600,30,30,30
6d2928252aa5ba6a5fc439571dd0d748,consoles_games,61,3416,2,1200,25,18,18
b214e7013d82644243e8560287d1ea90,cama_mesa_banho,60,286,1,1200,45,15,35
85b8a24337b4e2571f8fee38f4253a06,esporte_lazer,51,447,1,300,20,15,18
09fbb9fc5bffc1ce6dc2f66289dfcb05,esporte_lazer,57,1666,1,3675,28,33,25
eeba3ee5aa7d1d571752248eb4c81c20,moveis_decoracao,48,400,4,750,30,15,30
51e8feeedd83467b86a79aa2769367c5,brinquedos,52,429,5,150,20,20,20
b0fd7a18daa40299b5393b4280b55dad,informatica_acessorios,33,2157,2,415,29,18,22
036c967e979f490c3890acef838d9f44,telefonia,57,598,1,150,19,4,11
ba2fafdf0c3e7418202575a48d00bd15,cama_mesa_banho,54,172,1,1000,35,15,25
731637d822dc03cdbd74407e66c1c443,eletroportateis,52,1028,2,1325,48,21,29
2ae49b2b174231324f42d783f93d0edc,relogios_presentes,55,463,2,258,18,10,17
54d9ac713e253fa1fae9c8003b011c2a,cool_stuff,57,787,8,1867,36,6,36
39b86f4e3aedf22731990099a660a6f5,fashion_bolsas_e_acessorios,59,150,7,200,16,2,20
da97969972a524bca894f97ea6bcff90,automotivo,43,186,2,400,35,4,25
8dc8cdb4e5a2d2f2af019bc5a255e907,beleza_saude,53,313,1,650,25,20,25
cac52d956eff0cacf32f4b0f0f3aac5c,utilidades_domesticas,52,557,1,450,25,25,25
f20e2a3811156fe0a12b4cd5c3638195,cool_stuff,47,452,2,200,16,11,11
eeb2d1e155818957df60a76fc47e75a8,cama_mesa_banho,49,591,1,1477,28,20,29
8445706ffa7ab0221698f5e1be2a9252,beleza_saude,59,2067,2,350,24,7,14
a2d0ef58f86a42fa9d456709cb00c0b2,,,,,200,16,2,11
ae16b1d896c15ed60614a0d88c4abf03,pet_shop,33,1698,2,180,19,12,14
a87ee1e0d2b6d025ecfb1b8322659853,relogios_presentes,55,335,1,750,15,4,19
281bbfe70848e0b304bef88fc2caf2c3,bebes,55,1631,1,600,20,13,20
73bc42701d50d3c0673b38ea8fbe2e32,moveis_escritorio,47,1194,1,16650,63,61,24
91910bbde68f7027e850dcd82b25c5bb,perfumaria,48,214,1,650,25,35,30
c8a06a6cf1dbd09f3273d65d3dc2da99,beleza_saude,52,2496,1,100,16,6,11
dc0fe1906bacc99199eb46fce442e1de,esporte_lazer,16,347,1,2200,100,7,11
f177554ea93259a5b282f24e33f65ab6,fashion_bolsas_e_acessorios,35,60,1,200,16,16,11
8ef8561be5799da29925c5baaf083a13,bebes,60,777,5,1400,26,25,25
fcf50ee5ad1f1a48671052487d2b0bff,informatica_acessorios,23,151,3,250,16,15,15
e5cac955339b48ea3b9773f034623e29,relogios_presentes,53,1271,1,282,17,11,14
98a940d42d3ac029e40441023676ddfe,esporte_lazer,48,1059,5,483,23,14,18
cc419cef76963f8e0cde78157908a6c3,esporte_lazer,58,465,1,5000,50,27,27
dcae59c653ba99aebddbd821718e37fe,automotivo,55,1146,1,2050,65,25,25
2a61ae7c276ed675a0289aee54e2c9b0,relogios_presentes,59,879,5,231,16,11,12
d64e758afad411049a45e42c9a259241,perfumaria,23,193,1,100,16,11,11
54d7ad85b648d3cb2b7069ed446d7f35,informatica_acessorios,42,503,1,1067,32,13,22
5ed39c3cfec7336d6b641fd71befc491,automotivo,58,901,1,2550,35,20,20
425cfc055cf3bee60a67ee33dc577c95,fashion_bolsas_e_acessorios,27,98,1,200,16,3,15
6bf1cd252d73626ab181be470f56e07b,moveis_decoracao,63,143,3,1250,16,32,16
2d063994ae4667cff3d6841e9d441d1d,eletrodomesticos_2,60,715,2,2750,25,15,25
16048247166ec654c76c845f308c85f5,perfumaria,45,973,2,400,16,22,16
e6a893a996e7ca82a3a9eacd0029789d,livros_interesse_geral,45,748,2,550,17,25,11
87d780fa7d2cf3710aa02dc4ca8db985,cama_mesa_banho,57,189,1,1350,46,2,36
f4041d76285c2a34ad5013e8d287a400,cama_mesa_banho,46,632,1,800,16,10,16
8e7ec8bbc0989d1ccbe6971f239eae9a,pet_shop,31,640,1,128,17,9,13
e6b6e13cf71449a457269f425b89dc74,audio,38,2887,1,588,19,14,17
948c22764c5080442c29a9c3da89b40f,cama_mesa_banho,48,729,1,3400,20,30,30
a519511d5c5c1153c9f636288e50f819,moveis_decoracao,51,637,1,3200,40,35,40
2a478a360a293f087e352e88f10af8af,cama_mesa_banho,54,384,1,600,16,10,16
ce4951e4e9e73626368438f1dbc05dd2,livros_tecnicos,31,1021,1,400,16,23,11
99e60b5a73c761f67099763a17c13bed,papelaria,42,224,2,325,23,7,15
7971cbbdffdad8e31a1bf8aa423772c5,beleza_saude,56,484,1,200,20,3,11
d986e4bd747ca20b348abcd013cd1303,esporte_lazer,59,938,4,1200,80,14,14
247fa5b4e2f524a22b21ef256ffc23e4,informatica_acessorios,56,954,3,950,31,4,23
10714d6a49c0af9ccdab2d806887c5f5,esporte_lazer,59,254,1,700,40,45,25
22c5ddc22ea8cae84fc9917def682dc6,perfumaria,24,435,3,350,25,15,15
d722e6d632fdc8f3ba9375c599087ab3,cool_stuff,42,1586,1,600,22,14,19
e68b91b4be81828d288ee21e8fddef3c,telefonia,54,586,1,150,19,4,11
4178e16324fd0c9a8e18463caf390cc6,cool_stuff,51,582,1,11600,65,19,47
5ad067c2cc9aa18ee03b9ccb5dbd8f8b,automotivo,60,198,3,200,22,11,16
f3c62fde9d2e2acf6c7c46648571c070,consoles_games,19,642,1,150,18,20,11
252641aa4855aef622089db60c4ad90a,cool_stuff,58,3217,2,100,16,16,16
4611bb7e0ac415d6ae411925356bc93a,telefonia,55,518,1,150,18,4,11
a4f283ca7a807cf3ff056abf3ca9a621,utilidades_domesticas,56,119,1,250,20,10,15
2172cc642285306d7cc942de518173a2,beleza_saude,53,2120,1,10550,30,20,27
e70f7c188cd2c0f01a1f6b35411cc481,relogios_presentes,56,742,3,250,16,2,11
476f613bc92f3a20cf80a586fa45a232,cama_mesa_banho,56,207,1,500,50,11,40
bf16de726d9f702aee68610fe171d70e,consoles_games,28,96,4,175,25,3,19
ee6540b34ea60c885c775fa9b52e81e3,esporte_lazer,16,449,1,407,20,17,18
0c5b17c1b54fc1dc48752ddb8caab6fc,utilidades_domesticas,55,727,5,1000,16,8,14
525d714f91bdf4dc6849c3ed6323e6a8,eletrodomesticos,59,260,3,1625,24,12,17
330144665b875c2b4555f88d9f4ed7c1,beleza_saude,59,410,1,558,21,13,16
2ea92fab7565c4fe9f91a5e4e1756258,papelaria,55,178,3,10600,60,20,29
63f7a4366da7b3a3cb5bd2336ca15f7e,telefonia,58,1220,1,600,23,7,15
143bc7fcaf6929ef5979e58abf39d4ed,moveis_escritorio,40,1189,1,18225,38,54,38
f0e62aeebadb31681187c9548d8aae40,utilidades_domesticas,36,436,1,400,39,11,11
c0aed8767e46cce56e77db0ceef83035,automotivo,57,784,5,500,16,16,11
5b226d7c52f86ac72457617f78cff95d,cama_mesa_banho,50,381,1,875,25,18,40
d0ae5110da1575c15853f122de459f4b,beleza_saude,63,2472,1,1400,16,16,15
7668f663b32b0678da61622125b39545,cama_mesa_banho,59,243,3,1100,37,6,27
cb790fa02cc6097dcbf8f9f05904a005,moveis_decoracao,53,646,1,300,16,30,20
8b8702416a4fecb685fc70b056cac372,beleza_saude,55,1038,5,200,18,13,13
bfa64d725aa1ca8be0202f5d93e13f6f,telefonia,49,205,2,200,22,5,12
cf88e5bfdc37eafcb2130a618e815438,automotivo,58,1102,2,1800,34,40,19
42737e3759311804e830f222c6135e30,eletronicos,56,431,1,5950,98,17,18
a4800b5d0f4850922208a6cefcffed51,esporte_lazer,28,1042,1,1250,19,12,12
2480cf865df7d91234cf0ea77e8bd68c,brinquedos,57,715,2,613,19,25,29
bdb4be6ce2f7f2b5be0a16088028c7fc,utilidades_domesticas,54,851,1,3100,45,28,26
5e655ad6a29335c852b7829a5e340c80,utilidades_domesticas,44,937,1,800,16,16,16
cef6b1cb351ebdaec947e31ad360f5db,pet_shop,54,1027,2,850,24,20,24
ffd63ee42a5c8cc5a15a1c8e2aa50011,agro_industria_e_comercio,58,464,1,5200,99,10,50
eb551aa4ed7eb5e2839d5b7d2896bece,telefonia,51,350,1,100,19,3,11
25ce1fd278819fb92db46f69fdbc5eb6,perfumaria,57,492,1,150,16,4,12
568b50dd27d5d76c97dc2f871cb93e9a,cama_mesa_banho,52,506,3,3225,60,13,30
db886bd83f6a076a2caeb7fd02722c35,informatica_acessorios,56,186,1,710,33,14,15
acc78c9d340dbe682491c9d31ea7e187,bebes,57,2188,1,450,20,15,25
30b6868bde148b4c71716da3f1cdd9e3,bebes,18,1383,4,600,20,8,14
e57eb018e37376580079825eb29a3419,relogios_presentes,43,878,1,300,16,14,11
75b65bf02912d0c0ec94785f80216982,cama_mesa_banho,58,2584,6,2628,56,37,48
a6e9ad7f801066f00bf59e348ec8f3d6,esporte_lazer,52,756,1,110,19,12,14
cd89ce90d4c33b04851f90bcf1ec521a,automotivo,58,847,4,1550,68,9,43
4cb33e9787e8a38b82bd68e70f5f4700,perfumaria,55,878,1,333,19,19,21
54dc796ba7aa0086b6404d1207e627e0,informatica_acessorios,36,851,3,833,29,15,18
3ae28b124972bb81eddcb644cd284be9,brinquedos,47,404,1,1550,18,31,25
c1cb3679d3aa242bb9094aa69ea47c42,instrumentos_musicais,60,270,1,4000,25,15,60
0e942ba3342dde6fd0f8d2e735ac4264,cama_mesa_banho,58,647,1,1300,29,8,34
5aad359a63cbb4fc35ead44346a3eeb4,moveis_decoracao,24,457,4,100,80,10,60
f0c1c1d5ec61ce4c4846abd4283631df,alimentos,16,3139,1,125,16,8,11
d33a74e1b6cfc152b6b3f43324d54987,informatica_acessorios,56,366,1,350,27,4,34
e8c6039a25765995ac7c1ec2cbef5765,relogios_presentes,58,364,2,250,40,10,25
81e61097d1704e63a1d881c02d76934a,fashion_bolsas_e_acessorios,47,1398,1,200,16,2,11
374fb6698c278b6af1c7b7c8fb95585e,relogios_presentes,59,476,2,350,16,2,11
1647c3a7ca962b86bad1f87a895f582d,automotivo,43,962,1,350,20,15,15
45e9db074ca64dc81ee6f06185544d6e,beleza_saude,58,3207,1,975,26,12,16
e2fcaac49de7a3a90f0dc74d7b1e9f10,casa_conforto,60,249,3,4550,40,30,40
0e87ff05afa3ddd73b7920ff4587e0a4,cool_stuff,48,2067,1,1650,33,44,19
73026ce2daa69ea29901945b1f915846,beleza_saude,55,1346,1,1400,20,20,20
1a428b685ede76217c9efb550c4aaa59,cama_mesa_banho,49,117,1,400,40,4,30
f8b49b0f49ab5467c1d3685cba5d9190,pet_shop,38,226,1,500,30,30,20
b042c934bd8f4316e7b38633aa14266b,bebes,47,235,2,9400,75,15,50
9749556e02a50c6e4d3535bf1b5be56b,telefonia,50,1360,2,50,18,6,11
f20a14d45e85b05ef554d10d7283f7da,telefonia,51,380,1,125,19,5,11
f3dc2177cd7a26726dd80204c34dbb48,moveis_sala,40,247,2,5150,46,12,45
fbc1488c1a1e72ba175f53ab29a248e8,perfumaria,27,311,1,560,19,13,17
ce6f74096c84567f22728c84f3d6e7fc,cama_mesa_banho,60,352,2,1300,30,10,30
803f77475e1b51b47f1bfec4f2ec353f,automotivo,58,672,3,350,17,6,20
333f47c19a1c3870d1ce94cfc51a4f5e,relogios_presentes,59,752,2,300,16,11,11
3e03619d360cd44f29e094aae3c4a76b,esporte_lazer,57,609,1,6950,24,7,11
8d1224321dc883703df71dcb5be296b3,cama_mesa_banho,57,630,2,750,55,14,38
f62cbf4416c9ef8e1b4e8d5279891f24,eletronicos,46,352,1,200,25,7,16
860ad475cebc2e85e852042dad735be0,instrumentos_musicais,47,478,1,214,15,7,13
a8949536a84721e346d7814fd81aafbe,pet_shop,53,1727,2,2200,50,8,45
6f4f2bb136fd2d8e8229355d8fec6b67,construcao_ferramentas_seguranca,60,2492,4,350,16,16,16
0ea678faa34b54418a17e76511472882,informatica_acessorios,55,312,5,4500,19,23,19
f03859e4cc21018569f5ae7a03897ff4,consoles_games,47,458,2,150,18,2,16
1c510e7a53ea02ee8cb8e8d42274ff83,esporte_lazer,59,1208,1,4317,50,28,30
154f1553226255086ce3e22b1b013415,sinalizacao_e_seguranca,43,341,1,950,21,35,21
48eac3eaf2e50b5f37248cf116476a06,esporte_lazer,31,236,2,950,60,15,15
75c2fa55827f5f66f9177c38f4c2fa0a,eletronicos,34,449,1,15800,65,15,70
89e53f7e4890b10cd3fabafe0e4c2989,automotivo,58,627,1,5475,65,12,65
1acb18fc869c5489d5f76abcd681165e,esporte_lazer,47,858,1,1600,30,30,35
6503fb999235a191e5256051244c627c,utilidades_domesticas,50,808,1,1800,30,30,30
833984d7021e50b11df8113b7794e920,esporte_lazer,28,1319,1,400,34,16,16
e303dfa61ada1f0823b4775f192606b3,malas_acessorios,59,370,3,24050,60,60,40
b92421ea3b457d6bb68c49f39d4e97a8,informatica_acessorios,38,702,2,200,16,12,20
c6ea63369936552872ae890c82175b4b,cama_mesa_banho,58,162,4,2900,35,12,30
33e535ce5a73b54b75937cd85478b9ae,beleza_saude,46,803,1,200,22,3,15
57c580a8fbf3d8374b06bee7b6f4ce31,moveis_decoracao,57,780,3,400,50,3,25
d2f682fdb39628d58f64ca02d3cb580f,moveis_decoracao,63,447,2,900,80,10,60
d41dc2f2979f52d75d78714b378d4068,consoles_games,44,228,1,450,30,7,25
dab2413ead0edda9967edbc9bda2a64e,telefonia,57,680,2,250,17,7,13
b3145c36d221143053908beb4564bad9,moveis_decoracao,60,1646,6,450,35,2,25
b59fb744c6f3cd1dc23b10f760848d98,esporte_lazer,45,118,1,200,25,2,17
214b2d4bc9a6b09243f5e27b9fa96d4a,papelaria,59,414,2,10650,46,10,12
75d6b6963340c6063f7f4cfcccfe6a30,perfumaria,51,999,2,400,18,11,20
0433830caca22b01a0f477d31307b043,portateis_casa_forno_e_cafe,47,2810,7,7450,40,10,40
9545d45c37449ccbc376de3a04c66e71,beleza_saude,39,1749,1,1350,27,9,18
8e8d71f2bb02bf4ebb57a8017789f98d,cama_mesa_banho,42,1048,5,3350,50,12,40
d1ef230269a528a5683f93b17ced0fbb,brinquedos,29,678,2,1150,20,18,43
d5140e1d258c83a340419c6522c7da22,moveis_decoracao,51,439,1,1500,42,10,32
11dcc970f7a5581e1bf777b6da3f7096,utilidades_domesticas,42,659,2,1038,41,22,28
431d674f9a4fbd0957ecf6ba3fcb6899,telefonia,56,1892,4,450,17,3,11
1e919b41a2e4b6055b2498c100e18c75,eletronicos,39,250,1,183,20,14,11
429e7401fafb76436f15e86498bd7364,cama_mesa_banho,60,233,1,2500,41,8,36
d285360f29ac7fd97640bf0baef03de0,relogios_presentes,46,501,4,363,18,13,13
636598095d69a5718e67d2c9a3c7dde6,ferramentas_jardim,52,1834,1,3900,31,13,13
a526c4bc0a48c0e4345f97af496d87cd,esporte_lazer,56,1125,1,200,23,11,15
1ec486885049bbb9b79351d150ed18c4,fashion_bolsas_e_acessorios,36,412,5,100,16,5,20
47fc9ac35ea613a0fc62033750123d2f,fashion_calcados,52,380,5,1400,22,12,33
2827ebfb043a328a13a06ca9165cad0a,cama_mesa_banho,53,637,1,1350,16,10,16
cdc4af478fef19f03f1d0353c00271cd,relogios_presentes,52,364,1,250,40,10,25
eb8c629f70275fd1c4f809116cce1efc,moveis_decoracao,51,831,1,1400,20,30,20
bd6e8cf9fe4122c385da2bcb9f979d5d,telefonia,44,497,1,88,16,7,12
7a9cf133da2a6494259ffeeab11b6276,telefonia,54,599,1,150,19,4,11
be006818e0a584705110984cf17d09e2,fashion_bolsas_e_acessorios,51,372,2,200,16,9,11
8e3eb37785e42b6b3721e459f1bfaaef,informatica_acessorios,32,517,1,900,30,16,16
9286aa6d0235770b570beb128f608e42,eletrodomesticos_2,59,1400,3,1500,31,5,11
d431287fdddd377fc8fcbe60d31a806c,telefonia,58,317,2,500,17,17,17
49196a215bd6514843cebf65ebbe52c0,perfumaria,56,1440,1,475,16,16,17
017692475c1c954ff597feda05131d73,perfumaria,54,933,1,50,16,5,11
3138a5168026c06238f332528ec8e0ee,moveis_decoracao,57,281,2,1600,30,5,45
6f4715840b3a1e8cf44b132da7084a3a,brinquedos,54,784,2,1600,16,35,35
12715d8bb61f9c2c26219377d9737584,eletronicos,53,1996,3,373,21,11,17
d39421ec4cc2bf52e35f8bf00f1ec314,beleza_saude,56,1534,1,1600,35,25,20
af35be35db4ad0dc288b571453337376,moveis_decoracao,24,457,4,100,80,10,60
880be32f4db1d9f6e2bec38fb6ac23ab,brinquedos,45,589,4,200,16,7,11
553e0e7590d3116a072507a3635d2877,cama_mesa_banho,38,735,5,800,20,20,20
a659cb33082b851fb87a33af8f0fff29,automotivo,60,380,1,150,16,6,11
a3bd84c2a6d25ea7bc0e55c64d0760ae,beleza_saude,34,476,1,2900,35,20,30
e2a44ba73fdd5e184c188e4f45e32eec,beleza_saude,40,520,2,50,20,15,15
5b3aa845bba5aa7ba1216e36ae882cfa,beleza_saude,42,618,2,75,16,10,11
7d8e924f1da646ec896e1c0a80ef2f99,sinalizacao_e_seguranca,54,588,1,400,60,25,25
0466aacbd155769293483722a2e5bead,ferramentas_jardim,53,2430,1,7150,30,40,30
372645c7439f9661fbbacfd129aa92ec,cama_mesa_banho,60,236,1,1500,34,7,32
6dbee6015717e50868e393e9bc6714f8,moveis_decoracao,55,2031,2,600,60,11,11
cd9dfd413f60d6cdb25aa4a3e1960e59,livros_tecnicos,55,2085,1,1900,27,7,20
5232994b2d1d55105b92d445d97d0f62,esporte_lazer,58,1186,1,350,20,20,20
71bd8f5de551c71f6ff1386868d57526,esporte_lazer,52,522,1,100,17,7,14
1bb451598371a55d8d19057f39929ec8,beleza_saude,53,2506,1,2550,28,14,20
d670c0f6be30a062ebd8f8612ea82d71,telefonia_fixa,39,975,3,450,16,8,16
bd6e6fce9ada76ea2db0f1912e8e478f,cama_mesa_banho,49,381,1,850,25,18,40
af51d485dc5255ba2e18b21b550156e6,malas_acessorios,57,674,1,22350,32,74,53
dd1759836cc99a88be1a42bf6673abe0,perfumaria,38,419,1,415,26,12,18
e34c56a36fdb6854b10410b776c39442,eletroportateis,30,1792,2,3525,39,36,24
52c80cedd4e90108bf4fa6a206ef6b03,ferramentas_jardim,33,2188,2,7650,20,20,20
6fd98945d378fd5d76031095b1ba6523,beleza_saude,53,891,5,300,28,8,18
f382fd2265b83e4c7689c1a6dbf74ac6,esporte_lazer,56,176,3,2700,43,11,31
12dc5e5d178b930cf87cf16e812fc2d5,perfumaria,27,1280,1,125,16,14,14
3e4176d545618ed02f382a3057de32b4,malas_acessorios,35,468,1,1200,40,22,30
5c31001a08d64b7c60a58f6e5a9604b5,moveis_escritorio,42,2065,1,15100,58,28,56
c8bcb1f3775756d1cf29af0e65f4fb47,utilidades_domesticas,55,1319,2,2400,102,20,31
443686a203341f24c2cead2297359568,pet_shop,31,933,5,1100,20,20,25
d24c7932a5182750c209db9a91d209a0,cool_stuff,56,1002,2,4950,18,32,18
f819f0c84a64f02d3a5606ca95edd272,relogios_presentes,59,452,1,710,19,13,14
d7423500e1911ba5972c229b2fb974ca,consoles_games,25,2247,1,175,20,2,15
77f217636750a5d2e21017effe0a634d,brinquedos,52,1125,5,300,18,8,12
e3d56b75987accb32f776ba6c710913e,moveis_decoracao,24,268,1,1050,22,22,24
804276969fd6adfcfb9c9dcbce2fe8ec,esporte_lazer,45,982,1,4900,36,31,31
cc5c6bf704a4b642e8964b5b2dcdb0da,ferramentas_jardim,42,2052,2,200,30,4,30
20bc10f7f2776f8b2eb6b817d2df190a,livros_interesse_geral,47,891,1,400,35,4,30
de17feec1983829fec4bc58cadaa43f3,utilidades_domesticas,30,203,2,1100,32,14,32
7ddc9c0c8d8ff59c19050d36d2bdcb2a,casa_conforto,57,217,3,1700,30,20,30
306b0c58328826c0564cbc520787d508,cama_mesa_banho,31,209,3,765,35,20,48
a0f12db60a5019ce1a4c21fce1697574,papelaria,59,263,3,6150,60,20,29
b9ee7519d0187d2389af62ba6c612963,esporte_lazer,53,212,6,900,28,10,28
df3a82b424a1bb351c314547f6644066,cool_stuff,35,534,2,200,20,10,20
7cb2ff3193293db892fd5697aa99a19b,moveis_decoracao,56,297,2,950,100,5,20
485977d79fe47209050d22d220aaab7f,cama_mesa_banho,55,241,1,7625,50,35,45
75d67b030a777f5f1081b8830606abb5,moveis_decoracao,59,471,1,1150,30,5,20
6d2fde7d12bb6ff367dbda120ba8828e,informatica_acessorios,60,704,1,200,39,9,11
4c3ae5db49258df0784827bdacf3b396,bebes,44,304,1,100,16,5,16
73efecdfe04fa13599a99282cebf99ff,moveis_decoracao,57,108,11,850,40,8,35
d5faac00dfa98a995784493a3ea08a05,industria_comercio_e_negocios,60,1497,1,2000,30,20,30
c6bf4cdc2fc9ca1189d18f026d95af07,utilidades_domesticas,58,1237,5,5250,81,13,31
a4aa7c1427c31344e5f7cc3d839fe562,pet_shop,52,625,8,2200,50,20,40
4fce0eab61e01d521044c8b071cdfead,esporte_lazer,56,595,1,260,21,16,20
fcf6ad274391aea29f5d6e5ef9da5050,pet_shop,51,1592,2,513,19,15,18
3cc842aabeddd8ef0d633a10ef8a51aa,brinquedos,32,582,4,900,44,40,16
560ed840b584c6aef5c8959366dfd41e,bebes,60,868,2,12750,38,47,44
224037b21bfa8621e39c265513ee6594,portateis_casa_forno_e_cafe,50,345,1,16550,40,60,40
c4101d1b4e0fabda6c62a8074e92cbbc,eletroportateis,53,199,2,250,16,35,25
2e0ce433616916840a405d0853407af8,informatica_acessorios,48,407,1,100,24,14,11
56a2556592a309ac9f087be6ca82fbf0,beleza_saude,46,1138,1,1517,29,16,25
2ed52188df2df50745b4f6a9b0fa1c06,esporte_lazer,60,1423,2,6400,20,20,20
729e4dedfa3ed50a3fd4898b6f11c715,fashion_bolsas_e_acessorios,59,219,4,200,18,9,11
735413ccfa564132a231aad945ef85ad,esporte_lazer,55,342,3,300,22,15,22
952ef4ed720bf5d77f42712da90f2f49,moveis_decoracao,24,229,1,5300,21,28,21
f353779abb6114db5f8f79fbad12e375,utilidades_domesticas,63,3771,2,4000,46,9,32
0878b8484ae10e2ef355fac0690fabe7,bebes,48,224,2,8050,75,15,50
c80525a7dab2df6000ca88a2e7197323,beleza_saude,56,587,2,275,18,11,13
0369a47f7ad96df46ad8ed76767de8bd,perfumaria,56,205,1,900,25,35,30
23f91e3d76be3938bfad0ff292392502,automotivo,56,3213,2,4500,24,19,18
10876ffa7227a74d878729d3f6bea35d,pet_shop,46,474,10,2500,45,15,28
063d853b6d570a9a5d06e8e044658c21,esporte_lazer,63,1777,10,900,22,15,20
90d0df1dcc6b9808cd5f1451917e1ad0,papelaria,57,187,2,300,24,7,14
6f248e27719f6f299e711e02651b6df6,esporte_lazer,49,816,1,713,17,15,15
5fb8e63ae576fbfbd243c50c5ce74050,telefonia,59,603,1,275,18,4,12
b0c8da302d49498d2ce6be8c631e4e20,informatica_acessorios,24,401,1,213,18,12,13
44fded21627553d1886d459384bbce06,eletronicos,56,280,1,150,25,7,16
a6cef514bc1c722ff447863e87e4d77d,automotivo,53,1168,1,1500,105,7,25
a9f480bfc49f0b85e8394e1cdf685b4e,brinquedos,33,69,4,5700,39,30,29
eb3569b5cae58e2c6f616f86d3fcd507,moveis_decoracao,60,656,3,2500,45,7,50
2ce3fdcd111447e6190399ff4b7eb499,relogios_presentes,29,867,1,150,19,14,17
b192be433004cc1f10b467c0e9ea309b,informatica_acessorios,57,977,1,725,25,8,24
57d2fa6882b789ad55e86074398826c4,perfumaria,57,514,2,1500,20,20,20
a631c71e25f1ee728bc8bfcef5de3deb,telefonia,57,576,2,150,19,4,11
5e80fe2cee2f6de9a494047ed35a2fe3,ferramentas_jardim,63,1244,5,700,36,21,36
5237739bb5fee495dbd337755a138660,relogios_presentes,39,600,3,645,19,16,18
5c995522494b7e399aa98537516e1c20,cama_mesa_banho,39,276,1,1650,30,10,20
62f423e57a8c157d3877ee5867d7db88,informatica_acessorios,51,2385,1,50,30,30,25
bc3df33d80a595ba6d8bfe2212182bee,instrumentos_musicais,52,569,5,800,23,7,22
7d0b7e7fe3e96e047cacafa33a808bd7,cama_mesa_banho,49,120,1,750,34,18,44
a9c404971d1a5b1cbc2e4070e02731fd,,,,,700,35,14,11
96d80c8b6c6545a30eb5bdc4961455f3,eletronicos,55,486,3,213,16,7,12
a3f986f6c4400aa6545d224be435f812,climatizacao,33,451,1,1655,30,30,20
95bc2131ece03edd6623b82c80db02bb,telefonia,55,2129,1,133,19,5,12
dc2410804cf782c5d87dbcd201b74e9b,informatica_acessorios,44,292,1,1000,36,9,20
47cd48073d67f91f09cb5ef9496c920b,cama_mesa_banho,52,248,1,2584,68,17,49
2f02a124a827f65bfcc0baf443dad405,esporte_lazer,40,1686,1,3650,34,12,27
7fd93eccaf2d461cb6bc4bbd1aa91f1a,relogios_presentes,45,1527,2,600,21,16,20
20415eb4f2c37838abe474b4d601da86,utilidades_domesticas,51,101,5,7000,45,19,45
19501e8fc293f90acb1b233f4c02e1ec,cama_mesa_banho,50,327,1,1350,22,9,33
af1190b9fff9a3c0ea7bc29ef8dfd8c1,brinquedos,29,351,1,363,17,14,16
2caf3d5ea53377d4de079fdaf4ef13e7,informatica_acessorios,50,377,2,600,32,12,12
36c2fb4fa746273709c373f6d6ec6796,cama_mesa_banho,55,1714,1,6038,68,17,47
095fc85516c1210e6dbed95ed8041ee0,moveis_decoracao,19,229,1,1050,21,28,21
54f757fd2efc9fdaddaa3234ea537a2a,brinquedos,55,1201,3,500,16,30,16
eb9a3adbcce4a03f2ea0394ec01a58ad,instrumentos_musicais,34,188,1,50,16,7,11
77a399638eca91f6fa1a508a30e01565,automotivo,59,592,1,600,30,30,30
2d9ff06c8870a518f5f6909774e140fb,utilidades_domesticas,44,543,3,950,25,10,36
419538c5c0c21d892928586bee1ea16a,cama_mesa_banho,54,289,1,2900,35,9,34
23ed7a10a36c6f88a757a9c83df9ea20,perfumaria,31,329,1,471,18,12,15
30c01cc81c9eb80469371743813789cc,pet_shop,59,732,4,300,16,16,16
fdd4f5e099d232bbd0d1fca8eab34172,fashion_bolsas_e_acessorios,29,110,1,200,16,10,15
2f70195374f6c3d3c6542edf5bd17c8c,relogios_presentes,59,179,3,250,16,2,11
efdc6e0a04b68a8c329d485ab2bde52e,cool_stuff,37,936,1,400,20,16,20
55782ee5db5083e1e3bb2dbb054fdf49,cool_stuff,56,708,2,5400,42,21,36
7c898e0b8ea203dd94ba846627fc34d1,moveis_escritorio,33,1207,1,12650,54,54,18
62953ad36e6c894ce69fc72d9a5246f3,cama_mesa_banho,59,407,1,13050,45,15,35
82cfbad6a3bb123bb807f51078765a0f,esporte_lazer,56,405,1,5700,25,80,25
cc77b8a29a57a3506f7fd74c1117dec1,perfumaria,43,353,1,100,16,7,12
8a6187b2665118d5095f99a25fd7ba7a,cama_mesa_banho,56,275,1,1300,45,15,35
f4351f9cf9973a12b18474a9c44238a5,utilidades_domesticas,55,462,2,1600,16,35,25
878699846fa5ea02a5b41e59f7c4439d,moveis_decoracao,49,960,4,2800,38,20,38
06b6d4805b3659e45575c03e57cef6fb,fashion_bolsas_e_acessorios,29,204,1,100,21,9,14
efc92e405d7cee7066082c5c623a9f1e,construcao_ferramentas_construcao,53,328,1,350,44,17,13
6f3b5b605d91b7439c5e3f5a8dffeea7,relogios_presentes,35,640,1,335,17,11,16
25c38557cf793876c5abdd5931f922db,bebes,58,1447,5,15800,38,62,57
2820a0ee65a765e5dbb7ef1da30d2f4f,automotivo,51,2242,2,1525,27,23,24
5373e18844eec682770d139ba29cd32c,fashion_bolsas_e_acessorios,37,558,1,100,17,3,12
786248c98cab9ad5cccdb751909da1af,papelaria,60,339,4,200,16,10,16
5769ef0a239114ac3a854af00df129e4,telefonia_fixa,39,2493,3,750,16,16,16
1b28df0b54809d40f2bd2f2218c601a2,alimentos_bebidas,59,3762,1,875,23,17,17
e27e689c4ce425f2fe7e2a270fd4d2db,cama_mesa_banho,60,683,2,825,28,3,29
259bd66612b61aa4e82ce3cde9272bbc,utilidades_domesticas,57,970,5,250,16,4,11
bbdb487c5f9a780a6a574fe48ed37796,esporte_lazer,34,447,3,650,60,10,50
526e24e5c44ede53f4d3a7c10cf8bddb,moveis_decoracao,54,752,1,300,20,15,15
14555ba663de8689feacf1d0819cc3b3,esporte_lazer,42,660,1,2150,41,10,35
481aad97c80d6786a7c6096991003274,relogios_presentes,57,441,3,450,16,17,13
93469d43c0b67d96b6b9156ba384f78d,ferramentas_jardim,39,274,1,100,16,2,12
2d9b49aa7510c59fca0cca0e1dc0e0ca,utilidades_domesticas,54,537,1,1550,25,10,20
46f9a2eb5e76a8a39f88ba06e4e9fc9b,esporte_lazer,45,1246,2,750,40,10,40
349ce46a0e2e20054aa9d80c48af8816,construcao_ferramentas_iluminacao,41,971,1,1300,16,19,16
c6745a1ce132f8dc5f38829c6fb67eba,informatica_acessorios,39,1423,1,150,17,11,14
ee406bf28024d97771c4b1e8b7e8e219,cool_stuff,54,629,1,1050,36,24,22
6bc9ae87edf6ad4063076624b8ad0268,relogios_presentes,57,631,3,700,23,15,19
82b73150f90f4fef92913e35b9984bb7,utilidades_domesticas,40,545,3,2200,48,25,25
629e019a6f298a83aeecc7877964f935,automotivo,57,1166,5,1750,30,30,30
e187f69b85487c86a0da79e18ee51982,relogios_presentes,53,518,2,333,18,12,17
7bcf2266b78ccc737b8f26f925d3c5d4,perfumaria,37,1209,3,135,17,4,12
bfc0d01be79d9038c7720f983bf954e0,relogios_presentes,59,2852,2,950,40,20,12
8f40f0b0018b8f6fd449c4c0713e3118,utilidades_domesticas,62,1240,4,2900,53,15,13
db9f62e6fb453028d58b26fa46c56d31,bebes,35,408,1,100,20,6,15
4c1bbc12438daec98a77243c2bf7a3ba,moveis_escritorio,24,985,1,15475,81,7,83
cec6b4ac0968c2cb31bf465a834aa831,beleza_saude,39,1705,1,513,18,14,14
a7be9caca74a79278d40cd95bca4531b,perfumaria,37,487,3,400,23,2,11
cf9ffafa00d206fdfbd68c1e42bd5430,eletronicos,49,249,1,200,25,7,16
9b8bc17a236d09185c2101d0a02f8487,cool_stuff,63,1406,6,1250,31,16,23
1302fd16bdfe85e523940c846370ef2c,construcao_ferramentas_iluminacao,31,309,1,13450,95,30,20
e5178e8bcef1146c07bf05c267ed1729,cama_mesa_banho,53,637,1,1600,32,5,29
4244733e06e7ecb4970a6e2683c13e61,cool_stuff,58,598,4,650,28,9,14
57e1815b050566a793e010162f765cdb,beleza_saude,52,173,2,100,20,15,15
e4ca5b20cfe1a020e15e36fe14e880ee,eletronicos,46,331,1,125,20,13,18
c19d5ba108c34b8255cf9a524da92bc4,informatica_acessorios,40,413,5,150,16,16,20
616042729c11849827291496b18e9ec5,esporte_lazer,45,891,1,300,16,16,16
b046edc1f57292dfae7c3fa60d30ccc1,informatica_acessorios,47,492,1,250,18,9,16
e95fb3a80ca294f39de925b6428f3a32,cama_mesa_banho,29,263,1,1300,33,9,38
b59b5899ecf4bcc294a72fdd48adaa94,telefonia,55,419,3,225,17,6,13
9b79fa6654cc0c0440fa9a1f52d2f248,perfumaria,59,1295,2,600,19,9,14
b2572a992f6ea1d1a7eb518d54e64620,moveis_decoracao,26,669,4,3600,26,24,50
81825b8f118d301ef4933de64545b307,utilidades_domesticas,60,402,2,10100,31,61,31
0b0918a3b5efe0c8ea609a26b14e1bff,telefonia,60,752,6,300,17,4,12
f9259c9e7c0f12c70f7a81409680a5ff,esporte_lazer,45,407,2,925,52,21,33
0ad9bbfebaadb488b2fe87504b871c88,utilidades_domesticas,52,402,2,800,26,15,16
dad26ceb001cd2ad238e30d744bd9aa2,esporte_lazer,47,2554,3,1000,30,20,20
88bd8458fdc2ceec3e71ef1d867a7b45,telefonia,42,260,1,175,18,4,16
b60856ce32d90658dbf99b9485327c25,eletronicos,40,429,1,150,25,7,16
89321f94e35fc6d7903d36f74e351d40,alimentos,59,982,1,150,17,13,13
6592908f0a4f6e2de91310126cd1b08d,telefonia,20,538,4,189,17,15,15
32a99bb84ae79a55c0e446afc9310e1e,,,,,200,16,2,11
816c0585d491ed8127cebbb3dc7c89cf,brinquedos,50,1198,2,6000,65,25,35
7185389e32acf9c5c5f61e6a23c0ab3a,cama_mesa_banho,49,1077,1,4500,26,26,36
75c06ee06b201f9b6301d2b5e72993f8,perfumaria,54,939,1,50,16,5,11
c28d0e4df4c6507137950f31b9bed1dd,construcao_ferramentas_construcao,58,721,3,8250,48,14,47
58d412a7724e865ba73ae3b5b27bf481,fashion_bolsas_e_acessorios,56,283,3,100,16,6,11
b69eb25e3a4def8e9cddee18712e0c5e,cool_stuff,59,993,5,7750,34,33,33
25f86162fee18735fffdb762dcb10d7c,cama_mesa_banho,58,2400,2,10800,54,27,36
1a6f6c1a25598378fea659d719fcdc5c,ferramentas_jardim,57,1589,2,2475,38,38,18
ad2037645597db38527fe3afbe226af2,bebidas,48,886,2,850,22,17,17
11a0fdc4251f15bb96dbfff7ef5475eb,moveis_decoracao,59,2007,4,2850,69,11,11
1eb85357e22bf0c8c2a6f10eafad8423,consoles_games,49,496,2,700,17,7,17
49edaf05a81224abe21b929ea492ccf9,esporte_lazer,50,906,5,4375,42,26,33
d84895a804248d73a16480c0b2e18604,esporte_lazer,47,527,1,1150,26,25,23
dbd91d7511ed7f4e61be3a191082644e,perfumaria,39,586,1,567,20,13,16
774ea72f37a7fbf1fb32b973a18f2348,construcao_ferramentas_jardim,47,886,5,5050,40,16,50
e1c6e79822274bf6763eb127ea3a15ed,moveis_decoracao,63,1703,1,700,60,11,11
06bf70b6e1d67d96308235ef350edc61,brinquedos,48,284,2,950,105,10,11
6971a132d48181b7060704b73f3bfed5,cama_mesa_banho,60,405,1,1650,36,14,42
aa6746e94490239d3d9ee6ab89779aba,eletroportateis,37,90,1,500,16,35,25
cad2db5e318d7283a234c517b2f28a42,cama_mesa_banho,60,259,1,1600,30,5,30
89b121bee266dcd25688a1ba72eefb61,informatica_acessorios,54,1169,1,150,16,16,16
6e77b89d36e50217e6793780a8ce5c82,telefonia,60,777,6,300,17,4,12
abc3432ff825d8e524db1d4eac6d2099,telefonia,54,713,4,150,17,10,13
704706b137a32978f55b31f47aa806b5,brinquedos,46,384,2,6200,54,28,20
bf35317e81a1e1477a2256328bce9e9f,perfumaria,53,1580,2,300,16,10,20
5f09b4a957ee45628820bf10056a1041,utilidades_domesticas,27,139,1,900,43,4,15
f282b8032570cf3ce692b8ea7e1b6c53,bebes,40,470,2,8350,44,32,35
264afa6d3b31bde30f0f2693c84795d9,beleza_saude,55,1264,1,950,16,16,16
7d0e0214a0852cf0c90032c7992cf27f,market_place,51,144,2,125,10,9,11
95f04ee255992d18cec1e3df22f82a6b,esporte_lazer,56,359,2,700,30,15,25
2f178dc91b792930e1ff40a77a123506,telefonia,55,588,2,369,15,13,13
4a25d757ff72fad7534f478c90be77e6,telefonia,59,751,6,275,18,4,12
d1a7965ac8d6ae62c9c1984434227cb6,informatica_acessorios,45,663,2,1100,30,30,20
b425dc9d3b678699e36a62753d0f51a2,esporte_lazer,47,558,1,969,24,22,17
6ff1fc9209c7854704a4f75c9fac41b4,agro_industria_e_comercio,59,489,2,233,16,5,13
664085fcb2616db929da15dc9ac204b4,telefonia,58,818,6,350,17,4,12
980036ff323e235a27b7999d343a8990,cool_stuff,33,703,9,600,16,9,11
79be3804af052f5d6a473dfdeaa38f06,informatica_acessorios,59,164,2,50,13,9,11
3f14d740544f37ece8a9e7bc8349797e,informatica_acessorios,44,655,1,321,19,14,13
c50ca07e9e4db9ea5011f06802c0aea0,beleza_saude,59,1782,1,125,25,14,18
01bacce2c74317ed2524bcaabae2e9d4,utilidades_domesticas,40,196,2,1000,38,39,38
4fc5968ccd1881352d73d321e174df9a,moveis_sala,42,336,2,10850,73,34,22
fd1446e03cb63518fdc2d2e91f6208b2,papelaria,53,175,5,250,24,7,14
68c923fddf7f83316b53252eaf830724,cool_stuff,33,892,1,1000,42,25,15
ec5b3c8bb77ad22278f6e9d719a83de3,casa_conforto_2,46,348,1,700,65,18,28
6d43aa08ee344527fc3e86b90cfd2379,brinquedos,54,66,5,1000,20,31,30
6463e442310f2f4f321c83a32d8c662b,beleza_saude,42,920,1,350,19,10,15
b10eba910a974df70b8a12d0665cdb9e,cama_mesa_banho,46,246,1,550,51,4,41
246d85d18978e56d249ebaf657bb44bc,cool_stuff,33,677,1,1650,42,25,15
914bbf1d7b288975a3a7ad2d004f7c3d,brinquedos,20,406,1,1410,31,39,36
d2d39433df84064b1556612cc52cefca,relogios_presentes,54,199,5,250,16,2,20
4501cf8b9a1915bbfb91d227cd2f1c7e,pet_shop,55,1002,4,1200,41,16,27
7bf115809ab249f1bf0fa92d72e0baf8,informatica_acessorios,39,701,2,100,36,9,11
ecbe1ef7e2903ff8b1d704ba78fa264d,esporte_lazer,47,920,1,902,19,21,16
eebbed5ed3b134eceb717496c47652ba,cama_mesa_banho,56,111,1,1750,30,20,25
8a0c7c7b32d023b5c6cefe93d16e4a99,,,,,2500,59,35,29
394b16cd32e9f883365dd7ebac4edbe0,eletronicos,53,377,1,150,25,7,16
009af1277432f1a05742df69cdf72d1e,brinquedos,58,916,3,700,20,35,20
0bea71972d0b439ab810f57a803344e2,utilidades_domesticas,46,329,1,16800,30,60,50
ed5122a6a757a4fea8f32a6fb95a5135,cama_mesa_banho,25,250,1,1938,48,11,41
9ad75bd7267e5c724cb42c71ac56ca72,cama_mesa_banho,60,259,1,1225,35,15,38
11250b0d4b709fee92441c5f34122aed,agro_industria_e_comercio,28,388,2,3000,30,30,20
651ddf320f742699115641fac3e69bc9,esporte_lazer,43,1379,1,425,17,10,15
0b0172eb0fd18479d29c3bc122c058c2,eletronicos,53,265,2,150,22,13,15
49ac91bd3a26d57c4c2a46e66977e69f,esporte_lazer,50,906,5,4400,42,26,33
026d610705e01d905582241e68aefefe,papelaria,52,96,2,500,20,30,20
6eda94acf0ad08a1bb12f10aef74767d,eletroportateis,47,636,1,1625,17,39,18
f3ccdb9f9c7f31e0efd626e9110b85f5,artigos_de_natal,59,300,9,1800,40,35,40
33a556a744bc9ea4e216c3990d352d03,telefonia,59,818,6,350,17,4,12
193cea27ec2ebc61c91cf7dd70420fad,cama_mesa_banho,52,289,1,4400,43,15,39
dea1ae8abcd2a440ab30613558fbfc66,moveis_decoracao,55,440,1,2500,40,7,30
ba16581014183c8415da15145f3d4c24,moveis_decoracao,45,1563,3,9050,95,45,20
c4d513d82ef46690cc4bedd562795aa3,beleza_saude,52,983,4,1617,24,27,19
f908d3bf313a1308bfb2a46ea2685347,brinquedos,21,587,2,100,20,20,20
d6bbda35f0b8505c2f824f1d90295855,brinquedos,45,317,5,250,16,7,11
99e71b776debf2f01a69dce207e3e4f8,perfumaria,52,1891,1,250,16,10,11
42fd6f72ca3e6f53b25d7a19b0536630,construcao_ferramentas_seguranca,34,1195,2,1350,29,18,28
a819714dd23a6ac18b1be2b13686017b,automotivo,54,393,2,100,17,17,17
6c3f9c870ff6e96ad4f4511602078fb0,malas_acessorios,59,318,3,5750,17,48,42
cc971e0365873137b8bef2ebad633e6f,cool_stuff,54,1001,1,2400,42,25,15
2948658cb6abc82847412be7201bfc4c,beleza_saude,59,1030,5,3500,36,25,21
84b28e3bb08a928eb998111b29adf0fe,bebes,48,536,1,14450,61,33,43
3fe46d73f7527ad59e36c21c3e783041,consoles_games,58,1099,1,900,30,30,40
7c1e2b3fa0233e46fb3bcdcb9919a72f,papelaria,24,853,4,3150,53,4,43
ce9b5e2f3503d1142f9c9866db452633,utilidades_domesticas,53,335,5,1800,30,50,30
7612afaa8218e79b3011243ed9edea9c,esporte_lazer,53,1135,5,3450,40,100,20
d7238572bdd6dc8facf58ab8f0e3cd29,telefonia,36,343,1,150,18,4,11
b791d5d05f0c974d148d358efcd21d84,cama_mesa_banho,59,1092,1,500,16,20,16
d67212d63e76d57ee86cec463681f842,automotivo,44,123,1,640,16,11,14
96ff741d2c7879406ec3054d6b2a11c8,relogios_presentes,49,578,6,200,16,2,11
5a419dbf24a8c9718fe522b81c69f61a,cool_stuff,53,537,2,1800,34,5,34
e940125d0a3c309f58f41cd21e39af06,eletronicos,55,287,3,10550,30,105,20
9c6754103e603fdc289f1b1b69c63631,moveis_decoracao,59,456,1,300,35,5,25
ba230fc7bcaa2f503c46d73098caeb66,eletrodomesticos_2,58,722,1,18250,45,95,25
588531f8ec37e7d5ff5b7b22ea0488f8,pcs,55,3611,4,2750,16,31,39
cc62ab8550303ced5351594a4fd87884,beleza_saude,53,1228,2,500,18,16,14
0da9ffd92214425d880de3f94e74ce39,construcao_ferramentas_construcao,33,449,3,10900,39,12,42
5bf0a3751ac1a1c1253ef97a027b8c13,alimentos,33,536,1,600,16,8,15
47ed478ee7b2696c2c49229fcad56e98,perfumaria,55,556,7,1800,26,26,35
fa11ecd35f999783e96ac500532d9d45,cool_stuff,57,1023,7,7150,79,5,63
c389f712c4b4510bc997cee93e8b1a28,malas_acessorios,41,500,1,2965,41,27,34
40e8b425d1a26e2d9cb77363523e05ce,artigos_de_natal,38,1324,1,4500,50,8,45
98f34b46fd3c8edec3b0e453e0095e77,informatica_acessorios,36,835,1,150,16,2,11
7ab21257ee876b3897bd55046d3d81d3,brinquedos,44,1450,1,683,31,25,24
a4756663d007b0cd1af865754d08d968,portateis_cozinha_e_preparadores_de_alimentos,60,1304,4,650,22,6,14
18290697e1929309b3195d2931c91b09,automotivo,50,750,1,2313,45,11,32
a9fa0428bc677ac4d0a948fe2982ad1d,esporte_lazer,49,409,1,200,24,5,21
d322eb25f02924adba73e58dbc36b29c,relogios_presentes,34,494,1,300,18,9,14
fd4a96848f84ddaabcdc5bdbf831a194,informatica_acessorios,32,604,1,350,16,10,12
788a4c7f064e9ac6d3e9900512825aa5,fashion_bolsas_e_acessorios,57,463,5,900,30,10,30
91b08d34d0ba4db44da2dc382867ba49,telefonia,47,137,2,100,16,4,11
fb2f2ec90b4ee90ad257bbf89d01247e,cama_mesa_banho,44,629,1,850,16,10,16
6413f7a28e149a324c4a914000399fb2,cool_stuff,53,629,1,975,37,31,17
fa28f114992077c601cdb9810c5108a4,utilidades_domesticas,58,605,1,2500,33,31,23
f1b5bab9091189a35c60f52afb5bcfa0,esporte_lazer,52,354,1,1223,32,25,23
9ed0c78e13f71131885275746cc69687,utilidades_domesticas,59,1201,1,14550,43,62,41
c6e3c9a59b663e36a8b95b2dde81fa33,esporte_lazer,30,451,2,1300,30,10,25
15c2f1db81672725401439acc4872622,utilidades_domesticas,39,403,2,2500,48,10,35
1a366f773e013eb49126f79154b769d0,cama_mesa_banho,53,831,4,550,20,20,16
913eefa4eb54c8a9bcb9871dfd94a0ca,ferramentas_jardim,28,634,2,400,20,5,21
e5bd04e8e3cb77f1a49404d588d3e528,cama_mesa_banho,46,348,1,600,26,2,20
cce679660c66e6fbd5c8091dfd29e9cd,cama_mesa_banho,43,125,1,250,40,4,30
90aaf7f993470e411207adabf5b998b6,informatica_acessorios,34,1727,1,50,30,30,20
93492b51618a093d88d0616985f0c6cc,moveis_escritorio,59,1217,6,2150,16,26,26
d7cdea99e6f50310c242d02f16f1f63c,relogios_presentes,41,359,4,450,23,23,20
0a57f7d2c983bcf8188589a5fea4a8da,relogios_presentes,33,932,1,396,18,11,14
6978fe95a5bf7452bfef0fee43f55ce8,automotivo,51,176,2,767,15,5,10
288dbc06591742c5d7fe90fbfb08943e,moveis_decoracao,55,1130,1,3450,43,18,22
c1aabbb6f4caec9f5bf7cd80519d6cc0,livros_interesse_geral,25,413,2,400,24,3,16
48b099f6925c19d46ed5f013267681c2,cama_mesa_banho,55,134,3,650,27,10,23
25b569d22d25020f8a5d52f8ad129b14,papelaria,41,308,2,300,25,10,19
7d854ab97c64ef9df2bbfaf332765786,cool_stuff,44,598,4,4100,89,4,42
7d39a5380ff19ab4ac1facc7dcd05480,esporte_lazer,57,859,1,600,30,5,15
a4f46aac5fc5e88c9701aa860c2a957c,fashion_bolsas_e_acessorios,33,365,4,800,30,20,25
4b6b3a7072d549354c3743dedbf4170a,relogios_presentes,60,160,3,350,16,2,20
be461173f378f9c404bb6525d089c195,telefonia,60,1170,3,200,18,6,20
ecbe401f10ecd3b822d940d63cc3311e,eletronicos,60,915,4,700,16,7,12
c94d19d021d4a8fbae5a45f904aeea90,moveis_sala,34,612,4,9750,27,15,92
4bc3ab2ff016887e619e587a993af3bf,relogios_presentes,44,516,1,500,20,11,15
3d74d787086b0e22ac320ae43b240aea,cool_stuff,57,1003,3,200,30,20,40
2c1cc48126c2bdca9e59a300ade4f1c8,brinquedos,41,515,1,600,18,13,15
8ce0b48cdcc4b753ae4de64497998338,telefonia,52,1371,2,600,18,6,15
657247f6f60543b93e3cc708a8e6329c,malas_acessorios,53,526,2,18050,75,20,50
a7c73814e6894bc049f7aac7d37f7175,telefonia,54,883,4,300,16,4,20
4debd977b5bc245487ec61b7961b16e3,telefonia,59,506,3,650,19,3,11
62644f19deb898e43ebdcd29ff3d9361,cool_stuff,60,594,1,900,28,20,20
9a7c0784b8058269d176b3089c946ed0,cama_mesa_banho,54,629,2,900,16,10,16
0f80705139ce16ea35bb489987399b55,brinquedos,49,216,3,550,30,20,20
9d6a788ceee3a2c4ef57a459d5a202eb,instrumentos_musicais,39,678,2,13600,47,38,35
55ba658d5c2f0b1f118f98c36fe3fa04,brinquedos,63,2136,1,200,16,2,11
d902ca64b614964dc31d6b0372e800ac,moveis_decoracao,56,297,2,750,100,5,20
ead72457c58dcea14f94c2223c684716,esporte_lazer,51,2050,1,50,20,16,12
802c5db7d7c05d87d41f83f6b0f19e34,beleza_saude,29,755,1,1350,25,25,20
75b317dc3a4d186a05953668cb82ec66,utilidades_domesticas,45,192,4,375,32,43,34
9f1c3e71d56894398a42b050b07f1baa,cool_stuff,25,176,1,163,17,11,13
7c55ea4aea1acf1ce11440010f5aa298,utilidades_domesticas,60,1800,7,9900,60,50,20
34157b9ee376927e58c66e9a69cc8704,pet_shop,48,701,3,850,45,30,30
cfb763496d9fc48751a27db4fd02aa2d,cama_mesa_banho,38,168,2,350,25,9,19
d17fe0484ccf901623bfbcae6ab4aac8,cool_stuff,48,272,2,500,71,2,13
e5f2d52b802189ee658865ca93d83a8f,pet_shop,56,239,2,30000,50,30,40
03bb24d19ea7449ce170e0888d830707,informatica_acessorios,53,148,1,910,32,14,15
67a7c7243c0585ccc44471b5a5c115e9,automotivo,58,288,3,20650,63,63,40
0fce35c0b7338bda3e52e2389f0c0762,moveis_decoracao,61,157,9,3450,41,15,25
fdb86e192fdd20037175daab38af9656,beleza_saude,50,1410,2,800,28,5,18
2bfc998cf625e54b2c6447bfc7c18cb4,utilidades_domesticas,38,946,2,3650,61,11,38
ab495f166205a883ffe5ab0b5b55f867,eletrodomesticos,57,631,1,30000,62,73,63
d95767fa0df02e36e44e71e86a07af1b,esporte_lazer,52,778,1,300,20,30,30
19fee5d5b066841b45bc3e97832fa654,artigos_de_natal,27,341,1,200,16,48,11
c0380894bd866c75c47c00359dde5bd9,fashion_bolsas_e_acessorios,26,320,3,100,16,5,14
5d7c23067ed3fc8c6e699b9373d5890b,fashion_bolsas_e_acessorios,54,151,3,250,16,2,20
9b1c7bc7cad0519369a5ea04afe303f7,moveis_decoracao,55,829,1,800,34,8,22
ac8e7cf3a658f63dc68dd7f3b8b5f97b,esporte_lazer,54,3481,1,3100,30,24,24
331a9e69c95aad991177b0f1ef85a261,beleza_saude,39,460,3,800,25,6,16
561cea7963070b5a99b20b962862a0e1,utilidades_domesticas,48,211,2,450,35,15,13
46e24ce614899e36617e37ea1e4aa6ff,beleza_saude,58,549,1,30000,55,75,61
8b45810da2ef9860496d56f62435fc40,cama_mesa_banho,51,626,2,800,16,10,16
209699610264262664b7357184f3b83f,beleza_saude,40,802,2,200,20,10,20
0c71252f37443403376d2008034a7240,pet_shop,41,947,1,156,18,10,14
95d8de3420cf92ad4824b588db2604cf,fashion_underwear_e_moda_praia,47,360,1,400,32,4,14
cedbdbe58192cf6de6833ae9c4edaac7,brinquedos,43,509,2,1050,25,11,13
e7dceae66fa56a4b4c9d62e72945b17d,,,,,1150,16,40,15
84bc1370758fa98d08afd0180818217a,fashion_roupa_masculina,46,1208,2,1050,31,22,33
46cf6ca1bc419149e40e461be15b92c9,pet_shop,53,593,2,7150,35,35,35
08bcc2d85da3a9c0e2ac1cc28b67418d,livros_tecnicos,38,3543,1,350,23,2,16
1706d1bb420e7ef2404270b38e937fbc,informatica_acessorios,39,95,1,1000,30,20,30
e5f20b4eb944eaae0a13bed3187201d3,construcao_ferramentas_ferramentas,42,336,2,893,18,14,13
af69caef8804ace46d262381e80dd523,eletrodomesticos,53,84,1,100,20,13,15
1bfb290d7273a442c874dbe74b4abae6,moveis_escritorio,19,883,1,10075,55,64,26
5b59b0c94f8e31d14fe89dbbfda3df6c,cama_mesa_banho,51,448,1,700,45,8,40
a4a8ee739d3d5afba72490f748dcd0da,esporte_lazer,55,472,3,6700,35,15,20
78f29023586e374cdc3773ce0af6bd2c,construcao_ferramentas_construcao,46,1148,1,2100,16,29,36
d2dd1fccea4ec5f81de1d28fe63e3909,telefonia,49,399,2,200,19,4,11
137e9ec1c850527fe02f316333848d59,ferramentas_jardim,57,477,5,1100,25,10,25
16679d68bdbed3fb97af806424d7f2b7,beleza_saude,60,2936,1,83,19,15,18
73a79a46f21913c65ebb8071f480ee11,brinquedos,51,730,1,500,17,16,14
32e18e89237933ebdaaebd78a27e7fa1,utilidades_domesticas,48,464,1,1400,26,41,26
06c6e01186af8b98ee1fc9e01f9471e9,informatica_acessorios,53,144,2,200,25,5,15
d0349534ab9b46b98d13a53051310f24,informatica_acessorios,37,288,1,300,30,7,20
036bcd084feae22f3a997f5080ec30df,moveis_quarto,61,1961,1,200,16,2,11
adda822b6a549cd98b20e557b88d230d,alimentos_bebidas,56,757,4,8800,35,30,27
ba9f160a6ae1c23f25d690fd06fe4fd8,brinquedos,56,707,5,7050,20,62,35
6a31191d5ac5852b0478f6e245ac5b02,utilidades_domesticas,51,948,2,1250,28,21,29
3b91132e7eebaa17b615edbcdb5baa8e,construcao_ferramentas_seguranca,45,1312,1,700,18,23,19
d950ce1f38b6772552be4523baf94c7a,beleza_saude,58,2022,1,1400,20,16,16
49bfa76ac7062b8b5a0bf9601623d612,eletroportateis,40,491,1,450,27,11,15
b1688f579e9213539ee21cf15ac4382a,telefonia,60,747,6,250,17,4,12
d42c1eec0891869c034f031ec9b81ecc,utilidades_domesticas,45,711,1,5900,25,60,25
64dad5d113076a6e59a39108fcfe1385,brinquedos,44,212,1,150,28,2,26
da6f9d8ce4950ad572b7b4fe7d7e6c90,beleza_saude,46,2184,3,275,21,3,15
87716aafd7c6269cddb3403f85e4102e,utilidades_domesticas,32,84,2,515,39,11,25
78304982b107fb026e5e9a4a1f48acae,cama_mesa_banho,57,2480,2,1950,43,8,33
cc7d8d232e6f5f27b70be81b68e27d6e,cama_mesa_banho,60,298,1,3200,33,8,40
a910254bb741f98d6d98a8286d66d14f,informatica_acessorios,50,1339,1,300,17,15,15
1b8ee158f59c098470fad33f39660964,moveis_sala,32,327,2,6200,55,14,47
a76d6212f99d1253fb7bcfe02ce87d8a,eletronicos,32,376,1,200,25,7,16
d017a2151d543a9885604dc62a3d9dcc,fashion_bolsas_e_acessorios,59,93,7,250,16,2,11
2b3b11d70c32fbfc8e850fb68985a000,instrumentos_musicais,57,578,3,1965,51,44,11
a703f5ade6e4fae527357132230ea778,beleza_saude,57,1271,5,225,45,10,14
5d6bea33648f018dbb563f3a2fab09f3,moveis_decoracao,53,616,1,4000,30,35,30
a71f57831a39fd421d4dd2cbfbbcf9f7,beleza_saude,46,815,1,233,18,5,15
e1fad996d18315862e15d09446c5c65d,cama_mesa_banho,51,572,1,6750,30,20,20
42f61cf5c925b4e7fad27faee993c145,telefonia,56,530,5,300,17,4,12
61a4100ccd6d9c4c808a1fd954ddb8ad,eletroportateis,60,3839,4,1450,24,24,24
437c05a395e9e47f9762e677a7068ce7,beleza_saude,40,409,1,1110,19,11,18
aede48631330269f65a8d680de491657,malas_acessorios,45,573,1,1400,48,10,33
a0eef953cb25bc9ae40457e1c3c82946,moveis_decoracao,52,1559,4,700,68,8,13
1522589c64efd46731d3522568e5bc83,artigos_de_natal,35,415,4,550,37,10,37
9446c80fe62e667a43387750f8a8f6d0,automotivo,54,376,1,1200,85,15,30
fafb498dd2f33cbb55cbd0f7d7706047,beleza_saude,55,537,5,150,19,11,23
9da0bebb7f9168679e748abbfad05edd,cama_mesa_banho,50,147,1,450,40,4,30
3bdc89e963c6651b8af38ede485cc82b,utilidades_domesticas,50,387,1,25850,38,79,49
90dda54c56237884d05cd6102eb0ab25,utilidades_domesticas,49,465,1,1900,36,35,29
47f699d9462e071f977f612be2b5b67a,beleza_saude,44,1400,3,1350,41,21,23
ac7e981115ad47f0e051f1b8b97e73b1,utilidades_domesticas,42,241,2,500,30,30,30
4c42f0c72caf632a20df25562451c1a8,casa_construcao,56,1504,2,1160,26,18,19
8ec7eb9f181b55edfe7d45092c37a3ef,beleza_saude,49,913,1,400,19,12,13
9590794c4ad7475e1fa368c491c0dbb6,moveis_escritorio,33,432,1,28100,73,85,28
817e1c2d22418c36386406ccacfa53e8,moveis_decoracao,37,267,1,2750,50,50,16
8b41f2becf919f6177cca1ff15dfd311,livros_tecnicos,41,1362,1,1550,29,5,21
ebfac003d90a5ca445e217728f4f3755,bebes,33,339,2,1200,45,11,40
ee3d532c8a438679776d222e997606b3,informatica_acessorios,43,452,1,360,19,18,15
ee14580a079d31644603ec91e37c7ed2,perfumaria,55,144,2,100,25,7,11
b6397895a17ce86decd60b898b459796,ferramentas_jardim,43,1134,1,1400,27,9,11
0e52955ca8143bd179b311cc454a6caa,automotivo,54,1115,3,700,16,5,11
e7dffcd8a3257cf9f6644b7d30eaf727,relogios_presentes,55,1355,5,500,18,11,14
3e31fd1419cc4cd6adad1925e72e3a03,cool_stuff,52,1170,1,400,25,10,11
48f866f20b5b6015a324210988e73387,cama_mesa_banho,52,251,1,1850,45,15,35
6a23c2eb9acc78f8ec403be9c6210dd4,moveis_escritorio,54,1094,1,7513,53,62,26
64d67d69ec57113ff99bbaab62ac1c53,automotivo,55,3357,1,2250,16,25,11
944a8fa6055b8213f9e715720d4e2d5c,cama_mesa_banho,55,273,1,1100,38,10,38
a42d9c825894f96fc6ed02610891454d,esporte_lazer,57,1176,1,2200,16,11,11
27fdfad2c6a8f91606eb41ea396785c6,eletronicos,39,410,1,200,25,7,16
02ce467092b184e71d3967d29110adc1,moveis_escritorio,40,1187,1,12275,40,54,38
ad88641611c35ebd59ecda07a9f17099,,,,,450,16,7,11
2fe0cccc00239f01484b97ba65408800,cama_mesa_banho,56,500,1,967,28,7,30
83ca77d87b187321faaee535adbce26c,climatizacao,47,781,5,5300,26,26,56
de64d6bf725afcae6b5bb5f3304646f3,esporte_lazer,53,895,1,700,16,16,16
4c77d14c542fcd857dddc3df2e82329c,perfumaria,51,587,1,267,16,6,11
826a5fa766c1c7241ffe63a2f3774d0b,esporte_lazer,55,659,1,475,35,21,30
0354c6a8cb8961e29b70e564b93861fe,ferramentas_jardim,59,2407,1,400,38,10,25
67d4137622a3e1586ab26438993b898f,consoles_games,43,488,2,100,18,5,15
d41a53937c9fddcd3aafd96be7d4f345,cama_mesa_banho,60,554,2,567,53,4,40
367e3cfe13596a0efb512e235e40e754,cool_stuff,48,1031,3,1050,55,18,28
1531b09bff3fb016e5f0b4435b643672,eletronicos,45,676,2,500,25,11,18
c19965667589410161de452ee07d33af,instrumentos_musicais,42,568,1,1350,67,10,20
ff5d87897ed26d564711df324b98ebee,relogios_presentes,49,443,2,350,19,13,19
6536314c94d43b787fc1c622941da14b,telefonia_fixa,42,309,3,100,19,3,20
41db6d8062fcd38410c699743ccc0265,telefonia,49,1438,2,125,19,5,11
1ac8f5283525f67f04345f07c167ba80,informatica_acessorios,45,165,1,850,36,21,21
68bf2e76db1d8e846042e54da87399ca,cama_mesa_banho,55,743,2,6850,59,22,37
96ed3b4b62790bd962aac0b317109be4,moveis_decoracao,29,1720,2,600,30,15,15
008cff0e5792219fae03e570f980b330,esporte_lazer,59,1735,5,1550,40,20,20
26dbcaad027ebbead6bb387c7d68abca,brinquedos,33,570,2,1300,16,40,28
c9c455f9fd8ca66d3ff7f90a249753b4,esporte_lazer,63,1599,5,500,25,14,22
4535b0e1091c278dfd193e5a1d63b39f,livros_tecnicos,52,1192,1,850,29,3,21
1a657b37e6e9a1ad8dfc98c1820a3fef,pet_shop,44,316,2,700,20,20,20
ce066f4a83649651549d717c9b566816,esporte_lazer,49,831,1,2300,20,20,20
a5ae8400fc9fcacd4af585a57bbf264a,pet_shop,57,747,2,1150,40,20,30
f9f260f8a0d16df18bcc7248495d779c,moveis_decoracao,54,530,3,400,50,3,25
4ce9ab528124f89e091b17d11aa2e97c,informatica_acessorios,54,222,3,500,36,5,15
9453bde60c4ee52155c963641736cfc5,beleza_saude,44,1056,1,750,30,30,30
76ddffabf65608c9e0cfce92e390a193,fashion_bolsas_e_acessorios,16,115,1,200,16,3,15
04601b648d7d2dcae6e285a41e276a3f,brinquedos,57,328,1,1775,31,21,21
b44076f8988fe82b676a754e798ab0f9,papelaria,50,189,2,1500,60,20,29
ccadfeab525a9eb1569983b66e5075c4,fashion_bolsas_e_acessorios,35,920,7,100,20,2,25
c155f6ba0dae0f11299f1e33fafdea65,esporte_lazer,58,1678,1,5800,36,31,31
b76364870c38ddd7dcc9dd9ab5abeeb4,eletroportateis,60,569,2,1200,25,20,20
457d976782cfef787ee35098bc9e4624,esporte_lazer,50,482,1,140,18,5,13
d99a9035db5875b38e59f9f55b9548f1,moveis_decoracao,63,157,3,10100,64,8,64
35bc6c77029697004675d3a2ce505916,informatica_acessorios,36,327,1,610,27,12,20
5c6a3e484e7aebf406c2045718dea406,beleza_saude,49,451,3,1150,42,11,12
1bfe62f326ac7bec0f5a83c10cfff228,brinquedos,47,74,2,5700,39,30,29
71fa3ded050dac9c89b71383bbe4df76,fashion_calcados,40,303,12,400,29,7,16
0152f69b6cf919bcdaf117aa8c43e5a2,cama_mesa_banho,40,116,1,250,40,4,30
6ea7a562f5a6249001ce232582060265,beleza_saude,51,1672,1,200,23,24,20
6a595ba787e397469b1a147508f361a9,automotivo,57,1553,3,500,16,21,18
03ff4bf1cbb9b00aca270dac77757582,casa_construcao,57,159,5,250,16,4,14
e8f48f7c1f715c4178d57c50dc622da7,papelaria,32,527,1,550,16,4,11
8317b177579dd27ff068b83205e2169b,cool_stuff,43,465,1,400,18,12,14
cac9e5692471a0700418aa3400b9b2b1,bebes,57,2440,1,375,29,14,20
36eed9a4d7d8e8ef649fa2371ec6eacf,utilidades_domesticas,52,709,2,1700,35,10,35
a28d469a29d93b4ec13ce26150184e34,consoles_games,18,783,1,150,18,19,16
734be9836ed8115f981a072369c2516c,cama_mesa_banho,51,242,1,2700,37,23,35
4089861a1bd4685da70bddd6b4f974f1,ferramentas_jardim,44,152,1,1500,27,6,23
200b6dfc80a2ec5fee97a72da6589698,papelaria,53,227,1,400,16,29,23
055cf0b2191631209c21bde8d353c7f2,cool_stuff,46,537,4,2600,30,10,20
c8e7c2ef329fcda4a233e7e2f8bb8b7d,utilidades_domesticas,58,1245,1,200,16,12,11
2fd91ba79b5f4f8342b67bd79cb54b3f,brinquedos,58,761,3,450,38,12,20
9a89064fd209d1c1661271942a65099f,cama_mesa_banho,55,387,1,2900,40,20,35
1c8864370650c542bc1e409e4e42dc36,esporte_lazer,54,890,2,87,16,5,11
84f5c4f480ad6c9998d6a6860f1a2e41,alimentos_bebidas,56,963,1,1100,16,15,15
703d742887bb9267f89b675608ba7aa0,cama_mesa_banho,35,509,2,950,35,6,45
078e8db43688ea060cf754e7bd2b92e7,cama_mesa_banho,46,252,1,475,65,4,45
d6fe3b4ddecd4a8393c6a1385de3bfb6,moveis_escritorio,46,1157,1,16650,63,58,24
202a77df8644deb5f8006aea1e013d5d,automotivo,60,719,6,6650,53,43,11
8695c431b31927efef5343e675f279e7,perfumaria,57,287,1,450,23,8,15
7b453aa3584d61c1268d77ba6fd5956b,utilidades_domesticas,57,616,2,3300,50,30,30
e9c1abcc7126360336d8f56d49041a8c,beleza_saude,42,3902,7,500,22,6,16
b0c61d992e2adf05e5281a2d7f524a1f,utilidades_domesticas,54,350,4,200,20,10,15
a0eccc912d428eaddf1ef4fe47593ece,moveis_escritorio,36,809,3,30000,62,55,60
c0350d6ac413eda4641bf92ab687f1b5,fashion_bolsas_e_acessorios,29,132,3,50,17,4,13
cf262d646b27e22488de0494b5d08da0,utilidades_domesticas,63,807,13,1900,27,23,35
884fa3cd42986ba480ea2f8ae4e25ff7,informatica_acessorios,40,354,1,850,31,11,11
687a2683f42fcf1b80098d2e38e23c6e,esporte_lazer,59,788,4,3300,86,26,18
a8856d651600289b162f857e26838480,esporte_lazer,50,255,1,600,20,10,15
5d90b82ad1fdff812987fa28158b7984,cama_mesa_banho,52,408,1,1400,20,20,20
879f3fcede3745f74eef673bf8d5805a,papelaria,59,451,1,400,26,6,18
bb1713a6219e4b6575cdd9c380638a65,automotivo,46,736,1,400,20,15,15
8a4505505378c8f5d983f3201e9c25da,beleza_saude,47,1400,1,325,19,20,18
c4777fd2beb13264f71e768685823987,,,,,200,16,2,11
3758055ab2434bd36ac78e00b15b5cf6,beleza_saude,52,1193,3,600,50,8,105
a9fb80187bf64d19dd2804f25e83c5e6,brinquedos,51,690,2,966,22,45,27
0830788ce2a21bb3aacbd956403f7851,esporte_lazer,49,443,1,1450,49,12,27
639cacc61d50ee82079176b446399376,construcao_ferramentas_jardim,26,1221,2,300,25,16,16
3ead2a8b3b92444cfac54979d56c7993,alimentos_bebidas,57,377,2,268,28,15,20
10dae91e0aba95747e90280edeffe883,bebes,54,1027,3,100,17,6,11
540a93038cc8b4c42ef0821b2cf067d3,moveis_decoracao,60,375,2,4800,20,50,40
722f84416177a451c3be217ef8ffa082,moveis_decoracao,57,849,1,19200,58,40,50
9b4d597238711e4dfc04d98bb2e5ed17,industria_comercio_e_negocios,58,1553,4,5200,38,30,25
4633dfeb3a2588bdb52af32d504b44eb,telefonia_fixa,46,218,4,150,16,4,11
3ce21e38e6a3060c20f4e74bdab770c8,bebes,57,1340,4,5508,62,43,56
40161099308e1f5f784d57e2b88b31b5,beleza_saude,43,816,1,1300,33,10,16
45f0310974e6082deeda855f91984347,moveis_decoracao,60,194,1,2800,50,10,40
3c261802e239d1f2dcda5ed49aa14220,brinquedos,47,473,5,250,16,7,11
4db7441d0d2cf3d22cb4d95f87d8bf63,eletronicos,56,902,3,9650,20,20,20
4621f88827b983332c2a833d49c2ae35,malas_acessorios,40,390,3,19250,32,76,50
25f22b1819c44d895757e4799135c70c,eletrodomesticos,43,244,4,15100,29,14,21
eb973cc4544c2ff1016bcaf981ca1f18,utilidades_domesticas,56,1033,5,600,24,6,16
8afee64dc809d5e833ae113a81774ddc,informatica_acessorios,58,899,1,250,16,2,11
f699b297070aa38aaf3de9639302506a,esporte_lazer,55,3830,1,1250,31,32,31
177d3d5bb9d4d29222a222e3b3554f41,papelaria,59,241,6,7550,60,20,29
c30af44af15fb162e1ee0233c7e5d583,beleza_saude,59,382,1,150,16,17,14
fa23bf270fb9880690b07d09b9f9ff20,esporte_lazer,60,475,4,800,50,15,25
362052fcdf7c9e3596a0a6c97536cdc3,fashion_bolsas_e_acessorios,49,293,1,100,21,9,14
1809be4f054d8243278d6c83207696ee,beleza_saude,60,360,1,3500,24,15,17
a39cc58c1b5926b6f9f378daa89f1315,casa_construcao,53,646,1,3800,30,35,30
72602b08ac8b5e5664b105ce8e0ce5b9,informatica_acessorios,35,1101,1,300,42,2,30
39b7e02eed5da67f370cfd3f1518fe6c,papelaria,34,44,1,100,16,5,16
17ad6786808ab3fedfb261a70a5932d6,audio,38,2916,1,620,23,15,17
5acad00c7ade065caf69af710c0bdd0c,eletrodomesticos,58,133,1,150,27,13,17
d2bea3c01e172037caa99b2d138f39d0,eletroportateis,55,512,1,350,16,35,25
7d50930301709838d8e90dcac5cfaa84,esporte_lazer,59,254,1,1650,40,45,25
6f017eebbb9e5ada63645df57ea44699,pet_shop,54,175,2,50,16,16,16
ba47e9a1c96e01fc866a0b30f9c78e00,brinquedos,56,875,4,3000,20,62,35
ed08ea04c92f5f434c2362f7310fb328,utilidades_domesticas,29,1319,2,100,28,17,11
f78c2e2b9562f4eb436a275b2a230531,beleza_saude,35,1619,1,1167,19,16,16
1e89bd6bc4f739a8b303c92d58bf8014,eletrodomesticos,53,106,2,450,20,13,12
ed6aa9dd6a70f0af477c150b0f5f47f2,construcao_ferramentas_seguranca,60,1686,1,200,17,7,17
27c5d184e397082e7f0ff11ace0d7269,beleza_saude,21,287,1,750,22,12,22
357a9e8a4b691ffbb0f855b23d490c4e,utilidades_domesticas,56,824,2,390,23,14,17
c44343d9d6d3551e161f3c72bfcbfc3b,utilidades_domesticas,44,670,3,1050,20,15,20
8f3746a9c5411cc7cfb03660326cd189,informatica_acessorios,43,559,2,100,18,8,18
b4b817e5f2c4efc8253b4b679c653847,cama_mesa_banho,37,1049,1,2150,26,26,23
adf9f5989ed8d85d68ea6b941de7a633,brinquedos,60,492,2,3500,62,11,22
0e323ee8f8dc60a0b875e9ac4daf1337,telefonia,55,359,2,317,21,14,16
3dd2a17168ec895c781a9191c1e95ad7,informatica_acessorios,48,894,1,533,22,11,20
c1488892604e4ba5cff5b4eb4d595400,moveis_decoracao,59,426,2,1400,32,6,28
bdca5879b3afce0e138e71a68ad26d04,cama_mesa_banho,60,282,1,4250,40,15,23
25a1c5b2e0ccbf703cb7b69ffebfaf38,ferramentas_jardim,39,1507,2,1100,20,20,20
e3af4b7c220aca1535b34416de24dfb7,brinquedos,32,254,1,250,16,10,11
16007704980fa90718364a0dd747133e,beleza_saude,46,2729,1,1550,27,9,18
0dcbc0d012d42719216ea7dff6b90a6f,brinquedos,53,1047,5,1700,28,50,24
a8f6fefd2f6ad22952337438aa1bfce5,esporte_lazer,28,834,1,1600,19,11,11
99aa268744e2967e0ed6d3b22a38eff2,esporte_lazer,48,1700,2,750,59,14,12
10070e29929f7c7d609ee3201f236b8e,casa_construcao,44,421,5,1250,23,30,15
586d2dcb4ad3f344da859b44a01d2080,esporte_lazer,60,534,6,500,30,15,15
a7742a00e1d286b7f7d4d81e90d8acc9,moveis_sala,43,308,4,5500,60,10,40
b83738ac1903f7c8f0ed378cb085909c,eletronicos,56,1184,3,5700,20,15,13
80ad583034527f821e579d479f82fae9,moveis_decoracao,30,631,1,23900,66,42,66
adc32eb18332c495cdfdd97d01520d80,construcao_ferramentas_construcao,54,508,3,667,20,8,21
f1c7f353075ce59d8a6f3cf58f419c9c,cama_mesa_banho,56,162,5,9750,35,12,30
5c9f86c0e642b62c2100fd8d26f38771,esporte_lazer,37,580,2,3717,40,40,45
1ca737c9f8f06b3672be9f9f3f603d36,informatica_acessorios,59,1095,1,350,19,19,13
33f17ed3c6906f7a7ae17a0843536db4,telefonia,59,818,6,300,17,4,12
eeea79ffac4403df6e6a7d9522a0ac89,informatica_acessorios,47,477,1,350,30,5,24
91c82ace62e0ca1b69b1a45bcc214b45,relogios_presentes,60,992,1,308,16,11,12
726b4e18f00255e2e63491bcba3f60b8,moveis_colchao_e_estofado,41,866,1,1700,70,10,100
4e6a8880f494b097db7cf4866e0209d8,utilidades_domesticas,40,549,1,1275,29,21,29
bfc275f6de912665e4dcd8da32f43c10,utilidades_domesticas,27,107,4,900,35,15,24
78afca59cc52394bc61491aa56f77d6e,pet_shop,40,3320,3,250,16,6,11
9fe0fae81aacd72bbec601b9ceb9c25e,esporte_lazer,51,925,1,213,19,20,19
77fa3381855b6763c52ca3b72824f508,fashion_bolsas_e_acessorios,60,177,6,250,16,2,20
c7c44bf04797742e75274c5f288ae737,perfumaria,51,1085,1,250,20,20,20
9b1de4de04403b36408237b1cb77efbb,relogios_presentes,57,491,2,250,16,11,11
8aa2ca7004be44cabe9d19d3e3763200,cama_mesa_banho,48,110,2,300,20,5,20
416095891c3eb407eb70756068f7837f,brinquedos,58,1343,3,650,37,5,23
06afd0d01616e40441e7f743cdc03a2e,automotivo,60,2826,4,320,21,7,14
9bde344a67494559d37249506076d638,papelaria,49,1853,3,900,20,35,45
47a4d6ab2e9b253f8c3c8aefa0c40285,perfumaria,49,571,1,250,20,20,20
4eb86b919a40100c085ccdf1a5b873c7,cama_mesa_banho,58,2059,2,900,43,8,33
e59dd207c69d86e890febadc796d1078,cool_stuff,54,850,1,125,16,12,12
a62e25e09e05e6faf31d90c6ec1aa3d1,relogios_presentes,58,3006,2,1000,53,8,18
dc9471db933efad7bf0ce685380578bd,informatica_acessorios,49,579,1,800,28,20,42
a783f0d718c28a1375f64c1dfff1818a,informatica_acessorios,59,1737,3,200,39,2,30
74e5e7c0ad09d8fec4d30c75a70a7799,automotivo,55,1443,6,1650,30,30,30
4689718bc1b839a9baeaa91d2c278598,cama_mesa_banho,42,1042,6,3300,50,15,40
4e5ec6703d421384313fb8279f1d3a0a,automotivo,59,703,6,6225,56,11,32
68b8e52885d1c878e362c8a4d323747b,cama_mesa_banho,53,1065,2,1350,43,8,33
4a8c87facc0a20b726d5e1112ff3069f,bebes,54,305,4,1000,40,30,30
9b609e296b89940552cdce39983b2f71,telefonia,46,879,1,100,18,6,11
3e87e743e56d7fbf4bb9b67399b99a9d,beleza_saude,45,275,1,553,20,13,18
7ada7bee4052075cf6310885da8c4392,papelaria,60,189,2,5550,28,55,37
28c4296ec4b55832ec863a3282708d5c,cool_stuff,59,387,2,200,18,5,21
8c292ca193d326152e335d77176746f0,beleza_saude,60,2894,1,200,17,11,15
8d7654102992872ef4342f91f9997e64,beleza_saude,46,1444,1,2500,30,10,20
0979deef723cf684a3aa7e4303f99fe3,papelaria,58,74,4,450,30,19,30
369dfa384d5ad2a0cb97cb4cda846c47,esporte_lazer,58,3784,7,225,25,18,18
ddceb6eef6af67e9fbbd4c148dbe5fd9,cool_stuff,52,516,1,4650,37,20,34
9391a573abe00141c56e38d84d7d5b3b,casa_conforto,61,407,1,5200,45,15,35
e8978d476d166c952ffba0ba4b94097e,cama_mesa_banho,56,123,2,500,70,8,60
2265e8aa066cc6c4528d4be900eb5b64,moveis_decoracao,53,399,4,950,40,15,31
50063fba038aabf31446889396187973,instrumentos_musicais,53,1000,2,1050,30,30,30
5a848e4ab52fd5445cdc07aab1c40e48,,,,,400,20,12,15
24e8c79f39c68fbdbd57a5813ae72b94,relogios_presentes,22,852,1,225,19,12,15
1961b9b9aa8a6aa6fce7ab329c05fa9b,cama_mesa_banho,50,640,1,1300,16,10,16
8232a265a535c1f886b38335667be2a5,bebes,59,1133,10,800,30,20,40
ba05e2861971098fc7ecd8162c23452a,ferramentas_jardim,63,692,1,850,22,7,17
0fb6b59dfdb5d97bed3bef40ffe49885,relogios_presentes,54,644,1,300,28,10,18
441d3f638e532d223ae9a0661abb6de6,utilidades_domesticas,28,730,4,300,21,7,15
8569e9a17c2b63e9e6e998dac2dfa533,beleza_saude,59,924,1,150,16,10,16
d04ae06ca1423cdc5bd50d87c0f7c372,eletronicos,58,1996,3,200,17,9,17
f921da19d229dad9bf3a94e86e7f7f32,utilidades_domesticas,57,360,2,5250,30,30,20
a50acd33ba7a8da8e9db65094fa990a4,automotivo,53,555,1,4105,67,10,67
72f3781e31206029b40584266bb01799,cama_mesa_banho,39,89,1,900,33,9,38
c7849d509582f1b40fe3269fbecfb00d,informatica_acessorios,54,225,2,900,20,20,20
db34e1e6f14cc3755d9149fe8a1de9fd,cool_stuff,38,1513,1,1550,28,36,27
0b98b002389531232d83d333e3883dd0,construcao_ferramentas_construcao,60,723,8,1450,30,10,20
b4af6057abfd298e3bddc365a8fe14ed,automotivo,60,1028,4,1500,40,6,28
24c66f106f642621e524291a895c9032,beleza_saude,37,325,1,792,19,14,16
b296b1ee06b6739f8bc6b1d41d06dbe0,pet_shop,56,1496,2,553,23,17,19
6a8631b72a2f8729b91514db87e771c0,eletronicos,54,614,1,100,17,6,11
a86859b91d632c991b914aead6ec8ad4,sinalizacao_e_seguranca,60,1170,1,450,16,5,16
d2b0f9cd5e31ed47dbf92b157c0cda96,esporte_lazer,46,1271,5,2350,62,10,22
3d5837f86205fe83f03fb5f7e4d5b9cf,brinquedos,42,1002,4,1017,37,5,37
abc3c2e40b0c9b7b115a96bc6c919ae1,papelaria,47,484,1,1050,21,10,16
d99526b1e4fa5f57b8bde34a7337b5ee,bebidas,45,887,1,250,18,18,18
64fb13596caf118c438edc5c6ed2d50a,informatica_acessorios,48,252,1,167,16,11,15
f8077831f3c3f393fb67b93c5acd8daf,casa_construcao,57,921,7,750,16,20,16
2f9c0e14be2e1e641c76a4d0b3032043,moveis_cozinha_area_de_servico_jantar_e_jardim,60,720,5,6500,51,44,45
022ff42cced44a2b2cca57061cabb526,esporte_lazer,57,1705,1,3900,32,35,33
dce0150ee801b3300e9cd71e2594c30f,esporte_lazer,41,564,1,1525,20,16,21
00989337a1916a0055eedd1fdb35eb53,moveis_decoracao,55,373,1,800,40,5,11
85d619318aa201aca57171aabeed0048,esporte_lazer,34,343,1,150,21,4,19
f8b624d4e475bb8d1bddf1b65c6a64f6,utilidades_domesticas,46,323,1,2841,40,23,26
26c6145c9687019a428467c8852ae36b,bebes,30,245,3,350,60,2,20
d04bbac48960ecb7ea311b00ca6e1cb7,industria_comercio_e_negocios,52,784,4,11325,18,105,30
14bc0f89b7126bb00dfa6432d85340de,relogios_presentes,30,156,1,550,20,10,16
6f33a4a09ae1180a0ee1ff4682b2d21f,brinquedos,49,426,7,700,44,12,22
d6160fb7873f184099d9bc95e30376af,pcs,55,3632,4,2600,16,31,39
14e40526732f35d38620a487e0776b27,livros_interesse_geral,52,783,1,500,40,4,30
1ecbc86db1d81121dcf8790e2fa31ddd,utilidades_domesticas,58,515,3,200,16,10,14
d0b61bfb1de832b15ba9d266ca96e5b0,pet_shop,59,468,3,450,30,10,20
372124d6931c4bc48dd0d56075ebee7c,cama_mesa_banho,58,58,1,50,20,2,15
3d1d7aa3dfc91ac9490303d6c7342e83,cama_mesa_banho,55,427,1,4900,50,10,45
ace05b62c79dffc86cd12b281dc05b93,perfumaria,34,315,2,200,20,7,15
e004a3b7f9524967fdb68bb70f850eb0,pcs,57,975,1,13000,28,51,54
70d01ae15a5d5ee38388b90c0470d9b0,brinquedos,60,789,2,850,35,6,37
b5cc4a8daa5a8b1a4832c03bf74be255,automotivo,58,160,1,1700,30,30,30
271ce3fc018562e90257af8cd2af06bd,esporte_lazer,28,734,6,825,42,14,26
6b42b1f7dfb74bb23a01605fbedd5b85,cool_stuff,54,1596,2,1600,60,5,36
d2347fba1e60ea51f533960fc555baff,moveis_decoracao,39,94,5,300,16,5,20
c2d1e60e4deda24940c8039c99f08bbf,eletronicos,47,662,1,350,16,16,11
0fa690a43af8987193508e22fd5b32ac,eletrodomesticos_2,60,982,4,4765,32,15,30
f71f42e2381752836563b70beb542f80,informatica_acessorios,34,1078,2,250,41,2,29
79882368bfedd5f03e3beed890bd2f95,beleza_saude,36,2221,1,1950,30,10,17
382d3a69f930988d7ad77f78f31c0944,esporte_lazer,41,569,1,250,16,16,16
8c8eb9eb2e47ade1a343cd00f81cbd52,utilidades_domesticas,59,738,6,1500,28,20,28
bc74f63361c15c1a5baa5b97ac432e62,beleza_saude,42,500,1,4050,17,11,13
ea3d1fd6192d8c4443e67d2360461a70,moveis_decoracao,59,926,3,1050,40,10,40
af62192c9415dbf2b36c294762acd9ed,moveis_decoracao,55,1892,3,6400,80,4,55
189c49b159a847050e52afe5ec8d42c5,cama_mesa_banho,52,350,2,2069,65,19,44
6e3e56ba6f1c01a2dfd039f63cb03585,automotivo,56,1157,1,100,30,10,20
8b5632d7a4f86bd2f1331355305427e6,moveis_decoracao,37,273,1,2850,50,50,16
30360c8b0b2ac6918f53ab66bc3c306f,relogios_presentes,56,561,1,350,21,12,14
658c48e890d98bb89d28a9d5e6309676,moveis_decoracao,15,856,1,5700,56,15,36
06484143f7046fc1c2ec000aba13e28a,esporte_lazer,38,912,1,900,16,20,20
e50ee1b5ca5566f7f341e115533015f5,cama_mesa_banho,43,209,1,1150,33,9,38
ad21c6ffe97ed6db7a3d73b51bca2ee0,beleza_saude,43,581,1,150,16,7,15
84d2057bc1f88332d0892eea0e997d28,telefonia,60,734,4,300,17,4,12
814db92f0cda8c71fa27f4b022cea56f,fashion_calcados,34,240,12,200,29,7,16
dbd5107cd9a31627000efe028e81a5aa,brinquedos,60,765,5,12050,101,12,56
a30ea5a9dbd95db5a674c4beadb4fb0d,perfumaria,53,369,2,450,21,27,15
d9d5e3c7a8d24dfb8968ba75e4313ac3,malas_acessorios,47,114,1,1150,35,10,34
4ebab6a2135a2477b657bda38646b64b,brinquedos,38,853,3,442,20,16,14
db6677c6f890ba1730c0b75bd8132579,beleza_saude,57,615,2,950,35,25,20
74b682dc1f077ca680e639b504f4effe,eletrodomesticos,57,416,1,6150,50,2,37
0918fd47e51e716ae8b6d2512866988d,beleza_saude,50,1257,1,300,19,12,13
22d65c4f3ab25834df12163a3403da32,bebes,33,908,1,1000,42,25,15
65665f545332ae2d0532d676f841163c,dvds_blu_ray,50,725,1,200,20,2,14
415dfa57292b8b7360d3f4cf2f9bff06,ferramentas_jardim,58,1063,1,472,18,19,18
63d6e7ab30f482382c9dfbbccae7da54,eletroportateis,56,1031,6,625,21,19,16
23bcd6822a33df5534f9b290216eec1f,brinquedos,56,708,6,7000,20,62,35
27ceea27f2ac01a3b74b92e5b0a72a29,esporte_lazer,47,416,2,600,50,10,30
4fa33915031a8cde03dd0d3e8fb27f01,perfumaria,43,116,1,468,23,18,19
c62b9187381d86ae031b0bac9ead4b3d,moveis_decoracao,39,677,1,12600,35,45,35
389d119b48cf3043d311335e499d9c6b,ferramentas_jardim,59,341,2,1750,37,22,40
0afe6af6700e5ff3b7b6f08a0b12ce71,beleza_saude,60,919,1,200,22,3,15
34194988e78bc60417003c8a235b8083,informatica_acessorios,38,526,2,150,20,20,20
b1418867113446b20f726f21d7b041e7,automotivo,50,1584,3,150,19,19,14
4af813a3e5bc89370ef80fe126542076,brinquedos,43,1433,5,10450,35,45,70
8effae0c3be3eab7870860070ca5e51a,relogios_presentes,52,632,1,300,19,10,15
660422061e06da17ca6101e9d6b7aae8,esporte_lazer,35,1214,4,30000,40,97,40
34d6306314a47fe15c1efdbc23302020,informatica_acessorios,38,301,1,107,7,7,10
49eaaa38ac3df51ca790372b47b99604,beleza_saude,36,1467,1,175,19,18,14
554fc36c06624912230e7355ab7be734,ferramentas_jardim,57,406,1,300,18,3,22
eb0db7338f21fb5467875d41aaebe7b3,cool_stuff,39,414,3,8100,24,58,15
51ce083cd2b9078656a94655ab45b8a4,cama_mesa_banho,60,264,1,2450,41,8,36
9e4ace428d208edc8bfdebfa90b87213,informatica_acessorios,51,546,1,500,30,11,11
69ae578cb2e84390bb7c44216380ad5e,beleza_saude,60,1895,1,4650,23,23,23
7724696de32f44179514a643987d416d,esporte_lazer,42,278,2,2700,60,15,15
1847704440ad3e1d770ff738f5ced023,audio,31,502,1,607,19,18,11
c355107c94aa24d4c2759b22041fa325,informatica_acessorios,41,138,2,100,16,4,14
a237de12bdf0bfe4fe220bae65a89731,moveis_decoracao,57,954,7,1250,60,12,12
27535386be7362e36d9e78c2afb8c0e5,beleza_saude,57,2685,2,900,30,15,26
2b7bb91ceee2bfa598986638fb136ba4,alimentos_bebidas,59,399,2,262,28,15,20
63bfa27a0cee21fd896dc27f58b6d656,eletronicos,59,600,6,475,20,11,19
53ea9da485f6aed8a6f03a85831fe021,relogios_presentes,33,439,1,346,18,10,13
595199b11447ed4b73d031d3edaa6bdd,cama_mesa_banho,63,827,1,2000,43,5,30
aa1ae6a4dce8c9a91c5c562d4b84ab3f,beleza_saude,35,210,1,653,19,12,16
830345ab5d2e365c7c6b91459119ea2d,beleza_saude,50,3352,5,1400,22,29,13
8817f0cda3d5b42e5f949ee3be9dc80c,perfumaria,54,954,1,50,16,5,11
4ff6d690de7f98ab534ab22881bf5819,alimentos_bebidas,57,986,1,1200,19,12,12
d934d5a5c12e50df26c0669f578e2621,informatica_acessorios,49,340,1,300,48,8,20
d8cbd23e48a0683dba2f7a7b3e51110c,eletrodomesticos_2,53,793,1,4850,61,15,58
1104a5c02e696d89b7d86e6b2e657795,informatica_acessorios,41,498,1,600,18,9,16
acdf5c2a687407b37b00081300de0bdc,construcao_ferramentas_construcao,43,379,1,200,19,19,19
8c81b8075a4b824afebae3dc276889eb,bebes,35,251,1,2197,37,28,30
e61be15b90a7985c32b0a239e18e07ff,esporte_lazer,59,1540,1,900,40,20,20
8032bb148ff355a9d402573fbd6c4b89,fashion_bolsas_e_acessorios,37,134,1,100,16,10,16
41eee23c25f7a574dfaf8d5c151dbb12,,,,,200,16,2,11
ccf4e916d699289f85e6ac95b67d625b,cama_mesa_banho,43,111,1,1900,35,23,30
fdc3af4045c7316cadde9fda3c335932,instrumentos_musicais,54,267,3,300,32,3,16
44fc450365728c413fefc547592626be,eletroportateis,28,1426,1,1833,21,19,22
4b7ddf18ef3c5205f6ec288dffcd7c55,cool_stuff,46,588,2,500,16,12,22
541fe3a51f05d6f3ee6e730fafa0b8d5,esporte_lazer,50,335,3,150,16,16,16
8c591ab0ca519558779df02023177f44,ferramentas_jardim,47,1893,1,6050,20,20,20
f5cb4f19ca215fb34aef190918d45f46,informatica_acessorios,47,219,1,200,23,11,15
8877966d8f081b2857a5e293d6ecf59e,papelaria,51,351,1,550,40,14,38
b4be8f8fe79a6219017a8de82c24a4ef,beleza_saude,46,440,1,200,17,13,12
969b36d05b717529934b42457917f64b,automotivo,57,300,1,1350,28,10,18
6147f365b989950e8622a89e573d913e,instrumentos_musicais,60,1104,1,1150,21,13,21
f69581741831e1dcd24e28e299ad36ff,eletroportateis,55,1737,4,12950,40,30,40
d0885d40d75c08cf3c44d7ae88897e11,beleza_saude,49,1386,1,2200,21,27,20
e5c50ee10712a01bfed9854a00502f8e,portateis_casa_forno_e_cafe,50,310,1,14100,40,60,40
4914f8796af2ecd359fd8f44b9b92339,,,,,100,16,11,12
430f4c8e02bd4e1fe6330c38689b54f3,cama_mesa_banho,57,188,1,950,44,2,36
3e5201fe0d1ba474d9b90152c83c706c,cama_mesa_banho,56,255,1,1800,30,5,30
c7fd13b5e515bffdab855d0812842edb,moveis_decoracao,46,490,2,1350,30,20,20
946344697156947d846d27fe0d503033,cama_mesa_banho,55,619,1,500,16,17,17
2c190df9aeb8a3b7cfb2e07277fcdbd6,beleza_saude,44,2289,1,2300,30,12,16
414c53fa9c5cc4a0390682aeb2e25ec1,moveis_decoracao,56,646,1,300,16,30,20
b2d98b6f547c14e29a9e72b8e630d936,cama_mesa_banho,59,223,1,2550,45,13,35
af6ab2d196af959df0ce35fc5ea50278,utilidades_domesticas,56,747,1,850,16,17,16
44e086c4a977f37a888627b43880586c,instrumentos_musicais,60,234,1,600,20,20,20
4fb3e6ce442ce9c621ea9509e47ac951,esporte_lazer,40,1023,1,1136,26,29,21
9a060643636bd1e41788cb32262ac9ef,livros_interesse_geral,30,456,1,300,21,5,14
eb53f94fdc60278efcef123bb275658a,cama_mesa_banho,60,270,1,3400,39,13,46
c5e19a898511a0e8b60bd98fbc1d72eb,eletroportateis,58,419,4,2150,15,38,15
3744370c8a357a29dbaccc9011605f60,utilidades_domesticas,52,124,1,2500,40,41,28
b40ec43bdfc6d6fdd65e882066a5c895,informatica_acessorios,51,421,1,760,33,13,14
8016b7670842c9e99086f95ca96d7356,eletroportateis,47,646,1,1900,20,35,30
727a46f0b58a9ef165af9f7ebcfebfa9,esporte_lazer,33,1440,3,200,19,19,19
7e8067e7e5ce7aec0e2cb7c1a456d112,automotivo,44,396,4,350,16,15,16
f731f8587d4088c174397e010cf892a9,perfumaria,47,963,1,375,21,11,17
da0bb22eb8eb2bce31a3784570528efb,papelaria,50,354,3,6350,38,30,28
a945078e19efed6370a484e25e879894,beleza_saude,51,474,1,150,18,13,18
b74cc46deca5ba8f6a2226df8041a0b7,beleza_saude,40,3049,1,300,16,16,16
bdc3291ab242ec1effc8eb0987850268,eletronicos,53,830,1,541,19,12,16
8cb406882e34a39390cdf5f7f2632589,ferramentas_jardim,42,1557,1,800,26,23,23
30d55419015a4d9c2ca68586923d5a9f,utilidades_domesticas,56,509,3,300,21,16,15
5ee245f4f514e8937aa7a5ef3ec2c8b7,cama_mesa_banho,34,184,1,650,52,4,42
729be554c7bfd3f97c88f7470dad7afb,informatica_acessorios,54,714,1,3550,30,10,30
016711f78a6a87696645db0a6a834826,beleza_saude,14,1366,2,1150,27,22,39
2582fbe637afdcd03817b1b16b78fd60,automotivo,60,651,5,4150,78,4,47
caa526308abc9a77d0c56869139dbae9,pet_shop,29,144,1,350,17,14,13
33102eb20d41ceb406b2083a3fde8d29,construcao_ferramentas_construcao,59,950,6,1550,37,7,24
873ecb2fd02d35f52e5820550e538e72,esporte_lazer,33,579,1,11900,20,10,20
46195ad0b1fda769ee883a305ac7eb66,malas_acessorios,42,444,2,800,40,10,40
13d9c868a0780a698f5604b49d3e81ca,papelaria,56,451,1,450,20,11,20
169e1fedd1319ca92e90e057e7123005,esporte_lazer,60,3616,5,400,28,10,13
3b9c4a90ade7d4cb7e5b5c5ba475ef9a,moveis_decoracao,40,248,2,13050,82,6,82
b6ce5c915b4f82100adb532bc6c9395a,utilidades_domesticas,41,420,3,350,25,20,20
4052517cac9e78357d895976124f6972,eletronicos,31,736,3,800,35,30,40
8963eba2629ee030c4de83703c0ae020,casa_conforto,60,303,2,3450,45,15,35
f7186d0740a850c2f73f4b67959336fa,telefonia,47,387,2,150,19,8,11
cd4b1bc1c7c94fdcd94b2a7a87eeb050,relogios_presentes,38,678,1,400,16,2,11
a04a2402a7774ba53d10ed2ce29715e3,cama_mesa_banho,58,589,1,3000,16,50,40
766a6a4c51c63991e78e192d802787a9,construcao_ferramentas_construcao,57,180,5,14050,54,20,40
86ecc269de40ba13205e7beeee12f26f,telefonia,31,329,4,188,17,6,12
bdf752aa5ccd0dfb9e9ed401b672f133,relogios_presentes,58,558,1,150,20,5,15
972373c479cecb6ce4715c729b27ec9c,cool_stuff,50,470,2,1000,27,6,21
591efcfda8812f90d99a864afde3917f,utilidades_domesticas,39,362,1,850,30,5,30
1a2d00b771a438bee7055bbd0086e003,cama_mesa_banho,55,192,1,950,44,2,36
47376be1404bbe927766e8a9011714cb,cool_stuff,51,741,7,225,18,8,16
060c17562f97e5bb60bc0dfa4dd5b3f2,informatica_acessorios,40,675,1,150,18,6,14
be4788070edee09cc2eac8525f99aec1,beleza_saude,58,1903,1,100,16,13,16
0ba59273939ff2679f761fcdb05cd74c,utilidades_domesticas,27,739,2,500,17,28,11
56a474f5d7d6cfaa8500cddd0aa35bba,cama_mesa_banho,43,993,1,3500,40,15,50
242edc6b84c00f0d48c664a020a92c52,malas_acessorios,39,131,1,500,23,45,32
362b773250263786dd58670d2df42c3b,esporte_lazer,51,2526,1,200,16,16,11
1412c0124f6acb78a0a1023ea5e82c88,perfumaria,46,409,2,500,37,23,24
557281eded333607ebffd2e626f96101,esporte_lazer,54,833,1,517,19,15,14
1ea2fc5b9d57d4a38537bc42da63952f,relogios_presentes,55,854,4,500,19,8,12
49b624365d1b55a1747aedf255a15e62,automotivo,53,773,3,1775,32,28,28
90aa2ab699cd0e459be93124aa91c82f,cama_mesa_banho,56,2507,2,2300,43,8,33
44523a5e61f0a718c2231922b8856ad7,relogios_presentes,42,266,2,286,18,11,14
e38bfda757257dee1985af625f8911fc,brinquedos,64,484,2,2033,27,30,32
8a443635fdf9759915c9be5be2e3b862,cama_mesa_banho,58,189,1,1400,46,2,36
3ecb405a579723d0b1b5161dd32daf28,utilidades_domesticas,44,394,2,257,21,27,16
8626b155de04e2d0d6e1e907fbcf0cd2,esporte_lazer,47,1478,4,3150,20,25,20
0e8df33c96f1c03405f222785b9d753e,cama_mesa_banho,52,287,1,4100,52,18,42
d934b48db429df3e1f8af7e7368489ee,bebes,51,862,2,500,28,10,32
b33eafe0578ff59c3c9c0853a365e3b6,utilidades_domesticas,30,196,2,2000,48,10,37
7868a64aa111bbb4f41f8e1146c0becb,moveis_decoracao,59,438,1,1200,30,5,20
3fdb534dccf5bc9ab0406944b913787d,fraldas_higiene,58,634,2,600,21,12,17
592962829d5a715304344e656e39108a,cama_mesa_banho,56,255,1,1750,30,5,30
f88c49a33f73e7c5d2f5cbf231f5b536,brinquedos,53,827,3,5453,53,37,31
c4baedd846ed09b85f78a781b522f126,ferramentas_jardim,58,1893,1,5950,20,20,20
28dc766929435d5a8555ce85e2f82667,eletrodomesticos_2,32,679,1,12783,36,52,31
2b10e945dae5434075c8bb2be0d17325,cama_mesa_banho,60,233,1,2950,46,8,38
861857117917aaa99611defcc0d514cd,alimentos,57,2585,7,4450,28,14,28
c9d067f785507045799795719e6e6131,esporte_lazer,57,1260,4,26500,105,70,20
f3b8bfa5b86249e75e5c0632acc0e82e,beleza_saude,42,614,1,2550,20,20,30
e8288cf2d07e2b1b0b889132fc8cd8d5,cama_mesa_banho,55,677,1,1300,16,50,40
2c0c951471371afa81e47d7bf8d20522,telefonia,56,931,6,183,18,9,13
30f2abe62a0f5fb21e4361e83e19f3d8,fashion_bolsas_e_acessorios,33,484,3,150,16,13,11
ef4f75a1e1266944f1733179e963d4be,casa_construcao,51,921,7,800,16,20,16
ec16be6dfd2b67c4f576d7c7ccda1358,ferramentas_jardim,38,273,1,5200,30,15,40
7fab1a1472fdd934397068931f63f3ca,brinquedos,53,200,10,600,30,25,20
42130cd7a981706499a4d337f2f7f621,telefonia,37,565,1,100,19,3,11
6f3ec6fc14615aaed51a2e900868a3cf,,,,,600,20,10,20
6109d0cae3bcb57d579bc0fab6e61814,malas_acessorios,45,573,1,1250,49,10,34
996ae0a67e63b78b427a1f8d07543e86,cama_mesa_banho,56,155,2,1500,48,6,39
373735f3dfdb3b3efac836ca54c2480f,pet_shop,60,664,1,8600,60,25,40
ccc61dc31608c5b78cf0cbe85582fb77,papelaria,49,328,1,600,16,4,11
ac50a885bf3b6a817bf6a0a2f1e27af4,artigos_de_natal,37,170,1,200,16,32,11
a9e9edb1bcac585bfbfa381ce40e5d99,ferramentas_jardim,53,3850,3,8600,50,40,50
d9440686faf90019c12440cb9c783e4d,utilidades_domesticas,37,696,1,1375,20,15,21
af2d506fb01b724e03591349ad36b67e,bebes,55,1681,2,600,20,13,13
a794505b7d66eea7dbd7d5649881ffb1,automotivo,60,174,3,9050,60,18,50
8fb8fc612eb9832ae220a1b88f3b375d,beleza_saude,58,733,1,250,16,16,16
c3c075d20bbf03a458eb5c4458d82380,pet_shop,42,813,1,20450,35,35,35
ec02a5d380128f7a188e9ce8f3ddd832,cool_stuff,59,599,2,2275,45,25,18
b9b44a9826ac288d8d3caf327f709007,climatizacao,55,654,7,1600,30,15,30
543af92389bfb55bedfb145b64211c0c,beleza_saude,53,1027,1,150,19,7,13
38fa750a3a3b3204f169c86a3284d387,esporte_lazer,39,1057,1,183,16,18,16
b1d207586fca400a2370d50a9ba1da98,,,,,350,16,4,11
0bbdc963004d9b2fd3427ee3c5ae3608,esporte_lazer,31,1479,3,150,23,7,12
68d9c8a95d2b7cb57efe9e1e929bdd6a,telefonia_fixa,47,218,3,100,16,2,11
7b4d5bca6951e2d3f89fa2bdfa6791aa,eletronicos,31,363,1,200,25,7,16
643a4049ae3e6df63858575f28cd7b21,beleza_saude,52,1649,1,200,22,5,15
83ee94d59dffaab56d55b5766c6d1211,automotivo,37,498,1,400,20,10,15
c8cfa622661e047ea2499f8bce4731a5,bebes,56,628,2,650,24,14,18
fbb1cfc2810efabf3235eccf4530f4ae,,,,,800,35,15,20
bc0d2d816d425e6ce3e80d8b9887d324,fashion_roupa_feminina,58,360,4,500,16,5,20
35ebf08a93899d44e756809e11b14754,eletronicos,55,240,1,150,18,12,15
ea02a373dc65fa3648ef3bac7fb86e9c,cama_mesa_banho,45,720,1,600,28,11,11
73326828aa5efe1ba096223de496f596,alimentos,32,1392,1,330,20,15,16
bdcf6a834e8faa30dac3886c7a58e92e,beleza_saude,26,394,1,1614,31,16,28
de5596e009313841e57616878a6fbce0,moveis_escritorio,23,983,1,16150,81,7,80
4c4a28727e951ccf6f37590a7028e182,beleza_saude,38,270,1,240,23,16,14
a855248349fb73a158bae22b79ae955f,moveis_decoracao,53,752,1,550,20,15,15
95c40b993a22463c83beb5c51a03d46c,informatica_acessorios,33,1084,2,200,41,2,29
c977ac034427790e883ab55f4baa68c2,fashion_calcados,57,404,4,750,22,12,33
4f2c53c9a1a7a00a247b351c1fdbed13,cama_mesa_banho,54,662,1,550,22,4,28
7c65bcd66be0ad761948bfeda4e7bd2f,casa_conforto,55,349,1,1550,45,15,35
f09f6223e88af7f6de46dec6a437458b,cama_mesa_banho,44,729,1,1200,20,30,30
98ae5b3166d58f0055db5dc330ff1914,ferramentas_jardim,41,399,1,4000,43,11,43
4006da5107400e5ac48dbcc829a36c42,moveis_decoracao,55,1260,2,1600,60,7,11
6b80b94c131c21e8a80f8139fa458329,eletroportateis,54,360,1,16900,37,65,37
af63237de5e7f1f9c067f7b7c506287e,informatica_acessorios,60,704,6,6800,28,28,36
daf9301b3e3756d45250765852ed0dfd,cama_mesa_banho,57,595,1,1600,40,6,30
3ad8e457f7b866ce68d3a3ebb8ff4e94,utilidades_domesticas,45,137,2,750,25,20,19
78714a5ecea485034c6cde8417c6c1c8,informatica_acessorios,43,459,3,115,16,13,11
17a019676883dce326999c11a46a14f0,instrumentos_musicais,50,2143,4,150,16,4,14
f0bbc1bdaf90ddcab4aa862660dfc6d3,malas_acessorios,60,993,3,650,65,7,11
f3d7339839e02f580fe8fca5755e0e25,bebes,21,358,1,400,35,5,25
7b52ce3d6635ac7eb9d2bbb3dc931843,eletronicos,42,412,4,400,17,7,12
fb69f3c3b63f63da92e215ddf61e0b01,esporte_lazer,51,945,1,2600,16,16,16
0bb7d5c406dd6affef3cd4f5d6744844,,,,,200,16,2,11
742979e885a7f5409cc6a938eb7c4843,cama_mesa_banho,52,401,1,6950,53,33,58
6fe2e0bce49965a508008e08ee9f575e,eletroportateis,54,598,1,13250,40,40,60
fad4c004f68304a86535ea71c79cfaa4,ferramentas_jardim,43,69,2,1400,16,11,11
35afc973633aaeb6b877ff57b2793310,casa_conforto,56,176,1,1825,53,10,40
f15dfa318985df28b020ca9fa88552aa,moveis_decoracao,63,465,2,8050,80,10,60
6b20221ff09d73c64c77d9d934b9904c,moveis_decoracao,63,1698,1,650,60,11,11
14d617ec6c1f7a295007b14080e84a97,ferramentas_jardim,58,934,1,500,16,28,11
9091499533100191c6b89d09e43445e8,beleza_saude,51,191,4,50,19,11,23
6cc44821f36f3156c782da72dd634e47,cama_mesa_banho,55,273,1,1050,38,10,38
05a9dadb8402b6b7ae3dd28f7da187b5,informatica_acessorios,59,3314,2,2950,20,20,20
6c0ae7177d10a10c697443a3d27584c4,esporte_lazer,48,206,1,400,38,6,11
8873909eb9409566f9d5a6d47c4d38c1,beleza_saude,49,232,1,265,19,18,16
49eeae59754cbcf1abeeffb8f51184ee,cama_mesa_banho,49,1077,1,1575,26,21,23
d1859a58e608b68f4066e0c77e526ef1,cama_mesa_banho,54,634,1,800,20,16,20
7c6473a2c5d2f22701b1a4340f1b6066,pet_shop,54,732,1,4300,21,14,15
860f7a159db32408ea4bad60965e9a3a,pet_shop,46,84,7,900,20,25,16
e673e90efa65a5409ff4196c038bb5af,cama_mesa_banho,53,528,1,0,30,25,30
4c82c8d31845d751d797debc3d03697f,informatica_acessorios,51,872,6,145,16,9,13
53759a2ecddad2bb87a079a1f1519f73,ferramentas_jardim,58,340,2,1500,30,22,30
ab37272e0676ac205aba0db310cfaaa0,esporte_lazer,56,3016,1,7850,51,31,31
6de2587eae9fb1ee54a853aac774ade1,telefonia_fixa,50,399,3,200,19,5,11
cb5d3d2427c53fde437c52bde24840e8,moveis_decoracao,56,976,4,400,50,3,25
7f72a8900b3d2fc8fa2635b7836d6e6e,brinquedos,38,571,1,147,14,10,12
9fb9a39f2e393018aaeb432394aff48f,livros_interesse_geral,34,1151,9,1950,36,5,23
42a2c92a0979a949ca4ea89ec5c7b934,utilidades_domesticas,41,799,1,7000,26,47,27
fb55982be901439613a95940feefd9ee,papelaria,52,211,2,7000,60,20,30
b92211a0503b5226b3cd3dd1c7fb3687,portateis_casa_forno_e_cafe,59,428,1,2800,42,33,42
2bd9b51a9ab079e095aca987845d3266,consoles_games,55,450,1,300,25,15,25
638882546765f357dc667b5987ceb69d,ferramentas_jardim,41,523,1,1950,24,24,16
266f0c6925e7873790f11b920c701190,eletronicos,44,226,1,150,22,8,12
ddc50b859563aa0b3d663559f3696690,moveis_escritorio,30,1343,1,11113,58,55,24
3a264b078bf20e98f315ff65c23fa263,brinquedos,35,478,2,8100,30,36,46
28e9bae875be608d290966c72d2d7f73,automotivo,51,619,2,100,33,27,26
c6bf8cc852eee5c4ab264e792a9c23a1,casa_conforto,37,95,1,2150,52,12,42
20566af10fda4783935b8cef249fa4c3,relogios_presentes,39,243,1,500,22,14,21
ebe9e593dfd269670a40a0ee90a8764e,moveis_decoracao,56,1214,3,7050,70,5,15
d753d967faa594c1c4014dc58966e8e1,construcao_ferramentas_construcao,60,327,1,21900,41,12,41
a9516a079e37a9c9c36b9b78b10169e8,moveis_escritorio,41,1141,1,8683,54,64,31
93b67da06834e15a3594134d43ee4ebe,eletrodomesticos,39,669,1,1200,28,8,13
441293f432282ea2ab9c82fe5f0fb875,moveis_decoracao,37,302,3,3100,45,45,17
4dbd164e17f931f99e7553c97000a4d8,fashion_bolsas_e_acessorios,56,673,4,250,22,11,17
c073cc5c3c6cff45b33fda27f5f3f807,telefonia,60,667,2,575,19,16,21
fddc61a36e83f12b665d068c07411aa7,esporte_lazer,50,2164,6,975,33,30,28
211d04c14dd756f5e4dec38c19187fdb,cama_mesa_banho,53,1017,1,1975,28,26,23
3fedaec688964ccf38949f271a51c888,papelaria,38,197,3,1200,40,15,30
dd6a505f83dd3c6326aa9856519e0978,brinquedos,43,623,5,200,16,7,11
c92a761aaccfb831d4220d44648f260a,ferramentas_jardim,55,485,6,100,18,8,12
e61b1e021d5ed7e513da1851597760cc,bebidas,60,879,2,569,20,16,16
3e7ca2ff3d372303c5773c8018746fc2,bebes,36,428,1,183,17,14,13
f35927953ed82e19d06ad3aac2f06353,livros_interesse_geral,39,724,1,450,20,20,20
196616257eff8bc851dc4fc041cbbbe9,moveis_sala,32,608,2,9750,27,15,92
7e99ab6d9d5d63b0190513103bdc1188,cama_mesa_banho,50,798,2,1300,28,6,28
566f6035da0eb2a5d974ac66ae6d148c,papelaria,59,307,4,2500,31,7,22
dd0dcee76f9c12fff4bc0eb641d57c7f,eletronicos,44,431,1,250,25,7,14
ee3e94e918d05a5da04a4cb547e91dcc,informatica_acessorios,53,1459,4,548,20,10,16
dce7d5964fd84b401af7d9369a9df643,automotivo,55,240,2,9750,55,35,12
abe6b1e401ce596ad0c493aeedb488a4,cool_stuff,59,260,2,300,17,7,13
20fb650ad1615624d7e202031400f695,livros_tecnicos,53,1417,1,750,29,3,21
f89caa3ea4fb5f7b6e7fb2bb4ba61881,cama_mesa_banho,43,187,1,750,40,4,30
5ad76c6eb8365ae960c67efe0292cf85,pet_shop,50,163,1,350,16,16,16
0cf4eefa56151424d91f1fa527e29d20,ferramentas_jardim,58,336,5,650,20,10,15
6490b9f63b0b595e1c1402b46b0f50ad,telefonia,24,820,1,300,18,10,13
5be51b87d3f543e942bb8299c5bd4423,esporte_lazer,49,1416,1,350,16,16,16
03e931f387c2dd5b006aecdb12515b2e,cama_mesa_banho,55,560,1,650,16,10,16
9a2bdd5682cbf94cb13e0d1f852c759b,relogios_presentes,39,527,1,300,19,9,15
4385083fee716d237634eed19cf376c9,cama_mesa_banho,40,729,1,700,20,30,30
87aff1d9a5e94db6840c5b963a5cef90,esporte_lazer,59,1732,5,1500,40,20,20
b249cf5fcf68f70e13515489f0fcb627,ferramentas_jardim,35,325,1,1300,19,33,13
44be579342e8ba8bbe3d0448d126afea,utilidades_domesticas,20,109,3,550,20,35,20
d5d7ab11292e030edb97398b69235779,perfumaria,48,208,1,150,30,10,30
90c1b4e040d1d1c45897ec2dad4a809d,moveis_sala,57,837,2,30000,63,63,74
a12c9204f6f9e90ad1d8ba5571fbfed2,informatica_acessorios,31,614,2,600,19,13,20
5eefc29e3d0cf6cbb58c63fd7e3f815f,cama_mesa_banho,62,929,2,1500,43,4,30
f9a26e326cd01165ff614a519473afbb,informatica_acessorios,51,154,1,343,16,17,12
34dc9ba20762290886d4d94d07a102e3,esporte_lazer,31,419,2,1650,30,8,30
a291cc846d74d97f01611894f983073b,cool_stuff,58,478,1,600,22,6,22
a058bd781185e59b75160f5133afad9b,automotivo,56,1552,3,550,16,21,18
ca7966fa77959536468be3c6ce1f19e1,cama_mesa_banho,52,126,2,19500,25,60,55
7272a36ac93b0f214500840025f04a73,moveis_decoracao,28,1405,3,200,35,2,25
9dae52e79d63184a0b32da87c5aabecf,relogios_presentes,40,621,1,450,22,14,27
1ee03eca6034b77b25d08c004bc79dd8,fashion_bolsas_e_acessorios,49,1485,2,200,16,2,11
28beefcab28e6a3b659bae1bf1cbe453,telefonia,54,880,2,250,16,12,14
927225847efa8853ebf52c9b5b9b8cc6,bebes,41,1050,2,850,29,6,20
8802c7b83ddf545be6b7846f575d2fc5,ferramentas_jardim,60,800,1,4375,43,35,25
49ebaaba28aca545f9a5ff9fc17ae988,papelaria,56,352,1,300,20,5,30
5a9f5760be273f3c7994beec0dbee655,utilidades_domesticas,48,693,1,850,36,20,20
d3e1006ba3735c0d44160026b6e0ced3,automotivo,53,2805,3,1850,19,16,17
f471a2281d25a1dbf3193dd5e969aa0f,pet_shop,38,555,4,400,20,4,12
462646c1c1495199e63684d79e6e0d1b,papelaria,63,920,6,50,16,4,11
f9d774a1820f792952eea079a40a7c6b,beleza_saude,46,339,4,500,28,3,19
2fd89f236e3e8f4b81b7b74f09f40186,brinquedos,22,235,1,150,17,4,13
073ed404e3aec5b0a486334c05ee2fe9,relogios_presentes,35,535,1,458,18,11,14
8300e0e22bb50df7bc0bbe0b2b15997b,cool_stuff,53,956,1,475,33,15,33
60e47589d616c8d62f908800260e102c,ferramentas_jardim,44,153,1,3900,31,6,29
8fc5538423eb3bd3c73721c7cafcadd7,eletrodomesticos,53,346,10,13950,50,50,50
9e2ce829b01f3d1a0a9d5ddf7ee21864,utilidades_domesticas,59,200,4,1300,32,12,32
f9d151cf2fc10d41cce64b782856320f,informatica_acessorios,54,454,3,75,17,6,58
3cb92605eba23721776a8a26f0e62921,automotivo,57,1149,5,1500,60,8,33
802d4aa654f6b24ca4d5bd2c61c0b079,eletronicos,57,911,3,1350,33,25,30
a155b4eeffbbec8a728eb1ad73705153,moveis_decoracao,60,1953,1,800,69,11,11
2b4ad41f87f5ca9daba350c8f886b729,moveis_decoracao,49,2043,3,5500,70,7,50
cba32576375902a87170bedaed045b71,bebes,58,1882,4,11467,35,57,52
fb7a100ec8c7b34f60cec22b1a9a10e0,brinquedos,58,321,2,150,16,16,16
6ef8c8d7d06c5dca94963e77ccd20778,cama_mesa_banho,60,632,2,4188,42,16,37
71a5f1c2a5fd9889ef26b5ac22aec9c6,moveis_decoracao,60,500,3,100,16,3,11
00faa46f36261af8bbf3a4d37fa4841b,fashion_bolsas_e_acessorios,49,293,1,100,21,9,14
39f9ab5ea27485a4c3d32ee4c45630d8,cama_mesa_banho,55,262,1,450,45,15,35
b18fa799c2e098abdceb194c359938f6,utilidades_domesticas,56,398,1,1450,30,30,30
f0a720fc3ab33276bc8bb46595996083,livros_tecnicos,50,444,1,4000,31,7,24
180fbb426ea5ab0708d43ad3f3839bb9,moveis_sala,45,843,3,7600,61,11,46
70bf4f61950297cf24e18a9b84c3208a,utilidades_domesticas,59,203,1,400,16,10,14
7088744b00831b410bd17716cb578f39,informatica_acessorios,51,311,1,1013,30,15,16
c1cf541d5b33a4b04ddc1c3be7aa1c86,beleza_saude,51,781,2,150,35,2,26
3becff10d1deb92b02f2a1ee62a04524,informatica_acessorios,54,1520,2,6150,30,30,20
a0b7d5a992ccda646f2d34e418fff5a0,moveis_decoracao,45,67,2,12300,40,40,40
