order_id,payment_sequential,payment_type,payment_installments,payment_value
0573b5e23cbd798006520e1d5b4c6714,1,boleto,1,51.95
00d8d65b666158b633f96054d31af43b,1,boleto,1,130.88
0b65284a1a74114ea029b7676fdc1ba3,1,credit_card,7,144.20
0c99132c4ff916416ba8f74c378f1cbc,1,credit_card,4,135.93
0a9716da94d89975e6637874280aadad,1,credit_card,10,165.96
07d13d352c85dfbfa60dc56dea818335,1,boleto,1,32.62
03afb3c10af52ddfa3c33b9881bf43f8,1,credit_card,2,131.50
02951078a21a2d9341ea16089a4d5031,1,credit_card,12,257.10
068176c8a0550b07cddf7e05c8d55319,1,boleto,1,123.82
0435b65bfd0a1cd1c48a82f5b405ea78,1,credit_card,4,154.14
08935d5052c6414b1960eb67796d01f5,1,credit_card,4,117.39
009ac365164f8e06f59d18a08045f6c4,5,voucher,1,8.75
07a26b88cc90e93f5c9401de11a60793,1,credit_card,1,20.29
06ff6cb289c9f1d1ccacc6764874e3c2,1,credit_card,1,57.89
0bdb173bda4bf7e4109fe707c309252a,1,credit_card,10,132.95
0cd19e832fefb17664d1a294b90ad192,1,credit_card,10,110.20
0930df388b21f34fc3f0e3baa9a73016,1,credit_card,1,26.09
0705d1148d3c3d342f1a8c8ad33e5d3f,1,credit_card,10,117.85
0913c46b1cafecb52e5a9a55b6c0e0fc,1,boleto,1,147.00
019bdbaef5b5121c9b1811976aa510a5,1,boleto,1,108.64
0b3d8a1bbaa4e340e25adfd640f70308,1,credit_card,12,190.09
0a629239073738043764cd721c8ab2da,1,credit_card,1,46.81
0cc14454cb400b7b154e0a45ffd5c2f9,1,credit_card,1,57.11
01e6f40a293da5a9dc11e49695c7541d,1,boleto,1,64.09
08bc5baa3da6ce0746413cd9cf227e9e,1,credit_card,2,165.50
09c681e9069e20d7f2ecd587151f1b88,1,credit_card,5,311.57
069872f35a2ed2d455f9b64e914dd4bd,1,credit_card,1,72.62
05c5f6468206cec16a8c99f231bbbe86,1,credit_card,5,161.88
065fb1ee0ec59ea0a68b3105a59a69ce,1,credit_card,5,104.27
067a8c6d7efd34e3595ef4bf1500c766,1,credit_card,1,35.05
048cc31326007f07b576b46beddecc12,1,boleto,1,272.58
0132158c30672a8c52997a2492613ec2,1,credit_card,8,413.31
081e5884f403fbe66f3bce77c72c9230,1,credit_card,1,43.58
0b365bbd59e2f75bea276c81bb916dcb,1,credit_card,1,2.78
055f84fd2ebf314ebec85f8e1312f4f4,1,credit_card,2,185.84
068ef03abe39323450b52f486b34bf3d,1,credit_card,1,76.78
0ad81eec70d65880c30299b73ac7945d,1,boleto,1,160.74
04031f8b12339dcc12fa340fe96f00a6,1,credit_card,2,70.97
0c4c42e7e040dc423699b1d019b684e1,1,boleto,1,79.69
026a69b8c98fbfc61de9050c41f1dd95,1,credit_card,3,135.47
0588a3721b3d0a1f0b549fb84fd9cf10,1,credit_card,1,109.31
09249f4625a56408772a45322aadd544,1,credit_card,8,138.84
035c01a45e289b155db4e47cf39b29d3,1,boleto,1,93.80
023b49300b34f2b9961857266df731dc,1,credit_card,2,162.75
0c1457493ca1492c4a4417fc278605b0,2,voucher,1,50.00
059d893dde97f787f2f608d5a5d13e0b,1,boleto,1,61.94
03da04c1427d7b8bff38d76efca1029d,1,boleto,1,216.74
0a1a904fb2f51218c9c7ce314190de36,1,credit_card,2,115.90
05ddf4cc62efcc6f34b8c693eaa2db01,1,credit_card,4,88.58
04497a3993ecf2e604b91ca0a8a80ecd,1,credit_card,1,81.60
0bfa8870838091fe8171ed69f6b89fee,1,credit_card,1,64.86
069d921a767dfeb76fb4a7f39bc4217c,1,credit_card,1,158.21
04f1827088d972a62224f5203a071500,1,credit_card,10,178.06
0b843b79b45dddbd796c0a7e51b2c6ca,1,boleto,1,481.07
02b939dcd55f2b17680e10690deb08b5,1,credit_card,4,176.16
071d86b8fc66cad2d0bb93775be89392,1,credit_card,5,103.15
033e33708df28579692a3d19492c6553,1,credit_card,1,145.57
0464277e582666bde336336fd5fb9ff8,1,credit_card,10,158.98
0a58de38cd66544f6bbe4f5ab326e5f6,1,credit_card,5,123.29
0c3d62f1aa70d604db3bc56082aee4ca,1,credit_card,10,531.92
0cc893e70885ba7fc151e85141326ef5,1,boleto,1,158.73
0c7a17af18a4180dbfee261ce22edb69,1,credit_card,5,205.45
062afb045916ff90100893d5df84c186,1,credit_card,2,142.92
010e7dda85fff564e8b7076ae3928efb,1,credit_card,10,133.34
07144524b0b12343da7f0e7227dcb28d,1,boleto,1,100.34
049446a8732fca98a50e6767bb58bd49,1,boleto,1,66.01
0b958a89cde3a26acc1aaa43b64b999f,1,credit_card,1,32.09
0bd8de09c6bb3ea2457b00aef3b682d1,1,credit_card,7,77.89
0ad82b0c5d9f039a29814e465165a0da,1,credit_card,6,318.40
08d551ca6776789b820288466888bc3a,1,credit_card,3,63.49
0c45caaab2bcc146bef109bee64d3b98,1,boleto,1,127.92
0762fe35b71987563f8771eb6d14938f,1,credit_card,1,87.03
06b2c7035561ef12b16045ef4bf459e2,1,credit_card,6,68.02
053d5ed007096a9cb5adfe0f0f6d30b5,1,credit_card,4,84.60
0159c6355a4e32f6ac68d838e2228150,1,credit_card,15,242.11
028e8f5a96db8d372890e03d22829e9b,1,credit_card,1,20.75
0a03b50bb658dc86547261ba8cd5676e,1,credit_card,2,197.72
03eae39a27aeab0f8c9ad5b84555a6d1,1,credit_card,1,60.63
09fd9b0402ed675bbd1ee1e81171ac7c,2,voucher,1,43.98
058afe6c6322b4773393a66003934493,1,credit_card,4,245.29
048cb31a5449d208f197f1fe7b617c3c,1,credit_card,3,84.42
08432abcf785878edf1221a0611960ea,1,boleto,1,47.18
0692bac30867d1bf96c14aadbff1cf17,1,credit_card,1,43.72
006df90050498994d670b40da4651d22,1,credit_card,1,21.39
09b9b2b8758ca1fd4a9bcd3f2af6fb10,1,credit_card,8,197.63
03ba96e3cd1a918f1e0126c93dd93bb5,1,credit_card,2,57.55
0123098b96f3d4014545642be53d891c,1,credit_card,2,117.08
07015ec9fa46c951514edc46a108d719,1,credit_card,1,67.90
0c3edd1850a593f62fea844191a4424c,1,boleto,1,217.64
047723564a4f371af7f16f08f08ae0e0,1,credit_card,9,299.39
0229b2e398fde4545d32b5bb232973ad,1,credit_card,4,1017.63
06f0ad130c4b691011f1a12a33649a2b,1,credit_card,2,97.39
048e6e4623dbf118c43e0f5572016faa,1,credit_card,4,657.63
099b01b8cc6b861aa593247b2f7e0b7b,1,credit_card,8,169.00
055a2893cb600bebc05a16d06e3de36f,1,credit_card,7,76.08
087c44ddc65697d4a3a2af9234c5a22b,1,credit_card,1,66.25
0cd8c62de8c2338e4af0afe71e56ee64,1,credit_card,1,19.78
076d71b244e240e104ffe5bf5985faa2,1,credit_card,1,8.93
015e6682b50c824bfdab6b866f937936,1,boleto,1,168.27
0049edf42837aa808e03552a62bd2158,1,credit_card,1,67.50
016befe103ce7c9e5b1b7ef359777eea,1,credit_card,3,60.85
00bdcdda88e6b02977fc6ce3d412c600,1,credit_card,1,137.83
02c6f38cbd2d15df19cf2621019823fd,1,boleto,1,413.96
0c31953b008c5e98882d436f4298cde0,1,credit_card,4,108.30
01643942766bdec224d5593041f714e6,1,credit_card,1,47.60
09ec142bfa34576d3914bdf8c19927c2,1,credit_card,1,70.76
0838c36e9894cf5d929f58210d5b5bb0,1,boleto,1,104.91
02e6bcccce2e88560389846400e74e50,1,credit_card,6,264.38
058ac520863d0c0d57e3cf920de368d4,1,credit_card,1,40.22
08724b06f2204993989fa6c331dfa3d6,1,boleto,1,76.30
031a7dab65c3430d325ad35ab8a95277,1,credit_card,6,128.72
02b7cbd604df10c09427902dc682b0d3,1,boleto,1,48.08
0afa4eb653f04cb1809253eb3b1f9768,1,credit_card,3,335.46
0b020adf769218b4661b301ce96c0ca3,1,voucher,1,29.34
03f9705f9135ccb809e74e902f19b2e8,1,credit_card,1,30.29
047d7bce997c4e73c6efe724711fd3b8,1,boleto,1,58.62
0646e0e4885dd8c69dddd6b2742b3b1b,1,credit_card,6,571.42
00018f77f2f0320c557190d7a144bdd3,1,credit_card,3,259.83
09db1ec04535cf2bba4a73954a252e41,1,credit_card,3,334.98
0bd044f3b358bb88951e3ea66eadcc70,2,voucher,1,50.00
061b74bca735bb2c1953e40bc098101d,1,credit_card,3,98.88
05ce664903d14969bd94d9633ffd8f14,1,credit_card,1,89.88
0afcd5d6405dd1fbe9554f4ffa99d2b8,1,credit_card,4,202.76
00cb9736c0b43d6c1e2fbb2b88e69f6a,1,credit_card,2,126.74
046a69282c430c5d662cee78c019f95f,1,credit_card,4,342.03
0a62a2ee479a419db8aebf78129b2f5e,1,credit_card,2,131.61
0b6f494044b2d9b79bb80f785ce292b9,1,credit_card,4,98.34
067cdcc9257641b7d0ed7a49a466dd8d,1,credit_card,2,108.87
0cee13b4c26d8a1508693a49a3859285,1,credit_card,5,269.28
0494f6deee34c3bcc09e66f364b0e5a4,1,credit_card,5,64.22
0281b24682fddf0c7efcaa299b066827,1,credit_card,1,91.99
0b517c01a5b46fd3e16b389ea6f4ad3a,1,credit_card,1,22.56
045eff272f42f0ae0191149686f193e1,1,credit_card,4,84.36
0bbb3f7791a87d0307555e57da3a1ff1,7,voucher,1,14.92
0849ccbfff0e8fd7168be6a62ca74a0d,1,credit_card,4,99.90
0068468c453d28c8ef3fd089e50a5847,1,credit_card,3,489.85
03ceacbc3d61dcaeade2b6b1ccc5fcfa,1,credit_card,8,81.89
0bd94afa88fb4a4ad9657569c9cc9ed2,1,credit_card,1,38.24
0affd51e37e6621004e4fe4fd7c64f4b,1,debit_card,1,1353.28
0380d4bc2621c9c80b674b729d4c6c02,1,credit_card,7,77.78
07261a56ea5f8537a7bc47d5155d2f40,1,boleto,1,75.11
0b35523db4e1c1ee70badc36fc9a4dba,1,credit_card,3,156.68
00061f2a7bc09da83e415a52dc8a4af1,1,credit_card,3,68.87
068d0d74dbf3b124a2b65bb2aad2387a,1,boleto,1,171.44
06ab29b4849c4417bdac17b1e8a6e482,1,credit_card,1,109.79
0357e50e9686e55b75e6873a97993075,1,boleto,1,63.51
06bb67936cfa5ac3f449e4f6733de4b1,3,voucher,1,20.00
016726239765c18f66826453f39c64e3,1,credit_card,10,265.77
056793ca2483a5d5943cb5bd90f5b314,1,boleto,1,39.46
0ab93232e2390bb66ff047c39fd91077,1,boleto,1,76.85
0c02a4cb5207e682d63a1343cbddd13b,1,credit_card,1,99.34
04bc36cd51141e11c2cbbd188b6e47ca,1,credit_card,1,58.41
051d3d717e96b76b07fc9076b88d671f,1,boleto,1,86.61
02aeeaf3075593045bf2f59a7109e2c1,1,credit_card,5,71.95
0217ad862ae7391cc3964c07ce3d6ea1,1,credit_card,3,117.85
084ac56b13107e32ab92934f70638bc9,1,credit_card,10,1271.98
09e6dfb3a40d9c2e75458a76ff06e2d5,1,credit_card,2,45.86
0b49ef15b00408f4b3cc8c7ac0c5ae19,1,credit_card,3,94.10
0c51264bdcbe5893081232bba640dba0,1,credit_card,6,94.31
01ebb9ed879d6fa1da4857ed617972ab,1,boleto,1,43.86
0731519818400f39a85714db501f1781,2,voucher,1,99.90
0cedb7b34000334cf6a9e407fcaa5203,1,credit_card,4,241.65
05123197f45cd213617dbd9523bd23f7,1,credit_card,6,136.50
02ec4da9d03014f06d711d60eb37cc22,2,voucher,1,75.97
0a9578b7213cdc97d31f2e5b5a359bdf,1,credit_card,1,82.13
01144cadcf64b6427f0a6580a3033220,1,credit_card,8,171.30
02de39953ce1cf1f7c6d46aac400ee82,1,debit_card,1,87.58
00f86b368251d739f1896d41469b2b7a,1,credit_card,4,175.05
0ba2b0331265d38d1c6670ed6c749732,1,credit_card,3,218.11
02a98752595ee9d94c570ad3e18055b4,1,credit_card,2,80.40
0203892ed7a2b76401830f4b82a5a34c,1,credit_card,1,48.62
092a7de4b983f4ee3e77af64e2f8c9e8,1,credit_card,1,0.59
01f66e58769f84129811d43eefd187fb,1,credit_card,1,87.62
0be7e98768e4af5d5f972b05d01a82e1,1,credit_card,1,77.89
0c7ccdb239bd524a31dc66094fa59626,1,boleto,1,55.10
07d60a76803db63f0ca6708011e8cf9b,1,voucher,1,100.00
0bde6dfc382fc35f1a5ebf8ddf8e639d,1,credit_card,1,99.90
046bac99a3d9ff45ef86ebcd710b972a,1,credit_card,4,108.53
083fa2fb9d3de18eabbb3427045a1a1f,1,credit_card,5,137.93
062bddc5be851fec2b59598cc33498cd,1,credit_card,10,1549.41
078f6a01964ee122ef20881df839af31,1,credit_card,10,2419.20
083556b25c9ff2ecef87ad43b8d265cc,1,credit_card,1,128.78
00beb247698c6aae94e3f859d279e2cd,1,boleto,1,52.39
016b451bbcd4f0766dcbeb082cfe89db,1,credit_card,8,415.96
04c3465b312fdf85de8e4cf4dc186600,1,credit_card,2,22.20
0b9b1c5bbb14862e0e96660280048b04,1,credit_card,1,16.38
09f86d1a5a7c2e8dddd1850a65f5a5d4,1,credit_card,2,24.83
01b02139ac5f79a5de2c56284af7bb3e,1,boleto,1,148.51
0ac69790e2a6e4c075edbd78648a3594,1,debit_card,1,14.89
0641d69ef04d0d7b004cb9ec0106c3ea,1,credit_card,3,212.07
0470834755105bf0bb1c3062a73f1d99,1,boleto,1,51.50
079c9f53e6c3253320db701a645b0b9a,1,credit_card,9,98.23
06ba8c77c2419a72756b5660b04e3188,1,boleto,1,231.88
02dbd29bc7a490d582762fae9f0fd997,1,credit_card,1,19.95
0cc53a27cb4eec43723454e212e469cc,1,credit_card,10,192.44
099be5827a2f9692b1c1ad111affc9d1,1,boleto,1,46.78
0933fe2645eef2cb8ca4aeadb9d3834b,1,credit_card,1,75.10
063009988101940b4392ba9b2f2ca112,1,boleto,1,28.20
00254baeb6c932b0a8aeead91fbd02b5,1,credit_card,2,193.01
05f3fc274d71ebbd552966d716c9039d,1,credit_card,2,167.97
0c63eb238a8ea5d783171577db5d7f70,1,boleto,1,28.80
045d2b8e16b8512db26e4d3d1a3e5198,1,credit_card,1,47.78
0359f367ef22ad541b0bdc484158be09,1,credit_card,10,223.48
07f267d3cb28221009ef6852101d70c7,1,credit_card,2,38.01
0814daa4d12a646aeb73c429d5852f4d,2,voucher,1,47.05
0896eccb8187d6b1738ce4a3a1add1b3,1,credit_card,1,105.69
0176d7e16d1bd14cde42d9d3a24e525b,1,credit_card,4,102.22
0650ef96422834cca0cc7799efbf6307,1,credit_card,2,118.88
0a4e4a3dd6cacc3db584029b55817aac,1,credit_card,1,114.74
03ecec245220b63fd7f68c1737ba99ba,2,voucher,1,56.39
07f593272eee0c411250e23e84846787,1,credit_card,2,58.49
034bc91b27d0de97e2ffa04946137764,1,boleto,1,54.00
0b4379c15168b7275dd2ee52a06f4294,1,credit_card,6,61.01
07e8a98c9affe8a0d02edf6229912b90,1,credit_card,7,167.62
0c6b011f8a4f87010c23995f5807d152,1,credit_card,6,66.02
07f56da421233e467768e579872a0a9b,1,credit_card,1,39.28
0b3e1c68302779e0c67d97c5b8ed17f7,1,credit_card,10,343.51
0bfbb90a7081700d37f79af63c088655,1,credit_card,3,34.09
0b1ebd05e50ebf9d1fc97b8b1ed874b7,1,credit_card,1,68.95
0a499296998c5b2e877297984bdf657c,1,credit_card,1,30.27
0ba1123843391ede0901811438202c24,1,credit_card,5,56.39
0a5a672ddd7b5921439a990ff8efbb1b,1,boleto,1,49.55
09581168b7c3d1c4480d4ba7a8437bdd,1,credit_card,7,144.03
096577992f6aef252ccc5ae7da09be09,1,boleto,1,42.35
069514f19868af8a75ebe98f43d33900,1,credit_card,2,99.11
058a48943f3034afea88ff56b960dfdb,1,credit_card,5,62.10
0b8265df142be25383b96d66f4150f0b,1,credit_card,1,33.54
02557013eeaffd86a6cc5ffd80a4b54e,1,credit_card,2,198.88
0292fb46a5e22715459cb9a7b96e7aae,1,boleto,1,82.45
00169e31ef4b29deaae414f9a5e95929,1,boleto,1,55.11
0c13a63ac0ab32f6187a8347b7a3ce2a,1,credit_card,5,55.32
02f2f6063eb01b5e6e29bda347635389,1,boleto,1,56.39
0b9bb234d95f41600497d59b42087c39,1,boleto,1,219.38
01be2f7ca246adb9112cb75096af2ee0,1,credit_card,2,172.62
048f3e9b77a965f84a501a7f29076128,1,credit_card,10,454.48
012973f4cb6743d00d7e2644ddc8804c,1,credit_card,1,33.32
0a31cb63d4483ffbef1d5503752a0b5d,1,credit_card,2,46.09
0778921b814304f85cb9188625e50625,1,credit_card,1,146.46
092a7de4b983f4ee3e77af64e2f8c9e8,2,voucher,1,29.64
06556f76bd21201c0deb015022757aa8,1,credit_card,4,167.29
0220b52f0b019739726d80c64bd4bf08,1,credit_card,4,40.09
077743f9ba8964fff85ace5b958e5284,1,credit_card,10,137.89
0b50495c5cfeda8c9d7abfe80aea74e4,1,credit_card,5,57.22
07bdb6811431a929abbd2ada5c891dc5,1,credit_card,4,177.88
09722e140e3e1e92b67fd75e2b14b6fb,1,credit_card,3,501.72
0c635f2fc897dc04b56643f997f25d33,1,boleto,1,72.84
00e1bdb3f1388c8ed222597ee4fa01e7,1,boleto,1,437.59
049999b745ab7d4bc3ddf00181c39d56,1,credit_card,1,32.77
045fb730a757a5379d79bdbc42d4e84b,1,boleto,1,48.48
0173932ad60ecb31c620fc523d9f40bd,1,credit_card,4,46.00
0b736121c8d0bffe6c9e592d6f91ba5c,1,credit_card,5,109.18
0b3aeaf1fb363edeaf5062df39515084,1,boleto,1,754.56
0c87b31e37ed8557e234cec91546d4cc,1,credit_card,2,399.16
030106c028266ae3345eb9bf6dd790c1,1,credit_card,1,73.65
02b8c16664d3c254052472397ae6d244,1,boleto,1,121.10
004d76fef3dd46eb4f70da049c8d1f93,1,boleto,1,147.39
0b88df5bf12a6df08bf27d7db86e4ab6,1,credit_card,5,60.05
0c7f49fc339a1aa66222dc4af4eeafd7,1,boleto,1,76.88
0653c5290cf561492eae4f626799994d,1,credit_card,2,162.64
0b5588f04551d90ee148462bb65dfddf,1,debit_card,1,146.12
0cd266ef44ad3b8afcae07e465edecc9,1,credit_card,1,41.00
05093c063b3e4c3b5f4ef831d7da7fd5,1,credit_card,5,115.15
08d138a502fa05af63ac4005311484f9,2,voucher,1,41.45
019b02e139cfcd97f93366f7a38f5695,1,credit_card,3,133.95
057cb6913750cc04b72dbeb174afb208,1,credit_card,5,56.49
07ce92f08ada3b994983794188b7a902,1,credit_card,8,212.56
000e562887b1f2006d75e0be9558292e,1,credit_card,4,41.11
073632ef894dcb45601e326b8d97cd11,1,credit_card,1,157.88
0aead977f249a62158c114e4460c37cc,1,credit_card,2,104.09
0755fe651d86dd2feb3c6fff952d81e8,1,credit_card,3,149.00
05302619b1bff6733f64a97851af68cd,1,boleto,1,44.09
028e37ed7cdd54ad41506f61df708cf9,1,credit_card,2,23.38
0cee95c34f2cd6a8e38d9b170b9a468e,1,credit_card,1,117.96
0550f231a3ccfd0e87217ef2e816c7dc,1,credit_card,4,78.42
0cb617c8bf1a34cf77947ac7d8b393f0,1,credit_card,6,60.86
019886de8f385a39b75bedbb726fd4ef,1,credit_card,2,188.40
01c391e962558d0793e8dd8f6bad0999,1,credit_card,4,96.70
0c3da4384feb21f0def324b1b7d6f082,1,credit_card,3,415.54
080480ad9ab2cde9dd7f580cc063ecc9,1,credit_card,3,87.97
067e0bf1a58a53c58a1e15f5143ae36e,1,credit_card,3,100.34
0a68b93a3fda1e48b30171c8db35b938,1,credit_card,8,381.17
02c371100bf54facae80322579c7fefb,1,credit_card,1,59.24
095234196e1f3c4feadc4dca677b3971,1,boleto,1,200.01
0c1457493ca1492c4a4417fc278605b0,1,credit_card,10,106.73
05387d537bd2e5027aadbfb6a5123e4b,1,credit_card,1,43.78
018778568fad26695334c784563c08d4,1,credit_card,4,60.01
082143e4f5f63e4e768aa4d5c70d0d02,1,credit_card,6,78.48
03183d4abec30f2231280b2746c66d06,1,credit_card,5,54.09
021397df4601b61a8bd063be9b5c54a0,1,credit_card,4,352.05
059a13b49c0fb6d21e423fad48ad1c44,1,credit_card,6,166.46
06ac7ebfcfa33f6656f031deaaf74a05,1,credit_card,3,161.38
0a1f877f7653fce5563de42726f033ca,1,credit_card,3,31.73
0cce1e1470bc8d35d6a2bebb6991bc1b,1,credit_card,2,54.18
0cd0bff6841594d9006994fcfbf3e44b,1,boleto,1,32.10
0c283c8e0c146f4528295a6f4ade284f,1,boleto,1,158.07
0cb32545f515420d9f3cba2c55ae3c4f,1,credit_card,2,289.79
015fb6b5f739788434fa690540f90f19,1,boleto,1,475.96
04bf4de54cc6a9145f3ca780b9f45d54,1,boleto,1,76.08
01a15ee6a1b9050e7678b72cb4c3b486,1,credit_card,3,198.10
04a772c0620384a8776c4fbcf4af5c01,1,credit_card,1,90.19
0888cf8a7f975f34f13e851049b35dd6,1,credit_card,1,68.12
02b57854fda246aca8459d17f5ccbffa,1,boleto,1,61.72
0bd8d3c647ff6125dc1689eecf809a90,1,credit_card,3,32.13
003a94f778ef8cfd50247c8c1b582257,1,credit_card,1,57.98
098f60afb74eab906fedaf802a833a97,1,boleto,1,48.28
09fc554c8d37d678a6c182c5592ea881,1,credit_card,1,62.28
03d11bececb87dec8b11f5bd6fa62472,1,credit_card,2,143.02
0668f439eec2e9edf7b24687cba7acd7,1,credit_card,1,164.70
0b47f5e9432bd433f8c5cf64e60e6e5f,6,voucher,1,20.00
0c06a823dbc08a3948528a087cc01906,1,credit_card,1,76.51
0584a31bb6abbd3dcc27e2d464ac863d,1,boleto,1,21.62
028aa7c930356788f861ed1b7f984819,1,credit_card,6,62.94
017c9c82265e832840e4209750680e94,1,credit_card,3,185.86
04211073930bd30b88b8170431a071ed,1,boleto,1,34.00
084051935208c688c8cd5fae3d15810d,1,voucher,1,62.68
021f21b778ea0a81da47ebe141b1b29c,1,credit_card,3,153.27
0cabda713646db439e030172e3feea6d,1,credit_card,10,349.10
0b127810f86631fa896fd74a421045f8,1,credit_card,5,155.14
013bc77d3ca5fba084a241fdcb307393,2,voucher,1,17.72
0c897c38d294bbc817bc78528cb47e27,1,credit_card,5,111.10
02efbfba398618f44f8c4097d6822ddd,1,credit_card,1,37.37
0a5e1bafba05f64884feb58a0bd822a0,1,credit_card,2,154.67
00c9d0257381c7e9ec13b4505f25b2cf,1,credit_card,7,387.57
08ac0336730e831f16eeadf576564ff3,1,credit_card,1,44.28
07a3ecc544326f0c462c5423eaca1812,1,boleto,1,183.43
0973b2846805e4eaacbdff441e3dbc8e,1,boleto,1,45.69
030aeef4719e9d33e0c39bd00a9a14be,1,credit_card,10,438.22
04ebaf1d65a804a49b4b1011467aaf47,1,credit_card,3,36.35
0425635629d7b1e1aefedf34bd15e289,1,credit_card,1,53.37
030c7ec55b04c23a239cd70bd9750e18,1,credit_card,8,83.41
02659c8edf02d1cb48b8b388ac7da90e,1,credit_card,2,202.34
0c5a9096edbc36c60badeda355d91e19,1,boleto,1,287.95
05ec8e2b68474e347ff47b71274e2361,1,credit_card,4,319.19
09233a8391db7e924af12815e4c07423,1,credit_card,1,87.30
002c9def9c9b951b1bec6d50753c9891,1,credit_card,1,173.80
03f51c9adce893f63936c5146701aa2f,1,credit_card,2,370.57
097d6bb9430467d7744c857f5d023959,1,credit_card,1,122.70
035678e70978296fb0e7469a611c322e,2,voucher,1,149.90
02d9d1d66bff41ffbce36cb7248351f3,1,credit_card,10,120.25
00f6ac4816d12f49026b09f2aa77d15f,1,credit_card,3,163.32
05e6d57ea1f64b4e9a0b37c669515cfc,2,voucher,1,82.46
0adea70aa873a352ff8c3646aec71c31,1,credit_card,4,191.58
0c6715b2f888887f2ab9c7d6e099d38b,1,boleto,1,72.45
06f539e73d3a46feae1fa4667cc82f98,1,credit_card,5,56.78
09cd0ef00759c25af3a62b31366074bb,1,credit_card,10,109.12
0cbfa7741e21d7a732157a50ad8381de,1,credit_card,8,101.50
03ea970e60ecfa4b84a69ddc665262a5,1,credit_card,6,132.57
0204196a1fd266bdc00356eb791b4516,1,credit_card,2,133.28
09be8ba0b5c0e3195ef77302707a192f,1,credit_card,10,488.55
0532db7075ba24a851a342f08d0e0b39,1,credit_card,10,213.41
0c4e23cb9c6ec62bd75c1019d58747f0,1,credit_card,2,55.00
04782e9b6da0d4326e534dae5dd3e09e,1,credit_card,5,53.22
05dbe6bf3e09d4e05160a98d0a926bb1,1,credit_card,2,173.92
00335f75ea6a4455b524a8dd177067f5,1,credit_card,4,177.01
06375e8bcbe64fb1da3b499fa42a7991,1,boleto,1,1981.22
0cda3f4a118f3654ee4e487e867fa036,1,boleto,1,106.87
059cd34e948c8025e660c89c0de2d792,1,credit_card,4,76.36
0205c3dd6f4d8e348ee72fffd114fec4,1,credit_card,5,74.67
098a083175759c53525b6288a6e46119,1,credit_card,2,26.28
0257956857cf61994611a0a19f4bc247,1,credit_card,1,70.02
08320dbc54cab8156a9a9f7c74a8b078,1,credit_card,1,154.20
04b3f8c1795246a5d14db7496d570bc9,1,credit_card,1,101.96
0113c9989fe6e5007795daec0633b405,1,credit_card,1,128.88
0337e9398b087d93f41230ceb2410b50,1,credit_card,1,36.73
0bb4c390179e95dbed8944e735b7da62,1,credit_card,1,112.25
0517ba063462fdd36525fd7e9ef72cee,1,credit_card,5,375.52
074a6843b445107d87cbfaa88e2e642f,1,boleto,1,41.76
02beac5428ccbd30f4b3fbded058289f,1,boleto,1,126.53
0903715a744e53db0a04d441d50d22cb,1,credit_card,10,193.00
03d6e874e44c091359a3ad62f2bec233,1,boleto,1,68.64
006f7dfffe2d90809598e8f1972b829b,1,credit_card,3,52.64
01c4f4e08d9e8b7c5bd47e612285993f,1,boleto,1,62.41
01e7cf79ff6fdb0a65634f714c67dd24,1,credit_card,1,39.15
03171e00c28f7c3e5c779c2c1009a458,1,credit_card,7,158.74
02ef9aa8b6692c2ff049065f5a150c28,1,credit_card,1,45.21
0a0b0479c9e05814f250c7bea5b1a95c,1,credit_card,3,274.54
04221a4eb2e1a30903ffaaa72f8b268c,1,credit_card,1,52.93
0cd27a304d5325e6b68ff9895525e09c,1,credit_card,1,119.84
0359008adff4c1def5a09bb92f7a5aa8,1,boleto,1,310.53
0a7f4604ee9cab65020038275efe1d76,1,boleto,1,72.18
0b87d9e59c7c19b041fe36e77aa33a42,1,credit_card,2,64.62
04c35d9b971c2df38635b6c4a1983c35,2,voucher,1,578.01
027e4543814c3b3509bbe890c569a841,1,credit_card,6,383.12
044496e055fca9c2f17e1309e77a48b6,1,credit_card,8,156.23
02a0929986b1647b2df9bb303b4851b9,1,credit_card,1,298.58
09d048d5bfb9dd1a82f696ce9863e9b0,3,voucher,1,150.00
04287a84357d7a29361c0948ee9bb4b4,1,credit_card,2,66.07
076a94fba0a6b3a82345423e9f1bd3dc,1,credit_card,1,97.71
0c305fc5f37a5b8e64e24b2ea39b7aad,1,credit_card,3,94.14
09684ae9062cccfa9bbd158453857401,1,credit_card,8,186.85
0b3f84ce012f341897587c6e4e73f68e,1,credit_card,5,198.20
00858d03144cc35cfd1dd043647e7c88,1,credit_card,1,184.03
03c1d25d82f404ea1fdfae8eb0b4c314,1,credit_card,1,117.04
0c17d2ca8fea3e6d807410a0c0c44746,1,credit_card,4,241.25
07bec24c128f1f4047bfc582732c1d9d,1,credit_card,1,87.71
0ccb5b7bf95c5b642f3717b08c633361,2,voucher,1,25.56
00602f25bffa1dcfb71e202fbf9824fb,1,boleto,1,93.92
05c3b5a011d47cd6cd88d4c5d6c15b90,1,voucher,1,116.94
0597a201736db0915eac0e92b5e0f6d9,1,boleto,1,111.89
04da4dc0ed95cc93f9f25375fa08ad47,1,credit_card,7,261.29
076291ccc60bbd19ff77babbb78324d5,1,credit_card,9,270.61
08915d73ff742886f0b4c9429af3c959,1,boleto,1,98.16
09e0732990558bc7eb24650cd444d8fb,1,boleto,1,52.53
0406e86d8cc991f78438e19919b901de,1,credit_card,4,81.92
01cc355e35cf24d314afe6de16c38712,1,boleto,1,46.95
024a74550cdbd36c0fe3955fc9e2bcf0,1,credit_card,1,35.45
05a2d609ab3024701d66a27590ea1d68,1,voucher,1,114.37
083dcf8ec0ff8aedc0d7ad8063baad80,1,credit_card,2,136.60
077c116b10b1c482b78d24fad9fa14a3,1,credit_card,2,56.45
0a14f9fc5324099db2a5418351592675,1,credit_card,1,85.24
0690b2d9b983cf580f407531575622c5,1,credit_card,1,126.64
0b3407e419ef6be66392971885acce73,1,credit_card,2,577.60
0b01066982af6f2681ea9b0169f0d987,1,credit_card,3,129.59
0abd009f16e89981bdb8ef51c8df289e,1,credit_card,1,487.38
0b4129a3415a486e4965d618f9b5debf,1,credit_card,10,126.11
07f6b1ad9ba4f7a4d2326adf7b8f517f,1,credit_card,2,106.91
0a178d660889f4e9ef1087483fd6ce9d,1,credit_card,1,40.95
0825a0aa574e4d49396e37335aa640f1,1,credit_card,3,192.98
0ce17a5e9ad81a5eb5a948080e9b4332,1,boleto,1,44.69
0ccc4d2c7102c48188f50be5107fe442,1,credit_card,10,1738.17
06d7e8a85f5cfef576c5303ed7d7f2e5,1,credit_card,7,72.02
0b9705637e1c3ef0cc684ae4f190964b,1,boleto,1,97.21
0828ce181ff4d87d201f07043986d0d2,1,credit_card,10,106.62
09bcbc199f0fa4268cc0122304696ea4,1,credit_card,9,96.22
036ca0743763d04fe093cfecfa2b2e14,1,credit_card,2,152.72
0cbe8449b3c0fac35f49a95db13cbda9,1,credit_card,1,207.09
0aeae688def7b96d0f56187115a7a8cf,1,boleto,1,66.66
09c03e22399940d7e6fb194297ae84a3,1,credit_card,2,119.88
00c9d9e61ed13f5bf2f0344da1aa4775,1,credit_card,2,56.29
066783a7a5bfa25f21a22e17c7ec9137,1,credit_card,6,65.05
09026ebcef956ddfbc9af4af7c46d377,2,voucher,1,51.04
0794929f95ad2d3371bf525e22a2603f,1,boleto,1,181.47
02d8a3fffa425e73385cc7f7a6518fbe,1,credit_card,1,21.39
00fcf938cde49ae138942b632ed62393,1,boleto,1,50.34
045e848420a12f1b3dbcb2e6e375852b,1,credit_card,2,54.44
02be6bbf24cd996eb35dad6e9e7a09ab,1,credit_card,3,260.00
04f2e46bdb0ab9fb67a417100fb3ca71,1,boleto,1,55.10
07ca60831e2821d9443f1a0dccecf9ca,1,credit_card,4,137.07
00bd50cdd31bd22e9081e6e2d5b3577b,3,voucher,1,40.46
0c511eb6cecb1f110a807dad27440c81,1,credit_card,1,65.50
04d49c33fa60bbc46ab8514d0811d0e3,1,credit_card,1,46.56
0a87a60c5403e51a0e85e4ed7c3c2bdf,1,credit_card,2,261.16
082e1d9362de402518ac4c47b4d82dd0,1,boleto,1,58.17
034d69957b2269cb4e06b31561b64973,1,credit_card,2,137.45
07b6fba80722b4ba2988ef68f8e20c9f,1,boleto,1,113.43
00378c6c981f234634c0b9d6128df6dd,1,credit_card,2,52.85
03b0f1587efe1abafd2dfd0e900b1eb2,1,credit_card,2,149.36
0a3fcfaf1098f95867cdeeb766561eae,1,boleto,1,59.68
015975a1ff4fdab8ae6f42eaaffd39fb,1,credit_card,3,167.45
0961e67affdacb23a647b67618e2bc70,1,credit_card,5,283.20
06743668e599a5ca8cfe58b46d058fc1,1,credit_card,6,148.20
043671e7714932580dc35789804ffbcc,1,credit_card,5,117.77
0989631de28d3313632d2c5f34a71f57,1,credit_card,2,79.68
08783e3047d2cdfcccfcb9ee5b45772f,1,credit_card,1,82.39
0ab0e6cc12734a3c6311f9a0db8b2555,1,credit_card,1,30.79
01f74145603bef2ef33949099b48ad28,1,credit_card,6,87.64
0c228f37770f365a3d0e1f7493595e09,1,boleto,1,102.12
01a1969ee54e7016bcc0cfeb4fa8c634,1,credit_card,4,207.25
0ab3d92f71090c758d1df7ff889a9335,2,voucher,1,111.26
017b1d6881222283afdc50baf3dcb0d5,1,boleto,1,87.30
054df8d1a5ab3cf520be20c25d98f5f4,1,credit_card,1,59.92
0bed480c1f9245de6f38a5c738dfc5f3,1,boleto,1,83.41
019edbdfeb6923e55558362c2b84ec37,1,boleto,1,78.78
093e91ac900104e2f587ff8d020447aa,1,credit_card,1,450.16
0c7eb5879f5e105bea55f6edcc70659c,1,boleto,1,52.96
04e2e5f16cad2f04bb156a4bcc034520,1,credit_card,1,64.10
081d8e7957ea9756d18875b8505c2886,1,credit_card,1,56.05
0c4a286213e6b3657aa94773d386a229,1,credit_card,1,15.71
093a73d7cb4b891645273a1879e6161f,1,credit_card,1,37.13
0a46f220430c5aeaea27e7ebc76bae76,1,credit_card,1,64.42
00efb72d8e18533f736e86770705d094,1,credit_card,2,89.96
090df55d4945ec96f88731875465407d,1,credit_card,4,73.34
02913330a2afb68b49bc9c5370bd5517,1,credit_card,10,121.88
068ded3b756569845d5ede597fe3b9d6,1,boleto,1,52.38
09f58c00f941827ab206de7796785e44,1,boleto,1,17.62
036ff362f1e7465c0ecad8f54b2e6c06,1,credit_card,8,194.00
0552997d7a7283a7761acc3a5f9bcefd,1,credit_card,1,37.09
029c366599ce117100419a093b7f6132,1,credit_card,2,111.71
056857abb03503b756f596e42d86e10b,1,boleto,1,91.66
081dff6255d4b75937a72577339b2728,1,credit_card,1,52.88
00d85bfe0e28c91b69d0fe1f29255a31,1,boleto,1,203.67
0199115a1cbfc272c5bd53117772a64a,1,boleto,1,55.04
032e68585bbc07ebb038769737b9410f,1,credit_card,2,812.85
0bb7822b99c8352126fdad34ac75c53c,1,credit_card,10,335.47
00a174dbf11967d260033fa6ab711493,1,credit_card,1,291.43
083715659baf44018ac67f7914b85cdb,1,credit_card,3,92.90
066daea9ca27bdce0b0ef5e832427b6d,1,credit_card,2,41.34
0178ff2480e2e8fb84d456dd3dc3d777,1,boleto,1,29.78
08158c9f50214fc5872aba47814160e7,1,credit_card,6,309.77
008ce8764db2e397e153000e017475b6,1,credit_card,3,70.88
02e151e3ad2aa3f8e99de08c81a93c2c,1,credit_card,9,155.14
0c7e21efc59802d22c10a8fd7d3501ab,1,boleto,1,59.89
0cbc979bd11d1ef1cc7c050a0442c715,1,credit_card,1,75.17
0c9850b2c179c1ef60d2855e2751d1fa,1,credit_card,1,148.14
051c701261744807b2535ab976842f7e,1,credit_card,3,178.23
099ee5555931216b461149b6fa1957e6,1,credit_card,3,146.66
05ccdfa84392875afc23c1ae9f014ce4,1,credit_card,2,155.34
07d35f516238db3cf2e71da57744922d,1,credit_card,2,45.50
0acd987fec172c76297f6aadad48c67a,1,credit_card,1,27.39
011f9dff2545a2cf8ac1809faed3ec88,1,credit_card,10,126.26
0ce9a24111d850192a933fcaab6fbad3,1,credit_card,4,188.40
0b84f3f6163172e6ede5bbd0b5b98394,1,credit_card,3,60.62
0b446830af3811ef0d7c2e0db238af50,1,credit_card,1,6.16
084080266521db39cd371403f8534271,1,credit_card,6,108.59
04c28d1572e04b2b3e5b80ca7559e750,1,credit_card,3,98.52
0647f4a0c12192bfb5ea1032d2e2ecdb,1,credit_card,1,84.81
09a1022dc99a8046b87235a846062035,1,credit_card,1,36.13
08a2535facf687274c238d2c9f59b7ce,1,credit_card,1,646.60
0cc61cbbb97b708ac85f95f24e7e4439,1,credit_card,5,107.29
093e88889ed876560de2968023715771,1,credit_card,1,60.23
0914478fdcadbaa5c8c8b3442b4f28d2,1,voucher,1,56.78
0166cc8756d58b4a30fb49de83527120,1,credit_card,3,37.77
019d79b37e56c6d56d6323fed0c54d70,1,credit_card,3,66.11
0bfda094bb90714ad608c1b0bd16a458,1,credit_card,8,87.17
0a5a2c824e893eb66abd0d869f6c45e6,1,credit_card,1,160.50
0071ee2429bc1efdc43aa3e073a5290e,1,voucher,1,100.00
0c6a2732270e3f0f66bd73dbde93b59e,2,voucher,1,19.24
07edcfe51903bc7e23501f6b87f2bc46,1,credit_card,7,205.99
00a3a334aec7455a6d3319981499a3da,1,credit_card,3,36.35
01c79ae32ef95b276907d99e83fe57e5,1,voucher,1,24.68
033cf810fd3523203bbbf2ff579a7a4c,1,credit_card,1,35.41
00b5e1c770b1868ec1b6b726be3aa9b9,1,credit_card,1,59.25
0a4bcba63e99001ad0349d8832963afe,1,boleto,1,91.96
09e7742cede3e38bad12bf8e4e015d6c,1,boleto,1,182.14
04a28263e085d399c97ae49e0b477efa,1,credit_card,3,100.23
0c1eabff9739bc1f4ac404d1a8a13db5,1,credit_card,3,193.98
0796436a57062ff1b4a95616fdf3f2fa,1,credit_card,3,367.45
0a8e3f635501e67cdbd29e6ae3bda9ba,1,credit_card,3,33.13
09de1c09553be98d80e730e53641c515,1,credit_card,10,310.21
0855f6a946e8c4bef27d0ac24e524554,1,credit_card,2,71.14
035b790fa740b68de2d6f1a74f9b2098,1,credit_card,7,72.28
088833da9e3a3578817cee729d4e0a97,1,credit_card,1,90.46
072de9a4bbfba5f480706c24d61d25d2,1,boleto,1,133.28
02725851051698269253f0823e7824b6,1,credit_card,1,4.55
0a3ece2f39e596ede61967326bf7e969,1,credit_card,1,105.95
042e247be09aeae88a74e35766aa03ca,1,credit_card,5,153.32
0c23c36327d99027c61ca570921b0fb7,1,boleto,1,96.65
07cbd6088d2dc5108e16680fa00b7045,1,credit_card,1,78.10
08688e50bd932bdbd480bb25e55c70de,1,credit_card,1,44.09
031530e9ab00574597b21443baa61f08,1,credit_card,2,76.66
0240c9d87266e4cabc3bacdcdc6e77e4,1,credit_card,8,163.98
00bcee890eba57a9767c7b5ca12d3a1b,1,credit_card,10,772.50
0ccad283af81aa4910d7cd1e092326d1,1,boleto,1,124.52
04a59fe46fc5aa341da5378c195ed53c,1,credit_card,1,75.18
02fab07a655ce404330d65b508f32d9e,1,credit_card,4,287.97
0a02d8b1995030c91c63add1acba1fb2,1,voucher,1,102.82
0c03662cf0a2be624f6cfd189de46224,1,credit_card,10,818.12
04ad6306c963b60d59a354f6cb9a3e13,1,credit_card,9,232.97
0b8a99d7c60d2f4d09e094e974261cb2,1,boleto,1,239.44
07fa3b6d7ec7fa27de9d00bdc93d36cf,1,credit_card,1,75.42
045e9ebd4d41affc66333d58c3d107c1,1,credit_card,2,210.48
0acfe927eda045512670dbbf763b330a,1,credit_card,10,114.79
0bba959fbb649221ae07d0c128ba1809,1,credit_card,10,136.50
055eb7e5645d86bd278fc4f419622e8d,1,credit_card,3,156.08
0596e04bc1e3bb1649cf6d1f8545e5eb,1,credit_card,5,335.32
04df14e9618f3ad47f7b1e353b0b9c50,1,boleto,1,32.09
0928f756f49fcb66326d54f5d1bf7830,1,credit_card,4,49.09
0cf3d6e83dcc1117999a235fd6dae842,1,boleto,1,112.62
033ccfbdfc4d29677b7e1e6df3a82820,1,credit_card,3,30.82
0573bd213dab1f238af912e296c83944,1,credit_card,9,96.80
082b1b681e5c80c5334f290e6d5a5405,1,credit_card,1,55.54
01a75ac3dd000b7628a684be97c29234,1,credit_card,5,58.00
02702047ff5a89b9dd2f5afa7dcff91e,1,credit_card,1,58.69
00fb055886536063afa0dbee07a0944f,1,boleto,1,57.38
037e4ea044a589bcfbceb43210ba7024,1,credit_card,5,131.94
07ddc871675f337ce763af5edb521194,1,boleto,1,248.76
03181fddac1b424c893821ec539b2abf,1,credit_card,1,15.77
0c077fbe69b84abe12774536d0904060,1,credit_card,1,20.89
0ace5fbf6db2942061542a808558b9f7,1,credit_card,6,117.85
0611a79fca63467aea19ba6f75536058,1,credit_card,5,89.56
0877e8db9d779712c1c299b5bd8daa11,1,credit_card,4,45.62
09268d8b25dd31ae78b464efd453d069,1,boleto,1,246.24
0c16747a08be86a9c23f1cb8f3e7568c,1,credit_card,4,98.54
03dec253b6e471bd5b0653cc53b79e95,1,credit_card,1,158.38
0bdfd876931ec6df01297b40e9672c12,1,voucher,1,42.44
03f3ce5c73e3eaab0bdef61d0713ca0b,1,credit_card,4,187.87
0b2d6210fb2a3be6f54add89639740ab,1,credit_card,1,53.90
03138c298bfe1ee7855eefc9442346a8,1,credit_card,5,59.47
0a38b7de941db65679a11a300f782703,1,credit_card,5,426.07
059fd94aa8716f14743caff2f433be05,1,credit_card,10,1368.87
081c75b9982020f01f5672792408d728,1,credit_card,3,47.32
09ae30c3aa82707a515bda0df370f7d2,1,credit_card,3,83.75
0b5b77a10f85ebcb19877591a0550895,1,boleto,1,49.40
05ebeda0c1aefd787e0ddc914af75039,1,credit_card,5,407.68
08804ff605210017ad305e46cbd4e3c8,1,credit_card,5,182.11
012670c73246a753cbde0a215c2b9e8f,1,credit_card,1,114.84
042d7868efeb34d5748cf9262016f6be,1,boleto,1,112.43
0a95a336d341691ae0e6359713af3cd3,1,credit_card,4,305.68
08796d7a1fa345c5bce8f3f53435e21c,1,boleto,1,88.71
0cd631e2d8ce9cf21c9ebe5b44f3a8c2,1,credit_card,1,78.71
049fa9a29ba386943ccbd0954fe8b8a0,1,credit_card,4,103.26
00c842d0ae6462afc1d38fc055b02c75,1,debit_card,1,77.57
07983cb4fc401b8663874432b9b14124,1,credit_card,2,92.97
078c97da8566e6052ff4f0925dadcbb4,1,credit_card,3,53.78
07a4d91148af619890def9a1ac3de73f,1,credit_card,1,155.85
00f8fc0cb9d9b7813f1f54fbd75426f1,1,credit_card,1,163.77
0b19db7ca9db8caff754ff63f59f67df,1,credit_card,2,125.88
0777f4238fa29d5c69367c8847a2f6ec,1,credit_card,5,193.84
090e9f5faaeef6a858eb1663e67c0838,1,credit_card,10,195.43
05afef1c185862cab9062b322ff25cc5,1,credit_card,6,101.32
0a4581df52d24b72b87ae0feb1b11d08,1,credit_card,5,98.04
03ea231452f07988edc699573fb971d7,1,credit_card,1,255.96
088858a852d62de0c175c9cc4bc0ddb6,1,credit_card,2,111.76
0260196efc012b1f83d543ba8220d0ee,1,credit_card,2,123.54
0bda8164c1a12b6a388ebec8559ee287,1,boleto,1,15.62
0778b810e2b38affa71607aa32043365,1,credit_card,4,43.09
05b126974a95c4a8c2ed51e8e0334c6e,1,credit_card,2,144.65
080c5db822472f28f4193dc902b9be32,1,boleto,1,59.09
05e2ab8de37670d9d0524473585092ec,1,boleto,1,173.84
00c95282163553a982f38481f9488481,1,credit_card,1,64.90
07d393eec6ab2c8c4a90dd4344b6abf9,1,boleto,1,252.66
077ba6845168434024e83698d3f8fcae,1,credit_card,10,257.91
0c6ec1022958b35c45335231ea396ad2,1,credit_card,2,207.52
072e34b42ad90d7472e9a798f19a6bdb,1,credit_card,8,85.60
0ce1d0a0c2f36c2ba5f02094119bbebd,1,credit_card,3,218.10
0b0d8e5883c78ff45f2f1b7c511151db,1,boleto,1,66.79
011405ae7b89def8ffb3468eb29c299d,1,credit_card,1,37.86
076ae5516316ecf9f17dc3cc78437eac,1,credit_card,1,44.69
009838529bb913846ab6670d22865381,1,credit_card,6,176.40
0a53fca4f1040863a7aa5e7b0634ac09,1,credit_card,3,54.00
003f201cdd39cdd59b6447cff2195456,1,credit_card,2,204.06
04f7b342a4b3d7b33bdf6aade899d685,1,credit_card,1,30.58
000229ec398224ef6ca0657da4fc703e,1,credit_card,5,216.87
014e78d1239f19fdcafd760d3e52f923,1,credit_card,1,28.50
014e7d12255fc66b5ea5e6c93eb4be7b,1,credit_card,1,94.30
0ca492845a50b96f1143aaa61470c070,1,credit_card,2,72.48
00a870c6c06346e85335524935c600c0,1,credit_card,1,69.90
0410fab6a2d13d2339283e1e2522518f,1,credit_card,5,103.16
0b0adccd993fe865dc205586fc9fd045,1,credit_card,4,93.65
016b1af508245e59ef75d83e3fe20a92,1,boleto,1,147.64
022d4b171a04520ca2113a48b6b61380,1,credit_card,1,70.04
01a4ec962d7589584c11650ca20d728b,1,credit_card,10,421.33
0a9f89404bdc46f9d6be1c8c0226ba85,1,credit_card,2,122.47
07182ece031138fc6c7f81b60b1eb329,1,credit_card,2,58.24
0ce15b4615f37580142c31f7da6147e3,1,boleto,1,41.00
00a843f5a80c7aea894c558acc29f513,1,credit_card,4,47.09
0ccb884361ec00003176dab0ea647f59,1,credit_card,2,133.08
0ae08ad3fa90d3854fb8e22472d9b1a0,1,credit_card,1,76.36
0abc76160f3b4b423ec1bcece0ade723,1,credit_card,5,55.75
0aee3a9d7c585888c61c307c40df0c0b,1,credit_card,8,85.85
02bbf7328b514a90bedde6541c213811,1,credit_card,3,39.62
01f04ef1bf8714247c5286afd8579353,1,credit_card,8,233.13
056c68d093c100017aab1f00f260705c,2,debit_card,1,52.78
06f8ee6a5ff26786c382b4fcf5b8ebe7,1,credit_card,6,139.07
0a2a2670426b66ba24372c7d03da2ca7,1,credit_card,1,49.69
08bf75dcf867b9f13026785053e87052,1,credit_card,2,57.80
06ff862a85c2402aa52dc9edf150bf30,1,boleto,1,59.53
00b4a910f64f24dbcac04fe54088a443,2,voucher,1,48.05
02c13bb9b84866055ea2074cc6a83a16,1,credit_card,10,163.06
0616b1a248556f0f4c5aea97beb0729a,1,credit_card,3,168.64
002d040018d12a3853c059f7f23ab5b1,1,boleto,1,169.84
075a1f22c075396feebed8c71f5ccdb2,1,credit_card,1,187.34
0c1131dcb8c6ec0c895af6aea3e70983,1,credit_card,4,218.10
015ed18d7ea7ca5c14f3c1decc55daf1,1,credit_card,1,69.16
05fb90958eaf5f1c3287acf11060525e,1,credit_card,3,62.70
006c42f310102c1910b3c5793ce5fc34,1,credit_card,3,250.79
09aea357bd7fde763e2358cc9e413513,1,credit_card,1,39.24
0ab82628350881eff00a09a3a0c73970,1,credit_card,1,89.66
0bcf4c7784f314d5c92bcfc30b7813e2,1,credit_card,4,45.22
08904f6557108c451821501ca9e6aa4a,1,credit_card,3,99.70
0658b7d98d204e0beefedd5e8c0fad45,1,credit_card,15,152.88
063dda01b3489ce5f3bc164801e6e3e9,1,credit_card,3,137.75
053abf362c2b73b283a3bd5a814320ac,1,credit_card,1,97.87
0749c0c521a53f4a99f4c7be0d92df95,1,credit_card,1,34.75
069ba523744cdda8bdd148d748540487,1,credit_card,2,97.66
0561429ac3333cdeaff4cdd6bd1ebfb6,1,boleto,1,51.14
08f47d708b29e500be7ee1576343f2f9,1,boleto,1,52.28
0b29af0ace8656af84d2a20b635e697b,1,credit_card,4,135.92
0771dcbed01969791b77f20d05573b89,1,credit_card,2,67.30
0975d77f1213304145f61b455a53792c,1,boleto,1,148.15
0c71a69769943ff74326682f85d34be9,1,credit_card,1,102.37
0736d2c28616a3c87bb2f53f71c94575,1,credit_card,3,56.78
039ab3369f399f5a3ac25e99435a8251,1,boleto,1,89.99
036cec7829a9824855ee4c751a430313,1,boleto,1,37.38
08d9736edf0d305e722fce35c395b8f6,1,credit_card,5,107.81
005b49de51a4e006055e8487a50ad8e4,1,credit_card,4,61.38
07f6d8849f66cadda64c15cea9a6c321,1,boleto,1,40.09
091c0f9393510fe12cc5409a2601ff22,1,credit_card,4,83.87
0804701eb9f74ec349c0b1dce5a83df7,1,credit_card,1,54.58
04fb47576993a3cb0c12d4b25eab6e4e,1,credit_card,3,301.67
02ed129a369c56d40549270ac5900864,1,credit_card,3,153.31
0cf51cb385fece307e53a5c7ec808896,1,boleto,1,255.42
02564f320004c61ebf621191f06365a9,1,credit_card,1,37.75
04c3f7aeb511208363bae893105bd410,1,credit_card,1,141.79
077d6b93c4e88d06b124cf24fb67a28e,3,voucher,1,10.32
09c530d73b3f36bbcd4d3b2268abfe12,1,credit_card,1,42.41
01ad4f241a16bff724de081b558f0f4d,1,credit_card,1,327.28
0108c64ec135e4a7a75e9b5102af9bfa,1,boleto,1,193.53
08933455a78346ec6d1d170ddd9bdb3c,1,boleto,1,37.77
03f3b08f9da8df7604b68b2fd5999e9a,1,credit_card,6,106.99
01c156f67900e1f33d1234ce92cb18d9,1,credit_card,3,31.70
03f4fbe820830f14931ffa4631cb0912,1,boleto,1,188.12
08e4b9181951f803229ff26c157f5045,1,credit_card,2,89.70
0c2c3c3a68e0c7184832879c6fe55a94,1,credit_card,1,33.69
014f1e63f9bd4f5578edcf4e5c305a0a,1,credit_card,2,148.24
06bb67936cfa5ac3f449e4f6733de4b1,2,voucher,1,20.00
0b52695e8c759b22075c6937089c4158,1,boleto,1,17.39
03c83b31dbc387f83f1b5579b53182fb,1,boleto,1,672.41
071516a72b8a838c15842568d1b995f9,1,credit_card,2,151.02
0b1652557b7b9bf7c885236e4798dd91,1,credit_card,7,154.12
09744659d8e64274cf91bb288d9c3aec,1,credit_card,3,428.80
0556fe7a6dbdc95276ba0513ee5f0471,1,voucher,1,77.57
0c04a8d0583f8011fd121211aac94d05,1,credit_card,8,354.02
01af7745a283aeb0f0754495c4b51ac7,1,credit_card,3,499.69
0197416059c0e56b5344bf2188066317,1,credit_card,6,421.61
09fd9b0402ed675bbd1ee1e81171ac7c,1,credit_card,4,166.38
03ee63602079004d0098fecfc1d4cfe7,1,credit_card,4,80.20
0c2cf3b3583c8f83ff9b3122d44fdaeb,1,credit_card,1,23.29
0c021596b865eb54c02ad64bf7d55aea,1,boleto,1,72.75
0c5421914af517ebe266de68658e492c,1,boleto,1,32.38
0635e2196d30b3003d5381ca15cb3d87,1,boleto,1,59.66
07f57d42b535756c6e83baa0a5bcb322,1,credit_card,1,42.75
0b382db57a557ff7703eaba5e991e7fb,2,credit_card,4,704.51
0a2ea907b178650afcfcab07e55b70f6,1,boleto,1,75.25
0c7f78afde3e635c59eef76c3f1a5ea5,1,credit_card,1,53.58
0b34b5b5c46c8870d8a0a667d2f6bb4e,1,credit_card,5,203.32
0b2a26edc4451c98cc27d3bcb28d8766,1,credit_card,1,35.82
024ab991361d48e491b7dad2f172b43f,1,credit_card,1,114.02
08c01d43e93f5c485f48758550d41eb9,1,debit_card,1,20.77
0c325ea6925de749e1420be0cf43587c,1,credit_card,1,156.64
04467aceefd2346ed54c7fd9e40721a6,1,credit_card,6,67.50
0c7ea5e6e467f13639db3b35dcc316b9,1,credit_card,2,72.96
069d3deb0a2f7dec8447aa0140aea178,1,credit_card,8,89.63
011e6e76dd0cd56d26b5b0cb036e80a8,1,credit_card,1,23.28
01882618ede11253381513166b49429e,1,credit_card,1,48.21
0cef0a9c1d74d5ec485fb3195191caa1,1,credit_card,2,337.42
011b8dd4f8c36fd4fcf50643ce91d58a,1,credit_card,3,265.98
02b02f566c72d81744ae60c7b6afa22d,1,credit_card,4,148.13
0b16fcb0e3133c83e8c82ed7bd6ccb1b,1,credit_card,1,58.62
0c8d2195cb6aab1034f95a0f87b149dd,1,credit_card,1,31.51
0ba555009a855c3f87f818f23b4ccdbd,1,credit_card,1,180.53
0029c5db35ef291ce99d1262012e7daa,1,boleto,1,514.37
08c72944eaad657c973c51fba479d655,1,boleto,1,74.40
0035c0b07126fe9c24a325216fb96064,1,credit_card,10,150.44
0227da6a9a5c5d03b593cc9c2bce3463,1,credit_card,1,61.52
086986d3fe34c0417a41f76b14114fec,1,credit_card,4,244.81
0912c75b2f7561be5da7aee13e0150a2,1,credit_card,1,46.76
0bb3a41b7a70c65fda2461d34b495c5e,1,boleto,1,178.27
0771233ce445ab49cb2542af0243618e,1,boleto,1,40.61
0c557a5449164d3001dc41d9bcb3298e,1,boleto,1,48.21
0c1e49ce507979f2fb222498663ce653,1,credit_card,8,215.78
025fe62703ce31742dc8bbe8b1a99b56,1,boleto,1,55.43
07055a132b3dcf9a44b88259dea3e3b5,1,credit_card,1,59.00
061b13cf87863db16e1a03178285ecfe,2,voucher,1,15.34
0752235c99010e0a475e14cebb1baf81,1,credit_card,5,268.42
0bafeaa6d78ca1e9b198fe9a6d645306,1,credit_card,5,393.07
0bf01f26ad0f401b182bd0491ee79d34,1,credit_card,5,98.69
0877034e4780ed6345f93f2c0e0d48ec,1,credit_card,1,109.38
07b6b194d5b1f0c26bbc794748048aeb,1,credit_card,3,241.81
03d61f050de69049f4153f164c6f78b5,1,credit_card,4,291.59
0a9814deb494ce0733321ca35f215a22,1,boleto,1,128.97
06499dd792313ae78e92e4819ffceff9,1,credit_card,1,98.66
07220c39eb26068368e675009154d635,1,credit_card,8,154.83
0cce12b5e68a55914cd38b40985f7262,1,boleto,1,61.01
02cbfc1aa8d209d7fec3325970ca22a6,1,boleto,1,35.45
086cb9cd0cf7067d77fe09f31620a52b,3,voucher,1,50.53
0967ab27ef08c9ab5cb890eb3c1f8f5b,1,boleto,1,46.20
00471463a6106056c1a2a809f70de640,1,credit_card,5,265.96
0a8c95289dc386957c00a84dcc054d5e,1,debit_card,1,134.83
0b5e170e94809753b83e7770cfe6bc4f,1,credit_card,3,658.65
008fab5602c441d51f30b1464f5d4643,1,credit_card,1,65.55
034fcc4584bd6b6ca0c0718acf969c79,1,credit_card,1,64.75
0cdc602941468800cf63d3385e750f8e,1,credit_card,5,115.88
02218eb2a33847087a46d34397835b2a,1,boleto,1,48.69
086731f4ad521c4094b1eda75986b88e,1,credit_card,6,506.40
0bcaf262925111aa4be36f35bcb92fdd,5,voucher,1,17.78
0bdfd876931ec6df01297b40e9672c12,2,voucher,1,127.32
05aacaaec38544ee11d42a69bc098d4b,1,credit_card,4,131.51
0c077fbe69b84abe12774536d0904060,2,voucher,1,50.00
070cc53897ed4829689c415f99d37c3e,1,boleto,1,36.22
0b7e2039e06db8ce4bb3eb25e8659a51,1,credit_card,1,25.42
07c33a9470d0df2a30cc8a8ebd0288d1,1,boleto,1,95.20
08b04eb82fbd41d6a4a779d822d57a08,1,credit_card,1,120.68
05906ff9618d78153208c80165d91b2c,1,credit_card,1,133.21
0a9fc736e210f495e2023d3a9e10319a,1,credit_card,7,204.46
011bf86f1b7dacebda2c874333cf656b,1,credit_card,10,108.64
0a1ad2c293c3baacc6b2c2d442c71acd,1,credit_card,4,44.42
033dbd83c331548108afda89d5bc6b79,1,credit_card,4,208.20
075024c4910bd35a5d251813d59009cd,1,credit_card,1,88.45
019ccfeea1ea9afbebdad57d65f2e36f,1,credit_card,4,167.81
0b838846dd20161681d3072fbc6765ff,1,boleto,1,56.34
0b6d11d4a289a1574e8888f2558dd548,1,credit_card,1,75.53
047d4038afddd0dbca117fce7d5019d0,1,credit_card,2,171.48
00a99c50fdff7e36262caba33821875a,1,credit_card,4,75.29
0a75d2b40c23e608bc7bac42a6c8e508,1,credit_card,4,206.49
08e678b21510aad65dccc928f6599921,1,credit_card,1,171.22
09c0dd7d518cf413ce20facd85bedd5f,1,credit_card,1,49.36
0161962c6c561d3acfaa3e2db9a14f96,1,credit_card,2,125.44
009ac365164f8e06f59d18a08045f6c4,6,voucher,1,4.17
0635ec73c8d9729fec281d4b87339be3,1,boleto,1,80.20
08ad3a94339e1bddb2167b3c51faa4ac,1,credit_card,4,132.02
0534ef1065535a4a5fd90098c1ad462b,1,credit_card,2,21.77
0170e40334131d971605ae70efb33e4f,1,boleto,1,37.23
0b9e3cb461332c63fffd742e522832a1,1,credit_card,3,161.62
06f5f6139b33f53defc64643f1252d53,1,credit_card,6,60.46
005f25968fc854ea16fb16f5bdbc87c7,1,credit_card,3,86.15
062f0992a050330334749ffa530fa796,1,credit_card,2,147.99
0b9c8acf14e3553395cf435472988a1b,1,credit_card,4,45.76
019636907d07b2433be000d9d6bed153,1,credit_card,1,72.75
0a327f9c209a8317bacc1f86dda65f52,1,credit_card,1,58.41
074eec999695249a1f80e3c7ea1aab01,1,credit_card,1,182.60
0b7ed5e5b6354118fdeec73b9f9fd8a9,1,credit_card,3,161.54
03f2794ace8d10c0af8614f6fac2be3e,1,voucher,1,108.19
0115abf6b892040abfdd5bdfcb6b2c51,1,boleto,1,207.98
021645306ea1563079aaec6e96f20d38,1,credit_card,1,159.06
076ff98c0f285dcbbf7a2d5ad9146322,1,credit_card,4,162.83
0ae3b855f8b744f0999f8dd01e3598f0,1,credit_card,5,141.54
01e51b7c3025655646143d09b911e1d7,1,credit_card,3,35.02
06dc4c865466794eb744032dc81b2c3f,1,boleto,1,114.86
0822bcde10bb5d023755a71bc8f7797f,1,credit_card,2,1311.46
032d1a95f9e146c92cf349805c5e1293,1,credit_card,7,210.48
051fcda88d997d3ff86012da2a556342,1,credit_card,4,51.70
0424f6bc3d0829eb2829bf77fb01e60f,1,credit_card,3,61.85
0b125520b605185e07783ab4fe8a398b,1,credit_card,3,79.29
04af40a6714e5ab254138fcd4863f0c1,1,credit_card,4,47.39
039330ccdc3eeb07d44541457391fcae,1,boleto,1,312.82
03705afa0a4aabe1a734ddb11c1df3f0,1,credit_card,1,1023.90
009ac365164f8e06f59d18a08045f6c4,1,credit_card,1,0.88
01e4eeac4002b2e57b7ada6bc3a3c38f,1,credit_card,4,123.50
0297a2a062d136015afa9f5d9623818f,1,credit_card,1,25.50
09224348db675e0c2a00ebe2bd9599db,1,credit_card,5,153.70
09475a764868b0fa004ced42388fe6c6,1,credit_card,1,52.61
0382be412d28f04f932ae97df15d634e,1,credit_card,3,98.34
08b3f1bd357ed38db6e89e3e0f3899be,1,boleto,1,36.78
01b276e7af1d9e3ed34b431d39f45fa1,1,credit_card,1,121.09
033ce22f1fb407d7cefcdf8d1121706b,1,credit_card,10,165.53
0352796ceb3700a87606f6f19b1d20b3,1,credit_card,3,157.36
004fb5e6f90a178dc74ad2b016649249,1,credit_card,2,143.92
03d9b0241efc2b1690172701f6800f21,1,boleto,1,50.83
0b4ff1c8f1d6e97ccd8e3ff14b4a663d,1,credit_card,8,81.02
0c41d48612bf91d5aaf2dab6c0f3a3dc,1,credit_card,3,94.40
00f7c5b41250e0126ced62d612ff4711,1,boleto,1,80.67
019543c0de8386be97738b589ee695aa,1,credit_card,10,596.95
05ea910f7ffffe471fab783ea0d8e424,1,credit_card,3,70.00
023dced8c25f743c5fdcf14edabac7a8,1,credit_card,1,19.64
063be5d2e54f57f9673b26b87c8d8bfc,1,credit_card,4,98.33
093974ced77f199dd42068d1adf5c359,1,boleto,1,109.70
03953c6f8f398530d8847bf6000ffa78,1,credit_card,1,144.80
0999bc97673a2bbf7a81731329196b2d,1,boleto,1,35.77
028df34320b87c04ef6de145db2e8444,1,credit_card,1,135.15
0bd742b9af9192bb314ed381e518eb50,1,credit_card,1,80.51
03772e1a30e1a11c351ff80f0e20263f,1,credit_card,5,112.05
009ac365164f8e06f59d18a08045f6c4,2,voucher,1,4.50
0508c1d4ce32ccc40fc59d0592478608,1,credit_card,4,178.90
0784e3f6a8f38d4ce8ecbf36ddc57c78,1,boleto,1,147.25
03e94224875e6dec154cc7a142ce5de2,1,credit_card,3,282.41
08213e46524c11c2501c5d0a59ff8b7a,1,credit_card,2,113.82
07efb6b65a21feb31a7567eb0dbd2476,1,credit_card,1,28.19
09777f429af8cc60d951cad68db15b6f,1,credit_card,4,424.57
01908071e35fdc75bc0d7764f153abc2,1,boleto,1,114.65
04f15733e3974c4127cb066cb835cdc9,1,credit_card,3,296.32
0a721c801fb74738e32f7ffc3c068a46,1,credit_card,3,46.92
05e168bd339a82dc2739b847d4ca99f8,1,credit_card,8,494.67
0417c9ab9d789459e660e8d325ce4a6a,1,credit_card,7,367.72
009c278fa2ed6e7ec498200b60193ca8,1,credit_card,2,45.09
04130ed2567c23daa988cca5f1860430,1,boleto,1,46.84
032d90128bd4c1c63e317ab45ddc2879,1,credit_card,8,166.55
07fc346abda30b632be799f5b4be2bd8,1,credit_card,6,231.67
0cc4f59df564ec8dd6539dfdd8b29472,1,credit_card,5,616.80
047ea1a58aad923c2c108eafa2c28192,1,boleto,1,186.10
05e6501cdfbd86fe9a3a788c3d411091,2,credit_card,4,44.28
048beca6ccda094fb80bbc704d7c493d,1,credit_card,1,173.60
0c6777b2bcc85ed22352f240d71f3389,1,credit_card,1,165.67
07ac5d2775e382ce0fa8132f74330cb2,1,credit_card,4,200.33
0aea558128f1a96bd223babc4dc79bd3,1,credit_card,1,50.74
09fd1722d038ec5290cb862bb8ed8e46,1,boleto,1,176.34
0cd41d4323d14560d7b92ef270ec6a2a,1,credit_card,5,127.64
0799a27b55977a0aedea205def0a6297,1,credit_card,2,204.98
07f6947cb721727031402e0cd6d6e5e9,1,credit_card,1,32.63
02624f7cd7272b3e027320023dbdc99b,1,boleto,1,48.69
039450cd44c5b6c68f8d2bada4eb315f,1,credit_card,3,124.46
0121cfa7c946e6589f50d7012d3eb5eb,1,credit_card,4,46.78
00b7174ea52bb811ebe2663add51afc0,1,credit_card,5,92.97
0bf105a936021f82d572e73f846321cd,1,credit_card,1,365.61
02f4865eba77caf307bb9f08d0a59a32,1,credit_card,1,139.59
027fb2504084c231e857f6cf558a9992,1,credit_card,2,142.02
05c5e3014f8ec516123fd4c74f49b051,1,credit_card,1,42.09
0466015790ddd0ed7a2e65a6ca039c73,1,credit_card,1,64.46
08d84fb0470993741ba4f7db2b3ac601,1,boleto,1,27.77
0a8b3b277ffe67981af7d4a14e7f98d5,1,credit_card,2,244.80
00b9e0f8f588d0406a3de447eb606970,1,boleto,1,56.50
0393dfaf21e966fdadf698bd0856ecc3,1,credit_card,8,1172.45
04210d64e3bdb5a0cd44eb156294991e,1,boleto,1,261.78
0c3e491fe8f99458825a93daa40f4401,1,credit_card,1,186.27
07d5adada619115cf4c03f49fc8c5e74,1,credit_card,10,420.76
0a7ef385ee9080d0edef043521ec3114,1,credit_card,4,96.65
0b03fa2615b44079dad6c958f0ef2a02,1,credit_card,2,152.17
045b7b7bf230ace5044f87ad5de18dd0,1,credit_card,2,26.85
03be2f620301ed720f761e04f00270d4,1,credit_card,1,158.37
0035e6b7ade84b3f5b86bd49814793df,1,credit_card,1,34.00
016a938f2b34aa5ef05027fc83f5b81b,1,credit_card,4,643.16
06bad3a130e91f7b26791dba22abc0f5,1,credit_card,8,182.63
098899a1fca44446ebcd6eb00297d33b,1,credit_card,10,236.21
0cde8327c49577c3c0fed91e084daef5,1,credit_card,6,346.21
05eb212cd5b01c76bdb5215a49df19b6,1,credit_card,3,107.22
0a1d3041cccb0462981aec3f0b1ad106,1,credit_card,3,65.35
05c5fe623dddb59ad7462d5adf24885f,1,credit_card,5,166.40
0b50f9db645dbb8c98ebe37fab6ecb3e,1,credit_card,1,58.59
013aa6ba5077072401773f83f1ee6408,1,credit_card,2,178.21
0a511bcdd22a725ca670b0102ac0be73,1,boleto,1,133.48
00bf1320ffb5fe47a845feca16c0e0b4,1,credit_card,8,469.39
0903e0b7f189735c47cae28e5e5766f5,1,credit_card,3,62.47
08e386991831b9e99662928af783c0ed,1,credit_card,1,135.80
02b39a781ee24f6997ad691ea7a01491,1,credit_card,10,126.57
046bc7c1d7122be13009a28d66977149,1,voucher,1,48.28
0180ebc47853bfc5997af28f5a7e8849,1,credit_card,6,173.74
0492eead55cd90ba9690387cca2baa20,1,boleto,1,106.95
05df1c1ff1b3e0ba073493d2ca0bdffc,1,credit_card,1,97.90
0379c7b005e9be5439462ece4e356341,1,boleto,1,221.79
0b0bd9b754737f8954ee14d15c7acb85,1,boleto,1,103.55
00c826c901ab01b6f598a8f0c9b56b82,1,credit_card,1,92.91
0ca64e59f59b26fb6fb2726f907bb52d,1,credit_card,4,99.90
07b9e5abd7254b1a85eb14ad3a1117e5,1,credit_card,3,193.90
0b9e555377748cc93362b079f2653a42,1,credit_card,1,34.00
0a6b6d3fb4616f5b647bc8b0b8f69e0d,1,credit_card,2,53.00
0615cb58aaa538ad222e5ce52b5cc2bf,1,credit_card,2,24.86
01336d091c57d8be1feca330c5f047bd,1,credit_card,3,90.73
0218c7a4fb8d5b1bd22c82b783b8359c,1,credit_card,1,0.01
0b71862ee9cbb65cc3da31466a6c2990,1,credit_card,3,37.76
0787c233e9c027ebb134e0339cdc1ef2,1,credit_card,3,92.59
0a8c0b59c2efaacc405838782a56c156,1,credit_card,5,113.72
052b35671e2bdd45aa889c5fa09e2809,1,credit_card,8,403.27
0434058c92c9306bb6d1edd50bf3526a,1,credit_card,2,64.00
04b9b5e585a9c4f0a8e54706eb6dca47,1,credit_card,3,68.46
0224d4ce99f4262f9554d248dfad743c,1,credit_card,1,68.87
08a8150915627e46099f01a220ed8efd,1,credit_card,1,66.81
068c06f0ea08ab32e127f87aafaa834d,1,credit_card,4,117.85
0459f8e390241a0cad720e0fce4e66a7,1,boleto,1,224.98
031bf6514694552e5b2967d02e4c42b4,1,credit_card,5,112.30
04814d2760b610101075888832621881,1,credit_card,1,461.99
076204e886f6d81145cf693a72794765,1,boleto,1,114.58
04f1f7895e1f86444c5965be2d773cb3,1,credit_card,10,171.69
077d6b93c4e88d06b124cf24fb67a28e,5,voucher,1,19.80
04c1e5f3771cb0ccfdb672669807401b,1,credit_card,4,937.64
024602a52e3c89ca5f963affcd2bedad,1,credit_card,3,46.20
090c8122737bb94ca7fcbbf412be42d0,1,credit_card,2,134.49
08a1ae3618b37c278906f99c6a97fe1d,1,boleto,1,131.73
0446b999e57cddf002396ed4baa07074,1,credit_card,1,52.50
0988c678736998fba42218af0ebf2c1f,1,boleto,1,32.13
02f2c7fceceffdefd9a7e96abe08d93f,1,credit_card,6,220.18
07bfea8893b7262f7d61cfb2068b12c3,1,credit_card,1,48.21
04a0e5cbdfc606ebca72c5b78caf81fe,1,boleto,1,65.96
0533030deeaf4b83feea1ea004f2ddb5,1,credit_card,6,102.60
010b143d83a59b355cd5a75c0f0fd785,1,credit_card,8,224.60
0045e3085f083f0f38d24bb3f22e6593,1,credit_card,3,130.74
0ca3024fdd038f1b734a8f1bc57e9055,1,credit_card,1,49.24
068306f3ae87b774e579eb36d5714ced,1,boleto,1,170.71
07fa03f414c1129ccd4a8fb44f441f13,1,credit_card,2,81.89
0999a91ea28eb69b5120ccb4c90a1ff5,1,credit_card,3,252.00
029e9be2972cf662f2cb336e98872ae3,1,credit_card,1,50.22
0aaf8268ec2a56cb1befff78bd5cc190,1,credit_card,3,97.90
03489476aad23c09fa16e1c46ad38044,1,credit_card,2,127.01
0719c4577b69cf807be736608c144bc8,1,credit_card,1,82.73
00a3f1ef430d3984dece2f39d6cbf431,1,credit_card,8,201.99
0afc9d224a6bcb1862f0d678183a5140,1,credit_card,3,377.99
0c3a7b14aa5e70ef5991122f6bb552de,1,credit_card,10,154.66
0aea5ed8df108f7cb387c099ddec65c2,2,voucher,1,25.59
00faa6afcde74aaa630e1d2fda2bb0f7,1,boleto,1,40.76
091dcb1d0729687de77f652e849db3f1,1,credit_card,3,64.22
0890337bc4f93f0370ccdd9a0c8b1f55,1,credit_card,1,76.61
0a2f3c7b4abf07c314a043c7044b0522,1,credit_card,2,114.85
04915529f622f4b069fb4501085fd905,1,credit_card,1,8.45
0a8bacdc71ec2a99fcc75baf60f64439,1,boleto,1,135.00
07294ed0ece67bb004a4813c77dfc3e3,1,credit_card,2,65.48
0bf50993f89a58468cac45f3ef587c96,1,credit_card,1,18.28
00756576f4e494406945ac21cb82cfe0,1,boleto,1,152.71
06addb9b5cc9c47e661a6eed12276418,1,credit_card,4,260.42
02ed3b96772956405d25c2d35c766c68,1,credit_card,8,99.26
02dbd29bc7a490d582762fae9f0fd997,2,voucher,1,49.50
01029b44abe6e15c8df48b1b759ab437,1,credit_card,2,93.85
0bd5590ed46f78fceed5ab73b86b8dd4,1,credit_card,10,234.56
0bb5b2fd739934d00d6c8ad3a4e0f5a4,1,credit_card,10,187.65
02742159d4c85a23b993b6f11ae044ea,1,boleto,1,154.36
037e725440b59939735ae0aff888a015,1,credit_card,1,130.15
084eed5f31d7cd5291671a544852e5d4,1,credit_card,3,76.19
0a1bbcb7a1af6b58931664e147542a2d,1,credit_card,6,199.14
04b16351c3a70c83b9f8f1fe295cb450,1,boleto,1,114.80
01ac6cbac1cda667c97d35046b75668f,1,credit_card,2,21.15
00c8bfbb0a1224dcdb0180a544247159,1,credit_card,8,173.20
08cd10d946b1fabbe08d3ec8dcab8777,1,credit_card,3,49.00
014176e9538672a32d2a9b73bf53a31f,1,credit_card,6,156.64
05f99bfc5053a88e0955bea396422a81,1,credit_card,10,189.15
0277fae7eda81470bf6c87dc570e267a,1,credit_card,4,65.00
0b7d34c9f64b1a147d6660ceb770aba4,1,credit_card,6,180.51
0b47f5e9432bd433f8c5cf64e60e6e5f,1,credit_card,3,103.54
0392bc239ce28b0377e6b3073df2c674,1,credit_card,1,35.49
0c8813b39ba09cc6fadb5ce2c80671fb,1,credit_card,5,174.20
04276973bd289a01c0eb40a277fd919d,1,credit_card,5,79.09
0ae17ad341b336248ad884272d8c1c93,1,credit_card,4,396.03
09df42b3e78625578555d3d48cd57be5,1,credit_card,1,20.28
0baf7baccd1d8c755bfb78c96a2bbc62,1,credit_card,4,103.55
0478ce23b7b39ac01b3bbd39109b083a,1,boleto,1,151.05
0b602fa35e64e463c90698d2e859af54,1,boleto,1,42.38
07f37be24f36255553680d16336b6d1a,1,credit_card,1,101.14
087b902fe8df6660b295f28f1d8f7c30,1,credit_card,1,41.05
01c7b08f0c05952ce15edb928bb63d2d,1,credit_card,1,300.99
04f917df18d906d8a147182234788026,1,credit_card,4,157.35
099acf2a98eba9bab889af025be407b7,1,boleto,1,113.40
0871bd17337f3c779b6ce501af36a4cd,1,boleto,1,288.06
0497899302217e8f8ea8645ac33c1882,1,credit_card,2,121.16
049bad09d9281445edb6dd1d6ece7395,1,credit_card,2,87.71
0cd2179b125d8eab88815631c3ce586e,1,boleto,1,221.79
045806c8806bca9909e23a1a79cfdd0c,1,credit_card,1,174.15
04f6cdae6a85ade2864cd5fc811fb9ba,1,credit_card,8,540.06
02d273267575a29864f552b2de598580,1,credit_card,1,221.16
0673ea591e7c9108ba7dc1a5246111a5,1,credit_card,2,89.26
036ea72a17833a6fbbcd3e4df8250292,1,credit_card,1,85.14
00e7ee1b050b8499577073aeb2a297a1,1,credit_card,2,146.87
0b5de0076d26726a10d457e57b93ff25,1,credit_card,5,56.88
0a32952933d2a181dfe8f11d41f9f9b2,1,credit_card,1,49.69
0cd445b0eedab80706bb88ed32325d08,1,credit_card,7,73.64
0964250cecc3ab90b45138c9cbbf7b91,1,credit_card,3,134.92
071429b44ba39c70ea22550070670c00,1,credit_card,5,133.11
028cad58dbd393e348c73435f8192919,1,credit_card,10,115.00
05bd0df2a2f8b3719b66372a66b8f5ec,1,credit_card,1,65.80
02f30be57375dc610c40ca989d2385b7,1,boleto,1,80.73
0627a80d6b5c65e9b212271f845e34da,1,boleto,1,76.18
0cb67a1f07ecacac318a6eb35cf4928f,1,credit_card,1,62.15
007beb35f98c075747e6fc4fd1c0cb73,1,credit_card,2,83.59
0c54d16446b830ff65da96eb16304fe8,2,voucher,1,100.00
0c0b4c682dc77d70dbc4cf1ed44ede36,1,credit_card,1,72.09
02ea54f5cf3a07904182167e104f97ff,1,credit_card,2,143.48
042649285cd08ef7c546445419b43407,2,voucher,1,50.00
0231382a78f19752dabca6a86b618152,1,credit_card,3,86.02
03fefb6f166efd081e05a842f7def973,1,credit_card,1,119.25
002f19a65a2ddd70a090297872e6d64e,1,voucher,1,44.11
056905f3e09ca68fc9ed4780498db866,1,credit_card,7,617.59
094a83226235244840060fafa394845d,1,credit_card,2,190.48
0119e98feb97441cb456c010c25b04ff,1,credit_card,1,104.96
0c8703831f0dff29ae877f4f9cce845c,1,boleto,1,288.37
03e5d6a8dd520898f86f8429ccd07c21,2,voucher,1,46.80
0307d42d9c781d32f86cdf1fa5c8670b,1,boleto,1,152.47
08b74b3a8bd41e7de2ac99b200eec62d,1,credit_card,5,54.22
0ced505a94fa52355ca31070c281df6e,1,credit_card,7,74.76
02342201aaaf713fa9f51c6d44444424,1,credit_card,1,47.75
05640486a5e0b8140b20506acf791af2,1,credit_card,5,398.90
0a2c9c3fedb974fcf5a8a569e9ba9da9,1,credit_card,1,114.79
05b57f5540e48c853b6235bf8ff10e20,1,credit_card,1,79.65
061bf20146d98ef4698d0324dc4392db,1,credit_card,2,58.13
0057199db02d1a5ef41bacbf41f8f63b,1,boleto,1,37.09
0a45b0373a9b1178357bb9d93243ed18,1,boleto,1,29.75
0b6230647ed16f4b3e70282dc4b5b87f,1,credit_card,10,1371.88
00119ff934e539cf26f92b9ef0cdfed8,1,credit_card,6,236.88
062ce984a468dfa021e43bdf17ae158c,1,voucher,1,115.23
0c433b41ac4f5739f4c65e19bbdc8208,1,credit_card,1,245.99
0aea5ed8df108f7cb387c099ddec65c2,4,voucher,1,7.68
0229bc966620f05d9d8fc29c704aa6ff,1,boleto,1,59.87
0a584a18a05ee90c0e3793bb14a9ad3a,1,credit_card,2,22.86
00c405bd71187154a7846862f585a9d4,7,voucher,1,20.00
006e91ddb0674525f84ce0da0655c7ba,1,credit_card,8,529.35
00588f5f20fee630b83d4709e0a42715,1,credit_card,4,114.90
06a7cc29c9ea73fb0e7d4dc3d9284a76,1,credit_card,1,53.27
0ba2bc78c04f47c4757a465b7d7e4f79,1,credit_card,1,233.55
00bd50cdd31bd22e9081e6e2d5b3577b,2,voucher,1,40.46
09ff9d4a5ba285dcea027de9e7c3adba,1,credit_card,3,96.93
03128233e78ed8ade6738f2043f4cf8d,1,credit_card,1,72.51
08f037463ef8a43a35237ad2029f316b,1,debit_card,1,47.43
0aaf52291c13507e7fe4f565f079ad9a,1,credit_card,1,0.96
098252064bc68acd5911a587b58b2cc4,1,credit_card,1,86.14
0a66244c735378791bf14412b6c97df0,1,credit_card,8,276.11
0382a4a9c39917c21b842b7c15f4be23,1,boleto,1,70.49
00404fa7a687c8c44ca69d42695aae73,1,boleto,1,99.90
004fb11815bc03b01b20a614eef69d14,1,credit_card,3,92.74
0603e869ecff28981f22e3ea3e91911b,1,credit_card,10,343.54
0bf5f8d1827bd25b377ffbe375420463,2,voucher,1,26.31
0499c7fe87611ea8ba76fc6ddceaad0e,1,credit_card,1,84.58
04d0a4d84d5dc9cc343ca4d0e4120a4d,1,credit_card,7,73.76
0358c6f73774fe4d4ea9b936ce61ab2a,1,credit_card,2,89.09
062ce984a468dfa021e43bdf17ae158c,2,voucher,1,17.53
00137e170939bba5a3134e2386413108,1,boleto,1,421.65
08a72c88fa7ee3652a339070245b9f1e,1,credit_card,1,13.73
07a4d93bf559c596edf3f808c5af4720,1,credit_card,1,63.79
09115b2d7c4d9d65a35b13be42e668e7,1,credit_card,6,117.85
0a72bb193c65199cdd69574aac533a83,1,boleto,1,189.00
086ce45c7045b3c6a4b503bd3ec73413,1,boleto,1,73.93
05086b5a715c97d1971784b6ae899a6d,1,credit_card,1,236.70
0a586d5cf2a2538846e577316dab5443,1,boleto,1,81.78
05a9d9ce2b1a217223ff7c5a60e509b2,1,credit_card,2,29.33
099d60cb800db65a72d355528bb7f41e,1,credit_card,3,324.63
0694819ba6eedfe7b88c187ecb440a9c,1,credit_card,5,205.99
0268c75309d105bb28b7523f57f46a69,1,credit_card,3,222.61
01d96f415da1ffc3807bc85852dea189,1,boleto,1,173.53
07c066e1f4929584a77a8be911a0997f,1,credit_card,1,73.34
04ab36803e2945bace40db80eaa54bc4,1,credit_card,6,220.40
09575d6ffa589cae127ff0e6c1b974ed,1,credit_card,1,33.56
067410a773ded180052ac522f139ab41,1,boleto,1,47.34
052a5969146f40fe550f442f52f302b7,1,credit_card,7,108.12
0a8f8c393d9dbc5901daf7d157afc427,1,credit_card,1,13.64
04b7151492b049661380a47e0449f9b6,1,boleto,1,111.79
0cf8068e7b7318f0e518be23c903b9f2,1,boleto,1,180.32
020a1591ace758e4c97d7843e1a03a88,1,credit_card,2,26.29
01c1644529b18608f086d2ff0f3b8181,1,boleto,1,135.59
03b566bccfbc64cf92b82db663a243f8,1,boleto,1,112.12
0b691ae66d643c4c266fd72bd6ce77ce,1,credit_card,1,87.24
01015fb6493ea5b9ba105c80b5452da1,1,credit_card,1,19.85
02b8fcdd1bd75d7d5861f407dde29768,1,credit_card,1,36.84
0689012a897b2ac50b37994d77898bc8,1,credit_card,1,1097.31
0245631f7bd55dbee7c6b441629bba94,1,credit_card,8,939.72
02acaa2a6f24e9c4e0bec7141b65f29b,1,credit_card,4,44.00
01ccfbb0ddf88340b6eed3f1370bcf0c,1,credit_card,10,138.78
05d61bb749461f4805dbda51f767fa47,1,credit_card,18,1220.00
03f948b381187f1aab320e84e7be949e,1,boleto,1,73.16
0a671290b0be76ffb379a3c0031d2f44,1,credit_card,1,345.38
0af1482ae8afdfdcd36bcdd5848545cd,1,credit_card,1,19.67
004eab0fd8f28adaf8d488976f77febe,1,credit_card,1,33.48
01b2dd042de98a15b6a9a141bf71c344,1,credit_card,9,95.31
0473cdb86b1d6469287e484366a1a608,1,credit_card,4,85.23
01c2c8708930c4fb8ed278dfe7ec93c7,1,credit_card,3,257.43
08a547386e268879b689fca252e6a334,1,credit_card,8,143.10
070b4a621a6d06dcff9122e5c04b353a,1,credit_card,4,242.33
0ba1dfa80ede726f98e36af9a418e437,1,credit_card,6,90.44
0507a74781354ea643bff372311d2a97,1,credit_card,5,117.96
06b491ece3a9bd260341c1ad36870e8b,1,boleto,1,31.69
02c5426a54d34d28a32088cf69167730,1,credit_card,2,50.50
0378193927bcea58a229c432fa102ba9,1,credit_card,5,111.03
0babf33efe3b411528d29e03b76acc5d,1,credit_card,1,114.84
0c7c1a76995d6e6abffab973788b1992,1,credit_card,9,167.51
039f61edec89c6f0edf8dd1a0bdea1fe,1,credit_card,10,166.22
04948f70a0acaf8f9bcbc5602c4a7a47,1,credit_card,8,346.96
000576fe39319847cbb9d288c5617fa6,1,credit_card,10,880.75
09d9dfc52ee6df196fdd19dd3b7440a7,1,credit_card,2,156.22
06e72b5b111756079f63cf67445db61a,1,credit_card,1,48.62
0b1e1533654221aac3796e0a8ca9161e,1,credit_card,1,72.43
057bf0876d1b4a1d8b70b8f3e74e8763,1,credit_card,3,85.80
01f7d29898cf7c5fcb583a2a29508202,1,credit_card,3,51.63
062682155c454b125c630e1deebff4ea,1,credit_card,6,103.46
0c7a6b23056ca2e73c8b369698e1d781,1,credit_card,2,108.79
032b0e60cda9e20b30fc4b3bf1079e50,1,credit_card,10,157.83
065f2f78a7067e37f695bed618512704,1,credit_card,3,30.02
0213da24bc9b884c4792ae4c54eb0bf3,1,boleto,1,39.10
036dd381dfb3ec75e0a63e14828cc871,1,credit_card,3,69.14
0a8c0300318aedd7b66f6dbc27409ece,1,credit_card,3,91.18
003d9fc84ad902adf2265248b5ffe1a4,1,credit_card,3,94.74
0512553e39efd59a9572ce7eebacd43a,1,boleto,1,148.97
03ecec245220b63fd7f68c1737ba99ba,1,credit_card,2,319.34
01da413c142606bf28e461e3a732f653,1,credit_card,2,211.28
0bff3ac704b2ab4cdb69873f3f551ce1,1,credit_card,4,290.22
0bf51fdc3af690e954d2ee0c4346b47d,1,credit_card,4,56.79
00cb18db3d9c03f8386e7fc70cad2504,1,credit_card,1,144.03
055ad36ee30e9948bbe9baba852913b2,1,credit_card,10,289.85
03229ded9d99164ee8bac7116050dd23,1,credit_card,2,53.00
0c01eb5638db2110eb5a7d1c0581aa09,1,credit_card,4,82.38
008dc31c0ae7121f2791953ae5f532c3,1,credit_card,1,62.65
01b4dfef1c8848e8c0431ce17f5f72ea,1,debit_card,1,48.87
0403bed7b44fb735b6af72505c57fdd3,1,boleto,1,102.03
058c8f9e226f52cd43f44b0aaa72a395,1,credit_card,1,21.99
06f2e7e5aa8764a77b596c6eb6d56fd6,1,boleto,1,115.44
0b07e7d1e914b970ab1ee7402cddd4ce,1,boleto,1,27.70
0342b8bec301294021371c16411b6c40,1,credit_card,3,63.16
0b5cb81ddd693dca629e9931e85f00c9,1,credit_card,2,107.02
08b7dbdd744f8be921b6e7f7fac199b7,1,boleto,1,208.66
02358a9949662b292e80635305dea78b,1,boleto,1,84.69
0392a7fd15fc16848335cb8ff143a940,1,boleto,1,38.29
0749426d1c48fe5943cbdf1316ace0aa,1,credit_card,8,87.64
00dfb074b5c910fbd08e04691c4b712f,1,credit_card,6,134.57
02640665fed0e2c2cdbe0f266a2aa1f2,1,credit_card,8,162.79
0901941512e5bef7c9fb39452262234d,1,credit_card,3,90.88
0764f8b9a45b0305b75e1bbd614ffaaa,1,credit_card,3,111.25
011667ae100a333a3051c9a23e3f0283,1,credit_card,3,42.09
08fc40afed49b10079c4c6a31ffc093b,1,credit_card,6,156.22
03368cf33950e57f7da415d43f792e0d,1,boleto,1,126.02
06a398a5e672222b10f098541b70da76,1,credit_card,3,92.23
06c2f55902daa48386515225a766e7d1,1,credit_card,2,116.36
05ec7d4c58b47c6c3249400c512851b2,1,credit_card,4,86.24
011abf147a69ba486bae3a74b6cd1814,1,credit_card,3,296.71
046022868cf3fa04a308811fd6b0b282,1,boleto,1,51.44
05b44fc08ced0af18eba71e859288f3e,1,credit_card,1,44.10
08b54ba8454bed7d08802bc62e33fbc4,1,credit_card,2,108.21
02b7e7c49710de373ce4bb83fd4bf81d,1,credit_card,2,67.30
0372d2e3d0ac2600aa8e08e6c46cb7dc,1,credit_card,4,76.65
06339e75ee1b614953aef978ef01d766,1,boleto,1,64.88
05857c3db4187fe99fe1ae8b69747ab3,1,credit_card,8,430.10
09cbcd1a5e559da522327abcf7e30dda,1,credit_card,1,47.13
055e4873984d5da3b7d65dc86a3c4149,1,boleto,1,206.99
0309a18e1e836baa9cd7289da085b4e1,1,voucher,1,49.29
0551ab30e952cbf19e26f0f6baab13a6,1,credit_card,10,328.59
0c51a7661156c6f9ae61b33610dca175,1,credit_card,3,118.35
0c50644a967084c645a3bfdf0cc47545,1,credit_card,2,27.73
05108247830e6abf604da38aff20907f,1,credit_card,1,30.29
087a1c1dfd41b68ab6a6cd8551147bb2,1,credit_card,1,35.36
04a964d023c9a995e1dea573959fad67,1,credit_card,1,143.20
020c2cd20d09193b79c51797a82aaa3e,1,credit_card,4,90.36
0339ed6316da69c73459e191c10ff6ac,1,boleto,1,62.91
0bbb3f7791a87d0307555e57da3a1ff1,2,voucher,1,2.41
0bb96548fdaf9fb98f6a72c4936a54d1,1,boleto,1,198.03
00e1426d4c79f2e022570012c1ff57ed,1,credit_card,3,86.55
059c31805aaf1f282276575595379050,1,credit_card,1,54.44
033e7f3c73132dd6a6792359b94155a2,1,credit_card,7,391.08
08fc1aa23fef732befd3559729544a6a,1,boleto,1,123.64
09abedc2c8793fa1ef3a6eb50a9587e6,1,credit_card,4,97.76
0c431e960acdfda9c7a640ee9bac19f0,1,credit_card,2,106.48
00a250dbdb3153cc6ecf4d3f07ef6a17,1,credit_card,6,61.77
024a19cc498cc1a9efcf675d1ca465c3,1,credit_card,4,203.02
0300095becf10f9b2993706759522741,1,credit_card,1,98.93
01a6ad782455876aa89081449d49c452,1,credit_card,5,50.09
0bf46c25ca29bae81f4632b02f593f1d,1,credit_card,1,31.75
073f64b0ac2c4ba51efd4327faca2d39,1,credit_card,10,156.64
0a3ff573ad87fe549fa3ce5c3f07b2cf,1,boleto,1,37.61
082b39e89779891345c6ebc6def4822d,1,credit_card,2,157.21
02701a0103fedd7310a8d575f9a8d291,1,boleto,1,190.75
01c18108db50c163daf7dfe461093fb7,1,credit_card,1,127.92
01442602b15d4127a84ca6ac1507ee2d,1,credit_card,10,523.72
018cb6a10649393055c272ba2984e8bb,1,credit_card,7,75.08
0015ebb40fb17286bea51d4607c4733c,1,credit_card,1,37.00
04652586a8416e68609d21f267dee2f6,1,boleto,1,88.39
0b48910785067fb42fce896aaaf7ce81,1,credit_card,2,110.20
05b771d711b0fa6d8ca9f42c3cc29f41,1,credit_card,1,70.75
0c6a2732270e3f0f66bd73dbde93b59e,1,credit_card,1,2.14
00d50baf1bc56a3c59de1810a6b84b0d,1,credit_card,8,188.24
0cdc9c620e68547b5d7b5b5d974b675b,1,credit_card,1,32.70
0adf4c5c9a1399ceefdb7ba880df1ca7,1,credit_card,2,145.01
05519ea9a25c6f57bfaa4ce4c372b26c,1,credit_card,7,357.13
0286c83491d80e29a5f16c150abb76b2,1,credit_card,1,37.77
09410001d65f75b36821f9556694a895,1,boleto,1,35.22
09b6cccc4166713f232f26db93a5d21e,1,credit_card,1,54.00
0a06eca1c0bfc49a968e40cdd506297f,1,credit_card,4,194.12
03a479456d2571485ebce285eef65f61,1,boleto,1,129.87
08e744bae85a55aa0143f7b41878a45d,1,credit_card,1,116.06
026b41054c5e6b7a4e94a971bb94193c,1,credit_card,3,408.99
0ad3fdda3076a1be91b13c89f2049266,1,credit_card,5,207.62
00e6bc6b166eb28b4502c1cad4457248,1,credit_card,2,85.86
029b1d3a355dec12cfed60927f076a9d,1,credit_card,4,252.38
0901f97cdb91762c043d2330c81919a4,1,boleto,1,410.61
074d6aba62abd52ad27529d3fb746260,1,credit_card,1,111.81
09d91c794f1841e2af74d07d08518980,1,credit_card,7,142.26
06b709d62777971bc95e6c32886f3ddc,1,credit_card,3,191.67
02725851051698269253f0823e7824b6,2,voucher,1,22.13
05c32785b5245ab31eb5bc6b0d41f698,1,credit_card,10,2115.05
08d2ae79008d5da4528a04f28c72f839,1,boleto,1,153.20
0487b772aa23074a39079a6967041b72,1,credit_card,2,42.06
07242eb6740fc0feb5044eda405a4782,1,boleto,1,118.28
090353bbd0b20f65c374b389aa15dcf4,1,boleto,1,120.98
0ad01dd05d74bc7891d57312627ec33b,1,boleto,1,158.09
07df21cf38c17b4fef05f15d23e3cce7,1,credit_card,1,177.92
0cabc61e5deb17c32904e1b512204efd,2,voucher,1,71.23
0648c919c26e4ed9eae8879a4c17796e,1,credit_card,8,1023.95
0bf5c5b5e96bce9d0093165a1697d8f9,1,credit_card,1,99.65
02a0f7101947ebb4e6d2ec4c1c929bbb,1,credit_card,1,112.49
00ace652c8a5072670f30674e5f19844,1,boleto,1,147.26
09c74db044dfe6e7f2a6b6a6750f36cd,1,credit_card,9,138.98
0829f68cdf3850bb5977ac321e0fb8d5,1,boleto,1,29.63
0670e42d70788dc30446908644d4cd74,1,credit_card,2,150.14
058a84184b0421a60f75fdbda47862c1,1,credit_card,5,190.00
05b7b6d543fe8045020d831080945bfd,1,credit_card,3,142.98
001d8f0e34a38c37f7dba2a37d4eba8b,1,credit_card,2,53.54
003a7f59d7e08a9c61d9e2881fe6459c,1,credit_card,10,134.28
0489818f0b5863c095a7445ee35fd7f2,1,credit_card,10,104.90
086da3118e7ada3cfb7cce476954af52,1,credit_card,1,214.16
05d657dbf5a4b2e7a685903cc8bb03f0,1,boleto,1,205.87
08f5487befe25744feabb3203a4dc09b,1,boleto,1,48.69
0437be9eb5f6b26660f0b5eafd1b1994,1,credit_card,10,506.17
0b97599dd090a41840a4edb5e521bc4d,1,credit_card,8,927.79
0900f1b09f4249e09ce4735618757707,1,boleto,1,126.19
0ae4c9a0bb0c65a89aaf840c9b08ba43,1,credit_card,4,215.14
0b1e280f28b576497838ec7684444971,1,credit_card,3,114.91
0b8f73a9816cb775a1bf1492c3bca4e7,1,credit_card,2,82.73
0aba4750be63d17b0b841afb6a84a629,1,credit_card,5,212.52
0411b9d67ebfabf519c3e47629e91e3d,1,boleto,1,199.14
0a881bec2e3ae03ba47a8d04d5dfc450,1,credit_card,2,138.07
012dc9e42da722d22e32c618a2521bec,1,credit_card,4,58.87
0bc9cc637f074aa7df9fb7f206125066,1,credit_card,5,53.10
02c9fa29186a8d00b3e73d3837ea40e5,1,credit_card,3,81.49
090342fe317c0444e8220e4d902579cf,1,credit_card,1,38.48
031a9aee4d307a1ae62ed71224c63215,1,credit_card,3,65.71
0176a6846bcb3b0d3aa3116a9a768597,1,boleto,1,53.68
07f5bb6759aecb6dd999fea544057758,1,credit_card,6,117.16
04075153ea747446984b909a58edef85,1,credit_card,1,97.66
0854ba21ce30d4c823d2822a698f5bf9,1,credit_card,5,276.62
0853e0536bc0b71240beedd97501bd7b,1,credit_card,10,498.28
0a750178e6d58c01a64d8d939cdca0c0,1,credit_card,1,43.00
06a77bcbebf5a85ba493f627e03980d6,1,credit_card,5,323.38
0539e3f47ed27c984efee378a2aa7f07,1,boleto,1,68.13
0259ec3c458d0e8c7564647a42408fa6,1,credit_card,5,99.43
097be4cd83ab97b83a12738175758dc6,1,credit_card,1,139.75
07900b3f0c35328917b0bec1c06cd28b,1,credit_card,1,95.40
07bebe0626c8053ad425381fe0882655,1,boleto,1,77.57
0c3a3b87904bb79c4042f7e75896b56a,1,credit_card,4,78.73
017499de14d22ef9e9a83ca54727480e,1,credit_card,6,209.45
0b1e1706859ca49fb88d353540f6eaa2,1,credit_card,3,73.03
026a8d09914c519feb34944477b6bd41,1,credit_card,1,55.58
085b1f163267ab9db88bb6b4145e0df7,1,credit_card,1,23.54
07a8cc4e00c23ade7ccb29786d3de771,1,boleto,1,139.62
0064d74f7de7917d54768d7722ad56ac,1,credit_card,4,221.07
0171835bbc71bcfacc26e9f59d56b62c,1,credit_card,2,81.16
0355ae43910316435f24cb54605a820d,1,boleto,1,20.34
0b0bf8f9977e22517521efeefa4b7a27,1,credit_card,10,167.51
0c2bbee72e02611ffd7ba4c1b30b7a18,1,credit_card,2,131.94
07b9098123333f897ad332b7c9c3820d,1,credit_card,2,21.72
06851487bfc68744f67fbc8ad1934d43,1,credit_card,2,133.05
0493cfcda1fbe4c59f584aeffa96c098,1,credit_card,1,106.36
057e8245e6408a7f5db33b517c481617,1,credit_card,1,41.84
09903fb2d8388ac463b7c269c099b6cb,1,credit_card,1,31.35
0cf808a0c021f642770317ad30665b02,1,boleto,1,167.43
0ac51a16347f7a7497b799596ad5fab7,1,credit_card,1,115.94
0b461bff8323f6fec51ec6254a81d562,1,boleto,1,20.19
04d9462386313112744bfe028575d10f,1,credit_card,7,415.44
0651c427722f910d3a2238dca1975fcc,1,credit_card,5,1400.03
01c0514b1f2a7375948323b959cc5682,1,credit_card,3,32.69
011b142c9e082a5c1d10e0a88cd9c8e8,1,credit_card,1,297.20
0275c0ac1928093069b95bb67cba52d8,1,credit_card,3,66.59
07cacf10cc226618237904718bfb96c2,1,boleto,1,97.80
05d5a67b06f86425711075939a164657,1,credit_card,1,18.38
05d43265b79289692a382c9f2a6c1547,1,credit_card,2,234.84
099a55045696dde09f58f62e8e82a542,1,credit_card,7,191.89
0b382db57a557ff7703eaba5e991e7fb,1,credit_card,5,775.00
0cbb4eb8eb55f8386cb8c934ff936358,1,credit_card,8,105.89
0cece095c1c8f6bd21ec851d74642943,1,credit_card,7,155.27
0b95f3147f8a038de06187063d90008e,1,credit_card,1,56.78
044bcd01474ba715e7cb11d5a70ccf0e,1,credit_card,1,89.96
0acb52bb1603d9a69f0965fb43c08a99,1,credit_card,1,24.71
00f251b943aba645652c7138e4716fee,1,credit_card,1,101.25
00c405bd71187154a7846862f585a9d4,6,voucher,1,20.00
03a4e2b0555e9decc299d5f094056892,1,credit_card,5,80.11
0ae449254770bfec75a99b8d804e5b10,1,boleto,1,173.84
06a55b1772ae6b58d1483030c97629ae,1,boleto,1,87.64
06e168d9ebbe911b7113e44536929f11,1,credit_card,8,174.40
0484f1d11d891ff86fcc2d225ce7094e,2,voucher,1,655.16
07e8c8c7545c3cf6386eaf464b1e8365,1,credit_card,3,356.76
01fa35042136b75da24ce2a391b30eb9,1,credit_card,1,45.00
076f1fe978468db6b826f40f714da65f,1,credit_card,2,168.88
0c77e9308e3c15bbeb6c16405a2da080,1,credit_card,1,112.71
016ff85737c2072ab00a705cd8f87799,1,credit_card,1,95.02
09ad94cb221ea7d2ba569504ad446082,1,credit_card,8,201.46
0533573d16b0c12cc9a3f9f97f67111b,1,credit_card,1,69.94
0c5c8063a673f3c44b6499053e534ccb,1,credit_card,1,138.60
0606be58306f48924f5b44a39cfab9ec,1,credit_card,1,52.04
011375f941b3695c3c3ee58bfe0d3655,1,credit_card,2,144.29
061eb3fa9ee22a8dc3c90060e5a637c9,1,credit_card,1,65.13
01d907b3e209269e120a365fc2b97524,1,credit_card,10,169.76
0a2c8538b97333899a075ae94b85b037,1,boleto,1,304.28
055da72c578d9094618ebb2712e161e9,1,credit_card,1,64.23
06d9e69034388abf6da64378e10737b8,1,credit_card,4,247.70
0c91b697f968a592811f9300675c6138,1,credit_card,5,57.46
0468a84e6df93886189d80fce46bbfee,1,boleto,1,224.78
03672cdb5f2c133e401946a14a7dff3b,1,credit_card,2,92.83
00ec95a58b63378d4cc06d196cdefdf6,1,debit_card,1,187.96
02fafd9313d5274736b9740f23006a8d,1,credit_card,4,318.87
02608b91ec6070ff5fcd4b63dd964232,1,credit_card,1,38.28
01725657be56c432d5aaa2f914ae2c56,1,credit_card,1,163.81
076203a3df21fb25c8b59f881f2b37c9,1,credit_card,2,95.21
00ac05fe0fc047c54418098eb64e3aaa,2,debit_card,1,123.47
0c2145845231f6707fedad2baf767b41,2,voucher,1,100.00
03e707d64a286c3fbad59b8c89cafd95,1,boleto,1,144.54
01d2fc3e47376926a97ae795036db093,1,boleto,1,47.54
02cdf0f2b05845468fdf0c104e24ae17,1,credit_card,4,93.28
055cf2a6f9343f99acdb5e8f70e49bd8,1,credit_card,10,367.26
0a671900301b8fcb176e26d685aa7fb2,1,boleto,1,73.62
0a383b731ceafec6fe7047720b1ea52e,1,boleto,1,328.45
062fb51d4257a8a7ef0bb5df1becde54,1,credit_card,1,37.00
03681e41ebddb2ca0241b148a40773d0,1,credit_card,2,86.74
02b9fd867657f257dc634a2e7e0f73c5,1,boleto,1,136.60
07440dff5293ea24c5fac25a473c2eef,1,credit_card,1,126.03
093cbde1b401404fd6dffc827e4b86e8,1,credit_card,3,65.71
09ce65f75711be9f04a63700ae3c5adc,1,credit_card,2,210.89
06ef029fb5e8d178fae15f909432ccc7,1,boleto,1,34.73
087692f9f84c65ed1560e4a3b97d5c21,1,credit_card,10,1697.45
00ad1a02d4d9decad15c7e8f8a9470cc,1,boleto,1,68.25
072916d00b6a53edec9ccdb3eba1bdf4,1,credit_card,6,464.86
05bef443b850685058070c9e781988e8,1,credit_card,7,79.52
003d0634280ff3d1d3a54459349a6899,1,credit_card,1,228.89
08c3c0d49b3cb66764234e0fa980e850,1,credit_card,4,225.71
01e7138289b75d9624b04dfe12379c1d,1,credit_card,1,64.76
01c4766d43d50d892132f7bb04d97300,1,credit_card,5,54.12
0c7c52a4d8b572ef9b01e3cdd38288e6,1,credit_card,3,100.68
0753ba0519dd531e78e0abdedb16be35,1,credit_card,1,143.70
0786c4c0e6cac26fe4f5c558b232e392,1,credit_card,2,78.06
0a0185b8b72cbf2290c3e4218300a61c,1,voucher,1,25.00
098a8457920d6c63f0cb10ccfbcd369d,1,boleto,1,210.03
049ede3fc839758e81752a9dacd1f911,1,boleto,1,25.78
057134090fb19405548e54bbcf377f59,1,credit_card,3,186.40
02e7b3980e9984556bb3a764306f3e31,1,credit_card,10,113.46
0bfda4d08d29cbf3e31f33c5e213dc77,1,credit_card,6,122.96
0957ed870116e596b800540427c61497,1,credit_card,4,157.99
0c23e216707906b2996b9e2a5bf5ca93,1,credit_card,2,64.44
0114835d7f0b3f674b70a989411e31c1,1,boleto,1,112.13
09ea2181de5a14e01d90b6ff01835a33,1,credit_card,1,37.69
037ded3ba29ebe9a96acb1177cc52b51,1,boleto,1,61.75
0c3190b4838c596fd1d6cd74e0436120,1,credit_card,1,77.71
0113affd907a209209ab08413bb54226,1,credit_card,4,186.10
03df18ab5ba4464030b07f49dc6d206e,1,credit_card,1,47.68
0b9585496a9549d76a405252c9a5a027,1,credit_card,1,57.07
06136e6a6532fabbd5675f8090fca4b3,1,credit_card,1,72.58
06ae350afd844b7e1dc14f9322504baf,1,credit_card,1,50.53
03bd6f7b95588e476cdef4abb2cfdd0d,1,credit_card,1,57.99
0b4aab4ef70208498663141571f68116,1,credit_card,1,109.08
03a77816f8b67ef237ecca2c772c4851,1,boleto,1,109.50
0cae3692c0412d717beb36ce3faebcb0,1,credit_card,1,69.94
05ad33706a0ad42482ba7f17236d4bba,1,credit_card,1,94.30
02a7c0948e8f36cc17e787f73395de4d,1,boleto,1,25.79
025e90567adfa253765b7fe0e844af3e,1,credit_card,10,103.55
0735a85a187bf67cfe490862c0e72bb0,1,credit_card,3,107.55
00b47ee856118583dbec7d1f9b18d847,1,credit_card,2,28.88
092e3282c11e71ea0c568efc2a92f91a,1,credit_card,3,165.80
06ad94997dd34a7c2186b82d8e9be6a5,1,boleto,1,76.76
078095c153e500cfcdd068f00b8d2e98,1,credit_card,5,104.37
04711aafa1156335ba1ea7f6f7b7daef,1,boleto,1,99.22
06ba91cdc30ac6c7181e933cf2135932,1,boleto,1,241.71
0baad26e1a67410a85b2b38558dade2f,1,credit_card,9,96.83
013d92e415d1de7bf3b3b706f1b6d292,1,credit_card,8,204.07
09a5c8d751662bfb96c5a3307619cb36,1,credit_card,7,376.85
07320b1c77905dc3d2e11126b143221e,1,credit_card,6,147.35
00f6dbc6195397197ee147ee45607a2c,1,boleto,1,64.42
0410ab9a8e8b28e6399bca3e89562f95,1,credit_card,1,39.00
07ba523a0c48b0ae0920551684e13ab9,1,credit_card,1,130.16
032b42b17fe9daa676ba9447f3dbbd0a,1,credit_card,2,62.00
06e084d4ca3391eeec0a110051d0cb29,1,credit_card,1,47.00
02dade411839b1c334363dc9058e1124,1,credit_card,2,231.39
0b06c30e567314a9dd1c74fab08ad81f,1,credit_card,1,68.44
07528311766b5aa54d193747c66663df,1,credit_card,4,190.98
05426618bfbb87e04fdd3a60a5bfef38,1,credit_card,7,385.74
083dcb43c3410ea112ed46dc5e8f6674,1,credit_card,8,492.08
078e048ccc8dc8b449dedc064b860b0f,1,credit_card,2,74.03
0bcb914e60bb0de6160699483722bc0d,1,credit_card,1,54.76
00e7aeced1d61792368ec7bf8b967a90,1,boleto,1,58.70
00310b0c75bb13015ec4d82d341865a4,1,credit_card,2,55.28
0af058fb1b7b4ee95c3c2e1ccb9ef743,1,credit_card,2,24.83
03b218d39c422c250f389120c531b61f,1,credit_card,5,58.03
0710ec94ade6724b0816df78ee4e689f,1,credit_card,1,10.81
08bb3532c9b969bb6a46f98fc5507510,1,credit_card,6,773.25
0462bad26ccfb8508951beb9ea398ae1,1,credit_card,4,169.51
0c69307b707522f4bf7267c44d06e182,1,credit_card,2,137.61
0c5d85fbd4b20a1d9d5fc6a29e739f36,1,credit_card,1,50.80
09d3cd95f911da31613353ea97a651e6,1,credit_card,2,90.28
0327e521bdeabce73fcf327b2fc94c92,1,credit_card,1,66.71
0a8ab5666933ac4865f2c36c5e7b5a0c,1,credit_card,10,429.41
0ac4a31679b7cc92b7f6cb3684f55e2c,1,credit_card,4,68.04
0a90fd1ec2b6416cf95f9f9dbca21d9a,1,credit_card,2,54.43
0c162a9eb881c1a8a2e5bcec41cd2cfd,1,credit_card,2,170.19
0abf7f13c92f93e708a28f32316b13d3,1,credit_card,1,121.55
06f544e5c7afe6215b9e2a26b4f08442,1,credit_card,2,139.03
0be2b6c22a3cd022d2986721e1faaafc,1,credit_card,1,124.50
0ac247d71d19fc1748abb7e53af648af,1,credit_card,2,116.36
0807ef98d4c6786b58238e6dfb2d2a9c,1,boleto,1,61.00
08e92ad91f0ce4572b374d35637140ec,1,credit_card,1,62.31
08bc3c916f77ec2affe03716dd076af2,1,credit_card,4,43.27
028369515408fa864cfe50091d4e76c5,1,credit_card,1,3.81
041687935b1e4c3715beb1602270b40c,1,credit_card,1,77.77
0683ead91c16a3b8964141bd93ec4edd,1,credit_card,4,87.33
0a36782ef456fa3a812be422d9a3f8db,1,credit_card,3,148.49
018bb1508d9156b81990407b91fb35a8,1,credit_card,5,317.96
0b937678b38558c4fec110aed9d5f8ac,1,boleto,1,133.86
039f61edec89c6f0edf8dd1a0bdea1fe,3,voucher,1,50.00
03679d41c590caa3f9f56dfad35bff0a,1,credit_card,3,185.61
06475c925f62299396ae63b9e9468486,1,boleto,1,29.47
0996218f2d0c8ec0cb08f7498588bc41,1,credit_card,5,284.99
0716d86faf8bd36dcb5bdaee6777b272,1,credit_card,2,46.90
055cfc7366f3dfdbca102536d95381bb,1,credit_card,3,96.43
00d1e381c0995f0bdb95909fe7434d0b,1,credit_card,2,170.16
09a21347537a52507220515fa4516fbd,1,credit_card,1,146.96
0a6e8d7b7db627f4863678eba2a98eef,1,credit_card,1,439.68
092166b50105729618cd1dfb1e7c650c,1,voucher,1,43.29
000aed2e25dbad2f9ddb70584c5a2ded,1,credit_card,1,152.77
035d66b23a4bba74f8119f9ebe3458ee,1,credit_card,1,114.57
040d14995ebc5de6373a0bc2b5485961,1,credit_card,1,40.10
0cf52f585ea2179c0bfd06b1a7acf3f4,1,credit_card,3,72.79
07c25d3d928865cf442fac10a30163c0,1,boleto,1,55.00
098fa8e236952567d948321ee4684854,1,credit_card,1,1.26
085dc4386ef92b335b19c17b1ab7876a,1,credit_card,1,97.60
005997dca4c1fc45066d0a03d54a6469,1,credit_card,6,133.75
08e5962f7b156426e52078f8504e9b9e,1,credit_card,3,326.94
061aa244b31dd240e079ad7a7ce3f32f,1,credit_card,2,151.98
043e7f7cfe1fdc68f4ba3dc83504db83,1,credit_card,2,140.03
07f18be24ff2d6a39b166d2fce1bc2b3,1,credit_card,1,149.59
053245dc8f6f668c40923c3aedcd384e,1,credit_card,10,110.90
012b3f6ab7776a8ab3443a4ad7bef2e6,1,credit_card,6,107.80
053180cf4b0cf3f7a300e2e42ff01da9,1,credit_card,2,144.86
04c0dac88714e8ee1ca2c0254cab2a22,1,boleto,1,40.19
036b2855a4c92b30f0bd1f3fc0f46e48,1,credit_card,1,67.53
0546ac640227025eb2df422b1f613f66,1,credit_card,8,153.01
06e83e2884ecfcff09067ddaef752b49,1,credit_card,5,126.92
02e15a348e5f7ae74cd23e7904095aee,1,credit_card,3,347.84
0020a222f55eb79a372d0efee3cca688,1,credit_card,4,45.09
0b372cdcdd4134fc5f7695426339ce84,1,credit_card,3,157.46
0718c5bbf159e96715ef033576c56316,1,boleto,1,129.17
02855eb3e469890c3b741adb0fd64f71,1,boleto,1,104.37
070b9bc7d401021bcb0d4d7413bb233a,1,credit_card,6,165.97
0770d6621e5900694909ea4a6236da14,1,credit_card,1,136.29
05d885b852158b0280c4abe2cd5108b4,2,credit_card,4,400.00
06f0522e3c0dd8f8ea7a738176844f04,1,credit_card,1,73.62
0599833bed37a5f88c9ade7cf219fd6b,1,credit_card,1,113.62
0807e3831ca17d1d980903674c61d019,1,credit_card,8,274.71
077abb7d4f87719b0a5cce22295eb775,1,credit_card,2,61.01
0a9d793da20eb89ec326c840c46d7a9b,1,credit_card,1,37.77
01e662008f03009eb9b97f9333fcd6b4,1,credit_card,3,37.82
050f9344068b604a9df9c01b12ded455,1,boleto,1,123.01
0c9548a509e778d5edf0db66b7dd22d4,1,credit_card,2,221.35
046ce63db7db8b9160b6231429c8ea66,1,credit_card,3,149.61
0baf7e063341d21b649aa73045ce5395,1,credit_card,9,179.35
05e28a6a1994b77257df51a5e304b6ab,1,credit_card,4,40.89
063250ed406abc1e7730639c79d16a0b,1,credit_card,3,357.03
052957b74548fe2ce95f70d3623e6eb3,1,boleto,1,28.41
04cb4d9e4f236cd2d6d42de8f1eea4ae,1,credit_card,3,517.15
061f31c732cb84a989d5b62660212ecc,1,credit_card,3,87.76
008d9bf350ff02ed444b3452cf3f57e0,1,credit_card,1,50.44
0828f00051736863b477ea7277ddda6f,1,credit_card,4,86.56
0332002e367c17e6c4111ae2dd8a6aaf,1,boleto,1,368.87
0a4c05d2e1ae812a342af2f5c9a34b36,1,boleto,1,171.09
0c2cbbfae44e4f2bd7c747a2c2b05bbe,1,credit_card,1,37.37
0209ef2fa3cce5eb798c98f5b6142849,1,credit_card,2,20.45
07b1682544dc5cbc0eb87fb56e1374b5,1,credit_card,2,108.43
005059edee63c8c708ba61910793b31b,1,credit_card,8,219.78
06adc78b559bb5077b7748618fb45c17,1,credit_card,1,120.48
03ba8f07686d0661b011f3701eab3edd,1,credit_card,2,119.16
0ab29b3ae0c49bff1cfb0b0137c20da5,1,credit_card,5,56.69
01237c761ffb72594a466ed514518af0,1,credit_card,2,126.46
06caf4b0e55d9bc015a91fa77432a1cb,1,voucher,1,40.65
050c32bac1e923fa3406fdedf75feb89,1,credit_card,10,215.64
0b685cd6f272b410ca1a0cd1fbf0a548,1,credit_card,2,88.19
0b895f68e42306770949736e0210d0cb,1,credit_card,1,65.87
0170fdd7ac7c7bbad5308207bd25a679,1,credit_card,1,42.77
0b17b204a1785111272edfadb2aa9e94,1,credit_card,2,110.32
0071ee2429bc1efdc43aa3e073a5290e,2,voucher,1,92.44
014ffbfe2df4c96a2b063d084583978f,1,credit_card,2,94.30
0745201fea5d6f4aabd42e92a7d3b3b6,1,credit_card,4,197.50
05ce7829fca9c640cd884ba446956158,1,credit_card,10,622.64
01bbfee76e5e3f96f008c781c2c17bcf,1,credit_card,1,36.15
087f3b4c583de715fda96594b3a03b65,1,credit_card,8,96.80
0286e258217733541e80588e29c208c1,1,credit_card,5,81.63
0b93ee12012954d6b2a2c9a69ce4fd24,1,credit_card,2,85.24
084ded1a75b230fac5331c786694ab7f,1,boleto,1,82.98
07adb4d17fca01935d0590d775e9569f,1,boleto,1,89.63
0580802ab0d4809dc16b4c9002c01a27,1,credit_card,4,156.00
02d3254501ce969c22c38d060166bf68,1,credit_card,6,123.68
051b95df471b0bc57ac737b9d3057954,1,credit_card,2,70.27
056349f85a73d794119c4286c95a52de,1,credit_card,2,27.04
09b8d47d2f753e1c1ee4da43e4429ff5,1,credit_card,1,463.71
02d63a39dc1b1a296141b46d3db19415,1,credit_card,3,145.79
05580ea6005bac590a3f143473c9b296,1,credit_card,4,211.72
01dd7b32b57e2e5633984f61e456b046,1,credit_card,1,23.87
06cc571b0a86a28fa19139270e4d3aea,1,credit_card,1,31.88
08f20d527e3a4331f254f4063920c6e4,1,credit_card,3,71.81
0a1e9a535a370a7613939cdf2196c089,1,boleto,1,25.96
03720fdc92032ee4abd471d172006ab0,1,credit_card,1,143.49
09c10d01ea598b37493ee93aa01cb066,1,debit_card,1,25.13
03d5b9a74ff46435640f8bd737ac2237,1,credit_card,4,146.43
08d27643b4ade2434f167dc1ba237b4b,1,credit_card,4,94.31
04e86e883a36a0775ecb4f34f581770d,1,credit_card,1,35.11
08119452a05228b9c7e379abf9622dab,1,credit_card,1,174.81
0438652a8cef245640be57b30610a4fb,1,boleto,1,972.48
0006ec9db01a64e59a68b2c340bf65a7,1,credit_card,4,97.32
020bc32fbdded2a43147c70a5eb3ec21,1,credit_card,5,116.74
029a092ea19290f774d21c51fd7ac45f,1,boleto,1,117.01
086336eee2f5956e2a6a18369abd023d,1,credit_card,9,190.58
05c44e3898cc7d836584bfaaa36d0017,1,credit_card,1,79.73
02db3eec8ec9d3a35e2afe15367f21b8,1,boleto,1,72.48
02a54d22a5cd81b89c0a40bf9a75d9a4,1,credit_card,2,55.04
0013503b13da1eac686219390b7d641b,1,boleto,1,137.22
09c6a742ab99ba6516e8acebf60127b4,1,boleto,1,132.44
071f0c6c7702218addddcbef0d46f76a,1,credit_card,1,63.61
0a8f35ef46160ef897c27ba8c423d823,1,boleto,1,59.42
08bdbdeaf1626720051193300f93806e,2,voucher,1,199.44
034e643b615bc5da33b1ede13e2ae803,1,credit_card,8,185.05
035ab6fc3b7f9d16f714a337ee63b7be,1,credit_card,1,7.91
0229e66693fbbd736e5022221fc8148b,1,credit_card,3,62.98
040f214f2ec8be892fee452b52a96f1f,1,credit_card,10,217.64
001daeb0eddc45b999bad0801ad9d273,1,boleto,1,55.12
041829597c49c92cb66b0e5813936286,1,credit_card,1,135.51
0c74c49e467222c92f1811d3c087b950,1,credit_card,5,180.52
093a8c168710da385a8c59d3149ea380,1,boleto,1,55.13
0a703303bdedfaa80afd4eb17280f2d1,1,credit_card,6,654.80
0af07373c6e0f41a0660087bf63d7c64,1,credit_card,2,44.17
03c968d10d8c63bd2388245d02579fde,1,credit_card,5,73.28
014872cb0c4fc7695c70484966baa65c,1,boleto,1,312.84
0ad0daff42cf44b50d0bac4c64722e4f,1,credit_card,10,419.37
0640b06b89343b8b664b6ddef40ba020,1,credit_card,1,66.01
076e07cd8d9c8b47dfc2fbb22c58e895,1,credit_card,10,856.95
02bee300cb834a5d334ae42fdc325e7a,1,credit_card,8,204.53
0aa3e276c40ae025d8ef6651de2fdf32,1,credit_card,10,181.69
0ab83b3fdbca202530950e8f1896412a,1,debit_card,1,49.53
03a4aaab0b783a1be23b30e360c067d4,1,credit_card,1,101.71
0665734cec5349770a82280c326abc2b,1,credit_card,5,51.63
068d6b1cc2388cb0c5dcff8815760818,1,boleto,1,31.13
0bcaf262925111aa4be36f35bcb92fdd,7,voucher,1,7.09
0030d783f979fbc5981e75613b057344,1,credit_card,7,78.27
04778abaab7b4bdfb0abb1110f1eba52,1,boleto,1,43.22
00f2c876aa08fbba04199823952e96c1,1,boleto,1,86.22
07357a6641ec997dc95d17a571f9ce5f,1,credit_card,2,46.78
02f4ae2225612fe9e42562a8e1f466b3,1,credit_card,1,42.29
088a5d99caf7f8345f08892b9c900bee,1,credit_card,5,317.32
08a2bc9386ffb58b6637add8a8e7d4fc,1,credit_card,1,36.34
0bbb3f7791a87d0307555e57da3a1ff1,3,voucher,1,2.39
076d991923ee938761994a4255f5c5da,1,credit_card,3,94.69
0282e83acfe3e7aaf60c871a4a9aca61,1,credit_card,6,163.45
0ad81e043e6a8e37686407afb25710a1,1,credit_card,7,225.67
00b44ba3d7c4a5e9a9ebafef9150781d,1,credit_card,1,67.58
0c1c40ddebf6bcde950f7932248b2529,1,credit_card,5,141.17
0647c4896cbb3bcfe3a48f652dd058ca,1,credit_card,1,284.63
0aa3718b7db60c5ebec88b485cb975db,1,boleto,1,41.36
064895b0b58ab3f84d9d3b0a2b800205,1,boleto,1,76.17
044d4643b22cf71e768701acd9fc55ef,1,boleto,1,114.84
05f4c59e4404655a57c7bb10ff944d3d,1,credit_card,3,279.24
0c699835432f5ca06e878ed73f893b05,1,credit_card,3,147.15
0af3a5d2e6e65075837ef5ceb5c167ab,1,credit_card,1,65.32
0323ff12c1df8a359930ac6b84a32653,1,boleto,1,114.67
0ccc4bf75e4ae3839f210bd0381c964a,1,credit_card,4,455.39
001dbc16dc51075e987543d23a0507c7,1,credit_card,1,87.90
08adcddad19d3acf37d1fa01cb9ded1e,1,credit_card,6,166.09
091119d8eee03ee2736786df622f1e81,1,credit_card,3,39.22
04f7a2c35c535b543c6042ee73b125f0,1,boleto,1,142.21
06d4759251d186697714a0c1a3fccb0c,1,credit_card,4,220.66
0886f12bc4f3770e8660c836cd58abbd,1,credit_card,7,236.21
009ac365164f8e06f59d18a08045f6c4,4,voucher,1,5.45
052ef5dcbed8fd1d4d01ba597103168e,1,credit_card,1,336.48
0b7260709eb6a2884329b5ec9ef2b2a6,1,credit_card,1,32.29
0a2798cd0ba9166659c07e35ef5eb817,1,credit_card,1,134.76
01db310c16db46c62c3d4e0857990f32,1,boleto,1,141.28
0324ca9d12ff99bc4d2421530c376ba4,1,credit_card,1,217.64
053774f3c674d850192a31b9c1a8ab3a,1,credit_card,2,157.85
018fb228a3dd1a16349e73d2e41b239d,1,credit_card,2,208.00
08d862895d238cb8405dffe9b981df25,1,credit_card,3,128.31
02b57c07010db3ded50936152756a6e8,1,credit_card,1,116.85
06ba77893723a9357f7e681bf336fb2c,1,credit_card,1,64.22
0bf0591471117549d48c64d47aa33e60,1,credit_card,1,48.71
0b4526b3cce3a48ec0506b923481cdfc,1,boleto,1,35.04
04d93c61c57f9d6d4886adce5a64a9b0,1,credit_card,1,147.06
075a544c5f4ed4bb75f82b160465fe76,1,credit_card,1,220.02
022ba76c6e0c4336514521a8cd4b8fbb,1,credit_card,1,120.82
0c53c83ddb6fc0f6d915cda471c0aee5,1,credit_card,8,334.46
06eda05597492635e3b91e00aa434332,1,boleto,1,216.14
0536f0244395bde3fde4212b3f4d64c8,1,boleto,1,84.66
0cc64cf0340c6a2e2a2157f49454b639,1,credit_card,1,62.37
0c92ac263657a43f18927cc6392e3816,1,credit_card,2,96.10
0b710815eacb6ac13165d4cf70dbd5cf,1,credit_card,1,67.63
050c064324e4ea0fd891e928b776a24a,1,credit_card,8,92.55
03e7fbb471b77e2baedac2662bd76db8,1,credit_card,1,257.21
08a5a57f90304e3e736623cdd8eb0166,1,credit_card,2,67.16
03ba490d83feaba677aede829ff79db1,1,credit_card,1,52.75
0aa240e0cbbe794b5470e659a22b614b,1,boleto,1,82.88
05147da86ae779803eaa2a5480010af9,1,debit_card,1,17.29
05f215a71e36c6985cb764b530d1e45c,1,credit_card,1,35.80
04d545b51bf8586200b03f1e22db97e2,1,boleto,1,50.02
0c9c4433b5b33bcc077a814c9dd7dc3b,1,credit_card,4,142.45
06e30282882c8f52575603b55ed877ce,1,credit_card,1,99.43
012f29911fcd2f1209d937741a6bbc6f,1,credit_card,4,42.07
07926fd3755c862341b7c7a15ef40b30,1,credit_card,1,44.42
06a1cb50e0911f3b04b4f43fc7beb5a7,1,boleto,1,59.09
072d14a6096a0b4e29e3e2d6f11f58fa,1,credit_card,3,37.45
0911bde30c594a8d02279916da2ece61,1,credit_card,1,80.19
087a471c766adfaa11fd61670213b4c3,1,credit_card,6,132.13
0963c313de5db3a47d2b1d051e92a299,1,credit_card,2,128.06
089b6875058f8f72ecbe2f5afe317910,1,credit_card,1,87.32
00d0ff2017f9ea13dd7eec7470ca473a,1,boleto,1,74.69
063f19fae1eadbb92dc30d00b7cc870c,1,credit_card,4,215.31
08ccf73c206d15fd2668cdb6f32b5e04,1,credit_card,1,35.69
058e0a8627dc25b49eae4ce6ca658cb8,1,credit_card,3,1152.62
0166ae6ff6d450bbac3eb4ed2885c0f8,1,credit_card,1,89.75
0923b9182325b77894f97a1a532c7102,1,credit_card,8,250.09
09d062f6e1122b61b5ebf287cfd6be11,1,boleto,1,79.19
00024acbcdf0a6daa1e931b038114c75,1,credit_card,2,25.78
077a77e315e3b317121a0af9962e122b,1,credit_card,1,19.64
0371bb519b3c4b04bed0460608ce6c59,1,credit_card,2,31.80
08c7ad853a45735072fee2be62052da3,1,credit_card,1,132.34
00611822267e76e0055c25c18506f06e,1,credit_card,3,180.21
06aa0aa8c22027ebb953d501c4238512,1,credit_card,2,78.78
0bda83aa61608436c3403ca200bf12d5,1,boleto,1,103.14
0011d82c4b53e22e84023405fb467e57,1,credit_card,2,315.33
0803296b40e2392a6d35771832ca1d7a,1,debit_card,1,56.52
030e558867da892772c999f60d09e854,1,credit_card,3,159.21
0c469ff5fde3323c2a8b99387f46bb19,1,credit_card,7,105.28
0c83ca3fc3a83bd059a1834a8ffeb917,1,credit_card,1,121.61
0a1ff79efed81178cd6303f7704e96da,1,credit_card,1,160.55
0c92cd0095b2e1f57c013f2094f4e434,1,credit_card,3,151.94
0110688c40ff035d672af3aac1f38f10,1,credit_card,7,458.94
044c27c9fb6d9b51bba0efa1fd726c97,1,boleto,1,103.00
065d4f458013cd9c9e716f8be1ca00d1,1,boleto,1,68.17
010ff1cfe12f3094577e72b7bcecdf98,1,credit_card,1,262.24
01825d0debce07b6502f4aff38a00e69,1,credit_card,10,212.25
0948bd714f9f0ca68d9e70af5090d3f6,1,credit_card,5,71.82
00584d79015452d19fd3d044ba3abdc0,1,credit_card,3,122.17
08d8f90d77d9280c2e00ee3d749c22ae,1,credit_card,1,76.29
081f94ba9d60353dcfa2200cf9bf42cc,1,credit_card,4,141.23
0547acbb31f582333f75c3fca2652969,1,credit_card,3,39.84
020d1063c6e7cb975472aedbfe0e25ea,1,credit_card,1,157.65
019c4b64cf3d733807ef5bc8bcf6d123,1,credit_card,4,267.99
08ea06da9974b971f8fad4929380e24b,1,credit_card,6,266.96
094df781ddda90e70dd08ad95476b181,1,credit_card,5,53.05
02058d1c3b825765a4ec45968b8a1c97,1,boleto,1,1826.34
020c01e41104519842f8a15605af646c,1,credit_card,1,51.81
029e3b4c8e64bea4ba22e456cd1930a3,1,credit_card,1,87.64
0070092bb6004faafa287e5fc35971e9,1,credit_card,2,163.06
06ffc260a153bba52d82a18f91e8f760,1,credit_card,3,165.80
04bd525b12a75a2a6fafd26414588301,1,credit_card,3,85.14
05393e8d9957461611ec8c8d55b13c02,1,credit_card,10,122.86
097c6926697b318e2e49c0d92843211a,1,boleto,1,220.20
02546acbfd2949a1f63c44ad04978ea1,1,credit_card,4,85.81
03b89e8b0ef3ba18cc903dbaa7aff107,1,credit_card,4,47.20
040b98b117606d34ba51c4d274a15e2d,1,boleto,1,913.70
05ddc7eac5c1d01a5412368354426943,1,credit_card,10,111.90
08b46ab06eaf71cf043929ebf277e280,1,credit_card,8,115.20
04492e6b1fcee5317506f927e0e89eb2,1,credit_card,7,130.01
09efb7cd51fbc54c89edb7aff4a3f637,1,credit_card,3,115.45
036bbb637f99f662c928d303d461ffe1,1,credit_card,4,220.37
0b8223a2d582ee50740baba714b65256,1,credit_card,5,386.13
08a4c77d9546c8928c3dd4b20da1b773,1,credit_card,1,89.36
0045f5225a96ef46630701167528fdcb,1,boleto,1,110.41
07883af69dfb22686ef985505006f9af,1,boleto,1,104.59
02870408b4c4492b036a48140f2092ed,1,credit_card,3,102.74
01f216b447564f9ea791b521db577ccb,1,credit_card,2,74.49
017b11be3048fdfb58e63edc5fc8f4b8,1,credit_card,4,40.27
086e718f4bcff72026c18edaf8d572c5,1,credit_card,1,200.09
0b252b879dbab76b4730df79aeb1778f,1,credit_card,3,33.40
0a2d80bb09b766e032d077eb834788e4,1,credit_card,1,22.75
09951c1a8c91dc28f008c3ccc634f1fe,1,credit_card,8,86.15
0870ee292ce510fc7bf1ccd86a6d28c7,1,credit_card,8,84.05
0c5229491f40a024f07dacd49b445b64,1,credit_card,1,200.84
045b9114be21f880246ba6d749f577af,1,credit_card,6,61.29
0b47f5e9432bd433f8c5cf64e60e6e5f,2,voucher,1,20.00
05deb664157a8c5022b440fc420bb397,1,credit_card,8,83.79
0893d3e08dffcc94ba62238512c798b6,1,boleto,1,74.03
0256530d814cde05587fcd8e1b992bc8,1,credit_card,8,343.71
086928951ba74a6682919fc942c458d0,1,boleto,1,213.90
09357f9fdde223052006f3bae0367a29,1,credit_card,1,32.24
06ef1c484cc535575da1724b5c6b913a,1,credit_card,1,36.68
05a71c571d4602a72418b73366543cd9,1,credit_card,2,107.78
0a87254b512c79f0943355540a189d77,1,credit_card,4,201.12
057c13c6bd8799710c70ad3c7b2087ca,1,credit_card,3,61.05
09bd279b1d189a59de559c5f558ca857,1,boleto,1,36.95
03c1fddd11851ddf712a2c28bd3df54a,1,debit_card,1,78.30
09e1adca3506ecf15eefdb37196f2515,1,credit_card,1,32.90
0849eaf857ddbba0d7a97887503f9795,1,credit_card,1,106.43
043d31a14bff24ead2b38f6b84a10437,1,credit_card,6,393.76
06fa245bf2ac2f602be83224fc55ae39,1,credit_card,1,82.12
0a10c45a73c3213a1499c3989973849b,1,boleto,1,102.23
00275bce676303c3bfd7292aefdfa223,1,boleto,1,293.36
07ae1be141672315e599bc7ebf23c5f5,1,credit_card,8,249.16
00bd50cdd31bd22e9081e6e2d5b3577b,1,credit_card,1,4.88
0739104e30e20de6c0956c0889a9b9dc,1,credit_card,8,394.31
023e55afed85f9778758fba7752a9215,1,credit_card,1,113.05
00c95282163553a982f38481f9488481,4,voucher,1,20.00
0b4bb296de7b6b5d24103fdd585b1241,1,credit_card,8,113.62
09ab8a3234b24017600673c296756fdf,1,credit_card,8,323.54
0625530241d6fc5812c0062962c29a7e,1,credit_card,7,167.14
08748bafebfe3d00f17771505f3df1e4,1,boleto,1,58.13
02f6d9982a52e44cf5a2be82598d078d,1,credit_card,4,231.74
009e11afa25aa95ae78e60a793995c9b,1,credit_card,1,65.14
0a4717812af08b022a25c46f110d881d,1,boleto,1,43.98
00921e4911895b93c7b4fc0d80c0815e,1,credit_card,1,96.62
090c44686a2c4ac5320b757784023c4b,1,credit_card,1,119.25
01422b2c3c27fa3bc464e72eaed9676b,1,credit_card,1,46.72
061abe3150d5be34c25d2d6055a88575,1,credit_card,9,189.42
06f4b63a078dd3d2ca46e379c2ab419e,1,credit_card,2,58.17
06fef7fd666bfeff415e544f1648a7de,1,boleto,1,44.09
042cfa84b1415cdcea821bcbc1bb8f4c,1,credit_card,3,62.27
031494323fa558eee8dd1bd06fc34713,1,credit_card,1,28.75
0028de0ca693a1bb26448916a81105cc,1,boleto,1,45.30
033d674880f1edbb660161a0c672e9d3,1,credit_card,1,63.10
04b7bd5687bbcc2087d9af68fe7302b3,1,boleto,1,92.28
0af905b4a536b95528b4eb5dd2c192da,1,credit_card,4,222.90
0a87de586a94b42f2294c207845674ab,1,credit_card,5,113.44
0cf34928cb98d81a295f478ebf553c84,1,credit_card,2,56.78
046735e8e55ac5d5eee44e008b9e9720,1,credit_card,1,88.90
066772e2164fd7dbdff9ded585851352,1,credit_card,1,95.10
00054e8431b9d7675808bcb819fb4a32,1,credit_card,1,31.75
03b70c61372aebf257ccfacc6ca0aa58,1,credit_card,10,876.82
002834535f7a609a5c68266f173fa59e,1,boleto,1,57.17
0a558295652f98bafe12e259c4d3fa26,1,credit_card,1,0.99
0c2c52fb29b2957f1e4a1e055bcfb5f5,1,credit_card,8,387.00
0b87d8d6c28694778a03498aefa389c9,1,credit_card,3,34.78
0c73b283fdefcef04be55400a4f6ccd1,1,boleto,1,62.25
00975e709cd12c34d3bd44e4a7f7a876,1,credit_card,2,94.66
07f400658513d45866ee381bace93793,1,credit_card,1,8.37
0b0809b2b64511c62fb745fb8b465cc9,1,credit_card,10,280.80
080353b05fa842120b49deabe1613a37,1,credit_card,10,217.82
02542d42d329f6514533eef3af91edf9,1,credit_card,2,158.52
090c0cc3d47ff02fedac32aa0a7cab97,1,boleto,1,159.12
0420dbc50fc554e303e4b2d6b39063f6,2,voucher,1,193.73
076d1555fb53a89b0ef4d529e527a0f6,1,boleto,1,2713.36
02b09d03f22e1da491e4d578a0bc3f90,1,credit_card,3,43.10
08632fe0bc1f85190f242268f3410561,1,credit_card,10,229.81
06de165212eea16e848d38f4392d5c11,2,voucher,1,21.88
03053b1cb20006c7f8160754d56f4f6f,1,credit_card,1,54.01
05606ddf8218cebe483228af6f9031ba,1,boleto,1,69.84
0974bbaa486709066c644587a5cb6623,1,boleto,1,64.14
0c2be278c997477b9910904d12e520a2,1,credit_card,1,85.11
010f223ddbec749e95ef3f5414f9c4ee,1,credit_card,4,97.43
00482f2670787292280e0a8153d82467,1,boleto,1,18.56
0760c994a2f88f9ba4f19c5622906609,1,credit_card,3,127.69
06f157e2c7fe91f2e7ae8d344c6fd456,1,credit_card,1,193.27
0168a7f186c1f066748d15d8c51f489a,1,boleto,1,158.20
00bd2cb7e9076e1ccc9f766fc01a4cfd,1,credit_card,2,112.62
0715dfcf2383aa72c181d8b47f6cb589,1,credit_card,3,97.02
09b8c1e504ab1fce7031c710bd8558d6,1,credit_card,3,77.72
0480beb27028f701542a144a9882a0f4,1,credit_card,5,185.93
0193517cd10a54473b6fd8392b58313f,1,credit_card,6,267.93
0bfe55f7a11b408e6519d50eb874b331,1,credit_card,2,260.24
01719300f9ca182b8361556a3873d8ed,1,boleto,1,103.75
00750f68bb64537034e93554c64b41b5,1,credit_card,4,137.16
01d48ed99667ce49eaeaa7980a31b987,1,credit_card,1,31.88
058af2b14bd6831bf3350cc96b0f4822,1,boleto,1,95.80
03ce210a1614bb5a5bd3f4e3296840a1,1,credit_card,4,558.16
0167c361757c75999575cfdd8f8695f5,1,boleto,1,162.55
0608b2d283db5e818a5056e8afc122b5,1,credit_card,2,53.39
056f1217c54403f6300ea6b50f6716d5,1,credit_card,1,70.05
098e78dea9fc1a1e1e49c220f27dcea4,1,credit_card,4,317.00
045fdf416ed4db7ae710009397448586,1,credit_card,6,186.52
06661c686ea79767c8ab8b8ffa3e62fd,1,credit_card,4,53.27
08921fc98ee1dc54454ae8af90493c44,1,credit_card,1,82.33
0aeae2c3fa49561fa9d2147d8f99d7c2,1,credit_card,6,60.00
094dbecbb0ab054a620f21c04e82df03,1,credit_card,4,41.71
01ccc64a2b38fdb87c25cb1944934670,1,credit_card,3,212.12
092ae6b690ac68b7ced1f67eaf5e37ff,1,credit_card,10,186.59
0573f0fe44a09808d06e716ae1a478ed,1,credit_card,1,137.52
0014ae671de39511f7575066200733b7,1,boleto,1,30.60
04e289ce03d58b279959796d73dee219,1,credit_card,1,47.00
062e658558167913d261c1089bf9357c,1,credit_card,4,153.24
0341b60065c49221a27293793f11b117,1,credit_card,4,125.33
08a8e10798c6955302701d17eb84fdc0,1,credit_card,1,164.45
055b09c841dc52097e688df51b163310,1,credit_card,3,202.08
0a275b76a325d0ea648f62a087597d85,1,credit_card,4,208.60
0ceeef56025eee22241c8d510ada51a7,1,credit_card,6,67.50
075434afaadfb0809ecf3f095a372340,1,boleto,1,52.33
05cb96d379b1a3df48333ecaa572bf26,1,credit_card,1,64.45
0350e1e5b7265e23e84b1e467e0b6b82,1,credit_card,3,37.76
06f66faa834248ccd67fa52058285d27,1,credit_card,4,48.21
03611c1be392917d9b0ca62977763baf,1,credit_card,10,497.10
0a631e92a5097a6cd94c5b7002778938,1,credit_card,1,89.31
08a5453387460507541a8dc95bd67856,1,boleto,1,286.15
0103878b7ed86b6ec873cfae01379472,1,credit_card,1,265.36
05bf4fdb30932b7910144b4359ea9f69,1,credit_card,3,50.73
04dbc8d27bc4a29787bbaf068607aa76,1,credit_card,4,115.08
09df1b5edd28f22201dd19d1acccd5f3,1,credit_card,4,45.93
003822434f91204da0a51fe4cf2aba18,1,boleto,1,175.16
013bc77d3ca5fba084a241fdcb307393,1,voucher,1,19.37
0cf9e3fb10440c4f24991613c58587ca,1,credit_card,1,147.29
042167409734e42b253083768c865409,1,credit_card,2,64.17
02ce7f70a5c7a6b04c29a98b061d68b7,1,credit_card,4,387.49
01cce1175ac3c4a450e3a0f856d02734,1,debit_card,1,123.74
0026a368634b6e6f34f33b1499773a30,1,credit_card,1,164.80
0c0c0f650ac2a2a5be13771662829d5e,1,credit_card,1,77.89
0bcaf262925111aa4be36f35bcb92fdd,3,voucher,1,26.02
05ad071b550b1cf2815e8bf3bec3291f,1,credit_card,8,111.40
0922ee1619de7b995648e5a8407afb91,1,credit_card,5,249.09
084e6aea84bfcc0627bf4da8d657938e,1,credit_card,3,180.18
08ae4b03138c7c51262c05f8f6e58b74,1,credit_card,1,77.69
0847b01cece36c36c9c439bd502babe5,1,boleto,1,120.80
01500f2503fa84279982d9d87750021a,1,credit_card,3,32.59
0009c9a17f916a706d71784483a5d643,1,credit_card,6,650.34
0bece47d86c4c6000ca551001a15669d,1,boleto,1,206.97
07cba3be3e87c6b1acd31377b79122b1,1,credit_card,3,140.52
0be5e6659fb39043971e20321fd45edb,1,credit_card,3,36.78
05d7aaa733ad65477075a3b5bf0f1017,1,boleto,1,31.75
00571ded73b3c061925584feab0db425,1,credit_card,4,389.82
0a485e9f82800bf8b36ae34ad2a91aa2,1,credit_card,3,53.62
0c29afa3d55c9d983ff14ae80e79984a,1,credit_card,1,76.02
0ccb5b7bf95c5b642f3717b08c633361,1,credit_card,1,2.41
066ff76c980db5a993df8048ff8fe60d,1,credit_card,4,85.41
0184d4ddb259e1a4cfc2871888cf97b8,1,credit_card,8,91.16
007c7cb12ef3567531307ca78d395758,1,credit_card,2,195.00
0396488303af9f0a78feb9ffa7e48949,1,boleto,1,177.11
08dd64e78f26024b266515d5262be17f,1,credit_card,3,39.61
011a43bc9bb525517251ebb3ebc99b69,1,credit_card,10,920.20
0a92b722c3355980ef37fd1fee068c6c,1,boleto,1,55.31
0c5af151e04733e8c7ba3c911a536f83,1,boleto,1,90.18
0abc7357d2bbb06a7d4d0b2a24d4ebd3,1,credit_card,5,288.71
03af60619b8abd880dd136ed837be800,1,credit_card,1,75.19
06c6a92df74580db95364b36aeb8f5b9,1,credit_card,2,47.59
0b7cb1c7ea62d95ba39702f4ae850108,1,credit_card,3,102.57
0347e77ba3ffb1d21339231e1f882b5c,1,credit_card,2,165.04
04082ed3fe3aa0b4af00796e94ead6ba,1,credit_card,6,139.01
0b1e77ab8db5ec5c6af5514bcdf20240,1,boleto,1,122.78
0bff41f23a1260a23cfe070af558eef7,1,credit_card,2,57.60
0460d320a0a3d5a59cbc08636053751b,1,credit_card,4,133.40
07e43f12d5d3bd569e03916b9482a8d5,1,boleto,1,28.07
08f27a5ffb706cb79c10365101fe6791,1,credit_card,4,181.68
0c065ce922f289db756e5505cb2d71d7,1,credit_card,1,97.13
048d699adf41881d80ac3ed5f632a3aa,1,credit_card,1,186.79
0ce50541293dbe475fde11c04962e953,1,credit_card,1,35.68
0ba07d4c280cb853d92c8734162c1cde,1,credit_card,4,48.72
09245c021d29cc570d8d5ca0aefd0f22,1,debit_card,1,67.62
0312ecf90786def87f98aa19e0e0ce63,1,debit_card,1,42.78
0766586a37a3ceaf9623fdedcb51240f,1,credit_card,1,213.77
00063b381e2406b52ad429470734ebd5,1,credit_card,5,57.98
0c905768040f5d51c3cccf00256ddcd3,1,credit_card,1,283.65
01dbd2da9b685e6d444416f7825d0931,1,credit_card,1,48.70
09a38776c4e31230864f867821174daa,1,boleto,1,100.23
09fe7a287eced3280bbc1ca7759c4c25,1,credit_card,1,23.36
05ed121680df9ec2f89d4dc29310333a,1,boleto,1,48.10
0c91f244ab45cbe4383163d46635b442,1,boleto,1,37.37
0bb9de1ada893b1bb35472e2bc19cdd4,1,credit_card,3,62.25
061304e42542425c8ff0be14d03126e4,1,credit_card,10,2029.62
03eba6d9fef8f5b3e811d4b5a7cca9cd,1,credit_card,3,102.83
00ab210695a17fe10e6b23616ae5bc97,1,credit_card,1,46.53
0348f1ca72aa738d53f585b01fc676f3,1,credit_card,2,70.72
033ccfbdfc4d29677b7e1e6df3a82820,2,credit_card,3,38.44
09afbfa0da8baf5f4eb28c82f7209afd,1,credit_card,1,125.15
09ce422617b0ec4c246ceb2922ea1ea1,1,credit_card,6,66.61
065102a3bb506a1010c90b7a4f2700b2,1,credit_card,2,164.55
0a40305560dea2cdc17c6661f222375d,1,credit_card,4,48.22
0489b618a9367918b686f03f0cdeec60,1,boleto,1,114.54
0bbca56fc4659e5b3ee85bbe37284f13,1,credit_card,1,39.88
05a61d016706110ed3580eeba84e31c7,1,credit_card,2,136.80
045abe3dd2d7c962b78a446b053238a6,1,credit_card,3,222.89
07da7d9fe6a7a8388af1f996b3bb0472,1,credit_card,1,28.40
098cd6e4219c395a4de25a34d1adcaee,1,boleto,1,162.03
048cc42e03ca8d43c729adf6962cb348,1,credit_card,1,24.68
0412356b9ae3ad8db617e892afb02204,1,boleto,1,179.34
056a1317ffaefaa2dff2d9ecb54fc7bc,1,credit_card,1,68.34
0482c10b78fefa5a30abb519aa9dee93,1,credit_card,1,69.73
0a558295652f98bafe12e259c4d3fa26,2,voucher,1,193.26
091bd68043b7a721b0d82b5ff36304fa,1,credit_card,9,104.70
006cb7cafc99b29548d4f412c7f9f493,1,credit_card,3,70.14
06debbd4d40f6d36dc28c4f7dc647c1b,1,credit_card,3,148.39
01946da9e2db8bab61d79296c037ee1f,1,credit_card,5,114.84
01cc71a8154340ae61126b5ee9b48fef,1,credit_card,2,53.54
07d3db06b53989748df4ae194f6b0fde,1,credit_card,10,398.41
0b40648d6c533ac73822cb32caf5cfa3,1,credit_card,8,136.50
07f9acd4e59411df700a59f89d4da8ed,1,credit_card,8,85.65
09356cee7d8fee33dcb3ee80c1ccb14f,1,credit_card,1,35.00
0450f2effaa0b03d5c7c5456338f48ff,1,credit_card,3,31.22
02333096645cf1743050acd043b76e69,1,credit_card,2,146.13
09a02e80ddcc4cb25f8ca5e46c1020ce,1,credit_card,3,39.52
0a0cda0a8f1fac8330c16b7a8b38bfb8,1,credit_card,5,133.67
083c350532e95d46b3c25b7c41b1ad63,1,credit_card,9,92.46
03104945dce5c57f748dbb3dbd62daeb,1,boleto,1,60.42
06f39c67a9d68f76a8bfdb092852829f,1,credit_card,3,162.90
07bcb0695fd4e3121e2fae21fbef3d28,1,credit_card,5,142.09
025a244ae3d5e6c53b7f9c902643f510,1,boleto,1,42.03
0cefa8913dd1e629ba0ab5da5ae6bdf8,1,boleto,1,228.53
0409a79770433fbb5610660b8f8cd69d,1,credit_card,1,112.84
00c9f7d4b0e87781465e562dc109f6aa,1,credit_card,10,120.36
08c50a01a3260630c82c21826c0061e4,1,boleto,1,138.03
0921e6115b1fcc24d5dcf35570b68933,1,credit_card,7,563.95
08504a0dce0a3cd13b3f7971d29fb991,1,credit_card,1,36.78
09a069fe7d45eae2e1c4910e90e365ac,1,credit_card,2,56.78
088217fa841fd3da3004a1a7e1d525f8,1,credit_card,2,186.83
0b913c851b8dd74300045511a8120e8b,1,credit_card,1,39.42
04a2349771026865337d7e70a2ae0af4,1,credit_card,10,290.15
050db8a61ea366db684e7d127082b5da,1,credit_card,2,102.03
02a58113b6c316d2aa7e110c8bdcbe6a,1,credit_card,1,58.22
064406f58fe12697ff148d9a5851fe9e,1,boleto,1,98.44
008a1b3db2a8bf63418c2cf7c7f494b1,1,credit_card,3,33.12
008f831b7185cff7ab35a46c37d64cd2,1,credit_card,5,286.09
09c0caffae8336db750e232298e4a574,1,credit_card,10,369.22
05104976125ea1e5cc04bc1f506a436a,1,credit_card,3,217.22
0c9999fe81fb2cb90e1f0456c15759e2,1,credit_card,4,279.04
0347673d14e454a696bca6aebe61f23e,1,credit_card,4,85.92
0cb316841c24af560f6af0e3fb36137a,1,credit_card,7,343.88
0945dadba69dad599e42c31e78450de4,1,boleto,1,1260.76
06ed17679c8b0ff15675069ab6217783,1,credit_card,5,177.44
0a2fff457eab3cadff378f87851dac15,1,credit_card,10,104.79
09ed65e35d505a8ce95a82e5c0d1dff3,1,boleto,1,138.21
0711b9c575a5235790c3f863179c3267,1,boleto,1,460.47
019a242bea1553b3b7e12bc38cb57a23,1,boleto,1,368.52
0942763b4318676d85b3185d80f57cd3,1,credit_card,6,267.18
078c2d9bb7e5905e870838448db0d3b3,1,credit_card,1,135.28
0869a3c8a1dd07c13e4847627fcc704f,1,credit_card,3,32.00
039d7fb9ace69aed37b1baf88ff01cb0,1,credit_card,5,367.57
0c5f42741cb893d18fdbdce191decef5,1,credit_card,2,139.02
022aa0edf94712a82983961b98e4a9a1,1,credit_card,6,112.09
042f96d01e1471ebf86650ae185a0746,1,voucher,1,23.29
029b2daf51dda061aeb1cf32c9306db7,1,credit_card,1,48.21
089e38da3f1d828e95e2117ba84af02d,1,credit_card,2,170.19
00cee8a4dbb042385cbbd84699e78b2e,1,credit_card,1,69.07
09dd83f72b2516179cd46b81121fad23,1,boleto,1,79.99
011c899816ea29773525bd3322dbb6aa,1,boleto,1,99.90
0bbb3f7791a87d0307555e57da3a1ff1,11,voucher,1,21.68
0b339dee90210409b715a9f2b6af29a7,1,credit_card,10,1166.43
0712d5a2573948df98ba556ab362ef06,1,boleto,1,122.83
05fcd933547be81890bc4d62357fdf3f,1,credit_card,9,408.12
074c1cfd061914778c545332b9c8cc5b,1,credit_card,5,116.65
05aac5a18dcd77932007f57de8650622,1,credit_card,2,152.24
05dc9045a35ab252a2b71dd4b0dfb63d,1,credit_card,2,71.63
09914aa3bf0c742de9a4819692ec756b,1,boleto,1,252.10
0b47f5e9432bd433f8c5cf64e60e6e5f,5,voucher,1,20.00
081409ec388a7be098904b884d149db0,1,boleto,1,145.50
078d2f79c229fd2c2759339ac97242f4,1,credit_card,4,227.60
08c30c203ecbdda69311c1dba85abfa6,1,credit_card,2,225.21
087889e1fca3301cc56532907bfe811c,1,credit_card,7,76.76
00276d5c3491fbf55305e26891040df9,1,credit_card,6,68.12
084408fe97c377238b5ee3e8bed4c99d,1,credit_card,10,192.35
0997090fe6882d45c6a71660aaffaba2,1,credit_card,6,71.53
024b3b6b53b99a1eb8b9b34515106765,1,credit_card,8,371.23
04198c2c90b3fcfaec75a836841dafe2,1,credit_card,3,62.25
0ab7fb08086d4af9141453c91878ed7a,1,boleto,1,107.01
0245af1fbe1f70f5ac7c1793c78f12cb,1,credit_card,5,130.01
02852b112ad108b3d2b3d4ee198d84a8,1,credit_card,10,120.05
05ae7d6bd78e2a61f4c0076a9d690aa8,1,credit_card,1,235.83
02645c905eb7d1591a679f9bc3b669fd,1,boleto,1,20.55
0c57cbfd927d9e62af8beee6d48920b7,1,credit_card,1,167.20
0424ec4615df28c58201d0828ac20cdd,1,credit_card,6,168.29
0ca8b6de19bde0d4ed1fe6f90f475ab5,1,credit_card,2,182.29
00324b3eda39ba5ecce3945823e3594c,1,boleto,1,110.07
0c855b2afa3ba71dbaaf066c4fd83518,1,credit_card,3,53.01
096ff3d928fd9b00eed2c839ad0c2223,1,credit_card,5,103.88
00998f38df3012359ef195ca75ebb329,1,credit_card,7,143.24
0cdea1c34ce2e9ca670b2e6df1d6c207,1,credit_card,3,70.25
0cf68e3d525fbc20d4080a496006a8d7,1,debit_card,1,61.92
02f4dd90ba0feb8ec394cac05862d2b5,1,credit_card,6,141.65
01ba72e24cf883d74c5479c0a626c740,1,boleto,1,59.12
01625f404436eb3cb98cba1e9433db29,1,boleto,1,83.15
094303c767dff093564257cc4d0e2c29,1,credit_card,3,187.91
00337fe25a3780b3424d9ad7c5a4b35e,1,credit_card,1,139.68
00eead1d5a799277ef3d6b387b0bebef,1,credit_card,5,98.26
02c05171c3cd91c2cdce7e0f861c9a9d,1,boleto,1,44.09
01cadf993df82ff0e318addbd022f0fe,1,credit_card,8,854.22
0a32aa7d8d3f344fb31eac306336daac,1,credit_card,2,255.60
08cd96d5c09ad751d2c4ffd556f96c31,1,credit_card,1,6.25
0cd93455c51655ebb590c07a06d584a1,2,credit_card,10,169.51
01f67ca8027e959060afd840aa06f465,1,credit_card,4,344.70
0b8c6aefe987f59ab3cea15927aedc8e,1,boleto,1,31.38
04f89a77d1fcc3178c1a374b5cc61a52,1,credit_card,1,59.24
06db57a9e774a7fbdb7c8ee188baef65,1,credit_card,1,72.14
041cba819a99569f87996b65b73ea82e,1,credit_card,1,38.15
0a2902af9ad58b25df153a4e743b5db9,1,credit_card,10,200.91
03ba1ceb961947c4c2945964f28cb9ed,1,credit_card,3,64.00
0cbe02c76316799a31b1de5bed001c5d,1,credit_card,3,37.62
04a0704d5a3f27305100a48682d41bb6,1,credit_card,4,86.37
0917636d789ce3b3eac37895935af5c2,1,credit_card,1,85.14
0c47c8eb31ce1b27d2cc41c7475aeab8,1,credit_card,4,335.89
0ce94e50ed7d28e7856f3d127990d17c,1,boleto,1,351.50
0a3bd18b5c5d505aedd969dbba6ff069,1,credit_card,5,313.65
0b1290e557f053467333ff365790c5a4,1,credit_card,1,59.36
043ba86e4e3f73fe5cb856f225fd8aa4,1,credit_card,1,29.68
0397de68fce44f5cdd948f2a5e83862b,1,credit_card,3,258.67
0aecc6c0c2b3598d9cd3119e0a58dc1b,1,credit_card,2,196.24
04ebe10a05b6cb445e27b34f29a01c1a,1,boleto,1,153.10
0a70fd0f23f627d0cc1ea16cb4169393,1,credit_card,1,56.69
0c4fc2ece57a1567b1839585c797cef6,1,credit_card,1,146.68
0668d086b3ae41adde3aed3dacbc8fae,2,debit_card,1,252.74
038eb192a216fe0c545a8ff3b1b96885,1,credit_card,5,51.75
07680abcc9878ad415215bf0945baf7a,1,voucher,1,74.67
033be53bbe3f76953bada81a6a40d3b6,1,boleto,1,186.43
03d0e68d9f396f3c4e69dbbb0abc3564,1,boleto,1,61.00
00c62d05602c1ca8164b98746d127fa8,1,boleto,1,128.35
0b23ff20645a72c0c1183b6b8ba15719,1,credit_card,8,87.84
03bb0baa2f30152130d3d5df8e44507e,1,credit_card,3,448.91
07e59229a9b5b12c82297cc571bd8281,1,credit_card,1,42.78
0bf1392e4d1b5bb968191f48c30e5628,1,credit_card,3,129.79
09b216c85c7fb2105c85987be09e7ec9,1,credit_card,4,137.40
0176e50f3853fa068127afa3daff6402,1,voucher,1,75.07
01074135a88ffa5978eaadfc7f482f2b,1,credit_card,1,116.61
046cb513a5ed6d4f7506af8f88636609,1,credit_card,2,69.06
0559598ddb2398bb4c202d6efd54f04e,1,boleto,1,27.30
08659a24c131a7a894f45544a4ab4751,1,credit_card,4,372.26
05646cef8f5791776e224b7967607b4f,1,boleto,1,45.42
05fad97db96406de1787c7a532c46a2b,2,voucher,1,84.99
0a9290cec2889b113c83f052547448f1,1,credit_card,1,101.73
03572de4ee0598b00c48f6de965fcf78,1,credit_card,8,313.82
08523d94685d7c7efc1381136873cab3,1,boleto,1,96.02
071773cf1c4d6c91cce83af65b9f8fff,1,credit_card,1,63.03
0452092bf08cf43ddab32ebec9e75d2d,1,boleto,1,50.30
039f61edec89c6f0edf8dd1a0bdea1fe,2,voucher,1,100.00
0c38c51b8a775bccbf8a0e340be3cece,1,credit_card,1,93.20
05ac54e2c004e051fa139f2efc01fadb,1,boleto,1,832.89
088683f795a3d30bfd61152c4fabdfb2,1,boleto,1,46.82
08d55c0e173bdfa5770a50a253b1810f,1,credit_card,6,131.02
099319b5b8567c490c01a857c6dbe73f,1,credit_card,4,92.50
079b09f210081037c1f444e2eaca1e38,1,credit_card,2,81.11
0bb5af1f3b46e6ec23dd85506fa8175f,1,credit_card,5,157.54
0777357b31babc84dc93894f0a58b942,1,credit_card,8,413.29
0bd044f3b358bb88951e3ea66eadcc70,1,credit_card,1,21.14
060e3be7253bd20351674ea9eec80ff6,1,credit_card,1,75.17
07a394899e1b5de598df8ff3ea5edf37,1,boleto,1,27.13
048846960b74c996a4af7802498f52f2,1,credit_card,3,158.69
07bca5c8ae457c75c959c5e26fc04e3f,1,boleto,1,508.84
025321e4e9674e090b7bc101f9c5ab5a,1,credit_card,1,110.82
05d885b852158b0280c4abe2cd5108b4,1,credit_card,5,640.64
08613505c6d1fa61ec5908afbb99fe84,1,credit_card,6,229.78
061e6ce7ec63fcace40d4ae11584763c,1,credit_card,4,228.38
0a6fa9e79a320b107d846fdf76af5901,1,credit_card,2,85.60
098a17af931400d21917fe24f3346b53,1,credit_card,6,168.00
0bcaf262925111aa4be36f35bcb92fdd,2,voucher,1,21.25
09d20920406c53e92821c0f4a82b3811,1,credit_card,1,25.77
07946e40cd8c6b2ab27f0fe14f21f7dd,1,credit_card,8,183.05
04626f2c41e6a49d4c2102a7d410797a,1,debit_card,1,69.12
021288ce4f15c031270df5259df1b551,1,boleto,1,112.89
00cf2b04c59f0ecaf822bf3f334d5c3b,1,credit_card,3,334.68
02881d166b44a823fd6947e715dfa5e4,1,boleto,1,86.15
011724d1afbd91844302627f79a66800,1,credit_card,2,69.69
0508768342a863478ca21854a6ac2869,1,debit_card,1,116.36
00e054d0da011d5016f31011af488f4f,1,credit_card,3,118.82
0812eb902a67711a1cb742b3cdaa65ae,1,credit_card,8,6929.31
0132451f29a10b66a5cf1bacc85f9afe,1,credit_card,3,215.56
04c8fbbbe02b38bd685ad085fcaf29bd,1,boleto,1,90.16
09633885de2f89ed80bb53c2de1f944f,1,credit_card,2,474.37
05424cc0493d8fa049aa508505e6c773,1,credit_card,9,91.50
00f57f2ccce2a2e3f393fe8f5e616e0d,1,credit_card,8,285.81
06b92ba9145c3323e26ec7e27b35375f,1,credit_card,1,97.51
071a4b7cb627e6acfcbde9c7ec233893,1,credit_card,2,66.19
000e63d38ae8c00bbcb5a30573b99628,1,credit_card,1,56.78
05297254c9e41d34c1a38f75ca8656d9,1,credit_card,1,42.33
068254dc0ecdb91d62f52c658b4dd09a,1,boleto,1,159.95
0bb0ac36c272438c710c3ee74c77da1b,1,credit_card,1,33.00
0517a3e68dac3308995edca2144db36e,1,credit_card,3,99.90
0ac6093ec7bb2a5eb1da4961999ee9d6,1,credit_card,1,60.37
0a082979e13de340740a9883be061fcf,1,credit_card,2,187.53
01b84214591ddd4edad9fa4a1f344f84,1,credit_card,10,651.56
033fd350afad5c65be91a385733af4eb,1,boleto,1,57.58
07dedb9d22cef1af1540ab753c537c4c,1,credit_card,1,133.05
0bd15125e46474dc9318288ae0ea528e,1,credit_card,1,67.50
04e4230edda7cee2d7656643461d47e7,1,credit_card,10,100.95
04af00b2ad7756ba45549af1e832d8da,1,boleto,1,148.49
085c1b501f2aed6dc60955055e9567bd,1,credit_card,5,50.05
0191ee5deb2474bc1f4189fa709289b2,1,credit_card,10,891.14
0bc16cf0c58995bbc893af2e151534d0,1,credit_card,10,436.49
0c5a4222cc662d4e0ec50de57f1f8b98,1,credit_card,4,63.23
020d90b47730f065a03723587c20a57f,1,credit_card,8,293.98
033729e95819665323119db0291d0f0c,1,credit_card,5,111.03
0576b5ab3dda9404ab293d656e5faf66,1,credit_card,5,63.27
048fc26beee4f076edae01e578a13fc8,1,credit_card,1,35.17
0c4a1120fa16a1ccbb365aae4f54b16d,1,credit_card,1,136.83
0937ee5de4e9482b7503bae26f9d243f,1,credit_card,6,168.14
0562291f2b37f55cc259053d2230fdc5,1,credit_card,1,288.46
01c886b4b865797097ab2d051ae30cfd,1,boleto,1,76.76
058ff573aef21e528adcab8b8717c43a,1,credit_card,6,149.96
01be661b8196707ef60f062632d6d1bd,1,credit_card,3,204.06
070a8baa5e3a99e5eff94da597b78fa1,1,credit_card,1,88.19
0b3dc290a34c1a7a4edd084847af89b5,1,credit_card,7,145.53
0c7019c628b3991e648a3769eff36f6d,1,credit_card,1,1084.71
0b3d6a94ff1d643af663f55ca8418520,1,credit_card,1,121.09
08d4e83325f02f000d2ba37961c0b8b3,1,credit_card,2,126.19
06a7f7a7fc6a846c853dd6f52a81be06,1,credit_card,1,25.16
011331376a4c6cc7a9e5bc165ec169d0,1,credit_card,4,144.63
04d95724f8e595ca13c0806541d39973,1,credit_card,10,138.28
0a576c94e0a66f147bb4d6949602b85c,1,credit_card,3,166.61
03e9790f0220543f057ebca9e29b459a,1,credit_card,1,44.90
0097f0545a302aafa32782f1734ff71c,1,credit_card,6,507.84
0675116b5556a78cf0413f70aa9f235e,1,credit_card,4,91.85
0cda10fd2b66ee6fc2edd8fc21f8176a,1,boleto,1,64.06
0b1651a280049a50402bc56d50785c3c,1,boleto,1,58.41
0385da8ba64dbb10adf8f80e55cae6f4,1,credit_card,2,169.37
00ab1aba567dfebdc39caa4e7ca2f1b2,1,credit_card,1,48.38
0b32bf55276b5feb681f6ed6fd670692,2,voucher,1,133.89
0bbb3f7791a87d0307555e57da3a1ff1,10,voucher,1,7.58
02bd92abe094825e0683bacaacb64285,1,credit_card,1,85.60
0cd4d3d4e2831e2089f43b6d7402c2c7,1,credit_card,1,135.40
04398fd8d888a4857774d982da494987,1,credit_card,1,57.50
0c41735db7b9b04cffb97ff1309cbee4,1,boleto,1,61.99
032de54ca8e40cca1098da6c68ba92b3,1,credit_card,3,53.27
02f82a2b0b79e9dbb86c47cef1e92063,1,boleto,1,125.78
0741ee0ba3cb46d86325be2879e18706,2,credit_card,6,320.14
01786fff06f2f7e8a83950c4b3b424ea,1,credit_card,2,69.24
0a44ca66dfa067a69bc92ef82ba68acf,1,credit_card,5,153.36
0463f8ccb9ec5832bfeffdd28ce2359d,1,debit_card,1,96.95
0c0b20eb744a9c5ec1611dfd81da6165,1,credit_card,10,170.23
09729990b5d8f5499917697c409b55cc,1,boleto,1,184.92
0c67c33a0a66f1eb55919fb2e68a7a51,1,credit_card,4,195.34
035bb18fd268637e7d91814bf5e27fd4,1,credit_card,4,107.94
0bcaf262925111aa4be36f35bcb92fdd,1,voucher,1,31.88
05c5ce6594030e91bb9de44352d0ff05,1,credit_card,3,195.91
0b4ed5311f55b9b8f0f30b35e5b45dbd,1,credit_card,1,77.99
05d4aa8f649013fe68b769fa43ba7646,1,boleto,1,48.62
0aaa4cd49d3624258b908c2abdf189cc,1,credit_card,2,144.11
06cbf106e272a3ec4e936665d4489591,1,credit_card,5,206.99
06d74ea6a80deeb7e69a3b1d5bfb9585,1,boleto,1,117.85
090eeebdb88e50484b9d37e863df829b,1,credit_card,3,73.34
02cda26d2cd43c51fefac9e3291fbc9b,1,credit_card,2,64.23
00bbc4179554524748f77763ddd62266,1,boleto,1,97.87
05ca3bba2e4c3bc5c601b57af96cf3cf,1,boleto,1,84.99
074241ce500ccb810dc2a36222167798,1,credit_card,1,66.67
00ba57ae98928df6ba6ec9d3d8d4b1b7,1,credit_card,7,149.01
0446aaa642b81cd046c44edda61ed010,1,credit_card,10,102.05
04eef545c54d444825c506ba170a26bd,1,credit_card,1,75.62
010e04b5f879320f29a9bd6ca41abc94,1,credit_card,1,119.48
0bfc01cee9ffff85b714520ca97f4b21,1,credit_card,1,82.96
0c35d1433b7a71747b7bcddd12c40ff5,1,boleto,1,102.96
0135675503322d804abef7ec5ed4824b,1,credit_card,2,122.97
05b6dcf764ce18df76138d88dba0aa7d,1,boleto,1,34.72
0363e6de0e2139c4988c0dba606fcafa,1,credit_card,4,97.40
001c85b5f68d2be0cb0797afc9e8ce9a,1,credit_card,4,112.71
028369515408fa864cfe50091d4e76c5,2,voucher,1,48.03
04f1689642ed3c3e45244d4f7b2fe731,1,credit_card,2,280.89
048297b4e795502db60be292e12dd390,1,credit_card,5,193.55
0c9b9834c09d4fbf6bbadf2b3fba9828,1,boleto,1,62.44
0865bf48f1aecd458a5a2ff3211dee8c,1,credit_card,11,117.92
067c29bb966641e04d1d7a924aa3157c,1,credit_card,1,77.57
06e4e324b83309e575442446e34377d7,1,boleto,1,122.60
092ae7e7141e3d69ecd0935d97e14fd9,1,credit_card,7,77.34
02355020fd0a40a0d56df9f6ff060413,1,boleto,1,69.59
0a32c98faaa09357e357a60d02704a3c,1,boleto,1,55.24
07279e06272270e7cb604d1901a4f374,1,credit_card,2,141.35
00a690becda145533fa5a54daa7b6ad5,1,credit_card,1,117.42
0b2a86ad4de68092f2026ba5cdccc64e,1,credit_card,7,184.02
031f488d7e8549b5d8af94f5a3e9300e,1,credit_card,4,162.25
0a6c8aa5c12b86c6f96308839eb7417b,1,credit_card,5,125.60
01428962dce3b65e5433eaeb16c0f48f,1,boleto,1,403.16
0846185a9dfd578106358936887eb8a5,1,credit_card,3,215.55
0392da48d173776fc37d98de1a253370,1,credit_card,1,118.43
08b0cc275164eab92e5797432fa89770,1,credit_card,1,58.38
06215d34c1ec4e1106eb12ae5fd0370f,1,credit_card,1,88.20
046afc54df6dd8bc98ee2c0e653b70d8,1,credit_card,4,43.10
07cbb7b6d1c67566a892673386b5bb9b,1,credit_card,6,227.34
025884a2189930178d9ba3b1c6d0f9ba,1,credit_card,4,152.50
01677846a819fff5fc22d43d61e58367,1,credit_card,1,127.87
09349cbc001ff756f199a461de7a39b4,1,credit_card,4,49.33
0381dc399ab9a6c55f83eca96907a034,1,boleto,1,91.86
04f87887045aa20403546af3facb8ad1,1,credit_card,2,161.01
001b76dd48a5b1eee3e87778daa40df8,1,credit_card,3,95.00
08c8efb673039f24977bee37cb4ce21f,1,credit_card,3,57.59
03ffce741877a000ca0fb3520673d4c4,1,credit_card,10,818.12
04f2e760bb583d5d2f8b88e247d58d09,1,credit_card,1,12.97
0b517c01a5b46fd3e16b389ea6f4ad3a,2,voucher,1,52.71
07b8c9805a09c2feacc0864c00ec244e,1,credit_card,10,160.17
027286057add812ecb77ad0b23604c06,1,credit_card,3,172.84
03c939fd7fd3b38f8485a0f95798f1f6,1,voucher,1,42.11
09944d214dbe0d92666178941a674632,1,credit_card,4,226.24
015dd4d6681d1d15c0afebef64a0a092,1,credit_card,1,121.87
0036757472ece3dde52fd4bfd929c90e,1,debit_card,1,203.03
08eef0ee40e395cb547563fc31ab1bd7,1,credit_card,5,98.79
0a0f50037a1e1b7c239ac621dbd8a03e,1,boleto,1,38.38
08cef746691fa27e23fe2c32a02c0e21,1,debit_card,1,381.88
044223df7cb37509bfeb2a0df1250ca4,1,credit_card,6,136.30
011af0959ebf2b09a062867811dc63b5,1,credit_card,3,74.16
05af503aea07ddc5530506f2c349756f,1,credit_card,1,36.22
0340d758cc0da066316cbc55fb7f7596,1,boleto,1,206.68
068e67bb959e282e8d5a3191c5e130ab,1,credit_card,6,86.15
03b9f7dff4b5e742b0593472f28ee9b0,1,credit_card,3,64.00
02623e799dcc1e41066ddfe4af591f24,1,credit_card,3,68.11
0adf68e8a310f18fc7e75cffa60901b2,1,credit_card,2,35.45
0c6f709251c3df262aeb79458ad96a1d,1,credit_card,1,37.76
03f51c9adce893f63936c5146701aa2f,2,voucher,1,31.25
01d815029787ce30f6f64900ee93ba37,1,credit_card,2,61.59
06c1184eaca6e3877347f38cfe926100,1,credit_card,5,278.19
03dbf3a42789c67ed5e2198f08d997dc,1,credit_card,3,253.62
0911316604300fefa8aef39f81380c66,1,voucher,1,35.84
0bdba50744ca6b6e2c44940e00050e5f,1,voucher,1,148.15
08e4ccc1239f87c9220cd6a87996d455,1,credit_card,2,222.44
08ab4cd4d921b31bd7719eec989aee97,1,boleto,1,385.68
0cd218949b04611711989a6b534d9a26,1,credit_card,1,4.88
05f54a9f4abf370b7c655d914159ab98,1,credit_card,5,67.36
0afd81117f1c67a42890fb705304cb8d,1,credit_card,1,223.22
072577283d9ec2718f05c37d141d65de,1,credit_card,8,82.78
0cc9d4d8d1534bc29d091be67ffabdab,1,credit_card,1,118.88
08d1ac9ae1dcec96c3422ade2005fe94,1,credit_card,4,217.06
02b2c02d27d60c0e658675335ca80216,1,credit_card,2,77.57
0516c22655fe1e1f0b3390f4ee3fc5f6,2,voucher,1,13.63
086fbd1d738c8b0bf972f0757bc57e9c,1,credit_card,1,26.30
0281523bfda80130f35b98f38dfb279b,1,boleto,1,52.01
00d5fac7792747fba4b528f23930bebd,1,credit_card,1,80.23
03aba4d94f2bd838c0bb55be9d13b0f6,1,credit_card,2,199.31
03347815dd6e37a668b3954401838318,1,credit_card,4,295.18
020f04b3da1d597b9a00b825762299ba,1,credit_card,2,143.98
0cae0419c5938004fa8b8dba302552d1,1,boleto,1,61.05
01f11912a2c502cc940f607b1f6b2ab0,1,credit_card,1,165.30
0b52749edbf531f1eedb8226ae141b9b,1,credit_card,1,69.77
05232fb1e414a006d6713c23f5cde5f5,1,credit_card,6,158.22
045c9852284420b9c02d156436e1481c,1,credit_card,1,55.13
029f7a5aabaadfcdfe8c0eddb59a1069,1,credit_card,1,76.34
0af4a846cbf75b456c934b786d683618,1,boleto,1,1240.85
0bbed493fd86aa835b13d1ff5ad91928,1,credit_card,2,44.69
0a308be0b454b3664e06318c9bd6a5be,1,credit_card,3,324.15
09dcf31f117fe39a78c3a166109c07df,1,credit_card,4,118.49
0a57fdd1a42f86bd170a4623ca76676c,1,credit_card,1,37.33
068d8eb8e288e07e76b3e86b4a793f31,1,credit_card,10,368.11
03b9c1e9a4406645c06dde26f4a704e9,1,credit_card,3,93.97
065a7d9057589f809082e012f696cb5d,1,credit_card,7,73.97
0bf673675c563f37ba07ff5f1210e771,1,credit_card,2,276.52
00ed64bc080d87b4ab7f0c433bc5e98f,1,credit_card,1,61.01
0a93b40850d3f4becf2f276666e01340,1,boleto,1,38.00
09143df8420b4ae4770ea14dc443b487,1,boleto,1,91.45
06911dcbbf2310bd9da4156fd3abb632,1,boleto,1,162.06
062668b0f8fe98dbe6d23ab391e22c81,1,credit_card,10,369.60
08597f2b3cec1c223f1b7950bda0a9fc,1,credit_card,3,45.00
04aecd02392f7ec523e0e3f208d7e890,1,credit_card,5,111.58
0b33796d2382e9a9fde619a584ba7216,1,credit_card,3,33.71
07bf5c685616f41e3e2ec06b6f5623ff,1,credit_card,1,98.13
06b8cdbbc86d64ea69af76036c523827,1,credit_card,2,181.92
035ab6fc3b7f9d16f714a337ee63b7be,2,voucher,1,36.83
0540bf9189ef17aab470c4942f760e78,1,credit_card,1,160.14
07d23ebd900562c310938c158c23d6be,1,credit_card,1,41.79
03d409e5b5b19ae88c43b41b503fdc5f,1,boleto,1,33.24
045c7a03ba28c7d7b3c58e3897f587a7,1,credit_card,5,205.99
069448c08929653f9280f77f9d746ee1,1,credit_card,1,87.52
01bb5b3cb7df4da98ea2214d083784c4,1,boleto,1,52.59
0322e0a7d6d283584e3dc181c67b1d12,1,credit_card,1,88.32
0bca8e07f15636c260b1f794be423ad9,1,credit_card,8,89.70
009742b43f4530bc3db7f62332c50f4b,1,boleto,1,146.18
09d3f9f1be63c067456cc619076685a1,1,credit_card,1,63.86
0923cc4965fb98b0adcc8a7c6ee32f7c,1,credit_card,10,176.33
03a09960f3b0d2b2565271fec21a8c94,1,credit_card,2,172.67
0c9f8646d592c21c2015b929996427af,1,boleto,1,56.96
04d11ad47e18aa9180d9d9cc7678f496,1,credit_card,3,45.29
0be2b529a3bc3a0f53bf110c1f01eeb4,1,credit_card,3,36.35
05cb67bde9e73ef4ed72519d1497e006,1,credit_card,2,308.45
01490a4bdacbafe6de009b317a0c8bf6,1,credit_card,5,151.14
0805ef7875f007ad8ae7f5179c939667,1,credit_card,6,136.69
070a5949c100efc1ad56b852f5a278d0,1,credit_card,3,154.10
0a2da53685ead0fd45e8609cabf19f5b,1,credit_card,1,90.52
025a548c7e6d70e6b6cf600a112b0d9c,1,credit_card,3,195.24
077d6b93c4e88d06b124cf24fb67a28e,2,voucher,1,12.26
07420892c4caddea9908f3e55218a5ba,1,credit_card,4,182.20
074e803978094c38b91ddd375ee6ca69,1,credit_card,9,99.01
06c5eb90406de0ba873e721e9182ecfd,1,credit_card,8,342.07
0bcdef8dcbbd4cfc9f7c9a9669e6c2c2,1,credit_card,2,126.33
03552fc24c87d99787c9e2e961bddc9b,1,credit_card,5,155.73
081820c2ad1ad7f6c452c1e845529fe8,1,credit_card,2,160.81
0ab778cad17847f8538aa63accb88b27,1,credit_card,4,232.41
014fc889637133d9075190ba873dfc03,1,credit_card,1,45.77
08fa8b49ff198d1332df4668087150ed,1,credit_card,1,6.59
084420ecc28fd09f04b4d0c5fa9929e1,1,credit_card,4,237.97
085bc46be56c7b3c4d5d805843d02e5e,1,boleto,1,46.01
01dfa7b5bb8dcd546273e480c27043bc,1,credit_card,6,65.99
0ae3c4bb3c5a368054435dc7325c5696,1,credit_card,3,139.72
00ac2a1ec784f71feeb7ba1e5959750d,1,boleto,1,56.32
0ba4b12916fc52234012c61ed7ebce94,1,credit_card,3,135.51
0517f595d01e0c246ac759a754c6ca64,1,credit_card,6,102.96
033abfda50a317e7664dc789031fbdef,1,credit_card,2,138.26
05861bbf66a8cc3d5cdb6db76fece371,1,boleto,1,258.49
090967205f5215e5d3053cefdbce5aac,1,credit_card,10,893.62
0cf2af331f55382bd5698864658e73f0,1,boleto,1,72.27
041d39835d57e12ebcd5d992e2cc7360,1,credit_card,1,31.85
07a0bc58f3b841724c5b8c649da441d5,1,credit_card,10,166.35
04f026e6517b3845e4ea1a9d0328adfc,1,credit_card,2,35.20
071251fe3b3493294536f03737a8a679,1,boleto,1,55.18
02332b54c758506809fd87d9c2748086,1,credit_card,2,54.14
04c3bddd55df58e83123e3b174855489,1,credit_card,4,175.08
09fdca9b7c6771946a1cac89dd7e89a2,1,credit_card,4,40.10
095a4047965f98a409258e1db6c99e79,1,credit_card,12,164.63
059bbeb3477ed66fd7e670c3f879009a,1,credit_card,4,42.85
076008aa37f0393fff972b8b0121fd94,1,credit_card,5,258.10
09ba762d7b29d3771a788d7d039159fa,1,credit_card,1,307.63
0078a358a14592b887eb140ef515f5ab,1,credit_card,3,336.38
07ca34c2d97b99d913debf2866805373,1,credit_card,10,131.26
05ea901eba2a26661f43478b5c6b02d0,1,boleto,1,164.04
0ac645ddb846d1373321decb39c9956f,1,credit_card,1,134.66
05aac5a18dcd77932007f57de8650622,2,voucher,1,16.87
07684a430f124ffa76c3415f04fb2ed5,1,boleto,1,72.45
003cc6161d7a2593f2525cce0c330d32,1,credit_card,4,97.90
0629053d0e1e598c7a5048031e19e31b,1,credit_card,1,50.60
044b08f176981f660b98a85c559ad57d,1,credit_card,3,82.56
05a72117fb063d7fb111490dbf40c79a,1,credit_card,5,183.95
0807b732c1e7621078473cec87389c8d,1,credit_card,4,113.46
0a0e7f9881dffec612b28e2682242574,1,boleto,1,169.49
08b9d47b3be61595c61eddc50b42ee02,1,boleto,1,219.72
0bfa29f2e2ca95b17ab75e7ecf1f9df8,1,credit_card,7,144.91
02e4a3c7ec652c4ab1077763215580cf,1,boleto,1,55.76
08f70652fecc748f3ab45ccaac355cb1,1,credit_card,5,72.14
014a0793ab3d930d6f3b206cee474af4,1,credit_card,1,38.14
0b54477549051598bd77d59bee6182a7,1,credit_card,2,104.19
020347f6d056bb4209b3ee4711d25f1a,1,boleto,1,128.89
061ba2e2d7544790b6ed6b5b4dd9278c,1,credit_card,5,110.00
0216ea85f929ce4795f933573c6bb055,2,voucher,1,2.46
07a75ef36022ad882d61416543b23c54,1,boleto,1,140.58
07e5d726cba4eb976dc6c2db2ceae28f,1,credit_card,4,75.07
0ad87ef89708a3c8f63a0016074b24f4,1,boleto,1,118.03
0b34845fe9cff17643b298ed508ebb7f,1,boleto,1,415.54
08d0b596c492f5a5041d003063f18320,1,credit_card,1,184.93
0a01aa0d779fc923be4cc5505b0c6dd4,1,boleto,1,116.88
073d1fe6e4e8956db691e04a1656ee9f,1,credit_card,5,92.49
0265de29d2bf47d85101018e7f7d4ff6,1,credit_card,4,77.85
078f6e79012194cd9eb77b10f6753d77,1,credit_card,5,171.16
02a059e99249511338c51476bf3d942e,1,credit_card,3,132.03
05728fca024954ba1ce915ad5c94991f,1,credit_card,5,1024.20
091b6eccc5e978d6c77d8da3f3cec254,1,credit_card,3,173.74
013e9c654a339d80b53513da3c1ea437,1,credit_card,1,123.01
03952349aca310eeba691019501388de,1,boleto,1,102.74
0858c9b11272c041d6de2fdcdbc392f1,1,credit_card,3,187.47
012ea594e035047289b3e7c3f8b90cef,1,boleto,1,72.35
0210f3225937e9d7702e0c3fff098b98,1,credit_card,1,21.41
087cd9d85fb88c6b0a229b508311377e,1,credit_card,6,418.24
029de66f2ffa0e793ca2aad5e304a748,1,boleto,1,198.72
0a0d25405f3880fbd46619f0852c250d,1,credit_card,1,52.35
0ba49faaf02e7dc9210e94cd777d1880,1,credit_card,1,76.95
035678e70978296fb0e7469a611c322e,1,credit_card,1,53.67
08c79f0b250cc3b309a69dcbd0debdc7,1,boleto,1,118.10
0b1b823864373547749dd203c2c4adef,1,credit_card,5,53.95
0911e1a17247955a0d55f29f3199272b,1,credit_card,1,46.69
0a2de338241b69893fc167f8d0970349,1,credit_card,1,118.82
025d78a44b8f48c66fd09239910302b1,1,credit_card,10,842.14
00eb7b95af5ed25aaec66d4ff5295846,1,credit_card,2,106.97
04955e4e1efe5837c88f3d4311a94fe7,1,boleto,1,59.36
0c29ee02f432c35cb24a70317de6457c,1,credit_card,2,215.14
080a96bd106fabe8c9a74df5cb5d8d26,1,boleto,1,163.06
0759ac0ac1a0c11ab13fc66564f4e112,1,credit_card,10,777.24
0b1bb6f28394acad8dac5b3f4e2a28c0,1,boleto,1,187.49
0029f17cf0e7640c5cb6825af681303f,1,credit_card,1,113.44
07f400658513d45866ee381bace93793,2,voucher,1,118.00
05c7aa3928dd1b25667ba59cdc277505,1,boleto,1,236.48
0647d9d193d898f2ff46c9e91a3c8c4b,1,boleto,1,837.84
0960eb7bc90d80c2f02eddc17c25ee2f,1,voucher,1,64.80
089692eb75f455bcb86e1a21ace6abad,1,credit_card,2,56.18
08288e829c6b9a810a4392bbc30545dc,1,credit_card,1,31.38
0cc36282e7b0e281bb99dfdc8c0f11aa,1,credit_card,6,647.54
0bd92af478239fae08847d13e9fd8617,1,credit_card,6,62.78
031e9d02ce26fb5bb1f85335708fc70b,1,credit_card,1,49.57
054418a6880b7e815bf64730ef040574,1,credit_card,5,902.03
01405161cfdf60dd80df1f393a2796d5,1,credit_card,4,74.63
079034c04662f3d7dce287df9e4e5489,1,credit_card,1,47.89
0c2bc0e5935dcca29a9e0cc2e5236a13,1,credit_card,3,378.33
01d601c4d70f016f1e32ee8e82d6d4c9,1,credit_card,10,273.88
0232512713ff84ce6ae5c96971894149,1,boleto,1,171.08
0a075803f6a9f73007c86d42003cc231,1,credit_card,1,40.52
08ade2fc02096cf490d463016e5ee02e,1,credit_card,2,25.70
041aa5c38550649d5b51f38ba03a29a4,1,credit_card,4,49.00
0cb709ce376d73c096eac3e210ebd5d6,1,credit_card,1,97.56
0b0f3c7a9bcb6ad1fccab28f9240da6f,1,credit_card,1,96.47
02875e2e1d01d7a1533215fb97510b06,1,boleto,1,207.65
0a84b71d2fd93eeae49d3149a3e08003,1,credit_card,17,175.87
0870e65cf1b3551a87735b85ee9dd147,1,boleto,1,71.78
065b60cb1eb8ac3e010b81d60ab6a5a7,1,credit_card,3,203.13
03f8a04136edb44e749e0c70e8793caa,1,credit_card,6,180.60
0ad366bdd2946abe259eb3095c953dc5,1,credit_card,4,93.30
0be284f82e07ecf4a437f85b82ba09cf,1,boleto,1,115.77
08d55e35f34806d85f4d99b62297e578,2,credit_card,3,78.71
09bb35a3939c3181b4a5619cb3918976,1,credit_card,2,116.94
005e5166e99d1e4d0c4f808b0540ba94,1,boleto,1,136.70
031e976ccc4a1678f5485552ed1ae778,1,credit_card,4,219.67
04b16c4b451253310532ae8020927b06,1,credit_card,4,77.57
0b47f5e9432bd433f8c5cf64e60e6e5f,3,voucher,1,20.00
05e6501cdfbd86fe9a3a788c3d411091,1,credit_card,4,44.27
004f5d8f238e8908e6864b874eda3391,1,boleto,1,138.60
033bac5f45a9d0cf7be5e47f03ed1e44,1,credit_card,1,143.65
04116cd1278a6285625c664dc0d09594,1,boleto,1,66.64
01d72d42aaedb3736840132071d51100,1,credit_card,2,166.11
0731519818400f39a85714db501f1781,1,credit_card,1,17.95
09dbda42baac941ca241f8cea65b2306,1,credit_card,3,61.01
01d13850e74efca9a86fe812940de070,1,credit_card,1,89.62
091ac0791556275533697b36e2b00ff4,1,credit_card,1,166.29
07b79f0a3ce4734c9f80f8f932ffd4ab,1,credit_card,1,198.73
0675ebb5c8a8506766f55599dd95c74c,1,credit_card,1,94.61
0b5a860df8a893e7020960b28cd67196,1,credit_card,1,131.94
0373763807c25ce94a4b85c7c0f47062,1,credit_card,1,34.75
0c7df2bc14e31b205f7f8f91f8311ba6,1,credit_card,2,140.07
05bd0df2a2f8b3719b66372a66b8f5ec,2,voucher,1,50.00
097255cccb9ac174d481479fae72556d,1,credit_card,1,198.49
0c3f17e10268e00c6716de19889e2cf0,1,boleto,1,38.68
02671152ed141efc95384bdd230bc544,1,credit_card,1,62.51
09f929ce6d526af69a12f1a54230e396,1,credit_card,3,40.85
059c2808fecc4ffa815a20bd7a12b3bb,1,credit_card,1,87.52
04f92792b1960e9302825742e0751a5c,1,credit_card,3,246.88
07732c37b9e8ad65b02e545a3343f361,1,boleto,1,56.94
006cba07f62f921fe4f58365bde2b2eb,1,credit_card,2,81.98
04eafa8a91ba0d51dc0c193bb67afc87,1,credit_card,2,279.00
05c60320bb28437325f2d6d67467d93c,1,credit_card,6,335.31
0b223d92c27432930dfe407c6aea3041,1,credit_card,8,510.96
0acdae809654a2de1235d18a12cf73f3,1,debit_card,1,66.07
036c6f5c3d6a81192f4896ddb2c00c83,1,boleto,1,76.11
05bd4a1f3930d20f351ce8c406d77103,1,credit_card,4,100.50
055148178e6fef1a7c02a3a04b6ef6e2,1,boleto,1,288.23
0263464225bdea582f602c369c2b6061,1,credit_card,4,56.94
07df89d2b7c5f2d12c3eb2a3ebbe66af,1,credit_card,1,32.38
0b39d78b430d574a6eafefe82c11b4a3,1,credit_card,1,25.00
0666806082c797ed8410aadc2e08f286,1,credit_card,7,71.82
0a50b1ae078d9638440048842b7cd5c4,1,credit_card,5,574.70
03d631cfa59f71c4a9cd31a6bb7467fe,1,boleto,1,404.22
07fff3bc2afa0d164257d4f64c4c5116,1,boleto,1,121.68
00d2559e61b9a0744a0552c35c5ecccb,1,credit_card,5,872.52
00125cb692d04887809806618a2a145f,1,credit_card,1,135.41
087e4c8f6ced94c453d434e9b2490e69,1,boleto,1,72.05
0b0e92124b8a170cb0d9bb34154aa70a,1,credit_card,1,45.09
015183dcb37f19e0456905fa5aac0b69,1,credit_card,6,353.70
07ffab4def2a95548ff6ef1b9d7e0f5a,1,credit_card,2,52.26
0096668e5b0b8e9657a6f7209a4e58b4,1,credit_card,2,180.37
053228d082dcc4c3730e511ecd4c9fa0,1,boleto,1,108.87
085c76ec2a854d66417d0dddc622adb0,1,boleto,1,56.09
05095322e4f3619255e9450335966c33,1,credit_card,1,132.97
0368b1d608cf0cc5246c6110754d8fee,1,credit_card,4,122.01
07b4d304ff7e33edf1f9e8a63768204b,1,credit_card,4,48.14
0c84ff9c3089de63fcc506b71018c31d,1,credit_card,1,67.53
06b0e5a0e09e97a92ab2614c36c4bea6,1,credit_card,5,146.95
0a0e76ba55e310fd24657a1f532b97c1,1,credit_card,8,206.98
064314e503e36ce3869a9901434fc6f4,1,boleto,1,141.39
0210336762a2618a562576d1266efefe,1,credit_card,3,76.38
0c78080d6694709647442e7efb1d2a5e,1,credit_card,3,50.10
0c31ed220260a476cfe59bbb6608b7ad,1,credit_card,3,186.54
09dd119f5cafd6888b0e67ebcff86a45,1,credit_card,5,51.09
0bb34cb6a7308c8a0be897369360bcd6,1,credit_card,4,143.27
06f4be78b76ba6a42605efa4ce7544d7,1,credit_card,3,168.67
035201c3c82a97f8a25dd6bd5244b2d5,1,boleto,1,135.08
0bfd90889de46373db5089b3bb941135,1,credit_card,1,29.88
00c8be06a8029e300dabd52c7d4c6ad2,1,credit_card,1,35.00
098fa8e236952567d948321ee4684854,4,voucher,1,17.20
0216ea85f929ce4795f933573c6bb055,1,voucher,1,89.07
070d0196420dc138bcfaa72cb10eea02,1,credit_card,1,157.21
06d8cb692ed19b092adaaf5337d01a39,1,credit_card,2,227.60
08f616b964002ad1bc12de1069f82edd,1,credit_card,1,56.60
01358622f65717728b3b2ec2cf4e8812,2,credit_card,1,14.80
09442375307dcece0366e86601bf99f9,1,boleto,1,79.80
0c4e55eefa45381c3ac66984b7be7822,1,credit_card,1,24.42
05bdb94211a1ae1e3734545262f50da3,1,credit_card,2,102.53
093b4a025c91a570d1f3b60d428b60a0,1,credit_card,2,86.15
037f6ef7fcfd0d80ea84dbe396972f6d,1,boleto,1,76.39
0714c5e5a4887535cbf5a60cbab73fe4,1,credit_card,1,37.61
06dec2690e0cd75d327646a81fdba74d,1,credit_card,3,327.90
0725ad25260ef550bc00be1179252efe,1,credit_card,1,51.38
0bf144db6ca7ef970a25b6a720947622,1,credit_card,2,136.62
0b93ff37e8344c6013bad16484c7fbe4,1,credit_card,10,1221.28
0b468af2e7c3af5bce986f443aa69083,1,debit_card,1,53.58
049ad2bf8710b108e943f5074aed4939,1,boleto,1,67.98
0b1e73fa546894ad7310916b480de067,1,credit_card,6,419.06
012f2c4ca09b101a73e18957c3294cd6,1,credit_card,10,1901.62
048c6b6617c20f59a0ac4e9a348667e9,1,credit_card,1,137.60
04b7f4eff7b30fc23df0be1f249113a5,1,voucher,1,26.19
0cddb9a478d70a5651d1d36838974686,1,credit_card,5,52.59
0758aeea44cefb9c7f59333c7c691714,2,credit_card,5,291.76
0c28b673ceff9e07c5de4539bb0d4ed2,1,debit_card,1,92.57
023aa4b0585594124bc50e55e0e11a5f,1,boleto,1,82.84
0b0b271dbd163df371ef9fa4ff573490,1,credit_card,4,108.86
03fab3cde6e6bb6b6715075147044dca,1,boleto,1,147.35
0acff4874d0f6558ab78a80bb4c8a3ff,1,credit_card,1,30.86
00b4c651133c06fb175123a492f1cac3,1,credit_card,2,173.49
096b88181e326e47c571be4560692555,1,credit_card,1,15.37
0852d26c3b55f84aca9d256f91a44bea,1,credit_card,3,34.09
0bbb3f7791a87d0307555e57da3a1ff1,4,voucher,1,2.58
0252299d97791cd5879873cba920d1f7,1,boleto,1,107.06
0c46fe7e5915cf8413d797e298c50dba,1,boleto,1,132.59
0444bf76794ff96fd22fff6be21bdb6a,1,credit_card,3,261.01
01f3ed0a20c6db39216985812a092bea,1,boleto,1,114.79
0580cfd05da4901cede805697f39a632,1,credit_card,1,24.90
0adaff16f16a26f5570209f0473fd609,1,boleto,1,41.72
08636a3fcd5c2b3e957b9b8c6ac8ecd9,1,boleto,1,107.78
04dc24624a669b293bee03e97b344440,1,credit_card,8,132.69
0ac1d3244719cbbfbc0574631fb0186e,1,credit_card,1,44.00
06d68cf3fe78e8d27c1047fe0346abc4,1,boleto,1,69.84
01ba82170ebb683c73793bb809bbf1b9,1,credit_card,10,679.68
06d991e11738ba4a916a39cafdc75bff,1,credit_card,8,573.45
039bf70a4c27073ca9d7a4e509b42dc1,1,credit_card,6,60.73
0ad0006728103ff08cda112f7940bcd1,1,credit_card,3,335.89
0aaab3c070a479ff8654a14d13ea750a,1,boleto,1,127.02
067f4abd68a2b1e0b8b158945a91680b,1,boleto,1,114.24
0236711b7bfcba7479639be980c21128,1,credit_card,2,326.62
0bec54b12e30ef962cea0714ea592545,1,credit_card,6,65.01
05e18a6cef41f63dc86b7b254954dffc,1,credit_card,4,226.14
08c839f6091875ffd1a1d876dd48de40,1,credit_card,1,66.78
0c7207c23f4eb8c3b374c9b6f11d75b7,1,credit_card,3,117.90
0b912c351945bbd827aa7a0d181e5be9,1,voucher,1,17.61
02f886b28af7079755677a544bc54fda,1,boleto,1,124.14
0a6003474a7471ca13dbdb23b2c04ec6,1,boleto,1,118.84
0af646de6e8d7191b1020ec0a5defcee,1,credit_card,6,109.68
070a76f4c338fe3cda93745a22e51270,1,credit_card,3,64.10
0ae45a816351887a536ef37fd5fd9853,1,credit_card,3,35.05
00b12f4674177ef40c4bdb034138c843,1,credit_card,1,122.87
0c5c644d05d605a6778e47d43a1185d2,1,credit_card,3,367.11
08a72c88fa7ee3652a339070245b9f1e,2,voucher,1,305.39
067c946a70abc2e1e8d9185ae309b48a,1,credit_card,10,231.27
0be58fa3e26bcefe9530b3e5ec888b7e,1,credit_card,2,180.71
035c06c36cc8685238297b6af0c280f3,1,boleto,1,51.05
02c8da4642d8bb546d022a0701ea1b5a,1,credit_card,5,153.81
099e239a7cce8ed6ef0905feb80808c0,1,boleto,1,192.44
03c810bce9d261d4d0447b895189dc16,1,credit_card,1,68.34
0494bfa608beaca61486b71439135973,1,credit_card,4,91.07
0b2a43ec15f983f589ecd097455b283d,1,boleto,1,240.73
06b0687cad7d69a9dc347dccb3cbe169,1,credit_card,5,61.88
046023c2e3840562a6320b2bc22bda81,1,credit_card,4,352.76
0068fb0e223115e911d362627e8b8800,1,boleto,1,91.79
052fd91f936f4938c1085ce62862142a,1,credit_card,1,57.97
0a3e09ae60d6eb7338e353c0c323eabf,1,credit_card,10,157.13
0b82a32f3caec8e9157049e294486ade,1,credit_card,3,143.62
03604d9c184f9290e997c49fb585b2b5,1,voucher,1,13.81
00048cc3ae777c65dbb7d2a0634bc1ea,1,boleto,1,34.59
08edff712f0cd04883215bdb5b0d7c7f,1,credit_card,1,82.08
0159b449009b3f8748ed7c56e9d84afe,1,credit_card,2,23.78
0822275bffed889280029c0c32b003e6,1,credit_card,1,36.00
05b2ebbb3869fd116a0a1c247ba70d00,1,credit_card,1,33.75
05434c77e67f2531d6b5a6c5f8bce535,1,credit_card,3,149.45
0392bc239ce28b0377e6b3073df2c674,2,voucher,1,100.00
07156fa55794dec196d72e6d8b07339a,1,credit_card,4,133.63
0c573af818c3b5409a2255629eec2ad3,1,boleto,1,81.89
0ccec03928b91e74f73a46d5b77c60e5,1,boleto,1,48.01
07ea296aee6d3fc7e722d3d2716448c9,1,credit_card,1,30.39
08f77a9d173ce275845e91e81500838c,2,voucher,1,50.00
0582e17dbb2d3c6052b964ab8e62dff5,1,boleto,1,144.65
0818699476819463109688475b808343,1,credit_card,10,2607.09
00664284de7a3470d22931ed78615ee4,1,credit_card,2,55.75
00949655cdd8d0465e433a5e6c9643e5,1,boleto,1,25.87
0711187b308dcd4265872d4d1b565b06,1,credit_card,2,121.00
090395e4f947097290d8bde7125fe883,1,credit_card,1,37.09
08dfcccb31a3a2b6f527d245ebd3310b,1,credit_card,2,137.53
08beae16754b76c55e9f49c7d4d138dd,1,credit_card,5,102.03
0bea543455029a72056bd0e781a8dca7,1,boleto,1,140.02
081aa4722ec9005a164bb9e2c2090911,1,credit_card,8,236.70
08ceaa7aeb0f28f7f44988d179b5452b,1,credit_card,1,58.63
024f8681c73783017f7cd5d5b061be3a,1,credit_card,2,56.78
02d84940c88e0c1c91ec65aeb663578d,1,credit_card,1,190.01
03f83b59e7c7355647462745b18119f1,1,boleto,1,27.60
0c75100c462f99b5311006de43c26b3a,1,boleto,1,69.24
0a74dbb3f48ca542f83c5911f24e472d,1,credit_card,1,39.52
0beab7700e74cb828b63e0a174e17256,1,credit_card,2,103.72
0799d89dedaf5ef08f3a90b967cb2ccd,1,debit_card,1,236.97
0476f6eca64ad7ce1bef51f7308871bd,1,credit_card,8,116.43
05b3514bb9492bc0eb20959fbf445927,1,credit_card,7,155.63
0c2989120592c0873f156da4204fbfb6,1,credit_card,5,478.33
0b47f5e9432bd433f8c5cf64e60e6e5f,7,voucher,1,20.00
083ade26303c53b4aa1c779b67d44485,1,credit_card,3,76.31
0c1f1a0595fb30e05d526ab83576cd24,1,credit_card,1,22.29
0620816b111616c1a7c0e03f8929bc4a,1,credit_card,2,65.71
04127548fb3634e50ad03765c05cdc68,1,credit_card,4,177.48
06f38dfd220e723c33a775d36f5d2756,1,credit_card,4,249.14
0b3c0b254cd889f96d5426417aa548cd,1,credit_card,3,221.89
03a0b96d81d76a3214b7b49ec31e6eb7,1,boleto,1,31.72
043c74b543e990bd18b14ef1e4344031,1,credit_card,1,147.25
0374e57efce00e3004e93acd6310c58f,1,credit_card,1,66.93
0b573ab05f5976a357a60e0d981b4327,1,boleto,1,49.87
03ee388839265510fa5edd811e0e1485,1,credit_card,10,136.28
08b450b388221bfe5472ed23887a7564,1,credit_card,2,167.41
036322082c079184f5bc9e0b338e1f1d,1,credit_card,5,56.22
08cd76ff1d27c6e6c522bbaead822fd7,1,credit_card,10,166.35
0c734449f0a8246894a537f0d4355dc8,1,credit_card,7,151.39
06d1315b8f0db57ee04b47b21db6626c,1,credit_card,2,169.72
02da43e64b38100ea4b0b4a76cc2ba66,1,credit_card,10,268.31
00526a9d4ebde463baee25f386963ddc,1,credit_card,3,169.16
0c22166d9f7e5761e397affa5af438c7,1,credit_card,4,116.89
09ea2f085e77814c3b31377ba10aa4a1,1,credit_card,3,286.59
0a1008edde05c441150b3142521df760,1,credit_card,8,179.60
0b7256a28d26d7203c9d269fa12709b8,1,boleto,1,64.60
0b912988b29c93bf79e780956d8d309c,1,credit_card,10,754.15
0721528eb05d8e5bd84d8220c5d4de19,1,credit_card,3,102.07
030e234a82944425a6f46d5b2552b848,1,boleto,1,65.70
05bf7a31e9d3eecf93db6a8e4508ed8a,1,credit_card,1,54.84
019e03014ec20cc2e3b180cdcf90b4e8,1,credit_card,10,764.52
08cf63d17d15433573bf10ae778045ab,1,credit_card,1,80.20
02fbb3b024a111c7e8a629bbd86df0e2,1,credit_card,1,148.19
08a0229449937f03d05a335929cc455f,1,credit_card,5,267.17
0510b3fb25b0b62b1221ec1cd2e495ee,1,credit_card,8,180.10
0c51cc0743219907058b0a266949d0a9,1,credit_card,3,73.75
07d08b17b3bcb01de09f8306ee0c32ca,1,boleto,1,75.72
002611a77fe03d076285fd4ca95db77c,1,boleto,1,156.75
0a7f55f1119615e9adba581bc94ee02c,1,credit_card,1,24.23
01721e0729fcb75ab238248fdbb48eeb,1,credit_card,8,243.11
003edccf16bc5ec447f592913b3df2b4,1,credit_card,1,64.85
0693609f9dc1b3f7d53a9772e54975f2,1,credit_card,1,84.60
050a64172dd384db4597d5f3bdcf2137,1,credit_card,1,137.99
07b93986d3989da936b0f9dfc9ab8972,1,credit_card,3,135.72
05e9e60e8b528b3563a1b1c2e8cfa64d,1,boleto,1,274.15
0b549e03c90c9817ce5280ce5c06dd75,1,boleto,1,38.34
08c9aa0c0fc860ffc3ae1fbd1da5bea5,1,credit_card,3,428.83
06ca6a54b34081bd1f5b84385021ac78,1,voucher,1,101.73
0a6b605082c96184ffbfcee379404d6e,1,voucher,1,71.14
04791a70ae0e68a0fb50758b946b5195,1,credit_card,4,126.54
0c65eb5a1415db7a20dfc869c9277e7a,3,voucher,1,30.89
0327e299243edec0ed4f26712a05b910,1,credit_card,3,209.33
04730e3327a051a939ae815e14e482e1,1,credit_card,8,616.94
0248cb6c91b223b74dc554e1d2c2a59d,1,credit_card,2,173.88
0bb77e62d791c3e5b009815ac19825be,1,credit_card,3,157.24
00c405bd71187154a7846862f585a9d4,5,voucher,1,0.10
0510fbef17088fdb22eed8b459322c62,1,credit_card,2,113.22
0199edc5b01351df8e73a674aa473ee7,1,boleto,1,101.00
06b5d30491b14242caca6d7090f29771,1,credit_card,2,31.95
03caa2c082116e1d31e67e9ae3700499,1,credit_card,1,13664.08
03faedb6f3c4299c7cd934f5242b194c,1,credit_card,1,57.23
0435404d45d367d6da14e7628c40a041,1,credit_card,3,85.14
05c63e6b53127320a7768d19898ac320,1,credit_card,3,86.64
05e7f330b0c9d2769d5aa193ee88baa7,1,credit_card,3,49.42
092de8ef0dad90862e5c0dfb15a10790,1,credit_card,3,61.40
0081ce648af7d6a7bac2a93b6035d1e3,1,boleto,1,117.85
01978b8bae8292ffb4cee6abdf9b9089,1,boleto,1,58.00
0c9ac816534df0e690f513c30e944475,1,credit_card,2,366.18
0bf48b98131c5057bcb4754449acc91b,1,credit_card,6,173.31
086d8c0d2740866ee3d4730987640d4c,1,credit_card,1,62.74
062d3e3b803bd3e569cf8c165602f8f4,1,credit_card,3,186.10
030bc9dbf75985f16a84a296363fda3f,1,boleto,1,378.74
03e6de4517499ee6aaae7d9004799504,1,credit_card,2,173.88
0c01f50d13b63f9c7a1f073f51a45548,1,credit_card,3,169.09
03ff7f74352df18b6a9a261d68befe5e,1,credit_card,4,236.56
0af2dfad3d581894c3b6e266461802c3,1,credit_card,2,91.88
08cce5e2a4a4d08e17cef053da98254b,1,credit_card,3,58.28
033bfdc56fab7dbb0a16e655b64b620d,1,credit_card,6,76.08
06f38dfd220e723c33a775d36f5d2756,2,voucher,1,79.90
06b196454b51b7191c7e2eb44ea77717,1,credit_card,2,38.50
08ce9cd3e783fce12327d4071e041fc1,1,credit_card,2,122.81
0abb65aa29ab57e5f52f657d22b47648,1,voucher,1,24.60
033af049cbcadb2511579b127ba27582,1,credit_card,1,102.13
0250c3964e5ca77ecac2db28d78aa89f,1,credit_card,1,54.55
0a8fa6b5910d2d1326480e5837f6b51f,1,credit_card,7,139.00
066debbd2c7642782a8fa6ec60fb6722,1,credit_card,1,90.28
09f86b7099faeb6a9d85623c5dba9665,1,credit_card,1,60.05
08ed4f84b1a078202e8da80c8d96dc77,1,credit_card,3,72.80
090cb921c3319702919eabe80bc9f5ff,1,boleto,1,38.22
0b5d86d1d6e2e765f19774b9572b1987,1,credit_card,6,265.96
048937ad68e3d2ec6e64f5105184589d,1,credit_card,8,790.65
0094bd07f49fed90209ffa62d1ef26d6,1,boleto,1,18.92
092fe64219d11b6fdc1bf61521c9685a,1,boleto,1,39.24
0c371b43b9718b0e9412b2b496c96178,1,debit_card,1,171.10
0a52d1f5b66c689f3955b3711ba7cc17,1,credit_card,1,136.27
065be848b8cc9a907f12d443b2e4df7f,1,boleto,1,82.98
08cbb1d4cd574b126569b208fd4b26ea,1,credit_card,3,1471.51
0644bbc829f241622c4c83b08436c465,1,credit_card,1,47.22
03b936f126145f2bb36600400aedb13a,1,credit_card,1,26.09
052b83db5c313dc65a07dad376ab69b1,1,boleto,1,130.10
0191b6a5a70bcbc6cdd39427f216602e,1,credit_card,3,167.86
0435e97505a412ee97a24d62beb81cf0,1,credit_card,8,245.72
0560d47b670c197def5674ae22fe4fb2,1,debit_card,1,45.25
0b3d6a3ba1e60a466b54775dcff1bf7d,1,boleto,1,211.47
0c355e13567802628373895daf5f0a61,1,credit_card,5,54.98
00c4f17dcb94448f27a2cbaa83f10a4b,1,credit_card,1,39.39
05fad97db96406de1787c7a532c46a2b,1,credit_card,1,21.38
04bef466ed85bb9eca9a6165d765574c,1,credit_card,2,153.62
01fac9bdfa271bcaf57218f971649ab7,1,credit_card,2,108.73
008990da719764fb392914d8ab53ad04,1,credit_card,1,54.13
0549a140f31f96d7cafd46b91d604c06,1,credit_card,2,346.27
07c670122da5df034ba8618528ed9bc8,1,credit_card,1,87.64
09b010b4dba0b79a21a0505f234e44fb,1,boleto,1,235.74
037556f936da90c5f9504956ff286860,2,credit_card,1,36.60
0bbb3f7791a87d0307555e57da3a1ff1,6,voucher,1,1.55
00d29386638bbfd1331a2cd7ab91b5b5,1,credit_card,1,32.84
0c91c4102d1858f4ced29970f55e54a0,1,credit_card,2,56.86
0267556bb9e07f6184470cf755f5b5da,1,credit_card,1,91.86
052b00d65560313221c5692cdb22fcb3,1,credit_card,4,196.16
06fc554a38ed6385ac2b121049b5cad5,1,credit_card,2,43.41
032bc75236a1cbaf410bb596a509e774,1,credit_card,1,51.64
07723291efda5721921a779f58cd3946,1,credit_card,3,33.85
00fdb72e467da6f3b000b19b368a6cf6,1,credit_card,3,35.85
048f4f6b6d2d3bc131665b2440c39f70,1,credit_card,8,86.80
03005a2f16aaf981d51d8ef44222444a,1,boleto,1,179.87
076d3284be23e6c6ed0267f87775b62f,1,credit_card,2,49.68
05bd4a1f3930d20f351ce8c406d77103,2,credit_card,1,21.77
08db2dff56f31598b313e96bd2b04520,1,boleto,1,82.98
0be5691eb4c245d190a1e194494f754d,1,credit_card,1,97.71
00fe20fc069833ab95021b46d6862646,1,credit_card,7,150.02
05522f28f3be3d5e7ef9f09cc0ac35ba,1,credit_card,3,130.01
01aa38b66d95377a4f276f78742aca15,1,credit_card,2,122.62
0cae2524ce4d7c4658153705a054c722,1,boleto,1,48.29
0cf94dad2e99f0fb2c10e52d62c4e560,1,credit_card,3,127.54
055bb586a2d17c7677a6096c56b6e2b0,1,boleto,1,303.06
0268f664f7833aa949da2eae5321aa5b,1,boleto,1,34.64
098e4bd227693adc9a292cf3a42ea7a4,1,credit_card,1,47.23
0af82e15ff98cb5fd79d28b3c4a70a4b,1,credit_card,1,63.90
084aeb6e79318fd38a5129da7db217d2,1,credit_card,2,173.98
00a9536682ecb394a3794c1608200803,1,credit_card,10,122.17
04ef688ecd44ca2621c3f78abfdf42f9,1,boleto,1,77.72
022790f69760d0a1c025cd3acdf13927,1,credit_card,3,37.00
040375f78f9a97d7edfa4e9d2aa8273d,1,credit_card,5,206.50
04e00ba23c33890eaee39b02e8185cc2,1,credit_card,5,53.41
0560690f57123e9331f5731479b2d505,1,credit_card,2,153.78
05712f43d1c39effad171a8b0344940a,1,credit_card,1,44.09
0b76ed588a46e17ca968f7fcafab6c5f,1,credit_card,10,526.36
03ba7e127b7a5243620b6c62c740d722,1,credit_card,1,208.38
0bae1ef5e585b8bb8d250d4a75736bf6,1,credit_card,1,65.17
03b2144a8822e91cc05da7907f21ea1f,1,credit_card,10,162.75
001862358bf858722e1e2ae000cfed8b,1,credit_card,2,113.71
0055b77cca3186676c147f532dd2547b,1,credit_card,2,189.37
0222b443ebbd702540abbaf4f5ff7edf,1,credit_card,1,97.26
02b7a3c4c3376a74359add1cdf94bbd8,1,credit_card,1,191.91
0221d784b11a24077b3531e860b73434,1,credit_card,1,49.63
0b843f953899d9a1d084c1f5163027c0,1,credit_card,6,122.07
04f94352a3c9730205d3fa72cb014eb4,1,credit_card,2,514.98
0897cfdc3612d0942f33b22a3dd9cd8c,1,credit_card,10,410.91
047e0e88828680c6cd9c476d555823e2,1,boleto,1,73.40
01667048de265bad400b945f29b52526,1,credit_card,10,246.36
024d4903890a56c2e98df63a32206bd9,1,credit_card,1,76.17
04a1e228e53006582fabe65a7767258c,1,boleto,1,74.41
0c79ffcb0fed5ff297c2a68be02f4f8c,1,credit_card,1,98.56
08d0d3587fdedecc31be9c29c74b819b,1,credit_card,3,181.21
049db9aade07d0056ead438e182f2b52,1,boleto,1,83.55
0a681d622e6b5d09ddfa071a5785c916,1,credit_card,10,368.60
03e533f76e0f8827796f3d0a45c61dc0,1,credit_card,1,32.37
0ca4f0c14bd70b836b3f05d6e115860d,1,boleto,1,123.00
05bc55c2402923914487bf644d917ad5,1,credit_card,2,116.94
08a9de4f4b0ea83738478f16caae7bea,1,credit_card,2,177.49
060a509c86c388937eb130705ea09e52,1,boleto,1,136.49
00d15ff0236872686e4899ed1ce680ad,1,boleto,1,80.29
0cf8368e4bd533308d1d3b77bd9f2844,1,credit_card,1,305.59
0194686a55eb0a869321fb107f4d114a,1,boleto,1,209.49
02ead97e330f2220485cb34ceaf2fad9,1,boleto,1,70.03
00c405bd71187154a7846862f585a9d4,2,voucher,1,0.21
0cd218949b04611711989a6b534d9a26,2,voucher,1,73.01
021d0261c214591da7db51193c9aeb29,1,credit_card,10,188.94
051fa5d5438a17a06ebfd7b77c020e2c,1,credit_card,1,69.80
0cbea266e238cccbca8f44662f87c527,1,credit_card,1,80.44
081acb555a1113c7c97b5c19a34852a1,1,credit_card,1,34.53
054cf6bea6cfdf9024aedd3639c60fb9,1,boleto,1,148.15
0abac83f9a40f360405460623503df7d,1,credit_card,2,171.55
0aa1d9509ae8e0c76c03ad7ba91dc81a,1,credit_card,4,180.27
060653209bfa61cf4b308a00e3861875,1,credit_card,5,358.03
002b4e6fa42cd4a22cc86abc18fe9c05,1,credit_card,2,119.57
026381d57420b32237d7d89a8daf21c9,1,credit_card,1,32.10
07fe18147d98a22e8f8f5e43fc09d831,1,boleto,1,105.18
0449fc8e83f3042e2e415a2bc3f2a424,1,credit_card,1,249.49
002f16b7bc4530031b7d90f791b12d8a,1,debit_card,1,284.13
05be057d337a9ea02bb4111d054a670a,1,boleto,1,68.43
01b538a0b1a9eeecdfbc03223190e4bf,1,credit_card,5,55.00
06c9d7fdab61bfa60de3edd9ec99a28b,1,boleto,1,163.55
0cc76fbe09687fda664178e9fc6c404f,1,credit_card,10,102.87
04d4e970b194babf5a7b70b11381f6ac,1,credit_card,3,101.08
05d579e3abe4a2d25c8feca9f7a685d8,1,credit_card,3,138.49
0363c3cd0593c841b52d9817c89beaed,1,credit_card,1,29.09
0512bcd90b810913b8177d5324c5ee0d,1,credit_card,4,87.64
06b6cf307813747b1a6aa2c381dbe32f,1,boleto,1,107.54
0487b902149eab8ec30e844142ee3e3a,1,credit_card,3,108.12
04c16a4e370df99cc2e5e4228ee63820,1,credit_card,2,314.43
0c6a968e3824f733a18b9c40b2620865,1,credit_card,1,45.13
0c5a7b3c5703837ef40113972224a978,1,credit_card,8,448.51
0261eac8b7b097ab1e28579b69e6ea90,1,boleto,1,132.17
0484f1d11d891ff86fcc2d225ce7094e,1,credit_card,1,30.54
0c9e044483d9a7ed3543da28c65f36b2,1,boleto,1,40.09
052d3bf6e40dd9000d1497f6f10db0b0,1,credit_card,2,58.16
0617fd3db51fa6cbebde41b9bd34b406,1,credit_card,2,298.98
0487007c18089d38f1492091945d7ba8,1,credit_card,15,377.07
0606297cba03ae6663495514f5bdae0d,1,credit_card,1,55.07
028f5779c98e7df5dc803824bdaae40b,1,boleto,1,99.94
05c163d46637e5c0c23a0075dc1c854c,1,boleto,1,65.68
01b1a7fdae9ad1837d6ab861705a1fa5,1,credit_card,1,135.84
040f8d4b01dfd628e0ec871546a193f7,1,credit_card,9,92.90
01006620eb4732deec44be4b0d9e33cd,1,credit_card,5,145.13
02d5935847b855f189ad0391968773b2,1,credit_card,1,51.69
06c28b87569a91a7c96e7f62e828827b,1,boleto,1,511.74
039681a3b797611f717a3232e87f60ef,1,credit_card,8,85.21
028116828b6e9f2b8070f1c4f66c68f0,1,credit_card,6,138.31
05fdfff95f5ea9ee431961288fce4e0c,1,credit_card,1,158.52
0aec87a19cce94ceda3bce4b605d9423,1,boleto,1,188.51
0745fd0c5e5bd55f752798a152b1d04b,1,boleto,1,103.68
06450a9849cb4a8c2f3bbeba9995b64f,1,credit_card,3,335.48
094067c0f56b5d0a4dbad0aa60bd26a6,1,credit_card,1,122.14
05ad4f359a4235a593f41f0533fe0457,1,credit_card,7,141.90
0c40894addb46fce19ca6ca1f11d9bff,1,boleto,1,132.05
0190e75feb05f78ccb1b56853ca4f6cb,1,credit_card,4,168.36
0be6d173c7061938d89152c036ac064a,1,boleto,1,55.68
0c2c69625643d98afb22fc2e8dea27ba,1,credit_card,2,38.72
0332e2e8114f5904403029875ac75329,1,credit_card,2,133.21
00c81b6675ef9ecaaff5fc1d6720b96c,1,credit_card,1,39.09
07c09839b4951ac37863cf9f0f79dedf,1,boleto,1,70.16
07c04599729da94f8aeb0974035ac307,1,credit_card,1,25.75
06c7208cefd133b492daeccba355ab99,1,credit_card,1,50.05
0356e39820a87bee3544a2025249451a,1,credit_card,5,58.22
03286323ba721edf10e38e1abeb159be,1,credit_card,4,248.52
0cc4679e0f3d7eb6a1e80d864e9a62c9,1,credit_card,3,168.83
08f41db8292c5a8be5d68f0a18492781,1,credit_card,2,77.57
06f9b3a828a976a2fca71a4ebf55b1b2,1,boleto,1,54.09
01855f880aae9a984c7c33b26fcf2e02,1,credit_card,2,95.52
0a9c38d73482b8d81ae7f7ccc5d8796c,1,credit_card,6,231.27
05c32a488871489caad8b008dc77b890,1,boleto,1,524.81
0548ea59d2970d4c0fc2bca54cedfd54,1,boleto,1,97.03
04ac505fe152a153d8b6013eccb4086b,1,credit_card,4,47.29
022b1f3510a95b396431fec95f5de236,1,credit_card,3,113.72
0cabc61e5deb17c32904e1b512204efd,1,credit_card,1,13.38
042c384c3edbe39a47895217eb5e90a4,1,credit_card,8,173.20
08e617c0a81895c4d5f6ab1e4a20fad0,1,boleto,1,137.96
08a9634db941b72179ed30feeaac2541,1,credit_card,1,53.73
0a8fa135a7aa265638024d7c4af050f7,1,credit_card,7,83.23
09c6ca023de352874ee4fda218d19a81,1,credit_card,2,56.79
08920300c97e9c4ef7728df49f6317b3,1,credit_card,1,129.56
055bef2dbc886956379d21a556e11ff9,2,voucher,1,116.98
08c21d8b98beec294f0dceb8b54cdfd5,1,credit_card,3,53.13
0cdc74fe3f18369cdc397f87a9c4a737,1,credit_card,1,30.13
0c6e84e1109b6c5630774291a85fef1c,1,credit_card,9,91.99
06eb87385425e5797a1a5c2cdb1b6559,1,credit_card,8,226.14
03202c9906e9d1140a8ac3e15f4492e8,1,boleto,1,70.90
029c545413b10a6bd7540401f6eef0a3,1,credit_card,10,1644.76
01988bf5b8acbc4d6ced86e4d47fcb1a,1,credit_card,2,163.24
04c377db9e026afed8d38404a910c00f,1,voucher,1,214.14
00c47fefb9a49baec12ab3654d7f548e,1,credit_card,4,266.69
03477f5f6bd5656e0e847d3a17e67efa,1,credit_card,1,67.06
06875ab72c5b9bb2eb303a70031bfeb0,2,voucher,1,22.68
0a7af36dc9b46e0920a68a9e2ee2198e,1,boleto,1,98.56
077c51e0b25a9c8393b39a3f8c4a8cfe,1,credit_card,10,345.91
01dd912bf415bd6f499af600aebdb866,1,credit_card,4,130.94
0b84583d6c4780ec023cc037e77410d2,1,boleto,1,167.07
024554aeb0da84476f1c31a711e0990c,1,credit_card,6,69.92
07d731b81475104eea3237055f7c0c39,1,boleto,1,66.64
07a97e5f41dfa29925b661eee8e73c26,1,credit_card,5,84.69
086cb9cd0cf7067d77fe09f31620a52b,2,voucher,1,50.81
07b683def65270f286578e5208c5adc0,1,credit_card,3,158.80
01633cfec0376ac9f2606e271ede5574,1,boleto,1,124.80
0add19297766bc00a177a9ae740554eb,1,credit_card,8,314.96
0700a8e0947d76a90800538ff87da453,1,boleto,1,33.23
07dcf38560b8c50e101b3281edda6112,1,boleto,1,57.75
0c16e6184d4cf8be09b57e667eb67bcc,1,credit_card,1,182.39
07f5b36b83b8a405657140cc50c0a1f9,1,credit_card,1,98.34
0c0c2969d3adf4fffa3753dcc37f135d,1,credit_card,3,45.28
0193a99edc8c599aaa16f9b9e991efb8,1,credit_card,10,170.29
04f2e760bb583d5d2f8b88e247d58d09,2,voucher,1,38.01
0a8724bf3ecd49bce712851bbbecaf35,1,credit_card,5,53.10
048d1e40afa8d75641833ebbb74f85b7,1,boleto,1,184.11
04dd5aa087f6b04e0e145fb4c4fef047,1,credit_card,3,417.02
03484f6953887cd37a7974b52f3107f4,1,boleto,1,43.27
065d7ca47199c0b027e288a77c59a167,1,credit_card,2,83.26
0817ec0f9c1ec6a3ae2826349129d4a7,1,credit_card,3,107.78
03dce1563339e3dddb4cff9acda06d1a,1,credit_card,10,185.94
089896265e5395ee8335f9f417a7f6c0,1,credit_card,10,170.74
04132c02a610a19773963143ba1b5bb4,1,credit_card,6,674.83
068027bd6fbd44e949cfb70acad89b55,1,credit_card,8,188.45
02c8875e5351540e76019fb7429e163f,1,credit_card,1,16.78
064330ca980cc4023706283a3c4b89a4,1,boleto,1,65.67
0bb961fd58668c43ce2c6f3a77d2a8fb,1,credit_card,6,143.83
00ef7ed06a55243f3e6a9d373a89eb14,1,credit_card,1,76.17
06da8e499e3e6c47151b945f8c9eaab3,1,credit_card,3,820.62
042a2a13d31a166caca991455002fe1a,1,credit_card,1,24.87
062e5ab5d16890def5883cd9fe35615e,1,boleto,1,158.52
02aec12849744e266394182861265286,1,credit_card,4,210.64
007bbb40c95870c0f75a7855f2636c65,1,credit_card,1,162.85
0410f4cc1616cb8c9d1f03c78a8c9f81,1,credit_card,4,86.46
0191bbb5166d4b9a68df11797d5acfa9,1,credit_card,4,153.07
0977997b1c07196d7d76a0d79c50117d,1,credit_card,3,30.95
0c5eda39e0658b7d2c514e27dd287cad,1,credit_card,5,265.12
06093968558c2db43ddc36679aacc280,1,credit_card,2,124.82
0cd93455c51655ebb590c07a06d584a1,3,voucher,1,17.54
0a82501b7148667eaff8dc8811a58f06,1,credit_card,2,141.58
03c968d10d8c63bd2388245d02579fde,2,voucher,1,88.37
01bc343311e5b8090b64d6ab287a5cf0,1,credit_card,3,74.18
06bb67936cfa5ac3f449e4f6733de4b1,5,voucher,1,10.12
0b446830af3811ef0d7c2e0db238af50,2,voucher,1,100.00
03d81b72be3d0b572b58b215fc156e72,1,credit_card,5,90.61
079b79bacc6e0a0c7ed93cd6e3624f6e,1,credit_card,1,77.04
01b241fa1421c8284e8c1029a503360f,1,credit_card,7,76.66
0c1fd2870ed16e1af74abd3df9833cfc,1,boleto,1,42.78
08fe747a18955f4657172a09f1660620,1,credit_card,3,107.78
06d5cbe68295558fd6c48998db3ea397,1,credit_card,10,152.62
0bb7e708846c7f44630a64e18292bb87,1,credit_card,4,113.62
0ab421a822cfefda840345b69417962d,1,boleto,1,39.10
007ff0b0f79be782f633fc3b18cbe337,1,credit_card,1,55.11
0cf7571add1c69ad1e6c35589c2a8876,1,boleto,1,44.09
05e52cc535bf067c2eb8337443ca0fc0,1,credit_card,2,155.15
036b791897847cdb8e39df7943367474,1,boleto,1,59.33
089842dfdfa1f3826df7d96896c49653,1,credit_card,7,216.14
0bc4a984d79279c843421830f595273c,1,credit_card,7,85.52
06e93d3bf0469b969d3eb95a8d55d68f,1,credit_card,4,124.62
0197cb265e2c84b9f89dfd784095d2f6,1,boleto,1,378.91
0b704d9bda1b350e1350d64af21b3411,1,credit_card,15,182.34
08cdab6e94bb86120c0041ba5ce8697a,1,boleto,1,218.58
030d5292e5796b7c461070e04a7ad556,1,credit_card,2,105.29
044e7b17d9488e54fc8417df5289f503,1,boleto,1,103.13
05d3fead61b937bd7176c28ef8ed34be,1,credit_card,9,96.49
0a09de65d90e684e2fbd1c2588733f37,1,credit_card,5,125.23
08ff2ba0393c3492409f044754015f74,1,credit_card,1,18.87
083c3a567b005b0f7261c9c0c76fe151,1,credit_card,1,77.06
0641dec5794661d69c598d2535bc0b40,1,credit_card,5,70.43
0aa9e8581362267ddb91df2f3a64f811,1,credit_card,1,103.25
0311da9b3ac095a57a2662813e179bcb,1,credit_card,1,174.56
0124f01177fc17cf20e1974621fd759a,1,credit_card,1,202.87
082c2f05e569e5d095ac086461bef733,1,credit_card,1,195.92
0a11e1f5811dda6f2921ea5b87f67475,1,credit_card,6,126.16
0777a9060e11a166516210320a84d38c,1,credit_card,3,65.62
0385c406dcd7068b21e209740a4ef876,1,credit_card,4,43.30
0493b5f35d3ee7b1f7e2d98ad782820b,1,credit_card,2,118.66
0880410ce1538dfc180e260708256fcb,2,voucher,1,50.00
05c12734a5d14a9b9528b3eb84f30e50,2,voucher,1,30.00
0c228d925a49aa5e3b35febb948f4f72,1,credit_card,2,161.01
00b402e8a76d3da83714c52d3977cc2d,1,credit_card,1,165.91
02440f65dc09737b491463739c347446,1,credit_card,3,135.49
085505e898297808653c70305ae11f47,1,credit_card,10,597.79
05871d52118762aaae93a3682fc5fe2f,1,credit_card,4,389.31
01c139e11e826da7bf9782cf1ee904bf,1,credit_card,10,352.98
060c88a63c83f2dfaeea611cc18edefd,1,credit_card,10,160.96
0c83ae77e6509fbaec6d9ae8844ccef7,1,credit_card,1,35.00
04f9ef79f6d6439da363d065445c2325,1,credit_card,2,60.39
08c3d8da1ee7ffc88a41cd145a4675ba,1,credit_card,6,69.90
06be8b2c2a6e818814aa5416c3512ca3,1,credit_card,1,43.29
00b1861aeb89afa498404c684148a619,1,credit_card,2,98.24
0aaf81645c52d55b9baff5411037d070,1,credit_card,1,77.24
0758eac62489b47a99c64b7d67c5ff18,2,voucher,1,100.00
083f267075b03a6cd837f4faa2c7b881,1,credit_card,2,144.12
07b21e603088925f04bb9034954fe5fa,1,boleto,1,126.21
08fb5d31021fb887ce4ab33b8cdb804e,1,credit_card,1,63.77
08fec9b7a19902c2485f6f104e547f52,1,credit_card,2,27.68
00946f674d880be1f188abc10ad7cf46,1,credit_card,4,232.72
049ac54eda25ad838a76c65dcfd27c9a,1,credit_card,1,173.02
08f982d8b8d8de12b00d35edefe5d26a,1,boleto,1,208.10
08ba140da4dd8ad477f0f3e9793edcec,1,voucher,1,102.06
044cd7ffb6a41e6e5513c6595a2893ca,1,boleto,1,70.00
078c9d6d720f254fc10c5a162169197f,1,credit_card,3,103.89
07dba073c2b18c2c748f28ed51c87ee8,1,credit_card,1,147.01
0259b4edb1ee1ebd0263f59bd790a938,1,credit_card,4,69.03
09b70d085a1bfb3b4b2ad8b7c7e43353,1,credit_card,1,54.00
0558d3449b449e4da4a5793f542d0785,1,credit_card,6,132.49
0413fe9eb0eb4aee51ef3065e9c91aa3,1,credit_card,2,109.77
07172761566bda50929a3b449eae02ee,1,credit_card,1,69.77
0a53c1150d1019fb4e5e6224e887011f,1,credit_card,12,712.25
041273e1165dd64068aa28edb4a0cf5a,1,credit_card,3,61.73
094fe1a1311bdcff558e373c756412d7,1,credit_card,8,664.63
0cd0056af7a12a71349c17f4114acb3f,1,boleto,1,203.71
0ae310aba8893f64631cffc380d5db8b,1,boleto,1,69.12
05cdf90df5dcc062b68cd8b3803f6228,1,credit_card,2,51.01
00f2a3509bd600bd1a06a48353788d93,1,credit_card,1,47.67
05709f85ee94e226753ae0ed0886b69b,1,boleto,1,187.45
0401f33945d6292657d6a4d951191570,1,credit_card,4,56.29
0667371275636232a05d55f2a8eada60,1,credit_card,2,46.20
0849024969adbd058756b6d843f3c1c5,1,credit_card,1,67.61
071b93a866ff2f7302f456e6bba8c9c7,1,boleto,1,100.12
0128412231f9fe9d7e944eea5392fc6b,1,boleto,1,94.83
01e71f17355fc56620b0d3678f796c42,1,credit_card,5,163.78
09a0d7c2cc6f652acd3537e7a91c7000,1,credit_card,1,81.61
06a05e46d787299f6277bfcb590f2ef5,1,credit_card,2,159.70
06fef28288938378d269904800db589f,1,debit_card,1,144.49
06263a9c3476eea0ca0fd70081bc7cda,1,credit_card,3,166.58
0c3e2dc4a3eeb282bd4df0b620dcff6d,3,voucher,1,7.18
03dd7d68a345c4fb5061f35f29ad959a,1,credit_card,1,55.00
0a33a983476b5e9f23c0fc9f95c9682f,1,credit_card,5,223.78
0452090193a8d241f971d25e584e9ca0,1,credit_card,2,114.53
00b4a910f64f24dbcac04fe54088a443,1,credit_card,1,2.54
01e1617e546dc1fd372e089ab515ae34,1,credit_card,6,96.12
071d4951a2505f0880cf9db3a48e21f6,1,credit_card,1,49.09
09e90e3936db197d43b9bde1291c307d,1,boleto,1,86.99
0c892a79e462e31570b88739be67f32d,1,credit_card,10,761.82
00af3d9ddff7f256e83d79247dbe1a9f,1,credit_card,1,90.73
05248f2049e2194bcb2108983868308f,1,credit_card,2,72.67
0805644614eb4e79eb6e5948057e2f1b,1,credit_card,1,458.58
0286dd0f954cb641dc3eb5db5e4467e6,1,boleto,1,76.08
032a25a524b766bdb806500361630bea,1,credit_card,1,72.08
0662642f8ec31225fd369ca4026cb610,1,credit_card,3,73.83
061295e635460bf36f1bb41bd54fd2d2,1,credit_card,3,257.10
05b7ab671d6b51e0b44ea73a54d9f739,1,credit_card,6,437.19
0c4a23679a622eb0793aaabdc6ce5750,1,credit_card,3,337.44
0a8b6e2cf83e2543f6b756e3a6d16eb5,1,credit_card,1,80.75
09fe6a53d51c53e7961252621989b67c,1,boleto,1,158.71
0654d38aef9f16500a4d8f635dde87f9,1,credit_card,3,36.29
098fa8e236952567d948321ee4684854,5,voucher,1,22.35
0b7a6fc05a25cefe1287ad5568d08c4f,1,credit_card,1,152.75
05f18c930e9961675a68af3b18efaf6b,1,credit_card,1,44.50
046100ad996b1c80d13e7e90fccd0560,1,boleto,1,61.84
0cacc6e732b7bc8f08cca2ba2604fb1e,1,credit_card,2,65.09
0757cb4ec76f9d0456800e40957db304,1,credit_card,1,27.84
0bcc7fc2fefd4ebca3cdcf34288f9026,1,credit_card,5,103.37
04eb8bac62618bbc56c582cd49493669,1,credit_card,8,84.14
014bd8ca0827935402ac39f2751b2fcd,1,credit_card,5,135.62
0755976647cbb58f1c4aeabeed997490,1,credit_card,4,80.80
0080eebb288dba1857ccf048dfe6bdfe,1,voucher,1,21.10
076c344fa6fb7b7284fe98fbcb257ab1,1,credit_card,5,148.15
09ea9ef172f36e86256bde78e5aadd66,1,boleto,1,55.00
0a0bb5e5ea635dc355ca8ef22dfac150,1,credit_card,1,114.79
07fda4bada645831fb11a20eaf52c2ef,1,credit_card,7,74.94
08fe21124b36efe247030b7939603f1b,1,voucher,1,27.29
0bea7c54ed17281e684c8bc1191e0272,1,credit_card,2,105.83
09478c1d9dbc168c8438aa90f1be13a9,1,boleto,1,197.52
08ea0cc26c8036f1c6c510e72f468000,1,boleto,1,35.29
09519116d7d66f8a0ed5c02048573c7d,1,credit_card,1,97.35
0c75e71e90c568ddf98a984598c228fe,1,credit_card,1,39.48
040d7a91a18a8d2262e45df7c8ea8051,1,boleto,1,78.37
0441b92c70bbdc1ae99a187e05d52621,1,credit_card,1,44.21
0360de67db844d693e3060a8b79eac4b,1,credit_card,3,65.00
05f8021cf7217f1990addecad0e24b7a,1,credit_card,5,198.25
08ede61c43aa112b05a8207ec1847298,1,credit_card,3,95.17
03d3db2eb72705d4b4dd30987cf610f8,1,credit_card,5,157.78
0acb20fb04c5f71d38da116f7b92ab63,1,credit_card,3,191.51
0328d8f9de9ac416aef56ea44972a5d8,1,credit_card,1,114.13
010c995323bc17d8156fbe2c37fed63e,1,credit_card,1,56.12
04a5e3a44cf4310b56f1a18f38f103e6,1,boleto,1,43.10
0bc97d91a9a3a1923234614958556071,1,credit_card,6,338.74
0c9b19430ea3cf0e01b6686df953ad6d,1,boleto,1,230.20
08b47d41b0e91577b2d62e070628b2dc,1,credit_card,1,54.52
0541ce103afcdd3940e866e3cbf7a77c,1,credit_card,2,103.12
09bfed54145e573d48e1685dcf11fb6c,1,boleto,1,117.38
0487e06921e4ff31dd6c111294e130fa,1,boleto,1,35.87
0cc4a0e7b03976348e97bf0721a96376,1,boleto,1,238.69
0a90490b9aa5527b4f3497a6f3c725ee,1,credit_card,7,69.97
07dacc7fe07040f20aac7d9510950eff,1,credit_card,2,85.47
0543af37e49147c9e0293a6d700917cb,1,credit_card,10,341.11
024319cfbf2156b9b8a0a50c3aef45b7,1,credit_card,1,189.06
0382a97e1263d0013315090a6f4714f4,1,credit_card,4,131.24
0c7561e19f14900c9c63487cc532f384,1,credit_card,8,184.96
019536ad39a0dea8bb75c00359a0386b,1,credit_card,6,85.57
09af99436ca3dc8d1de0f26ce6857112,1,boleto,1,245.84
061c593a0c8fd1b92c2abc7c1a87b329,1,credit_card,1,65.35
09e21d9c7aee6884dbb1ac35cf2dfc70,1,credit_card,1,173.84
0bcaf262925111aa4be36f35bcb92fdd,4,voucher,1,16.69
0572c29de369acbc110ad921d93d01a1,1,credit_card,1,159.69
012e93f8170eb75b2f2f650629d04517,1,credit_card,2,65.10
03b8df6ce0954c5df5e83e0a6caaf5ee,1,credit_card,10,286.64
04464191f1b76f60684eac5609f3bdda,1,credit_card,8,490.10
09e3a74fe474342885a70d1b2452c1e2,1,boleto,1,97.79
0c8d2195cb6aab1034f95a0f87b149dd,2,voucher,1,94.10
0ba375898f7c9b49e9d12cdd4f4467e8,1,credit_card,8,365.37
09cbc615350e91dae35a37b78994c91f,1,credit_card,2,196.01
0a191803956e2748ef8dc1ed7ed5e991,1,credit_card,3,79.23
0be1de7b2e4f05c1dfa7455be69706db,1,credit_card,10,182.17
0707e2f91c707859b79e711d852150c8,1,boleto,1,52.95
05bb540accb9a3fc966280b894023c9c,1,boleto,1,34.09
03a10721769c7d8f2fefab105e64fbef,1,credit_card,10,126.07
0adc694b12e2711cde18a5d31576bef2,1,credit_card,1,38.99
0c1cc28155fd9320c6ffca57c92999a0,1,boleto,1,71.33
02e405aa2667a116637cdb4affaf93c0,1,credit_card,8,162.33
00c95282163553a982f38481f9488481,3,voucher,1,20.00
0cdbb064516056ec9be699ddabadc42c,1,credit_card,4,198.92
07c8d74971a3302f6e7d2b0017ffb295,1,boleto,1,75.67
03dab6b77334d60ea91564ec4c7813a1,1,credit_card,1,86.15
08edeac38b68f66bf2e8c3701badde1c,1,boleto,1,163.92
08dd806c9344c87a3f061a6540a65041,1,credit_card,1,196.68
0475d054d40280dfba750663c9ad7a0a,1,credit_card,1,63.59
001427c0ec99cf8af737bd88e92fd444,1,credit_card,1,83.25
017b84f6bee0e4287eb8a8c9f5df549e,1,credit_card,6,64.14
0087889a1c836be17f58afd7f1729a4a,1,credit_card,3,269.63
04e1ca520a917164808b7fd567f9b57c,1,credit_card,1,86.20
019d029f0b101343d44017d249b1f64f,1,credit_card,8,107.41
07fbc4f433fc8754c492bc6dfb0b1c52,1,credit_card,1,116.13
05d92af741841f7bfebf71cc949b807b,1,credit_card,1,67.50
052514b6411113b9d1d289f49bf414e5,1,credit_card,1,44.00
01ba495d945c6a1c5b198bbad63e61c6,1,credit_card,6,135.51
00a1e977cf6e672402963940db55d919,1,credit_card,1,32.64
0489c7b710f3ebccafbd087c3c53bc2d,1,boleto,1,81.61
07c81434b5f46c9c3eacd48e60d50747,1,boleto,1,32.37
0ceec07de9db57c3d2ba32e4fa1fd8ed,1,credit_card,1,69.13
07c03f32b0199526169eecbbe8c029d8,1,credit_card,8,802.48
02036bc298ab3c1efc98b116f420d646,1,credit_card,2,42.97
0a00e9b0112a0e7ba031426a31659196,1,boleto,1,174.32
01f99c97a2034ffb373556e8fdb5c7cf,1,credit_card,3,218.91
0a8d9ed968d08daf5ef8a5cbf0bbe833,1,boleto,1,35.22
00c405bd71187154a7846862f585a9d4,3,voucher,1,0.10
0b375c9434c495b5759da891d8b26bf4,1,credit_card,1,119.94
04c35d140fbc805e40f33f6902661c4f,1,credit_card,1,65.35
0a9ce4ac2d44f45f52feb4747f238d5d,1,credit_card,1,110.10
0909121693cdb66d170b212e65c2bf59,1,boleto,1,187.98
0886b681f437971243d241ece6cf21d9,1,boleto,1,144.65
084dc35511ef0934cbe4f52d6b1e17ed,1,boleto,1,21.38
0c2766159bd610cb7f38a657ebb28e39,1,credit_card,1,46.52
03a11ed94a7381584b86c4968625207b,1,credit_card,1,155.74
0626a1c665314a1d0bf29ab063d5af74,1,credit_card,4,42.78
033b0e94801f401cd19503fec4b784d6,1,credit_card,5,89.19
0c5ba56a140a9fea3b9815c2a191c47b,1,credit_card,1,52.29
04784f58d6d77df7f4c12da82a4577dc,1,credit_card,1,73.05
0ccc28cc32fa5c8ca6a3b2d594700714,1,boleto,1,216.72
02fc46ea58b91abb0507c92e7f6e33ff,1,credit_card,1,34.68
04a92860751dfe7ae41f71e1228ffd18,1,credit_card,4,218.49
0a06917fb1c4d93dddc71d9ca7dd8790,1,boleto,1,50.37
08d70627d548cd883ac394cc5da92d87,2,voucher,1,52.59
088a21dbb29d74a07738fb93a96b507a,1,boleto,1,421.47
01da5549f136167573c8a302f008557a,1,boleto,1,170.02
09d1a6d95af99a860b37ed53fc9a3c2d,1,credit_card,2,128.24
0524a4740833e4c479484d6fd2735725,1,credit_card,2,158.01
057c9f435d8e14fda9a72b7bbf8b381d,1,voucher,1,90.99
019440e41e276668d99d996d5d1a22c1,1,boleto,1,56.97
04d3e9115c05c6494aa7c1063f96db5e,1,credit_card,2,69.99
0a998b0552bd0e04c7b38f0f58737c54,1,credit_card,5,125.44
075e94be744f3e28a18d6ea444785f45,1,credit_card,9,350.52
0607664f90518423fdddb69ae3cf375e,1,credit_card,2,165.45
061cafafafb36839a8ee7cf19ab807c6,1,boleto,1,166.70
0a1adbda846638d279cb086cd1d0cad0,1,credit_card,8,206.49
021dac6e3120485db6a77474aa21b979,1,credit_card,1,534.36
070d0ddec60c0e00d7df9483988d55e2,1,credit_card,8,568.90
0c65eb5a1415db7a20dfc869c9277e7a,2,voucher,1,8.59
037853d95871494e2e6147d00e37659a,1,credit_card,1,39.24
09e78337fade609c785bdc87f287a535,1,credit_card,5,52.53
04d943e133b4033bedddc46ee516f5c4,1,credit_card,4,56.78
056c24c33a180450cff18b5a17404725,1,credit_card,1,77.57
065bc1a2569e7a22835b49f40208f394,1,boleto,1,209.21
012248555cb0bf51df99199cef81d562,1,credit_card,2,70.83
014405982914c2cde2796ddcf0b8703d,1,credit_card,7,78.43
00f621226c6f4e938348f6f3a71fdc62,1,boleto,1,231.79
0a65a87966cf47b05a559b462c8754dc,1,boleto,1,167.86
03798f08af4c622b81b2c8f46c8bfba9,1,credit_card,2,132.90
039fc6a7aa5527e4cf6ed3c3eca00c15,1,credit_card,1,38.01
0aeb20ab92028bf31d5d8b2314b03092,1,credit_card,3,159.60
0c82a229fc22597c2361656cba8d3230,1,credit_card,10,566.09
08d820f39b00e575ea55d845ac9a13c2,1,credit_card,3,36.46
00d4439957b7fd3f8da4a33a965817fb,1,credit_card,1,33.97
010d6db2f77220b394f147836c94f27b,1,credit_card,1,30.13
033a7061d514534d3459c3f1f06fe341,1,credit_card,1,49.63
0b8e4fe7f85610340424b314dc68c366,1,boleto,1,74.50
09f08a5ef3dbd9a7c895c647f30bb059,1,boleto,1,113.15
037d59208a513ace896d132dc8c8a93d,1,credit_card,1,563.07
0368dc5a797fb5e3dbca70876ad9c164,1,credit_card,5,193.37
0a020ef040e4b3065551bb31e0aca1cd,1,credit_card,5,286.04
0283a5f1680cc866884c09960d2462e3,1,credit_card,7,305.01
091c34308e51d6dff47fe839b7aebbd5,1,credit_card,2,49.59
0c54f2a2eeb0c42bd55937babb4669eb,1,credit_card,1,25.90
0905da36ee109b78ec1a3c9e089148a0,1,credit_card,10,2114.63
06a63f38cc8f4de325c456f6843c7ff0,1,credit_card,1,69.25
02605c218285d02df75a255f13396f1e,1,credit_card,1,59.83
02ae2a6d1d1f1432dc743ca4f67033df,1,credit_card,3,174.21
0c3e2dc4a3eeb282bd4df0b620dcff6d,1,credit_card,1,59.72
03170fde460344ffa21460ac08f2bbd3,1,credit_card,1,53.00
03aba68b07658f28f29612641f08d4ba,1,credit_card,6,1202.64
01d0aabab5da85da61bbd4d40882b82c,1,credit_card,3,33.00
0b83b48cff92afd5eb4360860cad0ff1,1,boleto,1,90.84
0cb398989a2bafd3944803b5427a622d,1,credit_card,1,69.27
0be4a277478192493eb95d8a53ec5912,1,credit_card,2,56.78
0946ea44283ef9035521460a12da1569,1,credit_card,3,100.75
0261459497a63d27d6f197c00f2402d3,1,credit_card,1,96.80
09ca36d55d4afbcc785cf9def43c9078,1,boleto,1,32.37
0b8c19c0cc7dce8d3706d6f67008d18a,1,credit_card,1,37.85
0a6a4a209e43892afeacdecd8a5cfdff,1,credit_card,3,63.11
0a3bc687e8cb91f08d67838494a0e396,1,credit_card,2,82.90
05b3b36808b4c685d4a2753ad6fec9a3,1,credit_card,3,74.16
041f09bbcd85d178903f5bb71f11a02e,2,credit_card,8,141.37
090d3784ef3038b64220941aa370584b,1,boleto,1,92.57
00dc6ad47477b3b62d3c0acbe98a82a4,1,credit_card,2,144.22
09c8e71060b07326dba9db865f46881e,1,credit_card,5,123.27
03330e2f4e93c51662a7c77d92a4e0fd,1,credit_card,6,67.76
0a3d9f14b1781670b56b1832ba291095,1,boleto,1,395.80
0754d33c0d259d6851e811948048324a,1,credit_card,2,123.07
065881aa6f8059a970c8fd9947f717e4,1,credit_card,3,113.34
06daa9224cad114ece451ff00c20d49f,1,credit_card,2,89.63
0aad58aeffa6b60c76d25a4bcda14815,1,credit_card,2,116.94
08d138a502fa05af63ac4005311484f9,1,voucher,1,28.70
051d564ccb0a1e50070ac26704a2ba72,1,credit_card,10,622.86
0182f6cbb4fb10918a76485fc92d7c49,1,boleto,1,30.00
0af403b34dc11cd542ac6d94ad39aede,1,credit_card,3,218.11
014ac3cfd0e55bdc2cdd12aa181b00cb,1,credit_card,3,158.75
02bcd06d9bfda1c2a4037560bed7b90f,1,credit_card,3,160.54
0a46b68a258a6a2a44012e312063afa9,1,boleto,1,40.10
073180167c8aee312e8be08892989244,1,boleto,1,23.29
0904fb2c91a18099a0b7315f1ac9501b,1,boleto,1,406.23
0c88a53b9198ad46968371a374433183,1,credit_card,2,426.43
06cd9d207dfbdde70cff4074b5b3dfaf,1,credit_card,2,100.22
0c0200c8b683dcbc6138639044bb781d,1,boleto,1,284.90
05259e30e40e08eddb05428cb38ff248,1,credit_card,2,1258.73
08f016204423b6b70f37abfa64ecbc64,1,credit_card,3,196.03
07424cae1deed4169c2b56d1d150acf8,1,credit_card,2,153.80
0852e5a61869a064200caa569e5291a5,1,credit_card,2,185.84
07758ed400d130462900b1f68d042ee7,1,credit_card,18,272.59
01e515b157491fa28d3b56e7ef342573,1,credit_card,2,67.83
040729c8c0dc6288b3fb10ca9da26f72,1,credit_card,1,109.50
040a7d867d3a82c3dbe047e96515bd09,1,boleto,1,95.31
03211eda276999d5eaa8a167a4b6286a,1,credit_card,3,517.70
030e16ae69706dde9e78557f9b501657,1,credit_card,7,415.62
071be1c98f3a6f467d8e472d94350db8,1,boleto,1,432.70
08652363092b158440e2422e7c3ccaf4,1,credit_card,1,82.59
0133a47b53fee66218790a8d7dcab993,1,credit_card,1,108.20
08ec1f862c4cca80515d39b2787601f4,1,voucher,1,54.63
0be31296e8456f2017743c363de5a1da,1,credit_card,2,1351.51
06cc5452c0a830d345b93a5385ee310e,1,boleto,1,15.38
0982c70ab125dee2e64f27e5aa2b4fb8,1,boleto,1,76.02
09ddda124332d6c2489fba71284be7b6,2,voucher,1,67.88
04093e1c2379ed67d202eb2914ded68f,1,credit_card,6,112.62
03976e284ff273b3e5fda450030f32c1,1,credit_card,6,68.30
00b6c055922e0ed2d88efdd252b2fb64,1,credit_card,1,71.05
0978aeeb31e430bca8401306d75a8164,1,credit_card,1,93.28
092adae6d0744065b0482cb014c671c9,1,credit_card,3,62.76
034afd1b074e35a1d1dcf70c4a5641b5,1,credit_card,2,130.34
04da77eda115c14a16e28e6d0bcdf33f,1,credit_card,3,220.46
0ba1afba0d7716b50cd8b5f3c7e4e638,1,boleto,1,172.13
01e0386aae6c6385feedb58bd4aae5c7,1,credit_card,6,201.04
06bd4e8d281ae8780eadabe2f8886368,1,credit_card,1,117.79
093dea0d5b7854e484d59d15b2243006,1,credit_card,4,44.10
0b4bc06ede46442d11b5b22710cefcf4,1,boleto,1,96.80
03789728a4b9475c05f6fe33ced95ccd,1,credit_card,2,246.39
059f6abcb045619604ec4af08b4b5456,1,voucher,1,103.35
043d2e177e6762a2a1d029db6338d84e,1,credit_card,4,203.67
040df517e85524968f559f37441b705e,1,boleto,1,255.51
0a098ea7aca0cfbc728417697c86e807,1,credit_card,3,239.42
032de52b21013e176ee997c8f210dd66,1,boleto,1,65.10
090ece27665c1cc89eda287f8e834e11,1,credit_card,5,81.69
0abe0832bcbe8e17c2ee4b5b9fd05216,1,credit_card,2,96.74
06fec3f6e9e72edb698e63c30a8f027f,1,credit_card,4,137.23
0630ba8015b69f03e65dbe4be3aceb4f,1,credit_card,2,139.59
0005f50442cb953dcd1d21e1fb923495,1,credit_card,1,65.39
02737086e020bd456ae19e98fee5c186,1,credit_card,3,271.27
0ab63e307694f40a88a0ecd358c0939d,1,boleto,1,163.13
047ad2bad6fa4c12dd98ff4b00ce0317,1,boleto,1,94.61
087b9476284aab4d762f05d8c0181aab,1,boleto,1,153.05
032a688c9db451501788d95c7f794ed6,1,credit_card,1,42.40
0a8f8c393d9dbc5901daf7d157afc427,2,voucher,1,34.45
013037c3f1773cc8fdbaf8ff54d8013b,1,credit_card,1,7.58
02df7a4137081ada2a06ac6e2bca6364,1,credit_card,6,137.20
062b1b23a7928be5abeb406e5889e08e,1,boleto,1,508.38
09868b0eb512bfbbe98900f16d79d055,1,boleto,1,129.98
086961934db99fd12a25cfeef96ff2cd,1,voucher,1,145.65
0b27e5029dd7bd0891b5da96fa33a93b,3,voucher,1,20.00
0b3ca8c9e3b3199306adb467fcd0e982,1,boleto,1,85.71
0ac83eb5438f811c9d825c0a059a0f28,1,boleto,1,165.80
0988e6e21a5bd6dee0c95d3a85970d98,1,credit_card,1,234.62
00ff0cf5583758e6964723e42f111bf4,1,credit_card,6,170.15
05608987284e4c496bec56c52fdb0a6c,1,boleto,1,225.14
016a6dbc80aea6e2d217d2bedbc7b59e,1,credit_card,6,112.08
0645b256ee8f4939ae426819da55488c,1,voucher,1,20.38
0b941db180b52d77ad40655b465e6632,1,credit_card,3,197.00
07acf8d0ac910602fc85e7355a386ba0,1,credit_card,3,165.30
06a31d324c43e3350e4a83fb663c151a,1,boleto,1,152.72
0930c651c82aaf68df7e69eed1816170,1,credit_card,1,38.28
0368f4fdb586fe3cde123934d4ab5b5e,1,boleto,1,105.28
0036887767dea4bd43b1a88cd0d9477a,1,credit_card,3,423.63
06d7e8cde0488b6d0b67852d2295368e,1,credit_card,1,118.48
09f7918cf38caeef665ddea1a74a6a5c,1,boleto,1,31.75
0538bda829ac14e64a201dc84fb1ba3b,1,credit_card,4,224.69
04011f820bf820fa27cf4cc1fc06d3be,1,credit_card,1,45.28
058c781acedf69d42ac38a568ca97b05,1,credit_card,2,128.21
08d3b6ee17b7cb32e530f4488c3f6abf,1,credit_card,5,51.56
058d432115cdaa3b04a19b726bdd837a,1,credit_card,5,289.22
0c89556cf6859f7e4b104f2883aa1b97,1,credit_card,1,101.86
08cc8c614786867bb0a845cd117d349b,1,credit_card,8,1328.59
0560378d48b9de8b969d8f5601e3767e,1,credit_card,2,22.07
0a0185b8b72cbf2290c3e4218300a61c,3,voucher,1,16.84
062171ae61a088263fec533c7b4aadca,1,credit_card,8,236.97
09425a70c5acc9730fc3e17c1e81ac2c,1,credit_card,3,238.69
03f127181062ad98441893efffd412c5,1,credit_card,4,127.22
0c11df2b80d95b1eabdcdf3790bb3347,1,credit_card,10,204.34
0aeb0613e8d42e1a7f122908bee18eca,1,credit_card,3,78.19
03467d8a7741a3737d4e3ae45ebba94c,1,credit_card,1,104.76
0713892246596f649555ebebe57a9a7b,1,credit_card,1,103.55
06ec25371486403c9aa7249f067fc5aa,1,credit_card,10,146.91
03ee28c413aaef04d718e00ed85eb678,1,credit_card,1,66.13
0bcb4fff8fdbd415067a30c6694deb7a,1,credit_card,2,143.49
070162e1ae6ad420c0766af516a31a5b,1,credit_card,8,193.38
04911e590c1c5c9b8e750d3ac1344d54,1,credit_card,10,747.25
00f426c7214575822c3cb44ea59ef0f6,1,debit_card,1,94.65
0362e923f805ae4dce58fd78c86c96c4,1,credit_card,2,313.67
0757cf1c2a32b4597b8192f2c4912adf,1,boleto,1,125.25
0417dce62cd5791d3d0005ca971b2ba7,1,boleto,1,47.03
04b7738ad5fbb213eeb7a2145bea8242,1,boleto,1,392.89
020e6f6dee3bdcf543b857eb97373956,1,credit_card,5,213.30
0749bdde40245b5fb3b375dadfd4ebe3,1,debit_card,1,71.38
0c5f595f24dcb36af04ddd9c0655d4ab,1,credit_card,5,62.01
06e15cff14f4bc72fac07dd6e6518113,1,credit_card,5,51.69
0c436bbfd70e98c64bb73b3f23a78d23,1,credit_card,2,117.94
00d831d5c3ea03b7cd6f883ad799c7e4,1,credit_card,1,138.16
036467185263519cd4f15dde1f8664e6,1,boleto,1,181.55
0b2861128d87d7a2b9c85eb25a514d0b,1,credit_card,4,423.27
0c5c7803f731287953ed066d8b599372,1,credit_card,1,61.58
002af7fa9eb99d1456bceb6a13d6fc0b,1,credit_card,5,109.45
09b866628e60ce05f3e25fcfde9722c4,1,boleto,1,357.62
0c8058646f24f81b942fe644c199e978,1,credit_card,3,151.84
0a1830f41dcbe9b26dc35c0c71738796,1,credit_card,5,168.23
070f532c26f2505352210937089dfc79,1,credit_card,3,148.12
07e2a9d486a8394f2700230396e8d5f0,1,credit_card,1,271.83
028e069ddb78a5a7179f1e6734e226c6,1,boleto,1,36.09
09836dd0df8891bd6cc20b9e651a6f23,1,credit_card,1,32.37
06de165212eea16e848d38f4392d5c11,1,voucher,1,13.12
02905bba6aafd777542dacbfa8f4bc2d,1,credit_card,6,66.50
0785459f4688c430590e9ef6eff2fecb,1,credit_card,1,37.46
017dcb6892d4469a13dee34f241f8c4e,1,credit_card,5,67.98
084f5caa157d28601e72b588e656e3ec,1,credit_card,10,696.08
0436c197b0ba8265af9fa94b7f444866,1,credit_card,8,83.55
09545768adc993877dfa9a4024b360c2,2,voucher,1,15.00
0955f133d0afa54f738fd6ac4c9bc83b,1,credit_card,6,135.08
0664199560952a51d76e1ccdadbd2cb7,1,credit_card,5,101.14
0c81fc19191e17701fb34579f8eb7840,1,boleto,1,42.69
0581cc006c5d0b4351b5435336828add,1,credit_card,1,17.25
0b8f8315c63f765c07a31a8c7e28bad0,1,voucher,1,50.73
088ed3ea83b658f4974b48fbbb26a795,1,credit_card,6,88.20
08ee999a47fad7aab826e8604eff09a1,1,credit_card,4,87.56
0ccb5b7bf95c5b642f3717b08c633361,3,voucher,1,12.78
0068e836900867da359bd81db9227a33,1,boleto,1,113.43
00418a49a685c6bb60633291c3fab17a,1,credit_card,2,56.78
0c6829c9d92a6bb545d7bf1734d094c6,1,credit_card,14,146.37
0b8b249ad3dde632e5f162167e0b9f07,1,credit_card,2,41.69
0c4d9abe48221137e67e9d01a442df13,1,credit_card,3,62.78
052121d17f8eab43c577497c9b1451e2,1,credit_card,1,64.00
0a8f1a36db93c2d10a0ff456e5550ae8,1,credit_card,2,155.98
0aea5ed8df108f7cb387c099ddec65c2,1,credit_card,1,10.74
02a001cb5f40b1fee4f0375c89cce463,1,boleto,1,97.44
01ea9d9ce4b86204f82b79184897371c,1,credit_card,1,64.93
0744ce655e97e70eb03a99cf52385502,1,boleto,1,86.15
0a7a3bb3bfcebd9e89241cf037c3bc85,1,credit_card,1,84.01
0b93889b7e9059e7715f55306f977460,1,credit_card,4,136.75
0181409c6498f79e161dde79c2a7dc59,1,credit_card,1,62.31
08bf2c1104a4d1382d651ad4e921b4a6,1,debit_card,1,84.23
00f1cc7439ccb8671133776d1829faf5,1,boleto,1,177.32
0a6e242b5cf18e140304453da637866b,1,boleto,1,57.63
00a0116ff15ff973ea16bee881208ae7,1,credit_card,10,194.12
0479573b338446f5fedbcf76cea3bc20,1,credit_card,5,153.05
01a0013ddc7cd129e350e8671b56a263,1,credit_card,10,1810.50
098fd8628d7e76c7dfb58d651899ff39,1,credit_card,3,128.08
09138fb3bbda7e400f9aac03c238385c,1,credit_card,4,48.04
012bea13f9a355c983efb59a3f23583a,1,credit_card,3,37.09
05885929f901bfe4490878f068b7da8c,1,credit_card,1,102.66
005a1dded353107dbabf8ffc83a20365,1,credit_card,8,89.28
0a56861d762ee1f82f5cdc2de2b1f71a,1,boleto,1,33.33
08be29a19a75ae2f62a0f1250c4f67c6,1,credit_card,10,113.27
0573f95b59b51f2d7d98d882d64e05dd,1,voucher,1,91.53
00c9474e0334f7a4ffc8c3a8bd21a51e,1,credit_card,10,1075.74
022d47e6dd2e127493b8f51c8408078c,1,credit_card,4,112.71
04cfd74948a554f6f404e78f54f26b22,1,credit_card,5,57.59
07629443859f99dfac4443b102f31ead,1,credit_card,2,792.17
098fa8e236952567d948321ee4684854,3,voucher,1,11.85
042ce41927758767ec2aa0de06486b4c,1,credit_card,10,592.77
0bb273d0289520ad7addfc985468f5bb,1,credit_card,1,41.77
07429f7601b56a66d1854c79a2f5c9e5,1,credit_card,5,232.22
05c882a9c704a528bfbaa15fd8805d43,1,credit_card,4,41.05
08869d221628341d81a9dd18a07f625a,1,credit_card,4,114.77
01eaa000fe5c9f80f535c3d0cad25a47,1,credit_card,2,151.92
03a18d20c8d8ed81a44b9dff494ff86c,1,credit_card,7,87.64
0a2407e0197d11314604cf01105f648c,1,credit_card,8,201.65
08fa939ba176d6eb8430ef2990a68245,1,boleto,1,89.80
06c0d448cbbe294852cab1310c63ab3b,1,credit_card,8,384.34
015f079801c424fda3edc48be99267de,1,credit_card,6,319.44
054316a4a3afc149108b6b1431d11274,1,credit_card,1,54.00
016fbc333d66b414be541c6159576c40,1,credit_card,2,103.42
0b4d60b8c7aa289e337094f0fb7ec296,1,boleto,1,269.25
0b1225af9b8d9ead4bac8d07f4da8130,1,credit_card,1,59.81
08cede37de35a7af6d659a2ea4b17707,1,credit_card,1,25.38
03a9581b10792275c52316cbbca5810f,1,credit_card,1,55.10
0758aeea44cefb9c7f59333c7c691714,1,credit_card,2,92.19
0c54d16446b830ff65da96eb16304fe8,1,credit_card,1,16.24
0c8afaedb1f20b1655f3ff0d84b4424c,1,credit_card,4,199.52
0b273b3e899144ab36619eda910cc72a,1,boleto,1,31.75
07ad2a87dfce684f0b6a23886db925c9,1,boleto,1,73.04
04064f81e71399939f72222d7c701c47,1,credit_card,3,37.72
059a35c89cb9ee5ba740d4ac2eb8a805,1,credit_card,5,136.43
0c1f5fca68708d9a22f8a9fe30b5c588,1,credit_card,1,133.09
019b8e16e30c8b9ad9bf87e039a27765,1,credit_card,8,113.71
08accb1f1ce9ae08483229dd246b8911,1,credit_card,3,34.09
037a1aed2e8a5752977fd27aff7c230c,1,boleto,1,188.97
05ad157e8f606d82b474fd05703b7610,1,credit_card,3,238.09
0504c112cd5ef9650a65748c4dc380cb,1,credit_card,1,95.27
0c2ffdbbbd418a6e9f2bb7fa8ebd9b35,1,credit_card,8,191.12
0b4b622bf03bb66e9d44bc4b86c20dff,1,credit_card,2,30.28
0b8a71b3f5c221a69f4d23097cd604f6,1,credit_card,3,129.22
00772b2af35643653f108fdac1155ee3,1,credit_card,3,47.96
09c2b130b47b0d77f2217277de5fd140,1,credit_card,13,136.90
094f7614f77e85fb05c77ecb164afdc3,1,credit_card,3,34.84
04e83658486074318f1a806c19265817,1,credit_card,1,174.05
0866d83668146dad766bf1a583207b19,1,credit_card,2,51.92
0af1da637acdb5fdd0d77bd209530157,1,credit_card,5,122.76
0a7224dae678203f5b1a0715b55ed4d0,1,boleto,1,166.26
039fcd445ffe2e560443c34326f2b764,1,credit_card,2,101.05
081bfb811c30ac2ba75d0013a7fc1d65,1,credit_card,3,105.37
0b497dc78b09ae400416eabda31cf6ea,1,credit_card,2,101.64
0c3e2dc4a3eeb282bd4df0b620dcff6d,2,voucher,1,16.78
0656252be8b31ab4b264a730f9e600cb,1,credit_card,1,138.94
00e365f4fc03d1098841af23d05c17a6,1,credit_card,3,194.33
077700dcf4e3bb4128459fc825a4056c,1,credit_card,4,215.05
075867c84468363ed47de8b38d904253,1,credit_card,3,438.52
082d9e610509b115a17045c97c207811,1,boleto,1,947.72
0683849d0c0146afc4977ada6e86bc88,1,boleto,1,35.00
00a12754417a49a9dec20361849aa917,1,credit_card,3,57.72
0c44de2eb92602da9bddda1c7b66aa30,1,credit_card,3,275.34
05e94f64bd375a4fc88a39430e020d54,1,credit_card,1,177.49
068bd285dca5547429e81de9e95ff9cf,1,credit_card,2,163.29
0cae3fb9a90f5aeeb7b3770b88f77851,1,credit_card,3,179.04
0361f3d4648b016237d77833005e4cfc,1,credit_card,10,184.73
00b30bb163474583c14db1689259cf4d,1,credit_card,10,216.51
0791c9a8e89bfcc422ab718dd43f2dca,1,boleto,1,50.09
067546963d2dc6275eb550df0482c460,1,boleto,1,58.18
02ac6689fe09c236d7651b93246b6dbe,1,credit_card,6,93.81
0ac17fe2ba4ec29a3914030b7009119d,1,credit_card,1,910.07
040a4487d2c737f11caa0eafc5ba5cf5,1,credit_card,1,173.88
04c5574dca3570ecdde1cf8527993017,1,credit_card,4,77.78
065d95bb9e6d5bbc0a5a2c40579b16e5,1,credit_card,2,102.53
08791ec24b12af5af099ce45bdf3a396,1,credit_card,9,445.87
0ae7144116fa718b3bb90cd8d855713a,1,boleto,1,133.02
0ae42629f60238674d1b98c5651c8d68,1,credit_card,1,35.79
03e2b2c32adfd7016fbdf98a70a7077c,1,credit_card,1,45.15
093c11a6b12993f96cb7eaa348a3cd09,1,credit_card,6,797.38
07b1810af93ee79a38977779e7a410d0,1,credit_card,2,27.10
0c71e6884d0d7ae94fe52ea917b42fc7,1,credit_card,1,94.68
059c0bd12954b4e72327c0ff67d9f2e8,1,credit_card,8,158.45
06613112cdd7761776322081835b1b96,1,credit_card,2,44.35
0b850781696042f7d33b6246dc49bd31,1,credit_card,1,0.16
00d03eb3425f41a599ae2f788e23c07f,1,credit_card,9,90.17
00c405bd71187154a7846862f585a9d4,1,credit_card,1,6.03
034fe9142b806fe19c1cbc1c752ab08d,1,credit_card,1,53.82
0652543c9f8586d33500c3d0e4ddc6a6,1,credit_card,1,62.33
0a791a17784db64bbc47f6b666011d9e,1,boleto,1,61.11
05c491d6be497dcfa89fdb1f9eb41004,1,credit_card,6,156.64
0188ca1fe398161f0f310fec985ac155,1,boleto,1,109.40
03e99d63b25fc441524d77bda33ab136,1,credit_card,1,75.65
005d9a5423d47281ac463a968b3936fb,1,credit_card,10,145.26
03167be79e12e9d70dc67d864eea2300,1,credit_card,8,99.43
0713f1dd3cdb0f62e71d9a1f01c2bc0b,1,boleto,1,365.37
02a96c679e6086ecd026c42a83136068,1,credit_card,1,79.88
08e4ca5f437f69407fb01cabd2d7a0b8,1,credit_card,1,98.22
088cbb32185a7be453138d87370d1fea,1,credit_card,1,155.78
0ab5a761982917ce851399f277662d06,1,boleto,1,55.00
02b73712c7944322d0b5a314f2424ee4,1,credit_card,1,104.37
045b201c094804e3fa5e542994c79f09,1,boleto,1,125.07
09c06d47b8b58dbabf753646fe5b89ab,1,credit_card,8,349.53
009905140e9f8cc35d5be897937381db,1,credit_card,10,116.44
048e579f89c9b3ca9a05550876740754,1,boleto,1,86.72
0bdfd876931ec6df01297b40e9672c12,3,voucher,1,125.92
098dd2a0dabd8878380b344370974efa,1,boleto,1,75.44
028ad19261e3ad3406ca689348755456,1,credit_card,10,485.02
0b41129fd5aa1fc7c44db1eaee43862f,1,credit_card,10,374.85
0ba4f7e89d304a02edca85087abfd14c,1,credit_card,10,870.04
0c80c82bdef7f227e7483cdd3c94f697,1,credit_card,1,13.35
0733aab1e972ab531705cf45a1e77281,1,credit_card,1,76.41
0c00bf3feaaced2a198154419c788fc5,1,credit_card,3,260.08
057e837e50171189a915cb17d4621e9f,1,credit_card,1,35.00
0120e3dd2696a3bbb68dc2860815f7f2,1,credit_card,8,258.25
076594c6ae7f8e1157b7321c148efa86,1,credit_card,1,198.95
089b005e56c360e749ff7185aa4814af,1,credit_card,4,124.01
0bda9df0ce80203b668f46f41abf0c5b,1,credit_card,1,37.90
05d27719c66597da0628a53f6009ed67,1,credit_card,5,254.76
014e36af18c280a94d880a16b2f00713,1,boleto,1,85.38
0bd166e72c588bcc71cf432b653c1667,1,credit_card,2,117.63
0a53864d69001a165085a6488ab75469,1,credit_card,3,256.09
04ad8c8d81d4c6b6936947bfe41c20fd,1,credit_card,3,73.52
03fe9fc6d464322a67f3a221777a82d3,1,credit_card,1,45.95
0ca1bac7f133e0eced641bff853f52ea,1,boleto,1,61.00
003423b755b562962a6225a8de40d12e,1,boleto,1,261.33
0a0e91f265e0c09af322a473351b61d1,1,voucher,1,106.90
037ce5266460af220f19d497b130e737,1,credit_card,1,118.35
0cea1002b907a645918a03922e9fadbd,1,credit_card,5,107.03
066e583c1ef730d7f1685807bc618cf7,1,credit_card,6,61.05
09023a853a37b3ccb3ca46372068748b,1,credit_card,3,65.00
097452f101cb19b0ccc80d3a980d9755,1,credit_card,2,173.88
00c2335723b9b74668062e946dc66621,1,boleto,1,31.38
07884a0d48bbdae5f9a1d8582b57e09b,1,credit_card,4,45.09
002b430ff89b3a24c31a1170acbbedea,1,credit_card,10,265.55
08d48caf3c6278c63213deae0000975a,1,credit_card,4,234.89
04cc9ab9d21b11d7aca691cf7facaaa1,1,boleto,1,536.09
0b9ac892eece5e74725c3699a0eec646,1,boleto,1,114.84
0866fdb0c7de244fd6acbf00a2cbade7,1,credit_card,2,43.88
00f324f6ec332cd73ef8be4888573662,1,credit_card,7,156.33
03e5d6a8dd520898f86f8429ccd07c21,1,voucher,1,46.80
088f428b537f8a80e52118e3e409ed50,1,credit_card,8,160.40
0966b61e30c4a07edbd7523f59b3f3e4,1,credit_card,5,274.11
0a9a43ac5fe59c6c4bee2a8f9b9fcce8,1,boleto,1,58.28
0b850781696042f7d33b6246dc49bd31,2,voucher,1,66.81
0a859572e5956923f4b083363aae7d7b,1,boleto,1,205.26
0066a1fdaee16ad5022c5ef979d0b661,1,credit_card,9,226.28
0084209c576daad6ff4534902fcb4892,1,credit_card,8,85.14
07808f3f87407774955a7ceb2f4fe5d2,1,credit_card,3,104.30
0820ec4a663815afde264b1f4cbfeccd,1,credit_card,1,152.31
0084e195fbd72ae51599af47f04afede,1,credit_card,1,113.03
01443cd06ea8bce82c554a46f307459f,1,credit_card,3,39.10
0330631bdb2ec8c341f487ed9c22fc8b,1,boleto,1,58.69
0247aa98317f60908e99f44e7a2a4896,1,boleto,1,135.08
0c9f9c0fc3c5d9e40e88bbb5910042bb,1,credit_card,1,57.99
055b200c986fe0efa2547b28241c3318,1,credit_card,2,122.49
01f74d38c7379a28cc0ac3d90e80c7ea,1,boleto,1,45.00
05a17f243132acec3b0146b1b9b77720,1,credit_card,3,130.77
0467205a89711e4ec8e70ef2277e3287,1,credit_card,1,118.83
031177de64d3bb73364a5f3306551105,1,credit_card,2,129.39
030475e22d114f70be1a265fee326192,1,credit_card,2,57.69
04e2943331164044ec43de08763717eb,1,credit_card,3,31.77
07664da4fa93862f7f2f3fd353b99e73,1,credit_card,3,149.14
01e84dcdea7f8180214c9cf9f058f0dc,1,boleto,1,61.00
0571cdb407bf04b419c94ffd7acbd874,1,boleto,1,22.55
0b8df9666ae41f9985a6f7d73047d62a,1,boleto,1,72.43
06c31507077733735c9c4593fec6e386,1,credit_card,1,94.30
00ba414462370af2d76195d12e0d5481,1,credit_card,3,39.09
0c139f0f63f0a404368637f931e98d01,1,credit_card,2,137.68
00fbcd8b120e5706c58b9d1a0026a7da,1,boleto,1,24.01
07a78584049fe9dca82ae7bf5717d8b9,1,credit_card,1,289.57
039dffcfcd2b5404d42beff4bbeff110,1,credit_card,9,111.89
00cfabbe2a93b70beeec4894f86712a8,1,boleto,1,45.10
0072847849eafe70995fa51a714c81ac,1,boleto,1,234.89
020f8f4df303ae8aa39b806b766d2681,1,credit_card,3,163.79
005cad6157eadc7f1f09917607f1704a,1,credit_card,2,110.84
09f2c6e797b432724b3a123f1ec897bb,1,credit_card,1,37.75
0148d3df00cebda592d4e5f966e300cc,1,credit_card,1,86.90
03e2511c3ad8af9188ef59218b1e8a2c,1,boleto,1,171.09
01f78824e3a8e474a36d8dfc2a2c35f4,1,credit_card,1,66.25
0a05e512c3e656802c930be4c1766c2a,1,credit_card,5,57.60
08bdbdeaf1626720051193300f93806e,1,credit_card,3,273.68
09c55723561623b19ad72cf0299d58bc,1,credit_card,10,224.84
013a98b3a668bcef05b98898177f6923,1,credit_card,3,198.70
0c94cc21548a77ceded09a70fdecc700,1,boleto,1,77.75
012a238ab54294a3b365812ccc82b135,1,credit_card,1,175.77
0a461e390d6d2280c86fa9a76b3a0e68,1,boleto,1,199.22
0972cd8199019b252faf977c4d3da6ea,1,credit_card,6,60.10
0850d4915a0e1d284feb7aeee9f88573,1,credit_card,1,57.99
07711b948fc93b9294d8b5832d0f0a83,1,boleto,1,112.83
0ba9cadd4c71572ad9f78e7d3967b323,1,credit_card,3,545.17
0b8c594f80a7db56ea4927af84e45203,1,boleto,1,63.64
01614e3e58906ab6c7e2f27e9b349f1a,1,boleto,1,61.99
02346f2f5b8930a992461a607bf6bf62,1,boleto,1,106.53
087f003cb486254f7454eead9265e992,1,credit_card,1,316.26
00b676b01c289cc661c6f7732492771a,1,credit_card,1,71.19
02ec4da9d03014f06d711d60eb37cc22,1,credit_card,2,29.11
063a0b076f63cb908176d8c1cc6ec049,1,credit_card,1,128.88
01156b662f3f47b249b5a8881d205f08,1,credit_card,1,43.00
0b0448ca144af06370f09b67224e0eec,1,boleto,1,54.51
0bc22eca7935c1cba82382e57d3e5ce6,1,credit_card,2,115.71
0c2145845231f6707fedad2baf767b41,1,credit_card,9,91.14
03e327642028582cff3316f1726a9f00,1,credit_card,6,65.10
02504308041b6ad0a112b2b7159439ed,1,boleto,1,399.58
0bd46f135d0346fb97b4901188374829,1,credit_card,4,348.80
04bf71feb2b6d5e4c9916677d56f6b80,1,boleto,1,83.73
0bfdd5142412ff5070415391f78d3cf9,1,credit_card,10,322.17
0246b043b8ae041912cc7651ceb1ba2f,1,credit_card,3,61.01
0ac320cb8bc861f5745b6406074d960a,1,credit_card,1,249.18
0b2e6b4673da2264a5318ef4abe1fd44,1,credit_card,2,76.15
0a32ad9d3be8a5b1ce582225aa1cd166,1,credit_card,4,41.59
0cbd0d96e2c18087121c68e209f4e8a3,1,debit_card,1,32.70
04836fc7917dc0bfcfbd4456ec4156ac,1,credit_card,3,158.77
05e756a9715655ae26d98822c44eac0e,1,credit_card,2,81.82
0756f4ba0fd88d3e50c7ae0d66edfb4c,1,credit_card,8,342.02
0bfef24c6be372da610fb6c17ca1dafc,1,credit_card,1,70.14
07441f525824bc6b31d4dc19c5d49fc9,1,credit_card,5,106.90
0c72cafc6d5d60d98d052051a2b028ad,1,credit_card,1,45.17
09bfe605baffbe939fb10d3e8936346e,1,boleto,1,43.00
08e33dc1bf04d3cbc2fb5e93fbfcd6c2,1,boleto,1,105.75
02a9c0d24428f373731752bcc9719ebe,1,credit_card,2,68.23
066bb47ddf11dd2a74faed2b3d4d53ea,1,credit_card,6,248.61
04107d105302558ebef9aa631b9bd13a,1,boleto,1,86.40
0ca8999f0176e37f35b6e49a9b2569da,1,credit_card,2,98.80
07b76b6fdc57b96ed6406457e05ddecb,1,credit_card,5,88.08
059cc0a6e41682f072113815225a5ff7,1,credit_card,1,60.08
0782e07a7692b86e29c3fcec805b3bfc,1,credit_card,10,1012.90
0b3580bfab9b4aa7c6b53769a4ee5189,1,boleto,1,227.27
0bcde0684eba5746bbb90d6d9089570a,1,credit_card,1,155.23
0ae6247166276150abcb71aaa91b0498,1,boleto,1,63.18
0b7808f7d1384e2ef75a3ea25df44bd4,1,credit_card,2,204.07
0214781b6f9215eb09fb1b78de35b07e,1,credit_card,3,118.83
027bc78621f14cf45a7ce8dd83bf6516,1,credit_card,2,144.72
0cb2b99573bb73a8e2228ffda426dd9f,1,credit_card,10,141.60
0a15572811e0bc23e2963de1cdf344f0,1,credit_card,1,103.13
0452166f3b0d8e378179ecea1efdfe05,1,credit_card,1,71.81
028587d8834cae89e572f1db671d0419,1,credit_card,4,123.47
03f0804333673c7f86f8d68acd97e57b,1,credit_card,5,64.00
073df773abf715c8e62c999668a9cc49,1,credit_card,6,417.46
064c48df7cb281b1f0f0cfcaa2a69662,1,credit_card,4,379.20
065c05543ebdfd79fb629b2b4a6ab904,1,credit_card,1,1.02
0b2ee90d3a8923635f74af64e78d2335,1,boleto,1,47.29
0040a56893444cb56cba7cfe2225e34e,1,credit_card,1,119.29
01255808a3d38a8dd69aa93265a4cb88,1,credit_card,10,519.16
0b8ecdf43368739829456740ed76b909,1,credit_card,1,76.76
02014f2495eef0e869616829d481d743,1,credit_card,6,1342.63
08763574782690116475ea62ffdecadb,1,credit_card,2,85.24
08445c33aae15e7639ae685a2763bf58,1,boleto,1,135.77
00ce92d57f4f9a112bdb8a2a283e5f97,1,credit_card,2,189.37
07b4f186d84795c78fcd70a18b36c256,1,boleto,1,65.43
06be68018b6226b425f2a633f053b282,1,credit_card,4,361.20
080d1460c228aebf236ed5800edce044,1,credit_card,3,115.35
03c16ffcf7b8792fa870d8cd7abc4b7f,1,credit_card,8,150.28
00685d31ae12e47470ba5c18ba74f22c,1,credit_card,7,75.17
00d88c00221ce96a1cfcaca9f2fceb3b,1,credit_card,1,347.56
09ced678dfa43843d2f38c410def94aa,1,credit_card,4,98.56
076d0f6917a8b9325bd7de62ef6c8c73,1,credit_card,2,118.88
026f3440c258a87c9f6fb9c8e1bbb6e7,1,boleto,1,47.71
003d804eef0e1b856881cd18e0cc0d4c,1,credit_card,3,312.74
012eab2625c5f8aaac6f37f2c19ef62f,1,credit_card,6,97.22
063de687a6d9389fb6f6934d19d447f8,1,credit_card,1,51.90
099c1abf14984c667bf8026fc23fb0ba,1,credit_card,3,35.00
09195dded6636223b79ba89aa778d5fb,1,credit_card,1,97.36
02d8088eb13e63f678999f21c72b0047,1,credit_card,1,53.98
070678021e2517b12a66622b99dca958,1,credit_card,4,43.62
0c9390d44c63041e5212e93ac2a5c930,1,credit_card,4,251.28
0cd10c551ff0a0d5c0e5839bfb766219,1,credit_card,1,61.74
08b1c04da876c66dc6f09acfd8d12f4d,1,credit_card,2,39.09
0c80c82bdef7f227e7483cdd3c94f697,2,voucher,1,42.72
091a28ca837aa39b709aa41c0ca3d24a,1,boleto,1,109.08
00c00d5b36157595e21108ba1da2828f,1,boleto,1,312.92
0044c6f6d22dd280534344177c81b989,1,credit_card,1,196.07
06f3401b97e4d89032cbd5ac7670247c,1,credit_card,3,171.62
03b769c4844b71608c388fcf6f4287d4,1,credit_card,1,45.76
0921c97280957af14f02d430cac48a5c,1,boleto,1,130.56
0cf00d58f941ec9b27dc839a9c6e91e4,1,credit_card,8,188.18
059162a0bf2726c87dd0359eef84c878,1,debit_card,1,1014.48
054042ab7dc07121b53acdbe6837a3ce,1,credit_card,4,48.08
03edbc910db946c979e09e67eb6a0d9f,1,boleto,1,103.98
066f62cf2a2ba7b1d0012bf6d4f5f0b3,1,debit_card,1,46.20
08090fccbb124a320054723db6201076,1,credit_card,1,35.00
010d15deea8cae96ae86ea8097917a17,1,credit_card,10,300.55
0a001a3fae4c5478fd40c669ab7c7f48,1,credit_card,6,64.22
063bbb83c80ba8c04934c9ff389be77a,1,credit_card,4,69.12
08e8db59cdb3cd620eda092781cf84ad,1,credit_card,1,163.60
0c7fc95baa5e16992ed412ccea7f28b3,1,boleto,1,113.17
016d1bdf6efab4f6b805df1c03043113,1,credit_card,6,71.05
0171ca1dc94d8ebde8bbd3b686f44c41,1,credit_card,4,84.32
058dbc6a010af0332e7515f383c02b5b,1,credit_card,10,101.25
008819c6d5f6da6fa5cd9d50ca927cf4,1,credit_card,2,62.65
05bfcf9e287cad216cadb8a850f8db5c,1,credit_card,8,534.98
0b05441635d9a251f9865b985bf985de,1,credit_card,1,260.36
00f5fbdc777e8198c1ee008122e28ae3,1,credit_card,5,221.07
054db90b78e9a5af5983855572b4e6d8,1,credit_card,1,170.82
09476766faf9215ae60de94d7c259801,1,credit_card,3,94.48
079f102825b0dc326dd6cb10f33eeb21,1,credit_card,8,779.98
06875ab72c5b9bb2eb303a70031bfeb0,3,voucher,1,22.68
01e9b3d727e46edf036b0bd549c38bb4,1,credit_card,1,116.36
082d1a4833001c9e4d9a97109ea180d6,1,credit_card,2,264.67
0ad02b6f33a90fe5d09e0b416287857f,1,credit_card,6,139.01
02fc75303e2529f036cb819168fa21a0,1,credit_card,3,68.45
01b6d15407d425529cbf0ec96258cb84,1,debit_card,1,42.78
09fa09eaa76c4a81cfed79f5d5eb6cf0,1,credit_card,10,201.16
013037c3f1773cc8fdbaf8ff54d8013b,2,voucher,1,22.93
00e0bac9f6306d8269770acf4ee4b027,1,boleto,1,94.30
091e624f9b7253204dee183a89950a4a,1,credit_card,3,149.05
096ed3a5b211031b766db9362e5b5acf,1,credit_card,2,113.91
0bbb3f7791a87d0307555e57da3a1ff1,5,voucher,1,2.58
0a54256bfd2401d553f81d8e37e5305d,1,credit_card,1,108.53
0bb9b595a2eb418ccff2dc89ff7cc58f,1,credit_card,1,132.05
022c0ddf029d7d3ba3d83bd524805629,1,debit_card,1,105.66
008a40c2b8b21893e04945ce58854b55,1,credit_card,2,112.00
09da806d72011e816e9242e6d24164eb,1,credit_card,1,38.38
0899b756a6357ed330e0620ad548d70d,1,credit_card,10,127.63
0a3c7a080b1152884a662e6da68906e7,1,credit_card,4,40.85
0394e320572c0048e41267320a28270e,1,boleto,1,141.30
0032d07457ae9c806c79368d7d9ce96b,1,credit_card,2,186.19
0b5130f1658aa7b154635cd0c097bd4c,1,credit_card,4,206.98
05fcebb08e5f6447834c6593dcec9c81,1,credit_card,10,308.43
08202fbf5047a2f85a0983ac291a69fb,1,credit_card,1,141.28
08f77a9d173ce275845e91e81500838c,1,credit_card,1,29.08
0a4a2fccb27bd83a892fa503987a595b,1,credit_card,5,63.34
09e0e42eda6d72e0bd2a2e232d1c78b2,1,credit_card,1,1.18
04b9ffa87087a2450449da3911146316,1,credit_card,1,69.22
0509b3b20635c8d54544dc048d95318b,1,credit_card,4,43.27
0743d4433cd56bbd7b36287a05f94e10,1,boleto,1,123.22
0bd6ba2a0ad5458f31a20239363b2e00,1,credit_card,4,103.55
068687bed88cddd9705b861e5ff18fec,1,boleto,1,98.97
0526ac4e6b594d943d1865fcbbe8047c,1,credit_card,10,105.28
0691511b757c6190f85d5c20481ddae1,1,credit_card,2,217.52
068b7fef63e846d22b1080f9c99f2bd4,1,credit_card,6,150.15
047d317db3c34ff477eee816660e44f0,1,boleto,1,147.34
08030370edeb35f2f91b73f09f76a49b,1,credit_card,7,347.31
035518626172ac1884aa3825eb7d1379,1,credit_card,1,72.14
072500f428180f8c177181dd1e027d5b,1,debit_card,1,87.77
0b77e4a3c5557d452990e1cd1136f0b5,1,boleto,1,72.93
085b1f163267ab9db88bb6b4145e0df7,2,voucher,1,242.95
02e20d5cc0d1df880e43ab3ed50a238b,1,credit_card,3,144.50
05c7d88e9c05e1fa1428f1ff2dcc29da,1,credit_card,4,144.94
03dffd456132253d009d20fc4a228c9b,1,credit_card,1,20.38
0b6626697a43f34edff9135fdd0a564c,1,boleto,1,29.09
0c35edbaa0be6feafb77f2846a3750fa,1,credit_card,5,56.78
0a2de98201596f294c0d11b01a0100a7,1,credit_card,6,318.97
04ffe2f01e4967bb8dd86f8d1db29d89,1,boleto,1,771.88
04f5536db820c4ea1450c353f92d5de5,1,credit_card,1,21.97
08b57d9de8bb87cfd045a7bc735ba831,1,credit_card,10,793.27
08cae26133a5501cdf7b13db6bcf39e6,1,credit_card,1,81.22
037f15d346c870059c0e6f4275a01206,1,credit_card,4,110.19
030840d9a6c8137615d5a2c916667c2c,1,credit_card,2,73.36
00f9b6769c6648ac08bf43081d1f2b07,1,credit_card,2,89.61
02346fd715e28d8e4fdb6893cd121f71,1,credit_card,1,163.65
03ab852861cd75d0a9225c92a3354a3a,1,credit_card,6,123.06
0b3348cfaae0bca40b23a36b64c7b941,1,credit_card,1,59.46
0ac7165ffdfae2004f48cf07156a3644,1,credit_card,8,278.37
0a131976e98291762104959158e2bdc6,1,credit_card,4,665.44
00a13ab02fbe82f78cd84f14e41564ed,1,credit_card,1,168.35
0179a3003c894f1dd3b1ddda5d1f8a12,1,boleto,1,197.47
076e78b027f88320defc1d6ab23d6793,1,credit_card,1,94.74
0bc71f9d1d261859e298454e14b3775d,1,boleto,1,27.09
04db86e3493b3724ac4bd3c9a397e23c,1,boleto,1,122.25
063f6b61015cb748333bd76ef0deac47,1,credit_card,3,89.05
093a09a0bc3967dca46180c7bfe3aa29,1,credit_card,1,64.87
0916594b6973230f69379f83d3bac036,1,credit_card,1,29.09
0cbd2aa629e9ecbbcf518a10e247414f,1,debit_card,1,365.10
0b7ed5e5b6354118fdeec73b9f9fd8a9,2,credit_card,3,161.54
0bf5f8d1827bd25b377ffbe375420463,1,credit_card,5,56.11
01ba9a2e5dcc1568b55695106d677b0c,1,credit_card,2,138.62
08cd96d5c09ad751d2c4ffd556f96c31,2,voucher,1,18.12
027ae252d37e5527c2e109e268b222e2,1,credit_card,1,68.37
0ad9d4e4f4c9746b59ddb9c18d30d241,1,credit_card,1,151.42
004b62108b876867938746ad3154167f,1,boleto,1,118.35
0adb50a218c2b7e86f14120be935b949,1,credit_card,1,378.02
0cf4406688aab4ea5593cc48304e8887,1,boleto,1,32.43
09ebfabd9f6552771f5d90e099fa0738,1,credit_card,2,27.07
0cc217cdcf3d4c3aec8a027679e21f89,1,credit_card,1,109.24
0bc39bd28c890bfc209ed033de71bbd4,1,credit_card,4,183.63
0882461df7b87e99ede0ca735cf32e00,1,credit_card,8,477.69
0b8dbb26699a171be239666299d2174f,1,credit_card,5,68.70
057e5b8975ad03882989369de7b803ff,1,boleto,1,82.50
0944dd6401b58739dc030557fb149b25,1,debit_card,1,62.00
0aaa175985080e11c7a94a84620d4016,1,credit_card,1,37.79
0a7888b4a8bdf63a03f4e7db63a6fc59,1,credit_card,2,85.60
01c26a0b2736899633cfd6a3c1749428,1,credit_card,3,71.80
00c95282163553a982f38481f9488481,2,voucher,1,20.00
04dfcefdc5881bd3db8f516999a758af,1,credit_card,8,137.63
082a40b17edc8dee91ba95b20b555815,1,credit_card,4,138.24
09ff646bb8e18894b907e5b76f5fca59,1,credit_card,2,64.51
03604d9c184f9290e997c49fb585b2b5,2,voucher,1,339.29
0c23622888d617e198e3098806d986a3,1,credit_card,2,28.42
08ee999a47fad7aab826e8604eff09a1,2,voucher,1,100.00
089fd8829f0bd7f98a1b98614c835dec,1,boleto,1,87.64
0b7faa591b1acf3fa59f5297017b3058,1,boleto,1,96.62
06b39bf7a5569f632e2ba8b3bb03498f,1,credit_card,2,178.69
0cb752bde20054fcde65c16163ab64b9,1,credit_card,1,117.23
052bc85c00310b85dc5b3cae2d25aebb,1,credit_card,3,153.10
0c489872e351bedd37f08d3d940806d3,1,credit_card,2,67.77
01b6bbf0a9ac5d54dfebb11ddcd8fa8e,1,credit_card,1,64.77
031e7d4e559a1bf08e71a419aa998d0a,1,voucher,1,98.51
0b43acd81f6d3f30136133517a13b72f,1,credit_card,3,142.14
0b09c5e4c2512f627190ac55a78c35a3,1,boleto,1,46.13
0cc25005d4c6ad2b8ca080644cee93d8,1,boleto,1,35.77
024d56279184e5cb942d9abf28fc14e6,1,credit_card,4,97.21
0b6e75056fea21ce5208e0a4d56a058f,1,credit_card,3,56.63
00259a44fcad3fc0474329e925d14fc3,1,credit_card,1,34.09
0cee2d1291e4f4af44e64ffa455e15de,1,boleto,1,53.27
031cf625cad56f5761e51c2675f0c0ae,1,credit_card,6,81.88
075b7434a196cea1b664c1446bee2ff7,1,credit_card,1,65.99
0bbb3f7791a87d0307555e57da3a1ff1,8,voucher,1,1.88
021363783b521e9813dd62bbcb77d1dd,1,credit_card,10,579.35
0b50feddfae831cc657a703f9d929025,1,credit_card,1,131.08
06a02b60d897c8f12fb3287e9de120e3,1,credit_card,1,83.56
086700af881b71e5ef67cfc7ecf4a7a9,1,boleto,1,147.78
023669233121f0fb7899e5be2b22885f,1,boleto,1,318.36
055881c8e807f4d1147c2f075d51d604,1,credit_card,2,48.19
0572c996d9b4a7645bb071a158a64bbb,2,voucher,1,120.81
00eef7fe9e315a85d1a61a50cccb2494,1,credit_card,1,63.27
0b47f5e9432bd433f8c5cf64e60e6e5f,4,voucher,1,20.00
05c12734a5d14a9b9528b3eb84f30e50,1,credit_card,1,24.69
07e5349fe32847b4bc266836cda0705c,1,credit_card,4,87.72
032c9c5e050a01a77c20be3989064308,1,credit_card,1,50.09
07f770114a6de1a65f865bf22d8bb20a,1,credit_card,7,76.92
03e53afdd1e98f83636c3fd14562c7ab,1,boleto,1,35.11
03c6017ed63622d5a2ddd03fd0b1fee7,1,credit_card,1,81.21
04a38c066d7f34688a58ac150102619e,1,credit_card,1,37.77
0a65d1c730fc9bce9b5d353ff4f81bbe,1,credit_card,2,105.18
04105b54650921ca3246f52e6f175f46,1,credit_card,5,69.90
0124e0c5bfae1979838a91e47df53f14,1,credit_card,1,62.38
02447024ad7cd72fab1af9b28bebb901,1,credit_card,1,85.52
04584330f2068c5aa42306130a5ae0e5,1,credit_card,3,37.77
08733fad8b29896d4920d381cd3f7cf1,1,boleto,1,70.14
08fa07327488ff39829511ce36ed3e32,1,credit_card,4,87.64
0a06a0fe44df214d7b351f21a1bb31aa,1,credit_card,5,56.39
010fadb12341d8253d920362fc8f7a16,1,credit_card,1,54.00
0ab49faaefb509c82d19a0d26239a4e3,1,credit_card,10,188.01
04d3e9115c05c6494aa7c1063f96db5e,2,voucher,1,73.50
009ac365164f8e06f59d18a08045f6c4,3,voucher,1,8.25
0708e6a0b38282fbfed40eccdaa4a597,1,boleto,1,58.13
0b5cd7d1cb05a215bfb3aafadaab5a1c,1,credit_card,3,34.34
0438fc3e115633e11a93c878a1591016,1,credit_card,3,264.22
01b37f50cf3098b3dd9d0450a188348c,1,boleto,1,87.18
03cf8d977a18ea1308ec10c0f7de2f4e,1,credit_card,8,186.39
077a77e315e3b317121a0af9962e122b,2,voucher,1,50.00
00df27e666004db9f14bce766fa5327c,1,credit_card,2,203.67
05fd18ef3ce628a45cd42bb394ff081b,1,credit_card,4,52.38
0989d111cfe79cf0bbdea443f1caf9b7,1,boleto,1,209.38
090d23542dd542b9a9e25fa9d5d9e528,1,credit_card,8,408.97
00f33ee62c15223679d3550e751c37cd,1,credit_card,5,54.61
0b888bf3da7f8e0586d742ecbff15fd0,1,credit_card,4,99.16
031f32fc546699a954d6d89cfe9ca029,1,credit_card,1,25.38
09eedce5add123a462c46a3e0ade2dd9,1,credit_card,5,128.15
061b13cf87863db16e1a03178285ecfe,1,voucher,1,50.00
04689f2d82bbf4efb4cd3300961d4211,1,credit_card,4,95.21
0b0b4cbb5b4eb45bad5bb031b56ea1e1,1,credit_card,8,242.22
05a4879e7e161809c8bf4d8171b0c670,1,credit_card,3,147.16
07120a6d39e99f6aec742cfa39ab4cac,1,voucher,1,121.39
06bb67936cfa5ac3f449e4f6733de4b1,1,voucher,1,20.00
074fe9591f975471a7aad1d0d6ff6db0,1,credit_card,7,195.91
0b30e59b6e985ef789c83d08753d59aa,1,credit_card,5,114.33
09d49d145e25e27490765a4085a8e720,1,boleto,1,205.28
08448f27d81d804598569621e1fb1d8e,1,boleto,1,65.71
024d4ef645f204e4f95cb2a0d9cc61f9,1,boleto,1,146.30
0965b209e76b9ac20f7dc673c735ade3,1,boleto,1,137.60
0985a44f5d8e8bf1d6a48717584cec06,1,credit_card,3,54.73
0517edc6ddee491e072a844bfbb54c86,1,boleto,1,47.87
0406b335284c621b052c06d972ab7626,1,credit_card,2,187.19
06c4d1be000d2b0d30d56ff06dab667d,1,credit_card,3,31.43
053060b606af02b5ea4b079dd492ec5b,1,credit_card,2,61.30
002f98c0f7efd42638ed6100ca699b42,1,credit_card,9,93.62
045797b656bf633566b0bcff412442a3,1,credit_card,2,191.68
097b96a18f0058373d0f5e3041a27f0a,1,boleto,1,74.63
04d7676ae07d3a61604185998b0d51d9,1,boleto,1,187.43
07b3fa22681348d67c91811d31b60e69,1,credit_card,1,58.62
04ac671da9c58d9111811d06df6d2513,1,credit_card,1,67.36
01a9d731c0f08f4f79c10b7679dcdebf,1,credit_card,1,54.37
032445a7ba9d6dc90dfc011a48e5c954,1,boleto,1,142.31
02e3d94731a28fe10ec1aa91b72b544b,1,credit_card,3,43.22
07d9d11b0175952638ddd53d7855f8a7,1,credit_card,1,87.00
0a5d7e24850c68bf00d39bd62a9a45ee,1,credit_card,1,80.25
038862523957395d9316afa8b8b70976,1,boleto,1,197.51
0866001f9f2ff47df177b77ce6abecd4,1,credit_card,2,64.91
05692a713a2d25d85ac77a607b7db643,1,credit_card,1,32.77
0b32bf55276b5feb681f6ed6fd670692,1,credit_card,1,57.86
0611e51b65ca1c2274c5a2463141dcb6,1,credit_card,9,466.81
0b365bbd59e2f75bea276c81bb916dcb,2,voucher,1,19.51
05529f3e7ed5cd4214281f2bf60e89d6,1,credit_card,4,90.58
0514e4dbba025db4265c73bfb7371261,1,credit_card,1,59.06
016f868b096c236312e8bcb818ccd11d,1,credit_card,1,37.77
08ea1bc252569389d95f453e057ff092,1,credit_card,8,397.30
0a814d38aa19654a3f35654847ba74b1,1,boleto,1,184.89
010a35dc7fc3808a03d243d2fd8c6e35,1,debit_card,1,132.05
02f1d13053a2833d022b8921ee3411a3,1,credit_card,1,94.71
01eb154e5aa06eaf50851577302a04a5,1,credit_card,1,63.64
07083f97580544bb7ba3372759150f49,1,credit_card,2,35.81
027042c68ea5fac4428694e17ac50538,1,credit_card,1,42.69
01b703d8365608f2b01ed9c076d0b3dc,1,credit_card,1,59.24
002955b0acc63d04f6724a31967e82bd,1,credit_card,1,135.59
035c0a7b70aeddb6865a1faa3ecd1cef,1,boleto,1,32.77
086cb9cd0cf7067d77fe09f31620a52b,1,voucher,1,62.39
09e04558408bf0fe846b66132dc5d64a,1,credit_card,1,95.51
02748e01a6356d0e5072ac06f4dd0bc4,1,credit_card,5,116.97
07f375fa02d74b14cf7562276d6932f1,1,credit_card,2,94.76
04378b376807e5fbc797362f9e06ea2d,1,credit_card,1,45.23
05c8ada178f3ab074886530731749bd5,1,credit_card,8,198.83
041d7e3625568f4f949823fe46818852,1,credit_card,3,61.75
0c484845a32b2d44b9857ab5c1956b99,1,credit_card,1,200.82
033a7061d514534d3459c3f1f06fe341,2,voucher,1,30.00
040b9db3ba0a38c2c2b139d6604576c8,1,credit_card,1,78.64
00fed9e582d5a3e38566872eec164ac6,1,credit_card,8,412.18
052a77ba9184a29a1a99c4129ec14c74,1,boleto,1,57.60
0cd60792eb628e2fe7f77456cc67c4db,1,credit_card,1,217.10
0ba01684638233b0955369c3ccbdb414,1,boleto,1,149.29
03af220bbd928b7dac065e6febed1c5e,1,credit_card,2,143.02
0bbaf543aa84dd90baa21ed685d72605,1,credit_card,1,30.00
0847e79b172a265faa7bd23222c56222,1,credit_card,2,63.44
048741d7885a7fded1de887eb956fff3,1,credit_card,2,158.60
03350e641d4d30d50b38c2e3030cd394,1,credit_card,3,153.96
0260b4ed1d24feacffa9d9783016a467,1,credit_card,1,75.53
0276bd1aea24c642af813980281af144,1,boleto,1,179.48
083a0434b4fe46096d27412266b29d36,1,credit_card,1,89.26
044d94a4ac73b24fe28ff5293ac35bd8,1,credit_card,5,65.53
055d978254ef5cedea2b841646d888f1,1,credit_card,6,70.72
008720830a8a30e39e6f22f81818a141,1,credit_card,1,69.72
0ab0adc81c98426d2cde86ab2ba52bc3,1,credit_card,3,64.42
03e4b19921428d651853f2935176e951,1,credit_card,2,63.27
07d15c4a386205b033ba176848387b08,1,boleto,1,67.36
0905f7137e1f4f12a50086594c3a3eba,1,credit_card,8,232.14
03d08548bb620e09cd4821b96f12a1e6,1,credit_card,1,32.69
000c3e6612759851cc3cbb4b83257986,1,boleto,1,112.71
06ecfa8dfae87263e05d953aa561603d,1,credit_card,13,131.46
0542a77eb7f00f9ed2f08c1dba22a43c,1,boleto,1,27.60
0b5754bbc86b2ff33bba8be1cab6c230,1,credit_card,2,71.83
0207f5a2635f4e2d29acd00fc01a36ba,1,credit_card,1,71.82
04abf2d38859e6dfcfda69ed28a10aff,1,credit_card,2,48.28
0b27e5029dd7bd0891b5da96fa33a93b,2,voucher,1,20.00
024bee763e8abbf0cd46fa7f440c41ea,1,debit_card,1,88.18
04993613aee4046caf92ea17b316dcfb,1,boleto,1,524.28
07efb6b65a21feb31a7567eb0dbd2476,2,voucher,1,50.00
09d048d5bfb9dd1a82f696ce9863e9b0,2,voucher,1,100.00
0645ff0009ebb4d475c7e9d30520dd21,1,credit_card,1,52.38
02cb7027f3074adf1407706d712298f7,1,credit_card,3,159.57
082c30f193b1a499078fafbfa3a2d6a7,1,credit_card,2,286.64
059b6e617cb9675ad8bc74b7aa750e7d,1,credit_card,2,39.42
04304d72305054a178c81ab24c4d2d68,1,credit_card,3,186.03
098f664519835e5af0a1f20f4d778fdf,1,credit_card,8,913.70
00ae7a8b4936674ebb701d4a23719a79,1,credit_card,1,37.16
0bc2f31a926a812c0002115befdfdebe,1,credit_card,3,162.42
0a5235f11c613716411d3a631d55fc60,1,credit_card,1,128.59
0a979eab29ef830d6363887a00907fb3,1,boleto,1,93.60
0a6941f89f53dc1f622f877b23601ed7,1,credit_card,4,45.08
0858bbf6d922af574797281c8df8de5c,1,boleto,1,47.44
0c9c4a61bb41aa0184a25922a829bd51,1,credit_card,1,125.15
0b50495c5cfeda8c9d7abfe80aea74e4,2,voucher,1,100.00
066e2edfc5e388bb574fda4a61911b9c,1,credit_card,1,67.49
077d6b93c4e88d06b124cf24fb67a28e,6,voucher,1,25.73
06c94a45382f44abb2968a87bcee9bcf,1,credit_card,1,137.60
0b36b5725c37564b933ec5845f63b635,1,boleto,1,145.58
0bf20dbe580a4ca2a717523e7bf6c610,1,credit_card,2,46.78
077d6b93c4e88d06b124cf24fb67a28e,4,voucher,1,7.70
0ba1fcf42e40850f464b8ca9b0b5e9fb,1,credit_card,1,98.81
0505a29e827a4c609b3fd250c0313bef,1,boleto,1,142.66
0756fac8c4aef0446002871923cc6b8f,1,credit_card,2,38.00
0718634f87a84ae0468224ecca3584d1,1,credit_card,10,157.10
03344155603005842bd94ce8d65f2607,1,credit_card,6,148.33
041fd411ba3cebfe101d1dadc0666ce6,1,credit_card,2,145.58
0b137ac032763829e728afcfee3ac3f2,1,credit_card,8,189.26
0132fef017ccf586491ca3685de667df,1,credit_card,1,76.87
04fecddbcf23f16238f35a21291ab7d0,1,credit_card,3,168.57
0067c6030d65af0ff98790158ddb0020,1,credit_card,1,54.06
02bfd16c1a67263989b258fa92e20d3b,1,credit_card,3,90.89
04b21593198275390ded3d92c6d9fd6a,1,credit_card,5,555.09
07bebda8aee4b9a600d9c2c1a73f93a5,1,credit_card,1,80.89
07e481567db300783aa22d7cd202f1b8,1,credit_card,3,427.10
084644a489ac88b4ca68d2aa3dc91292,1,boleto,1,106.62
0cbd2fb0c897c82c6b348a62de100f4e,1,debit_card,1,148.53
06d6b5a626ba890f56dae296e1384f75,1,credit_card,5,165.80
052523fd2c735b15cb107afc0a413bc2,1,credit_card,5,56.50
0891b66cbcc48cf64f31ae9cae3d08d8,1,credit_card,10,317.90
09c29dc1d814f755a8183dc859945531,1,credit_card,6,141.33
029f37989dcd7c9b928028086d68034b,1,credit_card,2,86.15
040f27ad597191f7832612a806fa682f,1,boleto,1,36.35
0cb25b24a27e27dd18273360995e99f4,1,credit_card,2,27.30
098a986ddd350e605574040b04554267,1,credit_card,2,295.52
00c405bd71187154a7846862f585a9d4,4,voucher,1,0.25
05f44408d29a64126c4abc87d2b2b038,1,credit_card,3,103.83
0cb34be1b04ffaf4d4ad9cd5f4195855,1,boleto,1,132.05
0216b8a71f44f126ac083fa5d639fe47,1,credit_card,1,77.53
0930362b6f24dc06ace9869ac3d05a72,1,credit_card,5,112.99
0412781fb7b094ddbd06503035a2964c,1,credit_card,2,103.93
08f33b9700f597f74ec8fc4f1d56eda7,1,credit_card,8,107.30
059f8a8f4a2c52a1969278f9f484fca6,1,debit_card,1,70.41
03fd1ecfbee7068edda48a4ad8b838e1,1,credit_card,3,109.72
088f6cd16a7a4bb22e9ab6dc417739c3,1,credit_card,8,535.99
070d6fe21e7d454b11f1cb27ca2c15c0,1,voucher,1,89.46
008dd5e80ebf8f849aa0c5bf4e22ce7a,1,boleto,1,207.74
0cedce314f08f29c07de4eff348e16bc,1,credit_card,2,283.57
078631b9a61981e46492905d792730c2,1,boleto,1,58.14
070f721954fa2416856b2b30e3c3c341,1,boleto,1,219.03
09d8753e77ffa5e71ba4137166a3b6ad,1,credit_card,2,453.50
01ec6affa239058ac384542eb9f6920c,1,credit_card,2,133.12
0c61d8257611b6d6465f9c8ec5674b0a,1,credit_card,5,137.24
0c532a9c46c5090a74edf2c28388699a,1,boleto,1,805.75
01b94d6940365deb1eedb643ba43114a,1,boleto,1,162.82
00f1c7c1542f5f86c3091749d9e939d8,1,boleto,1,101.34
04c83c77d062fd72d8f1ebb7f9c1a1a3,1,credit_card,1,45.07
0544d7932387565226ae96a9ec8c03c8,1,credit_card,1,164.79
08d70627d548cd883ac394cc5da92d87,1,credit_card,1,2.00
07860da7c16265a28de8c2b2e9f4552b,1,credit_card,1,87.77
03e69d6af27047bf2721b317c321356e,1,credit_card,2,47.75
055b1b19fcb7ec836c23f44053344b20,1,boleto,1,41.06
07adbbb19edf0b09473e75febe708354,1,credit_card,2,34.51
035da499656c96f8f1cf920dd57ddc49,1,credit_card,1,67.02
028aa70283170bf3cbfdce2c1b751cfa,1,credit_card,1,84.14
0acba0d89b659e968c61996fce491be6,1,boleto,1,70.53
03cfff56e65677083384243927b9915f,1,credit_card,3,245.68
006e05e81c068ddc38e48ebe189b922e,1,credit_card,1,43.10
00f9b0236a85fb8a06fbd9b9c53fddd8,1,credit_card,6,166.62
093fb737d1bbfe9d3794b96acf28d546,1,credit_card,3,92.78
0b6ea9219b1603082ec87a9842e8e017,1,boleto,1,241.37
04031be66943a9c385ff683fcc99d288,1,credit_card,7,124.42
01fe473278bb7522f081c21ee8e4cbd4,1,boleto,1,119.18
0af28d87520565eb3b57c9b2abe1a2cc,1,credit_card,4,3126.50
097941e2db84b005d04de9e867674226,1,credit_card,10,171.32
01cec5c50d2d0e069a3227efba9f16f7,1,credit_card,1,88.26
06544096bb7077c0f701d0d6f660e11f,1,credit_card,9,95.33
0bf738ff836108e7a308061b6d77342d,1,credit_card,2,64.22
0152f10d04554388634b75f079f069fc,1,credit_card,8,647.54
0a76ae785560c5882874b2738c60d958,1,boleto,1,25.85
03a0133b4a72f7ca0affd3ecbc9b43f4,1,credit_card,8,307.16
04a18000a647d0f0f842ca489dd4a464,1,credit_card,5,147.56
0691840826e5dce3ddfb305ab26bcfab,1,credit_card,4,101.19
056a21113c096b87e87743862452a7d3,1,credit_card,4,43.27
0cc7bb57999d251da473822051388086,1,credit_card,1,52.57
00b2d2f2b5f7b98e6b1828764660134e,1,credit_card,4,159.69
08b4c64d698b84d3446b4198b9f27ef2,1,credit_card,3,158.33
0a31cde0de75146ec6aa043161f74cf3,1,credit_card,1,288.08
06bcb1eee2b6edb6351525274d3246f3,1,credit_card,8,89.38
041d5ff28cb7d9b107b7461064dd40e2,1,credit_card,5,177.20
05a6f444527fc90e28da6088b1707b20,1,credit_card,1,98.56
0983f1f175846f974bff91862731fa68,1,credit_card,3,110.55
0cdbe13c72545beca47c7843784129b4,1,credit_card,7,76.65
079aa97bd14929502e11d87d14790792,1,credit_card,6,164.12
09c103240d66c0e0d945071a9518d6ee,1,credit_card,6,124.84
08322b6d209359f491acb1e5f89cb371,1,boleto,1,306.72
00bc78808b22918a467b2fa4b8ef5d68,1,credit_card,8,84.69
0658b7d98d204e0beefedd5e8c0fad45,2,voucher,1,29.30
010061e3aa0c6ed5e393dda0652bbee8,1,boleto,1,309.29
004ca5ae248069d68e8594df8abf6ce0,1,credit_card,4,221.08
0ae9d5632892fb8b10c6705633f72d2c,1,credit_card,8,137.90
0ccd1517dd0bbe6fd30dfb1dc40a0133,1,credit_card,1,60.05
0474da9403011efc4abd2bf594e9b68b,1,credit_card,7,175.41
07e2767fa261c1d690924d6d3baa379f,1,credit_card,5,732.68
00e5b655df1cc911466758210325c67c,1,credit_card,1,113.50
01a26a995dcef1d58bdee5b8862c7a02,1,credit_card,4,314.34
09859a28d56f326d009da66f7d02e99d,1,credit_card,1,362.26
0af93579d0c0b252568071928b2ad465,1,boleto,1,57.50
0680b3722414028009984ae5c04c5df0,1,credit_card,2,229.72
03c6fd082fce47bdd5e0dc1f81a9626f,1,credit_card,3,98.34
0572a001d46280ab9ab95964665ff768,1,credit_card,1,65.53
05be03ef1c99159686f59d8a51dd17f9,1,credit_card,5,65.69
06875ab72c5b9bb2eb303a70031bfeb0,1,credit_card,1,2.32
016dee69b3de35a39bfccee5309307c3,1,credit_card,1,62.19
049b358d74d74c40f7305eb4a4bc378e,1,credit_card,2,95.34
026054570865201773b27b2748af1217,1,credit_card,1,35.00
08fcde049d3ee404c83e486f4822a78e,1,credit_card,5,109.64
0bec9641279215e466966512f6b444cb,1,voucher,1,365.32
0953ccb40a8fb30d5fd5ce0c06bbf4ad,1,credit_card,1,100.34
0a2820ea58a627b97ba956f38567cae8,1,boleto,1,63.89
01d95eed9163a292a6788ddac08bcf31,1,boleto,1,45.01
065c76c0f11720ac66d53d0903f762b6,1,credit_card,2,255.87
0c0a67b96b88d50a44c1cf028cda65a5,1,boleto,1,27.36
055e6f9e14ac5805a9bcb99a480daeb1,1,credit_card,2,95.02
0874cc8e3901cd3d61e47bd8041c2e8d,1,credit_card,4,217.53
0933defa4766a375397a4b9c9eaec017,1,credit_card,1,102.35
038297c93a230b204ceeca7e2720b464,1,boleto,1,44.09
0735913c4b3a961b5988041799a7543e,1,credit_card,1,0.54
097d716d21f2b46bb265aacacb716dc8,1,credit_card,6,74.18
01ed8d522a969ceeb6ba285a161bf4c9,1,credit_card,3,67.22
0c922ae7c3b6cb7d848150c80121bc1b,1,boleto,1,50.95
086cb9cd0cf7067d77fe09f31620a52b,4,voucher,1,40.48
006dd93155bc2abd844cc5eed3a0fe7f,1,credit_card,3,57.68
07f6c3baf9ac86865b60f640c4f923c6,1,credit_card,4,49.40
0a20452461e34d59bfd981e9e06fe988,1,credit_card,4,49.74
039ff75de38e514eaa8ffb2618d5227e,1,credit_card,8,84.12
0810ae0fa88d7880bf3d2fa5fa172f60,1,credit_card,4,177.36
027a84a16c22c706669f35d578853f3e,1,credit_card,5,78.20
010efe60bdadc9261d1902f3c1dda5f3,1,credit_card,1,128.65
045524a5ae6c874b746523a6fd79f4f9,1,credit_card,1,126.03
00130c0eee84a3d909e75bc08c5c3ca1,1,boleto,1,35.84
054c0efb53bb68011a58b28d34cf04a3,1,credit_card,1,125.21
0b7acd2a88da22f2cf5365bff495f1e6,1,credit_card,10,166.68
06a84b737d3839803dfc2e1a7e740d2c,1,boleto,1,109.50
0a4105b08aba021f690e79d8b9810885,1,credit_card,2,138.06
05d30aafa32e3fedf6eafb2e75648eec,1,credit_card,1,189.06
06837ea96cf92f33a18a1f2c84c540c6,1,credit_card,10,238.15
07e85d403be2aca377eebdf6581323fc,1,credit_card,10,520.02
04ffb64e3f80d17e95e1934561c8f64a,1,boleto,1,188.34
06b54aee2ec1ca4bd7a460c7d256cce1,1,credit_card,1,55.53
04749a8c0b72cda9ebbd79d27a0d1e40,1,credit_card,4,232.43
0c349a33319c2d39efe799b472d71e7d,1,credit_card,4,47.30
049f68d642ed97629f4f13966b3082af,1,boleto,1,135.51
017c16deefc1868a33a5966485ea4721,1,credit_card,2,251.29
0b8bb51ed8b0431e4783fde5550895c2,1,boleto,1,121.09
020500486b7211f5ef873ba8ffd58cd0,1,credit_card,2,58.37
03c7d8b2c13e98ae77a8167d1a8be2bf,1,credit_card,3,366.85
08b986f813ffdc9e5872992aaabf796f,1,credit_card,10,1944.86
02b63408e665194f2794a94576001e56,1,credit_card,1,239.75
0091a677651feaf5a08d7bb147681e14,1,credit_card,1,45.53
041bceeb0d1b95b5079ffb1ba84a779d,1,credit_card,2,135.64
08c94cca559ddccd243fc551e088b856,1,credit_card,4,40.06
0c70293ae727a4e81099ec24e6190342,1,credit_card,1,74.51
032ba6b521e033ef4b05f4bbb4e30100,1,credit_card,2,64.23
022e89c60857b5c81788e7e09d04b3ef,1,boleto,1,43.61
03abe0f86b91213bd62793ca180b232d,1,credit_card,2,92.30
06369aa3e6e8c6d52a7df6a2cd76cb1b,1,credit_card,3,104.12
04453a84ff0126fdc05079cf18a34890,1,boleto,1,114.81
0679f01b97036fd74d1ee72a23c45426,1,credit_card,2,128.88
0671b2e93cae091a55f24e5b33705550,1,boleto,1,58.79
00ceda91cb2ded8570ca73e70571740a,1,debit_card,1,34.00
02ebcb8b63b7e61be9514866e432d1d8,1,credit_card,4,173.27
030e9e4de3076fb365bf6549b920215a,1,credit_card,7,76.94
038b8c914a94247880b6a34413e74a34,1,voucher,1,33.13
07dee0f0916a444098de4beea749c5e5,1,credit_card,6,151.77
0be10063ab25316efa10537954a8c7b5,1,credit_card,1,39.85
0528d983de4118f6b36d55e407d24f94,1,credit_card,4,84.79
0097aafe2a01dd54e39888976160c377,1,boleto,1,70.59
06ae7271902bbb087fc093137fee6e81,1,boleto,1,96.80
0b8558ffb8ef05e5abef8d7bf4a95884,1,credit_card,1,89.25
08d61eb463e165c095e7de595a773d90,1,credit_card,2,164.07
077934ed5527f66c12ae98ad498190e1,1,boleto,1,123.99
0686d4f89fdf2b3625aa705b7ed7ac95,1,credit_card,1,74.41
0bb931d01ae91d63c98608e9125c1c1d,1,credit_card,8,338.64
067d7f81fe42137dd925344dceb47d20,1,credit_card,8,83.41
0c51fc08a502b9c73f0476234f991613,1,credit_card,5,88.78
05c30545ba4331e04ae0de1523bb41f4,1,credit_card,4,44.41
0198e0de42189b3941d46857a87fac91,1,debit_card,1,65.71
0009792311464db532ff765bf7b182ae,1,boleto,1,127.55
0bcbcc3e0a09b3f6a9495de35f452616,1,credit_card,3,199.68
02d0cd05f04ab2e3c1acc473b0abc865,2,credit_card,2,29.64
06715eb38b73fdec38cd6db5aadc0214,1,credit_card,3,91.45
057889a9d468c179e39e9a6cdb5f4f8e,1,boleto,1,105.24
0bd66289bf194ff3edb0841291f58da1,1,credit_card,6,85.60
0c3722131f9ebd9c4949a2dd31fb2402,1,credit_card,2,75.07
055bef2dbc886956379d21a556e11ff9,1,credit_card,1,36.45
00fb278a99144cc1004b3ed1452ff5e1,1,credit_card,3,30.95
0ce7fca4a24748ee4aa960872ab0bb1a,1,credit_card,5,276.94
035a721e5bfc1bc3f4e1ba0d7923cc84,1,boleto,1,108.17
006e43460a55bc60c0a437521e426529,1,credit_card,3,142.06
03ef5dedbe7492bdae72eec50764c43f,1,credit_card,1,33.23
0b1e7d45ede8adf7964c242ce45846f6,1,boleto,1,79.16
095f058cc1daeb1e7ba1c133473090a3,1,credit_card,8,1506.05
0a7beb2015960a4d8c4ec8bbde5a1f5f,1,credit_card,2,102.87
05f5cfec67106e59d6280f62c4792d25,1,credit_card,6,65.35
0339c36ce09427390de0dfe649d7e073,1,credit_card,1,132.05
00e6bc6b166eb28b4502c1cad4457248,2,voucher,1,66.07
0a9de604052383d06ffc7a3390c727cc,1,credit_card,3,77.57
0352f2ba09b99ccae0751e133332a46b,1,credit_card,2,88.09
06a07c0ad4e1811f48e86d2c56c7b705,1,credit_card,2,219.45
0c2cc9644e4c9bb77092c7971cc436bc,1,credit_card,2,168.48
0441f678672cdd5323a2cdf79004ed48,1,credit_card,2,52.93
025830a006d984bf712a8c6a1eca41c0,1,credit_card,3,61.43
09d7ebb0b2075f15dc48bd8da3961fe0,1,credit_card,1,64.79
055d54b48c1c7292933cb2e27f73ee81,1,credit_card,4,41.64
011a56023faf5bbb9af634e20a85f7bc,1,credit_card,6,137.28
0633c2f778161bd80bf27cb619d6437c,1,boleto,1,48.25
02a79582212a06e4d617380fb2db8636,1,credit_card,1,51.01
06bb67936cfa5ac3f449e4f6733de4b1,4,voucher,1,20.00
058b8a9dbc89de84bb37a54c8c5be44d,1,credit_card,2,225.04
0b27d99f32650074301e63c1e00a2720,1,credit_card,8,273.24
02754590c907eb40ac34ed9b446970f6,1,credit_card,3,67.53
077b4b3a3d03fcdfce6a94e53ccdb3a9,1,boleto,1,46.78
03bf6a245a6dfdc3cea6bb75ae4fa3d7,1,credit_card,4,488.15
0ae42629f60238674d1b98c5651c8d68,2,voucher,1,50.00
089f9bfea8386f4b212e2145f7ad563b,1,credit_card,1,127.69
0016dfedd97fc2950e388d2971d718c7,2,voucher,1,17.92
0152de20f6e09fb1133847df8babd490,1,credit_card,6,225.19
02e440cd2d735b66f2c859ecd1ec44bd,1,credit_card,8,130.06
0494d7ef89583fcaf33a1cea4bcfeec2,1,boleto,1,64.05
0a029b521ffceb219d63dce7e02403bc,1,credit_card,8,205.76
03d8ac7f462c593ad4ca1fe32c20cd83,1,boleto,1,149.07
0b75da0be2772eb19f522706b2078530,1,credit_card,1,38.51
070d6fe21e7d454b11f1cb27ca2c15c0,3,voucher,1,4.78
0c4af986e0aaede577f05163c1ee5911,1,credit_card,5,147.59
02a266b82c117c3bffd894e713438484,1,credit_card,10,231.27
02a96427d96112413499795f52a9a4e8,1,credit_card,1,74.59
028d62c0fdae574114981f4fb33b5538,1,credit_card,5,74.07
06588330ec63ae7132289b092c148ec8,1,credit_card,6,64.10
0a2f51f07c7b99722f843490cd20ec09,1,credit_card,1,69.90
057712e71c25f78b04ba3452284c110b,1,boleto,1,241.93
0a77b770428bccbea7f9dbf8aec5d6ae,1,credit_card,7,653.64
063929a628206b3f69eaaa2e003ca695,1,credit_card,2,140.33
0566f139f1d1dff8ebfb3b1233ef4dd0,1,credit_card,1,61.77
07bd0c7e13ac7c3a408dd3bc8f18fc78,1,boleto,1,592.18
06a1b81d611c5616272de7c53c41472e,1,credit_card,4,119.08
0aaaf9abbd6e61df3d49c4d8e200bf2b,1,credit_card,6,66.42
0ab73486735f114f9e844522fa9b16ec,1,credit_card,4,99.90
043332e857863b02677c1e075e3cc0cf,1,credit_card,2,134.48
0756c3213eb9155bc1209caced66eb82,1,credit_card,2,135.08
0a20f1ed151eaf6d4f8947f6081e1d02,1,credit_card,2,115.80
0bbbb66c440b6ff7b34420eb273868ae,1,credit_card,6,94.61
03b5ec589ff32d3dac9dd2f9f06496d6,1,credit_card,1,143.86
0607f0efea4b566f1eb8f7d3c2397320,1,credit_card,3,146.16
0a0ae6383118ebd8939e7d18c5dda408,1,credit_card,1,59.31
025e095e20c6575abee30657b956b3ff,1,boleto,1,172.14
0417b4ccdad2da3b88aa378eef45528c,1,credit_card,1,106.50
0a4480a7856cae897440eb7229b25252,1,credit_card,5,119.39
0188777fe321843a18be24a6e9aa1e53,1,voucher,1,65.84
093a45d40a2500243b0a609a2351ac5e,1,credit_card,8,160.21
0ac907873c6fb32bfa8a58be269f0c3f,1,boleto,1,141.53
061cc2095125b495f7221ed85a706c07,1,credit_card,3,70.27
0261b9a1fd7da49cec3906e055b2f59d,1,credit_card,1,198.46
03c14c8290a74e1b205057282a26c63c,1,boleto,1,180.67
0b16257b1b7ee0922ea03954f2cae85a,1,credit_card,1,121.31
08e68e2142974e562f504a105edbba76,1,credit_card,1,106.78
06cd82bdf375dc9782609dad1a1d1d0b,1,credit_card,3,211.40
06afc1144eb9f51ef2aa90ec9223c7f4,1,credit_card,10,307.22
01115c06246220def210911556bdc0e5,1,credit_card,1,143.68
053eb07a9c8d113f338336ff5544d18d,1,credit_card,1,54.75
0c56c2d802da452669d191dfd438ac4c,1,credit_card,1,97.76
01dd288e8605af239a3a35e550e89235,1,credit_card,9,186.62
02a3c3a1c72dbff557b2f56fc0caa847,1,credit_card,2,40.28
054d2d649e0904dbf1f19399094f2826,1,credit_card,2,76.19
087a5caa838085de4baa54e02f8f2878,1,credit_card,10,316.20
012f255bd5034b8e7fb3c91566a91cc8,1,credit_card,1,92.80
0277e2828b1b5735351d7818e6658ed1,1,credit_card,2,70.91
066da535b01be4b26ca70864a62d92e1,1,boleto,1,1161.18
0a154ed7ce417e33453d705b167a3d8c,1,credit_card,5,223.36
0a3de305844d2e1bf9a608e702ccd373,1,credit_card,5,178.25
08d8b17740615b3cbe884f58173de3c1,1,credit_card,3,87.70
08d2474dd3622ba4e0992955a950810f,1,credit_card,1,57.43
0c956783114b7ac9633e16c494c191ce,1,credit_card,2,141.32
0870bb57b1b24052c8ac2cd8df433553,1,credit_card,1,36.45
0872f22df707596feed1639609f6eba7,1,boleto,1,100.24
02950daa1214da108fb29cb5a0a3f74e,1,voucher,1,50.00
00ea33f994bec0bbfda582074083ae12,1,credit_card,1,108.32
03708181cb41c558287d1feff6df5cb6,1,credit_card,2,196.81
09045ce363fa81cd9f206c86b989e2ba,1,credit_card,10,106.11
0654ec8b2a748a63a67ea1e763857357,1,credit_card,1,27.68
03481652329171ff571df2c58bae0167,1,debit_card,1,119.70
02971473bcfb16642904d57bc3be50b8,1,credit_card,3,111.89
09c8e8de8792915ab68564b4420f246f,1,boleto,1,48.21
049c19712aca2d6e4ddc43c83183cdf6,1,credit_card,2,187.24
09a72b0eeb69a0a5727d321f51fc313b,1,credit_card,6,424.57
023a60303ff8d9e08b99e7474f7416ce,1,boleto,1,75.17
01a1553cddb473cec004af5ce2192f1c,1,boleto,1,118.73
01b15a896c5842077af2aaf4a9f94309,1,boleto,1,129.73
055e121a8cefa5494be46fea4bd4f3ab,1,credit_card,2,60.09
048f62c5f28797fb7a060c3f3c3e3e2c,1,credit_card,1,82.35
038f8b45fafa1130d2557e5b8dfd5d71,1,credit_card,2,27.39
07b56b1c06dbdc14a4031c21261a7fec,1,credit_card,2,297.79
04ca915235b56ef2ce81703cdaa6a24b,1,credit_card,2,113.42
04cbdd6817839ed5c7ac28f811ed8c0f,1,boleto,1,56.85
0b7ca56dc6b9eb97c8a0c7b19341b025,1,credit_card,2,44.44
082730bdb06cc2b755fbb33becd6ccec,1,credit_card,1,48.31
016c6bb57a9de6b4e8f938fa6dde61b3,1,credit_card,1,146.57
06a6627d9cc91a04e9d146bf65fee0a2,1,credit_card,1,113.62
0c58a94fb3bbbbca032e333885e6c2e9,1,credit_card,1,138.71
05028bf6da42dad66775424835329d50,1,credit_card,1,114.22
09eb1ae749fc79af3f5a2f4481efae6d,1,boleto,1,36.72
0c21f042461cf5e64d2c087fdcc93fd7,1,boleto,1,43.25
0b20c9791c7a502fc70f7f542e9a1405,1,credit_card,3,45.20
0094d4660e323945f84f5c29eb348aae,1,credit_card,8,309.40
092dd56170a9fa63acf80b11ef09f095,1,credit_card,1,63.55
072a8923b88a4247c16f4c0bca2f3177,1,boleto,1,37.27
0cb2239ee3c4947fce4ab10c1742fe67,1,credit_card,8,113.31
02119fc90b970a6b0f5f554659843ab4,1,boleto,1,112.34
032cf75b6991a44f9583d652730066d9,1,boleto,1,141.89
03eea4a8ecfbf94e0aa787c2d1b098e9,1,credit_card,4,201.82
0241b276e1e2b1d6873473c44240b426,1,credit_card,3,101.03
0580cfd05da4901cede805697f39a632,2,voucher,1,69.19
09322de5d2e4e4aaac983f73fe652f24,1,credit_card,2,132.42
083b812dd46ddf24d9ae0b6429139c9f,1,credit_card,1,30.13
0a18d00cb652fc5698d4e3c3e01e7da0,1,credit_card,5,99.34
0c4a286213e6b3657aa94773d386a229,2,voucher,1,20.00
011108c8a3d6eee6807f48a2e639439f,1,credit_card,7,691.49
0c40dfe4127461031cfea37fb4c63856,1,credit_card,8,169.51
0345ba423eed2b009e0e407b19c422e4,1,credit_card,5,83.17
011080783e02d05b26c8c158b3653a42,1,credit_card,1,47.72
041cbce90c076b8e9eb9f79112a59899,1,credit_card,2,193.72
0c40becf669d1e6da9a8af153c382799,1,credit_card,1,38.93
02c84deb7aa1f2e74090d56a0ec84120,1,credit_card,3,34.00
00a4d94df1c9757661679b2f4bd6d311,1,boleto,1,59.33
05f24644b8019e68652b4216a5a5e956,1,credit_card,2,396.25
086d49a75db554056a171c0c706a7e18,1,boleto,1,175.50
0b528dd823a72d145a342b30a202dfa2,1,credit_card,4,208.91
037fdead4ade679aec8ee3dc6a75368c,1,credit_card,3,95.40
056ea0ed4a967ffdde98507a7d5656a2,1,credit_card,3,302.27
007ec946d4f798caf2b43c9d44c56421,1,boleto,1,43.00
02521a906b13fc8ff9314bf88adc31ed,1,credit_card,8,521.31
0122e81ff800460e44bb9c983ff2a2fd,1,boleto,1,74.28
00345f338696283410b7977d2e3efc89,1,credit_card,1,67.34
00d1289d5125017a90e528b5a7cee91f,1,credit_card,9,179.00
046af6e24851f4a0a0e7849112980219,1,credit_card,1,29.00
094960a25bb327dca31de0e2b9a788f9,1,credit_card,4,181.68
0c65b54ed2c147ffd0092eb2308ee63d,1,credit_card,4,61.10
01b330808c5819a6a3cb79b72f0b8288,1,credit_card,4,129.76
0081ab2c99dc85945c28926b77dc6960,1,credit_card,4,279.70
03b5a8a7f871d2a792f7af458fe13b4a,1,credit_card,6,103.04
04e45523ce26353e6ba6a713afd77b82,1,credit_card,1,39.09
0cd86c0a1fa24bd440af2866ae16995d,1,credit_card,2,43.17
0392299d0f8bdd68d559aff77bf44bab,1,credit_card,2,145.56
0812b411edea2fcc36b4bc1f8e4e36aa,1,credit_card,10,216.62
0a70b96b1997e3c8953bfa4254ad1144,1,boleto,1,84.48
037540b18a708608c766355696a57467,1,credit_card,3,115.35
0046176ff0dbc2a178b7885355dfbb71,1,credit_card,1,137.72
004345d16a1ab2c21962992c721c8643,1,voucher,1,53.27
0998d3f4248f4c162beb9c06e2f87480,1,boleto,1,120.51
04158f13c5f4533ee32baa89521cf9ba,1,credit_card,3,131.94
0b82d0616f1ad8da15cf967b984b4004,1,boleto,1,33.69
07166782eef2ad2a57e415ec606fa7c3,1,credit_card,1,27.38
0848fc09700c8afc1c372a4b2b7be70a,1,boleto,1,131.55
02457250c331120c9dea3bf840316d54,1,credit_card,10,368.75
055336f2daf168319875b812d23de1d4,1,credit_card,2,378.20
09903d25ea3d162aeb40057420caa5bb,1,credit_card,1,125.20
0a36bd172604d49ae57f2ae440a0dc70,1,debit_card,1,228.34
00a379dfab816a83741012b71b264098,1,credit_card,1,23.38
06c07d5b2696b9631375e2877c955b3b,1,credit_card,2,132.08
0025c5d1a8ca53a240ec2634bb4492ea,1,credit_card,7,419.39
0cf04ba4ccc895b3134799f74e4c2557,1,credit_card,10,117.59
0be098c4a208559b0e6c96c3254481a7,1,credit_card,2,315.69
001021efaa8636c29475e7734483457d,1,credit_card,3,64.10
017cf0b342401318dcaeb25478e13a6f,1,boleto,1,67.50
08d7ec7381dc51d41a0e4d86314b7a98,1,credit_card,10,719.76
09ae00385becd9090c7e85eb465605e0,1,boleto,1,189.00
02cb37269f256232b81be588ef056c92,1,credit_card,2,150.83
0a2d541ba7c40984543d72b5eb0abcba,1,boleto,1,49.72
0035246a40f520710769010f752e7507,1,credit_card,8,99.11
04d551f13024f132b86b2fdb707664ed,1,credit_card,10,431.18
0c4284c2b4798ef2f308a6748fa63dc3,1,credit_card,1,8.45
09d8a4bcd943fd4bfc7dd6b64b7c328e,1,credit_card,1,36.23
067bc1024a45f0e3cf23b724757e55e2,1,credit_card,10,484.02
0539642c2ba6dfd6c8ca8dbdb16d85d4,1,credit_card,2,202.73
065ac4b340bafd4f6bee041c63e10aef,1,credit_card,1,32.09
05252513392111e8721062d8ecd9edb1,1,credit_card,6,64.26
02680f764ca402aabbb86572ed2731ef,1,credit_card,9,185.89
03c765107c8fc34c68a82bbd6c686856,1,credit_card,6,126.95
07fcf4ec8cadbea34c5b508e35e716c0,1,credit_card,5,163.73
05a0f6d062da2d6c66fa846737770d35,1,credit_card,1,178.38
0a7d898c6305101e69e9f5a05cd0130d,2,credit_card,5,215.47
0ab8d66a698afcb3665ba9be03cedc6d,1,credit_card,1,101.73
07f970754e737efe221e6349eeb5a8e7,1,boleto,1,198.62
0343fa2096b6d04743321f9b9f62c1e0,1,credit_card,10,111.96
0cd93455c51655ebb590c07a06d584a1,1,credit_card,10,191.56
0806cf8565810770735ccbff09d9d4c5,1,credit_card,1,74.80
00b4846d477a7baf5d4e47970bc08c7e,1,boleto,1,48.01
02f8584bbcb3aeae87d8e697737fb5b1,1,credit_card,5,106.07
05fdf5f17c4a8b374e99ed52416d8766,1,boleto,1,54.33
0880410ce1538dfc180e260708256fcb,1,credit_card,1,0.86
07d4b24a68e2180d4bc5aaf5384fa78b,1,credit_card,5,138.26
02bd584dedf7373cb07b6540cadf9a76,1,credit_card,1,77.18
0a03f10c3075f5566e5cdbef7c487e14,1,credit_card,1,28.75
072b97d5244a16a4573ad547ea7d15b4,1,credit_card,7,73.06
0b26649ec6ddf0ad51f419691e14a0db,1,voucher,1,33.92
02f0618d94e9aeeb35a81835fa5c64d7,1,boleto,1,280.64
064c5d7833bce7bb4c9bff1302ac9d0a,1,credit_card,8,82.12
03f4f8149c605fb477250ac94f70c0cc,1,credit_card,1,66.67
020aec76c43508e4214579c52c1133f4,1,credit_card,1,47.29
065c05543ebdfd79fb629b2b4a6ab904,2,voucher,1,100.00
027d2a0c2a94018f57fd1b15f32a18a3,1,credit_card,1,142.92
0815bb5a3a3289fdf7ac65a426cb553a,1,debit_card,1,112.09
0a59027d2270c523a10d1c29e6c53a71,1,credit_card,3,72.63
02c51fbf49fd8169c04fbc30e9632ebf,1,credit_card,1,57.85
06ebe0964f3c6ad099d9117fb1e66980,1,credit_card,1,262.16
092ae7e7141e3d69ecd0935d97e14fd9,2,voucher,1,5.36
06351d6c05e58972856f24bc50d69b23,1,credit_card,10,406.26
0c9c2a32f57d7b49bacbe81e5534cbba,1,credit_card,1,42.77
01d90c5856f7551e108f2a0864ff6e54,1,boleto,1,84.78
0136390286be8a34efdc801ed150568f,1,credit_card,4,40.56
0259bebdec429a3ec5a653df8f28574e,1,boleto,1,101.96
00010242fe8c5a6d1ba2dd792cb16214,1,credit_card,2,72.19
00e63486fad9d24645c9c84ed77c15fa,1,credit_card,1,54.32
00f98eaeddb9debc8df8cb27e08216d4,1,boleto,1,60.94
01f65c9e501f46d2a15af4d2b28e6081,1,credit_card,8,220.49
08db644c231a8d55a618af8c9f1280f0,1,credit_card,3,35.81
0c06719338eba9ad30362c43bad76d87,1,credit_card,7,124.41
00af53fdc2002f5b6a8f16db648e003b,1,credit_card,2,51.75
0a0837a5eee9e7a9ce2b1fa831944d27,1,debit_card,1,65.50
09c530d73b3f36bbcd4d3b2268abfe12,2,voucher,1,111.20
0ced306b608e9bc80ef960368a3414a4,1,voucher,1,10.34
041e2854aac3d7cc5af940995ac6be0b,1,credit_card,5,249.49
04b23c68df88327f687ea03eb2f34d7e,1,credit_card,1,67.30
0c6a35b799f52f904a18f2810c4d1772,1,credit_card,1,66.74
0c83ca3fc3a83bd059a1834a8ffeb917,2,voucher,1,15.00
0641880e7059ec426c7e6f8ba1585bf7,1,credit_card,2,85.55
04b2afb6447774881079872788d97883,1,credit_card,5,53.59
0149c597dcc0963d7315f904495b631c,1,credit_card,3,37.88
0a97f36e62839a22eb00bcc9a9160e70,1,credit_card,1,61.28
084ba8afde2ae7dcc7610239f97b7d43,1,credit_card,1,456.12
079f35f555387ba548cf2a98cca8c43e,1,credit_card,10,145.69
01b1800f51715ab76f67caf732206437,1,credit_card,2,194.97
05e19ab996b114339f316bf41b359d52,1,credit_card,5,852.68
054f63d52e4bcfceaf9cae8637863c82,1,credit_card,4,106.16
0a45ff140fcaf02e1b09ca845b0ebb13,1,credit_card,2,124.27
07d3edf3fa2d24ebc102315c95ec89f4,1,boleto,1,25.78
09b6daf7c780e789668ee3b7f4bda1c5,1,boleto,1,96.63
01fba151a6fa8315ff6dc6f29fe2f2d4,1,credit_card,1,58.38
010ef5b0279d7512e7343cb775e423c0,1,credit_card,1,74.41
09b584a0cd8717a01d318729fa61a867,1,boleto,1,114.49
07be9bc8241fb542df3e10f395d5b412,1,credit_card,2,966.48
0008288aa423d2a3f00fcb17cd7d8719,1,boleto,1,126.54
09179a93a7f4f710051cefde1d2f7ceb,1,credit_card,4,213.83
08c7b46d1dfd29f3200c439119cfe4ac,1,credit_card,1,74.75
099c89b21c9d60fe648ec0bbd837bb3e,1,credit_card,1,106.85
02e0c2efb6d9bb2a95ca90b7e78bec1f,1,credit_card,8,263.90
04396584556ebf06343678f29cb10832,1,credit_card,4,107.78
069370014d6465fb28770cd9449402c5,1,credit_card,4,41.38
0655bb542cf38197d920ac1c5c89ae9c,1,credit_card,10,101.67
08c6860a0281fefc591da60249d5fa76,1,credit_card,2,147.65
0743b54da8ffd8f7f9fe79fcaf006000,1,boleto,1,130.56
05e6d57ea1f64b4e9a0b37c669515cfc,1,credit_card,1,3.84
0758eac62489b47a99c64b7d67c5ff18,1,credit_card,1,8.49
08b090ef007b191a5f9c454f1068be24,1,credit_card,7,169.87
099d62f80912acec8ebfabeed29585cf,1,credit_card,1,54.34
0a0185b8b72cbf2290c3e4218300a61c,2,voucher,1,25.00
07159640598ab46b708279254ec3be0f,1,credit_card,1,31.33
03054d8a8eefc2981cfad06f58e27979,1,credit_card,7,74.06
0b4e790fdbd7616b010599cc3e5f873f,1,credit_card,2,143.83
038721fd1802532dae558bac820968d4,1,credit_card,2,241.00
02e8498a91ec0e72dfaff47b27c805a3,1,boleto,1,102.74
0b3b6b78bd15a0e28176f25fab4eb472,1,credit_card,1,89.77
0baf99fae5355ac5c8b31a2d33fd830b,1,credit_card,3,35.09
0a492dfba0efff86d173382ee6c65a1a,1,boleto,1,90.88
0b5bc52b360d662aac171cf7ae46f187,1,boleto,1,82.79
06bd462509d378184b5aedc7d5ab4a18,1,credit_card,7,153.20
03fa3f4dec4b3647d00532079f723fec,1,credit_card,3,161.86
001e7cf2ad6bef3ade12ebc56ceaf0f3,1,credit_card,2,51.10
02d2fbf1c9a20d04ceab86eb736fa22e,1,credit_card,3,62.00
0c16f8307002e4ec5c616b4824fef268,1,credit_card,6,69.31
08fa8b49ff198d1332df4668087150ed,3,voucher,1,10.57
07c7fa36b89dfaf7267abe05818b2322,1,boleto,1,111.28
074eb2398def4038d7fc4fb8a5aeb0bf,1,credit_card,8,408.86
04ff62d0684a80831afbdc2f6e56259f,1,credit_card,2,122.75
0bedd120ca5fc643805cd124f8805a86,1,credit_card,2,103.04
0308fbee05263aa1eb0b932e2dc7b4fd,1,credit_card,10,718.95
01c22546c4f9914e232006df82d96e0f,1,credit_card,1,33.00
04c3465b312fdf85de8e4cf4dc186600,2,voucher,1,14.28
0bf736fd0fd5169d60de3699fcbcf986,1,credit_card,10,242.10
07883f86dff5e5622fe054225f176aa7,1,credit_card,5,111.52
0a79d1506c2e0249c9aff8723bcf51e9,1,credit_card,2,112.02
07068f92ceede34d93d6dd0b5117feef,1,credit_card,3,57.51
09af242285bcc7d2f8b12ce33dcfcb7f,1,credit_card,1,46.78
0352646a95973b0e19127d2b6a6fb6db,1,credit_card,10,104.37
078012a290408a687e5802ac7ad6c0aa,1,credit_card,3,141.63
0132f39e8ad9b42ad2d41c847f44c0ed,1,credit_card,3,37.16
057bc88d7845bc736fbe1fb27f2932f2,1,credit_card,8,198.36
0ca4b3b797fddd6288abcd726e5669e3,1,credit_card,4,60.05
02a0eb7c22b0616c767a45954a2a28f6,1,credit_card,4,144.54
0c7ac4325ae837f28df12a94a51cf375,1,credit_card,3,70.49
06e084d4ca3391eeec0a110051d0cb29,2,voucher,1,60.00
0641c2d6df642517fb73e1ac88a188a4,1,boleto,1,99.43
04e16f3c151ad9fb3100eda6ac3a61b7,1,credit_card,6,286.09
013b811ba81339b7634ab5231c547e6a,1,credit_card,8,116.94
05a1daade893002ca3c8ec9253fbb1a0,1,voucher,1,28.78
034733b9cacb3d55bce1e49c422ae3e7,1,credit_card,2,119.99
03a8aa5d0860898d421c46247011c686,1,credit_card,10,333.90
019d444bd00f1ccb4643de466f9a1525,1,credit_card,3,167.23
0bb0dd89956cc5f44ff556c2189e7160,1,boleto,1,54.00
02ca7369ae10c2f90a73b79be24387cd,1,credit_card,6,144.76
06970f3ad11e6267192d7d98af40a8f5,1,credit_card,5,104.37
06a10466a6e3befcdcb37637948fea4a,1,credit_card,1,84.54
00ab9fa91aafa3d881164b0da48999aa,1,credit_card,1,644.34
0800193c2810da8b955ec8cae2b82e11,1,credit_card,1,124.73
06c9818464bb97d2f13568dd66e904a9,1,credit_card,10,570.56
0c41f512e2783cc1d84227b9afee153d,1,boleto,1,163.83
09286ea342ad6877942f93c17e1caf4c,1,credit_card,6,214.31
05918cf24658c4ee3a67a684684305d3,1,credit_card,5,328.64
0a03ed20390f0245ab850bea4186190d,1,credit_card,1,186.82
07402f8be1c291f1c5da3edeaf5cb8b1,1,credit_card,2,41.01
0987363c91de454d42d084b84a691f99,1,credit_card,4,164.32
075d1d2a3ac6d55e925dda5e2ad0c6fe,1,credit_card,3,179.92
0681602384769af218b41f80e0808278,1,credit_card,1,63.27
06fa97ae36cda18a1e8ea370f3f2edf7,1,credit_card,1,64.00
0419d1888e0a963802e403d8507c753a,1,credit_card,3,165.24
086c6d64a23359add6c0488fbca20ccb,1,credit_card,3,152.72
05bc33363c34f9c8172bd111029be2e1,1,credit_card,7,173.62
0332758ed6bf8f4c1ffa5b6bf5b5725d,1,credit_card,15,213.74
0ab5ed0d546ae59a2b1f18acd5b6ec9c,1,credit_card,6,339.39
00bdebefeb760588a3425fad9dfed3d9,1,credit_card,6,139.98
07fac8f9cadb792264f2985ef93eaa13,1,credit_card,2,28.85
0c65eb5a1415db7a20dfc869c9277e7a,1,credit_card,1,18.12
04040ee654b248cdc512a68ecc83e4cc,1,credit_card,8,275.19
0c1e8da95f0bc94596b6e3571ba53a33,1,credit_card,5,259.64
0c505e1ce394e4cd4ccaedf5fcdbc9b0,1,credit_card,1,38.23
0922de4af18de92fdca6fed66b34b66f,1,credit_card,8,192.56
02d50facee2072550ae5a8ef3dc2e10f,1,credit_card,3,95.48
01235dc626dcf13283207ba7f36a959a,1,boleto,1,66.86
039df018e03e7c5db83bace2fa6af002,1,boleto,1,107.46
05234d05cd854695218f98bf84cd2489,1,credit_card,4,88.35
08225af20bcc4b379e2019b723e44a45,1,credit_card,4,43.09
002175704e8b209f61b9ad5cfd92b60e,1,credit_card,3,123.11
077d6b93c4e88d06b124cf24fb67a28e,1,voucher,1,28.56
084ce670827e3ebb5f585818b985bc25,1,credit_card,8,247.86
01d5897e2c8a23b37ec65e0e72fbe956,1,credit_card,3,67.21
0cd2469ab06e40b78aa617c57b946994,1,debit_card,1,75.46
0420dbc50fc554e303e4b2d6b39063f6,1,credit_card,4,48.61
05fb9a42b233b4fb63dcaec6fac364a1,1,credit_card,1,65.60
08b1d58f92c4e0dabb12dfa3d57f3b41,1,boleto,1,74.70
0b9a8b8e703c7c54c11e7f2a057d3cfc,1,credit_card,8,89.36
032f490884e03049a3ec0379ea0abb82,1,boleto,1,216.25
0a8b7ed1fb705a8af99575dc742cd328,1,credit_card,3,66.29
0847671e74f36253e410d74921dff936,1,credit_card,5,51.22
02e275a40a23c32f81e13045c84b5a19,1,credit_card,1,232.53
03ee7babeb6e80cbb48962ce1719fcf7,1,boleto,1,198.59
08eb6a0ddc93b1cf16dd629389dc691b,1,credit_card,4,40.02
0b90ac9175a39196661a45b34be587e4,1,boleto,1,131.58
0963806fc66877ce2fbc42be9a91f3f1,1,credit_card,10,117.76
0830f0655920234ddca71663beb629cb,1,credit_card,10,147.32
04d73d34ddd1f5ebc0c603615093e2a1,1,credit_card,3,246.37
036091098bdc85e780fc3594006276b7,1,boleto,1,1388.98
09956a4d0066f2ef4e70f7ae51e2c9f3,1,credit_card,4,147.06
0501e7fec71cfd7db3c1e2242e51f909,1,credit_card,5,235.64
061c97a9bd7911f9d2031e1b820c344f,1,credit_card,3,329.80
02dec5fbe189e3c2ccd9ba071c6bb78d,1,credit_card,4,139.90
08eb6a0ddc93b1cf16dd629389dc691b,2,credit_card,10,116.49
0693ed674763a4fc34e2c763c7fd25c2,1,boleto,1,642.62
02b089f5e85ee9c52935ede2207b13e7,1,credit_card,1,37.61
0c350088bd84d6620d87abdd2b1e09ca,1,credit_card,3,182.69
08d19d4c103470970b2f830e48e2d3a2,1,credit_card,2,558.77
09622aca695e14a0a89188bb86d66bd8,1,credit_card,4,243.04
06486b73d8d1705c15e0d13f6adcbf84,1,boleto,1,63.78
053996f442ec9eb8666d97d3b911a15c,1,boleto,1,43.09
001e7ba991be1b19605ca0316e7130f9,1,credit_card,10,213.21
06c8b01414c769ebb36a9cd0fdb97baf,1,credit_card,1,89.27
0607a1c003c16725855f65d6b738028a,1,credit_card,5,64.08
0132d77609dd6e1867515ec57d898c10,1,credit_card,3,99.35
071deb193a4682621c819936d21ae127,1,boleto,1,133.37
086f8f18f98299e22931d762c63db2b8,1,credit_card,10,2150.22
0896d006da3ad8dc1b39b408ea428eb0,1,credit_card,4,133.49
0c5cdf9ab91788bffa3d0f7e8ce4b213,1,credit_card,1,51.34
08915f902759876fcac1ccf9bbc966cf,1,boleto,1,53.79
003324c70b19a16798817b2b3640e721,1,credit_card,5,234.70
01d9a9aa7feccdaf99f7ea832bfa7301,1,credit_card,1,88.97
0ae4456639dd07164db5f2433c8f55e4,1,credit_card,2,125.16
012d8cbea490e6102cee6a2088aaa785,1,credit_card,2,112.89
090c6fd239a12ac8f6a825897ee15d6d,1,credit_card,2,138.50
0581cc006c5d0b4351b5435336828add,2,voucher,1,353.43
08003b4e485e934387afc41448692e0a,1,credit_card,5,54.00
06bafdd8b6d0b5befb44337a7674a1ec,1,credit_card,1,91.05
0691811195a83594b0377267a8050e6f,1,boleto,1,105.37
02bf0154cffa7eff0ce73027221834b9,1,credit_card,2,197.44
0583457e98d0d734222af5237cd8fa94,1,credit_card,2,68.04
085364fbac51681978eace38694d4683,1,credit_card,2,210.22
08e83756399f8394bef75d0441b17b57,1,boleto,1,318.23
02a4b1835e0a493657a4d3281ca249bb,1,credit_card,10,157.13
0b277c8a59b6fac83b512d46a575c8cc,1,credit_card,7,75.07
0039500db36d50d7d0bfaf23723550f3,1,credit_card,2,203.23
08273b57741a2ee2f20725323393b0a2,1,credit_card,1,252.83
0baa0062fe85d1ac765aa6ee112bb624,1,credit_card,1,22.70
02c9b2b746777e4dadcf72941e5a010d,1,credit_card,6,218.28
0726665518da3a4e1b9efff4de0089fc,1,credit_card,1,52.28
0516c22655fe1e1f0b3390f4ee3fc5f6,1,voucher,1,31.92
0be2a2a52adfb0963b9bb86b3b668b90,1,credit_card,3,119.34
060b4964af74f7046c4bfd56ddeeb7e7,1,credit_card,3,191.14
034198ae241b34a9bc0d85282408937e,1,credit_card,1,101.75
00f1bb0af030935db1745ee28367ea26,1,credit_card,7,288.88
0673ea591e7c9108ba7dc1a5246111a5,2,voucher,1,69.02
07e68b7ed834c392f26a154d8997115b,1,credit_card,2,199.26
0acce7378714d20548f0f5f1b71f6458,1,credit_card,5,142.12
0616463c44a86e8478f9b065e17d7c65,1,credit_card,1,53.27
07dc1dc61c5ee9a1387069fec64b6663,1,boleto,1,59.56
0a42de5dfb223e924d95bccacc00fc78,1,credit_card,3,145.29
01bdc09119b132e176e5c8f2cf68b0ac,1,credit_card,10,384.66
05691e7046cf3a798bfce39b35377b78,1,credit_card,8,184.57
03a038679f94b33ae1fe8503c4e30203,1,credit_card,4,41.38
0ac484b631e29034fc50593451c208b2,1,credit_card,10,216.15
0016dfedd97fc2950e388d2971d718c7,1,credit_card,5,52.63
0a63a472b54f4e94fa67f374b05fc3ea,1,credit_card,6,63.44
078db7c551c5b6a107ba6d586a13f14d,1,credit_card,2,46.39
00f1a34f176151c4dcbd802c244e1072,1,credit_card,8,84.79
05efc756dc2f2fdb4e8e914ad1a73f3c,1,credit_card,9,94.21
04323742e042716e4427a5b3536ea08f,1,credit_card,1,52.76
0a8758ec6f399b52f2ecb7b1a0c4c16c,1,credit_card,3,66.67
026d2c7c84b97eb8854ca3fbdc6ab840,1,credit_card,8,201.30
0b42c660077b29a5c0b8476149a037ce,1,credit_card,4,43.11
08f09d9ef3e4f3cdfa18431097f40682,1,boleto,1,160.79
09f52f8bf94d5676c277ef72ec077c75,1,boleto,1,79.56
02a065131a2d2b72b45e2c63135606ad,1,boleto,1,759.75
00891ba5de66f55000ee358ceea9b345,1,credit_card,4,149.69
08e9e443708079a97897e24456987f83,1,credit_card,10,127.86
03ddab02775c66c855ad41424ae356e3,1,credit_card,10,119.93
00a57dfbb049fbaae10763e2cf15f797,1,boleto,1,337.38
05e1843fb576fb0a18a1e9bdfa3c18b0,1,credit_card,1,64.96
0919371859b3150228068cde3b07c122,1,credit_card,3,148.71
06174d5608937415007fcf764cf799af,1,credit_card,6,66.23
000e906b789b55f64edcb1f84030f90d,1,credit_card,3,33.84
0ce3dcca0c123ec98cc73a514f7e9922,1,credit_card,1,40.26
00ab3a43bda739029ffce95d3b2fb56c,1,boleto,1,35.36
0c760c32925c8a67562a4621ff46556e,1,boleto,1,70.87
0c4c58fca6e92bb1b43c04a406e73a86,1,credit_card,3,64.00
09d557bf440b6c3b40cacfbb24fd5e28,1,credit_card,7,159.18
09bc4b63b3a1b631632aebe28d64df0a,1,boleto,1,60.10
0b555f0e6493540531a30e6cf25fb030,1,credit_card,1,172.37
010078e0913f48d014483bd856c01ca1,1,credit_card,1,58.61
0886e32a3289fc38b0deaddb26655a7e,1,boleto,1,170.71
041f09bbcd85d178903f5bb71f11a02e,1,credit_card,8,137.83
01787af385123b93ba50c5f05530ee12,1,credit_card,1,114.38
01be6ff226324644f283dfab69369848,1,credit_card,2,110.83
0724cc371750e7fdfe769d2a8bdd5b92,1,credit_card,4,184.95
0b5c913b831ba3f6eaaab61c2d7cae6d,1,credit_card,3,450.53
040c71e2bb944537100baa9dfff8e2ac,1,credit_card,2,71.04
01c95de6d0852189b4d6b6d32a3c8e0c,1,credit_card,1,27.77
094af1d0ffa8afa4ddce0e4892491313,1,credit_card,10,119.39
0c6829c9d92a6bb545d7bf1734d094c6,2,voucher,1,8.95
09c636e254bb18eeef943452017249f4,1,credit_card,4,240.31
0c2b0060d3c030936fff3266c4224733,1,boleto,1,87.36
05981a7bf1a18eb991af55a8a8dbdf83,1,credit_card,2,29.84
03f0acea43a6fd52d268e13d9ce98fbe,1,credit_card,1,148.45
00e4050fe32e786290a29c61141e979f,1,credit_card,4,64.00
058b47cafcb62845676917a46cf732e4,1,credit_card,5,84.20
08b3dc9205759c9df94d231f6257b344,1,credit_card,7,354.98
0108fba93678555ad1cec9c267848187,1,credit_card,3,219.12
0c2b241aa0c85f5e27ad334225793b87,1,boleto,1,314.04
056ab23f23c13e810d9ab8cbf9fd477d,1,credit_card,2,686.09
05cd5649410dd46b0467669ff19e294b,1,credit_card,2,189.37
04401428491f4e0e839e31e835c5e7bd,1,credit_card,1,80.67
083a4afaefd6690e5cf5918275c4e413,1,credit_card,1,325.54
03e53a3c2ea313a49e89aee8f8c44970,1,credit_card,2,57.53
05d6faf8d3942006edf7cbc669faa965,1,credit_card,1,58.82
02d33b6a9d9e61e68ef9190bd30aefce,1,credit_card,2,55.11
07d60a76803db63f0ca6708011e8cf9b,2,voucher,1,84.86
09b457f1152126535a2e7d4a3b73ff6f,1,boleto,1,14.08
0494b383f6155152ea987dde9647004b,1,credit_card,1,47.52
081857a1fe99545a55e83b3b1e8a8ce0,1,credit_card,3,62.45
06b29dbcb820a53c15525933a91ada27,1,credit_card,1,110.69
09a93e48d7e84fa082320df90b072c7b,1,boleto,1,128.50
064df82a5ad596912cc304c6c72a42bf,1,credit_card,4,150.12
0095790a64527ec83aeaaf99023c050e,1,credit_card,6,62.66
045d5f2b9ec233c262c0ba79867e37fb,1,credit_card,10,236.97
08c6e1a2fd34f15d601cd3e006378da1,1,boleto,1,43.13
0baaa859b7ff0b4d1f674a1d5c3049f3,1,credit_card,8,436.49
0b8e8a083ebc7823271b2618f31eb1bd,1,credit_card,1,50.15
01d80471e02a3ba49c8e1d0abc2c1a64,1,credit_card,9,91.23
016e4acfc34b9f2abc69795f47c92f0e,1,credit_card,1,52.78
079f16689c29acb6cab92978e6af2137,1,credit_card,1,69.90
09a83ffe176e7f00f3b93584ee9fb07c,1,credit_card,8,339.88
03ad48120321b06697272dfa53deff2b,1,credit_card,4,91.03
08f6cddc0499702a4dbbd26f2b04b986,1,boleto,1,193.02
0918b01313c67da779fa4b5356537024,1,credit_card,8,673.25
030c39b681ff2f80d984e9190524a029,1,credit_card,6,64.03
02cb14245fd2ce5926afb2225f28b002,1,credit_card,2,339.77
00e32e413e017e64ff93a9e800b8e1be,1,credit_card,1,322.17
05290ddcf1e8fa2c773e1f37015cc56c,1,credit_card,1,60.10
0198c71148c2e08c7c52b860f640fa4e,1,boleto,1,163.13
09d048d5bfb9dd1a82f696ce9863e9b0,1,credit_card,6,136.34
029b99b0436c25c8de22cb828831ffa8,1,credit_card,1,442.63
0098dbda25722a3f019fe252a0cd10b3,1,boleto,1,165.03
0661cdf16c55936467e8d8c561e50730,1,debit_card,1,13.38
010ab3b1993057e91f825c672375a66d,1,credit_card,6,155.05
056703c10dcbf4f451315bb1c0c0d7f8,1,credit_card,1,85.41
003f9bcc09427647c4b9d361a523545b,1,credit_card,8,238.80
00e6786fee8f476835c151a4d3fa9bf1,1,credit_card,5,175.77
036e37b0e268e6087e88d3d7a676c13d,1,credit_card,4,106.76
00cf47526e0f7920b381b2baf4ecf1c7,1,credit_card,1,74.49
0350fc2d00f48ad8a74efdf4d2fd4bdc,1,credit_card,4,89.58
06d77e4ba21f283252286b6a72fb8fe2,1,credit_card,5,96.35
079ad290e98bc46b5d7e0ce9fc15af1b,1,credit_card,1,77.86
0589d8b975f21fea2ad626ea99527911,1,credit_card,3,227.30
070d6fe21e7d454b11f1cb27ca2c15c0,2,voucher,1,23.99
09ae0443d05fc72908daed24036acb22,1,boleto,1,97.99
039ec885e36627ae6353cfd42a41c5da,1,credit_card,4,125.25
0af96849112c968e7764ac7f17e4f9f7,1,boleto,1,50.95
082390c0275d73d20f55fec91903bbd7,1,credit_card,2,230.14
0bbd832750aad342a252f529cb93d020,1,credit_card,1,20.29
0b5680deaa067376ba987f02b755e8bd,1,credit_card,1,84.30
03059ebda0b2ad61612b300fe34ed8e2,1,credit_card,1,58.94
098e7344bff99946b1a3c2c4357503bf,1,boleto,1,31.34
02d2287dea15cd93d945f1749f3288ed,1,boleto,1,48.59
068b0c2c80a022b71db91e7f44f5917a,1,credit_card,1,227.81
048fec87f5858e3a91ce55d3a944b457,1,credit_card,8,304.33
07677527dea7bbe02d91875f7764c6cd,1,boleto,1,76.69
0c9f41e58fc40c21ef9150e610aa6691,1,credit_card,3,97.57
0ce0997380b2110e5d35697ce4ddabd7,1,credit_card,1,32.42
02c8bbea821df770f3665094a0ecfc1c,1,boleto,1,92.57
0c00ee38c8f26756069a581a5fae12f6,1,credit_card,8,80.67
02e0b68852217f5715fb9cc885829454,1,credit_card,4,68.89
010d14f76a229c295260e4ca4744acc7,1,credit_card,1,44.69
0123a055aa66357326dd6db066592a7d,1,boleto,1,175.66
087b7573e7bda014f7f61b472a7cf555,1,boleto,1,49.51
03d7f508a18d76f89489c40b7008f7e4,1,credit_card,9,188.29
08fb515ec54c34ca06b1e2268acc429c,1,credit_card,7,80.70
0735913c4b3a961b5988041799a7543e,2,voucher,1,45.00
05e8d222c5597784b04c804e183599c7,1,credit_card,1,77.57
0426ac8a5e4a839db34bb45d7e313fa3,1,boleto,1,239.81
02556030d826438ef986ab5fd723a9a5,1,credit_card,2,138.98
0744f9056deb109779f1b309822c0d02,1,credit_card,8,388.25
0baa56401ae212e308d73cba2911ae20,1,credit_card,5,87.22
04767604594dae9050fbaf22bca08e6e,1,boleto,1,169.76
0521b661c320287be1f5a92a52760c8b,1,credit_card,3,194.48
004157daafa0bc8672e01f00e4f0c04f,1,credit_card,4,222.91
0576822a11b3068cce2e3c8551e4e327,1,credit_card,3,176.34
02145cbff48d443165378d41c0e49e48,1,credit_card,1,116.48
056bfadd41b8600ad5ecfef2ac132188,1,credit_card,3,35.01
0bcb782ba7956aa53f7f565159107488,1,credit_card,1,31.75
022cb45264ced2571bbbd8e231838100,1,credit_card,1,52.39
015e051dbb2407d4bd305635e46b732f,1,credit_card,1,44.30
073fa4be4665f397a289842b1053229c,1,credit_card,10,285.02
0bbb3f7791a87d0307555e57da3a1ff1,1,credit_card,7,76.20
01cf88c5fb4298435526a5995720807a,1,credit_card,8,122.62
0ca29d76f0116d46b7b5f364523feb38,1,boleto,1,125.44
0cda834be88c6e549a9895efe5e0b49f,1,credit_card,10,243.12
057a97c066cbaf1feaba87f5422ce04a,1,credit_card,10,423.59
055bdb24d39579d9c7b5d26176d05573,1,credit_card,1,113.47
0660b9ab6d1e2653ba4395a095e58cad,1,credit_card,1,139.62
07ac486a7e139e73d66011849fa5779d,1,credit_card,1,63.31
070fcffce3b0a655482d4f5f11607599,1,credit_card,10,163.78
09f8cd8a102b3f3fa2d5db0c6aee489a,1,credit_card,3,810.13
09d6c2dd8c08336a2cbd1c449a2ef158,1,boleto,1,127.43
0a814fddd9db7c515225361a87b607bb,1,credit_card,1,49.22
0017afd5076e074a48f1f1a4c7bac9c5,1,credit_card,10,853.39
0240111ef6f94ee97599bd002acec1cd,1,credit_card,8,223.99
0c66805964db8d43c1c81402e3433f9b,1,credit_card,8,223.88
02e827a9f1e829b50b81eb9e26588ed9,1,credit_card,1,67.68
06a02ea4efeed60e7e8e29a50d4bedaf,1,credit_card,2,141.32
00c42b1633c1b2fa4e937bf312466561,1,credit_card,5,55.00
079ade008533bd5cb246826aceace87d,1,boleto,1,48.72
044406a115a855072a8e79d38f028a80,1,boleto,1,71.14
037556f936da90c5f9504956ff286860,1,credit_card,1,36.30
0560d129c1357ea719aab1cf2cd4f03b,1,credit_card,1,44.34
001ab0a7578dd66cd4b0a71f5b6e1e41,1,boleto,1,127.56
0218c7a4fb8d5b1bd22c82b783b8359c,2,voucher,1,50.00
05822c51346e781a05c5d2e497f1ccc2,1,credit_card,1,76.00
0c42ffbb7daabd630cbe785466d587c0,1,boleto,1,431.18
04c2b3995f83a3db2540a9217254ef6d,1,credit_card,1,99.65
02ec38bbb2e837e0ef32fae6c5a651b5,1,boleto,1,32.88
04e452498b75f049f617f5ed7ffc0633,1,credit_card,7,233.92
076b2c2ebef1ce8600aec810d3bf6286,1,credit_card,6,253.09
0890110313bd12b08169c1b6bd56bf4d,1,credit_card,4,121.69
02ea547b6d2ee25305588fd50df58b46,1,credit_card,1,39.64
0a280a8b4ce3fd3a61a076492e5d6b00,1,credit_card,3,207.24
0094dc9ea7e3cd54d95aea42685673ff,1,credit_card,1,104.79
0a8ad519fc5624a7862124decee24b27,1,credit_card,8,106.97
070c8ff950e077ba4948ef4db4733b74,1,credit_card,1,37.13
0ab3d92f71090c758d1df7ff889a9335,3,voucher,1,111.25
0c8d39b03d0d4918d66be0eae8f57a58,1,credit_card,1,132.24
0c047dd1c8c2fcc61365b5787d59fd6c,1,credit_card,5,50.65
03e1f719ea43e7eb59344cf78cd99ff4,1,credit_card,1,57.68
0a297271052d25a8fd815cd06ec90aaf,1,boleto,1,107.59
0373227125997244e6f59bd76e717abf,1,credit_card,2,107.76
0410df130bab1cdcd13e23044ef9d76a,1,credit_card,2,124.67
0550cddd79cea841641e17c802d9c403,1,boleto,1,1020.84
030f7abd700a4ceae9a8c4cff4b3dc95,1,credit_card,6,419.04
022f80b8a6f58b11018082b505f15c38,1,credit_card,4,43.17
03d9d682de9c41158e00e17ee26d9070,1,credit_card,1,210.43
04164ec24abde688d0451ee982797344,1,credit_card,5,102.92
08a893d69f0279b78939b77cffeaebaa,1,boleto,1,87.76
0583f502e04564cfe79eb0e4f5939729,1,credit_card,2,220.88
0830fb3429c4807bd185a32fe5241b8a,1,credit_card,1,61.43
0c311ce5790eb3a82cfaf0ab40840730,1,credit_card,7,79.47
055aed279e13c9571499453c260726e9,1,credit_card,4,63.10
07d2babcd3c3d273aee2781512cc5904,1,credit_card,1,88.28
040ffb806b943aa19e0b176e7746b2b7,1,credit_card,10,556.69
0b1bd7cdeb2d703ebe602a2989a86f9a,2,credit_card,1,10.98
063b573b88fc80e516aba87df524f809,1,credit_card,1,87.53
09eefc2f4932b01761f55d6b623ab527,1,credit_card,1,36.72
08427834d148946950a3fe92a596e1e4,1,credit_card,6,81.82
09b9364d966593e51c1edead847fd220,1,voucher,1,193.21
06d614f169d6f1a04c85b382d4bd462c,1,credit_card,10,374.42
0ab4790a52443a30df72f298b03077db,1,credit_card,8,224.83
0c4efb413bce2d4e4985bfd63bb0bc49,1,boleto,1,29.75
07c86971c5f40e822bd71ab44f684fad,1,boleto,1,588.66
0b13a698a0b7a62e8ec891081558b7aa,1,credit_card,7,72.27
0b4e6da2eae282f0a0072085c7adacfe,1,credit_card,1,38.91
08dd1de0a5ebe393a3beb05a4cd4894f,1,credit_card,2,72.99
0a457a7e838f772d804eebe8d6261ed0,1,boleto,1,83.68
08a14ebab7440e5f7bfd8ca0b37fc613,1,credit_card,8,81.91
0aeb3ec8a78414261730773ddc9d2f7a,1,credit_card,1,67.36
0501724b4f41a7c8ab490d4beacf4d07,1,credit_card,6,78.70
05408ed33df5e0bbf70d578dbdca2f29,1,boleto,1,42.00
0115f8bb1dc16d3fac863ce1deb037b6,1,credit_card,4,136.46
07460d5693ce1f6577ebd04b4ad091eb,1,credit_card,8,172.52
04b037305ba882bf9510568fe6c1615b,1,credit_card,4,135.59
06495b5a6aa3e4527e8c1fb34d47ea70,1,credit_card,3,35.69
0412b784548c0bf8cc35073f13923e2c,1,credit_card,3,292.72
0547cd893959df1f7e54aeaee4368577,1,credit_card,3,123.11
00c763284c0056eed753352f5559ff0a,1,credit_card,6,94.55
08906bb784f60b396fdf8fb1773c5e47,1,credit_card,14,144.90
0c2a184d46c54e6a31e9d7a2a920b4b4,1,credit_card,4,112.12
07242ddf6ad8487cbbb700fd9ca45906,1,credit_card,1,45.28
08bdb086a562d4a730e238d0ba09be26,1,credit_card,1,148.14
0b2f7d7319f367295bd93624be36ed1b,1,credit_card,4,87.96
03a54d3b0f15ac01bad656997420d3bb,1,boleto,1,81.42
0af034558afede965f6b00c62d5176ed,1,boleto,1,104.37
0068c109948b9a1dfb8530d1978acef3,1,boleto,1,103.38
01a3ee1c837fb57db23d898f0eb5111d,1,boleto,1,177.24
0a40f88667e7bbb7ef87efaa9a2177ea,1,credit_card,3,123.69
0b46d65f233663a9d675570799f42914,1,credit_card,4,210.28
0aa86627eca7db30ae324772cc15ff7d,1,boleto,1,304.16
08b7104ed7002c5ada9a6751b7a464da,1,credit_card,1,55.58
0c4a4755b0b19ba216edd6af92e5656b,1,credit_card,10,183.04
029863af4b968de1e5d6a82782e662f5,1,credit_card,4,41.09
0695bd018cbf6e999fad4c321b32d26d,1,credit_card,6,60.89
06efe66e043ee5d43f8d6edcba44d653,1,credit_card,5,64.10
06aea78197dd41a649372acb8dbc33fb,1,credit_card,1,45.93
0760a852e4e9d89eb77bf631eaaf1c84,1,boleto,1,50.35
01cbdb2a8c075eaf248af643b3389f73,1,credit_card,5,145.20
09daf6c53d9fa98e18b67728b86a7848,1,credit_card,10,177.56
0681ba84087325819dc1f41d4f79701d,1,credit_card,1,31.88
04daee30107ba31302f8528918ba7f37,1,boleto,1,40.00
09816d25300df1b7cc5c78edc96f55da,1,credit_card,10,206.68
062b06f0cb6f133e2b963e4947345e17,1,boleto,1,187.16
016495aaab3fb481dc9decab2b4fdbfb,1,boleto,1,22.78
08f95199562a41bb3a899717810c7af2,1,credit_card,2,146.95
04915529f622f4b069fb4501085fd905,2,voucher,1,100.00
0ba66e23f27848fd3bbff7f24632b0b1,1,credit_card,7,101.73
03b93d42401e436cb00a2dd82a3975f7,1,credit_card,2,51.50
0572c996d9b4a7645bb071a158a64bbb,1,credit_card,1,42.59
043cdeaa13251e7dd736f65b9ef6498f,1,credit_card,1,46.22
0a505a7b63a33e72ba4159e3db1208c9,1,credit_card,3,39.10
0a7dd1e47d756727fdfe4b0daf9a655b,1,credit_card,5,224.02
01b4a2ad3420c19a1c7c402513e7725c,1,credit_card,1,125.52
045339fcba21e00a00a822ca77f55c0c,1,boleto,1,78.47
0231a1f06afc507072e11f93fa6e736b,1,credit_card,10,118.23
082388d7ce9557ef064199ef978a8f3e,1,credit_card,1,23.19
02593f8472d9ab3c2620b1b46166c231,1,credit_card,3,510.65
08204559bebd39e09ee52dcb56d8faa2,1,credit_card,2,103.28
03fa4271f18542d22ecbb7eb41802ada,1,credit_card,1,98.98
001ac194d4a326a6fa99b581e9a3d963,1,boleto,1,62.54
07d395244b58ce72bbecdafbb1b60ace,1,boleto,1,137.93
042e14b2dcf81a8468a49c14d28036c9,1,credit_card,3,136.74
08d55e35f34806d85f4d99b62297e578,1,credit_card,5,170.00
0b3457e0c4ca3f53aed80917d932b787,1,boleto,1,829.56
01bbf0fb0773cef52b4d6501e83162f3,1,credit_card,6,121.40
05739db46faf3be7dfe1b0f0ec37689f,1,credit_card,6,150.39
05d46826bd0fb605d6b00e30e9141882,1,credit_card,2,61.36
01bae920aea13b891b50bc1543634a65,1,credit_card,1,67.43
01c2d2ffe8349c5eef0ab33e8ff1f41c,1,credit_card,1,87.84
0b2942062fff77e603cf4837c421e9a5,1,credit_card,4,199.09
05dc8285104a0f76f6e8d6b2ff9417b2,1,credit_card,10,144.59
020550d9cdfb7110d07fd1a1f8937c6e,1,credit_card,1,42.27
082da800c206687336a039aa7269d303,1,credit_card,2,178.90
0ab3d92f71090c758d1df7ff889a9335,1,credit_card,1,15.09
0c4284c2b4798ef2f308a6748fa63dc3,2,voucher,1,86.75
01835ef41c5ac66dd9ec6084fa1d0533,1,credit_card,1,72.14
0101aea69a09e1aa32caa6dbaba98503,1,credit_card,8,94.90
0b768de519ebcf7df252618626554733,1,credit_card,8,667.71
02d3eba685e8150e0e3abacd9c230642,1,credit_card,1,38.39
0143924743f240e1fdcd6a8918fbe147,1,credit_card,3,111.89
0618bf2e52dc2aaefd882d186558e642,1,credit_card,1,78.28
0c87dd1621990a460672f431810cb35c,1,credit_card,1,163.47
01c1f3c10d2641a10cfd97ffaac0b3f5,1,credit_card,9,95.64
04c35d9b971c2df38635b6c4a1983c35,1,credit_card,1,147.42
096b267153128e0d7f9e593bba803956,1,boleto,1,85.18
023dec08929b8cafa8028da5e6b527b6,1,credit_card,1,54.29
02610d88ac343ed64988d2706ce3ebfd,1,boleto,1,43.11
07e4ea9fe9fcc49b673d7d3197b5da23,1,credit_card,1,288.52
05593bfa78dd87f8fb6d212a614f4b23,1,boleto,1,67.44
047ac23902ffcc68f3106db4f2e4338f,1,credit_card,4,153.31
069b0c9fca582b429e998f512a4c898f,1,credit_card,5,188.34
0a80da8a2e86f5f401c7514602bc1105,1,boleto,1,63.96
0b8315fe345e3639eb0a1a2d6e122d36,1,credit_card,4,187.96
09e74688e8059c85519cce1489af2e5c,1,credit_card,10,198.77
0c4a286213e6b3657aa94773d386a229,3,voucher,1,20.00
0b192907ec8563bda5210247497aa9af,1,credit_card,6,66.89
0b61dd71ead1e65e9d50db5b89cb5cc4,1,credit_card,3,129.19
043f43899c67438005004d160d18f55c,1,credit_card,1,233.84
0ba2df57baacde1f6f36148963a494d7,1,credit_card,4,184.27
0136bcc7370d7fdf44bd916a6dd583c6,1,credit_card,1,46.31
0c47aeb0b91c17647935a2b53c38d083,1,credit_card,5,229.28
06bc7036f4e52afa8213176211d6ebba,1,credit_card,4,95.56
01c998b70e420ec36563386a4b71c6bc,1,credit_card,2,106.87
00bd8cf08fa3998ea6ad6d16c2165822,1,credit_card,1,34.28
011105c3b5b8693eda1bfb1f152cec2a,1,credit_card,5,251.59
0c33ff1cd479e404710b74a6077f6248,1,credit_card,1,27.77
031096cba2ef517ed59888ecb13d69e2,1,boleto,1,170.12
0297f94a646c942bde497bd200cce1ed,1,credit_card,3,141.50
0b98d69e5b550f6727dc0beb88d1694b,1,credit_card,10,397.30
03dde7ab63940fbffd10162a74347e95,1,credit_card,2,44.24
027b81ccdf72434e7346aafdf630ff31,1,boleto,1,171.09
0a3181424fe55b41f1f0d53150c6523f,1,credit_card,3,92.57
098fa8e236952567d948321ee4684854,2,voucher,1,78.24
0b8d9a9a4de4be0a6a5f0778f97ee6b5,1,credit_card,2,187.67
0759c200a1d9ec728ba380676bccb583,1,boleto,1,76.51
0afbc110b84719faaef4887a5cff5a2c,1,credit_card,8,81.78
025c72e88fbf2358be05c594d4ad5091,1,credit_card,2,81.40
0a864e1c3705f361a953b0f2cc47a60e,1,boleto,1,40.47
05d3e8073cc594f353b950b312fc207c,1,credit_card,3,251.40
0c78ccb9fbc7e1d41165489050f6b748,1,credit_card,2,143.36
08dae4aaedc034ee67385e739d42d0a8,1,credit_card,2,92.85
0cc9e18508708774c1c956cd3ad9e910,1,boleto,1,35.79
02b9a87c19eb57b9ebaebb3a6850de9f,1,credit_card,2,114.93
0519649fc6c78b0e228b6ea8e6767095,1,boleto,1,47.60
00229e4e43f7a7e0b9dd819ad43268d3,1,credit_card,1,91.39
0b584b729bdfec204ec2aa5d21d6ca56,1,boleto,1,78.22
01f5bb59c4e3a373ee5cade4e69ae92f,1,credit_card,1,56.38
0301ec492e902f2630234df285fa2a1b,1,credit_card,3,379.20
0025081dcf9330f9a5052ae82c6ce396,1,credit_card,3,33.18
0a6667b832116a7484ae779b7b0b91c0,1,boleto,1,155.18
0577713eb945f355426be26104c26b77,1,credit_card,1,97.20
0659ee4a8b8b8da8337c94d35e423c74,1,boleto,1,368.94
05a8c94a9361d5496501f6577cf82841,1,credit_card,1,166.59
03a579c0699b16c6fc6d5db022a6e85a,1,credit_card,10,314.92
0212767fce39149bfc2e12d54be96f65,1,boleto,1,344.32
037578a0b32fa190a1fe9f1de5fd3f30,1,credit_card,2,42.05
0aa6d207e7ba004eef415715c25765ce,1,credit_card,2,118.48
0870d202dc3234340a499505dc36c7a4,1,credit_card,1,46.84
03cd43eb7c373b23a0b55c1c8f76c861,1,credit_card,3,151.23
0a6f6183affc58729c775e30654be436,1,boleto,1,43.88
002691433f09002ac9ca0c4e8dbb8ead,1,credit_card,1,120.43
066bcda20b88b5f4d4870b32a387f822,1,credit_card,1,204.40
034c16aeedd39a916ea470f22a048b22,1,credit_card,1,70.90
0753581dc10ba07cdb8302d6c7a40924,1,boleto,1,192.50
0b055b1ac16d0401f76e361ff96926eb,1,credit_card,10,2124.78
02dcfbe3274b16820a9fca74c156dc9a,1,boleto,1,469.52
0a13aec53ae766fb150be89f7c93a73f,1,credit_card,3,35.00
028b18bcd128b49e2982741f83b78e77,1,credit_card,2,297.12
073c1615e55e3c047b8254b49d3503df,1,credit_card,9,196.29
0767f7b9a6d2c7db242000b27ca8e063,1,credit_card,1,20.85
076dc4ca874b482e0fed6263b1ff1b5f,1,credit_card,3,39.05
0910cddfc72928e063254f00c73e8d5a,1,credit_card,2,50.00
06ca213ef85421d96ee0fe529d0f5885,1,credit_card,3,61.11
0a84606bdb8331708400882d2e921524,1,credit_card,1,41.46
03a312126d4985217afef2625df60af4,1,boleto,1,1963.14
0b29027a3a98807aea23a764ab594bbd,1,boleto,1,178.44
06f40352396b73ac65b6a2059d70441c,1,credit_card,1,107.95
0c38db7d528620e574c47997981525da,1,boleto,1,130.84
052b49cd1787ff86171b4e374f53c42e,1,credit_card,7,399.42
01ae629e578b0eb0935ea1ce19c409f1,1,credit_card,10,103.69
0c8675dc2e52ab52977a76d810e45303,1,credit_card,1,107.90
0c894d8f095e6bb51a9f22123a149507,1,boleto,1,115.90
0c5f4de2e1c08a6da891feaafcf35d1e,1,credit_card,3,221.99
019aaee09698daf81dcffe9d94a18b5c,1,credit_card,2,83.69
0c73113256d69beb31380c221529f19b,1,credit_card,1,22.37
01d0cbd002be92b5a970cb8f233349c2,1,credit_card,10,376.29
0a84fbd88ba3278bbb66308e79b2f416,1,credit_card,4,414.18
0518657f142278ad13d645c6b5b0a669,1,credit_card,4,64.09
06a3bd42be69cdf39cd785d311b54a45,1,credit_card,1,165.70
02c279c60b8aafcb89cb42f9bc4b754e,1,credit_card,3,309.12
06a521049a08d59361b1ae229b3efcc7,1,credit_card,2,113.71
082c7986084072affce4f8c0a20a39df,1,boleto,1,55.27
08a19256bfef2a2b1f0fc654723a9c71,1,credit_card,2,140.53
0cf6d9903d24cb0d6ef8817a9612fbfd,1,boleto,1,579.00
0b7d200784c21ea7b4f3484da9a4a484,1,credit_card,1,159.76
0651282cd5dd7e7103729d800b143334,1,credit_card,3,187.44
03d842e44ef7cae41da34acb402983fa,1,credit_card,2,103.12
026d16bd3f41638e1003e974e5487904,1,boleto,1,239.80
0c5c5872985d8382ec1df7d0ec721875,1,credit_card,2,328.51
009fa9bd0d92710e840793bfefa80867,1,boleto,1,100.33
07a95f982477a213f498dba6bd405372,1,boleto,1,68.88
036d29511908c7b10872e1e72fd0681b,1,credit_card,5,159.46
0a6312b2e86fe734ebbddaae7fabd14d,1,credit_card,8,164.21
03a10721769c7d8f2fefab105e64fbef,2,voucher,1,10.00
0710ec94ade6724b0816df78ee4e689f,2,voucher,1,10.58
0aed18a03ea2ccdb5981aea3524b304d,1,boleto,1,313.43
0334c2700a7e8ac0f3efeb36b4a91e68,1,credit_card,6,71.15
059511087f2394ebd55a674537a7c2cc,1,boleto,1,834.94
03b31f549c27d03bed25fc42ddb46138,1,credit_card,10,2045.47
098f15b40cb74aae030d56b720c5698c,1,credit_card,3,192.59
09514821d13482daa26aadf8c2273e7f,1,credit_card,4,358.53
0b27e5029dd7bd0891b5da96fa33a93b,1,credit_card,3,68.39
000f25f4d72195062c040b12dce9a18a,1,credit_card,1,164.39
0741ee0ba3cb46d86325be2879e18706,1,credit_card,8,392.00
03b5e0da68374e8ac08cd539d0559cfe,1,boleto,1,70.12
04f22b756f6367772fe11035fe75391a,1,credit_card,1,82.08
0173e291db71c3e688829f7f03e2d34a,1,debit_card,1,48.69
04a2b4ee7fcf9fa8bf25b8d5bc770152,1,credit_card,10,192.15
004ba47bb589cdbc485e6025bd6d3c81,1,credit_card,6,60.85
077a6d2bd20a77531ca2dcf84f5c5d0e,1,credit_card,5,57.39
03ebfa9712b7dbc7031291856263b314,1,boleto,1,55.78
0ca8aabee13c6aada48490f516f823a3,1,credit_card,1,86.18
0775e96080c552251cd76472d32e0c83,1,credit_card,1,72.45
04fa206258b069b5900dd56e6cc87a63,1,boleto,1,95.37
0725532304d0cfa92301860fe3075a28,1,credit_card,1,43.41
0a721c801fb74738e32f7ffc3c068a46,2,voucher,1,38.26
05cece27facc8007b2952d0b5bbfe9d6,1,credit_card,1,26.65
01d1bb79f3dee77d8a6809aff0025590,1,credit_card,8,247.74
0acc21fa1eb63678e12042b84f8f9d49,1,credit_card,2,60.38
09324a6d203673f8d0b62bd726f25a87,1,credit_card,10,153.09
0801f0d06dea3e577f48276a2a225597,1,boleto,1,55.62
01a49649881d677e0c901ca0f6564382,1,boleto,1,20.61
0cd778893772d400d2ad0a7d2feda5b8,1,boleto,1,48.30
0218bc1c672e0e92f10a6633ca1cc461,1,credit_card,3,311.98
06d6f2f9ce499ed49d414ff36f583abf,1,credit_card,8,317.48
09854629eee79bc8d606247198ae822b,1,credit_card,3,259.33
00789ce015e7e5791c7914f32bb4fad4,1,credit_card,10,190.81
08af87fbe33eeebc7840433d94718046,1,credit_card,4,296.72
03c8468d3001db38cadd59ac670341cc,1,boleto,1,39.80
0ce8dd4235e50ae2f8beff18c2ae0c26,1,boleto,1,208.52
05f9e5c577faa3a272454a2ceed5c64d,1,credit_card,9,90.75
0ace216597fa0efc8a42140d99fda065,1,credit_card,3,77.57
06c5e0b010707e400bcc627771a27226,1,credit_card,6,134.48
06cc09320698aa17c751e20ac00ba7af,1,boleto,1,75.08
06b7229726fb71407516395c69b6172a,1,credit_card,1,88.29
0bcc4cc85c24f23e22013fd22f99728f,1,credit_card,1,195.00
04af63a78c7e84943b8377fe1b7871aa,1,credit_card,5,133.69
0a0eb4fdd818ed6fb62d07792c948971,1,credit_card,6,116.90
0ca768c507d1fc3c61bd950bb1c5231a,1,credit_card,1,112.52
02f751c4c2fc8ca376b65c8847b65f4d,1,credit_card,7,143.46
043ad325c92b4317f9ff48836a7a4e9c,1,credit_card,2,138.65
022e34b10acb0f74f51f03b3bf8d996d,1,credit_card,8,106.38
0930b4554e6a2135e7132b897c3809f7,1,credit_card,1,29.77
006127b8b9a1681a982313ed7129c3c0,1,boleto,1,556.22
044cbf8cf2b8839acd8f0fbc6faeeabd,1,credit_card,1,46.48
04ffe5a8a70cc5dd6a00b68fd6c905e7,1,credit_card,1,28.41
0ca9a58f008bf2603e4b02b0813996e3,1,credit_card,1,92.35
0ce5b90b3bd06c388f87fd281ff7eba7,1,credit_card,5,246.04
0758015124a0c9af755d31a7bf0efedc,1,credit_card,8,373.97
08c7d364923b6238c246df0fab24d907,1,credit_card,2,163.68
095eb530e061e441f8ad27b2c8ca549f,1,credit_card,1,21.15
033c0d8e5bce8110d7900e088c75389d,1,credit_card,3,223.83
03d7dd4730b71e0a310c9b30431c1961,1,credit_card,1,137.97
0aa31b21d8142ae99420dec2c667e869,1,credit_card,1,138.92
021d08e4057e5b6414c8d2f69f4f72a0,1,credit_card,1,66.03
0ced306b608e9bc80ef960368a3414a4,2,voucher,1,1.67
00c47cfa491ef55779ec7557673087fc,1,credit_card,1,72.07
013bc5ce14f856d31efc8bebdc3a278f,1,credit_card,1,32.61
0b50bea7ba1e8ba7a21b01b7c9d1350b,1,credit_card,2,74.28
03e5d6a8dd520898f86f8429ccd07c21,3,voucher,1,42.24
07b632a4645a2dba01074abfe4f34c4b,1,credit_card,5,91.66
023b3575b6649cf01cb239c0e9603262,1,credit_card,10,171.44
08a79aa47b2dc809df77206f0660fe5b,1,boleto,1,92.50
06c17d1278ee3d265f881df4a58f11d3,1,credit_card,2,80.85
01bb52d7a8dffb8bef5b79268487cd10,1,credit_card,1,176.36
0c8497b3a4cac1978ea4ef63fbc78312,1,boleto,1,36.90
052ad30f046f581349410a7b366ef674,1,boleto,1,22.72
064e219a982901ccffc2d33432b77a2c,1,credit_card,2,149.03
0987ca7d6618e8d1a3bcc49207d6f713,1,credit_card,5,253.40
0605918e96aec0f42a10810d92b5e864,1,credit_card,1,47.48
0a5862d87bffd3cfdc0615c7aafcf408,1,credit_card,4,43.98
0cb87161e7b8247087cc93117f44a6a6,1,debit_card,1,630.28
0b38581eaa98bfe8d55c956b4dab5bcd,1,credit_card,1,59.60
0510f632b86f01064ebbde67deb63bb5,1,credit_card,6,113.67
0553f54e437f2d7fddccf81ae9a646c6,1,boleto,1,63.13
06a9ff8c19b2d371a45c48568283929b,1,credit_card,4,49.12
074054ad3d2e5ee3fc6f098d06f321f9,1,credit_card,8,110.09
01380d0df5b7dc8bd13f2266a57bd42c,1,credit_card,2,27.86
0b5fac54294af7123ee72a58d00c4b97,1,credit_card,5,173.33
0927a99c4c0b6c6b2487a4e869f7fc2d,1,boleto,1,325.41
0c63a4c9a17deeff24d65bec51f3a5ec,1,credit_card,4,42.60
084ba79e5ae4e7d7ff0221c538c38832,1,credit_card,1,41.95
065963d921de479181824ca8d8737935,1,credit_card,15,473.95
06c82be9b8551eb37a9b8e7e05dec631,1,credit_card,3,100.34
060b8f810cc106b90824b59a26ceb0db,1,credit_card,4,177.25
00042b26cf59d7ce69dfabb4e55b4fd9,1,credit_card,3,218.04
09badf53476a6bda72b4728e858a3433,1,credit_card,1,31.75
09bc338a4e0ae30bcaebd7f1a2c6d3ea,1,credit_card,1,82.44
05a5771b1afac9163e7cc298fc97263a,1,credit_card,3,158.93
05ec9565bccc292561dec1d33bfefdfa,1,credit_card,5,62.92
020f64bdb28111d057f49277da918771,1,credit_card,1,40.88
008eaf9004164883520d0bd32b107261,1,boleto,1,157.34
04ee5eeac980a849efb5ac99abf87259,1,credit_card,7,207.10
0527142b56f235b4936a8573f33b020b,1,boleto,1,206.07
076d71b244e240e104ffe5bf5985faa2,2,voucher,1,50.00
02714865c4c2f281df219af0a56ffeaa,1,credit_card,1,125.42
0b24d5a62da084e9c66959aff6328dbc,1,credit_card,1,80.10
03cdb68275d2470616d79840dd83e1a2,1,boleto,1,253.13
0ab14c7f000642be91d882357d38b8cd,1,boleto,1,241.22
0c995611a99f81268d859184a416f1db,1,credit_card,6,128.20
00995d799817ecc3bd2abd8fbe59c430,1,voucher,1,62.82
045e0b29f969d5cd3bf5ca04087a4af8,1,credit_card,1,91.69
031d26635bd08bb7f773e40be986cce0,1,credit_card,1,90.99
0aec9f1ca543dc390eb38620dc9c6429,1,credit_card,1,76.33
0bb6d291f1488ae4922e89c2f6105f33,1,credit_card,3,243.66
0cf80be143500050973f324c3e068196,1,credit_card,5,55.11
002f19a65a2ddd70a090297872e6d64e,2,voucher,1,33.18
04b3135bf087618b410a00680576242f,1,credit_card,2,43.89
0700ebb6d2f93a025b6ba09074cb57c2,1,credit_card,5,362.95
058cb75116972074baa3c4e594d2a851,1,credit_card,3,159.73
03f2f876bfee9ea9a502ec0d8a664e4c,1,credit_card,10,179.34
012219b6d6d034eb359fc74730a080db,1,credit_card,1,217.40
0bad561c531f95c3d0c3ef2e03ed72de,1,boleto,1,194.50
0aea5ed8df108f7cb387c099ddec65c2,3,voucher,1,7.68
07a038893865b59b24c46892652be2b7,1,credit_card,5,52.13
05751d04e18329aec0f74b16883db3b2,1,credit_card,5,245.04
0928b1d58fe76f5a1e63be5a47ea6253,1,credit_card,6,64.52
0bbb3f7791a87d0307555e57da3a1ff1,9,voucher,1,3.71
06c04e62348d799e4c410955a5b5ac54,1,credit_card,2,99.43
03518b1ed227311405c355ccbda81a80,1,credit_card,5,77.53
015a7c64361928a0782ec0e705174b6d,1,boleto,1,31.22
0ab90720b8aeea3179e8f0919884bd24,1,boleto,1,112.73
0231f6b89e5798ff6c0dfb1e18a94da9,1,credit_card,10,648.77
089a371eeab2f86ebe76b23a4c99d3b1,1,credit_card,4,230.95
0a0ae1b561eab534493c5588efc5169c,1,boleto,1,325.93
01dcbb39823b4cda39ddcc6679fb00ac,1,voucher,1,115.00
05a971ae7a83a0b371ae1b5bfc45514e,1,boleto,1,273.90
0a245a02fe848f9fe7d36aba3f785d78,1,debit_card,1,40.29
047f9a218bccce8342d77f72c2240f8a,1,debit_card,1,221.76
09a12008dce38051d0f39f922b380e05,1,credit_card,4,97.80
0ac37dcbb2a733a4d81866a91ff65965,1,credit_card,3,71.35
02d0cd05f04ab2e3c1acc473b0abc865,1,credit_card,3,56.40
07161bfb5748163ca6d0478bda1b0a5a,1,debit_card,1,32.51
041082480b107a1303236e0c21b8bcd5,1,credit_card,4,216.06
0b3b5e521f3ad8a57d4c4bcdc034446c,1,credit_card,10,299.24
0a187dd7f4efe70e8c3b6e3779b3b133,1,credit_card,8,1333.55
08451f484ac3dba5140399d0b7e0a829,1,boleto,1,90.73
057b58254cebaa14e712b7beb7bfa9a8,1,voucher,1,53.33
067ce97888318cd8d89a45bcb4adc94b,1,credit_card,5,125.53
01699d74ff89d35f15093f83d7783c39,1,credit_card,2,161.68
097c2a2e5ea719c510238bad5d902cef,1,boleto,1,132.57
0a31fa5371c2046d273b9fb84e3b2988,1,credit_card,9,97.98
0c0aeabd6ae9d7a303af615334a220d0,1,credit_card,3,342.38
097abce97e431993434adabc1aaec4e4,1,credit_card,3,73.16
081081d7c1bab4679737b9254c3e992a,1,boleto,1,142.51
08061d4bd888415d50ba941cbd4324da,1,credit_card,4,211.91
08b4c8a8808af1f771bd9602e193f9b6,1,credit_card,3,115.44
094e2ca5a39bcc45b4077867bf5dbdff,1,credit_card,4,128.72
0a896d016dd3a53c584129cd14e0875c,1,credit_card,1,31.42
09905fd2dc65b5998da50f11ae3ed6f0,1,credit_card,4,292.34
0629771ee9bc4f49e6d2fb6d637f00a7,1,credit_card,1,150.04
08bd4784e35a8be0fa12c4f4f91799ac,1,credit_card,3,90.18
0678d595b99f7162722e241ea36f7512,1,credit_card,1,34.69
0c0c250234e385578b31a38b198cf900,1,boleto,1,165.70
0ac372f92fbec55ca27ef4fa99a6a13a,1,credit_card,1,23.10
0046e1d57f4c07c8c92ab26be8c3dfc0,1,credit_card,1,15.57
02ff3675b59b53ca5cdcb2b6752aeea1,1,credit_card,3,69.54
006557c3221c1fcd02b0106343ab357b,1,credit_card,1,23.17
08cb000ba1516a67d8d9fbbe5f9a1091,1,credit_card,4,137.40
086fbd1d738c8b0bf972f0757bc57e9c,2,voucher,1,33.79
008c3a655c66f4d92370d0d422732f69,1,boleto,1,99.44
0aaf52291c13507e7fe4f565f079ad9a,2,voucher,1,62.60
01e9feecd7fba975c1869a8fbbb38b65,1,credit_card,2,303.11
047250e11ece4201a2083bc3b62866bf,1,credit_card,1,43.30
01f48b2a27229e667db384b5b9d5dfa4,1,credit_card,3,68.19
0115d160c5fbd758a139ff90821db60d,1,boleto,1,411.63
08fd8d3e4e30f796d703584db2e27e1a,1,credit_card,1,86.93
02ce6664223305cea5b46ef1f2d81461,1,credit_card,1,54.80
0c55bc7181a82565bc9da1e2842c84c7,1,credit_card,6,136.50
065f2124da64e6bddb1120142f2ad73a,1,credit_card,9,625.86
0cadc06392b4f42042d688c35d6a1c16,1,credit_card,2,163.79
034e23cd76658cb8d602b1f1e42be7e6,1,credit_card,3,82.73
0c9f4cd9a2f5e3783d9ec0f4daa33741,1,credit_card,8,84.34
0814daa4d12a646aeb73c429d5852f4d,1,credit_card,2,26.26
011fcb4fabb3e142579ad63472b11227,1,boleto,1,23.10
0847671e74f36253e410d74921dff936,2,voucher,1,7.40
0354fc44bfc5b7a6d382427c6046f5e1,1,credit_card,1,103.64
0c00eb38b29dd352b15a6ee44f8a531a,1,credit_card,2,128.09
052b7ade468bbc426187ed75fbc1fb3b,1,credit_card,1,301.42
05c1808ab7242e387b4947245e0c0649,1,credit_card,6,63.52
0c38244c47b653d8aa8052e9282c23f8,1,credit_card,3,30.00
023af4b88d12c9f3f56bcb55da0450c5,1,credit_card,10,213.74
0ced306b608e9bc80ef960368a3414a4,3,voucher,1,9.71
096d4376832d3c6a12a5b6815590a657,1,boleto,1,76.90
09b38400b1601bc9dea9de02c710857f,1,boleto,1,60.42
0b5143acf46cd4dd573604b449451bcc,1,credit_card,2,143.48
0005a1a1728c9d785b8e2b08b904576c,1,credit_card,3,157.60
01d0f6cd01d79574621a56a1b9e21019,1,credit_card,1,34.69
0af0621c001cb61ae1559c8f6417e1c6,1,credit_card,10,768.99
09b748b3799286e3df820f2d5528abbc,1,boleto,1,274.12
0724f5287d69b7a3fbcf9ab02054ca4a,1,credit_card,3,72.20
0382e1be5feaca880336365b982b8629,1,boleto,1,24.39
0c986e5002868d137f566b34fb183827,1,boleto,1,146.12
0504447548229e075dea8441b37b1e2a,1,boleto,1,221.79
070492c570207c7d9207ed0eb2254ec7,1,credit_card,4,156.85
09e0e42eda6d72e0bd2a2e232d1c78b2,2,voucher,1,100.00
0079bca8e89bd52fdb87408e4f3fb94d,1,boleto,1,57.29
008cfe221ab054c89bc31720098cca51,1,credit_card,4,146.84
09026ebcef956ddfbc9af4af7c46d377,1,credit_card,1,26.53
0893ae2dd572c400965d60fa77f45076,1,boleto,1,126.90
08bb21f621b955cf27343f29059d2696,1,credit_card,2,138.72
07da984520cb8c0de39f0b96b92c08f6,1,credit_card,3,66.31
0927a4ea2d6af04c6e8a1aecd4f9951d,1,credit_card,2,146.01
05b45bd050b8c16805abca656246149b,1,credit_card,1,68.42
06a702a3caf8f33af30200f804d877ec,1,credit_card,1,190.64
070a62ae87136bfbe6ef6d0e2883cda5,1,boleto,1,343.37
013056cfe49763c6f66bda03396c5ee3,1,credit_card,5,254.70
08acb70a4f06f300068802d8776fefaa,1,credit_card,1,55.27
042649285cd08ef7c546445419b43407,1,credit_card,1,28.34
010b0f6bd323a9effd095a743e660f26,1,credit_card,3,36.71
045acee11e62afca7764429c5710dac9,1,credit_card,1,27.19
0978a75c5390506e56614f327e7fa342,1,credit_card,10,518.25
0927272c1caea73a32570e9de18c2bb7,1,credit_card,2,73.74
023ae47e11483bdb8aa35fa4662aee1c,1,boleto,1,112.09
0a32919eaa38cf81a09bb4cd2ca383df,1,credit_card,5,55.30
076d71b244e240e104ffe5bf5985faa2,3,voucher,1,30.00
066a60f7b0700a942ba22b627ebff13b,1,credit_card,5,137.93
0420da8d50a3784011290a782f25a8a8,1,credit_card,1,74.63
01a921eb5bf5df0c2990e62563ceca49,1,credit_card,1,158.70
061a6c0d2222c7c9f49a21e108579b49,1,credit_card,1,94.63
093a57d9efa67214acc6fd5c5e1e01ae,1,credit_card,3,67.73
037f4f91c8f5cd2a6ddd52a63d97fdcc,1,debit_card,1,99.64
01311f2795d8463a11f9422173687696,1,boleto,1,128.46
023efd060c082063e299dc77891ea1b7,1,boleto,1,56.84
08bf457a7ecf8ba28efb48f0add11cca,1,credit_card,1,97.32
0b3506e1bbe1a7086dc5f9f41c594b8e,1,boleto,1,162.36
04dd35719b3865db080c89c54b9f5b6a,1,credit_card,6,146.90
0bcaff63441802dfa8dd292f453c3635,1,credit_card,4,168.17
039749cde6a67a679fa5602f776cefa4,1,credit_card,10,174.04
01b06b4d63c340902dbe3d9f8b2fe821,1,credit_card,3,195.86
0b1c59b14d8f5965dea7bc2db28a34ee,1,credit_card,1,48.21
05457977f35122e71095989d738e4a37,1,boleto,1,243.07
0ab72bab67e4b9af0dfc369356d70202,1,boleto,1,87.80
09ec3f2a1a1ec11f2245a4538a00eae3,1,credit_card,5,128.08
05369626de3379a1a26fa24e22048214,1,credit_card,1,162.85
01358622f65717728b3b2ec2cf4e8812,1,credit_card,1,6.97
094fe0ffb99d42aba8ca2a6b65a8921e,1,credit_card,1,94.31
03fd35e6d3a78d5e05114e7a1ac319e6,1,credit_card,1,126.20
07f2e5679e13d0e45de9da85bb833558,1,credit_card,1,31.33
028558cddca332b40b4ac4cb77407edf,1,credit_card,10,2784.16
0a0674921d2acf422fa3f4fd78717451,1,credit_card,6,212.76
05200ccb21bae81c6c32914d7c3bb778,1,voucher,1,43.10
09ddda124332d6c2489fba71284be7b6,1,credit_card,1,20.21
00b6e66f005a657a6b13eedcacdf9342,1,credit_card,8,477.32
0030ff924c38549807645976adeef2c0,1,credit_card,2,292.24
0150004d4d8eb63f9948de164da34e34,1,credit_card,1,240.41
07b0c48ffce8f9ad9878efed80bb428d,1,credit_card,3,186.10
00fc308dd7f0937682698becaa9dcc45,1,voucher,1,104.11
03a85a6adb776ffefc4a8d7f845b10a4,1,debit_card,1,73.40
0bcaf262925111aa4be36f35bcb92fdd,6,voucher,1,34.04
04e46e7fa33e86e068e66a04601ed8e8,1,credit_card,7,139.96
06914a88cb181e922cc58fed3d198c98,1,credit_card,10,175.41
04bef5ebaab368e72d66decdad88fddf,1,credit_card,5,86.64
097d24fcfb2b0afac45ea41ab4d91694,1,credit_card,10,170.48
071cf21dda000c6ce3b50a56374b1b89,1,credit_card,4,210.18
089099bac717ea03540251a8c02858b6,1,credit_card,1,93.64
01218a8a807fc187849529e6f12237a9,1,credit_card,1,30.10
068c0507e1af74b156beee1db2deed7a,1,credit_card,6,104.34
033dac2c6721b55b4323f622ea5c1500,1,credit_card,5,280.63
03225b1b0b8897aa43a745d14fde3c87,1,credit_card,6,117.69
0b1bd7cdeb2d703ebe602a2989a86f9a,1,credit_card,4,40.16
0a89bc2ec7e822a78b0cef45518d6217,1,credit_card,8,427.98
0306b467a7c7d400d265b71cf6608e15,1,boleto,1,75.08
0a7cf771945fa809fa47399a1ba0eeaa,1,credit_card,1,81.14
028ffc48d3a4004a010e5847d7266cdb,1,credit_card,2,27.07
0b886faaea82e30898a5dbf0ffa73e51,1,boleto,1,60.75
053424c24c059910d1e31829dddcd4d9,1,credit_card,3,58.36
058350ebe1e9c9b426d1331b4b6063d1,1,credit_card,4,58.64
0093cbf16a6afb7f0ab7cc821b6f9e92,1,credit_card,2,142.96
0cd5a59b77b1409abb6f791b2322b910,1,credit_card,1,21.77
0aba00d509b25a0a90084c7137a8cec0,1,boleto,1,76.33
00b8d354b36820e9d6131fd5173c5581,1,boleto,1,65.31
05a5446738fb49ff21e44d318df1189d,1,credit_card,8,231.15
09dda1ced4a7c14c742c7f2678c36641,1,boleto,1,145.24
033cec9a46b0dd28fc10c800f9f3d878,1,credit_card,1,1226.84
03c7acb8cfb3a3567a70fee4a1e2f82d,1,boleto,1,195.63
09545768adc993877dfa9a4024b360c2,1,credit_card,1,98.15
072d46cbc49c2ee26ddde8f25d22f617,1,credit_card,2,165.98
0010b2e5201cc5f1ae7e9c6cc8f5bd00,1,credit_card,3,65.50
0beb6d45320a3ecbd50c0b5fc7d8dccb,1,credit_card,1,195.91
0a8488f892c3e8631099327c1ec55d08,1,credit_card,8,131.28
0655a10c9ee5cb0fa451edebb94102be,1,credit_card,1,215.76
0c218bb391f7d78332d4d53ad73b51bc,1,boleto,1,73.40
0019c29108428acffd089c36103c9440,1,credit_card,7,79.85
0c0432a85e60b5eae5f6b1e0c3ea9e0b,1,credit_card,1,85.14
06691ef50a126916cb2d45040258ee3c,1,credit_card,2,149.43
04f352fa3f3b02bb7c523906d577c4b8,1,credit_card,2,242.54
05535f67cf6802000ad3107136cff4bf,1,credit_card,9,116.45
0653cf037de0812e8ba775b4a0ea9c2f,1,credit_card,4,97.71
0902d364e14a1dc0b156a550d070cbb6,1,credit_card,2,257.22
0c1426109d8295a688ee4182016bba59,1,credit_card,5,61.11
07c60b22ef2c61750215fd44cf67f928,1,credit_card,3,117.66
0aac3f6d27bb6ca9544b436813cec8aa,1,credit_card,1,147.15
083606af9191f3c3119ed90e616df1ca,1,credit_card,1,383.32
01f80c40f143af17e50622fe26ca76c4,1,credit_card,8,137.27
0608991422469365a7b98644f2456aed,1,credit_card,10,243.72
027b013d2186e25c2b82beb3679d0833,1,credit_card,4,139.17
067f9d27ecdd6f2af735e17be1b064ea,1,credit_card,1,114.84
0cd74b0dbfef5f1f8dbdcb3128f0dc51,1,boleto,1,176.20
0ad3d55b3745d0afb5dd2d9f86c25dbb,1,credit_card,1,38.01
07f83d154c11676890dc6275328ba6c1,1,credit_card,6,269.93
03515a836bb855b03f7df9dee520a8fc,1,credit_card,10,106.38
095d64baca2fe257a3dfe98da12f0460,1,boleto,1,61.06
073049331da5458f61598e5d221f4928,1,credit_card,10,108.59
0b7b12a402b064d880d3cb31051f6d29,1,credit_card,1,86.83
0bd81c3fc5ab72f8089147192cfc3f5b,1,credit_card,2,70.15
02fe1a0806a5041f35fc69f658202c34,1,boleto,1,95.34
08c182b2e7095965cdf8fb5be1cd5b3f,1,boleto,1,65.13
064eacf6619a7203b06b7187bf3a3779,1,credit_card,1,37.80
096375c5433ecff9fd971ca2bdd40f1b,1,credit_card,1,58.13
068b6cedb09dad00249cb7fc310bc067,1,credit_card,2,151.96
0b405b8ecc88bad4a3f2eee0fba1419f,1,boleto,1,165.25
02950daa1214da108fb29cb5a0a3f74e,2,voucher,1,38.09
01ae5e4c5d2549f7c05000a2f5856c28,1,credit_card,1,55.60
0a8c76aaf89178fd0f7655214a6b5223,1,credit_card,1,74.17
05547569f5543318997d30464eeb74e7,1,credit_card,1,207.62
0cf1684e713ddfe42529ec72206b25b3,1,credit_card,10,551.49
08fa8b49ff198d1332df4668087150ed,2,voucher,1,50.00
0a393be90b03100dcea4aa21f2e027ec,1,credit_card,1,231.94
0562a20526fecdaa1eb5019bc3920cd9,1,boleto,1,73.72
0baa34fb7824f076c177df17da43b62b,1,boleto,1,34.68
05cd95d42f28b378b5abde39c13473df,1,boleto,1,34.59
01f9f30f42a15cb09e70666d0df18856,1,credit_card,2,66.06
06eed67b7a87cac349143f3319c2b9fe,1,debit_card,1,192.32
028dc52e12ddda803ec1e35eb0b7b0d9,1,debit_card,1,61.72
021d35119e0e191a4fa47715d479b6f8,1,credit_card,2,97.08
034a3d1faac58f35a7364de005209f13,1,boleto,1,66.85
048860a9cc82e1ab85c2d34174944cc8,1,boleto,1,71.05
0c921abc41428f29f1b5d4c52714fe44,1,credit_card,4,43.13
06f69fec6e098f6350cefea19ca51ff4,1,credit_card,1,103.26
0918eb0a00743c2cfeb69cce4fe4fe1e,1,credit_card,1,44.52
01d3d4cb8c553d507dfd26fbd8b41e95,1,credit_card,3,149.10
06b7df1d1d3dd3e36628fc7078908592,1,credit_card,2,200.63
063f2375ecf74934d05e78a476f92cb5,1,boleto,1,93.50
05fcb26e37b34aa73157fa81401b6b15,1,credit_card,1,79.19
064558d37369c187c5e1e37eb534ba4d,1,credit_card,1,48.71
02661696e065aa02977870f3a87940ab,1,credit_card,3,92.57
01e4121d4b2dcfb2ba6b8f367652aee8,1,credit_card,5,110.69
0020262c8a370bd5a174ea6a2a267321,1,credit_card,2,100.55
0872d0faafe0cb56e6f2c594cca1522c,1,credit_card,2,127.92
0406037ad97740d563a178ecc7a2075c,1,boleto,1,363.31
