customer_id,customer_unique_id,customer_zip_code_prefix,customer_city,customer_state
06b8999e2fba1a1fbc88172c00ba8bc7,861eff4711a542e4b93843c6dd7febb0,14409,franca,SP
2938121a40a20953c43caa8c98787fcb,482441ea6a06b1f72fe9784756c0ea75,05713,sao paulo,SP
e3109970a3fe8021d5ff82c577ce5606,a8654e2af5da6bb72f52c22b164855e1,05528,sao paulo,SP
c532a74a3ebf1bacce2e2bcce3783317,91ec50a00ae74d0a229d2efdf4344e1e,14026,ribeirao preto,SP
aa9f03ecd3728c9bd12e6d962c66c7cb,b03e9d9818ee170e9d6b983803c7d406,75388,trindade,GO
cc32707d2e2f7c92ab449f9b28154809,0d516ca029d6a28d5cfddd80b27a26dc,22440,rio de janeiro,RJ
0aae2862f8eac77f10a34f44860720ac,cd076285a12f40041b32f5ad8c98699f,05890,sao paulo,SP
12d1b4294fef21016c9614eb31e55e15,7556f182460418cf30957e6ce377c674,11347,sao vicente,SP
4cc465bb8ccb079ba561852ffa794668,7981196c7252350915beb9a7367d40b2,08743,mogi das cruzes,SP
e32daa14dfa90eff675034dc7d462cf3,52e57dd9218d99ea21b26f00c9151761,28909,cabo frio,RJ
f7c5afab273b47ab517e096e0219b932,b6c083700ca8c135ba9f0f132930d4e8,08686,suzano,SP
2f79ca5a979f66eb36747f4b354be942,bb50112c998293f45f49f49704165768,88840,urussanga,SC
bd30c8ec7f7139af7195e1f7f031e131,237c219a24b6a3183a216a5ca00f6edf,89031,blumenau,SC
49af8d1256e91058af5b255f4fbc0e6d,7cc3f51930537216ff70ecdc8f506a37,69049,manaus,AM
411373e81bbd24b0356ca1274e9c03fe,c555d42202667b1e09e50e7667b6a663,68908,macapa,AP
ce330ffe33e3f344ad5a80b8410c1ced,4df9aee56fa602c72756abb22ee60b17,06764,taboao da serra,SP
2c7fd840b20f1551c8a151f86349f19a,4c592d97ec529a019883285afe424187,95124,caxias do sul,RS
c45b7286a9a5cdce0152978d9f615be6,9a855ffadc7ac38bd30515d077c31fbb,41480,salvador,BA
8c4a94e823813e9e03460f5f42ce4fe8,be4656d02bf1e9d6663764ac9c7909ef,35160,ipatinga,MG
0b83af8e524bbb2aa83ba090f5be21ff,aaf2d0137050d06ef2c8752f35c0d936,13287,vinhedo,SP
2b6d4b2b966c8aa7413190f4b5dee130,2ee1f65b4197b8eb29826c06b876ba67,23820,itaguai,RJ
e1fb3bd29f0cc22b821938d2853e4cd5,dcdaced133f33e9651ddfe73b2350156,03105,sao paulo,SP
b069a3c6dd74a018f34884bbcd0cf0e2,cbc73c75d15c7292a3defd556c710b2a,88370,navegantes,SC
f7b083bc0eefdf761a28318a9052cf4a,73a0200d198dbc7022fbcb361cbef7f9,38950,ibia,MG
01993877990b2565abd4e3d741c45b79,9e6890852705a77f9e1ad72395131f27,30441,belo horizonte,MG
13e8265ea7e8a11df7a56799f5806220,d55417a83a73d1702b43988e63f0731a,08576,itaquaquecetuba,SP
95aa1acd3c367fcf72a56d106afc9838,34f0b37e89f9ef4768bdd233630f9b62,05894,sao paulo,SP
f9dfd7942a2d7f1588b7638a9bdc8ff1,ebf40c0db4fe06ddd15a7a44238c986e,24240,niteroi,RJ
0825646a316d8b2bdddea079a5e01fda,be2cff6c84f1683300337ecd499992e0,04001,sao paulo,SP
2fc226fece39c0126543c387768ad5ac,9a8809085c8feb9360f282fba0a6d87e,78307,campos de julio,MT
31b01af8b3ff7669130c48d6314da52b,1130878bf821f0b682431f513494c5f4,28625,nova friburgo,RJ
7d81b5f1ff0e0a22a9496943f1df6cbd,2aa9325eab1676f4d62830f004d67a34,12233,sao jose dos campos,SP
13b7ad9037c0906ddddf4671337aacfb,312f3a7159f8ae9a13199d7fbc53d1c7,25802,tres rios,RJ
48ed31e735f1c420ed6ca3637b7c744d,55a269f324455e78349e7b9b7e7e5911,08072,sao paulo,SP
72a483bdbb579a8b5c64ccf2dad900f8,4dbafcb931c678dd5ba9a20ed4f01f7f,17512,marilia,SP
a666bb7a77916be2716fa1420c73c56f,4e65032f1f574189fb793bac5a867bbc,09531,sao caetano do sul,SP
4b4773853bbbc435ddddd51bd6c6a002,f94d7c267f1bb6956a0c6c6fef65da8b,92425,canoas,RS
d5e9eb9208e37c9f39e6f19c0941b675,79066fb583868e4fdd17fc83a96db5e8,39648,chapada do norte,MG
397923ee893a17a79703c3d8cff22911,a4e7c06913461ef2298e10fb4cdd2d71,89280,sao bento do sul,SC
0b169717fec8c12a53790ce862ee480c,25e1b5240ae610b163924a49e7e85bc6,13845,mogi-guacu,SP
693214577dcce707468e89aee554cd90,483686d2c2ea82359b6aa0bb2b20829a,04313,sao paulo,SP
72b154a83078118969daf89bbe7fe225,0087c31081ea8d160baa06bf4ad4d76f,89227,joinville,SC
ae8e4d40dde287b1a730261c382a4887,8de2a640697fdc751bf88a16ae07591d,29026,vitoria,ES
aaad67429ea7d339bdf5f71ae3ef74f6,13613cae6e3bfea8327a916246c96cc9,05108,sao paulo,SP
b8f6bcb3f73c07a92dc1a5c28184e073,6bb3b4d34fb8f3c620d799442a568788,02443,sao paulo,SP
f95370ea34c6c1e0dc4cc99480858a54,5273449e12a174a67f5423126de96435,29160,serra,ES
6b116549ed56c86707f9c9eeaa654941,3d63d3e85947d64c59f9d3b6f43b4027,62106,taperuaba,CE
066a9e746ce5eead40d2afa9bccd3d7d,227dee340139e8c2f57bf05bcb1246f8,04171,sao paulo,SP
a3cc815958a0313f44694efc042434ea,a1dcf2440c6b9aec47d70595ed124ad0,91550,porto alegre,RS
abc24ca911fc4fa27425c23c1f60603c,1b51dc88a783a437b7ab446fb12b4d23,99200,guapore,RS
1c6168ef4f5ddbdedf48f60a4e21128e,0788a5e2db8d16e610407f3ee826b813,25025,duque de caxias,RJ
a2c403073285474c9bb42414f75badde,caa954e15d7c966d515d79caeccb7076,88056,florianopolis,SC
99c0630472d3966ff63c3eda902c1740,ec645f55cb99f62fb8a30e9d467b3e97,12030,taubate,SP
a95af80256ebdb05713863cb03060667,6832ad9ac97f82c7c5d614fb8e632e7b,21740,rio de janeiro,RJ
964b34423c822e9bd9831635ccc83db2,e49eafd7e69d43b8d86f6b5590fafd02,99980,david canabarro,RS
672ed40727c0f5acb2a1439d107a5a82,96e136c1e84c06e4f46fbabcbc3f918d,07135,guarulhos,SP
3aaee00fc9ce5f6dbbd2f378254f7f65,790352c18a7b36b50eb483aa9eba0a43,12321,jacarei,SP
dee7ac1315330a02d049ad3b108c7ad4,16d778764561c820ab02b6ea12796b14,38410,uberlandia,MG
7927dfaf0bee1bf23b4e9203355497c0,fbb97973142894c3265d06e676820c5a,96810,santa cruz do sul,RS
c0971253b7225c85c559bfa40dae5303,bbfdfbd3af995f06a0da9d30e99fae15,05005,sao paulo,SP
e4f9d16f59a10c5f8e30d4cd19a8f1a9,7100473ac090214faac1fd8f9af9f68f,06420,barueri,SP
4ceeb37a91f8756cf608d4ac6cc557a3,0b261bf4d7968521faf1b2178930087b,95170,farroupilha,RS
3782b0146ca11125a619eb487dd7b2e9,7b9fdbf39311ea24e456accef9d98b6d,28470,santo antonio de padua,RJ
4b635ddad21743917c499f9b05204909,c3166e62cdfb039707b78bcfc4828c86,36780,astolfo dutra,MG
63cff72cfb37670b3c826dedcaf32a6d,e2c40c8b0afea459059e4f2b8d22b6f0,85350,nova laranjeiras,PR
adcaeeb04652f5b33cd90d497c6cadd8,9b61c2fdf2c0a670763b67aad64dab3d,05402,sao paulo,SP
03bbe0ce5c28e05f22917607db798818,8f3dca4306d5a89e4ae2c65c110603a2,72465,brasilia,DF
eb71557f1184513989581773d1afc0d5,9caf7fce45f197ace0ef67476d5f0b94,04761,sao paulo,SP
71cd7e5e11ae80ed42c6c57ff51a347d,26f8790baee110479bb7cb362e16134a,95795,sao vendelino,RS
ef8a56cba316f40c236be1799e706e78,6e0c910d67dc3a55add6f66632b33fb6,64076,teresina,PI
627dfd4a1b84a6a7e2a5e989ba72101d,4c3e319751f31fb9c21a247247fe85e0,70680,brasilia,DF
3d64967ab5012122e071d526a18038d1,0c60bacc1a7a82067397bff2c02aee50,36016,juiz de fora,MG
f5c0508d514341f2b2f4d2820f9aae88,29c059c81f62aa098e896ddd7fbc5c32,45400,valenca,BA
4da495ce705cd190ddf3a36268b61142,42bd11eab7631f93159c55cb7289c8c2,03461,sao paulo,SP
d2b324ed82defef43c4a555620013809,a61f05883cecf76583e22f4283e3c015,14900,itapolis,SP
ff4545a3148f5a22667f301e00cb5ad7,70a2aece5345a514bf960b01975aaa60,91330,porto alegre,RS
32f56b65a879ae7a310257eb5bf070aa,03466aa4289c03856add8a3537f914cd,04434,sao paulo,SP
c5c273dc7587ce40423e6c791c339e79,01726e5d6a88d1a8dffd9578872ce54e,85685,nova prata do iguacu,PR
7b1189510beea7145ec61234465745ff,9cf09239ed6ade14a7a589a75c3e0706,89650,treze tilias,SC
bec34e289955dde2437d70e6d8be480d,4329781165a441a91f38a4c583cf5131,11673,caraguatatuba,SP
b03b8bf457533ef245fd5fa2681732d0,90149dae3857b44597744541030794a3,05782,sao paulo,SP
5833a1a8d62b965ca0f8205a8bcb32fa,16df396804bc71ff9a59764e3c0f490c,51335,recife,PE
366c88e3ee5ed365c8529a9639c8b91c,8797820f6554668a5b835ff74cd077df,96400,bage,RS
6ec610172716519f13781b3068dde24b,07fe3cee40551d2377a917fb4f377714,05590,sao paulo,SP
5672aedd63b647c1efe483389f89ac2c,de063bea4f3c9809b4780af305873f02,37552,pouso alegre,MG
db524d69694d9b945d58f4dad03d914e,a046d29175845b313e52f2dff96cc050,05366,sao paulo,SP
964d7ea329d9be7d6001f7ba6e4c3304,6fe1eeba50adb26785158eef67c6ce38,81070,curitiba,PR
20b482fe0f494bf34e0aeda7e9c33fce,4bb151996e2d125f227785d3e4c3ebc6,22440,rio de janeiro,RJ
c5405d705481710dc8ff8760b7a9da0d,7c534bad6850d94161a9cf12e8171339,16570,guaranta,SP
0b98703974a1b3855df622c21cd17c82,f1731fa7ae810577598d2d31a1888b4f,29103,vila velha,ES
1f4e48d20f0deaacefd7fc19a4382c65,520461ee715946f0513f41524ee3213f,03573,sao paulo,SP
91fd140e38421fcc6f81f31e07d21275,f2d2d51b7f7b0c2eae23c90e8c3d1c1f,04652,sao paulo,SP
962be2aadd1d19b72b4c27cfe5e4ea37,bfb5363db41e6d47d3f16a1ba3e880ab,13170,sumare,SP
456c1e01c8ed3b83aa8fc564119bc81a,4ac6ec83ece04605a854d931c8e8d8c7,59030,natal,RN
8d4ed4f811a7873a31183d7d7db8f470,9dc80712fe7b594cb2022882737397c2,48590,coronel joao sa,BA
040998babd9231bd6c86f6e85707fa5e,0ff6bebd4c4327455d347885e2697876,11440,guaruja,SP
1dfdfd9d483bb80b1694e927fe6a8fa1,f0d5f6b6b48d4e1599420b22ff2de1dc,15190,nhandeara,SP
ad9b393f25ebd743df490421048e5c91,3159faae98c743546432be5a500179a1,05434,sao paulo,SP
52c48fab452fef70555eaa1042e9d757,2e5b5e44efa832c60072aeb33027cd65,06140,osasco,SP
0a788c899a1caa2d6a12019e8828fa88,b89e8adcd81b4e77d1d67eed240eb456,17455,fernao,SP
dae09add1fb0749dd2deb3555fb5ff52,cb2b7396e93f306c9076b63930b1a332,30140,belo horizonte,MG
8cf88d7ba142365ef2ca619ef06f9a0f,d29ede26cd3e2817b314005a88bd28a8,79092,campo grande,MS
f0bc77743882d666e091a12181b32386,62113ac26ffc26f24232f838fe2befbb,01539,sao paulo,SP
e9fa18734cb99d218c0bee8e5b02ab5c,56987d3e10c71d7d4e0fc479e65a35b6,04459,sao paulo,SP
a1b1a9ff13df8a206377a149ceb54924,16840fe27040d55fedbd956d8b575774,87075,maringa,PR
9bfb255b9b882baed6b515d644f93f45,e69a2237d79485b1bf4c1b4dca757b4c,02440,sao paulo,SP
f0e4a95200a47e2ae1aa8e8c1af0b24c,7c9b935f3b97a9c5ef678418932ae8e8,20080,rio de janeiro,RJ
5ddfa3a772a75f7369ce2fc4446be805,9bb17125558a326bc9db37d5ba89cbff,75801,jatai,GO
f1d4911942d2bc40d520ae47013a7643,804eb66464db178ab95f5f4ced1f4a9a,98400,frederico westphalen,RS
033f6866f9435a8fe0bca6b54666f543,47a891a1662c1f27cd66c574ad2f4c95,06693,itapevi,SP
56a65a21f846976ecbc7b7958ff32f74,8b87de30e17e4685d7e61af6029a8d1d,17013,bauru,SP
f56e6a45937a0dafd82c6713cff1e50e,a757d6fab4dc255079371d4673dcfac7,04323,sao paulo,SP
e3f62212035039c920a8409127b09a41,71f88676a49942af16839e9690b97f54,22060,rio de janeiro,RJ
5087defc2b2ec1e20defc362427ad2fe,20a37002322179007fa568552bfac6f2,85862,foz do iguacu,PR
ceb911ab7ed6f6d7b8276fc3257ad08c,6ae9f384742bd1c77def2ea71902d8e5,82100,curitiba,PR
b8df33fe835f1614dff9140bba7ec8fe,daf01deafc412b92fd052d5a9e9e6525,40170,salvador,BA
996ec92b257a060a8a66ed7d14befba6,ece8fc191a00edb90d32f45d67a3a178,75840,santa rita do araguaia,GO
d3e29a43c924fd6064e10fe50ebc8925,5ad76b2e1b9830ec678ccda420872dcf,77890,ananas,TO
66358fc9282c24ef2163204d1803774a,d06273369ff5483c3f75f49d621eccbe,48005,alagoinhas,BA
bc057e26a901167220c6e4a0b0c3ec5d,095822a49be101736ea0508b80fb827d,09725,sao bernardo do campo,SP
3b34eb193a790f18c1952eca8a964987,afc8f3a11a809a74e5eef0bda1de6b9c,78050,cuiaba,MT
ddf3c179813ab0f0034e592d4e19e331,d56c514f0a5c73224b61b2f731141d35,08210,sao paulo,SP
b944bb22321bd45c41e8c80019664269,c162adcfa9cdc729ccea19ed898d7e6b,31035,belo horizonte,MG
9bd2f246e81c19f65c539ce426288ef5,d46eb9ba6d6b75c1dac85b91911fc9c2,03560,sao paulo,SP
1722422d4c5041e9c2157a76461fc2a5,8e83592cfac940307a4f9b8ec245157d,04334,sao paulo,SP
3033498ec1047e6944f31409dfcdd579,447cbda062c49d5c639f8f2021bcb1d7,36085,juiz de fora,MG
d2f5dc6c6f4bf3e6c848267c6b63d6a0,ba8e4563ffa217bd76e723e5dc0266cf,59695,barauna,RN
4236ba0e8837211a7c2d22719c96bf86,b525978184c53a6051f72e2343ffce0e,11065,santos,SP
02bf19efae533d95c21b5e1ccc633a88,85c9cc82766d61484d4014b8f1d62dd9,04272,sao paulo,SP
0a6cd5472a5da8843c9eb2237f4ad942,ab97348f0ea9c126b5465189adce22b8,32110,contagem,MG
3f2b5d8dc2d1ea6f3fe026509549773f,6ab4b267447ec31299594fecdf24e050,08420,sao paulo,SP
fe196aba95e52d084e7bb60dbd8a23f1,93b4c8bdafa9877757c77b519415d274,89130,indaial,SC
0ae0de8878f54a5f877f99d19ce170da,06b041f2db357e073b00599455935f27,13710,tambau,SP
bea2a34b3a4d3ce446b7108e1e8b0bc0,4ea54ed88fe3f53b7a4a491530a977d9,95181,farroupilha,RS
0a11e66468367c652e30429655d26fc5,8f4b59315f664705fdf746a775cbab63,09750,sao bernardo do campo,SP
451ac6258b909f1026bacd12f5a58e47,d8aa989e502c162456da4c7da11d7bc9,06763,taboao da serra,SP
0c848f157605bb2142c5ebea60f348e2,2c1e7c176d0336a1466da99b3c75d678,18560,ipero,SP
b5e467a2fd8bbb9e93feecceae7f4261,15ee07403c7aa3b0e895def363cc4a55,19210,tarabai,SP
5840ca4dabfc4e4eac43cdc7123390c5,012755131a5b785b0ae3291c339a9051,01516,sao paulo,SP
814dfd64a142fe2564faef3932b676b9,d647bd6f2997e98e04f7d84da752b873,28655,monnerat,RJ
a4f16a013ae45f11edd3552e63ce589a,b0214eb6208ef4043d6adbf5980397bd,11040,santos,SP
104ac7ecfe1fa7f15b2a635338e104fc,e4bb330e4e0967e8cdd333d1e8b1df2f,06700,cotia,SP
9bc4a258f344f7de44ca841d25a497fd,f372db7693e8b9df2f201a59b1a15c20,70680,brasilia,DF
48fdce8f3b86a9177f826892cc29b8ec,2edbc56cb0ca4af60be547d9a7d48895,18682,lencois paulista,SP
e2b23b5346debd052a2750aca8834ea4,8ffc19affc6337074163ce2baf5ad841,07793,cajamar,SP
b20c15be5cec7221e6036105453dc80e,1995db38694cd879b3c5a79880a807ac,18202,itapetininga,SP
469451c2725ae0ccef5f959bdc62108c,75898dc1ca87f9f9eb28c60bc3132e07,27963,macae,RJ
62beebea8629d73ab3ca95c23ed239ae,aaf19344c14447167191cdd3d7530acb,33400,lagoa santa,MG
19da592ad920d9fb1803c6c44742b2bb,23f1d64e42e89afa1180249ea3578f9a,99930,estacao,RS
74f84652fb83fc62d4428d8800ac4d4c,b02bbbe3fb32d0425ca9c9dcd32dcbfd,85817,cascavel,PR
302c148841465785e80dde55628627ec,8fd70586e2f56a7c0e6fd7dba16079aa,08485,sao paulo,SP
aae14cc68c254aa377d8a2139e3c7c72,32d981bbadb92a8763089fdbbc16bfa8,24425,sao goncalo,RJ
293ef520846cc863d3bf09df2e5245a0,8092a8fcf8f2bf3d2026175efac28c7b,18900,santa cruz do rio pardo,SP
7f0005d66dbecb865851ad1e92861df0,5f804d66a712a98705de2b22bc5a3b5c,95520,osorio,RS
3e7394d8b265e9ff64b31f047cc71fd9,9ddf8df717339b071932437af0e0f7d5,74210,goiania,GO
b8e531fc27d1abbe69022fc27589b3a1,96e7f8f0dbefaa6e16563ac77d339bf0,21321,rio de janeiro,RJ
8f7ecb4570dccd8aeb216db7823da1de,ad0a5744b9ef9ec052eb092d894edab1,36220,antonio carlos,MG
c1f58b0f5ff7289cae44c813e981ee84,e55846d50289cb2abc2364ca27b98b9c,56250,trindade,PE
97dc92f1aae3a7db8b252d1b8466910e,d5faae3f913e775994e53068992969b5,70670,brasilia,DF
7bb3b0d45b4e1a13cd914e4a135e6bd9,286cb34c005540e593bea6045b73bc5a,04115,sao paulo,SP
b15ad935720cf5d5738638c5e7d852f3,e2c6ff9b2166ee2e1ae2d05467546fa1,06730,vargem grande paulista,SP
d11acaa2c66d92618088456a9ab09d11,1d4c192bada6d060c03cb0464f40c871,89136,rodeio,SC
1e1ee4caf4aaf60c6f5e95263a294267,7fdec9ff3ee1b114201473991d35fc8e,94010,gravatai,RS
b1d5a1a3bbde8eabda72534bdb13e41b,4cb8a4fe00ae2633976700cb4fbed9bc,28460,miracema,RJ
898107309c7e33b88d7141ebde723c17,8e23478d59ab253ef04d4d2056ebeb93,89240,sao francisco do sul,SC
47a9d5ffbfeea9fd0290d4c461d7a169,9523a33b8bbf4b4f0d9b0b202ef25721,31030,belo horizonte,MG
aac099fe0a49d5c6bf65ca146a5df864,62e1ae4534034e997766c534abf8f22d,74223,goiania,GO
64b522c8d8d1f7acce0f99ab0bc4309e,6d9340cff66614691b64758da5a28d53,24717,sao goncalo,RJ
0e24c21be3703d83ec0cccc0a4128d03,c9029d82198cdb73c48cb62dc4b37b67,02452,sao paulo,SP
034c3cb26461c58520139e4efb33ed90,b53c2691f8d9e0f58c1b548a4e68ec12,48030,alagoinhas,BA
2ec58f2c612ff2a103859e7615e10a52,6f44e0e9c2553c98d619d8c5394f984f,05415,sao paulo,SP
bdb599f32a95c53f1c17076217f3db9e,888d3b72871bb77b66838b4b59a7497e,18035,sorocaba,SP
04e93f286b7920c82dc1a31240255ee6,27d79cba68ba1f1873245f9d1c45b0e0,02728,sao paulo,SP
3e0c0674e2aa2cd249bc32ec8e472d00,60aa9fbdfb6f0898ec32c23ee2245b26,20561,rio de janeiro,RJ
493941e03992cc140b88be7a292808c9,beac646283545df90be6dbf8b17668b7,44024,feira de santana,BA
c8c62d4767ce11a1611db2fbd5af9a0e,8ea3ac9d23c41e3e9402a59465e534c5,09710,sao bernardo do campo,SP
0c443d05e8d9a031f5a2f4d8eeeb3fd1,05af4d441293afa8f7d8a960b3caf4b0,18207,itapetininga,SP
c5b84038071afcc85b592d40ca2f6d21,a61654cc37cd1130c3d8a32fb45633d1,28035,campos dos goytacazes,RJ
e240eff137fb7e448e220313021b903a,02f410767a69227b0e2bfa75efb1a3dc,28680,cachoeiras de macacu,RJ
0d3fd248b9091835bed29763f4eca9b8,468594b34a196118b704963bacd30529,88110,sao jose,SC
cddb7c930b86c98185caad9fa6cd65c0,3a69e1826b490a9a1253e94e511feb11,14783,barretos,SP
a338432949ddc9b9e6bee3d2695d655e,a15630ebd61b2a42d78cb93fbebeda88,03143,sao paulo,SP
e3626e5e4456891fae423283d82e040e,a5325bc7a79f0f2633f961528afb93de,04067,sao paulo,SP
73a710dbc1214a53b1c3b7222b9bfd83,a3f950daf5819f8a6848e70fdf61434a,08574,itaquaquecetuba,SP
43d5dc5dc7a295776fab0e796b80b2ee,f73e3c901fc73a2576be1f5c1b8e229e,39620,medina,MG
2d09dfc044031584fc09a6c003c06953,5bf1a29b8a12a67fc3e88a85023aeca4,90460,porto alegre,RS
5014401cb0faa8ae93727383cd39c424,40531f4f22cbbc7e1b43af10f140697b,14404,franca,SP
80d02feec2eb2a0d3534442afe4e0e2a,485bb7a7439d2e169b88b530385db387,22450,rio de janeiro,RJ
a2e817de816d28b4f09ab2ae8f2b02f3,a74604c8d59be4d5eebd1fdde0e5e57c,88133,palhoca,SC
bb7651b2df4512e6c29ff35a7b8cd754,e6fa7cc86905b2aa644fcce145e2dc80,02443,sao paulo,SP
1ff9a62ca666573312fece78919c5668,66a1f64b5e311487845a8884dfb803d4,71693,brasilia,DF
907578100e52cfb751d235d0930227f7,0fdec6c625ebd21f4304696b1dd3b37f,04739,sao paulo,SP
10408208bd283f97071e63a15e1277fe,c169c9937db997a267f749cdd64c161f,80210,curitiba,PR
e464bacc73c48134f460e289a5f0baf9,a1a9e43decb5941c1fc7f7c5fd507c5d,26600,paracambi,RJ
533d844e0a43ffa5f3b7d6dbe40ebbc5,a1076ad45e2928facb47a0fa1a5ae915,76850,guajara-mirim,RO
93374fd993a5d1fdd8ced26018a7625f,75401aaff51443612bab3796255b1d82,78032,cuiaba,MT
14c152bfbd60c86aa6bc4d4e68a9378e,51364d114acc5ab07134bd34edaa1722,99010,passo fundo,RS
d52a234746053c5d8415c61a8d1101f1,ae5b8a2e542058597f030d4a128cf81a,37132,alfenas,MG
fc96192474241f981f6bc9b37a572004,7d810ed5b79014ca136c273e694b10c2,06311,carapicuiba,SP
044d79868bec993e35df7044c8644943,83418c2218f970f9c17d5dca6f775f60,78200,caceres,MT
2b161f95dccf57831d2e8ce51af38d19,29f4f2e804f0490f213d3ec3c582f3ba,08616,suzano,SP
24438521febd6fffbfe369c24f3fae11,bd7491d137efc5fafb7a295bb2d238f7,55665,camocim de sao felix,PE
f239edc4401c9043a2c8f37fe164b273,8fbfbef81eb19dbfa1f6ba6bf5924e4b,09710,sao bernardo do campo,SP
f4608a440b868f3f57f378c4b8cd643f,2e3b427dc09d7b4f7430f92956b0f3e6,92310,canoas,RS
a75d7c5126b91788b209b80176b03151,f1a18e3c6ecfb958f83c496b81cff9b3,20020,rio de janeiro,RJ
0389344fcfa1b39110fe6943f8abcfad,c2676cdedacba0e3aed5312e06b9bdda,95180,farroupilha,RS
17effd274d2fba6bd4b91ac477f63991,da5d6f1b3e1b8fd034ca96eadb28eed3,33200,vespasiano,MG
22c15b46adce8afdd7d58e6582752263,1501fb94311512e6b98462d159e05a23,03673,sao paulo,SP
5f09e613464dc63f9a5fa6516bd6f0cc,c80a8439f5efec0925db8b868368425a,18270,tatui,SP
f9de22ef0f044b7f27d5023343857b77,06d1978fe33d7a00904c2145feb94fe9,85415,cafelandia,PR
e5dd0085eaef3be8578a19a6e88c7e10,ec798bcabbcd5ec2b0f5ceff3d224987,06454,barueri,SP
f100dca2fea4be39e1547226e3cb3c45,b8694b368382919977838800e306d55e,22410,rio de janeiro,RJ
731330fb63d7ccdebeb8f36bc312c031,2ee4a3605a94d0787e9de758ee28edb7,62900,russas,CE
70caf454851542826150acf3ff2e7295,c61063a13d7fd0073ac4f051f45137f5,06114,osasco,SP
2812c5e9e26768d8b8d3046bb8aa366e,64a973150258f99362669c52b293e3f6,16309,penapolis,SP
5adb0951ee1644e69835635d77f51e27,071e7fc86eca6e99dc71e6db8cc3bc64,62680,paracuru,CE
9747b6c6ac1b29b403e491b74feacea7,3260f4f60bac2dedc22a61b36c87b0f6,04782,sao paulo,SP
b5dbaddb7666f875d9a348cb0584823e,0f9f321be72b164e312f125825e9aa44,13295,itupeva,SP
32fb720c1193f952fcc705a6752d08e7,7970439cc1f4670b53b509d7e527ac15,11030,santos,SP
b1373bd6563737bf205587f4d78859cd,f5fefa59acbb79c5502aea78f8d4e07c,97418,toropi,RS
5445f5f238cfaafc96fd267d5db851d6,53d142fa7c0e9dd1195df9cd87d417aa,12327,jacarei,SP
e1a8132a93174597bc2dde1255a39b21,97af3062e329526c7999d7c463be57ba,92320,canoas,RS
b1ea2dbdd918e521d2337bb77fb335a7,8e0276972086a72d845ee0fe5123b9b3,39404,montes claros,MG
570c80022b8e52b1c9ff467a601f9358,a755962e94b9e839b75ea07b3bc8b46c,06730,vargem grande paulista,SP
e216f6d4144d83b469cdf8c4acb1ce28,0a458d6e8e0dea254baaa2da5b9bd70e,25973,teresopolis,RJ
91fa40257e77a974dc662e0012ae90c4,c4b58a6222c0dde3a93d032e15b1443d,26900,miguel pereira,RJ
4256db9a88d6440ca48c9d0c4f022195,0f8389298d279aa1783f5704e6dfc39b,13070,campinas,SP
c0c87e50917bad186dc13135c1820d25,dc09df53d23ae01d6b42b547913aa2ba,89899,ipora do oeste,SC
ef3ccd6d77b6f38823b6360f3f2216f9,89431b1ddf925a2453cc5e5ceca38327,22775,rio de janeiro,RJ
87f39f576c79ac275eb018b9e6bb907b,d9d03bb655f24ba225c88a8254be1e0a,13843,mogi-guacu,SP
aa606152f23a5fa9ba3d0b87f7a492e8,5387dd688b5728d24ab1f6cf69aea40f,66040,belem,PA
b6a1445ee505f3a95c827e7a5188ad02,100bf2da12cc1fd1b556507aa87bf3a1,79117,campo grande,MS
075167012e0a7a0c8e33443f75b1a473,3ea2e1a21b563edffdcb2cdfc26c9395,64806,floriano,PI
92ac4160874c75b187c8222aec92e1a6,01a6d398ee25ef8ce7ace2d3620ce248,09895,sao bernardo do campo,SP
76c6370ab8b030109448c39db2b9e08c,81d59547135bb962c771484f86d08c11,31720,belo horizonte,MG
76151005f31fee631493eb534d4fcf58,3fe3e628c6c7a15ae96416826a4c5952,08562,poa,SP
9a7a6d76d51978e29bbc282074409065,c83640a3ac22a4216656d11e5281ea9d,57063,maceio,AL
c11a237ba6088cf7db513e5e9bc0ccf5,6d2b579b7b3c4848bfbf213c6e0050a4,23061,rio de janeiro,RJ
e95fd5cca40cc862687dda4846f9ac00,c705e3b98b76bd8e56d09625ac94216a,76872,ariquemes,RO
7b46de2ef0b70225f5ead1ebcb2954ac,53d1cdbad1f545453eb373aa2d834609,27460,rio claro,RJ
7ecab6f3f9ab08d676b6b9984779c9e0,795de358ecda8dcd5c0203b2b753f918,66010,belem,PA
1fd4a332e216fd1e99eb42d6f6d49084,10a99cf69bda51b0311212059b8acb51,20270,rio de janeiro,RJ
84dac31647902f79570207a7f29c2675,bcbab0dedb521d9c5412dd8913b2c900,09015,santo andre,SP
bc3389e52abbda44032300e38db97c25,e6e46b9b0eec2f2400923f175eb00e3a,27277,volta redonda,RJ
3eef17cb7b0ffaf55b88ddfa3d793bfe,88785e3fc48d90acabb7429b07139fc2,92440,canoas,RS
ba1aec0720594f94a1e9d75b5f6d16e9,d1841b98fc41d2fa7025c22e247d588e,06865,itapecerica da serra,SP
d5423abe53211c09b861749714edf109,abbf98c4b6e413fe48405159b17f9a51,78005,cuiaba,MT
53d7168d4cbc0acd88e9d17e2e18b47a,587ddeb2fbb61cb3659ae90a54003cd9,22451,rio de janeiro,RJ
085e2d8df89b9fdb5182fc89fab548b8,ce43cf7952256dc47c836ce3e8117331,12970,piracaia,SP
f6680f3eef9212ee4ed6650097ec058e,8e7798dd3d11650d0702e888c0ea37ff,22041,rio de janeiro,RJ
1e427598ddcfbca80566d2bcd92dd995,038301b43811478e1a8dc0e476eaf52e,05335,sao paulo,SP
8c517daf8df92143b97b5da73c21159d,be33ce67f6c02b468b94afa895a955fe,34800,caete,MG
95f3b1905c7702b401a038234fdb722c,fec0dcbfd223398c1e3fbbcdc38a1a68,68374,altamira,PA
bde5733ad57dfbe76eca8a4983847114,0d65711a98267875c8ac69b583e1e962,13503,rio claro,SP
3971ac136496b4368c1431bb5bce0929,1858eacbc8be35fe3b5dcfcd6d249462,79002,campo grande,MS
e9887a9874d592a5904dc3b85187ec42,33c1c5ea039f51616c3d36434b8da36b,62270,hidrolandia,CE
c2579cd66fcac7efdbaef0470cc52602,a60cbbc2873fbaf6a94248a58c646a43,86400,jacarezinho,PR
ef48ea66fb39a13e1310b36b676e29e7,98af4f1390402d0565507f23c89c76c0,01257,sao paulo,SP
e9aee3238f4c107c7907f169ba18bc13,1e5398e6f92206cb1cf6c0b54f8a702e,76550,porangatu,GO
5e168c76684ab783a8e1b4a8edd6548a,51447a072df1808d23bdec7d610f80de,14802,araraquara,SP
b0344db4bb1741ab32ee52ef092b2572,e4bc521307b39cf70dd8f0347e342f87,23092,rio de janeiro,RJ
6cae94f1f58ab679c23ceb753967c9bf,58a7135fcd46147533c2f50747435ec2,34007,nova lima,MG
0315fdb0599e98fc798d9b2951f121ff,24eb4e17651a037f45e8e4a5fe293048,31030,belo horizonte,MG
c8939d8acaceeebf85790ff318c89d03,34495b548b102ac3818eed9dcc11b252,20041,rio de janeiro,RJ
cfedf8fc9bf6108c3fd34514c00be6aa,76c9a12722537319e44c31e70b7815c3,13960,socorro,SP
7006c8d76a85a3927c81d16d21e9a317,4c6698e19f20acf48e64c56a7b81cdc4,30870,belo horizonte,MG
b780a7d8b32ede7bd4edd751c7765172,41870f4536c0b2734b7f5eac01b7fc54,28912,cabo frio,RJ
9143de688296ba2531bed7883a7f31c2,dcae8fca76db245777ee6f6f3f6d3253,97300,sao gabriel,RS
eb4fea182012be623175b35ee37dfe50,9ad4f9335cac4ef80ebf85ce93dee011,21370,rio de janeiro,RJ
a1c4fffd5de4478c21989bd29f9a4aa4,01a17507586f0f10f52e7e86ac73e1f7,96203,rio grande,RS
190db53dda370cac90e3b6a5c431dcbc,e76e4da64a75aac84bd07e06fb156271,23081,rio de janeiro,RJ
71a1623032c89a5ab3feff5fb460a5c8,366def67e0b1e3ccfd58d60cc2edfb1a,04531,sao paulo,SP
31648e97b367da55007879fe2ae215e9,2a6c5d9aae37788e1843544a2232d08c,13467,americana,SP
7286ad26234d396b67e5bfa8245cec4d,a8084fb42934303a119c80f5056914ba,90040,porto alegre,RS
06a422c0912397e12e6316f7d53687b7,9a3c5a07ea898d9062cb845b298bb14a,85858,foz do iguacu,PR
2dd2e0daa048c8e7bdf18c2fca50725a,7361b9114e6a9c55744f01645bbf62b4,13052,campinas,SP
bd835f90053d2e51c506a5a0d2ed9c68,2cdaeb8983b14a78dfc7e97294f45f47,78540,claudia,MT
8476159dad022ab6538d74dd83c70d95,6daace79579179309043833fac7f8bbd,22290,rio de janeiro,RJ
16164e94f3a6460de7a0700e99b330ae,44c6a4a11589e4fe071e1b3af881b16e,85867,foz do iguacu,PR
03a94d235a422b784953fdbad346162e,e25df38472e1e2667661c6f3acd9dbc0,13506,rio claro,SP
54f4686e731120a05f1b88deebcfd894,d9fd5d3e285095887e96c40369cfd588,86081,londrina,PR
cca819156e50623e9d3762ebeee308dc,2fe9477037604b2d6f60ffc998eb0812,06458,barueri,SP
e963d9adbf9ceb6f1dab520661946e3e,d099b9eeeb547b0bba4dd84e0658b2c4,04537,sao paulo,SP
9c784dd2711ee49ae9ce0129ec0a1184,2407d70d5ed17f1a306676228d34d846,26551,mesquita,RJ
4d0a3ab9510d745baf706ca6a6a453ef,3172e7e1a9156051d993ac4c332b78a0,22715,rio de janeiro,RJ
be33968269bf8c51037b65cdf4edff1b,905d074d367922a5b2a7b828108a8941,76862,alto paraiso,RO
03d3a988c4d392b88975238160a947f0,0da0e3cb898f1019529c5e5e738edc8c,97300,sao gabriel,RS
7d179d8a629f588eaff7cae81098b947,0145bfdfe85402b2249c7437bd297a07,04880,sao paulo,SP
dd19811f111cf44a0e3d97b617373301,d8020dbc8d6b3281e15cbb54722a24f9,22240,rio de janeiro,RJ
08e79e92fd93a5f49ce66fd838a164e7,2f86f2379f0f4062eabf4bd110e1efb2,64067,teresina,PI
7bda2f42b18b59d03f8cf8d14368dd7d,14e7273c0d9ae09ddca90384ab4a28e2,30720,belo horizonte,MG
3cec5fcde75cb301d296c334e846f8e7,133b813228f02ac54e2c90a91f73f179,04035,sao paulo,SP
8915549cc658e933b96113235c64ad9d,249847a6866de0a2ece910f8aea10e4c,07904,francisco morato,SP
8e1dff0d67c90649dba1440b80328275,b26fa76ddf33e534491e4ec46f51bc64,29043,vitoria,ES
c5dbdd1c279eca001d619e8351528d2c,df924ea3ab35a71d6b41941bbe57a3a7,18080,sorocaba,SP
1453fb48451a18493f27e2e36cfb0962,d46de37fe2b8f3bab462d95755aac731,02911,sao paulo,SP
bbc12ed5c232b6608aeb60a1ffc9611e,5936e0661c5f14ba23f5220c379d9053,07082,guarulhos,SP
cfb455fa4b4d00203442d49931524e8f,fc3fde3000c6c4fdbc5507265441f4f2,12945,atibaia,SP
c24fc4f24d2c6bd64d612774f52d6a97,f7f16795a1871264c01bd5464a30b437,25070,duque de caxias,RJ
c903ba1283fbd5c51a9bad4ec9fd8d97,6e2064e4da450befb0b70bb2f0c68f64,13405,piracicaba,SP
f5dcbb401660482ff93b39d3aa1edb7a,bf429f20c75a39eab83442cda8e59832,98804,santo angelo,RS
47faef3420bd0e1dc047ce4e9171e03d,7768bb025fb5129c44e1a5053f06d9ea,38630,uruana de minas,MG
1b9b09dd0c719b512590f46d37e8cc97,eb8b5ba32b829ecfb6a0f4366983a4af,25946,guapimirim,RJ
027b997d6d188683680b85d8395c6a9a,146d150a30a6b676706908054a09a17f,24435,sao goncalo,RJ
2df6fa407bea6af2e165b3dc8355d382,7f0b669932ffd8ac97d38b4dec098e47,34002,nova lima,MG
214d10ae7f82564a736e26f93f63ad1b,98133f3d328de825de71642dc8a49467,03814,sao paulo,SP
0b8eb01b2a378b535126bdf817eb1761,ad7e2fa70d0db12bce950350ebc0e242,13177,sumare,SP
3e49d94c6d8ad4a1f5589db832772317,77479db0fa60ddc453f3743abc02be23,20940,rio de janeiro,RJ
1617b1357756262bfa56ab541c47bc16,0a0a92112bd4c708ca5fde585afaa872,20080,rio de janeiro,RJ
e870d0f2d7496ef238b5baef98f03ac9,3d2555c2e4253c01ed592b57b96adc54,89540,santa cecilia,SC
20296443465a67e0ac27c5a61f685453,b0cc15ee23845ff07ad13a3af4f34a46,08260,sao paulo,SP
996b18b4ff1e2f7cc85722ef402d1a23,50873ba9117e821aea862ced823f2653,21011,rio de janeiro,RJ
da76db45bad3e7725c88825007a1f3b0,1cef46483007e675198d0cb85e0370fd,25635,petropolis,RJ
0fb28a40a032e249f0b00058b4f82e68,b2a3befd6bbdb910fdebc1622aedf626,22631,rio de janeiro,RJ
b909a43dbe785f180ae31c4d0e79cd28,9692198eb90ef81bbe24655e8ccbd394,88220,itapema,SC
608504ddaf7e677eec291b124ab24093,3545e72419b85e854dd74997461beb73,08253,sao paulo,SP
3f00c5554323c1de1b010995f7bdbbd2,e97b18fc8c6d72975f8689f4a1829080,08253,sao paulo,SP
c8eaa92fb78e29a73b98bb005e08a45e,d1516068b604e6a0d832ef68714baea1,22631,rio de janeiro,RJ
9ba193141c17b861884c09393ed712eb,17906220efbe48dc33df242a98d6008f,07144,guarulhos,SP
51478fa6f626871ba9023c80585e4952,c72e291ccf98df8df8bdc3fcadf64f35,32143,contagem,MG
e11c730c457430e605b6c782f3c9f4f2,dc0e76f5f0df0dedbf631bf132994618,27935,macae,RJ
b4a9fb5e9e2eff09bfc2bc3dc69957a8,1b0620623e20fde7c0f9b0119bb64db4,83880,rio negro,PR
0b81ac66ced97049984bd7faa500cdda,16e261d3a16e5ffbdf45706276e1cd40,71675,brasilia,DF
3304a1e2854d3ad5e262862bee223291,78e8cad870ae10b45baff055e17e9ec6,06843,embu das artes,SP
af922db8b1f8ca65d972706774fe6f1a,f36011def8af6cc9a2ee59eeebb2eb00,13421,piracicaba,SP
c0186800fe9bb6579c73f2b2345cce4c,9648ed501d8dbf31fda943cd91da7d18,04794,sao paulo,SP
7a085850c3eb2e98ea58e13502a3b4ba,bcb5ac806d7b044434c32b9185e89e04,06276,osasco,SP
ec2d2a258b058be97d409669ab436028,e559969619d1a0922477a2d8cfaf50d9,02320,sao paulo,SP
87a86ccfba74e1253a8866e5c7b1de2c,f690431ae9441d78b436b0ed380101c5,74275,goiania,GO
6b6432e5ac54b7e774417246c1e9bbde,cb957f961fd2d8502b97aaeee4dfc5f3,30190,belo horizonte,MG
cbe4c947b4d90a9081fc935dc7a9bec6,7d767510a46f851456cd3a96f50ab609,89237,joinville,SC
ae5b997c142cad29cab4f9fe0ed0a02f,b247c07087a8be420ff1f398c89b2c76,91060,porto alegre,RS
75aa6b9b1a2dd8b71c7a2fa42ac30073,b949a7e00de1059f8c4ffc85b0b72864,85501,pato branco,PR
6cdcd721d17f36e52099be0d2a99e25b,46ad2eaee2eff1f20b8632d4929177ea,89010,blumenau,SC
76717af7e94ef8aab18364647e9ea892,71b400fcddc1600b462848924563dd5d,28020,campos dos goytacazes,RJ
b80aae7fc5eeb4752b559061d404bc2d,213766e3aaabb648e85d62c75020ca1f,48005,alagoinhas,BA
cfd6d3b7873694cf0b8b35a3fd00d504,6a800c203f302b10693e7b18f4d92358,28695,papucaia,RJ
2976b8562dbc7e44887d817a96376692,344ab689e7566bab9ab9505fe83aa42a,04184,sao paulo,SP
06323e75b664e167bba52921c091ab2c,6d8496f43890ea29f119d050e6556796,38411,uberlandia,MG
7caf08a38e40462c6a40a6d9bfb27e59,064885492dc96820ceb922b61cf6143b,13486,limeira,SP
911420c471628353e4666a65eac5f0b7,b7393f3aeb937a81d338553545bf582f,29166,serra,ES
e21d7ebfedc67c1a6678e37c53a78a4d,4b3693c5e5a7965cc854260a30ce0231,35668,conceicao do para,MG
80838cdcafdf698b203534ab9a14cc91,9b3225366562c086e3d5d7f26630f925,19500,martinopolis,SP
4dd66b17e6ebfe130ef40705bb44a1c2,29dc4aeff866d6a940c471a3ea4faef0,05752,sao paulo,SP
8935036852a292fe1f61a03c7d51831d,c7e96f28f6556e49a8cb36b624a2b117,28970,araruama,RJ
4885fcba25b353494b21f5c6635adb34,0b4b0cf6ec37c0546f6b74ed7179428b,19470,presidente epitacio,SP
aa0e4a8833d9c0b97d5cfce946a98dd9,be728fc33a804276c023ac1911161035,04844,sao paulo,SP
043e4ab7fb6ce15a641ee24c596a1e4e,230ebc94e875c79bf04984abbc45dbad,90690,porto alegre,RS
50e2e211862daf99d434538a985b5423,33235831eeadee4a8d2466454f9b6b15,05468,sao paulo,SP
4292ad887342214c93ed734b90355ce8,01d4d353f424ed250bf892af49d30abe,20521,rio de janeiro,RJ
5e57d863ea7e6962334cb87cdebc54f8,f808ab4b504328108d411f95d4d0d5b2,37120,paraguacu,MG
0af4f4ee7ed623c51c524afd235ae5d5,ed96ddef619d26be2d39af9573b78590,18409,itapeva,SP
8401401a8752eb431189e021b8009e37,81d8bf17c9e450228efeedd2603edfaa,77403,gurupi,TO
2f70159435ac1cfc015410b83084620a,d8778cbc1271116398b884b4e187882c,22240,rio de janeiro,RJ
2f4bea643782bf139a849858c4a30e86,751404a804fcb7375342481a53993b18,84010,ponta grossa,PR
45a5fdd83a9dcd5745c0958868fe76a4,96d632934b150c3792258765ff85ec21,03015,sao paulo,SP
33653a722db1d2f6bfe739b3a07f11d6,01689985c22786e41347d5167048b25e,79002,campo grande,MS
e813177a243614efe9ee7d4b466011c3,0d19ff85f8ca735106869df70411f011,71940,brasilia,DF
2f533dfc8d858dc1947251e5d0d8b157,7f92a9ec0b3acc1609d2074435e411ab,01422,sao paulo,SP
369ec69ef76c47e51980b88a5740dc1b,1acfddcc366d45e07b84eedc46282cdc,48990,andorinha,BA
2877c65506ea66a1d53a83bde035ca99,a1597bd71df7812cfcecba6a6e520593,08451,sao paulo,SP
c8fd8ff6d1ad23474b5944bb65a13d37,ba8fe68376e1f756e472279fff01d36d,93230,sapucaia do sul,RS
edd7f87e7e45b3117f7ba85acd16297e,c8d14082e78aa5dc1d332386f18b9547,75370,goianira,GO
58dbd0b2d70206bf40e62cd34e84d795,64b576fb70d441e8f1b2d7d446e483c5,13226,varzea paulista,SP
10cb32f6df39982b4a0205a5c7bfd8d0,238078f2d4bb00e77bec9b68f980d5ee,37464,itanhandu,MG
0987ed023b037114d6e4e6744f2152bf,57dc5ffadb04793be6e216b39737061e,45315,milagres,BA
a59a22655d75791a336909c4bd133fbe,c76c0ebec1c44b44dca88e42b23149f1,41815,salvador,BA
2e59f355ea7b6170c754758463c9fd3a,6a05bcfd431dfae78ac8e99ea5e9c666,36415,congonhas,MG
bff79ac2dd5a3735291910b86f6de25e,bcbcdf6a5c1d0080b661d12b5f09729d,28360,bom jesus do itabapoana,RJ
084c08c188cff70f6cc25048290ffbae,2af34d418eacbc521ce72160fdea52d7,20940,rio de janeiro,RJ
3eacf2c45f37d4d63636fe8505c6a0b5,b74e968d385e7016de503ca976a21a60,31620,belo horizonte,MG
dd22f1d0142d9698c0848674e843525c,edcc7ce9b67e904a02c89576d13e1ada,01314,sao paulo,SP
92ad887388f84f3df2ba6b2249cecc3a,e7c942cb88861c89b66d369c127fc651,25561,sao joao de meriti,RJ
b3588b0dfd394759bb0048856f365c95,baf8a55609217194b2feb8adacdcc144,03342,sao paulo,SP
dc044d4d4ee10fe14d01b88c46ed2d73,bce61d5d9d99d56aebdf845c12402095,11740,itanhaem,SP
f197e640b7b1d41432cb8d8981d8a763,0a694aadb6e0baa990d23504b8cacd6d,29175,serra,ES
3e0e46689729c9a45b4677912c7e6f8c,c3ce0b0db12a858a11240ee907987299,05088,sao paulo,SP
084c12a2c5354ee5059c02f470e22aec,58bfa8233987cdb7b475f1ac752a7457,01310,sao paulo,SP
84ddc138522822dfb51b603c2f466a18,199888480790cc4f6135f3a3e11af83e,22743,rio de janeiro,RJ
7623a517e40b45628d3c89bbce2eb1f4,0b8cdfff31c16993664702e011f530ce,83406,colombo,PR
aee502ec5b607b81286852ef7009d3cd,ff1595b176859956405b859adb938cb0,13566,sao carlos,SP
f71f7e5f75fe51d4524114bc3777db35,e3ec62a54fe0dbaa3afc5f430d2c60ed,87045,maringa,PR
88d700121a83fbf44927b9118fff97b1,2478fd4bc30a8724f6513169153e5670,53080,olinda,PE
6dc7d8b1ac961fe9d43edb6ecadd5f10,1024d89da874e3e84179752404838ab0,80210,curitiba,PR
e26b9c4b85923dcabcf02312427b75f5,573f9af769221b61e217ae44ca555a4e,36033,juiz de fora,MG
208abfb07a2f4c1de66445c9286f5c33,ca7b3c23d1c5f37c4af1b5079d0bfa02,74684,goiania,GO
4a4421979cccfa3b34b609540e6a86e9,dd89306d4242240ae088c8cb94bc198f,36025,juiz de fora,MG
99fa743eb87a62c121f007fc25e469d4,a3e58f1846d3f558c6b4905c9af4b030,13601,araras,SP
9a73612485c1eaf2ea1e2b46d3890cb8,c82564ca0ebfac848d21f6a34b2d1e44,18600,botucatu,SP
a6569ad9b99c7bb667f0ec4224ad7ee7,ca035a21e1cdb618a7d9c98005618881,04444,sao paulo,SP
fa7ff73c5d702b41dd2f88e18484a275,acba7cde2891370b58876bceea6049d3,11740,itanhaem,SP
f2d67e6cf876a8f7aa9e9119415510fd,6c37a02a22b0afc98eef8508398a06c2,79420,camapua,MS
d3d5a2955341122b1b68164dcbbc948e,925d26d2589c983d6e2c33ca7da030d0,72210,brasilia,DF
b90da3164c845cd3f902f2c377a4fa86,b405e3156bea0a8357952361f85ba3cc,02461,sao paulo,SP
63adaee377092616c26dd4b26b4cc633,40252e08bcaf6258ee91b34e6b16adde,37466,itamonte,MG
6ecb390e8056057a25a1b49c37206958,8c81d87b1a876ac44f968c7f112501f5,73760,sao joao d'alianca,GO
678c63a5ea06902b73f7bfcea4c5bb93,a65a35902ab470c0ad93c391e5249794,02553,sao paulo,SP
ebda943a2404d5532405326f2673ac91,b1addddee0c4b35550114227d2328cc4,13632,pirassununga,SP
ed3cfd8b632008c67e448e6cafd0738c,d69dd0996ca6a4f85b132eca6f19ef3d,09351,maua,SP
285195a5b585842e25bd1ef9015a8413,acf5cef98a4798f470a2bb70a330ac07,13304,itu,SP
4bbeac9d9a22f0628ba712b90862df28,a37da5802a5aa6f38ec64302cad8ca08,30421,belo horizonte,MG
698bb5b5dff4a9c3238958792999686d,c922a5e2f2f7abdb0d70d6b9781be194,95330,veranopolis,RS
2a829a57118286134a2571ec034c5b64,95075c4752ae66a3928f6a843da92c00,06253,osasco,SP
7cc50a971eca3b67109b6ea86cb8e015,ce1e7217ea011d677ec6cb73c1966b16,05267,sao paulo,SP
55e9ecbda5df3c2ad8a5ac6d6025e62e,1c28d66c2f76bc7189461047650bf7fc,03446,sao paulo,SP
2269aa9a9e0847496cf2a7c2d86ad59b,b7f06c191c30297630e3b2771ff19e26,91760,porto alegre,RS
ddc1e728d2de6666c8a01a42901d36c3,e411f7646017f3ade17f5db10505736b,17890,junqueiropolis,SP
ee5b60a884b4165fa4264e66968b4abb,c06c3dbccaafee7b24762692d79be033,88353,brusque,SC
b4b7b6904f73bb50942b2af1abec52a8,30e15d76053e5304e98b97888ff0bcbd,92310,canoas,RS
6710f7fe1c2f9abf00197047bea1fed7,1398a082cf4e21d24d1aa263aef4de09,13345,indaiatuba,SP
e3d1323beac42a0618db14537566ade0,3ee7b9a1a2a20d76750421979a72355a,87970,nova londrina,PR
7a399cda317ad8719018d06ee6d2cbb1,0cd41ee93e76560c87061ba807ba2413,90840,porto alegre,RS
b8f3c05805a908d846c178e4f3f0e875,eaaacf9177b86ea5969fcdd92f225a1d,02542,sao paulo,SP
f5dae6958e7424376b81b4a16284b98b,b00e0fd2ae759fd947aac853c836b93c,28540,cordeiro,RJ
ebfe079ca7dc32461b16c74985ea8e52,4e676ce75406017793289779b73282cd,04862,sao paulo,SP
2d31f217b1ae10b6d50d1a70d839c20a,0936b59e52d209d5583eeb396f2e38cf,28022,campos dos goytacazes,RJ
3e67e5961d248ae6376ee09203e05e83,3d994d29466d67fe64db3db1da5dfa81,88063,florianopolis,SC
1f4c47d2259bd9e65d581d268b02d0a6,11395124061744bf276aefd8073f3105,03517,sao paulo,SP
db19e8cffbc71ab7e1c29a1d6e4935e0,8ce353674a24c115d631c6207efd3e4d,07941,francisco morato,SP
4ccadb3017d7e9ee8ba9523f00e6759c,475be2351340859d5701f203d3a2e8b6,60411,fortaleza,CE
3e92daf13094e2b667e2f2c38a4ce969,fd07960753dd725c1fd626b155846b1d,86081,londrina,PR
f501c6a2d17e3db17c26f8728988616b,3fd9e671495c52739c5f0b896f01b88c,91796,porto alegre,RS
aff091d3610e27f6a5354d603830e328,2ae0559d90d762e837cc462308970989,41810,salvador,BA
e165d4c6a0d945a813e8a3bf42faa500,4ef21f52dd7c061a646005b11918cbd3,60824,fortaleza,CE
25bd5231b15435eeeacc0ead2fe31ca7,bdb1a171ed70df2c103357ed139c1ea0,40220,salvador,BA
c62d3321fbc841fce665169b9f3218a7,536491a3d3f8b55d8918c108d0f1f5ee,22793,rio de janeiro,RJ
ffa36f901675ec7bb972fc9c0d773d1f,8ea8f6e19845f2bb756661f582137111,31160,belo horizonte,MG
0e9c4e44b69e8121a012447298f5e71a,c58d9c1a65fed7223ae6ec659e2abe5e,76806,porto velho,RO
bc2723356fa3f373b455c0a3112dc495,4af923ab1facb0d2b0511746cffa138d,50730,recife,PE
002b24cb2cd0c3e575040dbd278885e3,f422964d43fc7ecdc3e51443af0705f9,79117,campo grande,MS
9a2dd61cc19001c3ace30736bb37b2cb,4dba78a69f5fb2d5ba4bdf9696e1eb8f,23954,angra dos reis,RJ
d9b7f1e542c911b1f707330336d158f4,a3c0388de94b46a488eaeeb545d6dfd4,90130,porto alegre,RS
acad1895356162bac7a8215bd2ac7406,c65e4b0eb1155875b21fd5faa3d2e678,13036,campinas,SP
e3d123ca587e904151c6ee18f3481f99,64e61b85be9f1bc762c8bbdf4a15ed3b,58900,cajazeiras,PB
26c9b7152117d1360ba0453bc796dc2e,8a800a471470ca3805b189f893a57515,60175,fortaleza,CE
9ff020a259deb59e7cd97016824d8039,8e3524c27a1d5110baf073cb148b005c,05841,sao paulo,SP
63c88691b378207afe3f0ed265108403,96b0248a8e06ac1cbd7cca0a0d3663ef,38405,uberlandia,MG
386cb027574f8b9f9aa17cd86ecce6b7,ad7a4ca387aae0c7601bda294a25f877,50730,recife,PE
b2bbf530455f67fe10265197326aab8e,d4318adafb89c4b369d6633e1739795b,04195,sao paulo,SP
4b7cea06a4086564b33d9ec3ba877109,fc99653b0c5f9d1fb36e3ad3d1accbef,72503,brasilia,DF
230787cbf8da57cbd10d7c223cde6f1f,ad1cb06f09b27e4773870d1f76a68557,13058,campinas,SP
8dab637615e9eae6d33ef5e48644d6d3,4f390e1c2c37c847e3c6aaa76121aa0d,04726,sao paulo,SP
ebfeafbe3a7a9bd5247da19ab28eae2f,2e0b9ebd84e24a4ea2fb386a3a1a7a15,74080,goiania,GO
291c7755bcceedb88a87d99fe1d22305,d519504f48c087a0743d9c9c7a48a65f,88066,florianopolis,SC
d21e2497e6b83b755f5e6f4c8d159ed8,69171b423d7a60f907d5e8131ffc6908,22221,rio de janeiro,RJ
fb6895f16f2b933e56af615dbcecf0aa,6d06d8848091c6055d728ba3ec366536,71967,brasilia,DF
98a2d594a64eb5fea6f4eba1a5fd7041,b316e256ce45161d3ab81f74834376e8,14860,barrinha,SP
a5fd6dd86d703cedc9ab6be3dba12816,248d18ee4a4b0977fd21ef3273eb4352,02724,sao paulo,SP
cd83239e30889569deb8484dc2a05b91,3043914bf53bb5e45145e20111fb76fc,88139,palhoca,SC
0b1d44eb88413fe2e8981d81c8a989c8,a446360b75fe8bd0dd9241a59d32b2e0,37701,pocos de caldas,MG
dc65bea8cc50fddf15c1121ee9bd1666,1041984947244b4e40b8582d864190b2,11070,santos,SP
27b04e3afd2217cfac1020a7da0cfc25,5f8ad624020f7db33a63d5a0e5d14348,19010,presidente prudente,SP
01c2a51e4844df386c8bbd058978052c,d36b724da4955220c092763d397fe528,88348,camboriu,SC
f864bce0fe28292472d76696b4c4639d,bb81df0a218bab2667f272adf597a188,27925,macae,RJ
2cc52602f1e7839b508eec87bcddf2c1,8d2e6e06bc699c6820abef4299a637ae,72125,brasilia,DF
903ac795fab792a96d6838180994d171,f567e7fbc8b057e2d275d74ee8b5bc27,04105,sao paulo,SP
5666c037aed4dc726ddf2e0999782cc1,e8bf9f048f9a1f488c2a261d5efccf7d,77453,cariri do tocantins,TO
45a5c55de4dd108a83c8f746bec3ef2b,b827fea57cffd3dd3389cfff90963c90,45700,itapetinga,BA
1798df51bcc12309eb0ac35f5bb5875f,23bfe8fb29068a3a072d76d2604e99b9,24140,niteroi,RJ
449da65ae37585389a511977df7c0cbc,b3c8fb9d85695ebf6d9b1c1fe8a1fbd1,90440,porto alegre,RS
b419379d557fd4ee484ba77e2603d523,7f36635c84fec36fa263349a7829163e,88080,florianopolis,SC
0b42990c6a03665bc6591652ed10d6ae,ecc79411bf35aa8d224e66ca9ca5d4ef,14094,ribeirao preto,SP
6494f42a695d013bf1049297c42f0def,e794dfd4710a62f6f812845d91fe6208,78260,araputanga,MT
61d9f7ce8890eb093b0246f89c1c896d,2d600e89276f8e28928277b5c297ddcd,96418,bage,RS
45e2389ac675ee3f4804b5f58c318d0f,9872a2bdbd74e9119d07931639cd60b2,23587,rio de janeiro,RJ
837cf66598995d5f51efd00d99ced139,d28e54a9487cb4d360a09e7a96681e20,06331,carapicuiba,SP
3106fe6ef3e7aa3053de377e22826161,d99d9eec199e32dcde0efedc42a64724,90620,porto alegre,RS
f7838e5eeb3271df42376952e651e403,3725c5b8c1cf5ee69158f66922a862c4,71625,brasilia,DF
5faa65fc45f1cf27ea90df480d25129d,c980d28584f9774323868861ad8e0356,30380,belo horizonte,MG
72d62fcd5850d8daa156a6a514da4ea9,9c0d3116a3594b1d4d2b28b871ac22fd,11432,guaruja,SP
4df51d3db5710b8e9f26958d04065d67,ec577f971174c3d33620f2c1fdc78a33,45880,camacan,BA
7ef73b34b0a8614d82a0756d9ca33f12,88416d14ecec06185dcb5a24a1258c14,19600,rancharia,SP
a1c1928fbe0263c93dd26d1c061b586e,2cf4b7a743230f8360fe09922727ff92,84200,jaguariaiva,PR
e7c5f957b0de4d073c09a91b8bfaa215,932a72c073c57e644beff5c85010c0a1,35610,dores do indaia,MG
7fdbfe237a74f478ff41c54678f104ab,3de8a3becddf5418bd75a3a695ebb6a3,16920,castilho,SP
92eca7f9b394bf80e4151f66a4bb0130,e6851148d62886a219bc408b9cdc3fb9,88030,florianopolis,SC
f9da299d78e82ab667e1061f2850cd29,fd68d6bed980e50c61d27ed3a756bcc8,89560,videira,SC
399d1e628c48b7c3b6389098be566cfd,0ee84527dd65b0a7fadd79df2fc273fe,02377,sao paulo,SP
8c00f372a13786c5028887ab82250956,8faf7d578c01ac864da5b942a4a0a3c7,22740,rio de janeiro,RJ
5577986e87a01d8f0d0055fb5229b436,16bdaa5e2c4eab5737d1b2f8795deda3,15800,catanduva,SP
a33c79acaa70b8dca9c354383ffa9781,be95e1f88b1bea9640dc17fd5c7c9754,01232,sao paulo,SP
fad67e7a03b7988057f8a83c285f36de,4549ba22f341a2fcae487eec23de82f6,36037,juiz de fora,MG
c14cec6645dffb638b0cbbf9daf4a557,0a4e2ad7c04efe811bc08978563c7b09,06460,barueri,SP
3e3fe9705a14656dceaf25cd86a7f930,2f5d3bf7f71cb155e29150536d33b30c,17051,bauru,SP
bb0ca8e854a4a269f7d18895837927f7,9a365fe0fef7cd6ba1773ae9efaecc90,26261,nova iguacu,RJ
3d64d81cb7d22325994c3ef4ad93d2e0,c5f6047fb345ffd234cf5b26268988be,18305,capao bonito,SP
ecff1b1c83d0c9237a8e5fa29684a78d,edd8b65865389a453e6d20c69b046ec5,85027,guarapuava,PR
84e14521bff8cbb289a87be1961d3d08,9202421110f6a19ddcf0b9b93602a0a1,55500,escada,PE
728c8233f4259c2252c6c35692079286,3a1aed3a4ca113b4909b06889ecba01b,05404,sao paulo,SP
b5819fde21e7b125acfb1977d116e4b2,e858e00347cac2f2077fe621c3d37306,25655,petropolis,RJ
b441a818126f1e5aacfcc95a690be79b,6f8d1a112ba99c85aa68bd8e82f6a021,29047,vitoria,ES
6c4d762aaa6ab65c892e6cdd1de5947a,e585519b42291f931a5ec37c75cdb7ee,39690,malacacheta,MG
6bd3af263aba7459bf1e349624a1512a,bf0946e76392aad41db35b92d53f223c,36830,espera feliz,MG
2de625a93dd01b073d58b2b253926e28,28d542491b651898135c4c7bae5b9a08,32450,sarzedo,MG
e4bc5ee736af8027fe3d62de92254f53,16407329f1b032f9928bcae2535966eb,05108,sao paulo,SP
a5babc0d525097dca3f22398b2edfd2d,0e4d3df6fa00825b0e557887af53feba,31310,belo horizonte,MG
64247545e284c2a31eacecbb98c87fe6,ba690d5ce0fb26235943eb728ef4efd5,89118,gaspar,SC
9ab821f6684feba5c42a42a05c0a12a2,69da8dafee13c5b2265db848f4f8bb94,70383,brasilia,DF
9466322b97e1ac6b447e2e6404ed612a,9b0694744a4058298939b2da10a20d7e,83820,fazenda rio grande,PR
7432c3797af23ca4b5544ec87f893259,9807b69a3ca6cc5c553ce9da3c7fd9d8,27910,macae,RJ
a692cee8697769980ec9fa9f5170fc11,7bdd2afe54413931b55737d9c0a0840e,22723,rio de janeiro,RJ
773b421ca684d5690679a652c88e7e83,23cff5a5cb2b8c3251dd3889fbd9f9c2,50760,recife,PE
1881349fe48083643661d9ab47a2515e,3725fd91186d2373de68908692e09f11,09310,maua,SP
63f88c298f90fa0472a1c82af364fb5d,b78e0d82fdaed1ede44af275fab7a57b,35900,itabira,MG
1652b873dc2f33c68dc15bb05e7542e3,f5a5b725532096dfd2b144adfa62b6ff,05570,sao paulo,SP
161e0409100c9e6de6bfd16b211b33ca,b4a54ad19149ba21e0ac72f81a84865d,28928,cabo frio,RJ
677fbd5e154bdb06b0ad01bd85aa2ee3,f386a3c957c05fc9f138303155df1c32,17780,lucelia,SP
f5671cafe4e66b4b6473a75f8f26bc3c,701106e8688685b2e6eff509d209f4d1,08021,sao paulo,SP
c5761e080ba22e9bb19972bd1d3901a3,d5fb0f227f7202204c85fef4ade73a62,48990,andorinha,BA
d1ea36182f1ea8b7ad99e6ffaa8b39a7,3fad6653f88bd60e670e9b21e98a2d4e,05436,sao paulo,SP
c8b08d1441e0f47d9190771f10ed8c58,9ad3e9439d01993261b58cf495d557a5,31540,belo horizonte,MG
c5a0f4b9e4131b697c6820b8f657daae,ecf81a5aa7120aa2e01b8d9ce4f73b6e,30315,belo horizonte,MG
3eb07ec22fc740ce9b764a90fe636775,fbc55b8c0ca31bec1459c4fc19b70b47,24020,niteroi,RJ
30777bec36591293bd4a24e6fec0f797,623d4297bbe7fa7658e79c543c191ee2,08820,mogi das cruzes,SP
0c45155afd8ff99622c40824057f9b34,87ae4c644c15d9c6b6f826dfec33b340,27273,volta redonda,RJ
3225c076223e4cf8512be1779e066df8,c28c2e63e85e56bd2c80ba1c844a4704,04459,sao paulo,SP
e412443072bf2656a463473f5c9802c1,d234dd6da60ad8379e0ea3a904126e23,31310,belo horizonte,MG
4814047063552c6302028eb70534a289,5b1702b9c8d090a3f8a64775bed6021a,31110,belo horizonte,MG
b169b69e3ad77c2ea0e63ae4710b863b,918defbde32da786dc3e8a2fc90d6a2f,53260,olinda,PE
b7cbef9a346d7be216c7e57369eea78a,4153163515e1dc07e02777b45b79121a,30750,belo horizonte,MG
54081452326c25cde023a4c5a7850275,58d4cf224e6986a2e6603e959b56c18a,04966,sao paulo,SP
cc2db083341ec9bb757b9f9a70b289d9,ea9657105a8bd47c0a60e1f2a8f2842d,35460,brumadinho,MG
ba3635a32005efb8620da7e57b206cdc,3e1d36a04ef1360d7f3b169610906a71,11660,caraguatatuba,SP
44344e9f944a5692177be10177f62fba,95b1cb35aa91d54d59bc51c85b4de0a6,29780,sao gabriel da palha,ES
bd82e5acdc4197ed672255f002b9cc45,2062829df366557aaf33d5f28c84318a,25933,mage,RJ
8d2707128b67193f8346e9568d4f16c6,0765eb6e6e907f3e523294060bd6c51a,59078,natal,RN
e25fd5064e602530991d1f6482e642f1,fd91c7c081aee2cfbc2571043f08946c,38406,uberlandia,MG
b76858182a9cd7f6c1ba482c53fdd2ee,12ab04e66183730ce8e55d4a0df64e00,75707,catalao,GO
b1ac696f4c189722e28f5fde229eacc5,780344d838da47df96160e0d99bfccdd,13252,itatiba,SP
1844a112247f91a8d724251978df5a4b,e676374dc48b33937946cd746169efc9,04747,sao paulo,SP
0e708437e125673358d0d0143b692131,b893bc8aa2ad7f9b249f77eaf590d9a3,60813,fortaleza,CE
0d8111a81ce6ed7cb969e28a01392f63,1c7255916dd10f4dae06f9f3c307a393,29313,cachoeiro de itapemirim,ES
26d283dae44fbc9eee874cecca589853,013dd47ed31ce4de00cb434b2cae5386,74920,aparecida de goiania,GO
9967754eff98e1e791eb2ea767f3a648,32f5b6a5a3bc68667579db0df13dca86,65208,santa helena,MA
c743dace5b15ed39b17b44dc5ad44023,9ca02217ef5f69e71ae75b08ea605666,74916,aparecida de goiania,GO
f56d77e36e3973c755ea8e55d1bfac81,f035b5007223f4aff6d6a1c02e2b0a34,89600,joacaba,SC
090ad6d0d50a83c661a31538f2642cdf,1c23e9b21cc43e6f701683d23ab22360,28614,nova friburgo,RJ
6dee66a764300a20244d9cf65bd47268,445929ecbbdda5bc15b0283394bac0f4,07124,guarulhos,SP
93868f1b95f724d239389b3bb1eca24d,d31c97aa3ad392c8e38ec211d41f5510,20735,rio de janeiro,RJ
1b58076659bb8e9596faec56777da25c,d526c2df957cc6b177070216427c299d,58013,joao pessoa,PB
37dbceec9ec09c507522d791301df431,08df1f0e1904210a26cd47d590805337,31275,belo horizonte,MG
a039d274b51a190d03680d06479c7c1f,950a33095847816021054ddf4a6ca1d4,04089,sao paulo,SP
3a37dcd5837e170840e9bb335b8db8a2,6d787c55a39fe529ecc723fcb79ce16d,60425,fortaleza,CE
e13a5ed086aacc9b2b7466c78645b468,6e4df650faf2c070fc5cbc95efd6c01a,09360,maua,SP
7d8983250c2d0a3ee2e1deeb1bfd9523,bef011642da0e7fe4c7c73a939dd3cd6,07251,guarulhos,SP
a62843b08086d1629415a203a7fd419d,b32ff8caad5902c55fa167e7dc77cc69,15768,santa salete,SP
cc4cdd1e7613c6b6797f7cd76691b883,bd6ed9643bce5ce2a26865f5c8a4b3e0,30640,belo horizonte,MG
474b0c4f14f206fa257fefdcb4110013,8f472f1f1d8803147881dc45be3263a6,21331,rio de janeiro,RJ
a995c91194ffa9252517fa251995adf9,e093c00d1a7972c2a479ed40e648ee00,13312,itu,SP
86951205f97e9b611cec1ac4a778b1be,81c6afcf67ab04e348a5f5a9643ff496,04918,sao paulo,SP
5c8b4250821201b2d2c27879f85e6966,e684c79135db07e8d8390a5b053a13a5,04811,sao paulo,SP
d86328d99f1c51c918adbeaba9edd1cb,f6b78427cc4aa2ed63f9640e6a9a384b,07221,guarulhos,SP
c12fcf45432897dd8cb4c7f5455ef05a,208f16046ce55e17da72af978f143458,12943,atibaia,SP
7721bac08ba3e3a777291cd38463d39c,3a1b96376a45fa28e4f746ebae3a8f52,65085,sao luis,MA
3b0841e521dffa992a8ef9e4e00b2c9e,caca4ee1e654062eeef97972b8e24807,95590,tramandai,RS
e3b91047e6ca3f5e8b656750fa3d61b2,02b3bd80b9721b83c5b155ace3feede9,35519,nova serrana,MG
97cef017d1cee0f245e0659fe8694f90,69f209c87656328a84be38ce7813d2a1,09185,santo andre,SP
0c7a95280b3f80eadd81c829e093dbec,46a5335f5fe2f04744ec3535fc6e36f7,65066,sao luis,MA
379398543850d0f1ad33cf2ebfd3f81b,5edc01207047a7a4ea56ba277d6a0f55,23587,rio de janeiro,RJ
87cc319565647dae82dbfa9e8261f95e,fa717cacb6498a3e9842542158ab5dcd,13232,campo limpo paulista,SP
5709985b6b8934c5e58d49d8b54ddaca,40fc938cf2023d0f122e15ae1240c9bf,06170,osasco,SP
752b19f57cd013e2bf4e3c62da5a29e5,c192180b5d1cd366f6b0d44c3d9868fe,28605,nova friburgo,RJ
ccce3ac024e004b2607899abecc0d9fd,e781047b6e41434da39c622e1c7f3851,08772,mogi das cruzes,SP
812db10465ec8fed84262db66f615f87,4c0aa4a0808110794130a1735a751aea,39460,manga,MG
46cba3072f7ba5816dfcf09245ae676d,df4b3907034de61afb0a33cf4cf97610,36880,muriae,MG
c49b7e4b867b6ef7012497b70b828e0c,fec3ef9962f5525487b628a58caf638b,03403,sao paulo,SP
3c52d94017a3d96915999f30cf42a9ce,ebcca806966fdf4317d0741eeee16004,13344,indaiatuba,SP
d96c9c329a257073367403d54b03d1b5,e233eb06f8147fe715a5e7a632e2f36a,79034,campo grande,MS
e07f0f4cab25170d8b2d28cf80a38370,87566fe4966777f59b86e1313f177587,35603,araujos,MG
f15ac90946f24de786081880a31b8583,f6f2dfcb90524d0c49fcdace1f03cbf6,59090,natal,RN
f2dd9d0abca9dcb1e49685231aa0843f,7056fe03064abab0742167e1369285dd,30285,belo horizonte,MG
ef2e2db30b8ddcc38f5106667b554b51,1690121bc794fd89b85142934c781255,12412,pindamonhangaba,SP
b32b53ffb964ca001a0e4daca0b4a343,2c078ecf4c8eaa632660d66f124be60d,11040,santos,SP
6d70d16ff8b3a0131e209b2bba542930,44a744d964ed677fa34517db79feca6f,35420,mariana,MG
c59e8ff99836e90d8b457d4122dc34e9,0005ef4cd20d2893f0d9fbd94d3c0d97,65060,sao luis,MA
a810af91d0732c90a837e4d5e7de719c,4602e5a309192461f83814a668d8344e,22290,rio de janeiro,RJ
e03505278b34146e87c0b4eb41e4f082,c082f4437360e3466068035e94a3345b,18540,porto feliz,SP
df0ca504291a65e2e7e2c2439fba4b10,cbea983a8218befb98795a4ef7f82bcf,37220,bom sucesso,MG
4d54b74513ea9a321781f3838c7cffb5,53ba3e9add3a550db5bcdd7c446d6114,65540,santa quiteria do maranhao,MA
23706c2bdb0f3c73d411a126e1cb9a7a,6798900072ff5d27077daf83edc3f94e,35590,lagoa da prata,MG
bd8d067426b640b65c68dd3ee6c71d46,42bb190d26c930a9e7488bf0abbe87ff,91130,porto alegre,RS
961ab7d1f30476935fd856403381435f,7e9140eac7dbded2e77e2e883da570c6,78008,cuiaba,MT
4adddc79dab2cd4d1dadc18dd4c1c14c,ae076dc36683ea9d2cf5d57f16edfb3c,03474,sao paulo,SP
1eb1747994dbcb25f83cfc9490e833f6,72c05cb43fc0b7e4d48b4149cd386a02,23057,rio de janeiro,RJ
e1f35a414cbae52d09c294b3e58c3e89,a6f9ff98ef3cedac9d8a2b88afc89972,75144,anapolis,GO
c1f4176c8405099a08d876c2794e1958,d106c6af3ba4ed2f44fcc82be618dd80,19025,presidente prudente,SP
979c7ddcdcad9c14ec457b91c223d5b5,529ad41749c0aa139b22508ab4a696aa,02963,sao paulo,SP
d014f11f50846fbe717e15184b8f0b31,5590344046361f50100e9faaad848e0b,13190,monte mor,SP
cbde8134b8a718381d08167dfc58ec8c,137b3b977306da3cbeb1b552378f08e2,85903,toledo,PR
4ac92db0564301eb239e8df281c45fb6,06a46121174f129a77f8e50824a5710d,15900,taquaritinga,SP
d4e5a610541428f3938253b37860a323,d27a8871c9a0d54b650c3e8e40941af2,38180,araxa,MG
b0046bc2fbf6c21b9d50c60db587ca77,3a3e10ae1563dd46b0b43899094da4d5,70843,brasilia,DF
91d2ecf0eb5229a6d5251f06a6a31cf2,4f4395a5349024b0fbc36dc61b120c97,44695,capim grosso,BA
29509a171c5d01602fbd7afb4ecbfa06,a52ac631c202bdc67ee904e0a6eebaf5,03286,sao paulo,SP
04d0c8c75a0bdcabcc47ce1dd0db89f6,fbdd85f919749a8e7a1290c6452024e3,08452,sao paulo,SP
33728393eaaf9ce7c3ba59d63f31c26a,e2082dc2d75a5928e1368838c56e1f3c,04087,sao paulo,SP
4a8bddca16f988039c3eb190e69f054e,6cd07bbd1c3760d6dcc3320bead6c68a,71540,brasilia,DF
bb61dd665fdad27f2cd99dbc0d3f34f0,851b332d79a4f03f4d69f3605db222cb,66810,belem,PA
01a52718e4ca43d2cc1da7c9209a6325,dbceb1472a69b0b7b0a56d0b9c9893f7,11520,cubatao,SP
57142caed013bdafd75245803296c7f4,5163557a4c64d842988496bffe20f016,72460,brasilia,DF
1731604d6fcd6fd6dbc0e2e12d552ddb,69877df46c4c120998ddf29af240e2ac,93022,sao leopoldo,RS
e68d2e59d2daddbd8f3c601ef50d987d,d22c8aa90255caa03e87cf259292a70a,55555,xexeu,PE
49ac285378c4259393ffdde8471df62f,041ecd93f392ac99f53809f2fc47c7fb,68552,redencao,PA
0fd0d782dea419932dead552f87672df,49fa4cfc9a4eeac981257524ffa29816,22260,rio de janeiro,RJ
6b63f5ef5bfc6d4989c9a07d5513d154,7d19f93ed7e2ea8211975b68525b0598,71635,brasilia,DF
bc9802f1680047c23503920524d21e8b,3b56adfeb1d2c2eee42db2080b03cde0,88338,balneario camboriu,SC
180f88a79ebd4137eb2fd98525bcfff2,dd65aafe1dcc8d70757ac625d1d2d59a,94170,gravatai,RS
059f29f70dd5872036d655d20ee08965,21fa25aa6726ef23aff074c36cb2b0ab,30690,belo horizonte,MG
5fa72a993139ba4e448cdb029f85899e,069f4dd3b71c4a74396b5d9044432d5e,72007,brasilia,DF
32367359f4253fe54dcf1ec1b4a2273f,05d9b1eceefe1ded15739bf5091de7b0,91900,porto alegre,RS
c87e0e6aa4b3321adb017785ff605af2,0697142614905a50813d854fa08b8eaf,11425,guaruja,SP
15a1e1d176ac754126d54e0c861e5883,041397b7bed1e0b64cc8df9e4a761873,02565,sao paulo,SP
201d2aeda9fbba49d2ee9d6fd1a8b572,346d3e83c82403f85942d3ef934ac7b4,05686,sao paulo,SP
ef14d93cbf59599d4a12cec56b1962b1,353abbc2c1236d9879d97de370db0980,28908,cabo frio,RJ
c476ddfbabfa4624603e0b7f8e245057,5b861df2503dbc8ca307dfb7e18b300b,20720,rio de janeiro,RJ
b1925af54f5dbae53bb849ba9fcd1507,655b447df385f592de5ef331898d6a48,11430,guaruja,SP
15977e636711360e5488ea48f43fc988,6db3c61deb6b9959f4204e302af02215,18150,ibiuna,SP
52785c19610440b44c7ebbbe7b009b6c,a4a6eeb70c933d1f3c6283a4ca4b0841,29090,vitoria,ES
f921671e530fb8699e967a93163e6f3a,5f89b3a4aba31dd11e5419af3cc3c7b0,18411,itapeva,SP
d9cc52f8687d008c962789641cb4ee0d,d2aead2a3d7876bbfd47553047e9d1fa,13170,sumare,SP
1c1bfb2cd4aa789067295941c42120ff,3f7fe16073dbdd44c23f327bab3def2c,65912,imperatriz,MA
3a41a5aa21ed1eac4f6610e89ab5309c,71ff669905018ac7c422f4fc85c0659c,45300,amargosa,BA
655ca3d2f2feab46c63fea64f8a20ead,c3d20e45426a512f0492a1cd22c2f032,66825,belem,PA
0d874ad5018bc2c80f0c916203e328be,713d61d85f528baa962ff38d3351fa35,81830,curitiba,PR
2e21846cd2112929ca821e9716281192,449ba149df652b663c8a8605eacb146d,13212,jundiai,SP
af5033805554e79d20c8a977e40c2151,43499714c9c86fb38d6233faf23570f3,17700,osvaldo cruz,SP
c68d0a3fbe7bf557ea9b8c822e154535,54bf1780705493f3224d73bd48e53186,89222,joinville,SC
f7a62c25dad6a0c5b8b69662e3a562b9,8db6483d1d4fe35e986b804047b9b3b8,24802,itaborai,RJ
20cea3d895864b48be0cf73a9286c9e3,5534745c7f70a5220c6326ac3d00bd20,21310,rio de janeiro,RJ
f61c9dcf020d4cecd99298cd3833ee7a,2ed9e022de92052ef107f391f25cb34b,02417,sao paulo,SP
4c22099dc6da223a432081168cb89137,c0e9292ad72541797f067ba3edbf05cc,39827,pote,MG
011671897080a38fa57f3c190a310d49,2abd0f22de522dbcc7adc9ba8982e406,07176,guarulhos,SP
2efa0620f7979c153d5d492696d4172f,804e3d3aa98f1bdf7cc2ae47b23f4d5f,33805,ribeirao das neves,MG
becb241e293e90d1a6c5906ac30ca79f,d46c90e3abc3f45f678af0b8bc0d75c3,01135,sao paulo,SP
88723f3ea83df04c26dd60644da2dd6b,badc0f15df5fd7f5a3717e57ec19ab9e,18015,sorocaba,SP
4ddafff707b98c2f941aca4da98b3044,0043d65f8039b4a4d43bc7b0f450ac2c,30570,belo horizonte,MG
f1dde6108ccd95c8341b628a7ecc6ef5,fd5fa9d98454b4d02a677629e18f3717,02255,sao paulo,SP
c57651797d7dca0e93258700748d3d7f,04fc637963fe982dd25ac58e4f4770c1,72130,brasilia,DF
80348ce139d0380cc6cdb14c2ac5cf3b,b2b02a3da4c9e3cbc83700b0a482d130,92330,canoas,RS
fd967f807427c24072652b1f62d4fe47,2c06826e53407560a26cc44d66d22726,90620,porto alegre,RS
fa0a0f986296d5201a58b9b0c4b36d0a,c6210e4c6ec38bcfa958c65160af7262,05754,sao paulo,SP
c6e2731c5b391845f6800c97401a43a9,dc4802a71eae9be1dd28f5d788ceb526,79042,campo grande,MS
138bb7818dbfc8690e61b143265e7ec9,690e4f9377603c9fc80f355f79f3e42d,63195,altaneira,CE
fd10113c54f4f4bfcaacbd1c2d188a77,db9fa24c8ae633ca73fb9b8cf741574e,30575,belo horizonte,MG
0c8af5a21f97e8702d8a49fc3232036b,10543702272713afb6d70e53d48237cc,02410,sao paulo,SP
dcb8f21123cad1d422278ea28a1a8a20,4e722092cdd72c0e41544b0336ca07d0,06266,osasco,SP
f9f9943ef9d29a86f10de3b43cd84356,2b40d79d838a6fa4022ee7f7070bcd6d,18080,sorocaba,SP
19820840290b94e5f07b8e02b7a57258,6b341d2f1dd8fe09ce36560b4a4255c5,79900,ponta pora,MS
028f1d106a98669a1c0caaf5866f31ec,df73591a78407ad9b5bf4668ae075aed,86010,londrina,PR
c13f247183bc165964e488ea322be2f3,67c96d10b5b6bc1f49410cbdc5f7b282,40080,salvador,BA
73e1d8182bdefebf6613a9b73abb0505,ac94b0426cf12741dbd4c0138a2afa73,13902,amparo,SP
692cd0d7d32b4c9824235b5f3f03f68f,e334cd61ef661e8433a447ce67e5c40e,06246,osasco,SP
e96eebd81a229dde6b3fb15b0936c2a0,d53f29401f59a2af7223b447958050e2,05028,sao paulo,SP
1b7500033ab2ef2a6e9a8e9b9aa3d660,e8df29dd96676053bccb41ded46935d6,88780,imbituba,SC
30a09a314fcba2f8ddb8334844953702,845ad037b6e39255ab457e1c587eb455,07172,guarulhos,SP
6347d009d824a697594134c029ef771d,a9620df464e8953a5b6b8c2c1b138189,08576,itaquaquecetuba,SP
b6a69993d6889b36b68f7855f73d34cc,e9eb349dc21fe3d8de0e58e902ca3ec2,14015,ribeirao preto,SP
4c91265edcfe58dd5ce2dcdb2fba7813,289bc385e927d2777efdd16b74040d1c,89239,joinville,SC
1def91404fa948308dc43c04f282f68f,2d9f3f772e5a33007b6c9fcd31e36535,13304,itu,SP
0ffe52b2e3ef0d91f5387dbcca59a841,7d0d8854f71d47ae116e13924548c421,72306,brasilia,DF
b04bda1c59e5886ca37fd5cbb9729b28,ce2efa658830417cdf0c87125a11cf55,11680,ubatuba,SP
04cb06222199f8e9a1691ef028e88a28,7804384addbe34ce87aabfc43ad63e9e,05372,sao paulo,SP
899c69dce4b87e4000245330abc6ea13,7d85325487bed44ddee4e098071a923e,01539,sao paulo,SP
6cc2669297113f79b91a3904a83c2da9,f71f43f5a8dc56beb6ebdabf0d82e802,06364,carapicuiba,SP
b24db387af945bdac7f0e3802cdf45a7,8ae811f1cb9bdf616b018c95f923b3cf,35450,itabirito,MG
145b7ecf2c0aa47c15bbe20d6bd26a90,f4c8f8a862c73b83c4a9895e56dd67a6,22450,rio de janeiro,RJ
982d36c785912f44bd0f87ac7d8a7073,449f3747769bdc5e6bdf1a49c26fc8c1,39880,aguas formosas,MG
22e2382e2526b79392797774d529f259,115030e27b9970683ad81cb05679157c,13214,jundiai,SP
a7089cdfb6b910afd377368f3335b1e5,e1271d8a2ce007bdd8b40df8a0ded843,09230,santo andre,SP
aa54fd4369d4c8cac7f225c1e523399e,3cc0991ba7c8be09d9f63a8526e52bb2,04911,sao paulo,SP
8cde4b3a00b6db8b6604a2553cf0c78a,d8ca95d946a44bf4af460bc5eea8c00f,05386,sao paulo,SP
3bb15be93abf3c2a684d163ba6faaa5b,91ffaf5eb7f4bd6a48b07f3546fb7a99,65415,coroata,MA
a639eb942974831cb8c12bd71c43c91e,7475cd4be944c03f1352957c8ad4b993,17607,tupa,SP
e4ca6a6f6561a4ef17dc91951c2320e5,9f69b9a6fe4b7755f53441a65b766124,89202,joinville,SC
f3576e2845514e8c7a3a89fd7691c745,a5676d84cbaa52218865e55f75e9ea36,19010,presidente prudente,SP
2355af7c75e7c98b43a87b2a7f210dc5,9e4159995424971423b98c4a8bc11529,06600,jandira,SP
d14c86b99a98e85b5c256c081e3cea03,297ec5afd18366f5ba27520cc4954151,05549,sao paulo,SP
7e99f5592fa32c986abe9622f3058a49,74084969d4b912b9bd10439ebb79ce6b,42835,arembepe,BA
fd6cb3847c2b08afa9142a20fa40d141,d5e14045fa2b83d2fd706d2ca647a04b,22241,rio de janeiro,RJ
67a1b364b073c272cc412276247ebe7a,6af0dae4a241c1a6f0a45d9af33bc1b3,60831,fortaleza,CE
f5e607e954dc6a5a62b2bd6751828e1b,aad88ea0262f4c77db76d3870cf28a2e,40170,salvador,BA
d107a7ac2cb11a52b6e269d277c17652,fd28ec404b65abf3e0ae6245d79948f0,86020,londrina,PR
16150771dfd4776261284213b89c304e,639d23421f5517f69d0c3d6e6564cf0e,11075,santos,SP
c7f0689bb795288d7a8b5f7461de4250,cdb8c10793ea950ad2bdc1918fdcc608,02534,sao paulo,SP
ee13725bd807d030e78f60a8113d120e,881a55a8eb23e4aca96bce25c79021d9,01144,sao paulo,SP
cccc11e51686391aabfac06aa505884a,7e547621c3bee24442820be4b5a9ac4d,11730,mongagua,SP
65c931a66a152fc0769247ad03785247,68b7335976732cd3d0bf1417eebf8b6d,18600,botucatu,SP
264b1a5854f238bf3424eb75a27d7d66,239b6679461c5059b3eb13bd9d60df08,04904,sao paulo,SP
e6369fd23db5134714b0ce70202cf74a,ec039b68b511c08af9ca9e49e7419e70,07404,aruja,SP
6d3be2594860b9675c102aa88d71992e,4465b5c91c87e80f405456b8c3fef46c,65062,sao luis,MA
8d8eb67ed5fe4ecffcffd8cd9b5556cc,6fc51883c0e6073fa9e9ce1ccd51017d,13565,sao carlos,SP
3140cb09f7ddb4b1c065456a372bd82a,8c7bbfce3e679e68f7c304098290f049,01408,sao paulo,SP
fb26eff42e25a6ee635de85d8587b85f,63eef04cea80cd9c94b9cbea99e5324a,37950,sao sebastiao do paraiso,MG
7d0eaeecc730e5953bf95a9f00f236d6,22dde33dda11551ecfd0973eeeab36f6,80240,curitiba,PR
02385ca219b24812b4c7c65818e3b06a,367fc3b6dc2568f3a73ec808beae99a0,08750,mogi das cruzes,SP
a5d68d034b9beac73720fea281944794,caf5619ca3dab3f848d564ca13a4c82a,36415,congonhas,MG
8ee754be82092030235d71ae5c945ace,55aa4c7dec35c41131f492db9724d04a,83321,pinhais,PR
6842b18ad3f173ee6b709748377bbd2f,f9ce0171b9df8812316e610bc563b0ad,29176,serra,ES
7cd6c60621b276093ac75abd0bfcfe72,29e3147b17a5d1433ebdf21942b3806e,32340,contagem,MG
8569e9f2797775eb7a3c4263e868ddad,f4d632afad2a733913d5d41b16620db5,13212,jundiai,SP
fc67f5d5228bebc0bd370df60b7687c6,d3f1ead3cd741b5b4848dd935915a73b,44001,feira de santana,BA
a6fd70c8725a1c1eaa8b34d42bf80f9d,5c510ac2275d895a41308692a428ab75,13830,santo antonio de posse,SP
7995a0161ac789e3a05607de1620d517,2c3ed77b92cba1f5622b5ccaa1792b8b,21380,rio de janeiro,RJ
0f2a7baf176f693c27c891360da9ef2c,7e198addd609b9169441891b3f0df2b1,88308,itajai,SC
f0d95b3d8428cd02d2074a86f06b9519,c90ef56a367801d33803d0a704962863,13615,leme,SP
597bd0e14e006030f62d7f250c38cdc8,794289143465c94af43ae34479a30499,09540,sao caetano do sul,SP
f1a3c6f8513df212602449fa07d582fa,c15854d47adb3113dc35ae6559d4c57d,12900,braganca paulista,SP
0bdaa2e4eb24874165d8a289092f7407,22fc43805362081852900eab46ec116b,40170,salvador,BA
a99502daa1647c54cf56072d0be8f58e,1e1713cc2ccadf1b45ceca4fad9a4aa7,22735,rio de janeiro,RJ
5eefc6c2bd7d572ca6fedbf4bc92f495,ffa8c46ffe06ca740ae232f5966c5a01,22755,rio de janeiro,RJ
96fbbe8005e67d382b0fc453a288be02,8d153d12b59d763efeb3953822c51862,14409,franca,SP
b5fb9a0f32a8319d4102955e48ab411c,4a9e86881b867accff88f8413a5ee4fe,13607,araras,SP
32f017b7a69559932809332f389cacb8,71a80518a42749afd7b9d072618cc604,28625,nova friburgo,RJ
6a4efeae0ef82884b1edc1b6713beff0,bc743cd53a5407b5c428a19062a82d17,19400,presidente venceslau,SP
ea6197a226b1b7b0f681eb146cb70665,43d8a0473c80d3f374a6417572d8dd14,29600,afonso claudio,ES
731934bcb47e6a5956ab77fbed6ad0c5,892627c2c2e32d18f3f37231cb2bad3d,04652,sao paulo,SP
f8df2a75e0b9e1e6d0dcd77fa80010f5,21be42c508a1b41e783537bc42f24b5d,03144,sao paulo,SP
8dc19ab48e501be6368547d40ab20b50,5643c90bcfe88c649de3f7f959b5e877,13466,americana,SP
a7077f133d9d048e55dc77a59d97c83e,f175a16d4e5581676e72c0d321d9ff7e,84015,ponta grossa,PR
d7536a1f7bb487644bee22033f480bde,9dfe23c51c1758f1904a3fef4421b168,03877,sao paulo,SP
57ef317d4818cb42680fc9dfd13867ce,e883f26917e2095c439f70c2cf8c914b,22461,rio de janeiro,RJ
f5958334207adf09817b5451cba61651,8262ef5046932be5b3279393f8476614,58345,mari,PB
57454ea60e4bcecb01d39cdf69d4b275,b65db3f838c1bdb9bbab3fd56b9d6977,41650,salvador,BA
247d810acdcbc96b05e98fa5ddbc250e,6463b8a3ff77bb42c87e658a99f9e1ae,29048,vitoria,ES
0f0603d577f299ca129f39109268c546,903fccb1294b588a6c82921ca23acd0d,59086,natal,RN
083e90e0576402957154264852d4b8ca,8b480743fbc5cbebc7c83868fa796001,53437,paulista,PE
641f77a2bb1d1380cff2e60afd691c07,4a81df1304069878473990ba8bc10d1e,22070,rio de janeiro,RJ
012413f25e1a3f143b2001198e916594,99251d77284980383662133057fe855b,13880,vargem grande do sul,SP
50ac016f147656d8992cef865b69b257,08093480aa587422c2c694a534ddaf3a,13453,santa barbara d'oeste,SP
db857a86c685a6a3a02a705961ec1ff1,c83d504c46170342ddbc93c762e0e4ec,35171,coronel fabriciano,MG
4cb9602acb31a0dbf81de01a43d2d4db,036c6fe22420081a961aa797cfa2b80a,34580,sabara,MG
71accffbcbdf8e02f67a469f65cdbf73,31c23262d79bc7e803884e37f9bc5359,98801,santo angelo,RS
7afc8d277545f890b30c2f750106ca8c,2b49dc8a86aeda422b28771b77432d1e,31749,belo horizonte,MG
57b50fca28ea8a0c5b2242e71e36e1f7,8ec06d1380850ea7498b48e8997630b3,12604,lorena,SP
0ad73a033a18bf40507b6a86e483b303,6e2b3a7037cf0a73a8c5d83e0f850a13,03267,sao paulo,SP
71982df42edbf42a7d4bcd238f007214,96af463b7f8aac5426aad0db88d95274,05428,sao paulo,SP
c7f2aa41726d05bcc6db32812fbf95ba,753dddc39cc059d28491d9726836f98f,37200,lavras,MG
8bb3bef4e75a95524235cdc11a7331af,d1f24d1d504e27bee13b415e40daeab0,40055,salvador,BA
ffbf82fe167e7156e06fc1778d6b1cea,e94f89d82f4a9a72453b98299a26cddd,29105,vila velha,ES
6457e3fd7f768aef7be536207c963d9f,b4e6302d59894b1620b211469c991054,03191,sao paulo,SP
d1684ed69f8fd574b7c344de923f379a,43860f86362fea12550bfa19ef73015f,38550,coromandel,MG
ac063e710535d45f495287e94f81e419,4e615dcda92914d741bcb91496c9794b,64001,teresina,PI
82394d9ee9f28882adb2888d34b4d164,23590c2eb8f2bf0c195c08ceb5f00658,05362,sao paulo,SP
571a23f3549e26b246809b4938612eab,c0acc4f05de3b446d590a939161db5f2,09890,sao bernardo do campo,SP
801ab7c35919d6c252d9d983a07103ba,926258ab92c018c03e0329ea7ffdd037,18250,guarei,SP
19ea9736303135c25774f03b93f1050c,54ed3f082c9e7725a0e26e9e682fc825,51010,recife,PE
f7e9bb341dd0e8c538dce497142a1bb2,788f3b2f3dabc5a23775cebd48d96dfc,74580,goiania,GO
b1449a43a666cba48f485fff0a509b8e,9443ba3216ed3d0c97bc6f688b181e3b,29600,afonso claudio,ES
cbc5c5990f9987b6ffb980cd2651a4d7,39ebe4b4514cef1cd58b24c4c6de646b,95670,gramado,RS
a62ed90dfc56c8eb3e021e9151fbf469,28de7333fe1c9bf7af6152972c01ccc6,12070,taubate,SP
25ed0dc24f7c50b87f638e5b368d06ca,18694061bb05a1d8d6ea1c14a7c2f912,12422,pindamonhangaba,SP
4271157a005679fb4c9005d64055d91f,0a9f2a263d55f59cb2e1e4051f3509ec,75830,mineiros,GO
1f09757902b8881d55a29f5380d546de,0213fe7fbaa0a7e81c16350785e367e6,87900,loanda,PR
de03ab6aea61b6836c69336629f2a101,c79346a04ff9e3c861f7df7e50c6c523,04126,sao paulo,SP
e3bf47f4bae64f039f4b4ad98a4f18f7,0cf46588cd3f5a23002166b5a1945820,91720,porto alegre,RS
2fb8001fa90031486a508d2796dcde4e,da3fabb668f83ec5f98bb888852470c8,03047,sao paulo,SP
68791a72ebc05929bc0f78dbdf2a5419,fdbd48dce62a7d22e829fc9aa059ea6c,13092,campinas,SP
48fe9f0c3d091cf28162440c5e3f1ae5,7c18f06cdaacde99a863e1dc7a37bf9e,25943,guapimirim,RJ
d5f406fffe58d33efe48566eba1b6537,a2f3f88a6c6a3d2636d350ce01f2221a,06365,carapicuiba,SP
d7fc0a0ddd02070c8be5d906af2b5ded,544654b8a6b602ab20d4440f0dacc6ab,09172,santo andre,SP
c508ad14bc3cde5d1e0bfca7ebdb77cd,65673eb10bb25611b2a9eda38b0e57ff,37902,passos,MG
84d818ae645c84264965bc603b1d173f,b26517697abc966b9d0547f53ccccbe6,15600,fernandopolis,SP
ede24a3cfbf8a9ae0f78446e9fd877fa,ae7ad692ad92c6367f2dcf2195ca45a0,81070,curitiba,PR
7e2408312a141732fa53a2b6e7dd81d1,bb75eb5911ea412b2df5b1fdf6655230,13308,itu,SP
4ab85f6dfa508191b18fa85af3152a78,2ff2e11b4ccf829883be874304328ff2,14850,pradopolis,SP
c7fd4137af4a1ebf4a28aa30e59c863a,963c6b493b91cdf21df85e3b4bfb741d,24230,niteroi,RJ
f0ee5810e42014b65269b12a6182dfc9,0bb5f3ec0da0ed05f3ad507f9e6490d7,41927,salvador,BA
ab15621e1aa4e4c1377e5c789abaa84f,3b213fa71ed685aabae453e792207d8b,29060,vitoria,ES
b31e3de2a253154bdd28a4f1f252b1ed,028296541bfb0fe84ab460804e4c0dce,01035,sao paulo,SP
4830a9c02b42036ffca989c6d2f8ff67,d26dfa98bd785e87a3d659aade51d0ba,39406,montes claros,MG
81375382bb64d7f7ba43b0bad8c033bd,fd9d39fa11a8725fabb15d0ff706251c,62600,itapaje,CE
aaf87fdb0cbdf2a3040221661525a54c,e0e2e180f7534330d7906c6b87a272ae,36070,juiz de fora,MG
bf33e19935f4274841aad728f5f91d06,e60453c5993596de58f6004e8a14a9b8,88353,brusque,SC
68c3651d6752a9bf3b7797626f200e06,8a89a5f322060e82525ac4509b9041a3,12948,atibaia,SP
eb5e240ee56894e851dbde243dadfa52,ac7845e83de06668e76cf232ea6aac9f,24422,sao goncalo,RJ
1219554936e47f8eb9141a023dc6dfe5,047b83875e802d2794e5931512253f9a,71065,brasilia,DF
1b98ceeebae34df2dd185d643c329671,3f570fdeec0a1c6ca5c3a63b47c1f821,15385,ilha solteira,SP
cc2799fcab7375793ea883dbed8a3141,90879b5ecd87add418bcb7e0ecb7ce1d,36061,juiz de fora,MG
dadc59c73a39f1141414b61bd8f1b223,40fa3c3f56e34540416e8dd2089ca664,29111,vila velha,ES
fbcc6fa001bddd25a495c204f5f657a2,b1c5805ecb66dbad5a2c91b650df929d,75115,anapolis,GO
c26a312d7b5619ee24db36e2d25e473c,f8dbdfd7b657946bf71282c2be8bb985,13720,sao jose do rio pardo,SP
4045caa812fa51b7ccdfa20437d66c10,80debb23c8fbff2e722f424d81c6c07a,89050,blumenau,SC
430dae64e910e717c1135ff28b67aad2,c3cce848055be6edcdf13a5509930333,30315,belo horizonte,MG
86979f4c8980b4b673ad22d42e807103,abe18fe752dd48676e3e8cf39823d3a4,27600,valenca,RJ
044d022e9a18015120a29d799ab789fb,76cb71b7eb9be05e13edc7cb3830297e,29108,vila velha,ES
d356c20816dc75a309628b5c17d89468,98e71752819916789567071c52c4239e,22611,rio de janeiro,RJ
ed88ab704ab0332923a0413acb453635,de5f6712ccc81b109504d3abcf6ec094,11020,santos,SP
61449fa1b8b8998c9c3f3a7f0ae954ef,d2f122bc3109d7fb2385daec2d6ef7f7,07600,mairipora,SP
e42b1319fefce9bf37acf91a0ac8c1a9,11be14f7e9b9fa3e079997407a648847,73330,brasilia,DF
b38ed39dd3e8de29709dfcc59c3d7067,426019d76a8b0579cd258fdfdce86089,63560,acopiara,CE
9530bb46f44cc8564b66def5feaee742,cc43afb2cacf53ca901e965da60a42f8,11441,guaruja,SP
1cb3b337875d7beaec095a3d988fd216,4a338466140e0d0a7bd02da80d904f0f,24141,niteroi,RJ
d5e09a8184614ddda310dac5e19e7635,49e6749fd8bf4a9218457eb19a92e200,46310,jacaraci,BA
7b63cba66b8e6d002e94d0990c1e2868,38c3bc2d6df03905e3e8d3d5b079acf4,22790,rio de janeiro,RJ
f19b59fc51f101023eb15bfbcca65f31,08b76bd6862f5b38fafcb80a4eac3bee,26525,nilopolis,RJ
6c51ed8c29ff8bc5f3b649dc7315b787,6d841360f19534b806b7ff157b2a54de,49980,neopolis,SE
add27410b616fcff8fbdc616ec5397ce,cc8012f5e2a7535705ac219332d54092,35767,jequitiba,MG
80f16375ce928674fe11f2e5130208e1,3e45a109987cde39a119cd1a7eade7ea,49930,cedro de sao joao,SE
e04249e50563e2d0c28b5a8f6d86dccc,03ec08f1dfebcf9f6f68a74d58ba405c,27123,barra do pirai,RJ
e49eaacc54850c6362b04617ad4c01ea,8fa933b4aadaa7d2c9d6ce7e8d698555,06472,barueri,SP
c15a53f6fbae984bcbf4ac7bc4395cc3,6a9501d542243cbdd043c91a66795279,24210,niteroi,RJ
96c9939a5ec01aa77921f2701cade82c,f6a39cac9b20115ddf2b41a7a6318ca3,35240,conselheiro pena,MG
7c94da97db6fe83e123f80baab533a97,aa811dd4c5b1ca28de6db905ec51ad5e,82030,curitiba,PR
abf6671124e009ac0b59ca2a8a3ecf3a,e43c9920240823d6c97bedc723c25281,05408,sao paulo,SP
1d917604cae5efcfe88ac9a27f8455d8,773ee7ce02151eee86443dbdb515e271,85505,pato branco,PR
5ef779feddd7910eea6f5a41bf8dd881,f8ac33a389db55f4e3ef433b5367aaf8,05117,sao paulo,SP
c805f98a53f91cc2794ca2402fde6cd4,06caeb75009153db427a6098d7974115,84268,telemaco borba,PR
9e593469b6f1beac77c2da4d73bf1228,ff9d2f60401262b9da1e868f956fb2a8,38703,patos de minas,MG
422b9136bcee509400f7e79feeb2df3c,51378a8908cdc12c6545fdf842383c97,02046,sao paulo,SP
ea477083e770db0655938e79149f8c24,be03685420bb977861dda08f4b4088b3,17063,bauru,SP
b465a7a0020595db2725747369efedc5,39c7d04d7aafef5be4c534747e64fdd2,01330,sao paulo,SP
db151f1435a8d837d9803b742c68a93e,229910f25cf76d97a45024338a834be5,26521,nilopolis,RJ
25ce51bb7c5d09ae44f343dc41af8463,b2f37b4af3be9ae824df7fcf66f6f65a,06460,barueri,SP
d2b896ff2ad7a94912a0a55d26a2ec5e,00bd194837f2ad36d45985a6205df78a,04405,sao paulo,SP
17eea6ff0e376f0b4aa18753bab227c1,7ce70617500f4406c5bbed1b5e7e17ea,36976,alto jequitiba,MG
ca81fdd0baf963fa30e92bc440be8bdb,03fd10e90cd2b48f120d69c45ae42c64,95880,estrela,RS
d2c602b2c49567d1e76cdf168ae8a5d1,9847394a836eab7c0e6fb0ac5befa987,35162,ipatinga,MG
18ac7a8656ad6df90d87898357a8a85d,ad2e41343c68dd444716403e2b1cd537,39610,itinga,MG
8cf0e572d0e13c3cd64a678d54e0ad09,b8e1553512f23d443bba38596aca86c9,04564,sao paulo,SP
0e2f6f88e0d9f89cff0b39105af8369f,2f773f0baf86e08ef3d039747121abe0,22610,rio de janeiro,RJ
9c75150ccee7d27156bd4b0b05c828da,01399b72331afe80cc0c3a982cafb177,29304,cachoeiro de itapemirim,ES
76d15afa8f4f626324f6f05257f1a089,243068d5a207e33290d266c38b094c0e,21020,rio de janeiro,RJ
53e644c7c57416bdaf0409e656ee8b0a,26b5839e505ee33e6a449f7c2c403f99,15400,olimpia,SP
d1fc28d14e2807fee09df0a9157a28ce,f61a665967f4995d37a4cf6c2f62e134,06333,carapicuiba,SP
f650ed65abda7782ac4adb70edb5f62e,9e2121a00989633ec9900d09f21755ac,38060,uberaba,MG
177616f0a95f749bea62333503553be0,b74ee85321309ade84f3ff79e88fff72,35010,governador valadares,MG
6e1cc706f1e28392811d300080f12b31,63ec7aee579f48f776b3fefa90d0a4d9,09750,sao bernardo do campo,SP
544b2f3a716fad7a3a4fa19ec23b409d,55c8837cdf3977aa0624ec2048643a6c,72860,novo gama,GO
c3563d85f2d3642472263a25a98d9fc5,7937be50771f5a064440463094da5820,36700,leopoldina,MG
36f565da5dace4bd09fa635892eb5fe5,131571305eb6589b2433bbdf69821ddf,66070,belem,PA
d5f23b6e251fdf6e84267303b9b84561,9438aac4d0e7d43bf01d7c06b704c286,04552,sao paulo,SP
476249756d8e4fae218d4f3b6af0026b,2201135335b7054d78733ecb3c7863ae,12234,sao jose dos campos,SP
2daa54fc002886fa8a5deb96d1be1540,8aae6a8c1eb71462555384d7021c8bca,05083,sao paulo,SP
2798cda6f228cfd59d3676f7d9cdb1af,d30558fa40a69e6c76998b56a2e5b3a8,22790,rio de janeiro,RJ
561a193d7395d1f016e459d7fbc5aec9,467ecaea2e826fdd849f936ee4e713c5,09960,diadema,SP
aee21b4b5c2353821f920fe3a0799320,8af17078122640cfb1a03b9514b1b971,22070,rio de janeiro,RJ
ab4d1e8f94270a845f887b71343b4814,68ee7ee5040a3bd60474b75ea1cb4e43,15275,moncoes,SP
2e40ab493582930b739c8a2b2a08b54f,ae0e8c9ebdb53204ee18a9e2800dd105,18530,tiete,SP
c713fee6f70301b6bf60701902502703,52e9f9328ec2e09868646b23c108b099,16901,andradina,SP
124b8498222b87507f630671dcf95385,318b8659483e12e9cbe1e6550d97f9d9,89052,blumenau,SC
d35a516e27873b344b2b9bc4ff2634a1,3e71464fee3e76cd5cabe7fdea4970fd,40150,salvador,BA
07dc183e2382a6855b6dba9f7b5a66b1,4cbbfd3f62dbf90d87c23e58272a59da,17600,tupa,SP
3c3472f5efc17888458e428b0b9eeef3,3ecdba3759728beba1f9ed3643e133d3,09784,sao bernardo do campo,SP
aea3aff1832af58932ad32617b3333fa,5e2ff86f0ffe206bc6d9cc4776051915,03945,sao paulo,SP
2072fec3b5c685b0c11a2aadbed58072,73228153dc0dc40a069e765134e8217b,59127,natal,RN
7856aaac2fe87c5394fac93513ff254d,c6427022dca698735b975d8abf0214cc,87140,paicandu,PR
06a6d9bd1d738261179b6cf3d313458b,f28f6019fdc1722c540bc9dbf7da7fc9,13201,jundiai,SP
d179f9e9c42bb8355300f094908ebc7d,4dbcc784af3e9cff899f8e7b72ac5ce3,13400,piracicaba,SP
f4896997a6a8f1e3d089a04a44c39d71,ff53f01e01b4920e90f47e742878cd19,48880,santaluz,BA
8dccd2feedff135e90d86b8abf865b1f,00bab5c446ba511117719c775a3f78e8,11420,guaruja,SP
fe74b59a789bbd55b090ac3f0524ca8e,3b3ef0a0f4d944aa4baa38a856287d9e,96211,rio grande,RS
30324c881a62562ab08e01a916582091,99d2f4598749093c61038fe54bf3a9d9,83420,quatro barras,PR
38bb17584178abe8b36778530f75d810,0d56e56eb140588ff89b9f227011a222,09310,maua,SP
a7efc7f9a3444cd0b3d780d5a060b2c6,9439251e563c4ea556db0b4dd90e6ea6,03310,sao paulo,SP
b941917841af028a5d97758e40ac21ac,dfb8fac694b01a115c8fc4e969d967a1,03087,sao paulo,SP
eb20fef7768b67afc7386c89b07fc19b,45a6800ade995b76321b59e7b6bb290b,08247,sao paulo,SP
c095155cf7a5a0659a2cdf13287e43b6,a32a5ca176d5ac5357e6de795f49ecb0,06654,itapevi,SP
c4294894c16e414384e2ecfa9c70206a,d11ed99698ed346d3be631912dd7712e,12031,taubate,SP
87471b4464fd50b00d663fc0ff5e0be1,0e061c4f1b008a3d0f14989131d87898,46600,tanhacu,BA
5788fd9a1d707f6ed5ecd2ada911fcb3,455373826f719c87881c3d3bdb3d2599,36420,ouro branco,MG
42dfe5520e445df2b7fa0b6e0cbab834,0ee8ed214b25bad6bc78f74f1ced10f5,09820,sao bernardo do campo,SP
78986fff122c92ab8aaa1724ba0c2782,e53b3caaa3e91527aee71e5e36201108,58038,joao pessoa,PB
c4057ab5b47878bfc57f04346a8f2dae,be74f6ac514261775c3c6dd51b0a1e1a,65130,paco do lumiar,MA
a5730924c1643579117189f58ffa5e40,da66bafae76dd072927d01456c730bb2,11730,mongagua,SP
1cf722ec2d1f484c35c1ecfe752b263d,ed8d3a85dcebf694f8dde843f3cef35a,93032,sao leopoldo,RS
4ccb9f83aedb33faa7a13cc3ba34a56e,256b8658e7303076f8b29a6c8b146d7c,14022,ribeirao preto,SP
8c9abe2d8c6e95757ad580361d7541a5,702aa0ece92d4c51247b7cc0daf27f6a,01321,sao paulo,SP
09425ea1839abf2f0d289a0ff453fa21,10c573ba276f9857dc6820e0dde57fb8,14811,araraquara,SP
1c01334ffe1191d82c8d8e91932c5070,8b071492904201b500fd79962f197043,32220,contagem,MG
880d640d4c1edb86a3499acd04525e2d,500bc2751fb819c5a9d19e0b2cf2cf1f,13050,campinas,SP
1909b44d6c01d36a4d946e60f46036b3,a999002d66b0ee5c8fa36a45d9e9c891,35300,caratinga,MG
f7adc1671125754d305c2d29d2bbd075,2fc52fef0a1c1728afa6327e0b90c57c,63780,monsenhor tabosa,CE
4fe821dfbeee2f1b2e32afa525203efa,6a5c06a4a835cf487f19e1d2fa1d0acc,89520,curitibanos,SC
59fd8981d47ba6ea0e75ad7e2e026817,78558d2f6ab7a08ac122cf5d08afe919,18077,sorocaba,SP
8159eb36033866531b9147d8e73ec16c,c2fc2affc9989aad99aed1e97e6f3b93,06414,barueri,SP
72cb2f7e00c6b47c25afdd7ea20ea3f2,cb4241101b3bfb3ecee4b2810bf9a4c2,01418,sao paulo,SP
030c88df740faf58e3bbf38fe25c1743,940aac34d4cc9e76c04cb2df90d0a957,38412,uberlandia,MG
0595cb1106adc0f2c0f617c560fb8e57,9d31457a03125fc870787a251760315a,05025,sao paulo,SP
6dab4e63a2a40fef7c3cb46ab8083922,1270b69469b516c18f61138f16cda7aa,28895,rio das ostras,RJ
0598384cf66a6bd49ac0c725af1c74e7,ab744045d2445f5bae53b57a4b99bfbf,09240,santo andre,SP
2fc45a32ba781f1dbcc89fe684246a42,c25f1a5ce465064c1eae7d708078128b,12916,braganca paulista,SP
2a35ad9f439dfc62d35a0202e71d6c66,25f3cf83109f636d52d288fa4e797111,21620,rio de janeiro,RJ
c99704d45e509477b708b7ed594fb324,c5f8601f143b47bd218cb9dd49d3c79c,05469,sao paulo,SP
b82fcfbb09d3c02e8a173bb8b02e6504,0f700cf8f23d5ffd9f3a034132c1d84f,79830,dourados,MS
50a1e21aee11c07e29db5b8289876b9f,2adedf87bb253342f754153b4d145eca,03715,sao paulo,SP
9164aed89273c9b5a816b1a34fa37e34,0cc429ab843b0fc3df5919baac12ad04,83824,fazenda rio grande,PR
491609eeefc72ee67ee5b42e63ba9859,2bb3ba4dc5cea88949645027d417b4d4,85801,cascavel,PR
c1aee4ecf1d8ededf571249287d56854,1eec8e1bdba268aa58a4da8d95d94739,13212,jundiai,SP
b6f05b99667a02c3722610a7bb6b4062,d3940a0df7ce0786ee2c5a68f8149f91,18570,conchas,SP
b3ab3d70a498cea9282b87bc2fdf4c00,8e22f3dce83f57ae02fc53050460fa76,01420,sao paulo,SP
3295b6a10cfd0a5364458e7aad6a8ed0,5b443105e33ee411be7c0f5a5e630366,95190,sao marcos,RS
37c30eff2884832f789f75fc250b87c5,5ccace835db4653adf9c7da7280467f0,83302,piraquara,PR
c87368f0131696c39951652dad18ff37,0f943ddad69361eafb2a72fadebd86ec,21230,rio de janeiro,RJ
214270a60aed81931980eaed78e631f4,5db0e24b2c898dae46aad6b8bc8c947c,60416,fortaleza,CE
340ea1e30ba5b8f87429cc58cb7aedd5,5a3269ab007eee06346e5fe5da200a65,18025,sorocaba,SP
d7237be0a5e4b9247fc4d6e2dbdee6f0,f382ea55b9bb6cbb6d1d7f340b096940,36415,congonhas,MG
57d673d104da338f0c80a321e20ef683,517bc0cb24ae14a8a8c9e4151025cd2e,11040,santos,SP
9ed5e522dd9dd85b4af4a077526d8117,fda4476abb6307ab3c415b7e6d026526,11702,praia grande,SP
9eea647a40b59a0bcadbbd32538fbf04,d290b02609f8d923b3952c6164bf13dd,58200,guarabira,PB
7ea6a37458d0182bf02b1828d0bca04a,891677cc1f44658aaa462b16a3f55477,35400,ouro preto,MG
013f6eb268d33338ee175ffe2ed24204,10a1ad3ff5f9d18ae0ee0f0a2d6d74b1,23066,rio de janeiro,RJ
9338c981c1692068c92ee532bb91b112,2eb024f5600d788ebc45caf7b962f243,22743,rio de janeiro,RJ
8545a9b7b5b52bc607f0fe72c7dd323e,6e0547a3483b069df1f0fb2414669584,28896,rio das ostras,RJ
032a4f800b7a9732de3c85e44f672d37,3049f49a33cdd60887e89c07dd4a1e7c,13860,aguai,SP
668602ff7a4ac16b00c73785fda2025d,a3a988b211e387fba3be6fdd9b3b23be,18680,lencois paulista,SP
926d5dc6f6593960a86fbbaddad5ee8b,20da6828fdc72c5fff13971845f41611,18480,itaporanga,SP
94fc77dc2051c809864298a90c59b7cb,d08c83dd4dfd78198be8285de25ef1d1,90230,porto alegre,RS
a8b4e86b09a6751205acdf4a5d8e6ee0,c7db8eaaaec6095c953bba3bb608553d,95707,bento goncalves,RS
ea6b8e999abbe1a2a86fccbebd51aec3,997abd6497ecc58c28707008ebb44534,17032,bauru,SP
db374e4b74d15c33cc6685590db89d40,b39dde6dd619943190a8cc9aa6db38a4,09751,sao bernardo do campo,SP
13ef9caa1bc8b42f3e24addaf15ea7be,16dff0079294d5d060b4861db3614d4c,26310,queimados,RJ
430fc891a146939e7337da2a8aec525e,6eb44ebe2e1ab11ad3bfa6c8a1652e2c,18185,pilar do sul,SP
0dcee6eaf86fc9b2d45643f46af4c87b,b549673f2c471b17bb000c264dfe252d,14403,franca,SP
49f17fca0708821d89d63803a5a2f954,bc810aa449315aac3ade3e6fb89dfda7,71020,brasilia,DF
725cb0062f2215d2f731bef5957d1faf,db4d7163c368571d91298413b68bb6a9,76860,candeias do jamari,RO
145d10d2c740be50c50d82f083a813b1,6263c619d9d052abcb21fefd9bb500d9,37026,varginha,MG
62a8b4a0d10a8fa0f5c34059b7758859,169a96b0cee3f0ff7d95d697f10d5414,88450,alfredo wagner,SC
1f33d0198032f3cb27bfe03e09064bdf,8a08977c898feecd2e101c2a27890ae9,27933,macae,RJ
05f9f7e304de1bd029ce39f107848608,d9ffaef986305a5a589b198d8568f211,13077,campinas,SP
1dd56893d8735089534b232e039b831c,3e99fcdff874a9b1cfff9828f5cc77c9,13800,mogi mirim,SP
ff310159cfef87d3dbbf5341637bd4a2,2878289928927b75d078057c8d91405f,71920,brasilia,DF
565ab5b150fec651f51db8783d2e645a,da3f63d7531fe712a6b3cf5699530a2f,98280,panambi,RS
a9b2a6199654f4da4425e9c820bc57e2,45cb7a0ecc2e6dc9c3e204f0bfa8454e,66025,belem,PA
430ec51e3c42def76f0d79a8edb21784,11f78d8517618f460d3a1179f42b6f9f,02957,sao paulo,SP
e95db45635aff45b3ebfd6a711f681c2,1a152f1802f4a2a72173a78dfb44e999,02831,sao paulo,SP
c7f1addc1a4563e72059c69e14cf78cd,a35fe301545e571a6369f1927fb09d78,09689,sao bernardo do campo,SP
8560b967cdb6597a5f8e81a89d9195cf,14934d0a382fe449993e85eafbe21705,24431,sao goncalo,RJ
35d1d4cb6cb9997376abb3d7e1a97b19,4c6a5fc3a280205fd9147054195346ff,13481,limeira,SP
66966a2562fadcb3f9e3acbbfa9a4523,94f1230c44435fe9001ce30f1fe06135,14403,franca,SP
5cb31e4d889afd369634b4d045403645,d6e9ae60b5ddc91b1695f325c9b1a1dd,08375,sao paulo,SP
a01e5a14ca4da35a609812d73b7519f2,a289a8514f6424ab9019078a7bfdadaa,87202,cianorte,PR
76e0f58a2cb8ab2aeddd01ac2c97626b,2dc28ee48b23b202878bb72841129970,12630,cachoeira paulista,SP
4f36ee71cd2eb2ba9c1eb02b36baa34b,a967a2aed325ac121484ed757da16f58,45910,alcobaca,BA
d80fe862fc842cc85b3548679f505116,075c38f7a650b0dc822712c7a58e93d4,79070,campo grande,MS
d6e816a35e42165ae9af6c44209dc565,f041d0ca4717eab95d05b412e6aaea17,79760,bataipora,MS
776e3127741b8d940d12afa4449e50a6,b283972d8b63fa81402654b037f88651,70686,brasilia,DF
f1a688a441fc43cba0c3a2af6ae3bdf6,933d3e8d1c032768e1a0a98e2fce65b6,02817,sao paulo,SP
be0d8abce3af32826fcffbd35cb3b73b,72d424ec55a0c9fbbc6e442ec81e54ee,04810,sao paulo,SP
b6354a784b22dad8e36b59fb230baedb,eba485f19136a2796edc73bc0dd274e7,11440,guaruja,SP
bcce684969990851024216985d1a9b5c,6b22f90696d11798825c886cdb59bbfc,88063,florianopolis,SC
0241bf6728f2c70f948e9a51484d1435,cdf2b2b8c6e87bf77c870a059435a835,03972,sao paulo,SP
46490458d353247266448e9bdc7bd115,a9230d79e397fb71fa526975917bf449,11703,praia grande,SP
4354e2cf53a8b26f617d9b454d0f3564,39c7e3fae5b144e50a32cd66bc2fe519,56150,moreilandia,PE
a93bacd3a4ee650966803e7bbe89bc33,174fbc0ca39715c4d36463f56af17b3c,26290,nova iguacu,RJ
2e0ef40f86d552caaeda3b3b33e9572a,139d91cb0779687389d93bbce424734e,86061,londrina,PR
23fafaadc0b11501176401ba0003c22d,b3441a427e8889379672bfd441f5218e,72583,brasilia,DF
239e340d23f21f1c9886eeb7c3d16c27,2972286f33b3b191ff705035a1951441,20551,rio de janeiro,RJ
095acc4e27efb00510101b9dbbfb4312,d028a4965b062a236061421c1feec941,13240,jarinu,SP
2fde2146af0116e4451b544145e05cc3,52dea3631aa7ae55b1fc52a767908327,39402,montes claros,MG
ec8315fb9315114eb8a8ed106264ff4f,e3787af643d35ba357d75e8fdd2c1a8d,14030,ribeirao preto,SP
718f5495b3bce9a9f415631186f52956,c07c1558a5eca23b74513a4d04ed2d5b,13206,jundiai,SP
54fef4bb475376e95000143add7a1557,0206671ca1e6cea41033a21774bef222,01522,sao paulo,SP
50b848cc87798c6c8261280fbe780227,179babd2eecb53125e973b715317114b,08140,sao paulo,SP
3707669efeae29044e39ea9b2bfa9f32,87d5e42b1563c49610513cc6511c05bc,69075,manaus,AM
b7b9fc03a71452c9ca2b9aca57f9d350,8cbff6bd0d7b88c40dea8c71b9e5e28a,88064,florianopolis,SC
956cc3292d13bea359eaf6683f410bf6,b4a2566d92e7d3dd3e4b5dd74f970824,16401,lins,SP
7ef817bba224306193a775257c181bae,f4e1647d435bc9c00613ac1772ec0c72,02250,sao paulo,SP
6220c6ab35c110dc7945b0bba49dc486,9b5ed7dd6e900a8dddac78911cc22562,09932,diadema,SP
f3ce5e2f314944574d86bfa26a1f1e27,2e7cef57e1258b0f95ed77844866e6a2,22071,rio de janeiro,RJ
e96d02789ac557767bf618ee7bc02854,a3964d35b345bd424ed862c468d3d8fc,95010,caxias do sul,RS
37e6ea49e170e1146b094fffe5a66938,d9d3946d80d034878bf1bbf62642ab99,13495,iracemapolis,SP
fec3ffb806136156a064284eca7d38b4,204ae867ff4e32138e6ad032ef1cf41e,04892,sao paulo,SP
04f201d7f9350c38e57f2d9eb9ef7c3c,def6d043aa4d90414c22a80e3fde04ff,27660,rio das flores,RJ
c440fc4fd60fd9083395f183aada6d4c,415ac25ae6868ab36d6a9407ac982fd2,13454,santa barbara d'oeste,SP
969678c7317657c3a5855fe90a69894c,d47c6631d67f856392d0c8040db162d2,93990,morro reuter,RS
3674db4a48cbcbd032d3d2274f9018af,78e63ed7c16b6a93bfdcef66ad250a00,11030,santos,SP
4ff38991e49354d05057650b0033234f,518ff151056410cc1e01e1dc3711a1a9,81290,curitiba,PR
1239e518e80247840cd399727eb244a5,19f735a9a58a187253055f9d4bcc2bb6,12608,lorena,SP
c056ec712e18300c0e2d49101fca0a80,d46f760de99326ea2d7e1621d7075ed2,76948,castanheiras,RO
320a107d49c46f919012be351ec06cbe,b2b779eb0dedff7f9eef0770287a9979,15015,sao jose do rio preto,SP
2323ebd900ab72b5f72753720d4a773d,0356f958b9250c6ef4084945c9e395a5,93010,sao leopoldo,RS
7cbc9e8aed4560ebfd0195b5aa3be49c,e1224167b1a3f92781c2ff55b0b794be,02671,sao paulo,SP
cf2211a4919cdc7a3acac6bb67e7d5b9,eca0e6bca527ec363f29c5d038215d82,02220,sao paulo,SP
e1e83e041c51b00e571dc0e877d94848,df5e44ce11714dec60482a8bdbb77fa8,13311,itu,SP
79c153310ee3cfd3c2a760c9798b179a,749917bd024cd0718406bfaafb482efd,49048,aracaju,SE
4fbb9513f4c8dc868e3b3626282897b1,0a6d75a522ec78c05b429c2e2abddc72,23560,rio de janeiro,RJ
8bc0f5c8bc1b96927f26ed75e287572e,f5a6aeb6cde01fcf0c35caa3347973fa,11666,caraguatatuba,SP
e7f806cb2cffddb308ed9bfd6bf5c5fd,37cc3e75e39bb11d75a1982ac0d07c17,45810,porto seguro,BA
c8669d1d4882bec78d15af179426f1c1,ccdd9f1a4ed4676d48365d27651a7a1d,58220,bananeiras,PB
9f0398b6761fbae87a157c3956230a1f,6b7c6ef4d91a0cadb24d7f1df90158fe,95625,imbe,RS
81ddb4bb77adfff778e39bff62e51c28,59476bf1c7cde88ac3277cd08be58fa1,64053,teresina,PI
f11eb8f0b8b87510a93e3e1aa10b0ade,64ee476500a01beb94df40f97a108c50,38540,abadia dos dourados,MG
7568855ab7b8c08837d50e8d9827090f,327d5e33e57f7c4d96aff80677f25d94,39610,itinga,MG
0e50c6c7561c15b7879e4673e876fae3,bfc88ad2f4a7c54dc245cc22ab468f73,06180,osasco,SP
05de5898b9da9365b1823e7fd23700c1,59140aa3bcfa73f0763d85370926b4fa,94010,gravatai,RS
f850c258ce056d17c9d4d5b3e84a0d97,3c6cf48555f40864397c53a7da7e4445,98760,chiapetta,RS
98884e672c5ba85f4394f2044e1a3eab,860fc00d3154ce2346c43ebe47b9b6ce,04679,sao paulo,SP
eca9b206f2a9e4693bf0840895434e2c,4c4621970a6bbad78e4204b062ff69d1,93224,sapucaia do sul,RS
e7dce3335777ad9f70242b444c1ce42d,6875c3bb5e962a05fb46ffc63aac71dd,26070,nova iguacu,RJ
a332da65750aa1c1ed6697071c478ed2,e7cb888e6948cb2c3f9347e048979fbe,71680,brasilia,DF
55216c413a0101e314f4b67c8e114a04,aa4da86cd687b4f4b040122da582369b,28943,sao pedro da aldeia,RJ
e661389c58bde51cc882004c8a3235c6,ae270f40e86b0cdf3a4914256655da47,05050,sao paulo,SP
485d59ed46bda4a60ac9ab15c32ec63c,ff2521c4012e1a212bbd12c9ed5acc48,30150,belo horizonte,MG
af2dd33c352ba6c493b012ae2017fd6b,46fa2563b12609b1e135d08c43b1848c,26950,paty do alferes,RJ
b8cdbd2d79fb877b224b27ff548c297d,717018d40515ebcca772cad60799b58f,95775,tupandi,RS
3191981f84b69ebcca47bce1954371fc,2ee7ec1f76d53708b7665e5b28a80ff1,06317,carapicuiba,SP
a2f475be29f915fa902863f62308df8f,aa2ca40652b784ea8e309f01611e4ab6,21610,rio de janeiro,RJ
660bc90c1f3edac49bbbeda20afdfb59,d7f93b8e46e184dbeb98f0576d678f7e,29890,montanha,ES
75fa6cfb28484afc68c0ab2177d339cc,f499f5419a0121c20de531d64dad5ddd,68371,altamira,PA
64549f169466936ef8e0edde57ae994d,211aaecea827d378c879c2b2f667c89d,04104,sao paulo,SP
5c262efffdde5bd254f59c97cf8c9b42,2b8e0c4dba500a8e998f5dbcb8dc6210,38050,uberaba,MG
526e982e0217539da2d43a01848404a6,40c0d19d1774ea7f023dd0c2c17f6e33,31015,belo horizonte,MG
a4f7787cc8dffd6006149cdff5abed26,53cc7338a7d5994fe8baa28a039d2343,06526,santana de parnaiba,SP
88f5da0fac8ddf55d2cbbbc2dee4dc7b,2c31eb62ef5869e069b6702ae943e77c,46100,brumado,BA
fcbd7b0353381303b9fc5b486f398838,bd6c8e9ea5cd9adc391f0784e02eb855,13503,rio claro,SP
abe3fe8adfe5af3eefa704fb9837e9f7,5e1b969042fa231f508d5123aded9f54,18071,sorocaba,SP
a2da04a295c890e30103aeb5356163f0,1a871dc1de3ae88bf92c8d94ca34fa9f,13276,valinhos,SP
748632357c64f888b1f6932d1eee4fd7,d927267e54f07b9e0fd408d2f840024c,24800,itaborai,RJ
3413b1a3a719cf261ac926114e3d3da8,fe86ce129cfeddc53998ddc884d92a46,21920,rio de janeiro,RJ
f9173fb8dc039cb6acfcc3a7a2fc49eb,3e0dfaee8a7d40bae26d53d4995fc209,04538,sao paulo,SP
c56ac9e8772a402f6a167237b0c13f28,86c8e33d547eea8ff5008a3a65a4aba2,19020,presidente prudente,SP
a6dc8c80c0a118ee2500ba81bd939cf3,674e2cf1e34b5485037bc74aefb8ff43,20511,rio de janeiro,RJ
5f3f5e9d45914b3cecccafe39f3f3028,2d14556024f4bbe01f147576097c42fe,57210,piacabucu,AL
72a1f1778a30429fd6162428855b0c1e,70097aeb1bf8a90bc3898fe0a282193a,38700,patos de minas,MG
8f7b448c7e06e94cbc038d48d92e332d,5cee43d9514db230389bcc71987da865,75803,jatai,GO
01f831a3745969dca7b974014c4d4344,36fd23d5c40986f79525271e5e980310,30170,belo horizonte,MG
bc11dc645f9b9b92ae2581fc582cff93,bd206a7660975fdb59a59e425fb0b186,02926,sao paulo,SP
9764b79755f07ae9677fc4e7a6e89507,9835d36e16d2102ba67f493776a52e96,75400,inhumas,GO
e653a6824f067a75cfbc70b978d512b2,c8962f9086851614997e9c46b10806af,70876,brasilia,DF
e827a60ab3c273d88ef8c4b401ce344b,345be17b1f1aed67257c63e6aef84e7b,46770,iramaia,BA
dcc8ace10ad125aac51ed330d021e0eb,b7236912d853456db4962d556627aa70,27265,volta redonda,RJ
03c1a904f35ad2f91e103b348cf53c3a,b4699ec11422e505ccb98da77dda35a5,21615,rio de janeiro,RJ
8d9cf828f7181bf76915fddfdbb4148b,466731c3fc40a57fec44f98e97e1a55b,17230,itapui,SP
0d50229d0a7136cf545013bb7ec32f1c,5d180ffdc0b416638fc305af59e5fce1,22631,rio de janeiro,RJ
c5b90d0229351c62429a0aaa3a5b65a5,212559d08539e8f1eea444fbd9f93e41,29745,sao domingos do norte,ES
7ed971d777a1a449bcca5e0b8c8c0e4e,00b5ba65365dad1d25811bf5e45fc983,14750,pitangueiras,SP
958a6f45092caf24c9c986aae8324cae,c2f70b70cc6c043ca2f6ac87c0510fac,85892,santa helena,PR
1633693027f6a28a4f6ee559c2950e37,7aef09d68cd18831aaacca18f264136f,22030,rio de janeiro,RJ
0ddec1e0f5e5fcc429b215af8b967b33,367f42733f0ea6320603ae4c8cdcb403,09931,diadema,SP
928194af995122dd13f29b05cedc6a68,b9badb100ff8ecc16a403111209e3a06,03014,sao paulo,SP
9efea31c85df91516b2874e4e0fd953f,fc5351f63f69eff75df74e44868ff374,65604,caxias,MA
eb7fff6ffc8d18a259c9612f642c70a9,8fc3c839b1d3142015c5fdd8ab625cd6,44067,feira de santana,BA
41b40faae6aeea7a8b6884948863386e,8733d5194de65480195c9afdc3bf8881,88240,sao joao batista,SC
28c250c622ecb0309adc441f549d9a0f,49a8efac851377a035f6e206ea2d080a,21615,rio de janeiro,RJ
8cda5fa80381ad8d09441fc5b3d5ff46,5d9f48b95adf66ea25eac13fc4826dbd,42700,lauro de freitas,BA
bfa964abc76d954af38e02158e4c7946,b0cbcc2012a12e88cec35af43bdf2ffd,89520,curitibanos,SC
e0588a026f187e4f6ec5cb1ae92380f6,395c3814b3b4b70a3f6e89310fe22cb9,92412,canoas,RS
fa1925cfe642740f5d758dcd83696629,778a5135345d4387a2749cd2816ec1c2,98700,ijui,RS
18b70c2620ae375bc887c4a472178764,4b99bc966b8a9c4975ad78e20d619f1c,71520,brasilia,DF
010583f85dd55d32a6db1068f58ca6f1,bd077a2aa972e28fd6c205b1a22a2c11,57035,maceio,AL
9b5f0ef5de7b703b77e1131e68263de9,f6db892e508b52b2419ce2fe09628d7c,37002,varginha,MG
f9ef0db14774b4dd1e59705b596d6984,c60635e3c36e27ff9222fdac1ef3e17f,74013,goiania,GO
edbaa972997d3e33faec1e1b6e0b7e43,4cee4a02eb33c498d0ad31ff0e7f32f1,23931,angra dos reis,RJ
c398fd7e5ceea0de7aa38c539c061e1a,e06af2f2e6365ac2b1b64ee77582a374,37410,tres coracoes,MG
92dd835c0a01f474014b0a888b5bef93,91049771b745aa43500e4c82ed6a2241,02276,sao paulo,SP
5dd8298fb952a22f28534bfbda71aa2f,49359fd553803ade0d04bbf46f84236f,55014,caruaru,PE
1bc16e02bedfd980cd935973425f1cd2,003035f5ec76f2220098377482de93c9,35500,divinopolis,MG
26165bf3490f385b45f860cae56f4135,9f9d8742cf4906bd7bf2c2f1b5699cfb,24210,niteroi,RJ
5727a6a9809a24aab98ff74360a25702,1178acd60cf0f07b3ae8dd8836f7a6f2,15056,sao jose do rio preto,SP
b84438b09aa33a6e08673fe173f9796f,99ecf7e96d410a094bc95f5d3cb9d98f,01423,sao paulo,SP
856423159bb2e932fecbc5917bce21be,81e28eaa424ddc2aeeeaaeff72f0f9f6,08542,ferraz de vasconcelos,SP
f7c7eee947743e900cad930670b94341,5ebd246be48ec18bf3859966284333f8,30160,belo horizonte,MG
716cc4c139536f08fd1ebf0a8e6806d9,d8ea9b2a0d3cf3c5322773033b9d583d,27542,resende,RJ
9e0e48f4183f1216ab4bf955b29216c7,fbd10bdfa725fd272755f9dd98752105,35930,joao monlevade,MG
9872961494c04c3939cc4fa43bfaeb75,2fafff68ec29779e3b19a41f71fba0bb,17800,adamantina,SP
f1078903d2e4453e0d1905618174a3dc,945cd1869f42eca5d04a7242ef89d0cc,28909,cabo frio,RJ
02328f102511a876aa72a31e2a80ec3d,084eda32e5a95a9a5977273dab99ca9f,21230,rio de janeiro,RJ
4cbbcc881f9f996656c8842add4a140a,7aa53d2337853b9ca0128f978b6041b9,03648,sao paulo,SP
b26791f21e725f36e32d150c31e68c9b,fcb28b060a641bcee2ebb44f1041ad46,05409,sao paulo,SP
745fc498c9bb2df2194e737485a1afa9,c79a463e85fd8b530feba7db28c26de6,13420,piracicaba,SP
975ba3a74e5c88391c411030324032c6,4d93a9728e098210fda896f01cdcdde9,21330,rio de janeiro,RJ
337e39b83fac394e62eb7876f45ee981,7e2a8ae1e36400f3da3f99af72023648,33400,lagoa santa,MG
efb3830adb68fb8a89c948774388ec28,577edb526f98771b20d6db4a51d79423,22775,rio de janeiro,RJ
b626b511cecb256e0d1514d883084a38,1373e04979cfa0fb2092909abbd57f25,45400,valenca,BA
0277e884f6fcd7d9610836744bc7e8a5,70f9736b687cf33ed2b9d8942eacb498,81220,curitiba,PR
9cc1ab706200b513b1940668dc1a206b,7ab1135dd24d604747b44c69823c5ef0,64080,teresina,PI
cd1e26832990fe789ebf64b0bd3de6c1,d0191e354b8298f3ec37607d43ed1df9,04374,sao paulo,SP
ebddcc1c8f109e88a0f971a3c4aacfe6,3b2f809a7f9407e51e9173b4a96d659a,18120,mairinque,SP
c1e0d14af8d9b536de4a169254aa6429,9a90907f6c5a8792225c6274e00a4261,41830,salvador,BA
9d571c9e16be4b04343afa2d84d94352,feb3a5a11a06b144a9aee7fb0fc03453,13820,jaguariuna,SP
ef183189c0523a0c16c6d32c5e73ef62,cdd91fddaea23f00cfc1dc0ffa69fac4,11900,registro,SP
58723c16d88f82622b9cd3888d90dd55,9fe9abefabab3110c6acb617f19159ac,87305,campo mourao,PR
714e373b4d8a9a18a7f5fdb022bafae6,296318aec364cb8bf2427a7e54d9f5c3,07072,guarulhos,SP
e70246c90e6f47e10fa5d8577d5beb17,6fec1433b729f790622f8a7e14ff904e,58884,catole do rocha,PB
bbfd3aff4e6623084092d393567ac124,7f5da5066c49789a1f5e6371e7d72e8e,45654,ilheus,BA
131ae605cc2534ffa8e03fca81c54d3e,991669f489a5bd99e998ce6b5a90dcb5,13049,campinas,SP
d83f1643bc89dfc8516c6c2a11f46258,79c389f4fcc007dfbd1f317f29e85030,22270,rio de janeiro,RJ
37075c62d22a087a6fbb30b8c6abcff3,f1816a4521fa02b8aaf57a9435827620,38760,serra do salitre,MG
b1ba1b27a0d546c2227c49e9eb786a0c,d624da6fd3772c199160626a7e33d2b6,20551,rio de janeiro,RJ
09ac864dd74dde088017581dc9353ac9,56c5db1867649cfaa9585faedfa14e0e,36570,vicosa,MG
274ae39bf372e0bf2908736a9bc598ed,547fdde6b7e5be7b9ba8a6a0296e347e,04707,sao paulo,SP
cfa2107afc077becb6d5c6538772c060,adb359c7a3a7d05971f87478bbafbe7f,03319,sao paulo,SP
aa57e2dd7b09a0f2cecef92f4d99395a,2b883561eef84b78755217c2d06ef360,87320,roncador,PR
500d6039642b97f92c9a47d849af5410,ff49569c47039afb2424f276d9071368,07243,guarulhos,SP
ab6de5519f65c4dd2757858039d7748d,317f563ca3576550955f39a346b15be5,13063,campinas,SP
76621e79f527ea4202b8f05ee88ecd54,128e4b25ce222d138da346b4d5f91bb6,13506,rio claro,SP
5b310d1f78f27de30f2fb3ddbc5e8a49,b9c201d679a0f0fbae1f2b9620b3155a,70701,brasilia,DF
f2f83fa24e988705987bf38370435056,a559653647deb3890ebb2c0745d0988a,09726,sao bernardo do campo,SP
bb00108144109ccb3358a5de12232077,99d32fcd2e8433b316c93a851dd33761,20091,rio de janeiro,RJ
c471fdcc5656bf13d3224409ea35b159,ee0642319e3d9508055057679269f3b1,29215,guarapari,ES
218748ee4a5388be76c4b35fe97f92e1,0f236e51bb703ddf0e311f3520600065,55350,saloa,PE
093e5958897592f409553d0344ce50c2,97f97fe763e10c170a7bfb484d787f89,12243,sao jose dos campos,SP
d09516047dc5fa84a13d5b3273c09a6c,62c17a9631a1a12d877943b6d1515abc,68780,vigia,PA
98b76889a5a14021b4a1f8adf2f69665,85310f2d3d0bfb31ab8657669422dd3c,76560,alto horizonte,GO
105de8232447ebeb61ad4448d5549236,821a512044e7e24ecb0b67338205fa7d,29164,serra,ES
59f61bb586b093c1815a72b3c129cc8f,afafa66c33b0a2faa7a44479ac846dfa,06622,jandira,SP
f9744f196723a6eaf6810ba6b7432532,c632b3435ab76bb6aac6be6e4dee65f9,97043,santa maria,RS
ba2c2929b14d1e28b0b55c950e349b4b,8e23e1bea2faf1fd8b720933833ec474,27257,volta redonda,RJ
d5f6259a2f0fa2907ce0d47876f0852f,6de06281a46d0d459dbe284683e0134c,20521,rio de janeiro,RJ
02cb822eec8b6309e7ce715ccea3390d,88e435343ab7c7ef2f1d4a751a6c8a2b,04421,sao paulo,SP
37522a871660ce8e75a583e9b4203793,4842d52fa081691dd553c0a4639258f7,09540,sao caetano do sul,SP
c29335a8f8c366e3b1b384dbef4e909e,8733869bc6086925c4f855b9caa09ac6,05267,sao paulo,SP
9c7ee04a7b576d6feb1c49f2085dc653,c73f127b0d8c83be60c7249dd77e1828,88117,sao jose,SC
f6efe5d5c7b85e12355f9d5c3db46da2,004288347e5e88a27ded2bb23747066c,26220,nova iguacu,RJ
d8fd3e0c904be88775c9541883cc5dbe,257e8bba41b26c664373168d27c5a0e9,05813,sao paulo,SP
662c1ac3aa47279d8438c925af1fc53d,84e6c289d2e8cddc81f238bb28ea9811,88015,florianopolis,SC
06f8cc01ccc3b88ee6727ab815eca7c9,90fe78558590c46665e648e4f2bd9272,06417,barueri,SP
c8c4991d84dbfef1f61c6152486db6d4,9392534851a5f1f12396b5f897f9f2ad,13075,campinas,SP
adf1ecaca5e192f1356ed0760e5432ae,3afe3f02d75b3d8d823d14959002987f,65919,imperatriz,MA
356db73529dc6e2c37f3712f9a2c67da,0810492c615d973d804931e404adade7,02226,sao paulo,SP
c1e6592cb8927ab713c7d0ddf1980c75,f719e4e2ca5a005f2f8e10c540c8ebf8,26281,nova iguacu,RJ
11e9a91d1c890094c148f7ed75642135,52597838f6c178b19b961b068d048c71,23909,angra dos reis,RJ
6a4ea2081853cd8dd8d7c69cdf86925a,f64ee7b44a9c2170a0db74d6bc3d1ba8,28027,campos dos goytacazes,RJ
ee4a4b5842e03fbaff366b9459e08b95,4b154e0720d0923cee4489015af0f662,24220,niteroi,RJ
25d1a8eaa40b155630ad44faa4b38e40,690c7559d9d62f2464c47042a655bf57,57935,paripueira,AL
2d8748fb35d51c2fd273ee67fff78b7a,a3d335d8dd759126b58367c6053bb20a,80010,curitiba,PR
96d3328d8b8625bc4d656279e1515bee,e5f4c50b9b79024bcf048ad25fa518b6,23088,rio de janeiro,RJ
8857149a50b77dba1bb318e46bb57f65,91bfa4d9b218b0ba5f4bca20ab8eb63b,39800,teofilo otoni,MG
ebcf50ec311622a9b17a720a655a489b,41e36b7ef606e5f8d7d85358fabbdd88,33120,santa luzia,MG
48484f48de7aa7c06c79b32d8a232793,25e840a7c51ad06c616051ef05610c86,88130,palhoca,SC
8def9d598c2a056d7d5f048bb2a86f88,ccd67a1271a7014317f809a362a9c343,21625,rio de janeiro,RJ
35189beb274359f6244b9b70af5cd87d,5c9759ccf00a2abd559405d09a76a601,18285,cesario lange,SP
12f985f830e8fc3be0aad2ea7c47b612,e4ac584ace8736ac1ea923ba3475f719,15600,fernandopolis,SP
b503f68026d2399428f2e96529c73635,1b7f6f9b99184256cc36994b531453fd,18087,sorocaba,SP
35009b941a378f88e841eeb4535757d5,033074087e0a07fb66f9552e71b141ab,28400,sao fidelis,RJ
cbc5606f1ee34f29834269e606c23cc9,874763a0d1b43530139393ddf82c4a0f,13560,sao carlos,SP
d86572e0790d1fb81bb9112430dd660f,85d6dd7cb39a78e4d9a2d5c5abc144cb,01152,sao paulo,SP
b825c71fecd094d9809cf05cfa80eb37,08ec27950ed95b0394dafd612c1db4c3,89270,guaramirim,SC
253c9223dfa3bf75327514da2145fe9d,2082c1f1219c35db8a261e39aba10df9,82510,curitiba,PR
2b73a8fa9430b526be65472668b11004,10afb8c989b931b11e486b35bc422419,17670,quintana,SP
3dfe06159548750f3766901dd35c4faf,ee4d12da18ba3f9bcd8451e35d3846fb,05428,sao paulo,SP
48c75023334a516ed72d8dfb615be9d2,739f7b409586922461ba4fb82369eec1,21071,rio de janeiro,RJ
9bccf54464487719b6a4bd080a41090c,9d93da71ce0edfbf46f7626d967fadcd,15360,sud mennucci,SP
742885a3980aa8cfc45909779e60831d,9f93bae4ce98f98b239fb7aabb84ba0c,73930,simolandia,GO
a5770b59e70395832ca615250e66bda8,28dd394066eaba29434fa1ed25d4a459,06543,santana de parnaiba,SP
1ca6b9732b728ee8b3845345b756a83a,e8ee87639752424dce21f6b829a650d8,13240,jarinu,SP
c1320f6c1ef215c155f32978675c5369,f952aeb0dc87e3ce82eedaea73d3975b,09688,sao bernardo do campo,SP
176a76443d14508cc976f1d84a44921d,31293649410caf78cd0a64bfc3ff3d78,19915,ourinhos,SP
4cfaeb298b91a9fe95a03dfda1afa390,ece5bdc014d9610f93ff60accf976ffa,25550,sao joao de meriti,RJ
69b15f0fc02f022ec3c729f145089728,bc4feed39092799c39cdf8861b188b08,29199,aracruz,ES
f5b66d1266e286035ae816d414c38b07,b963209d49c99a3d345aa9df1ae213db,31530,belo horizonte,MG
07998476885892461cbb12557419e1b7,463116a6ae33fb497ae0708b50892c5c,96215,rio grande,RS
351d3cb2cee3c7fd0af6616c82df21d3,0782c41380992a5a533489063df0eef6,06636,jandira,SP
17e1a5591eec6af6ab825d5687790ee7,14220f3da916d4a0740f0b679b842962,04015,sao paulo,SP
270149cb3f66b7edaa4645d21c7ff646,1735e9de9a5693cb42ec03d585125265,13825,holambra,SP
3375961a3c02d5650dadc9294ea54bbd,bd6edf3d91f94448b859f6938d7c8369,14098,ribeirao preto,SP
9a8431f585de8fb3e3dd4de9d7205885,8eae234dee2521eeaeef6f97f660bbc2,06311,carapicuiba,SP
576908744ae56c9cf061c40a434e2a24,7af7a47d87d53e6db00e70790bba0370,66093,belem,PA
90dd38dda93bdc6dcbda8bfe0bb597ee,ec0d14f6ecca05089a0a9e0440d3d8de,04833,sao paulo,SP
65a2393f12fc8796f152eef39d25fa4b,615555b69b411108248f61161aac1c48,08596,itaquaquecetuba,SP
ce0421a97232c2a1194cdb66cd3ebb9d,f99edeaa8a00f9866fd8fce5a0b83d4f,60125,fortaleza,CE
dd7ac74cff12b8539e9c6d3e641d4542,7a4cf849f0283d3806f2dcb1acd85776,04923,sao paulo,SP
5f58583fdece0f0f724ef92f113e0c8d,032688e7102ec93cbe75358475e3178d,25922,mage,RJ
a08ac24c7188aae96f09570ffde66b40,c64d5429aa9d29059dcfa7d3d4c8193d,26700,mendes,RJ
21c486a006994b9f9a19f18a9c5c714d,e890062c8472a5d59e3126065e8478d1,01141,sao paulo,SP
fe485abf913542028cce88ddd0abbfb3,1fcc678e05cac2f2cf25563977d488c7,62760,baturite,CE
9c5147ae1632464089388bb16252ffd7,6f0bde330b4cfd106b6c77c053f8a238,15470,palestina,SP
c180879e74d4c16ff6a311d185440de6,188e8f08287e3c78f08db012795abe53,08485,sao paulo,SP
816cbea969fe5b689b39cfc97a506742,85c835d128beae5b4ce8602c491bf385,38017,uberaba,MG
dff76d8f98864a042bde79ce48314dd9,83011c7d99294a16a97db805038e9e9e,04032,sao paulo,SP
56068ca6fa66573a884fd01f7394ffe8,ab6ec178286e6a6d70e9bfe90378bd95,05171,sao paulo,SP
652084fec8b64f212491016127526bcf,a914b2be4782207abc6758095ec9e8aa,04130,sao paulo,SP
8a250edc40ebc5c3940ebc940f16a7eb,6062db572f3ef38b7a8ff4307abbfad3,13044,campinas,SP
596040e2523803a2b45f1a403a86be7d,37f8072da4c5026bb739a2c2f34fa9c3,35162,ipatinga,MG
f819ee076bb9edaef215114f813e9738,2f73e93d1e11788e219227e5d10c181b,14140,cravinhos,SP
33db03ccbfce5ccb029160ad2c1de78f,5b409ca5e4383fcfa2d21b68c21e5a04,26255,nova iguacu,RJ
647b9b127ae2e74aec386da8e8d9018a,e192fa090f25cc4dcd5b710abeabedca,76120,aurilandia,GO
6e15807a5d74456cf5f90cf879bcd7f4,b7c20aacd693e0ce601eda237f43e67d,36083,juiz de fora,MG
693b3b377e3e7a9475f585d765329230,c52b27dfe7bd1e471a3cd013ebc3aceb,65073,sao luis,MA
eab17ddda36cb27ac825d56bcd269a0f,3b4996aac9f52d741bc5d4df7da45070,18274,tatui,SP
68fe5bc21c5a3ad828108dc360c41fc9,8e01028f9e35736a083d15e48ed32abf,09110,santo andre,SP
9247365772940bb769c6a672afb55785,4af447cbcb836009ce836d9d775d306c,04708,sao paulo,SP
2aa42c33faa0688068c11abd00378113,86c107d24a2ccfc28a4cf3392491d45b,05587,sao paulo,SP
1594134c6e1a9a422f7e7a41da116cc1,f2e715b2da62fd0d1cd7e41f80ae48f7,31050,belo horizonte,MG
ca0aaedb924d47b85407a1130582b836,14b1fe83a6c8579f0502b467afe01b7c,37478,soledade de minas,MG
51af2e3b06f7854a87c08f4e957f168a,f0bca8c4eac3e23397b131fcf6c70f0b,03205,sao paulo,SP
c5ae7356add4217aa8e2d1677f60e49f,83dfc040da239e9638aad258ea6f171b,62800,aracati,CE
5c61fae10b041abd70be0bf6fa174ae8,dd4a643370a43a2a302f59176670113e,22020,rio de janeiro,RJ
1048e3bbdf891bd8571eb3739c0c9d2a,211b8c6507e44d69f8abb9775dcbc0de,11060,santos,SP
f2c2929ca63895910ff61424f0bc86f6,c09ad1f436009e3ef04db880abc5055f,89540,santa cecilia,SC
e7aec94ccc558cd76a77a8a64ba60f52,8be9e2ac8cd05c487471b69ef7687b38,05049,sao paulo,SP
d0e8197510c87f449b4fd4291ac5f87b,b86e8693471a3733aef5cc2ef46bae39,15785,santa clara d'oeste,SP
615186aa8a5e60ec87fa86010f582551,3dd8bad00a85a50913d473d27f26ecc8,15735,aparecida d'oeste,SP
1201015f8e5105e1bfb7e9bd75be8523,d3fdfc1532290cf8e93bdad76e8ac1c8,29308,cachoeiro de itapemirim,ES
9e0c3d9fa27dcc05361fb6b771f112bd,384e8dae667c49a5004241d2b47f4e30,05003,sao paulo,SP
5f7a7e33fde7fdd09dac4e27902f7868,a3a5ea7b1ca85d1a9e4a756cfbf0060d,95770,feliz,RS
96cfaf71faaf9a904c4045fd835853cc,b48348743e921a4c82657d401675e069,60175,fortaleza,CE
e0dc8ea464de23db3b4aa5fa6ae07cc3,383fa1a759c0437605732a46d4f43d2c,71918,brasilia,DF
ff3928bd6f5d6978c2515547ae381869,5bcdcc1c2a38bef9849a2c446f0047f7,44001,feira de santana,BA
835d2eb4a81db209086d1b7f73ae3c22,d94652295fedf480163e4bacac00e947,95770,feliz,RS
a652f27bc38cb4869b7d5d82902c0b16,2c82b177d38aab12878490fd1658434e,83321,pinhais,PR
1e0cf6a24bb919d69e632aba60a69ead,85fb83a5f1c3ea6c7824a3e55e7a6183,36070,juiz de fora,MG
800631fef0a782c3a8efe7d8071df64a,6d3c02f03efc71b44d52999fc95fc86e,75200,pires do rio,GO
4ab6b9b183a09e503665c331ab76aa17,ccfd020eaf030301df959b4f09ff45b6,04438,sao paulo,SP
57cffec2e5c21ad9bee83cc699bfc9b0,2ca298adaa0c377d5450bb1558b40e27,37701,pocos de caldas,MG
97b1a3ce290922863b4118a8a290d3bd,31f24c5fa105c2e0b0b5fe5d08c1e484,11095,santos,SP
62d5c37f279182017dcd13820676a511,2ad74bb684a664f51ee6dad7dad60c9b,58706,patos,PB
cfa9e5ae05a54e058846a30a2c288118,4a920352e96b1e17e0de73c58597b582,31560,belo horizonte,MG
fa2a6143fcd4d39afb184064b19d13bd,a309cc24139cbdc0bfad6f5d2d26f7dd,23935,angra dos reis,RJ
8297545d11104871ff4516789a25d3f8,0c390b03d9ff475efe45768f11558887,60532,fortaleza,CE
a9bb000979210a35541c29601f2dc03e,fbfcbb9969287114a9a4757e78f6f807,06900,embu-guacu,SP
73ff91e90f718f4e4b183053504f0265,b29c70f305c6f44c610a018ae4f2ff36,63050,juazeiro do norte,CE
48961cfec533cf17b135ded190707882,ddf701b98740be6f2798814e7f730fba,85960,marechal candido rondon,PR
aed1f7e0b31d7d3151cb6fc31cae2904,77b079d504476bac0eeb45b5cee8ae5d,24465,sao goncalo,RJ
40d765d8bd08edbea11e2857bb737b81,03303f6d6aef045d45a0522e613d7112,08588,itaquaquecetuba,SP
d299e0e07e35f5c6fd348ed83551a272,c42419a1aa4e3642cb0f1a49f0ed81da,92110,canoas,RS
8afb90a97ee661103014329b1bcea1a2,7ac26eac431c6848694a2de6f0327524,75123,anapolis,GO
ec4fb4c598cdf9aed7a61bc47e21fe6a,3aba191a5118822792b669b766403a3f,08160,sao paulo,SP
e1238987433fd511c3a493ea3d3913b0,3bb9fa30f4bbd9b9f1aac2be8d5928d7,88340,camboriu,SC
68914b86fecc505772fc79427f0cbb29,2f8fdcc19a1a75fcbc5fb429998336bc,68926,santana,AP
aa58e9d75d589687cbb79699e5118e5e,04520e5f2b9dc1f8f7ccd63f6ab2db38,01408,sao paulo,SP
a6647fe1eda9d07ff6f8084860cc890f,dee6a650840de087ac42c4367bc9baf3,12043,taubate,SP
18a76d8e984df9cc300315102a1008b4,3c93aa15af0ff23c5b07f6f5a3277745,09050,santo andre,SP
ef0097d76f780cd9e2e00fcc456fb344,4d4a47dd2222949b57335fbe74d9448e,37270,campo belo,MG
9378e75380f137233cad33bcc7f0fe0a,ab2cd5cfd198ddfe26f7d208905daddc,23585,rio de janeiro,RJ
8c4dbeee7cb11dc1f6ab09d05aec9e58,ea65d284a7c5624a4e29365e2e4bb901,13806,mogi mirim,SP
15e30062d5439bef7f97946eb4999f22,b76200bbcb6c2d27fe74e809f361c52f,26564,mesquita,RJ
d66608953619ee144d97bc31d4309228,083498d5fbdd0f87b140bdcfbc55dbe7,07791,cajamar,SP
8e2ca602bd712bb232afd470752cef62,62e049c57f1b37b4fe0e102f9da9fe13,22431,rio de janeiro,RJ
984a5b9aada81e4c24d25cf3f9d6c06e,b085e215fff5ac47ba14f3a013e8e405,24340,niteroi,RJ
ff60d321ad354e757bb24fa7ae799676,e97d62ecbf23184875db94c696c9c00a,89291,sao bento do sul,SC
bcdec9d721222854e2bca0c80c9980b3,4c58e6c18d4e81fb9e6b6bd0adfb193b,72236,brasilia,DF
a11dde3e6e22e6541818f5e81563bfc7,5c88de047e539f2ed9a643b3c7522f14,17250,bariri,SP
89c8c50250e077c8977215502000c179,41c9ce6f9c3f1d038fba94006ecc8067,18900,santa cruz do rio pardo,SP
5f235effbfef1537095b1024ab902244,5230161ef1611d935cce981477eece1b,01244,sao paulo,SP
3d54e262ab34438486bd0eb8bf022c2f,f2479f8d117c49610d5a2d006b4ab716,91240,porto alegre,RS
d2ccc2030a2df9be14100fba82182fe1,1fe67d280cf34bb8e80163556187394e,63031,juazeiro do norte,CE
e2a629c7ccabea34df0cb4954f6c08db,a49f5184df6f790d7765174f8fc569b5,03059,sao paulo,SP
a185286fd87396f263ceaf0a463aae0f,1fe0c3bcd0086ad7fe437508c22d93c2,77804,araguaina,TO
9e76b1b37605f553636242f3e5861c3e,29d72fba272ad06ed0b2ac6351da042f,15015,sao jose do rio preto,SP
4b9e8cd034b45245928f0d55a4ed4310,293aacb301c260f3bdeadf8e108f9c8f,06458,barueri,SP
d6e4c0ddccf1b679721fd6ee028a6f15,f3a8376537f05ce2c02c626b22b1d267,35519,nova serrana,MG
7be38949be81f033f2b4bdbebcffa33e,636acb21a322ddc693b3bdb607c79922,04965,sao paulo,SP
934539e22ab6ba86337bce9541fa822d,133f1d0455e22120ea8d26d3af3dd3d5,04086,sao paulo,SP
0d3a23c5c5b8ee8da146658a6b607d05,b46c479b09bee8b1b2db13c1d1ec99cd,14270,santa rosa de viterbo,SP
58c5a7e613f2142414070e137c7c7a6a,5e314cabfdd901de8fd47c135e86ceb6,11055,santos,SP
78a6006cf4a106dcb7d4b8f91e664860,b5728597e220351f59a7daa426bbaf2f,80610,curitiba,PR
fe2b285a4d3936b9a37ff7460a0d403f,7113a50db7ae2bc6f93d766749e5125a,28021,campos dos goytacazes,RJ
b3ee7fdfb85dc3e5de3517c7be1bfc6e,382eed2ef04ec2c6afdb28d7492a17f5,12248,sao jose dos campos,SP
6dbe848c6681efae10ede81c3f0c9ae5,de0158ffb56b0a5102cb9bd196ad6648,11013,santos,SP
713ac4139fc3aab8b2e00bd5644295fc,f579f765f88484e7f0873d8fd68682bf,01312,sao paulo,SP
16b2af5a3dda4ad1940daeb17536c5a8,d35ff7e26bfdc97d1e57191f1438fcfd,37305,madre de deus de minas,MG
0a3459f8f647c54834ba504e02519cbf,1f706bf3d8588cd35fb75513b2fcd780,31035,belo horizonte,MG
aea2cf4df1922144129a0e8c2353a8cd,e650a740f366df1d65e17eeda8cccb43,56330,petrolina,PE
e68621623204cede934062122606c445,57894e99b1d318e9b6b0d5e07302e4db,38183,araxa,MG
756d469ce2dc599ff5dcda8440dc5417,4ad7084997dec8e94c385caec1970669,59152,parnamirim,RN
39851c46815f49fafb7bc26ed6bf513d,e51e07cef993df6ce1e8604ba2261b5d,02178,sao paulo,SP
758ca4ee2332bce93a8be678115f71aa,3add5c1d871344f08b66ef66e1e0f392,41180,salvador,BA
77cbedf4e47cd5ef93dc76c8e48c6cd8,8b8cb3fc3f7ae14192f65dff259381ee,38295,limeira do oeste,MG
756f14b1558af7da091394b7abf48514,ffcd4b43c08405501a6bf2c66be83e83,04302,sao paulo,SP
4e766deafc3ec54aa57cb6d4d705e506,3283673183a99cff1de963f7d44063e5,75110,anapolis,GO
f9549d865e9b3338b99f359a1e763afc,97d2d110e335aa62ef0e10d09639373d,89237,joinville,SC
a1d7580bed7d7f0ebe64eb1d37b01624,2f9f2831e2f23274802ef653e9840b78,21331,rio de janeiro,RJ
2278519c37e419c5da259c8c82395b99,a4d5363120895cc3c9474f5483a39298,81020,curitiba,PR
59b7bf209533f09866b42a6ea7076666,873c4850e7f66c106dca007db093e3a9,05794,sao paulo,SP
68b7ff9f504488d359f5933200a0bacf,745e1490d4eb16895c8556c44973f64a,72329,brasilia,DF
544cfbf822c23de5e82f86d638b82b58,68b985a24263e49feebb66ab492145e7,26282,nova iguacu,RJ
c1951203ece4074187b167b92d80f71c,a2979436ea8e2cadacb6bd64e8b37d9b,28970,araruama,RJ
196d61c804eddccab4441e7a7cc781e8,67723326689ea42327c892430d4590af,19901,ourinhos,SP
de7123a14192ec3066359926049b0f28,dd23bb62a5c9ad13651fb6281a15b3bb,37925,piumhi,MG
20e464a07327b8acb79e2603ba845569,88f994e308b037460dd6f7e4cae770eb,04548,sao paulo,SP
d74c3362224f461a90b59790374dd103,e865ae0dea85c964888c8f117cc6b054,19880,candido mota,SP
27e2ceef372b20fbe0d5ba59a14a18ea,0798b226f964052f8d0201c646d57df1,90110,porto alegre,RS
6b1d775b2094e9c5a3a86e9e8fe01b3f,1ccfba98073a3f785a7dc51a4464bdd0,13632,pirassununga,SP
7d6a0d2bc3cd8656c1be4de50b4d73d3,e707dc75cda76b17ee5585ded1d2eb5e,85585,vere,PR
4d42435d173517c3f79098cee92ea787,591556e0ce356274a8a58a64b5311a2a,15320,floreal,SP
332cd7b9d5b2e74bf7553bfac694996d,c4384a7902deb7c5b60b480573876d9a,91550,porto alegre,RS
ff63f83bb3b2dc9a2df626cefbddda8b,07296cfef11b5e2ee8ea429920c26e0a,05535,sao paulo,SP
23b1652202bea45933d115b4aa2f04ca,4f40329a8c4e7ef4d82dfab034dab009,71927,brasilia,DF
6500983182f0ed3a2e92fcb7522a4832,92ac1644f8048b0233ca04612918efc9,07855,franco da rocha,SP
8305f05c711e3b117730f542d8d6deb5,42c48734de8c368e46b2c1f21101148e,39801,teofilo otoni,MG
2ff1efea5cf92067b167101227abb467,0d51e04ae0b1d341e4f49812d1f4fbe2,15500,votuporanga,SP
2177ae4f97aa63b6f445ba3a05a3f7d3,e523519447b1f83438adcb13ee2cf067,06523,santana de parnaiba,SP
14e7871569ad7387e9fc4e84d92dce91,a4d8bc293bc8564b7d7e6bc9f244fe7b,09120,santo andre,SP
a538ba874170048d43cc542f48007631,83fc82dcff6ed4daa4f3c08f0bc5e6b2,14402,franca,SP
0e09f4a4b3b82f77dd0fb14effe37fc3,02bce421a8a2122b9e673a6721f69c10,26280,nova iguacu,RJ
5496914618fd2a6a52a3dc154965ec4f,a6b1c8e5ef0ebab10a56c3d5767696d8,03122,sao paulo,SP
33cedf79a1dab3f5dcb6a35891f86643,fa6b78ba50ea70e2e80264669223e7cb,04403,sao paulo,SP
79b51496a256b201c6b620c4106e9166,2d63cee981bc69c503a9b6e25060f67c,19034,presidente prudente,SP
15f3f60c0575a9f2a7d5434f7b8a7692,96a9e66285108791875512fa49cab22f,12490,sao bento do sapucai,SP
1bef529baa69f231b14112176ea31608,53ceaeb850613543ea23122fc510141b,22610,rio de janeiro,RJ
1e248ce64cdbfc9d30332ff380eef1ab,f62d6572c9c25b3796d058d7b833f8b7,05756,sao paulo,SP
6fe655df4b9e1e4a3fc234cec27c55aa,c934b7146180892c1d0c54bd452f0fda,13272,valinhos,SP
1744c521a2c25fa33eeb79ab5e987da6,20ae758fb6688386d9d1540f63d380e0,95520,osorio,RS
0ea00ae539e6a29390c4e1d0841352e4,b0ac5b393b78a6e8185fd3acb154748d,99150,marau,RS
b577ba81b673d2fad6f974650f3dbb5a,c68ffc361044816323eebe6a756f3060,35900,itabira,MG
5f93762316ec932d3473afb00a274cbd,2bcbce880708ca3bb8106040d0b18f9c,97450,cacequi,RS
2f9fe192fe03e0b19bbe3ff35f3100c5,588e6801be0610dc8c81d04eb23acd22,04182,sao paulo,SP
8bbf21f65f542300bbf3ef6012820922,6a5cf4459fd3a29f02b960b8f2d3ee7e,05560,sao paulo,SP
31c3ec5dc1ec7bea1308a156c95e3b4b,8b8a28ea9c0d1b98fb471b9d408b2b16,13085,campinas,SP
98bab3333501e5426408e5f68c63d972,500b6d6368aaa8f713f050654b92f366,14740,viradouro,SP
8aa4d935310fc9211fa1e78dcf74babe,1750995a1e8cc279199b445c35319589,65043,sao luis,MA
498262061f04103f440f2e643da02027,e8001d7ab27230c1f2fb39aa63aea136,28300,itaperuna,RJ
eeebc20cdf8c43ca5fbb2ad606f2663c,77570428461c3b2bcdc9934f069f2692,25850,paraiba do sul,RJ
2b261c26529c69b68839968c14d22369,4aa3bb0f92691d2cc5fc6cec735c0c01,29370,conceicao do castelo,ES
839eb6e08e4322eb2037bf9ab24348ae,433d1adfd69fefdb5dff7a06bea549d9,27542,resende,RJ
fb9905dff73be7499c32a25c99961503,b80112b1a24982f7eecdaa9e06af98f9,13015,campinas,SP
28888e758f4debf9d8d79a8f00222f04,f9aca7474d36ec58fc20962c384959ce,66055,belem,PA
663b74a68c6ee3368a988224f93cfc68,145e836d1caf31fe74237bf0abbd5a9b,60115,fortaleza,CE
5bdb6841f00ab95bfbe2e2bb7eb66ddd,1612e8679bfb8e8b5a2f35400282af03,07120,guarulhos,SP
64951dc059928ade3849eec4adbb689b,9261f1b6e91d365ecd776fbe29d03cd6,30411,belo horizonte,MG
a95bf627a6d55bc2194028e5648c0fdd,226ad1e04e75266d492bcb6bea70939c,08370,sao paulo,SP
150905efd2cdad1d4581853bdace0f0f,768253d2513bc433767081cedd241a3a,13082,campinas,SP
e7db9d2a47a9a2dc1c981f3520f053f4,e77a118717779cdc2cd4f9a5c3865952,20541,rio de janeiro,RJ
0aef4c77e341d8944b0e48f4decaaa47,94eae8afb0fdc74a7f77450aa491a074,38270,campina verde,MG
97cba178632e2fed3edec61ce374fb60,8396c03f207f8a7b155a99fc1e56a98e,16500,cafelandia,SP
59fd56a451437919bf2ea954a6baca5c,94c37e11aff6de2affb896a98fe3f98e,84015,ponta grossa,PR
432bebd364d9ae1ec762aa1916b29db5,aeb650b8c165c16af6f5ff0ce5e586fa,11015,santos,SP
a77f4b21bfcd5d78e8799a788934c8fb,65aba17aa81bcc90fa90f860e958aa30,53530,abreu e lima,PE
c395be79a22d8f63692e48a68edf3199,c80f5d9ff604d95b1cc465e9960eb478,13309,itu,SP
c5f2c64fb9e8baa1021a0627ad5f4245,31f098a19cca3744ed167969105f1dbc,36830,espera feliz,MG
b41ab09d03cd73ae63d8c474d89efed8,3b7860ba1d1bca8b56c192479bcbfe07,02562,sao paulo,SP
7a185d1a7b35b67cc0fa426ad845f666,5c9ce64e6f59daa383b4b3cf25d393d3,71010,brasilia,DF
0a431c57145b34aa4645a7c3b85bb149,e6b62862f16a5a748d0b9ab37670a673,21231,rio de janeiro,RJ
875821ff77f94d5c8960cccdc48500e8,3b1a33efc09a4d8df157d8c9b4968bab,13206,jundiai,SP
291fd0287b7cfd75702b9be21f23f1e3,122b19f1369e5529fe5ddb08b6daec8f,21630,rio de janeiro,RJ
5f52309bb03b2be3e499278fe49de656,9c90157c7b5c4a92c25f1c27a42df017,03947,sao paulo,SP
7614bd222d72753a5598941edc462392,61f1a493cb99e61ebb41924c15778a5c,83708,araucaria,PR
4b9ee9bd667eb4c8cf6cb60524c6282c,2767f1bba0529fe3f48378c05ea40f0f,13802,mogi mirim,SP
53ef809f78767b14e4f1a711a1b13d0e,01d0f02781924f788fd9d0521663fae0,13145,paulinia,SP
b2a02ae01aec9cbcc071c887b1ca41ab,ab0f33695ad11caefa534dc00326bce2,85801,cascavel,PR
7dc7f423358e3ece6ab8c863d1da0100,329e320a856fb68cd9d0ecdda03b3ae7,57081,maceio,AL
8a4ecf2e2fa5faaaf02827b368c0c17b,6e73ccb686c79f2406264857ad8f19ee,36037,juiz de fora,MG
36774face3b8ee84925f7ed49dd56c42,0246e728843e079b72ae99cbfe711acd,13150,cosmopolis,SP
58c021d7a27ccda0f20f3c1658b0544e,f9cb5dc7e731ae82e0575be2255c14e3,95270,flores da cunha,RS
8c28706c8f9e0cc8ceea7d7e116960e9,519a9ea42ed875f12c879049c09e8c02,41680,salvador,BA
447e29ce729f67ed9ad316e8fba96adb,c0cad779c1da40c9d34c53cd03eb28aa,74230,goiania,GO
07b84eb06cfdd90b1e293bab0df8123f,9910e92c18776a14048773cef6592b91,22410,rio de janeiro,RJ
f34b16d1165d68d1fd046eaa0cc21faf,72f10f5fdc4ce39523a5dff2a82ae99c,35300,caratinga,MG
f18cdb6c4c7b85a238a9ececbe4112e2,871a411b7d916351ed6a1a194e366507,58220,bananeiras,PB
bc79e7caa09731190172e80af2e3d126,c39cc6b8f0a5d40e41b1de582816199d,13271,valinhos,SP
8c2c80b3c71d4aab125e0b8b1f8c36a4,7285ee0c8f26d553acfb684caed71f5f,30130,belo horizonte,MG
f7bdab6e68a28bf26acc7cbd785790fc,95a4a22f35928ef1a276bdef2d07081f,13219,jundiai,SP
1abf283d0aba52db4f323567c763714b,3ad4f7f719b511802d7a94093d055e72,76980,vilhena,RO
48111b4f13158bb022862d3f307840bd,064dcb374e89bee36c14d918152940f2,60545,fortaleza,CE
228c08d51cbc3f62907a83a9ea1ed246,caaed4ff7d0bd323d5b4cd26eff11aef,15900,taquaritinga,SP
179f0e4fe07ba87fe5291970261c42bb,e047754ea69ac071b0a0894257a3111a,14810,araraquara,SP
df7b474d99cd3c9cd819c5a10da7e2e3,c8a570e2d2d8959c5c23f3da2cf23080,13212,jundiai,SP
817bf570282659feeeea95bd68a6ce1d,5a320cebe0fb0785ff2a0eb7b0c02cbe,06730,vargem grande paulista,SP
f9ea98973ad5377b86d588b734afda06,454426cdbe8229d900b78aa314e386ba,80050,curitiba,PR
c8be084101b0ce1d1ec6a88381add2e2,fcae924521568bcad8fd17456478487b,73840,campos belos,GO
180bbae17bfa825b909b9daf2217d77b,979c082388d594af8ca214fb5dbca747,82640,curitiba,PR
77f5768427f2e8bc2958b4d206581529,59e10694f9720ab5de5e94aa875d1d87,30411,belo horizonte,MG
a7a934605f3dac72b390478c3b14c0b4,0724e62851ab8f4d61908341b6ec6a3d,21331,rio de janeiro,RJ
3e3a04eb993fe7c6bab32b40fcc51f7f,b6b7c81604adbef7a32d4bacde272d41,06753,taboao da serra,SP
35ad814595f534fe564bec2692ae47be,90ca3f3ba0350c025a82b0570eb72918,96310,herval,RS
be9ab6439b46e597d921dad9db0d23d1,b349d03dade93dc07d9cb0409e326f04,57035,maceio,AL
13cf269afee757997898d939075f59ce,fe18248c7953f426c0781d33a9730998,86975,mandaguari,PR
52ebfe7b40ff6cbe2db79c566f36e6bb,e3276a09829510513e2f055f953b2aed,01535,sao paulo,SP
e1786bf866d54dbf3f18f24fc7a02ced,d9dbfa0381f0935c78327417ed931dca,01422,sao paulo,SP
dcce3df038a0a13e25b904159c902a96,613b9f6c5dc2b333c2d6574713398729,36123,simao pereira,MG
186d5e15485ff2afa04f02bd00aee4a4,dc9108cdc59294eebe936e0971e6da63,60865,fortaleza,CE
24c5a5251ee54a54a9497c6e82f321f6,142e95a7a3e3d5f391706a05549a1632,74370,goiania,GO
e600c255f682a86dfd0c57d3b1d7417b,b96d7210632c1e88eafbf34998081f43,15991,matao,SP
3cecfffcfcdbac8b85cf74dfc8a60166,70457f5d80967f5f4083e0cde7e89ab6,70763,brasilia,DF
57a3f8414e6e936ee0d8026db6f83715,f1e656bf22735f8b1ba541d4890e1763,22725,rio de janeiro,RJ
5bbc72ac56e6c2d61f23a8a91a6ceac6,ba136375f078fedf9689674d4786e281,04310,sao paulo,SP
18bf077cc226f63f9556ee53ecf916fc,88f4f2cc2cc3f7c3e8cd20d5e592424a,22430,rio de janeiro,RJ
df7a84452bd7d6921705ac34f40e864b,9c01b2b200a873ee3d7bf6f8e04a45bf,06714,cotia,SP
084064d0e425f87b49643992a88c2b43,1f4dd20e59017acccdc1888bd80fd381,13080,campinas,SP
6e544db78613e468780690fcdd22a7bc,8e47d2ea4964a08fe30cfe024f4039e8,27940,macae,RJ
3c59cb3e5e8348b4f5303307f6c6048a,1caa43df498d168ee748d5d7790775ec,01434,sao paulo,SP
8c0a260a33c95286a9a851fe8bf42797,c385f43894ac5ac31c50339ccf16e8f0,03323,sao paulo,SP
13a094bf5c41e311945e058c7a2d8ef8,cdd9ac43ed28dd47c08641f1040ce277,18650,sao manuel,SP
2c64fc3c9f0672a9f2481654a7bf109b,74e18f891a58daf76d6bc822b0dec66f,74785,goiania,GO
3af757f67947c5e839d0b66612884678,d58976e9d65af31ed4c1b1bfbf45ef03,09951,diadema,SP
55ca07ff32dc30f00ded4c99f8ea9124,0bc9c245cd69735af23eefdd89d74e7e,09671,sao bernardo do campo,SP
78c8986ae34f3ea1cbeeed9c5ad29f40,f64252a555afb1b642c0bfda648ddff7,30840,belo horizonte,MG
8e4a0eaf18400c5715796fc724708d00,da56ade83334e416439ec0cbe4b666d6,41680,salvador,BA
870bfea80f26efc288cc9c31b522c5ca,7fe7f4e2d57d156e3f5e291676efd9ff,20010,rio de janeiro,RJ
e1d80b4400ee81764ffd2bb6344cbe99,d43d8070c7681ecb6d6915c00bd16e77,25725,petropolis,RJ
c147dfd02d5503b44c65a2660bc63cfa,191390f8192144a1bd3954db5ec5e22f,09090,santo andre,SP
4b68278d4590a304f97e2943948c8d83,d406bf35e3591d9d31d78d3b2f3aa5f9,04571,sao paulo,SP
1a4dcc966b712214d7c0d25f13fa2deb,585a7960832446ae265d9d254b542ed0,28860,casimiro de abreu,RJ
894070d43ae4f9bab9980d3da7f8aa32,5b6f7e886ed4a13a0a666740e4788729,03570,sao paulo,SP
4341dee96f04f4070713ce5453d58a1f,8af6dc185ec6635edfa865375cfcffec,50070,recife,PE
6f085f0dee869d8d50afb553a178dbdc,b6204a299292b0a711c745e9fe47ba5e,22451,rio de janeiro,RJ
1a954bbd169e7813291d468aff07267d,a8e08d4f5f9bbf0b7834866de94b6aee,17511,marilia,SP
8f37482013a6566f7d5610c5210a096e,d03b5338d1d7602830fddde7db21cf2a,25940,guapimirim,RJ
4fccee164a7c9613fbf6978a9c4cb72b,64f4edd5b6c33fb305990d88886ffb19,22450,rio de janeiro,RJ
3b3a45b3d25deef9424d8d639366b795,c6e12d73878f91e2cc828da5da88663e,58150,pocinhos,PB
b8cd636f6513382dd886029c3e51c412,7d95fa7170950137cd6920141c9bbfce,36873,silveira carvalho,MG
89430c6977d04d2733f4dd588d27f43f,cf2982c3cd18ba12342bb2672e4ac3aa,19907,ourinhos,SP
cae389249163795aa33fe9b7b28dc22b,53ac222c38041cad47992b3a735c6332,39802,teofilo otoni,MG
715a6dcab7854c0e90e76c99e19402ae,2ab7fad20e1c4c7747dfc91137b862cf,01121,sao paulo,SP
bf140fe2e3a26db29d95589b4e03b3ac,05ca8458d5b3e8ca4098650e24802536,71937,brasilia,DF
74219e78dcaeeb30e8d09ed57801f0fe,366516219e06d4f39db335aaea72120e,14740,viradouro,SP
fb8b676e8673ddd7d4e235130ec65362,e987698e04fbb20def6a810f1c249da4,12223,sao jose dos campos,SP
aec0636da1a15a55683856d9a5821ffd,c253aade0522598f2381d711dd97fadf,03446,sao paulo,SP
4dd3a0f00eda9c4ec8d3b86cf231823c,edd2329bf3243402e14e0779270088c6,85550,coronel vivida,PR
e8f23326e2c34831368372a3dbcf8ce3,2477493cd0ffd29ef87933e32466fb8e,22260,rio de janeiro,RJ
34b940a65cdafb66d26675441dad9284,99309717e900302b84d7170bd44736ca,71065,brasilia,DF
eda4c5f48f975dff9e7c1a846ed6a8b8,53c84ac43bbfafb7a6b5d9076ab423c7,97015,santa maria,RS
5af6ac8bc746760092c8e0ddeed00f56,555ff7c7aa057a4f340c8ec9e26986f2,05787,sao paulo,SP
a41415234479f516143bb51a90adf145,c726f72b9f8eee62eda7a2092c1f9a47,06280,osasco,SP
d91337c4d268a8a9f17bef015ce9af3d,f4f203a8ddb0c3e44212a6eaf379348e,08441,sao paulo,SP
386b33ae40dc4d773f4682a20df4f133,edfe46388531fd922ae5176d9711ad50,05570,sao paulo,SP
eb44fe0ac99d141cdadb412aebdc57a0,01020c5b6024bc1cf2a3228e566bafb2,45645,itapitanga,BA
cc0be152b8158ae5ddccacd8efb97076,c111811575f73359319359318d16de78,37973,itamogi,MG
7715f80f77f2ebf4583f97a0a6a7548b,8a04e75a04c11b76156ef03b8ea45a18,31650,belo horizonte,MG
45f07bb06fb8930061926add48c58d6f,dbd0046b8318fb0e6ace21f6d1675337,04515,sao paulo,SP
eb00b6b34bb7da3b9cf13c9ba8d1e136,98373acca5178086924094608b1ddca7,03317,sao paulo,SP
4df063e444386a404859f4d9bdbb5063,04ed3786fa70d5e5c5da56dfc7cf45aa,22631,rio de janeiro,RJ
9f7ba884a1a243a6b4240358bb703550,9fc716781b36d8707774167a7b8b634f,21341,rio de janeiro,RJ
c3c89e607f1280b715319f19745beb27,f249a8d23948360f537ac2451b171902,11020,santos,SP
3ff9a0ff4d3f31c042b67356615d82f9,e70860197c087e03faa63e22638b5bac,89258,jaragua do sul,SC
03b3813a78be4cf5205e70977ad78d29,8941047a0d54f59366a66ba79806ae9b,86600,rolandia,PR
8085a9af46f619bc25966f151a362b0d,98758d88bf4b8eef1372ddee45d63178,57250,campo alegre,AL
8f039377398b08c900778a60909d1e49,2b53267d59423e552bc93a0e771f4ade,37620,munhoz,MG
e19a18812eb4e4fadf5db16932c2595b,18cd91b09cbc8c28ae022b38889aeb5f,85869,foz do iguacu,PR
68491aa52cafce7ca8cfd1cfef3681d4,362dfd5054d601e41fefddc74af853da,01223,sao paulo,SP
44b387496ce8c6654019503566f11029,72558f8353b34b1e070f6806b62fad28,05867,sao paulo,SP
ba5a299fef88320dbdadd124f5333bc6,7f4f709af2fd8fea44aacd30bca46264,14080,ribeirao preto,SP
da4b0dd3c2d5b6d284288457c7bf612e,3f9e88e7d158e60e9746e20bfa4c3fb0,22735,rio de janeiro,RJ
09fef67c127958d557d5fae582d5091f,525cda9909aa001ebed396f6e55eae01,89120,timbo,SC
6ae6c7c1f89f7151c85245068c11d633,17937682a0684a1fb193dbc4173e4103,03814,sao paulo,SP
230b221fa3e4d32fcc7525860fc8069e,61461426c7fae2826a509f4364b244ee,07740,caieiras,SP
60ec77f4aec77bd0fc41ddd733af687b,009e70fcdd4ea3769c73210414e73c64,37400,campanha,MG
ff2fbcf5290b75ae615bc293f2a9dfc0,31e2a2013f74538d3ca08b0c24e7e62b,89082,indaial,SC
cd46bd8781c25750e96a37a5e32450cc,b9b70004b9682db7a07defb7ab1b475d,05778,sao paulo,SP
8b6fcc7c89c9bbdd8e5e47e35fb13f53,afdf6bba7bebb1b304027a7d34c3a529,91530,porto alegre,RS
3226925dceac15f5cc2ca251b64e1ef3,2ec723cccfb1cb7457fcba909e382d7b,77750,couto de magalhaes,TO
b7079d031085e5dda5e1bcbd5ee3b031,a151a9b996e1d74765c707cbf9fe0379,86020,londrina,PR
02ca27924660947952e555921dd4749e,c6bb34817267e10fd97c0b59aba74ac7,11461,guaruja,SP
afc13494642f88d253be56a1e353e261,2b22fac410c77b08b937809c68e7481e,12955,bom jesus dos perdoes,SP
3bc5243906b84d5c2d343147f0eafbe4,6858ce30f88a81273fb705a2fcc52aa7,14080,ribeirao preto,SP
f8b399854fbe5ea3bfbd0de81659502d,13d53cc311380a96a9f97d340d73cc7e,13478,americana,SP
7c8e2ee21d1aad5b2c33ee153b31192f,c8ae50cb383faa9141cd8f792aec5f4b,79021,campo grande,MS
0a978c825ff7d013133ddc7f77566172,dc9431e47beadfe1188b67bec3717969,60710,fortaleza,CE
50a5ce7e867f2fabc3eb4703dfb432df,23be4b5b1e9add3f80da9607e9de5775,04433,sao paulo,SP
c5cef700ee7cc5a1bd23ab842777c617,a252a4402b837d558baeb350811da8c3,30270,belo horizonte,MG
6cf015566aff008af26f65b0c770318c,0ac6c093f86d5fddbc2bd9999e49ee72,35162,ipatinga,MG
6370f296922c213b9d42cc710167c263,d62379e90c47d0e7e4629f4094140a43,60874,fortaleza,CE
bdbdcd5b18193390b025df518afe94ba,b54e1edda36c3e8918ba9c97ec8c7c4e,70350,brasilia,DF
2bc1edf09bf68e261314a5142481290c,4b186be506eaea9267648b3fdcb6e7d3,35040,governador valadares,MG
7be2fab6281a2ec4df4b9de1e47d9217,043ed8f32fb896008b1f56c248fe032a,09030,santo andre,SP
ea15bb903b8f82b3f8ebdb8a9f305154,97a9c6ce2f5a124d22fe6be767bcbb07,37901,passos,MG
bcf3fa82abfa5cab3d2910b999fa8f07,838accaac392df91e07d025f32ee9634,13610,leme,SP
c2bd11720c11c5302296696aa34d4c9f,6acd91790bad41552dad6da859d887b7,13574,sao carlos,SP
961c0a5afe936135ac6ebb1ddef7ce09,5cd55d08a32945da1f132c88d3a22934,03930,sao paulo,SP
dd8b5fb300450248e98874ee5171824c,1118aa06e11677ddc73022c31a292540,26275,nova iguacu,RJ
e6662e391d2404ca1fd165b0a4124ea1,822d25972056ef51050804f1e0446f40,08490,sao paulo,SP
18b8a289b963f319f9c59bb42cc44193,c004624e104826546052d55f9357b0d1,02422,sao paulo,SP
d4772f8e732c5faa405ee431469bb21a,af30d0a981e743ef70feba5d4512d257,28740,conceicao de macabu,RJ
5e7706e72682bce0815ac5ea59fac530,d5acb04d2418fe724646db29f3a4b137,24742,sao goncalo,RJ
797525177b28cb08ae6d244ca133823d,77f60834473e9b8dd0c7dd6c9e0f30e5,26163,belford roxo,RJ
719f6e6129a784bbc01b1267fe488547,e30fdbbdc726b0cba2116f03e5cebbe3,09811,sao bernardo do campo,SP
cc2e48332039640e42842bdcd64fe4e2,7289ef64c73bc18f265634e530689474,76680,itapuranga,GO
a18c76193a26ef37fd582877922447c7,d092f718af9277b7a9149ed2cbc41585,13327,salto,SP
2b3a2fae42ef353d6548f1b7eed8a7b2,b32c5b76e3e653aee128dd5665549edc,04177,sao paulo,SP
e16a28ecd0cf7f1010c6719d14666d69,c0f65d36aefea8816ca9498185fe6167,22775,rio de janeiro,RJ
dbe4a02a9b2165a9b01e2e84ff17d5b2,a3dabbbea3eb1e36ad0c4474e00e08f0,37200,lavras,MG
b2027e001d7cd8107cec9f7123f43930,1b4de623bd547e01a75a3314a658b01e,06184,osasco,SP
3682e97c0860ed97a8845b7554cf5070,f64a5fff9f33800bb58f4d8aa5513ff3,60863,fortaleza,CE
8d09dc54480f245a3f60ac491bbc2cdb,4702945c3b363dd3a5d1cbe913cc95d2,71916,brasilia,DF
2a30c97668e81df7c17a8b14447aeeba,4987996ddcd0ddb20740fdce7c2bfbb1,37137,alfenas,MG
93be387010f0b00896cf0d40d5921885,2547d56bb668d0543d4902cf3f2e7515,02043,sao paulo,SP
84936b26581d8bbe95b82c100ba14cf5,0777b150d37cc8c65e506f3885292681,36010,juiz de fora,MG
cee2b2ed35e8bd1166ed5a4f0e45ddab,3e4247d5dd8263bc06d82dd727b51dc3,06455,barueri,SP
8bf2f12b614d32de2cb7ac7e1cc2602a,2c7dad312b70cbd6e8d62014afb91d40,06454,barueri,SP
c49ddc57f4de85a5c7694bf37f9b525d,a0c02e30e19b2d276b746bfbfd36cd1e,98750,ajuricaba,RS
537e5a56d07faec92aafd41965e7733c,bc97695dacb772685b0d8c87bae9bea6,95940,arroio do meio,RS
e4f455e7f3768d5ef4bc4deb24a65a30,3a3c4efd9d7b18393b6d774b9fc5a0da,03460,sao paulo,SP
31d79ded8b09c0a871f049c73f2d331f,4211dcafb715e60bb929a44d3e4951a2,14340,brodowski,SP
ed5ec5a2659505eb7eb931b0ca57a870,887826043ad269ee33e87d1886e5ed5c,78060,cuiaba,MT
a562db3c7cb9a68947debd30879b491e,e7d41c19da317af0612170197303d5a9,14802,araraquara,SP
c04472465a5f84c1055508f48ffe5b4c,c614379bad49fd0a3fb1c271e8f280ac,26280,nova iguacu,RJ
5ff12b5d7429e2bfde8594ee4ebf0ab0,73a229f5f1038f3106643f4a4288402c,26900,miguel pereira,RJ
708932e8e8ba10ae0e57abe5650ff985,495dd72676ccf7d3a7d7ad8f4dd13dba,80520,curitiba,PR
75ea3b206fb4890d3247a0afb3cd9f37,f3ec7fe1b723815ea67103324912e409,12922,braganca paulista,SP
30aeb7b5117f7b889862eaa74b545e2d,3a5c7f0a36d613a96a3cef05fc890ae1,09541,sao caetano do sul,SP
6957a0b44d49ff48e3bb939fe3432f41,a1d6418fe32f5acbc6780e5840df0408,78050,cuiaba,MT
e5898fa2179302b68bf36be7eaae193e,de50c94454fc32696551d292dea65cf4,12914,braganca paulista,SP
58c80172465a0843a5a1873a6fd21061,b032eb4f89573f4421aeee6d871f5150,13340,indaiatuba,SP
6dac42a8db39e203ab662d2bac64fa33,c102bd464b89d5f2966296a82041a7e8,35701,sete lagoas,MG
928556f1e278269601edb5c022cd4b5e,ea47bf07d22746280af63667a8ba2d20,57084,maceio,AL
224dfce9628d0b53567eaecab61f5f4c,efb0cc85e51a471952b523bcfdbe4f2a,25215,duque de caxias,RJ
7db5bde0f0fcee8817a4c317cf05429a,483921f4add6c14877a38acf62151e5d,30310,belo horizonte,MG
625784c6aad212dc7d249ea10e276617,cb409daad1fb6069e979463ca3de23dc,35547,carmo da mata,MG
fdfac5d8c7e14d8fc236256a33b5f519,2483f3885e9d73aa6a336a2ede3c8645,86055,londrina,PR
e07255e0a4e248ceee143c136e2d7caf,ff885973dca75f1361dd79cf033cf6fb,95345,protasio alves,RS
5a4b54cb9d4df46629f60281d0d001ef,5e5cac364816ad08a35bde088db40268,13290,louveira,SP
397f66d3001437d1499712eb4e2c8583,577280430724633ce1a5e40af4383efd,84940,siqueira campos,PR
c56653683d08517b6f91a3309c03542b,be5e28c2855974a15b50dd8e6303eaec,25949,guapimirim,RJ
8c21f1094ecde16bfb67f9226a37cf41,3b8b040e02598a340cb390713891f895,11055,santos,SP
19f9e4a8e8924688daf67bf32662c671,2be7e51058c4afda672bf4d14a4dcda9,01222,sao paulo,SP
3c0b720f2a9aebf70b250e73ef4fda63,b40f9f5a8ddb36c2b9dded8fc1f5a255,84940,siqueira campos,PR
98910418a06188d89fe89354cf41ccd7,96297b7f2c89525e5182a83875ff70e8,88901,ararangua,SC
7905466cd09e084e02563c8473d9397d,5c172742a150b58f4407bc5f87adaa00,13820,jaguariuna,SP
a0a88da4a6858c8d7cc650bbd21949e8,d9a5ebf62ff59b5cef9e4e36b6a76f7e,97030,santa maria,RS
a95dbea26da168d82f94f2bbf429868c,9509830944a9ea610a02017b86d2a28a,89295,rio negrinho,SC
d5ef4d5c3a1c273a23a77f366fae4ec5,dd6cd377eeb9f4b456733ea3c0862627,30330,belo horizonte,MG
73bcbe6adbf53dee67bec4399c32b98b,a3b14b09ee78619350083da5c35f0193,07952,francisco morato,SP
0a209a88c2e3dc2981c79ad85c558059,895617ab63a9ad8881d9470f7427cd25,80540,curitiba,PR
0e178c8fb4e6772ba156b0b795993c2d,5bed66cb9a3aa15cbc9a686537d69a41,48901,juazeiro,BA
c9b6b121d391ffb911f1fe482c753a94,110b65132570b2b4a4ecca9def26ae46,02611,sao paulo,SP
2600006b51f3d485d195fc1a3b3014c2,595097e7597ebef5491032c439b1d64e,70680,brasilia,DF
60eff00208ce766f18aed247d50c4cba,124ef8d5acc80858c69d34e3e08b572d,99750,erval grande,RS
a3a4dcea8bf35b152eb89c42e403f258,a8c2964c887359970daefd10d4c6c012,36345,lagoa dourada,MG
27464fbd955e5b0bad2c0eaa46cd2f4b,99122059531527e956da6b9c64922771,91920,porto alegre,RS
7d5bfe0ecf07750475619272cdd9b6d4,43978cedabadf283de4a06dfac108ffd,06608,jandira,SP
c181a7a0b04796669dea155c0f1db42c,aabf370ab02354d5b9d5438f77c40f31,02842,sao paulo,SP
f14217ccfd1e2b7fc110ed55955ccbbf,00f8fcf41cceee827e699cc73950218d,88090,florianopolis,SC
1563bfe4b8d21ed87a2dd20cb1fae1a7,5883c17380bc970921a6c79ee2ea51ae,16013,aracatuba,SP
a9c72d599d0b287d14619bd65721ed70,565e2431d09da4c6f5e1fbbfcafe1690,71936,brasilia,DF
df3647cd1abeadb6a0fe143deb1b8cd2,07d980dc24f39e66a3398573341d8820,02226,sao paulo,SP
531fa8af6b64d371b38b44930ae774c2,13efaadea9b2ad1a425fe9fc132ac1a9,82410,curitiba,PR
79e6d859cf83e9bf76a07629ca91a49c,565448508b44312e8489ca1bc1f5d09e,30285,belo horizonte,MG
e87d6c74cdba01997d0d19d4c8941c2a,fcd2399004734c0e2c996479b1cdaf9d,38700,patos de minas,MG
475eec32deae43c1479b18acc1f7781d,6b1b4cf479c558a8e050b249b9ecbd8e,06700,cotia,SP
42ed4ae976789164a88e41d1526a5c3a,fceab0ea1003563686037d3ac74081e8,09190,santo andre,SP
8b647f05640c46fd8d4be7f5e617dd61,096b89eac72217a0dae8da7aea54c00b,86062,londrina,PR
1792c3344cb8e193a50596b21a777a5d,e1f9621df240662ea3fa4d3c8c26c161,13720,sao jose do rio pardo,SP
0663e652f8793c2d4eb77e8185a5747f,73407e0f8a211899dab47838a5f723e1,91110,porto alegre,RS
9e31165fcca754ee7694d99cf65ef8bc,bcca9404e66ecba9714e6eb9343d2054,04180,sao paulo,SP
679ffd2f67c23646db9095fa12b8052b,c06c4cd7b04f7a00770b273e06452f6c,75701,catalao,GO
d8e392ff4cf70df9743697280315c7de,6b672d19bb5daf36d2e500d90b753a1e,30310,belo horizonte,MG
a2797e4ee0dd430eac06ca4b7eac8fde,5cee086dfbc266298d558c29d8809b99,06708,cotia,SP
b08d8e609d55b8d13dafb964bfed9acd,463f4877f80ecb1068b9369b237999f8,20780,rio de janeiro,RJ
88624d7d20ec8bcd35a8dbc1ca51085c,9690057545b15c27a800962f3a0e20b9,95590,tramandai,RS
09c5713746fdfa37f1ca6a92242da406,8be5c6cc1011c8a882d3bac857955b3d,49020,aracaju,SE
581e111945cc20950fe90ffd21931234,dfce961e8a71f5cc6fe22ce68bf5be89,64465,lagoinha do piaui,PI
b655e5fd84f933787506b58d4060458c,1314a4c9d175673d953df0dc729363fa,01218,sao paulo,SP
daf457df7093e56187eda2050592817b,6d89c322686666680193afa698c29134,28035,campos dos goytacazes,RJ
c5a92db38654f2f74f3983d03661e8ad,e226254ce0c6d5b7a7ef7218c9b5b518,13607,araras,SP
ac718fb7c27a55fdf5d8b0070a9ca602,30be913d7ef1f8e51182191d3b9615fa,04514,sao paulo,SP
6ed05c8a41811fd62c04a36cfabdc3fc,1dc03b23f85e6846bb6de8a55d58994d,71070,brasilia,DF
245330e667436609ed3e8ead1554eaf2,b58b3b92d64c4fd12f04c5e45c2c7d75,13468,americana,SP
d22be3ef41b2dd919e8a0f327a02f284,e3297f28e4e7500951b5ef1c4b35c5ce,28637,sumidouro,RJ
4b63383d57d7b45e8c7df93cdbc5029d,f0d9cbf6fdb3f38f2aaae1ee44e66e19,31060,belo horizonte,MG
9a9c7c7779a50a08dea119e930e06fe3,4f548c910bbd1288f8f367c69bd8dfa0,38690,formoso,MG
96b3ea36ae6536e8d46ac247b72b9364,1ac1c20d54ae0a375b77d6841663762a,27525,resende,RJ
d6679f9035899b94503bb782c8352752,69bb1c97e77750c3161c7814e4aac154,29101,vila velha,ES
bf7c8726d222f0d68a701aa4eece685a,7a1d1f8d5addd247654cb07ebea65d75,08664,suzano,SP
40007efc8eba921655b88ab47d309e4b,e57e16147ad6a71d8ca0ad5412e745a8,38625,cabeceira grande,MG
b89ea39218763f0521b7bbae37e90aa8,ac13cd53c2c32e33121ab34dafb30b03,06680,itapevi,SP
c11d593808566de4220559b14b75be36,b7ec4ff317e1a7bd2c48e86db67105f9,18132,sao roque,SP
324af05f4849ced7fa7bd242fd8c4900,18cd74276972b2ebffd8031770b114c6,25635,petropolis,RJ
1dd0b0f0f377a25ba431324492636237,752b88396e2019ae498034f10cc14e43,17520,marilia,SP
32d35b37495c90b91603ed706ff912d6,005ee3e015ec18092d7782e507cf68fe,69909,rio branco,AC
6c1dfcf79167f6eaa51ee9740c7229bb,211e24bb1acf05ce6465ac1360e4504b,26292,nova iguacu,RJ
9a3628001d3e292e330959f661034b0b,b9e123c4adf4b4cb158903c913c16aff,48967,nucleo residencial pilar,BA
b59e5cd1348f825f57941afe947635dd,0a0fa442c401952fe854264257c18775,12522,guaratingueta,SP
5f20182d4742c105de1967ae7154043c,545223946e151aeefdcd88b6560c6419,27520,resende,RJ
c6f55b8c3f988e35978224e981b26836,425634deb94b1080fc7d283f3a644941,68625,paragominas,PA
9e9e7a5ee7c5e26e2782c06f0acfad1b,480aeafa3cef617d1e34d786a24b7634,20551,rio de janeiro,RJ
8ebb06c13ec14673af1630a22715f4bd,e6e8ea2a2c2e768f5824ef27196ed655,88330,balneario camboriu,SC
3f794e657c0afd3ffae672bc8ecb5ed5,dd9fc62ce72624c6a0d9229d9b87cd35,06845,embu das artes,SP
ae98e7ef8bbb639184da4566b1e7f19e,8886966f79ad4b54b06c2fbbd66b6b5e,84400,prudentopolis,PR
c95fd5ec9cb15e99cbd4b8a9ff814ff6,542736940dd0e914178cbc58a979c303,34535,sabara,MG
14615837f83937b2dea94361cfb6770d,a8d771b4e13abd8d9df3b4f6c0a38091,85301,laranjeiras do sul,PR
993d78fad972fb03a64f3126d934160a,de8e3d9562f8279bf243c39051edc9a5,15055,sao jose do rio preto,SP
c2885ba32d9fcfb7c79c59ef42a74e88,d7aa50b85cb81e36ab94fdd9aa295996,02133,sao paulo,SP
6b1e761a745eb03341d8158e9e9cd3d7,111004975efcc926fc61c8a640709a32,79260,bela vista,MS
95ef10c6dea554e64f436a44e8fd723f,e0fc0a290b1d791ac8e3c87a44cd95ae,03978,sao paulo,SP
17ee8098eb758ef96941fb81b414b364,588f37798f35abdb26cd348067e723cd,14021,ribeirao preto,SP
0c63c9530d251ecd4dcb350537e9ed6f,618671719446aad2d578f97b9cfa915f,24230,niteroi,RJ
dde9aa56108832961eb53e80ac4a2e5e,249bd5d40e52b5e10280890b693bc49b,88270,nova trento,SC
4f093ba642d31211516e40197a8e3aa6,b9ffd9f8e3189d5e28a1b6f22a2fad69,24416,sao goncalo,RJ
d61fdb0c42d843ba72a06f8b597bcf6c,84ab84c176061542731d809158c20bbf,20220,rio de janeiro,RJ
2e424e88b8c35f824145ee570fc9e027,b247ff09a6f40212ba12b4aa0c533f88,39490,bonito de minas,MG
d71c8d46b852f467520c039ceefcc433,543d7fbc0885b5fe85f80169c9d62a7f,77022,palmas,TO
636be70d7b46fb1db9836009fa61d6ff,00c19498681c665889d1212be870e8df,94435,viamao,RS
c5aa3c712cd1b1c509b3adb34dc14187,71f88e06eb78302859a034cd7d1877a1,85501,pato branco,PR
86242b64468c9c6370a38afab37a986a,9c8cd7e1a0a0224f2846f8766eb1c6ee,06727,cotia,SP
4f3c41c86d3911a51879acf4fdacee74,381921f3ea2ec775d9d53052e88b6365,29132,viana,ES
16c11c76b58be7de894336de67d21260,70ec0d94cb8fb8bebd175ffc701cf5d6,02710,sao paulo,SP
3460eb5edd166a7e45eeb273fce75187,36d9cc02c910d8c59caa1674f53c3ffb,15046,sao jose do rio preto,SP
fd3aaca05dc7738e405ff6669a5bf7f0,328dd6e3fed7a5e91ed7d9aa558f0bd0,89830,abelardo luz,SC
c2676f47437c3ea66442e39a07605d77,8ad37a8e909b633be54a0dc3e94c7a04,86600,rolandia,PR
f753500e103533c0f47c35ca41d9923a,520af1e295c9d6d6dc0413afa815b0b9,22720,rio de janeiro,RJ
cd47d198f0840df01cf63596c6f4c429,a4b1243a3712eefc2d8ae5d053a1d298,85802,cascavel,PR
cd321431eb241e989d200c78d0a4bfc4,1af28a3c717ee367ac8e4ed5e03d21ad,39401,montes claros,MG
1ed1934ecae75619009545519aebab61,e6e62ad03df4dc30856d12fe2c1c1366,61921,maracanau,CE
45456cdd69ea63fc765c59119c064829,f332ff19c6fa950c88a4598d47a93dfe,50020,recife,PE
fff5169e583fd07fac9fec88962f189d,6457be0b331148fb5454efc88d1e03d9,13458,santa barbara d'oeste,SP
3747cfcc18da3cff44fd440770d92d97,ec462378011c63f79ec53a2365d8e71b,23070,rio de janeiro,RJ
7bb5b53c7d838d8ca7e94ce809b7d784,272f0ffe236b0bf765e14f5a2b577a6b,09710,sao bernardo do campo,SP
9d4314f6de130876aef05baaa020f0cd,01e123d7c7cedf12af483fc17258b9ce,28360,bom jesus do itabapoana,RJ
1d03153fa9957f06d124c663a388e49b,234622c5e62e91a42a8ed2868e12e84b,05451,sao paulo,SP
5a3f73cc3e52ab64478beb5ce8756f4b,520a88dae0fd97b3230c7d36aea4196b,21073,rio de janeiro,RJ
32ae8ecaf26fb3a2a0cb81bcc3049657,03f0eaa85630490d7b8249285009ccd4,13052,campinas,SP
d98cc303c53b826e8a2187c4f04c100e,357db15188917085133588f0fd96950e,07054,guarulhos,SP
98a95db6578e2df8a4786793c89944cf,372047c2b6994bbef7715a199259202e,38701,patos de minas,MG
dc81c6b47698b1a98b24db60dd094325,0deada6f42688db05dff922d7346cbbb,13035,campinas,SP
550fdfd5b0a7423ce63232c284993145,37f2ad2df9d8b31b3075d61dbe915ae6,03563,sao paulo,SP
57108de6e1cf238dfd0ed00e3d878096,5da3ad487547da6f4f3011269b38f324,38550,coromandel,MG
45a25642e5dcef7ef301d55048caa6fc,91c2dc5bcfe39cc349dc8bc888352b88,28930,arraial do cabo,RJ
7d4ebb5d17f45bb406048c8566bdc18b,31d13f2ca764748ae45a19c86f79611c,84050,ponta grossa,PR
ebac8d83849c9bd3204e23675e26a5e5,bd45cc3d978aa1deea0c23ca2d60c54e,66811,belem,PA
fe7bee92681d1c9369a084e14683ab78,52e379cf88cabd97147c140223347696,87045,maringa,PR
5ce973fbda84cc196075524439c99bb2,63fd7218b0cc3d5d4a354445cb266c4f,12060,taubate,SP
022d2a2e532b92556bf7cd39107fd780,813a625a578851760225edaedaac92be,31140,belo horizonte,MG
ac99113c54549df0dffec419b6cb19a4,d567f29ec5fa447c99e949f337f3a35c,35661,para de minas,MG
5af132d142a96d5bb2bdeedf3a1835b6,a33b662c3e8dca7f222a800442599364,13458,santa barbara d'oeste,SP
a0d86b4a22f02ed0ade308b69e91bc89,b89ecab6b0fc4a02fbdf36fd2839e3a6,36790,mirai,MG
0bb22defe0dd478a90cff2c735610686,b3e368643782a907d9dee84bb01205c5,05089,sao paulo,SP
62a31d294c310db1ce08d21a575c4144,3e8ec82c18ec9053aca2a527a3eb8494,99010,passo fundo,RS
be2c2532426301bff89f1493242c4afa,c90f4838718f64510792abce92a1a7b5,07060,guarulhos,SP
243d86c0e5924f29e6e9496e533b0a85,b24cfc385718a9a4400f0bce33a24e0f,70276,brasilia,DF
6e0c97ca8a1946aecc4adefc3517997c,15d25c8e3dd07a3c561fd20afecf37c3,05466,sao paulo,SP
b17fac8443f1de9cc84df6d153550260,324d6b624ac5bf4d854871935c172b2c,04719,sao paulo,SP
57a16805e4ec6a43a9603e3a36fafdea,a08027c330a3d29bd5864bb576d365df,56180,cabrobo,PE
5ebe6b7897cc0ce155a42e2978e89978,54edd9ff8221522e998fc17110f449b1,81550,curitiba,PR
b4eb4ca3fef464f5a8778c47da055604,a2af9f0425fce10fc7814c347a275095,39270,pirapora,MG
3e81e563f2a3acd04452464c14ca1082,24768f84e031d70666b4e4dd7bf5f6f4,96400,bage,RS
d4e19535b2f75f549d799b3841795ce6,c4750b080e135d87328222826982fe39,14460,cristais paulista,SP
9e9b4b54d810b93677fb4cb74911601b,6c90d5dc3eb640f2b47664861cc2619b,62700,caninde,CE
5a5ff214d077aa3eb285242ed7e36c4d,c2cc868f137c5529e6ba26cabd7ee599,29760,alto rio novo,ES
a64a5b108e13e362e90eb0ff71dec9ec,77753ef90e9a8f166c652aa75de0486a,64051,teresina,PI
39bbb4f1b13debf6e93d4a8dd51974aa,78e17eaaec7dac296bcdb67ae8a44405,17067,bauru,SP
8ba0d90bb352406b0005d8c54ddb93c6,a24a1ac9e49af38ed765a53a4bdfc35c,14600,sao joaquim da barra,SP
bf396d21b4ba3214fd7d7a9c10669615,d401b738861201747e01d84768cd876d,22441,rio de janeiro,RJ
116e210883e0ea55bea66b38c5d71ede,82902ed35742cd23bb67a4b774a0bc63,06717,cotia,SP
3b5c800065fd3c35d15b2906c706c6f5,5ede9beb1608cb450626b3c83db9f8ec,64890,canto do buriti,PI
88b5387eec4d67f115960a554d9040a3,c11f3aaf8e1577c0e2214499ef0f27ba,12605,lorena,SP
fe35fc9623da5e8bffda3ea33249dd5f,efc78f35678bb3e91c9e20ba663d18fb,12602,lorena,SP
dad80e24bb5ca55d7be9d9f94e174a5a,db35cfeb02744d1f0606e7aa7cee72fa,15996,matao,SP
300b0dd79dc0dd388ee25b66631ea2ef,882018aa6cf013023d00cd4793119d09,65800,balsas,MA
d621fbec7b4a75ca6a753abd248e9250,fd9f98ca9be23ad4f0cc5d11fc1d3132,85508,pato branco,PR
b88494557063ca06b09ac6feee81eac4,0406c6ac876da480cb76e163eb5d9359,94430,viamao,RS
d71aac5df6dac25e0a45e04a3aad1bdd,a393318d105b41e17b2b04716731d17e,52011,recife,PE
2185bf3ec325c64b51adea2ab19aa708,8ff363146e1d6f3ae76175131a89e877,06326,carapicuiba,SP
a9bb7262db7f75330d596923bcd27be9,6c207e522015abb0a23b0daf07bbe8c7,35680,itauna,MG
598c9545a37f10508a8c3b51b849d8dc,5ed8835d5dc17db8bee98a07201fb461,37925,piumhii,MG
2705056da3a066ec8aaf06afef7b75b9,9a516ce7a18d8e3bbc9221dad2c5ddd5,05133,sao paulo,SP
bb140a19f73d280bb0847886feab270c,7f64fa75c7c91af97e3d9af2be1e4af5,35672,azurita,MG
ff71a919b8cf5e0dbd3a669249448790,1f0efc3701929510097a0dfabfe64168,35543,sao francisco de paula,MG
ba7cb70dd18aadd6f7f72c60d08df953,5ffc432db902fa134ebdb7ddebf29613,22250,rio de janeiro,RJ
e97303ac299ae39d14bf9bd8bbb2a1ca,4dd1b10247e8e0e4387db762e20a2b50,60872,fortaleza,CE
f561479d04074fcab81dd916fd6a79e4,0b7e8a47536e37a99cd123528fee61b7,39740,guanhaes,MG
e41819d1c95c12c9ce495b630eab8aee,f63805d9c7edb84d92413af34b86a39c,05821,sao paulo,SP
98fc2f89ab49b52794051074ef9fd395,24e3344693790428aba18ad6c71d0c4c,90650,porto alegre,RS
2e2efc3c05ffb5ca0d81afa1a4ddd4ea,d99a23e9d1b34f7526010669355fca50,89278,corupa,SC
c991372fe4a2b75d9c43c318062c1f97,1387a0c12934ae05c968ec7313927811,03101,sao paulo,SP
7969565285115f37d943df3f762ca81a,0749df484e601a0519f9e24e2bc4b38b,56520,buique,PE
a973397ec57671787a6826bc9235b2dd,47fd2ad0d890e39c730c3d33d2ad5ffa,35420,mariana,MG
2c44ad3fbb48ae0365b9479459d7fd86,95ca7408dab85fcd5d1ead0dff351b6a,13380,nova odessa,SP
1c630f82e544e04d286e1fc9e95c6bdb,4bb91829439b541db533f8b2dd19f538,88308,itajai,SC
8ccdac7eb0c1dc6e6263c1cfdb97420f,e8bcfe1e4763ad8f5f71930baa5fd1b0,70234,brasilia,DF
652dd9e1eab2777d504a091894b1d2fe,805922a35a678927e40dac9c79a1971c,05443,sao paulo,SP
22fdc6255f0b1dd9fb663cbf1e8f9db9,96bb17715acbdb1da4c67b365068a634,04182,sao paulo,SP
d622044922797113496050e877560694,85a62642683d10581180c5f2bcc7b145,78320,juina,MT
c11a2942b74c892bc0f7511479d680fa,6b8a8a9edc32adca4c3fccf9ebcd664d,11707,praia grande,SP
9d467d901959584e227cdeb1dd1e0c62,0a9d365af1a48bc62a840243cdfcb4e6,25055,duque de caxias,RJ
9c0f4ac6b6891be32bf81369e8bc1ed4,900d1496ce4999f49f045b4b378ee0f3,13660,porto ferreira,SP
99ca20e7ddaa6079cc0399bb88d3513a,e65b257f04910e6740f92359febbe57a,78060,cuiaba,MT
3148707878001f06021a41d300d4515d,fbd9ff8bb30d8d02120784083b181d22,18025,sorocaba,SP
bd79156d8cd3466ec6c16a1153d80520,6ac7fe1248debb910d994bf2e7009856,29167,serra,ES
1ee6f20f34afd82b191668114c8c26d8,a1f6ebf793aa3223c0f7d074887ff021,66025,belem,PA
327571566e29bb1fe954bae83836946a,4511b07d2cf7c5cff947ea49fdc93879,74493,goiania,GO
f7f3861057dff6df914b58282f051b01,a3b3b8d2cc2fa6448e63ebfdafe150d6,32673,betim,MG
a35401291a0580dbcef88f14d8938900,9cc560778160e4e23be98366377d835c,89560,videira,SC
1ba23b73f82990c2de74ebf5a28838b8,2683999c7b3dc785684105f447db1f6a,76200,ipora,GO
dce4e5a6bad0519b5c92cd5c4bc880d5,89b30dd291178926f8564ac63b8d663a,88345,camboriu,SC
eab17001b1d7cde27c1f1234af12d4e6,01bbbfc56b8ec1052e46f260226e34f9,22793,rio de janeiro,RJ
4f8fe4b823a5dd42a7e42bd5cbdd985d,0d0a29d20dfb78d30fe9c042f389a8f5,12701,cruzeiro,SP
36cda18e13c9b168f5d9eaabe227dc29,2703a1fa76048d6d70520d1375b89cd9,93490,novo hamburgo,RS
049e1221c498aac9230d750151d75706,a696f333cede35688305bf9a303b5adf,02022,sao paulo,SP
aa3e453b2894cbdf8e6c99570abc2b37,7dcb7cb0d7e5d27759fcfe1e969f9725,83507,almirante tamandare,PR
a63cd43af25d2eaacd280e01a4eb2f6d,428554f87c2a1983bbd21e3123aa5159,27940,macae,RJ
d4e705a6e6b5f0c5cb1c2ad86d6dc306,46f54ba0c3b40ec2ef1f76e0bfc0a72b,74815,goiania,GO
e7d78126dbaaf94ed755304738b6b645,9c77ef5c10eb297b09aa326cadd6b4e8,76934,seringueiras,RO
18b3ccdb39831edbfefc432e649d2585,9ab7c789eafeac4e56c370df1172c933,87020,maringa,PR
fd4e6dc2e2ca0393ac80b6a2d6001179,a7138fd83860a06e7caa59ecde50e89d,04653,sao paulo,SP
e5a16fe01567265f371dc3aca0ae155f,2301c934d6e2b1b7674238c34060ac6a,42700,lauro de freitas,BA
7e6fefa11d6a2c832593264f69df9de3,d4c0c343658dec14b2197594314c2cc3,35064,governador valadares,MG
c4e00400b6f79caa802740faa2829161,daec6ee742b2b2ce14fcb41bd844045a,15390,itapura,SP
a3b369b287f0fb3acdbd673d88cc3076,3a54b74d74d5830855a03bbf6edbd70f,14870,jaboticabal,SP
ddb1b2c2aa460a5532a28067b1adc06d,b45f59c5275e5e9b1711a12e068725ba,13416,piracicaba,SP
903f32aafd0c0b8f44467b505107d153,be9a181fe55cd448322d67120fac3843,22610,rio de janeiro,RJ
5473f5784ea911c98ae1da72138f37dd,89eb91f4e3b29c368dc72be27447b9e4,73850,cristalina,GO
93d82c58a8f2b0d2db80f16867b99edd,40774d861c6ca4cc0139739a04d930a8,13010,campinas,SP
a43f4b30912ddd2288524898a1afb818,2ce17966ce6b704eda0b28171638b34f,87990,diamante do norte,PR
09dd621bd52c70a32eb2e306ef235b9a,36789cc8128e4a2e16d581da32b76d45,49400,lagarto,SE
2a87d659cbeda27d3a87ab195bd44a9d,430b92c52cbc9a7c35869fff3042f1ec,12221,sao jose dos campos,SP
09f1f35ba98e019dc3e29823af2954fd,a93676a2b28d03546a7a9f349f1c6ed4,89814,chapeco,SC
ce66a27f4a8c469e2f21230797f9e90a,4484ee6ede99f1f95c6a1470483ad549,07436,aruja,SP
aab60551b0c17b5dd31690b0d1bf3911,42572eaafadc787ce69afad9af65a7b7,08160,sao paulo,SP
72bda37cce8718fda2c702b1a23d4ac5,7a10cf731559da528ed324c3d6f6d9db,04140,sao paulo,SP
f87aac5df75e3f9313e11992505157c1,ce83bd0a76a2df18252e2510e5e04891,37420,cambuquira,MG
1b9506de3da8fd318853195b13fb2dda,fd01a8dd276ac93aec73fde385389de9,01451,sao paulo,SP
44605cd64e453a25d31eb0dc3fc43246,0f82ed73a2bbd1f8128b132a8decb111,07170,guarulhos,SP
004a2b3e8b026284407c620f4f01f686,e90a1b194724309bbaa6228c398d1748,78795,pedra preta,MT
b6973e4b6d029ac162e8f7090937eeee,5b069d17022399d8ce8a0eb96d7abbd5,05164,sao paulo,SP
29804f2de3a78c4414c64beea37d2809,a8013eaed72b611329bef0ecd67267e1,44570,santo antonio de jesus,BA
f5fec5490721245b7c3e23cdd1cf277f,55a36fca00cebb9272a8e7d5b8325f59,29050,vitoria,ES
247eb12909a8db3cc579b1260c3061e6,ceb4a58a238175053bbbf54ca503de8c,08485,sao paulo,SP
794fbbffc8777305f986f63219b4e7e1,221e3152676feb9315491e86f26efe5f,13660,porto ferreira,SP
01a4594fa7dbf53d2569e57173df6895,8d4e7986a8ba9809d1cafdc9e879dc6c,18025,sorocaba,SP
89aab649693a7e5995fa951d8d2fcdd7,6c8c95c3a1b9d36f7ee7e29895c12982,04041,sao paulo,SP
3c23abb98d078da4a47ba5558833d7c1,4516621be54e8989cdb0469dad5e70c7,57035,maceio,AL
a5fbb6579eacbeb02752a143bfe82405,85895a0452aba21c4bb0e5b0e1b5e6eb,13175,sumare,SP
a2be07c22a9d2071f65b6770e47f540b,6204c4e582a95b6a350adf6988623bfb,13720,sao jose do rio pardo,SP
05c21a5b935941bf33883571a74defa9,9e42e11d74df0c7c820af9de1c45febd,28570,itaocara,RJ
873225c67413f7a89b35895080e8689f,fd71234ca22aa8bddc71b71ddba22a9b,93700,campo bom,RS
765f69252734ee67b9b129b30f8220a3,ec83d060d9a0abba4b409c544c744c2f,20270,rio de janeiro,RJ
e5d9ce905a15cd4209143d34b655c8c6,dd80c27607ca402b6fd97b9a3c8317b5,03656,sao paulo,SP
9fc3f91e6cf5a681040dfcf82a66e016,78021c0a93e7f9339099d2275942c3bc,29175,serra,ES
0855edaada8d5aeef50b56f26e604932,429fbed971f52697e9bd392d94787bc7,65072,sao luis,MA
e9b488a1f1dd0ff995f1a64e87026fbf,66f9cd42dbdb0ddbee6319d654643068,11722,praia grande,SP
f6268d33d76b777b9a9c8a2c7c781214,5736be301e11f2ce0b0aa6fcc03b52c8,35500,divinopolis,MG
26a5c57589e5377416c0544bc8f9daf0,7711aeff24a2999a4c85ed6eaa15ace5,05863,sao paulo,SP
96914fdd5f6874118ee6539bd4a0634e,8296d8ac4af838c59636635e23f3411e,05136,sao paulo,SP
732b65bfeb61fb17611650fd0470f143,6a6f2e493d22b38e32158983741a26b7,06330,carapicuiba,SP
fa89a52fa06bd618d4770a055f983b8c,39ad73330d73303bb9fc7ff14430db1c,62280,santa quiteria,CE
28d1088c5d8ee46242a50fd06f116e63,f5b0285002cc988e5694855a11a1132d,12241,sao jose dos campos,SP
39b9f5510478f23f62857e3de980ff77,7a80530ddc3b84b18bd761f998ca57bf,08563,poa,SP
d2d9a4db01878197408189a2dd4173f2,1a25b58acebfee7a9c53271448785529,59900,pau dos ferros,RN
a617067d08312d857f24bc829af217e8,7cc6c34745843e3aed050ff2f89cf7a0,06730,vargem grande paulista,SP
400bdea7f3cee3d1d54dda43b762d369,d2c30c00f9787faf7349ea558c153613,48890,valente,BA
369fa8413084d3ca6d64c8532ed1943b,2d5e5796e7901464c00407e69739c6db,26515,nilopolis,RJ
383302d43ca2506b3170ad8cba658b95,00c31de6420048cb3f668c99153debf7,13503,rio claro,SP
13dd964c7fed51af56b9f113fe590071,ba62c1547e1c72ee7fa314802c36ef0a,37200,lavras,MG
1bab05433ef18b837f0fad9e3c0fc2a4,7971eb2f207598bc37e1cd44a7d8dddc,97050,santa maria,RS
b4f336ced5b1329e0220ff0dbe7d30d9,718c0ba297f759cd4b62e7d4f43584b3,40391,salvador,BA
61658fc3f28ed8b3f1d0248d7f0090d1,97b2eabaa9fdd6362be0a3bea7f5a946,11025,santos,SP
9f64e91e123214007c18425d4a0be8db,3170ebd8b32a5e2102c9d75e0a7f6d74,01433,sao paulo,SP
aeb6533eeab4fbea7f9bdf37db0f8ee0,959d0dedf5b88c8c99c9c1375f839230,60871,fortaleza,CE
59d26debe9d60cc8467a7bf2b835959f,9476d3ad0ab0f072a52c1b5fc5612313,03470,sao paulo,SP
144f118d87d88f07c47bd1caf3d2f647,ca3865ab988451f1544dad3910217f29,11630,ilhabela,SP
572e91607e3ec9c563b322b8e5c9dfcc,753a99194d1c53edb8f80dea7dc0d2f0,65051,sao luis,MA
656c63b20f75ccd37b33455ec589dc4f,1c2577794465706dfd32bb06dc7bf704,18050,sorocaba,SP
90bd9911aed064dfc625750fbd83ebca,77971c2442b1adbbe0448409df2ea56a,57041,maceio,AL
34c059ffa44982e5208d2ced3c986b51,404843ede841e1ba79254d10fc2c6755,26470,japeri,RJ
0e3b2ecc8d50d0c212672aa10520e74c,95e52c90fb1f27338de757a076885ca6,36037,juiz de fora,MG
43828af3e880066850c0cf0fc0f5e56a,a7d4cb9ba936ebc0eb30b73c5d3a62d8,92025,canoas,RS
5ae752fb345dfa0d14a52db28359612e,02a09961a48dc54166f61f00c8fcd7e5,45545,ubaitaba,BA
3483b8aadc6a150114ee8f761e7d3c8a,7f9e8bc7f56a1129270582130b878ef4,37553,pouso alegre,MG
d0dcfb2170fef37e3e3804fd0f51f761,4fcf56f1cf3d583a0cec41f7f523a852,07080,guarulhos,SP
d94f717fa5e77c3d7b16ee7cccdfe45e,bb9e3b6a4a25010f208120cf009c9d9b,68740,castanhal,PA
98dfe650b52959127ab18d7c8b1da221,9bb2aefabf7d7dee2dcc022bd1277ecf,12245,sao jose dos campos,SP
9172f54a6e979ee28aaaada718189c9b,f5343b81fc38f6aa6ca92e8c917cfdb9,05025,sao paulo,SP
872f27f2b440662abc43503889206577,c041db6e85cf2e8fda6c589a5e1034b0,29720,governador lindenberg,ES
02d258ceacbfd544777a64c2ba0773eb,aad799bf2bc7edb119e151284544a904,06192,osasco,SP
2e704319d4930866cfa99a7508fe0351,b2c4a9d12d0668cb2b33fd90c0a44fd8,25745,petropolis,RJ
e4b0c4c6ec684f615278f2dd9d7e0bbd,9c9c09ee9270bcacbcf4adec6aa1452c,06180,osasco,SP
ced1f9efb99bce461db12904e8c7867b,cfa94943c5b2949c02d59ea6495cf549,71805,brasilia,DF
9951d99835f50c491d724e5be22150e3,c459f4dd69a0d9468e3e170cf0c26d8f,21012,rio de janeiro,RJ
da78330582f1c9cd7b9bed4c3453f269,7ab7fd32096f1df75a29d00683c46b4a,09071,santo andre,SP
02d2c49ef9837fbf18d71940dd7cf97f,7f1b6966ec954a76bd752377eb61fd55,09572,sao caetano do sul,SP
47f5f43c79b29aaeec92a9c5e817ff6a,ca7304ae5735c22fa2df5803ad417ea9,36400,conselheiro lafaiete,MG
f6dd3ec061db4e3987629fe6b26e5cce,eb28e67c4c0b83846050ddfb8a35d051,15775,santa fe do sul,SP
92b3ed4e56744717c53f21d894fe1169,b6ac496f881998e353f46cd2dac7ea81,14403,franca,SP
d288c3a2a18b2c941b3edf0973ae447c,15ddeaf278eea8393f648b5c03a96bb1,93180,portao,RS
5f816233eb2322dd00015934ff84693c,9f9b454e416375f3c705666a76c37114,29101,vila velha,ES
f2b116ce59897374113843d3aeb83296,eb1faa229f6f90a313a4f271bfe1ca4c,28080,campos dos goytacazes,RJ
1e98ef30dc6e4aebf3cedcf0bc5abeff,35c343f49cd9c4ef07b58a8e551d646e,28770,santa maria madalena,RJ
fd04c6764e22cc8daca7064ed73fdf6c,c51a1f42780144ae12d0e529abc3f83f,40290,salvador,BA
f1022b3ef53cf4c19c23dd26be54a04e,d943010eb2a6532e0fbc6e2acd8cb816,95580,tres cachoeiras,RS
a7b8f9ee5992584fcb84251ee5671f6f,45a1f95249146b8f0345b7f4b9d5a021,55012,caruaru,PE
6e790a587e88f8751cf58bd0f45d8e15,f43ee71c0b5bb3ed418bfb8ac40592b6,19013,presidente prudente,SP
d214a4a86c30fcb8f92dac5260ece938,41415f9d98446c12f76c9c4d5af62b03,06730,vargem grande paulista,SP
bceaf8b12a79028075da3b7a36f1d6e7,2887d406026c92a31aefd39960663798,45810,porto seguro,BA
1ac3126c5135c77318214fd99cf238d4,9f185e9464c467679ef8793bd665b3b1,13015,campinas,SP
2d90e2af0254c36c6a60ca45c25ecbc3,cadf5efd7e29678690c09cc039e08bc6,09761,sao bernardo do campo,SP
e8be078dee76002545a9c5f10b7d7c4e,eb8ba0e91b822fefb8d7f0243881647d,89930,sao jose do cedro,SC
359657fc25081d620ff7caa59068e261,e86b23ba03d921e76f2c39380b448a2b,21021,rio de janeiro,RJ
43bb6f9650ab2a7e6ef1c93168c4cfcf,6d151e185615942c0bc8cd9373471ad1,30310,belo horizonte,MG
c50bb4c9a6ef2510dc6c3b6c9d2871a3,a5e783156c30ef47a0209fe04f0c8f73,19160,alvares machado,SP
16c0be52bf7bf9069c6fa0d850c660ac,88b88849a236b3f007be551d5c10daf8,03638,sao paulo,SP
2ed745254e8e95dc73022271637fc724,967df579cdc68f1dbe77842283ef4a54,13219,jundiai,SP
b7af91e583caf05ac071ad39e1d86700,731ea3afd190908a9cbed04f42aa51e2,11460,guaruja,SP
2b7ad07995895014a1e35e4edd819807,0e8100747fa59162459d25cd3f346950,13024,campinas,SP
1b83402c2a0902c482f5ff935ca097b5,fdc0a21e74aa1c40a4e1b81e5211334f,41600,salvador,BA
6f1fc079f4830debca704c7575c2883f,61fe2788dabfd25dcb423cdf82eabf7c,26900,miguel pereira,RJ
3a0cc7c9af6abf8868dad5a1de4a16e1,fdfa1cc68f121149d8fcc27ee96e134c,02019,sao paulo,SP
7cc995918b7c4560b0f7ec54ef108d83,b813fe59b2d10fb59d5594ec8f91750e,05716,sao paulo,SP
80aecbe9841e2594daf4211199cec79b,f34e9f318400ab43aece943bf7d6c6ef,13290,louveira,SP
efc248b5fcc421d31a203cf79d92ecc2,4b21961c548491ad87e7e1555f2c8c6e,03614,sao paulo,SP
ccea9568a9b9092688e949bcb955ddd0,a354ee7ba147e604d8b6c07ab4646a14,37900,passos,MG
eaa679be83fb04a42082f0b60bb45355,2025ee43c12273db94b2b8b8577ee6e1,22793,rio de janeiro,RJ
2432c837b254b9f016e2e901f69afddd,dd24eb60ec1ada8b5201cbe4bba11346,04042,sao paulo,SP
07e01746e8b90bfb4cab6ef323d33ab2,1b4f9a1919551dbf3bb3d0151557ad73,30170,belo horizonte,MG
a780fe4a7d5352de0e30ef4dcfbdc846,2aec204bfe4ca88dfd6ba1616a949354,66085,belem,PA
6489ae5e4333f3693df5ad4372dab6d3,3818d81c6709e39d06b2738a8d3a2474,35661,para de minas,MG
0187f8ae367bdb9efa1bb10c65145b61,fdef3417d316c5b0a55584ce06e96448,28030,campos dos goytacazes,RJ
223961a1714e148c0c249487eeac351c,2fb0af35a7ae96cdc1f65637d0601c7d,24241,niteroi,RJ
ffb53eb1e2c74880a3f552a3a32a68ca,517ff8d038302fa81f4a6ef9cdd06963,11015,santos,SP
ef4a0203cea8e5543322ef59fe946532,a452201e3e0ac3e65cdfeca0e85dafbe,13322,salto,SP
c1596c970f5f8765d684e7e6e3421011,7ee4672fed0ac16825e6d4b2a2149833,29162,serra,ES
c1d8a080ff171328688530727dc4e026,89efe7e4fae8f61f003241315a2a5f83,41100,salvador,BA
9d31491a1bcaf9849aaf5459d56971d6,407a6773db6e845737d04a6e27e653b4,19804,assis,SP
f22c368483fea4ae42665976c5e5bdd3,956fd64080e46e8539eb82d1ed700b92,83504,almirante tamandare,PR
7da0a45d9578ab07386bcfa01ba8200b,adf5412a5dc7ad4b3b76e30ca08ce400,94100,gravatai,RS
c4e17eff78176dfe3401f03db0346f85,511c345b0383af6ef25406c564e4d6b6,17780,lucelia,SP
2584307af792d605f55f588694980576,0fd8ff3aed86ac28b280a2b352cd7689,37570,ouro fino,MG
59a972de56e32837ef21cada8664ddc2,e78870c9b5858570a309e2f1152671dc,32405,ibirite,MG
b759f23fd1901915ceb362ad5e66d5c0,cfb03212239ea4d7e725411e19af2996,79010,campo grande,MS
5722fd06493f8c727ba151a2e0bc40f7,a62b2006c8fff72dc98874abcfabca45,30550,belo horizonte,MG
762e2f87a2fa9988aca913d5c04fb0aa,5991776a909120cb75e2dbe9a9f513de,86490,ribeirao do pinhal,PR
f8cdae87d67f6656d53daa86edc2f488,d96f7f37c8a55ecd16f83ff475b5d4da,25650,petropolis,RJ
a3babdab81e0ed5d6e68bb564cc2eeaa,b6727511f246e3b71c4ff444623127ab,29903,linhares,ES
e6dd4b9e48d7f34244ef531a9a604e2b,a45dcd8d92e79f60db28c64576a5b1ca,08730,mogi das cruzes,SP
a099ef58556b050a3aee59af3ad33764,484b5d294b2311134285ff457c342906,88132,palhoca,SC
7c71e90638cc8c6940af7e83d490cfeb,d6ee23b2b268ed053882bf4041ce2a2a,44700,jacobina,BA
727dc68f327d34b77009f5d3da5250d9,bb7422969f2b502894c5b02697ba986d,11920,iguape,SP
2d26266839bdc081b22334efe8f14230,dd6e665621eca3de5e37b072f7d50f0c,03364,sao paulo,SP
efcccd5eaf8ce8883708e4589cfbe585,f87cc5528524d4b40f9763709fbd0649,70800,brasilia,DF
c7f658d05c387b0664410be68026ef0d,6e1ad40c11dd6aa516c24963c470d9a6,22230,rio de janeiro,RJ
8fee3d51a65bd588e2c8925f687ead80,56e96a3efb13dc66ddd7eca3c490a64f,12232,sao jose dos campos,SP
96fde6eddc46595a15abddb41f62af9e,5c0662e09dd48f38f85fbb079ad84580,09030,santo andre,SP
863464634cc4fc94f9d67cd9da10cbfe,a38b86dce31f7c014a0c958b548f6a64,35420,mariana,MG
f099b487fbaeef30ede41694ccf282a3,64b3abd7b42bf6100dcf89cdbf8bbed6,65074,sao luis,MA
701c48b5cd4985397bddb8440b6d9696,0339119d431b8dd1b361567e4fc48a58,29580,dores do rio preto,ES
fee0581b939c223a48b5ef0b612aaddc,694cda6ce64d369de5e5d0dd6ef1050e,88032,florianopolis,SC
a75ca30b933e47441e6edf4c990647e4,b55b8421b976688d55c90683411ed21d,13049,campinas,SP
97908817f277b94fa3948e5e7387a798,937bc5163f4494b82bfc7efcb728f123,94495,viamao,RS
9700e1edad3c5eb426b3db0e0287e2ff,4a685e53993b2db83a46940aef771aa4,85807,cascavel,PR
ed87333e69d2709d374534505818c9e2,5e809f39163aadeda694b51606b02d49,37600,cambui,MG
15bcef2f4475d08acbbe0daacdeb7f46,77916b6b763652a63445502a14d8f7cf,13080,campinas,SP
dca277531e8f668e6053e87b931f3b93,e69e2b2ce493d7d2307b2588fd1614bd,28990,saquarema,RJ
6de0a666300c444a5e012a952ed9469e,58a0881ac45d6c7a8bc79fa8fe2305cb,09842,sao bernardo do campo,SP
4e7afdb91c131ae7ab4b3e2f423ed6fa,a04529eb06ba6ed6dfb3a37d28cab6fa,32143,contagem,MG
37857fbc4d1b163702cce51ba6252a6f,4a7b817ccb5e724b0a6ef85a6ce2fdfa,98005,cruz alta,RS
cbdff4a20dc832dde15dd8b704801e8a,aa4418ff6da1335a7d1391f8b81e100d,24913,marica,RJ
574e00dba47edb0c55e3b7e795eb8104,4b3b36d4ffd716cba64746c05678d5bc,13050,campinas,SP
b8cc30d4bb91f771891ae6aace4270b5,3e970efbd0047e980e384bbc61ab1341,08275,sao paulo,SP
33f307d7f53585400ed7821b15a43132,e1a10bb61c0b6bf6b7e3c1589ebeb3cf,35984,dionisio,MG
49fc491cda67a572a6fa17631b3ff033,b15f238f84a6dc0efd1fa9ea22abed5c,22753,rio de janeiro,RJ
58aa64563b04243d56f5958ed33f5286,a8b09ecd3d5ef2e377010bf53001130e,12522,guaratingueta,SP
7740afacd97ed42230c2d780d50f9936,75a2e0bd740611a5a4cf01fdef2e710e,57200,penedo,AL
2826ed4f0eb787f543924575bbe8dfdd,de419df8633c2774a7c68912cb578df9,03309,sao paulo,SP
9bdfd92c9de9aa9e3e00ce21c057ca47,c981776f7b256cedcc05020207729b17,70390,brasilia,DF
ce5c2647d9125a115851c01b5b356426,14b2d7596cff635e839b14b4bdea1a16,64212,parnaiba,PI
c156f1d60c8d28bcd38c1f5720d50782,d0a6453b80e82672b2b70e82ce1c4e9e,64607,picos,PI
b88b46011ba920177266af7a03a3496e,37a425cd3ed7c1d390590dac75dc89fb,14750,pitangueiras,SP
738c8fd3671d50e81a227be5aa0327bc,7d1149b5fd07faf73b151724324cc000,30830,belo horizonte,MG
d6ae8fb84a31394c5efdbb375c1d49ab,5ee8fe956c2631afc0a1dcc1920d0e3d,25071,duque de caxias,RJ
84e32c18718319d7e8f2d11f897d1afa,1c721d062a04d51d8d3887dca3571cf4,32071,contagem,MG
66236922649bc2679538f344caf5a5c0,75ff1faa97496bb040e08bc1420debe3,14660,sales oliveira,SP
496336231bd05e1117aacb8263e47608,d49c6c627f11ac43639a9f361a84e2c4,13401,piracicaba,SP
a262ff96bd2edd5049f3e9a759232fe4,f0e4503675216b3763cac5b231b4c053,37706,pocos de caldas,MG
bd80c756ce1d4487087d59f88ebb9ea7,10aa79627a28350b5c121a124096cb18,04459,sao paulo,SP
d2bc0da79a4e2ae1e11523f27454311b,8cabd14272f05262621ffa151546bac6,28633,nova friburgo,RJ
1f20251f6c6f041933cb5b7d996795d6,c2c785acf52254d060c43d2573f3c5e0,12530,cunha,SP
f0edfaa912ad71ab12fcb5495bdba415,137979cbe1d895efb140ca1aad7e9915,05777,sao paulo,SP
821cfae6c6dc3f7fa663f1716f837f0e,875a707bdfd8d6544f1b74a123b3010b,11530,cubatao,SP
753fd7e7395748807780a2c7dde2bc6a,210fb82bb4e342c281f8b7014d878914,14887,jaboticabal,SP
57196a49e744d8cf881f433e8f3c583e,d8811f570278be4d4c3120202dbe00ab,59621,mossoro,RN
b4178949fd16cbd3f1f0c8b00e7773be,392e4b94ebcbc2f1b5de86de66bbe02f,30390,belo horizonte,MG
201aa779382d46a8f743d746f12e102c,defe641055e73bd49be86650babb31ae,04019,sao paulo,SP
8bcdb080533e93b661caaa8048121603,ac1eded07d8e232a624490999eabd84e,29070,vitoria,ES
bd2e650f73a529c3dd307b6eec01393e,4317b8733d4f4edee85f16fba1260b19,28895,rio das ostras,RJ
4562268df1a2d2ac226562d1af92ed2d,0c655960fc75a40b5af26e232a3d5526,09725,sao bernardo do campo,SP
4ef944d200707a726d08ee93ccd5dc3b,d76f9ee005dec7aaebaa8b458858595d,02932,sao paulo,SP
fb34d8086ff2d4fedc7160b7346ad4a7,d03ab82404b6e958238bbe2406ffcd9f,96180,camaqua,RS
7d9da42e2199a286266a8084af43ba85,88047d4db0593446a2c4cb780d3378e6,15170,tanabi,SP
34417388de13fbcd12cfcbd9d1b8dfbd,d3581765bcf955dcf282b1642c74157c,78045,cuiaba,MT
fe1ec043760b798cc34fc8cc717753cd,c12ac817e00e9afad51c327ab2fc2ec3,37701,pocos de caldas,MG
698a74f33469466fa4172e829505d1c6,c6f624cf0e9908fe310d59a80350bea0,36240,santos dumont,MG
d4f3bec209aaecedb29d819e45cdb157,751a8f6b4c9052d71d55bcfa49f646e4,30220,belo horizonte,MG
73b858b84d3afef2fdc6a26f3ee8c6f7,12373dc83d9c052f14c972f235f75064,05782,sao paulo,SP
2d424206d3c58983c7f528e9d3021354,62bce3f376fcdcfb6a93f24f15829b23,45821,eunapolis,BA
d4e93ae4dbf6a273340fc20bd7908335,268323bb57cba6b9911147a93f90cab8,35160,ipatinga,MG
80655c33f3653b792e8d564993ee25a2,bbd4e26038493d68628f516f853d85dc,31030,belo horizonte,MG
9bee3266e0057fddc13b5e3e791bd52a,df17638af8b9944c3341af114de24226,78099,cuiaba,MT
b9bec98c6738f16d7dc4e1f8e0e2c18a,2994bf500644967c02e013523bd02a62,23970,paraty,RJ
43d9a8df81f815755d9a258f2ee3135f,2b18ce67b0eecc6b8f099bfdaabf545b,55150,belo jardim,PE
84dc684f01a447dec8a0f76530e5894c,82b862f7fbe153bcf484ecb0fd37899e,05716,sao paulo,SP
299ee5cfb15f32e8b06e6e1acb6ad111,08abc94144c8cfcd16597e7dbeefea0f,02998,sao paulo,SP
89a187407adfc8a32a4d6233a6a237d8,c7e193525b2825ccfe5c65875c0db1dc,79002,campo grande,MS
cabe1ec4e4c40db3c14ab19cc09bbd9a,381411bd0b3e1aff0b23bfed26d000af,60347,fortaleza,CE
6ed30ec7af7258861705f6c7bf352ed2,221e1ca1dec4035635c0ec5ec51ecbc5,37130,alfenas,MG
97e5e50c02504e32d222320d8c4dfbd1,350e8b23ce9d4b0cb07e219f1735b04a,88103,sao jose,SC
a4e7d5d9719609261aca55abcfbb5985,5174f67c5ed487530dce2130067c9b3b,18685,lencois paulista,SP
a3c9f9938f51f409773bbda6b13f7f3b,4162c8f38b17df48915250f4fcd3a080,71660,brasilia,DF
e3b51585362f32e3e0292d6dccb80882,d75acd4c5b7b4dfd32b9d9172b195419,02082,sao paulo,SP
0dad07848c618cc5a4679a1bfe1db8d2,ec979208947bbba310f2ad8e50963725,31160,belo horizonte,MG
f50df10e94888c89877c349b940b0b3b,fa777df2200b8edc92b4bcb11561724b,01504,sao paulo,SP
6748df8bad97104336f314fed57ce74e,581a5b2be2703f51621c141635638e61,89300,mafra,SC
71d768f0401c468141199473dc548df4,c69703f63cf67e987e7bc1c7dd4e1ac2,14900,itapolis,SP
b7f32ab5dccec6b4e6343bb8f3bc7a05,dd20866f2a6d0f83a61cf8887a09528d,35701,sete lagoas,MG
55be5653a69f4551dae9951e54acf572,0921f17ea370fa9de5ff832bf9cad923,05847,sao paulo,SP
0639f89df53967e960faa234c3235d1f,24d45e13b914e1d341351a3afd711aac,51020,recife,PE
8d5c6965b3461f79bdbe90e8cd67407f,754f0aa37a9a58685e42e70973bc511c,93510,novo hamburgo,RS
24acebc6460c3e8f61021a905ce952b2,4ec9c80a660ebcf3750e07d3f6503161,78455,lucas do rio verde,MT
f6dd501a7cd9672dac78ff3d26a9912d,94574d925eb7199a33e782df2d9ed4eb,91920,porto alegre,RS
2719de14d13a9835b0ec43698abda75a,c14ab09136b889e355bde46939a6cefa,40385,salvador,BA
f07e7c55e8f8f50b6847f8f6ff8ba7ef,c3c89619aad41124a5e9c38b27ab5b73,31840,belo horizonte,MG
598f0ad85bfe5c15f18b219ad41a2167,ec15af4d797ff5fcedebd6f1e9199fed,20270,rio de janeiro,RJ
c38daf55356a31e900fd1f44eb1609d5,af6a2de82194f10015a08e0def0cf911,36570,vicosa,MG
fac3ea363fc5621bc4b66c92de5e94f0,e4a37948479bc5b38ab66ebc6d9e89a5,16018,aracatuba,SP
5c197035dc0c05ebb42f00013fec810a,c147c091259386e3ce5b044ad63f07f3,48904,juazeiro,BA
fb6f8e0cb2c65dfada05252697877460,6e89568b2eebe1ed7d20f5d538eb7107,53150,olinda,PE
40f1bbcb789024d217509ad89d2dd556,a3be48d3220bbae396f9e236e0dc0b94,24450,sao goncalo,RJ
88cd4760d06074426489e89bb4116184,871d8e3ddc6aaebd0288d07eb1758d6e,71906,brasilia,DF
b9a3c8bf0856fc0298a9d93c4b475d9a,1bde50a93148e121bc6aef10e1c0310d,57370,traipu,AL
fcba45767e1f02cc6c09f78e21e4e643,4829d76fd44a6f080411fdd7d81df23e,29162,serra,ES
a7f4d7516b7cacd6f05cd98e355dac0f,82095d3b7c6a379278d9d6a851248581,88390,barra velha,SC
770713aeb61e544a49c3ef40819b998c,f4a159a21bea9b4e42f166f1a5971d9a,86037,londrina,PR
89a6b1bfbe1b366503995b8df4c49450,457626c51309d814c33966c88a161545,52041,recife,PE
c9317e2f51180cbcee636174ced5c6b3,4b4ad67ad2088e78616a7bc2ab89bdb3,63165,nova olinda,CE
5cf9b0860d48052e61c37a44fa92f3e4,69f20911879e90ec43535d29c1a19e84,29216,guarapari,ES
a0ba6852184c70cbee04bed3909bf011,2c92b3c621adddeae929cb98870dd6d2,19911,ourinhos,SP
135bbed7ce32647898c18ba5907cb80a,de15baf007da0ecdb27570fb46fddef9,06544,santana de parnaiba,SP
6ba83000cf8c24413916a7a72fcb5173,ae3b3ea754f62eaa12630c4e6f69750f,89056,blumenau,SC
7928d81a48c28a0a11b381fee83ae5fb,4be9df1cd93bed5e405591d930305b80,25720,petropolis,RJ
d57dc4003cdf3d2229ca20d76b889075,58e9485906911afb2517d118f44b9195,44930,presidente dutra,BA
15a5a319296eccdc3073c103ab791b84,ea220735eeeee3326ebc6dbe42e2a00a,59290,sao goncalo do amarante,RN
f6684db0118cdcdbe308f6de0287035c,a652ad91bdba3ce3abd71247744e3395,05758,sao paulo,SP
bd28fb21b93201afe08e27ea9b3bc90d,e226254ce0c6d5b7a7ef7218c9b5b518,13607,araras,SP
acb3ac39728553eac82ec6934218ce3d,d0609a36bb71a14bffd247f7201fffb2,39628,comercinho,MG
6a67ec8122d1c3aaff99fb0fed2d198a,c2dc2b9a1777eceaedde12f73466bf67,63260,brejo santo,CE
48d41600b11988788665a2442780e992,bdb0f36a6170ccfd71f3b9cd65677d68,18045,sorocaba,SP
de144da6b5ee52c7c5b295596a5e8a15,b9a78972745da1af7db1bc2b4cebbba2,92200,canoas,RS
2de342d6e5905a5a8bb3a991c855f3e2,e8d87ee946600f7753579a074fbd2d5d,26551,mesquita,RJ
a4b27f9e304ffa3842ea3b920a22b09e,d11224a9cec2b14dc7aaf43ddcaf4313,80035,curitiba,PR
1e47b918581b562a9d8d9f85fcb9b1e5,71a5182c33ade63d4f8b42f432b834c0,13045,campinas,SP
adc023c7dd5c234ef7e6c817a678c3ef,557b158701bedbb76b856eb5f3af51b1,58055,joao pessoa,PB
bc1d03ced3946138d23540f85060ec03,7a97fbc49ea9b07595d7d808b4bcd2eb,90035,porto alegre,RS
a883d37662d991238399a99208034bf2,3390b0d3b5cb38937f742d16e3dc343e,18550,boituva,SP
c9f69364407bc8db796b2c6f1c353f61,c683ed9776a3bb038982ef2aaacdb9a5,05735,sao paulo,SP
9890d391eac598a0bba5c6b6be617388,3b25730ea4e83eae8c0e90b100dde51d,05659,sao paulo,SP
ab9e9b26c172c928efe04a741772958f,696b9f2a7a5565a5b79d8490514d3f3e,22631,rio de janeiro,RJ
bd2865d536f66e07f6b334425e30d027,88dd4a28d3887d6b56afd1fc9cee7bc3,22772,rio de janeiro,RJ
a587568552acc7996edef3369f972bde,04fb0069cb810108ed61f955f88da9df,28470,santo antonio de padua,RJ
783d82c1a8f9a43b9309e0ef3d2be665,959557dbcae7a894d8f61d484efc279d,08285,sao paulo,SP
b815bc9e9f6b9713dbaa7f27c5b1bab1,53defe9adcb049a5e1001f9d333e3710,40105,salvador,BA
b28f05c74142c8e7c6e07e5336fa63ae,2dacd79aa5d1a86240b37b6c588de551,45605,itabuna,BA
2645421a41e015b1818b76759bf2c49a,804f67315cabb9737efa7e3a046f4fd1,32210,contagem,MG
e1a045209a4b99f7eec4692093543fc8,cb0d2541dfc8082ff7154d5b2d66dab4,87045,maringa,PR
4796c2456460470023bd65ce1ee39f6f,11e95918d6816403858e8314a3503f4c,03333,sao paulo,SP
4bdb3f63051aa4597f41468de9c64d39,aacaee9b6a108af94b55bd45b03274fc,09570,sao caetano do sul,SP
5509fbf0865111b1607f03e136a4d735,8ac7bb3fc186c6606dc0ef6d8ac77569,70345,brasilia,DF
3f4b4fe7e5dbc66d4c5a38904823d1e0,fc96a863b5d40643f2aa38e974778ae9,93022,sao leopoldo,RS
8de55546e8d40ba8d5bda5aa4b70e955,3958d37762138869953bd7f6b5e7eaeb,35438,acaiaca,MG
03d804d4d3e76cbac2fdec148e8d2742,f2274f10e72e18fc77be57393daebbb8,25660,petropolis,RJ
ae6fbbdb93a894dc2db14cb8e0414155,636c1718d558842a48abfd2f26dce2d7,55940,condado,PE
e5a66e97402372af6d227dd7b60f97a0,950f69e2fae63ccd5306152526889e6b,22713,rio de janeiro,RJ
88d6b2fc68f377ccaf29bfa20fb5064a,ae96c3169b362a4dd934aa4566327bcf,29090,vitoria,ES
884a2d382634ed1f5d1c120ff820f9df,b04b3653ac441004b247e96ac0829d0c,03311,sao paulo,SP
3c680ab7d6d1de8a82f5bfa92ef2156a,1b50852e28418cb1e5878327001e1a92,72640,brasilia,DF
1297707fa763fbc3183ce00a8f3eaf48,42d7da85eacc2b17cb93c4078e1002f5,03476,sao paulo,SP
b9d095a7a09c65f3d87e79d02da2afad,17b7474d4ed1decc837c02c2cdb090d2,26261,nova iguacu,RJ
9418fa1d37504cf6f7dafc0420acf406,494e875bef93610d10c951763389f74e,27170,ipiabas,RJ
5ea43e101aceaadd7ca9fcf1b0226a6e,a3f0606876f54bf01bb90d4e9b24966d,99701,erechim,RS
cba40225005628d0bb62cc9d15c9333f,9fedd99d17871d39dd3a65eb45e0d792,04078,sao paulo,SP
3ace63287bc8b41172016c06a5093808,25e6bea0f352b9c61d1bed324da0f5cb,95670,gramado,RS
a23a0e710e605ff1704284b0152e0bfc,81e9ac68bbc3e685a6821f8f16b2d62f,38900,bambui,MG
45b965b024a060a20f35be157bd46415,2acf2d8551f249b2789cec422646aca0,08285,sao paulo,SP
733209067ba60698392d0d7c43523a7f,7760f3daad9056282dcd18e57b61521e,14840,guariba,SP
ce419a09aed8cb13f0bff663ca2144ab,42eb4b252cf009833925182d6941f69d,85040,guarapuava,PR
d6303f0e40b15317d394f57e76fe782c,b8c0e5c60a5d7cc003fa4ce10b9f52a5,38414,uberlandia,MG
467292e9b683d78fd3c115882633effa,368a52f8325900082c2cba4895ef2984,88037,florianopolis,SC
ee8a924a530d3ed514d505a0d7324a4c,1fe1784458b68427042663c79f9b0b2d,03702,sao paulo,SP
e69e27216b375e2c7e1be6298b051bf2,4702ba5faa8283e0f6b6a545cdaf8a9f,56870,triunfo,PE
4ff3f3945300d8e040f2906998401e92,a63af578b9678bf77a59f70a96dc3272,65065,sao luis,MA
666b57e26c2733d481e58ea62f8ff671,064d346034c70b936eb4ff56ff2d039c,07054,guarulhos,SP
07afb3a78aa11eb38f98dedc9200eaf2,200b87a6facb84c0bda20f5b38b18a2c,01532,sao paulo,SP
8475bc1245abac7e49488d01f3b8f98e,053617486d590f6e06a7e027e6e3914f,50610,recife,PE
f6188d661010819b1eac0c417e0c4cdf,46732b93e98cb6b04a44917b50666a64,01532,sao paulo,SP
838bda281157e748923fa701e5b1d8d3,c92a13dc41f9796efefa7aa35cd22d24,08475,sao paulo,SP
0ba1ff31fe01eb904f59628c2e2fbbc7,642b722279c9d9cfc519d58c46d0c035,08664,suzano,SP
02754b1e0a87a51622b4a49cdac7cadf,d3fc34ba9517a510bc470a95c0207cbc,51190,recife,PE
ba41199b46562b87c3d00a2f85bdf386,51f2fbf8f12d68d2567a247fb4829c79,04904,sao paulo,SP
986632b40c38f4240caf8608cb01d40d,c887bc0b0717ee4a21d7d22137f12ee3,30575,belo horizonte,MG
f97b261874e04437f1bf4586dbfa1f03,4c56975eb8d4dd3989e2ae19903ef4d1,27916,macae,RJ
68c4ac73f19217101bdf5c2924552362,dd86b18b85b92a24f5f76f52576b48bf,86360,bandeirantes,PR
027a044faafdafcaf3956c9e2cfbe69b,3669d77f53c5334085b4582649737f08,03584,sao paulo,SP
5d1c53a804c8763af74543c19b392fc1,ae153c43e70fe7ed191a0e437bc5e5b7,06550,pirapora do bom jesus,SP
8e8ece09f913df64cbdcf2188e9a7d85,c1b204fe0f64d6dc1e022ca2bd46ccb9,01310,sao paulo,SP
b68f0151da6430c27ff22bbc6752916e,b372b2391066c4a5024e21b30d62b91d,22710,rio de janeiro,RJ
7dd2e283f47deac853cf70f3b63c8d86,13df7b623839b4edc579ee40279d57c8,26263,nova iguacu,RJ
c9699958c6d39f1ec7c42b06629dbd5d,483508d7efd01567e437afecbd1462a0,83280,guaratuba,PR
f2a48c51664d5ca2d7401f95994bb8a9,8f060d52f9c6e9244dc0cba5951bb6ff,13076,campinas,SP
4a1f4837b9cceab1e8831e832f487061,2d01d4bb80863862ceab42682ab9fef6,36031,juiz de fora,MG
5dab4b965caa157b2a14f3a7cc5324a3,48d379b84eef0b6d463d3c7d6f0f5eb3,36570,vicosa,MG
15570f9541efe0202b897116ca6a4cf7,daadde0c2a713a64ff101882b86e580b,11060,santos,SP
211ae185375296b63cff2b23868ac3f7,347c4a952f101548d5a01e17ab9a9a26,23095,rio de janeiro,RJ
7d9802889236ab8fc541bfb438978cd7,0c35f915ac95c942a535a99bc22524a8,02722,sao paulo,SP
74470427b2f2d1ecce8a1f7da289ee9e,63ed7a2e00af681d720e8a93d555c987,45605,itabuna,BA
aa7885fdaef957a25806339d446c2a71,64c28dc9ff718fe40c400931515eef4a,30520,belo horizonte,MG
09fdefd1702f72c144ad0de71d639900,84ca535d59fea2119e5a15627cdbc1ca,04334,sao paulo,SP
eeef230ea3868be789d424edb3b91546,cf9361b262c970fa55e3ae170ace4c84,16018,aracatuba,SP
13b8a8ecfc5fa07a03bbb4449c4358fc,f6654fd4af5fb046fc7ba6521fa69999,33943,ribeirao das neves,MG
d26a4aefb8a686145db0b96b8b428c5f,32966c8bf22efda5d92fce2a44c760d9,28051,campos dos goytacazes,RJ
295c9951f74b6afccdda7ae478526cfb,cb2d339aea25a85bda60fec5f65bb39d,21330,rio de janeiro,RJ
520a609c3e7ac01830c176ab29145781,0ff30db5b17181729996386a74e76a1c,36570,vicosa,MG
cd49b1a9bdfab0fa34b0ab96a9696d98,6f59eba24fd00a27069b57c896d8899a,13400,piracicaba,SP
2df9465dba13fc692e05390a8c4d1e18,c1c7ef7365d31a66657e22323a289392,01258,sao paulo,SP
fd0155e73e71f879a2079171afacc7c8,70d124547c506488cd8cab8da1639752,11740,itanhaem,SP
6fe5e50362aff82c34c213c56574bd09,3e323b291cb138aafc038becb865d171,88111,sao jose,SC
d3246cf999a56a1467283ce2d9b01be1,8016319eeee0eef906edc54eee031f5b,81880,curitiba,PR
e48c7c057b69c92110eeb16fa5d4136a,fbd832da13b437787d4f6323fe019d90,11030,santos,SP
dac7ce5b52b7268338bc50764f9572d3,047087496466767512a076091ea74126,18045,sorocaba,SP
b55748892add3571efd411869204bbcc,fcd2c511d58e5bb385d0734537fcaf34,04256,sao paulo,SP
42090a79268b92ced0c591a8e63d57c2,e7aa5a5869f3e9d7d04fd3aa5f90631f,60822,fortaleza,CE
2fcc597b8934d99715dbfff7909dd27f,da4f38e2697f8013c97ed2d8af65e0b9,28898,rio das ostras,RJ
556960436775082c323282512ab48129,a427a6c44aec3df75fbbf7da7ce3b178,39801,teofilo otoni,MG
7a186a2e9b7fb35a7d158a5a43447b3d,0a4a2b4c194b982d2ded16856464ead0,11680,ubatuba,SP
32b84239e3f3904ac162d832454770c7,a666bec8af192f2238a0b719a7063a00,23093,rio de janeiro,RJ
3b723b649feb48f3cfbb9c728efb3d7d,8c07068e51d745035b296ebc1c8cd16a,72914,aguas lindas de goias,GO
117f0e86c5ec654ec54339df2be13588,fce53860777a2d42c654374c6da1ed91,36815,fervedouro,MG
c2e5e2f8efd3c8ec18e0c21d845d3667,6a71c5d80e7d1bd838a1c03710c7401b,13580,ribeirao bonito,SP
7fcd8494fc0c228c991aafe0770b08b4,733fdf92db3b917e1176893d4b1786ad,64258,lagoa de sao francisco,PI
deeec2dbc5ec2ebede3686654f7e82f0,c3c32a203917283ba3da579b7f03640c,97507,uruguaiana,RS
80397076b6d12ded0a040352d6acc5d1,39deed49c6a307b9b5a83d7fcf45924a,70640,brasilia,DF
b0f003ed46ad45423d4e117c617f8854,9106b2a4072b234d5da81be12f0819a7,17450,galia,SP
0db0eb41bc86fb464a6e175e06304992,792147c07e9f17ec90a0f87ad9304438,11730,mongagua,SP
3f25ebe2334e0d1436d693d392f55e7a,51995289103e754340801c8fe45f2f81,27250,volta redonda,RJ
f0a961193385015dd1b2789126c34487,ac4b7bdf34250c11948586efbb0f16d6,35270,mendes pimentel,MG
8f720778bef871705f690cdd7f2c7407,68041dc76662fa5c940d7869f110b844,58740,mae d'agua,PB
2915d405d4b958edc2bdce19fc0df07f,c15a9c69f715ed7787cd601d2075f525,22021,rio de janeiro,RJ
424593758067a693edc0b912ae09add5,fa57fc078415d5327bb4dbb5e5d10d2a,22775,rio de janeiro,RJ
6a562d22d4e2ce223ae7ad8bfd834ab0,bb78f4743e618d1b7d4e8fddb9494542,28893,rio das ostras,RJ
b4a44120b7b9e503fc473b953771df90,6603603a63305f833777f313da23b3cc,54735,sao lourenco da mata,PE
007612fef51262f4762d32add5d128cc,2f53681bf01c5cff02bada5809fe302e,03611,sao paulo,SP
922397e11abc5f3d52e248f57df8804e,411f06f5e9c096e097844ca478df1ffd,65215,viana,MA
bf2cd0dfd7ad8b44be636ba1079d6358,ea2aebf6103bf1a7588746b16238eb4d,88136,palhoca,SC
2864542befa48f24fae06fee7de38b4e,cb54c59d06ff87f3d29d9dd6493b1355,05726,sao paulo,SP
50fa7b568bb20a89723d9e7361ea6455,c1299d631eafaa6467914c188969dcb6,28200,sao joao da barra,RJ
56dae8b071493b64e4712e339cc50c06,614a3a133bfc5ebd71c043daa17a5860,11680,ubatuba,SP
8ba3070c820fce3edee16917b2ef6de9,ab73bba6ba7821dce1a640729e5676fd,30380,belo horizonte,MG
b27329504d3818ef391c0d13829964b3,a1341a488875fa4db05a8fcc0e3c8ec2,13219,jundiai,SP
c6a7e52beb6e4486135202bfebbe8c01,c457b4ea78332fdc4b3ef85327e31996,26086,nova iguacu,RJ
0805dba577d40a903cd65769580953ad,ca759b8e1385038c002c281e4c4cc6a1,20561,rio de janeiro,RJ
c98cf172e6421f9786c711fa72fc90b4,2e95d6f7cfe39bf5a98e4e6ab34b732f,30882,belo horizonte,MG
38e0361914e4c2f5254078d7b06e7eb7,e02fcb4bea50fa32ca80aabe3360b806,02473,sao paulo,SP
c10b88c988a53a341a80374467f2251b,8322ac348d132588470c5e8cc56b2bb8,19800,assis,SP
eac5c7df93a1df2256f7b1ef0e5b9e71,ffe9e41fbd14db4a7361347c56af5447,29101,vila velha,ES
92effc61cdcde58dde1a6295fe519bb4,e21de6a27b44cc95f6dc39e1ceb47cb9,41490,salvador,BA
29dbee0c474f373b72267a9e886522ee,f793d2815c27a46dafc9c92a1c960103,24342,niteroi,RJ
f3b41cd9b60e1bcdf8f3302a63d6647e,3d7a3f1fe7f87faa145eff08b571030a,06443,barueri,SP
de8e33a82d162c02dc4dd95ffe7fe42c,9ec5dd9399e8b72cb81c2f2d3d83d1f0,59088,natal,RN
4879641d062865cc7157ea201af2972a,2da006a79e9f6a9811c630ea4c9fd031,70773,brasilia,DF
4964b245573f51603b9782d3a365caf6,5d8f99c602be552d9707f3bd77c24d36,88804,criciuma,SC
e156056171de3be3501585f3146ad708,093cfe240a2714354fc5138411f9ae50,20735,rio de janeiro,RJ
97ccfffe894ddb0e47cedf509786189f,a70f7f3e8d47b1ba38c8069096af384b,37476,cristina,MG
9a22acb51c785b2f42ec2fe871ea3bd2,d87cd982d4b793abe00c75c000c89237,36202,barbacena,MG
027c4c1a7778f45a3c7837db8144b65c,c73b45592359a5b6a1a116d26c1c4e68,14065,ribeirao preto,SP
67f60f620492b627d9ce232d5c6ec467,3a52bcffd7c61ceddbe72f54df9cec5b,22733,rio de janeiro,RJ
98d0e7b8cee070b62b91321aeded0f89,bf779ce6baefd04fc0895e7ee0472d3c,88062,florianopolis,SC
ba6e05bfaabd015a16281dcc603a1152,c2cf9fa76e1571abf4d3ff1605617dbe,07716,caieiras,SP
d5774716ffceb3b77efa1c03fefb022b,72d4eb493e9e08db29aa3337bc72f145,15480,orindiuva,SP
8da4534bcce0e3cf6cb5cd6f31948164,8bf0cea3dd9dd56ec55b3e62fb3b3651,05761,sao paulo,SP
6c889130b007b6b26cdef380c00e10f7,63206b6879a3bba6161254b60d6dc82e,12232,sao jose dos campos,SP
333ade5abfe19374450d3357e49d0810,a636adc6e67649932de089df73f83d59,36202,barbacena,MG
8d69dbf0f4dcb6c90367e0877ae94732,b1f8d8ebab0d8174f573bb6797ba8240,38307,ituiutaba,MG
b537b5df21ba82fe48ad320005fdb620,452eaa594224ed9b3892833ce675bc9d,96020,pelotas,RS
3c6f2c53258e60f1475d52d320a3891c,4dc105bde97d5f8bf38a8ad92e49fe2f,04935,sao paulo,SP
f35c9a0d1ebdb149d4304c439aff64e0,a255731bfece9094c40deb8fb14b6619,58035,joao pessoa,PB
d911a2fb88a320f9a86188bd9c6bd47f,a48e72c1e72f374d9aa8279da964a782,13562,sao carlos,SP
32e2b0ae693a8b4699e23eebb370dea3,61bcee3f95beae3d04d367bf937703d4,16900,andradina,SP
e8b7dff5642ed564e100b9a0bff241bc,640a5c31186495bfdaa029841f3362bb,04863,sao paulo,SP
98baaf70b26bcffb3afc2832343f350f,965a31ccd51e590351e5bf0de359b187,05502,sao paulo,SP
244ee0a895eedc35629c2f83bef22176,ebd362478f5db91ae17382d1e334b973,90010,porto alegre,RS
aadf17dc4ad865d7d15ef9ceecd4bbb8,4883109917dd4bf33d4d029dab65ad2b,05351,sao paulo,SP
fb80123043747e0c9ba35ff7e48005b6,a5bdd83dc32225fadcedd741693cede2,02993,sao paulo,SP
945ec7d09d4a36769efbdae2d9be7f8a,d37b5d5b492f667ea230e377a97fe859,72260,brasilia,DF
04449133b1f1b228059b3c539fd03ed7,d0d416547ab8413475de3b35cfe92bee,88047,florianopolis,SC
f5b2fb69ba5496f0d6ca030ffebb5281,d107ecb888959e5a03345914792367f7,38401,uberlandia,MG
f7b57537fa449131d8d98ec0f4e1d0ba,c94dbb5ee9997a25f01fd5e5bb852f4f,41830,salvador,BA
a968b991fec4d5579af2a5024bbfe7ef,72b10ffd9d19aa709e2191cf703ee222,18870,fartura,SP
6fd906d0a040625ef90f40d64c601cb3,65c208081a82865d2ef3bea8fc98c599,37480,lambari,MG
310933b9b463e39423744c745b979477,e11134b32374c3e1ecbb1d0c5fb0a1af,71705,brasilia,DF
e3893e579755de4feb1a4d0313c103fa,cd6b577df45c00daa6b2767eaa947c72,13092,campinas,SP
f211421de204488bd0f9beaeba60f04f,83c09d2636754fee9e24a68c6abb16e7,03112,sao paulo,SP
9382c9d760d5a61dbd8d18b2accc27f1,60e85e816a5ba9580ac999067695f2c0,11705,praia grande,SP
1772b9285f84b981cf0b40a94406c640,64f26e4b6f923f6afbf4e6b49ba6a045,37062,varginha,MG
e19d9cd545762d92ff8781dbd7aaa4c1,4c5009c13eba877053aec657e1ae9eda,37480,lambari,MG
edf7eb0836bc6a1be99a9f8fe20ffbc7,1a24ffb661504bef8ecfbceeee2df17e,94190,gravatai,RS
657296a285e256531d85d3230f0d904b,375deb6d2b745d531264fe0c6403a075,14095,ribeirao preto,SP
89f7508dce8638dd195717c747ab4f5c,c918631679a3a32965e24ad890388aa5,03809,sao paulo,SP
d5474fd02ad681bd3aa0e1f62b962b4f,ea8e4d814bb3d28eacedaff2a87fa0f9,13211,jundiai,SP
ccd330b2a68b43ccc7456bd7b62e679f,4e43a8dc4b83f80e615beed495cd2229,11900,registro,SP
438df7b1a12e7eb43f99b35531167e0a,157734852d8da89de2f250c1916833ed,05877,sao paulo,SP
fb0ae2ee2f5c745390ef3a22158cd253,688f5342ea5ff47d612126908c38f7f0,08240,sao paulo,SP
137f50d5bfbcfb9578c50605cc9adb16,9bc0afc85b2f40c797f96f7911397708,05087,sao paulo,SP
86bb630ecd16f9a56c9715b40834f460,1bde824216fdecb95bf9ede207c2180a,84010,ponta grossa,PR
139b2fa5344522313ccd1b544ec70ec9,61796b31dfee15e96fd3d082f3a7a117,97045,santa maria,RS
e9fb43f6ae5bfa218dde1430df4a8641,f80580663d6a8552edcf62b8e417c88e,13225,varzea paulista,SP
7b07a86ba7d3c0c53f96bf14ea8ecc1e,2e1519fbbcdce2a37aa5aa94a9076e75,71250,brasilia,DF
23cb14399f270bdd209b9fc82c454048,b0af01f9dffde5df4749042a8ef0c77d,20240,rio de janeiro,RJ
fac293f9f6919969f4172b0bd1dc3c42,5c555b5e0d044f377f7da3011ba0655a,09791,sao bernardo do campo,SP
a82b9b34045d89be1440c237620e3261,1d9f8ceef15c2c222c7452f380371627,04546,sao paulo,SP
24a982bba67ae6828be5c20e4b24dbf7,83457c761b6c00823416ee26ae189fc4,05692,sao paulo,SP
78bf26d205e36dc287fddbb10e00fcde,93a55f631cb7eaf8d162e9712b157a7b,04515,sao paulo,SP
766794bf292c3927755733bb52bd8814,91c52f2a0dc4b8665cdf1a5a7cc3570f,18300,capao bonito,SP
48dc227fd17db8b6dacffb7d2be80886,a94762863997266a89d86350f7f20f54,01526,sao paulo,SP
a33361b4c45890c7b762296a3eec1f9b,ac90d7e8cf52394b28d880b4f174d113,21321,rio de janeiro,RJ
dd0530a5458545b42871ed1c67540afe,7a1596106b2eba9105f0ca6a5676ab33,08574,itaquaquecetuba,SP
2726ee187e4908c9683ac2a8a0424af1,f28cab5ad7d6c9b05e6cc9c310761968,27285,volta redonda,RJ
b178f069929c1deb7236cea83a93a66e,f7a6dc1d7567488fcd27d4d02ca2587a,96600,cangucu,RS
e217d3b3ea5e1ec89757847ba1e86e2a,8deb7f099a431f11012c736360261f7d,87023,maringa,PR
acc1272df0c1c3d973ccb5be09d0ab41,c872d5914996f4822fdd5a4a742965b0,39495,montalvania,MG
794078f0249dad457401b52a38fa2b58,04d0240a83425b5f55229f931deb2f71,26255,nova iguacu,RJ
55836520f2093cbfbbcc28fa0de53223,1cc71a6cc6fa66799da6f4ef12d23574,08280,sao paulo,SP
3dea56595e675d6e69c342d6c6999a28,700e9581e83f2a412f2206f9657bfcd0,05054,sao paulo,SP
6e3d5df3e5aed86d96bb5d0234f4044e,d9876db394b3f1f5f599ba5adf911157,12247,sao jose dos campos,SP
658061770ce63adfd6a8e86ce54837b4,23416304e6de78b339869b87b91f2d5c,12031,taubate,SP
2b1b790a9c4607e02c727e98485cd449,d637641a3d7a5e9ad38be830922b91b9,12235,sao jose dos campos,SP
d64904edfd79d4934b8b06ce77c1164d,748cfd1a1ed22cdaf4076d9e3748340f,04842,sao paulo,SP
b77ee5671feb9b6efce84cc804842024,5c64fc047d4115cc4be24c9c0c9503c2,73088,brasilia,DF
c5e16ca2f4093350809b5f66c5cdfd32,b2ee5bbc35d3e89184dd87c1d957b013,25961,teresopolis,RJ
3cd29923676e2dde9a89f7232a64de8c,82d138ae6fc1dd103c9b3eda595b61da,15830,pindorama,SP
131227776a8b159a13938a0abfa95c5f,06b9d6221ccd83819ac6ad3f352854a9,24450,sao goncalo,RJ
816ad722b2de1efdbe48f97d120bbfaa,26c6ce4fe5832390bc851493c8fcfac4,59064,natal,RN
b42b25490bee1f192dcb015b6f4c60fa,ace8b6fb196b3073cebd97092f76e1ad,11850,miracatu,SP
5d1f4036c008db431004d390d7920638,b0b3c2cd54fa4bc340f9f1f9c0440ae8,12241,sao jose dos campos,SP
64a097bd5b5ee7b766f29547a2bfdc40,a0a973b1dbdc92ffb460f815ce8ab1a8,46600,tanhacu,BA
f63aa9fceef15019d51c24510d8d6c30,e3d328a7aca90ac234635088875d1646,09991,diadema,SP
c3f1f14135a14fa76da70e04a0ac530f,db8d487c1be4ba61cacb3b26705c40f3,18185,pilar do sul,SP
b2381a85f8237639da2719cd5981b007,576a1f3bd1b073f5a84b23075a37b90e,89370,papanduva,SC
5c232e92346113f68998cf6395eb457f,cb6a73a40e6a41337e7d0e8799b68e1b,95320,nova prata,RS
c1a9d5a084a721697ebe582112bb7537,e9de41a8974e3969d3187ee355d72efe,39200,corinto,MG
06a2924116558070913fd36d2b01039c,d8b149991a6cff2088d31b0c3c419670,24030,niteroi,RJ
13368f1b7479cf29edf6d91e842f23a3,1921464974324e47fa3f2e73704df5f7,86020,londrina,PR
71fd52295abb1b8c1cd4da93dce20bb8,f700c475c69e4402aeaf4b55d531a2b2,40100,salvador,BA
04b980084e94db244952738c91136dd7,e6852fcc42a88802bb6fd79fee5d3a73,74110,goiania,GO
418f28c581e2a65c5fb7e55a7f83a412,7aee48472435ad88ee58f085a8c900ac,60165,fortaleza,CE
136d20997016db0a1a8016f0fa7b9ff5,55aae3968b53661e6a6905fdd223cbeb,22740,rio de janeiro,RJ
1966b090f543e7faae8d35fbd5b19137,bd32064dc20647a566342828eded6fd6,13183,hortolandia,SP
568e5d6c0fe4a7913f4a40a09af904e6,3d5a1ae3fd2ad64a913c89f749733291,20510,rio de janeiro,RJ
46a1813034015030b247e4e39432f55b,cdf6624676e73845359a6ddf9799e963,60710,fortaleza,CE
aafd4a30b4fc87b9ce204df17db5196d,c09214ba56100e782501686ca3bbb119,09571,sao caetano do sul,SP
d2a79636084590b7465af8ab374a8cf5,c7f8d7b1fffc946d7069574f74c39f4e,88140,santo amaro da imperatriz,SC
15cf1c39f5851adb0bc3ed236060c8cb,decae38f66f5103a60f351c30f1c80dd,55485,santo antonio das queimadas,PE
da44b6af8b732fcd253a4dcc4afb1e7a,82ae6166d6590f3144f98840587e7ed6,21616,rio de janeiro,RJ
401d49ba9a2b427967dd578821c55b2d,629dde990657dba8fbe6923e66804091,53030,olinda,PE
3c628393675b42c6b5ef89461f68ecef,106106992030e0d83e6f1bc9d4054070,30770,belo horizonte,MG
3161a1718e27e1af7db824fd410c25b1,56b592500363e81dc6c21757ec5d2497,78850,primavera do leste,MT
1d50170cec4905b52a53fc43cf2eb0f7,33e7c312409096541dd095d94d6ef95d,29216,guarapari,ES
77f4513aa9a32affef441dbe2f123e15,3072b7704d35fd0b53b94f5129ee8dea,33200,vespasiano,MG
11795bd5376cbbef9e6e3a699df983cb,55bccecaaf1999c1d049ad6f48190bc6,31140,belo horizonte,MG
b4102b1f4dd2766f109baaebb5a946e4,84710b631446c0c0d014cc8e691a75f4,06753,taboao da serra,SP
01d7603b563bc426e2eda5e0677e714b,ddfc56800fa6a7ebf02088a3bde471c8,06050,osasco,SP
bc0a84ea7543ac13807feccb5bfccf4b,d1c73ffbc43e326738aec07c5dacb8d9,61902,maracanau,CE
d4abe18305755e18089badeca5d274c3,60a2f98033ef6fcf13603fd56cb0ab82,37720,botelhos,MG
8b25b3dbe3d3054904d587578cb751fa,ef600c2e7d06b98f60b9f22020b75a30,13660,porto ferreira,SP
79e4ac5ef12e80fa1a850417b9c2156a,948fa07f624daa357bdb33c808586c50,72821,luziania,GO
caa73ab2b4679f1525c5d8281a7efe2d,2c0e2b55cfd436b75a426f34ba921fdd,27700,vassouras,RJ
3d816d69b7882f96f533d4d355a3f06b,a7657330b1c135f3acd420326e335b2c,38550,coromandel,MG
8d8b6ea6bb05c408ebafbe40f2e14021,cc0f37fb9aeed171ee1ab8a8d629cd1d,12606,lorena,SP
cbdced3b7732432c679e661c4bcb77e4,051cb410e248720e71b4ef51ff5044db,89010,blumenau,SC
53ca038dcf2d8dfd5f49b2f8a5a0891f,e577a8f036a8df8c07c6444187f110dc,18205,itapetininga,SP
0a53041ab2e72cccb3329613978e2e2e,3bea379b85fffcc323633e986ad706cf,51021,recife,PE
bf175649612501ee4ef4a916f45bc73c,08554ba98b22fef639d30edbb94dceb3,05172,sao paulo,SP
1353a896c273c4c9727e6c65601de865,d27295915d486516b99c3aed8628e83b,20510,rio de janeiro,RJ
d9e90748b0092bb0f5417edccf34783b,031cbf8ecc3bd65cafc7061d111f3613,37245,carrancas,MG
26a5ebc887e2d4d92ef470d35c78f280,cd2671a21d95e72a623e07b63551335c,05750,sao paulo,SP
850cbfa573438ea510bc828c7651b9b5,d95c3d11c4d6efe2173065c13dee6e02,04162,sao paulo,SP
abadbcbbb0bc8c1f6820c9fcb7ce8077,ada9b7f3ae9526604a9b31c6c514e4bc,29163,serra,ES
0bbbcba4fb2d97e129f2f2622d82eabc,521af0bcb7fe9f806c95e09422b38a43,09760,sao bernardo do campo,SP
c6e691c175eec63a4100191183cf90fc,48988315c344c6964a309c67916e250e,11702,praia grande,SP
58c2ff35edc0c22c7430228ce542743f,23f1b9f888e9842d13f8324c598d0759,66070,belem,PA
ad6c5c2a07bf505e502472afc7fef28f,88384ec160635fc5e173a65201e68053,59460,sao paulo do potengi,RN
2e0c8e22fced1b114c5f5ed439912ce1,deb5db1c13c1339a7b52c302c411059e,74770,goiania,GO
8252655b48754d4856929c20348a6acf,29e3eb2c193ceccf332bb40113bb513c,77824,araguaina,TO
2fe26fbd416acc13822475ab38f1a4f6,409860ded7cc6991af6cb0d155260dda,72140,brasilia,DF
adb3c4b6fa67bf11d5ca618f5cbd044e,37e2dd61ca0493062acccc353270f8ed,35557,carmo do cajuru,MG
c08966d4afbdb8bea76adb8fbf221ceb,277ccb1cd5734d62f763a3b21444f3e8,05010,sao paulo,SP
267155aade3f34620d2f244df28a04e4,d66ca376d01a50263ee92c2ab3cbd582,05412,sao paulo,SP
fa68d3ad0b208c51a9c432396f968a55,5f37cd104461c0fcaaeb1e6119122d87,17013,bauru,SP
d42b187f05a3ad462f61b718ba871f05,cbebce165db72a2bfba9e81a3411bdf7,51150,recife,PE
2bd46622c473bea1ca8f10e37be933ec,3a5a79efb563dc2615fa9f92706c8133,13845,mogi-guacu,SP
f9f3547648b8c4bce58da9e9ab677fb8,3128b02155500306be4504a92c35c4de,95310,andre da rocha,RS
a926ff5e07e6155bf31456e33c21f276,6aa2294d9975e319365a586ba919de73,05782,sao paulo,SP
d115a25e0eea3efaa6033849f369ee16,8070421f2403a1c13d1b4f38e4a76914,19915,ourinhos,SP
2b7ae7a532ff538ce88f6bfdd2cb564c,f755e02e22f99b9e1658cbd2186a212d,80040,curitiba,PR
1c8b633ef182e06c7384855e8fcc168a,e4318ffd1b214481a4ab0bb956a8f84d,01411,sao paulo,SP
24824d3120ac876328bf46760d493969,0f9780cb909b6854a35a41fc1dd7abd2,22785,rio de janeiro,RJ
6c6e923ab3cbab96efabb3cf786653bb,00b72937dcd829c0d8ca72ec77cd073c,01252,sao paulo,SP
32ea572ef909ce200bf5097211d79d22,48aee83c86f97efcbe8143093423578c,65045,sao luis,MA
3231b7b6490bd2824ec83d8b883442a3,64afbdefcd5f2d9be011438d8c9eab79,38414,uberlandia,MG
cc2560d14b160bfaddc6e058b7d45550,774f507b837d53d048c79ca036082a5b,03059,sao paulo,SP
430a3322d71564ee0afcb1a54dce87c5,d71acfcc8e6cfbfcec402dab6534a0da,65081,sao luis,MA
4eb714feafc09a68b40b7fbcf5f25eb6,15b765bfa1ba3a205874d1011063535e,13343,indaiatuba,SP
739ee0b3c55d7509cbf93ba4275199fb,da6484fa560b7925147933b8ca61c3fd,02038,sao paulo,SP
a30918e46fc2950e2c7494db4e71d30b,37649a7eac21f2419cb01fe7b18f6e42,29918,linhares,ES
d89b1257a6d34bbbbb9d3741fd88c3b2,e349179dd1f912520636566e21d5c308,26256,nova iguacu,RJ
b33f0975ea69aae6fac18326ac5bfb0b,abbc8cf2f41e400436f55ee76de5ffff,07152,guarulhos,SP
35e6428c10b500bb6f921daee26e88d8,d11dea88ee53a4f71c18b40b3d659135,36570,vicosa,MG
a4f809d1f8681ff7b4c03a3294528963,c30fd2558a9c8fc64260be3e76a20cc4,20561,rio de janeiro,RJ
649107d090eab6138e15dcd83260d2f1,905d91d27b7c99c5e69a9eb734c129ae,22710,rio de janeiro,RJ
0c8050459705eab48d6faf4b118109be,23a77d53d020df90a645854f07cbd8ef,08735,mogi das cruzes,SP
30fb3c74c4654ace204011068c8cf1cb,03f73fe651d978936b253769873bc2e9,58430,campina grande,PB
ab1739c700f4c0dff1afca491040c5e3,b11752db44935c02e110c5ff2babcd54,30720,belo horizonte,MG
1f49021da1642fde361de30ee4f1c935,ed5ef953c0941dc977aba367437e876c,37950,sao sebastiao do paraiso,MG
6a5c936a909849dc0470967e01a7177e,2938f83ab0df568b408eeed27fa98656,11370,sao vicente,SP
767e8c949b1dabe87db4cacd1d9e7fe8,e3d5e814512a05f84dbb36d52eac433c,27965,macae,RJ
704435bd61cfb6de6ef8559c90f64aa2,bc094fa657a84cc74226a70bfeb9c0c9,95755,sao jose do hortencio,RS
139a718c01cce276519bede2cbe5cae5,2b5f3f418c9fbfbeb2eefd43943f95c4,86050,londrina,PR
da43a556bf5c36a1104c473cff77de6c,2e0daa38f7fd081ddcda32d972e5ec50,85948,pato bragado,PR
df754dc98698ef596762561b4a9a9f1a,c6cd2822c711430097776c7512a0bf95,89031,blumenau,SC
759f9fb2ea5a4a789bf67139e484cb1f,e0c7360b47451a14fcc4be34b0c0db3e,71596,brasilia,DF
888aec5eec463be5a9aba99e3dfd97b0,8b23a9ae3e5225827fa546974c6d832d,19820,taruma,SP
b970eae734db9041c13ad2b9aacd5e09,91386671216084fa7b46885f47eb2c52,59655,areia branca,RN
3c10da268c72de9078aff090328e7e4e,d2d64464f9572b5caf7af0d7a8f7ef5d,22290,rio de janeiro,RJ
5e3b89299a7d6e3e10f9bc6e77923f88,464a3d024ae34727fcaf86198537f5f1,03685,sao paulo,SP
54a70f1262862600d627f401a9f9e072,64b9eaea8486b5e6714af99547de69cf,04117,sao paulo,SP
1ea783594d700e7ae08c133fbe97811a,5f45aa4ef9b8fb99b95d33a970bb64a7,02337,sao paulo,SP
1108051163387bf4b98f729ba303f2ff,5e767052fceebe0be1b8ecd6eeed6d6b,67133,ananindeua,PA
1fc77bb785f297743a18fac02b30de62,766c363986fc269b65ca0bd173b39691,41342,salvador,BA
247741a92e8790b27cea613f7a5d4f79,dc0ede71afcb9839bed5050275837159,12030,taubate,SP
ded515b7d98b7d3425a9e26ce985e31a,aff705c3ace68add62b1d0233f4e31c7,29056,vitoria,ES
94244564d138d5b05de63ad1c686d9f6,c13530d507fdf2fd5bf72d142d402cf7,83324,pinhais,PR
1a8888071e09b829402055ca2a4197cf,5c6158b528bf0eaa8115b298d4af28c8,07132,guarulhos,SP
438587a96c7fdbaaa67dd07b72a170df,b07770dba1794e80044414e50db25d32,12248,sao jose dos campos,SP
ec6fcecd3e931a460eb12b2c00a586f7,e60511f7b1f8fe31832ff8e7391028c7,02543,sao paulo,SP
e95994d81b2fd9150bace0cd8a7b8024,9eb77967122094a4eea4084933b47a1e,06700,cotia,SP
bf0176bae5facd261148fb881ccb8cc6,34745b94e42969e956d446695f58421b,06506,santana de parnaiba,SP
4b4a571ee8ef4a370a0cc9402b6a5744,0ea40201a592d14399e4fe9230e16058,11060,santos,SP
d6dd924c65c66ad52e7cf5983c18f800,1f59f1a9f0d35968adf353c1f7a00b86,17670,quintana,SP
024528dfafe67bb6421ef6e6da9adc9e,eecd7a13b230f1cceae63dcefe543249,65058,sao luis,MA
6a9b5719c17e4f44e30d33c298c0739e,ea94f7a5177a14fde12ff625b03dcd7a,89837,coronel martins,SC
f4deb293ecb5fa8cb4c4c344eced1eee,82cbe18a587cb972ef38ea261c260740,11630,ilhabela,SP
3d1b213b4f9d6a6aa1cff9e5ae6a9c0d,6d077455bcea33907fe6be3f9fd042ca,07600,mairipora,SP
a3347136bb1bbf91baf78c0972e1f3ea,507fce5023bb08327ad3d22108910c31,02112,sao paulo,SP
db925a533d94cee42707026949892c7e,5f03b965e26e79a371d229cfeeb578d7,07991,francisco morato,SP
70bcff60e160a0009c17030cdc375f6e,acbb9404f912d0baf4c5dcc4de5480ee,66113,belem,PA
7a399396442d5601cbedfbd0a3cf1da4,60ec651482858c327c177cf9360cc0a2,45990,teixeira de freitas,BA
57fd872e13a43d2832a5727837bc800b,ca478522f8d3a3d5dc56e3bd48643f8d,13289,vinhedo,SP
8c976a55940af1dcecf9aac47249aca9,9295d6a619a0b00cc7e1904d19a1558f,59214,serra de sao bento,RN
6ce3934a71cf3aa6ff51b5298ed06d9e,6178119ad39df8c7d51e4e5090976357,79012,campo grande,MS
44e246036793c31473a506a95d2d782b,0cda5b1f319966523ff6f30f42fdab81,87112,sarandi,PR
489df64da2a93a05244fc7edde3b328a,9ec15815a7f0c7ca9b046af5e0cd2d39,93520,novo hamburgo,RS
14e56bc25680b431575ab69186e8303b,cc91e994f48d1b16c6264a3eb44a289c,35900,itabira,MG
51993c208e83ddc0d8bf2423fae35e87,25303bc46489df09b03bd275c3772d19,02271,sao paulo,SP
b2a65630374da38ec0653226f3ea4dbb,b7eccb8247dce2f986bc667143eb475e,21625,rio de janeiro,RJ
0715d45e32d1a8cfc84dcb9a447ac955,93bb3b99d1dfce71499c593c4ddede98,78555,sinop,MT
78d2344fcf124f101a40d35cf4df5c18,da15d63ab4ec03312f36e0f1fa767ca6,30310,belo horizonte,MG
28819969e45ae09705dffba8895b30b6,f1da617b625121656cab1df3a1413bb4,89210,joinville,SC
28635c64d8f2aee6e47124350f7ffb38,f95a2fb1caacbd10edbe4afa7a5980f8,13416,piracicaba,SP
f564b9f9bbf621efb4ef205c439ab559,c6633008507807be60c81d0b42645777,08773,mogi das cruzes,SP
3b4e6709397878a5a0887e037e31691e,8f8899d8d798516941459f739d7d0bb1,66093,belem,PA
58cf819bb4203647573c953697453110,d99db834b8ea77e28fb20a5cd9ee7df9,21070,rio de janeiro,RJ
a3255cad9ee6596f7c31004ce0b769df,3a1c15917afe0356607d2b4c547f74ed,81030,curitiba,PR
2131f859f33715756b10efb97d873a85,5993c0ed4bc51b72a8332bb7fa4303c5,71680,brasilia,DF
c08a028e3cf76efe09f3ca8526ea2dcb,e3f45535d368b824364ea91c9f8003fa,09896,sao bernardo do campo,SP
5a381c51e7136dd667ae7ed7e6893dc3,3644255da80eef84b7bd10dd0fa6a1f0,05270,sao paulo,SP
6cffa1011064035b56965e363955f701,e060df3099d550d647a82326badf63fe,95057,caxias do sul,RS
20739257747044d02d19276bacd71f66,5885c1e845a8398976fd1da05de50463,79094,campo grande,MS
4e2c1f15de98416a90c2ee06b55ccc9b,9a70db677c8e4e9e25e36729362fe756,97700,santiago,RS
45b4e909ecb4b938d979ac373b89bbe4,fd48d5af13414a3ab440e9b901d26e39,11680,ubatuba,SP
9ea84417bbdf3d03fd7fe34273d23630,7408628c2a758359d2ee3df32b4127df,14790,guaira,SP
216a26630eaf7d8f93837ff9708aa0e4,ea2a4a14c49ad9a9d64d2b7f91f0c293,15800,catanduva,SP
5d1fb3630f0ac05b294ead6d1537be4b,e7377e409d6dc9d17393a8fe0bfa8f17,38680,arinos,MG
5934b56aaab3f88d76e0f002d7eb8802,82a466ddb0a074ddfd7d7575929baace,13035,campinas,SP
81f6608e7150cede9a3d8c1dbf592113,46c3eb3d84e04b1f16f382ed7948daf5,05724,sao paulo,SP
279084854f91753f3c2feba81d4573a5,4ecad7e3d36a7e834f1095aefcc54521,55295,garanhuns,PE
4b1b5c848616a4b5fa9d76cb1d12067b,3c857a6f7828bfb70fb712e2393cfd1b,05727,sao paulo,SP
ca5fc68d665a2ce5392fccbde3475f72,a914b2be4782207abc6758095ec9e8aa,04130,sao paulo,SP
8f1a32257a013ab264c572e0b3ed01c4,1f692e0c3081b4bcdb48b8b84e2359da,88101,sao jose,SC
d4d03dabe3ab500b604478efe09c6629,f10b23839856dd4f6b7a0c5925c94d45,06330,carapicuiba,SP
1d31af8a0364470eba3d940faa9008b5,2c6529275934c13e4add82e80c7d2085,88030,florianopolis,SC
978092e16f71e6b97416a1763155e4e1,ce7e9ac3f497e7caa4919d60d7b64c36,11665,caraguatatuba,SP
f246a20a11694afad71d2d9be547fbb8,92b0705c6923fe44dd71b2b737687a7c,37540,santa rita do sapucai,MG
cc6a4635d81132a30bd989836fe9ff82,e66926d000cad7d9ecc9c5f28537741e,38408,uberlandia,MG
51cc1e38d0489d588d7a687da73b2458,ff68ad2883e793597f1c343dd6505f5d,14085,ribeirao preto,SP
6f3981043130b73e335ccf2b30dbf116,8c88da635cfe8823859dd2819fdb8366,06075,osasco,SP
2055909723147d7d653939c0094cee34,bc0bfb0a5e9ada729f6190fcaf9f6b51,14403,franca,SP
95ef78f863e47449662a81f5d637d09d,087dd27ff788395ed2877c049672afe6,66613,belem,PA
f66a0a5603fb1d09eee7fe496b1024ba,182e92ace06fb8e0107a4ebfffc01611,38180,araxa,MG
8718f740a7d11ad0180de2f7b625c7da,4a3528ddbeb20abbf13730135a55ea77,08630,suzano,SP
027173ae64ea4eb32139b3205e7e02c0,147e1d1ed0aea7d16d7be3e2ed88cf4b,04863,sao paulo,SP
574478d054c2bae93a3c66c8a32f4fd5,966c7d4c0641a84e8385e7344018e3bd,31170,belo horizonte,MG
2cea17a5c06d7322a3f8ccef29eb9e3e,e3aa7b5b37d609514703a3039f189b92,24020,niteroi,RJ
e93fa47188d998ecd355fdb87a5e62e3,69fbe1ef33ee18593788e655e348b954,13313,itu,SP
6b09f371cf9b4dcdd97fe2e35600b5bc,46331de5743a5df02a06f1148c87f7fe,35440,dom silverio,MG
16c1bb03adb08d986a62093823959ec6,22c84aa3c94faa9b0533e5b95f440d57,37890,muzambinho,MG
bb50620b77290f46cb4b87a5351c69b1,e52bedf8a615b87f8c6a4cec0cb3a600,22420,rio de janeiro,RJ
cb8886f24409131b3732dad249f2af69,723bb8aa118da56cd7644aa593d197f9,02611,sao paulo,SP
ce8e936f636f55678640360ddaa0adea,8070c6ae2ed8b9f41c812cc31be08ad5,22231,rio de janeiro,RJ
50c98ff80c62d9255b10fff5f2fb57cd,68b2f280dde54a7a08e32cdc98a41caf,18510,maristela,SP
c2a9d304ac6f6c83a1d58953845a94b0,001ae5a1788703d64536c30362503e49,27276,volta redonda,RJ
658edb643c1de24ab48d5fc95555001b,ec0bdc2b6dbe64b6b214415f5ba4e7fb,85856,foz do iguacu,PR
9893671bef76b7febbec2342704f3655,1f8f96aa48b35fecae89ca2b52dee79a,22790,rio de janeiro,RJ
0d0a49286a8610cff0b0ca481ac5d14b,3e7a68a9a380c6802aa79a54be7c2e70,65025,sao luis,MA
4aa1c9249c489f2b6a739f210c0af109,450019b7e6984fac0454cdcaa3836140,31530,belo horizonte,MG
de44ecdecadfbd5d7c4943889af1c915,a5d33328825b7bc28f01df58e71403b9,05027,sao paulo,SP
157f5b7306ffe878d158e6ae05a859b2,566920f0be4bf6f70f23ad9b263c4b6c,14055,ribeirao preto,SP
7801e6f89ef28e7c965f135c0f6164c6,422cb1ad7cd6c711962191e2592e2498,13214,jundiai,SP
b103b8c8af8eb17c72c213b36ccd4f34,523366b9899aa70ec24c372c3ac27805,31565,belo horizonte,MG
b6615ef3680b677d2459723631d7cd3c,585368798753fb4f57e8510b5ba471dd,31573,belo horizonte,MG
8eb45c23e35fbd73046416ab84202f3c,75d82b28131f1ba46370b70141b7e222,89803,chapeco,SC
f08897f66a5de8441153d71bde67e285,448ceb48d9a040500505fc29078a8768,45200,jequie,BA
5af12d6ae9e2a3254902b61194ce5b2d,adebd3ba2a560347ce9b8d56db7125d2,18702,avare,SP
d6d2c033c21383b51bda46e1e5580f8f,840c06f67ff65d4e51d8c970ff462185,36309,sao joao del rei,MG
000419c5494106c306a97b5635748086,14843983d4a159080f6afe4b7f346e7c,24220,niteroi,RJ
b1ad9ed44c9f38c75ddabd01eb6f6585,7b662d846265cb0ed144db95fe0c74dc,03362,sao paulo,SP
57d8a458d7250607de1fe62759c5e298,14fd9bce52113dc9c4c85bb257bc1a31,08576,itaquaquecetuba,SP
441c43a44f8fc8d89a614e806820a548,947b7d5b3746bcfac61b3de83cb02c6b,29312,cachoeiro de itapemirim,ES
eac6d0d3278c2f92a5bb372ed20c83d6,9a581e2dded8ef3ab5916d76766903f8,50910,recife,PE
ba46a6f93e09ffb7a22fd2b705fe8d50,782142502d9147cd3835576aaaa45350,39800,teofilo otoni,MG
7f53d69112b0f1181f9e4fcf45b0ee9a,e2de515cdfbc762d89f6e5a72f0e2aaf,15080,sao jose do rio preto,SP
7c2b2f906d186327dc6e0fe22ed570d0,009210a1646725341917560a13f7799f,87860,planaltina do parana,PR
db29e72564815db5aa89037daf547c81,e7074f297dd4e0a17f2cc685a0b55ce5,88135,palhoca,SC
82ff01ff3cdbae8ef85c10481d360d1a,372176bac23e7328e3e7dc6f9be66abd,37460,passa quatro,MG
0bb62e6f9d167ed22e1ee8e12276f947,2f14320b6cfbc04ac9c1d62145e33059,08260,sao paulo,SP
8be8e4ee7186b2a8a787a41244afe1e0,7888466065cae13f1dfeb73a53ec74b8,12952,atibaia,SP
01f1b8e88d206e16909ed8c49f480e9c,97b656952c141330986da2cdc4d55b7d,86900,jandaia do sul,PR
200b152d4fcc6b4fba34c286b4c83a17,436da367462528f45b3f6a919ae08b9b,74845,goiania,GO
55a18ae004af33e2dcfe7a956b30eafa,f2bb0ec797f6958a1f82722c2e94fd4b,09341,maua,SP
0687042f138418a235175398780d7d69,d7c4e552ddae617205019b34bfbf5c3a,28540,cordeiro,RJ
bb5ecb070b1cabb71470e74ccabb9ad5,f92f6ab3c62a0ea894141b1f06b3f160,78270,salto do ceu,MT
926706c05a2213d48d83de6615700d8a,50bea7168a8493efd89819c4847799d0,74986,aparecida de goiania,GO
e038ce5f1155ad7b6235f4df7ecc77c6,49e653e04b8fbe4832f13fb086775258,68665,garrafao do norte,PA
d91dc5b08f5bb5e181a878580f4ec576,a4e15c3b37a5bdc379b5d9a8b7b37450,66033,belem,PA
78a198d1efd0b8219f1be948094c5ff0,411e50bb0499cdfa9748d32ca6f7e92d,18010,sorocaba,SP
a69d27c0e2913e640dd382e7ba2b45fa,e0b0b000d4d34ceae95b4697e0dcdc77,06642,jandira,SP
88741bb27ffaff281424cd7349bf090c,bc4c57d80707ddb4b6ac92e88525aa6d,51180,recife,PE
43696894b5bf8fbe1a40b2148ea505a0,fbe6316a06058c651539cbf59ec5a0ef,39100,diamantina,MG
9886df160a00026b2dd8aa8eb64a2f16,a684d81ebd52f93260b617b15dc0ddc0,19053,presidente prudente,SP
655418b3cc52d17ccb5b4330a7f03197,12d280dc9e8bf7888a3d2a8a8ae74f8d,09710,sao bernardo do campo,SP
9cc2c1fada1c57d908696c42d75e0283,0ce5aea106c765c0d7baa950fa29544b,35200,aimores,MG
dc9840b87b465383f8bba501d6c07657,29339c8e65ceb0e5743f50a8dfac0e28,25015,duque de caxias,RJ
2af6e83a140873ebe51bc9beb29143a7,6f30a4e41a06877cb71c54b710161f2b,26550,mesquita,RJ
a272379c2986937171771cd55ebd00ff,145e875a57ee60b324e31dd3d6b24a3d,35680,itauna,MG
6997fe0ec1de23e69f13fedf18f50cb8,799c94dc3a7de882ec181ac66745e75d,07859,franco da rocha,SP
48cbc3228c6228bfb40f643681df20c6,55e0c823ce371fd80f780ef8eb789dc5,50740,recife,PE
0c5609d2ffeb93f99526462c979f5310,9b275afa65b2ddf85f643914901714e9,13065,campinas,SP
3a93b7b28f2d50b25c5bbb089d9b1f3b,5cb4b4dc4ba01dbf41973527b20d5440,74840,goiania,GO
0b625a2816bc92763dff9538ee30414a,7c109fe64245f4bbb7a68a877c45f637,07141,guarulhos,SP
6ce08c3a8b69a46f5bd4f0acd2fa75da,d18a98cd9d5756d646ad1e5662c97aaa,45822,eunapolis,BA
6bdf92e9fc8278f946ab67d15ebfe4ff,e3b3b57caa0974d93ed5218dde2ff4b3,02307,sao paulo,SP
709a44317585874947086347088ff28b,5bae40c0db261997972f0fe5ff3fd680,37200,lavras,MG
9092217b4f4aa4cd1dcf5f196ccfd617,1b49bd8407444b8155fc943866a0e645,04870,sao paulo,SP
482d1baa7d2f9c4d4b54ae09215d39c8,de2ae224bcb74731c0597181aba38de5,97542,alegrete,RS
19af3b88c973b50b29266c10687fd137,25e8912d19240df7c992f0bc0f61ee2a,36500,uba,MG
bdfcde44c62495b7eeb742881cc8a4a3,6d9cdc2c73e65c443351811fb9039bfa,37701,pocos de caldas,MG
32cb0dc27ceb91adb151c23ba2a3da27,8efa68b647ae5cec2e01b296a5e3aa0b,29055,vitoria,ES
57f667c4bf3f497494e09c259668960e,6081b3edd5c34496e8826160190d42c2,36400,conselheiro lafaiete,MG
5d3a8bfe360fccb31768010c5a8910b8,2604117c1b7f93e6dc4ee94a32098440,18550,boituva,SP
c29253b809677d6b9de4371383f4da19,4b5c728e4fd50ebdfb7799ff5754eee0,04662,sao paulo,SP
38ac160055eedc7c75233b488b5dd50b,802048ee1cd2b9279ac0b5e88dd7f1f0,41330,salvador,BA
09d9f64ba169a1b0e2c8d9690ef483c2,97a8c192968ddbded45b8fc64563ac3e,05434,sao paulo,SP
55e0503dded8ecd07b56fd84bf06a342,747c1b1b035efbd0ccfc9e704382f6a1,22030,rio de janeiro,RJ
314533dd95657b7de8748504efc89ce5,55f21db4f9a353dcee5b774f750c65a1,29240,alfredo chaves,ES
3b249b017d15eee7d092ddd5cfae4fa4,2d0036e72f5077409fe62fb75d828722,16204,birigui,SP
bc54fa7f1166c358a2053f680ebb2ac9,3e6af1676898a625a1b774da1532c4cc,98035,cruz alta,RS
0989ad22ee10df514ada88585ebd3101,37d072bb642db6424d5b3693de406a4f,37005,varginha,MG
769cd0409e08aeb0a4338253ae2deb1d,ce6aca5150b3d22e087598a7994e4897,04424,sao paulo,SP
5ffea9b2ecf7eb23b4db0b1c4f76765d,46bd6118d318823084331f26dcb0ae9c,73401,brasilia,DF
55107bcafecb383c71aed2728382a3cb,0575cd7136225e48114040a0722d8b14,87970,nova londrina,PR
07568293de9832dcefca19385d02354b,c3aa49f9e404042df76c3d495f1575db,09381,maua,SP
e0fcf37333b29f0b97e8af045f8efb52,d21f78bff331ce1fe009f3ac67fdca4d,02377,sao paulo,SP
64189e336678007d8130fcd712d4a2b0,d5cd8c8a56c919f61c94c43f3557c1b6,18611,botucatu,SP
74454d0e51e0eeaaaa9b7b135469c420,89f85ff8f63aa9404d98a83cf96cd4e4,41750,salvador,BA
c1caaf8d7b5c8f2d3567fe0c9f96cb6f,1bd726b9d6353e79900935bd9f77b727,05658,sao paulo,SP
2dc86eb45d955da9a9afa6f431ac00f4,3becb9d85aee7d6b9935c033fec4fb42,72210,brasilia,DF
059ac53b914e0bfa1877ad8c86e4405c,2a7dd663caca8ff00efe737d51a5aeaf,17031,bauru,SP
779d2c4b51f1e1d7633a0971d70e979e,4d6ab5bca155ae8db181e5f35ca89cd5,28633,nova friburgo,RJ
beb806638e70abe17fbbe9678baa019b,8cd542322e6204e95494dbc887f3f237,27273,volta redonda,RJ
8271ceeaf964f129bcc35e89a3d4520c,ef702c59e385cb13bd800b7fb30cc822,22793,rio de janeiro,RJ
a9f11314b76b5d3662b70b192c3cafbf,3517d49ae177e9d73900471585d2d1c9,13290,louveira,SP
9b474f065e302d1dbfb227075c1513c8,928f44bc4170b7198115f0bf072645a8,64900,bom jesus,PI
57c0cb950e45449d5d43a9048383d0a8,95b9cc03c38543424739337e55600069,74543,goiania,GO
e867a0d69912db241c0cc2adc85d82e8,e6dc181051e2446e7ae94acd95676489,24360,niteroi,RJ
b28df93f277b995d67fd7b31e40a932e,8d19a071f7a43b7c1bb71f878864d6e2,20745,rio de janeiro,RJ
a866f67b44dbcc8612120c2bc59fa171,5bed15735f2d1bdfb2ba8286973d1bca,13300,itu,SP
57aea3c0424ba421f4a819dbdd9fcb33,875dad3047b8db550029d943f725ed1a,26525,nilopolis,RJ
ad48ee61dba1606e5ee496ca03710f83,6ba9ae471d8a19202d6462a17f03e831,29177,serra,ES
a60b68f552d029c7bbbd88d9d876112f,240a0da8c894f0379001f1510d8301e4,28625,nova friburgo,RJ
a96b4cca295b6876489ce885ca6b9f10,1c333424172f5a72cc46164a074a800e,73015,brasilia,DF
e84f49649af1492bb0ce7d6df227a76b,091ca53d5f3012d1e4e6c940b313b1e2,26311,queimados,RJ
25d62fdf76ad56f0adb33fcdeb5cf36f,653096d4b711b381839747aa42a76b78,35238,campo alegre de minas,MG
dc6484673b2e9c0dd56bee4d78717900,9a333bab1b87584cfde9ecc05b7aa668,13990,espirito santo do pinhal,SP
35a7bbd619604e6a5796498ff353983d,a5c565a59f333f0d8e37f2010a825538,08223,sao paulo,SP
b5754c1cf001e3e816ba20df67cd667a,1e6c071043244f9df9cd4c58972f13b7,05463,sao paulo,SP
5409f7748ccbd09483a4cd5e827a47d0,a4587ba7c7efa732b3902638a6e88e87,06436,barueri,SP
fcad74a7e0dff27c33e36cbd78280bf9,1e57acebf9849b1d7af7c21c14c1b99f,71936,brasilia,DF
a21eb72bd9dbd460dadf15c4e43664eb,78b6303eafdd48fe22a46ccdcf1c7ec7,03759,sao paulo,SP
cea80f9af87104810bd7fa9698f69d29,aed98e376f0a3685776366a2ba55e4ee,75903,rio verde,GO
d4a6786c02a6e6ba536f58e3b4a13393,55eaf3da785fec4d33cd70063e691bef,36675,sao domingos,MG
7c6835555806136bacab36fd7fd8bb70,52b4d6e94fb6a5a216c9df0ac0b90758,79540,cassilandia,MS
6772a0a230a2667d16c3620f000e1348,c7a9a76a4b24a7e7b2caff982409b7ee,58600,santa luzia,PB
6d5507371e40197f19156f69f015c9f8,0229357c32b8eb6b686af4ed4c90d22f,18119,votorantim,SP
3e7ff5820808a8d4664e1e2514ce32c0,830e6d22ba593f1679ea0692f0357604,38302,ituiutaba,MG
d63781bc2b6553205f2670580b30f9aa,672452f682b6cd65d8256f3e527bb93f,07121,guarulhos,SP
47e3a2dc9ad4a1a3e07f89ec91a82170,99bd5e48b4ac82665104c02f457b1fe1,72546,brasilia,DF
b0a04bc50dbacef330e5b369a90220e6,d8a033548dcefc0ed2fde1f45908cbc9,63475,jaguaribe,CE
ca1306e256541ca5b97110546d36f93d,4d3c398c8210527acc688b0ed3aa4c53,11025,santos,SP
5c98ab90d6e953f282ff28ebc43a090e,a6b24ceddbf05b497a2dcdc301984aaf,20775,rio de janeiro,RJ
63eba5144d1e863052f1b154a402b7bb,82764b80d068287bdfb77df016b68d96,13255,itatiba,SP
29fe805fdb52514ef2b8cd76491d1bba,ce6739893b38038e0a51a8c8654b1774,35500,divinopolis,MG
37a666dbb2abfacc9f41952996a06793,975362d8244917265887d77cb0156ded,08810,mogi das cruzes,SP
b1416ec5bad2d6fed050cd451470e76a,12886ac2b88df7aa159e84b19b58a414,55870,timbauba,PE
dcff087012e7cf0b21e5aa1e83f12a20,564935b7af878f03c1b137d326c005fd,24030,niteroi,RJ
8d08e007413e1b44d81c1af9f916dab4,a674f8c319c74292f388cde186585856,20081,rio de janeiro,RJ
4012a377e719108fd66522acf06dabd8,a30ba8df91205b96f2fe5f6d3651dc74,83040,sao jose dos pinhais,PR
ef4d6d380a0eb168ed742e0085a3f359,071aedb3d3ef5ad55666a3838230d3e7,81130,curitiba,PR
40c1c898520b6b2339eb9aa48a3f5485,0309795490ad2e118e89f57606bd24d7,25900,mage,RJ
a8154b4451b0f7e908ff206120862ed3,caceb3a6e3c350e04aa5d049f7598a1b,35032,governador valadares,MG
af550b25195546a8ed88b2b89b1d0fa3,910ef561b28c67973b74ce21e0d252ea,18147,aracariguama,SP
3121273a484955eef5f8c940af3ebfb6,2eea530b4be6bbcb80f85bb9e29a33c2,17014,bauru,SP
b9313515b2c2bfce4c61816d2b0b9217,96531ad02ee61b808945fbf64e8905d8,21555,rio de janeiro,RJ
ebbd6c8d7511352fbe3511d1e547181a,a36ee442cfdb8a3ffad0927508c4205e,09790,sao bernardo do campo,SP
13db6d94faa6734d80cd12f22df84a56,730cd5fcc92b39d21fa127d3e4f81024,17504,marilia,SP
629037360cb6212f9a8831b62ee1a4b8,f4cf22fe3fb2dc126d06b5b6f21b5ec1,11065,santos,SP
a1a2959e5c770a17d96e3d2e29fe2e80,6c905274d97aff993bd2ddc1bdf0039d,95770,feliz,RS
b28cfa829bf591383854c3fe2bc809da,7019c99575147f8ea1bbf0a6e281bbf9,22031,rio de janeiro,RJ
d26415dbe622ef8eaf44c3c6e92ce1a7,e59d98970fee89f123d04e23a357d371,22775,rio de janeiro,RJ
1a39d706d531bfbb53490b3b30396aa6,365330a9997b5f6100ce7f21261d2190,84020,ponta grossa,PR
b20e7f3206dd52a8cf8accc6f53d261b,cdf582422b69d4fbf906a9bb532089ce,89208,joinville,SC
623795ecd2f7580e1460a1af8f4b8f53,e6a8938950a402905ab19025a26718c2,11055,santos,SP
765916936db218a902d068127e62e913,12611e5049d58be3e7edc5fa448d9ad4,09685,sao bernardo do campo,SP
56d6082f14bf0030bbc257ee81aaed82,47368842f3611a911ad776b043394ea1,13660,porto ferreira,SP
5ce865a639501214aa516a7f5e1b8c98,1bdded1780969d2f7210a047c714a50d,13023,campinas,SP
296de103322e463a1b76de3c81fdf02b,7857dff0702239bcf889f6af345fe607,59151,parnamirim,RN
4bcf2ad7ccc061c13ff360aae5b7abcd,d56ded4569dd9821b2f83710a56afbde,04173,sao paulo,SP
f453853c7750dfea2b35f2a89382003e,f3591ae7686317e84ebbf646bedf3e24,02012,sao paulo,SP
d02cc92f5e33eb58d9ff4d5cce6ae901,a7b781410bcc8bbf3221f48ff45aae6d,08503,ferraz de vasconcelos,SP
fd8a9ce7e554b0a3b083521837d0f7c0,201b506ed6f89c9de7c4fbfeea94ab59,48120,pojuca,BA
a1aca6bcf003c08a08097758ff8cf96c,d1977d0dffcab41b61db477ceecc3746,30130,belo horizonte,MG
f911f42e1407bd2426dabcf3bad28a14,e3387b72b2b9ca728235879e31e3eb94,70833,brasilia,DF
1b4f0369610bd9e4d237aab3a993bdcd,5d63628c95182301765aa1482b0293aa,12246,sao jose dos campos,SP
4c33cd096ac1e26aea9bcce5306684ee,48527a7dddae8927c8b9827dde17b61a,09720,sao bernardo do campo,SP
b4bb8edf40ac2899a46919469fd8d21b,621cda1295f19fcf9e434c7ff460747f,38025,uberaba,MG
2c94ee4423f153e13ce3fb15ac406a13,55bea30cd78db302debc515e81a851d4,02053,sao paulo,SP
0cf9084f55a458155d34c0d55bd21b31,0dbd9554170d0b68344a9d1df4015141,01224,sao paulo,SP
9899640961f5678c7fb0c46815ee6408,7738c1fd7e3b64b02ebac8389f1f3b54,06361,carapicuiba,SP
089986fffb326934301cb204f52f9c97,e424731f7e9ccc9f3384b8b71378cbf7,13348,indaiatuba,SP
fb10dfd11e28e35c964ac8ba36c7690d,e867ba503d6893139e395132ae138ffd,90150,porto alegre,RS
65e12813d36c9d1e94fff60fc037a117,0bb0bf5f78b329ed01145551d20c94b6,13670,santa rita do passa quatro,SP
332b269682a1dfa3237a8641690993fd,2d53a70b3240e2e08e214b2e0841d294,17067,bauru,SP
d74d3f409a5f2efa2445b8415108e184,ee4fd9b375c5273d66ef1b20efd63516,03818,sao paulo,SP
b301495c792065eaa3c4fa6f11bb0407,3a1702d4226eed2058871760d94c99a2,08215,sao paulo,SP
2ec93611c4a36c30917dcc0ba589d5d9,fd112c3dfc32899034375e5354cd4bb5,06341,carapicuiba,SP
934007549103fe58f85261e64dd7c68c,2959e8ddbfa63620bfb04af4121909c5,05201,sao paulo,SP
69afc81a37be74df6fca505b1f5920ed,6145d3a55d1f273e21b9772f1c4b4542,04787,sao paulo,SP
8455da4c0f77acdfe3dc387545a13a5e,abd040213a6fa647e62a971f7a59de6c,11680,ubatuba,SP
7358e2ec1027c49bb741aa65885ee324,9d3f764f542dbd2d48bdd7f447261886,22021,rio de janeiro,RJ
74756c0559cd1cc497e70925b040c013,407dd82599ee3d552a284beb5ecff0ad,90430,porto alegre,RS
2a2a743c28a4ee5b08af934d5a1461a6,069f5d1c227da81abb89b8568d1f9a89,06654,itapevi,SP
924ab9b5c64efe4a4c8bc973300e3a79,3bacc97825707a6238ffc0a7225643f6,09760,sao bernardo do campo,SP
69eefc7588679e6d4a880f2eb9866b5a,7f3900c3b410283fecc31825f9c4e0b6,01306,sao paulo,SP
d8c87ef39b9996034c86991b5cb7f20d,822f8a40329301cf7d1bca84bb58d67f,95030,caxias do sul,RS
edcc2532c1d4e603a2d089188ec5ee90,9126d839ce08dd0b29b02d13dac33b14,82520,curitiba,PR
d7cb9c6c0de35c874cbad4f5f5f96c8a,041eb6136ede40c0bd0f31372d7f481e,78635,agua boa,MT
54da6f5f969bb4601f0d78611694232e,34b6102348176b1855e32860af2ce096,79600,tres lagoas,MS
3b408c6d257435c14b05234d711d37c5,3219cdbf077ae7cc44070afe219f11bc,13467,americana,SP
cc3ad3a7d08c4d7263a50d076f10e43b,2cd9a6019e6799e452aa91faaed447c3,08132,sao paulo,SP
eada5b345b1d846ca260ad12e8ec98cd,29bf728e7c1b9d7b19f9f617f56c5349,15110,guapiacu,SP
d1b06f3759195097bcee2e0eac97859c,9d84f7829432501761b1b1d43356bb7a,81240,curitiba,PR
a16adddba755faffcf5fafc6506abcd8,03afddcde6dddfb09ab4c007a4d6e34d,03346,sao paulo,SP
d87f9f36f8fa985c1d0c64981d5e1d7f,2a0df8ebb465629cf6d2de4383421769,05752,sao paulo,SP
62015356bb2bebaed11bcc9bbd658a50,f3acf8416de8f2e77e1ae7f0b379e642,30494,belo horizonte,MG
96d965bc7dd54c8cb5194f8cd2650e85,0fee4adcd47e19eb91c84f2449500247,01150,sao paulo,SP
3c5aa62fbe268c0beee7bf98386b421a,8a64013cee18edf9edbc21b0dd9acec4,64260,piripiri,PI
7dd6f8c3cae6fc87760b95313f7d8077,b7dd277fdffb910b0e9d77e8494a8ebb,37588,ipuiuna,MG
b047a1af40cee55a815fe7075e4f1a74,927c1b4bd2d326409fd16eeedaa9ea30,48080,alagoinhas,BA
b17fdd3ce7dab9006c20a275bbf7c804,16c4953da648eeb4821d66403ebcb632,57017,maceio,AL
6f1591e62e5032b3d97250dbbead7b08,c4e1547a72a3ccc8fddc8df99fa53348,28010,campos dos goytacazes,RJ
77dc1be4c4766a308f7c7516b732a825,ea6f35445410a3f7e74c018be1642995,59151,parnamirim,RN
0d50609a16197a4158052601ce51d830,844f54c49898195cea2b5ce2f541b586,72001,brasilia,DF
387fe5d87d73b8e6f228c70fea044488,563c00dc2e9290194aafe9829e330f4e,29920,rio bananal,ES
fe43b2f349c9ab46883ce0e02491432c,4c4446c628c278bdd121aa0d5aaa147f,06463,barueri,SP
583cfd6b691f0de917b193d39e7a1508,f29c32cdca5a097b0f61790aeed5a948,75180,silvania,GO
0ae263db1fac3d2b8495a2b4b5b9517b,0a4cd4a1c4e99db007c6bae55ae07e0a,20550,rio de janeiro,RJ
17b05621a4b0481d008669e0a474b984,87674a7a03e104c3d506f2a06108e686,49035,aracaju,SE
c055020629cdb9a9bb8b46ac9eb7b1b8,69ce6940c8709fa47a62bb1d74e5ae28,12995,pinhalzinho,SP
7df0b66f0f2cba22ba501317ba7c69f9,70601471b692cc0879300373118041ff,37640,extrema,MG
09803e29b7c6ecb7de771936dd75302b,5e30ac16a0659e3fde66a7e3ee135da9,08275,sao paulo,SP
c75a1075cc4b47245da8ae972c8ac08e,51c0a2b83d6b0d4fabe39990e43140c2,32140,contagem,MG
bbfe9dba014344feb9e3714b0b541885,59683b9b04171ba51cf17632a8e8a9ce,83540,rio branco do sul,PR
0ae502ab7e72dc3b0a512dfa96baf3f4,1ea1d68c624077373615c64bd4ab6973,86080,londrina,PR
082588d73998636420dc0c9b5589668c,811c9b54f0a0a0a96dc95e4c7bf82769,66090,belem,PA
65b9e6171c6a2d994dcb5a6305317066,bc7b9e0d078c0c01f622b38cfcd7ee9c,28035,campos dos goytacazes,RJ
3a8737f68201688c1513bf3fbdbcf631,467f2ac77aed108600b9ed0be16c990e,95940,arroio do meio,RS
fc081ae245389c9660e0fdc15c33a804,22c61e08d36892044a2ae55337461169,06528,santana de parnaiba,SP
3bf91fb0570071bd0857ff3d97461f71,7c7e03430298829ba514c008192e2f7d,71937,brasilia,DF
31c3e07d61a3e64292159dd61b686e2f,fe713394dfe3e40c4e5a6fc3ed017080,49087,aracaju,SE
259cd2e47ae29b399f8d36176b542785,9c12edbabd56a4448617f67e0b9535b9,02129,sao paulo,SP
839e0b6ecf44591f3cb20e0e4f1352d1,88c99e6b93f9e339e5d20c7bd6f34d5a,14530,miguelopolis,SP
7d5e2dffb600af537e752f0e89c59b68,d2e16e4d7a513074d2c61e112fa3579b,18279,tatui,SP
701fcbed6495802efae87463e532954e,5eec660c21f69be45d572cc1ecf29aeb,17400,garca,SP
aa3d6e1aec530b8994b66bb129ac2bf3,314d498639a7a7e9b8f135a0e9d138c0,95780,montenegro,RS
2fddb001e84993ba7e785f11415bc5cb,3a969494dcd8d32f5f04ea21c3b7e471,97105,santa maria,RS
cfd03e2bdbef45d8d27ada56c4ae0348,36f804a69fdb2b0759b7ae968c11c363,74210,goiania,GO
85c864d898f25bc2b56b33d13aeae880,14fdd103f3139376fee69c48bccd15dc,13321,salto,SP
7c29841bc24b6a0a94f8f6a9769fb54c,489ff79f7fc2564021169d12099dd000,15025,sao jose do rio preto,SP
1abaf0a998b6b5157867e2311edba42e,b7ad4199bc59eb9de334c49fc5b4ddd6,07162,guarulhos,SP
16fea2cb1931a45f2a7c8d178afb1c83,0e201fc3c7b9b02edb2d1a6e7f188912,03047,sao paulo,SP
a09467d10848ae399caa6f3fb072c6cd,25511fcf533a8ec723b46f105394da12,08280,sao paulo,SP
be5c813710ea1e34cc1fb13a9a50b49c,40932da19d41cf442221346e24db2cae,13327,salto,SP
790d601e60e27df9dcf5e5399cb821e4,adfad9eabfa696c989f65d11cb7e341e,35400,ouro preto,MG
487681f69a60358b365e3e615b072f4a,7dd4439944853519fefef3a0c7196d30,88750,braco do norte,SC
e2983b42ccebca9712d4c730925f3ff9,63ec3f70cff3b1a768c6c3e5fd445353,06361,carapicuiba,SP
d01a8f6d77e1f773bdce618e0b98db9d,2a116a40565c303c1511a8292ded87cd,26510,nilopolis,RJ
136eb50222d7c7deea2340f2a7bba0ff,21b01e4f64e8861bc48cf10a263bec7f,24350,niteroi,RJ
e243c79f3576689f3104a8a305d5111f,2a9b18ca6a5ece50564a6c3bbd4edb5f,02113,sao paulo,SP
e34d3a140f571b7c43b606afb0d5c015,16558848a53e314a1cf4dab75bc5c0e0,21863,rio de janeiro,RJ
f4b583877f26ed2e5eb4f1a1d9369695,7a24fd342a3a7e2cd960a902a81a1c57,15130,mirassol,SP
53344341e1300beda6e4cdae3b6b3496,bf8e2ac0aef7f60dd02cbfe15b447804,02405,sao paulo,SP
bf190d6af2a721491dd403d53ce2527c,40e10d002d672880f72af9715030777d,15084,sao jose do rio preto,SP
73468cbbc184a28fd1648c37bb3cff88,68e4ba2b1343d7613572ad66c0d066f0,13049,campinas,SP
8a3ff5438e69e032936ab47f419c9576,02a2144d4ae1760a74cedd6b5bfea147,09760,sao bernardo do campo,SP
65da32471b3ddf2bd35af98c8023eefa,adea59a1abb5ffb0a7ba18bbaa63277a,35680,itauna,MG
093afa5e2f16785b06a54179fdc986c2,b6e4d8aa8df3bd5ce682be0ef338e5da,71919,brasilia,DF
e05225ee3c98c05a036dc06a294f5ba6,32717c64dfb6e318d31734122488ed42,12919,braganca paulista,SP
e221c5326af90a53996f0e997deb2371,c3dd9b2dfd903d701dac867b0801250b,89500,cacador,SC
fa16d4938e075cecd40c099fa81c6003,644ab70cbd55721a2c6e7b1d9253edb6,21810,rio de janeiro,RJ
f3f93e06f8036714b1cd0fccdf2d059f,2c5b5819a1ae0b137f61daff8dfe2b69,18134,sao roque,SP
a93aa8521621d68fc2a9bef496f701bb,f0afe1fc505bdee6c81d9fb27d31d64e,72125,brasilia,DF
07dd0f56f96437f103f6718cc9e718c0,781e46c8c808ad035cda5041057c8eb0,89970,anchieta,SC
906f75ff5f7787189179654a7db420eb,53483554cde88b1803f9df736ed2252d,28750,trajano de moraes,RJ
6081c7acb40f63731b3c982857c79581,35ecdf6858edc6427223b64804cf028e,65075,sao luis,MA
5f4228ef54e408563a162a0a80e932d4,a3c7ff0f0ea89336b1c0f0587bdb3a38,12380,santa branca,SP
95489fc7d50bbf17640d3f87b6a8fabe,770f0207d9efbbc72dd657d34f7d260a,20070,rio de janeiro,RJ
c49df845f9640195cb98d104bd8e859d,966a694c2313fe31e910adc3369f9dd5,16207,birigui,SP
d604e7b903305920b8592302dc9a2fd2,d31790258fc53dda5866ca2e755b06a0,21940,rio de janeiro,RJ
b08eed69a3c73eee40d52bed298482ef,7fb04d37922776ee592acec2e22c2565,15997,matao,SP
3eb456ae69430643eb134b74ccc4f261,9065112d8c6b59afef09c2fc67c5025e,20520,rio de janeiro,RJ
1fe914be3f4027b4b54be92fdb3438f7,9f6aec2e1d2373c0533bb0302cb79c0e,21050,rio de janeiro,RJ
3d980d06fcdf515c0b84481a74973986,35fca3f6ddeef1e13faef28751981a69,47806,barreiras,BA
fc021f2dd664b49455528422c77b6aab,cbb7fc5fc1e854d9ee8f03c3eab82367,30220,belo horizonte,MG
630b8c2f4134e83812d827e8006caa85,f77be85d218371e1afd9685f7ae828b2,90030,porto alegre,RS
226a2de9b9feb22a76582963ebcf1e96,570689fc52396f51fa384496fa086618,85950,palotina,PR
7236ccefd5966e8c04b55d723fbd0ad6,49ac040b94e6fdeddec885770be15029,13088,campinas,SP
4cb9c064b0da6dad9fd6d95af264b2a4,a88ade89c5c136e6ebff42d0475dd479,32642,betim,MG
19970def56bdc13635f5591fc47a3727,2da9c684118fafce96940108437b2480,37720,botelhos,MG
eab9c552374be06ed15923016dc9e588,2ada69d1c5528233e3d9aa3f1d8da1b1,38304,ituiutaba,MG
e7bc43bd991299745f29c9f38d0eb322,c3f47f4afe87d7a1f8ce9a6c0d7b3a3a,06544,santana de parnaiba,SP
c45b721a4fe80b289c98bab24a42c7be,88be09e602c24467b578831007dfac68,24866,itaborai,RJ
485ae36cb82a351de4f4c2a099ff3606,9931e8eaf4e334645657eb529b1272a7,39623,tuparece,MG
7e393e5538c26c13c74bb6fc603a59a8,3cc92975e4a97b25ed9b2bdb3b0f8d59,13635,pirassununga,SP
22daf6df7eb403c07f9185ca3851a9b7,3bd390081db06240cf1c4197f53dbc04,16403,lins,SP
cb3d59f26edf3671cb877253c71bb330,7b19fbfa8f7391f674e02488c025a8bb,06542,santana de parnaiba,SP
1033b4922196d44bddafa67bdd942a8d,0aec6e808fdded98ceda0f825a0240da,02927,sao paulo,SP
a29627c042ea26f7340db61ff04fbfc5,747f419f11717e7a52d1175315a2365b,05873,sao paulo,SP
45ba03e2c6bbb5dc48131ba32ec3ae5e,1148e7e1daf6d2378b814e90506e9d26,23016,rio de janeiro,RJ
57a5790d63d19ab68c8eb882a24cff8e,2dc7f51f05ba1b1a92608e45e55d1fe1,04728,sao paulo,SP
05c866b580d387ccf3d664997dcb890a,b6fee1c78cf3fc61efeb49225981c593,95914,lajeado,RS
0c001e52f187db590c01e00cb5b8a1d2,ac8302986b817117d13bfec24517a5b8,68725,igarape-acu,PA
113bdfd53b6c5dbc25dd4aab954b9efe,8b160faff469868625c7c82cbd310636,06702,cotia,SP
4a4c09d4ad0ff0d20520bda4a709d1a6,c7595c2a24dc66529995c52bf2110e5c,45700,itapetinga,BA
2c0bc44acb0f7e0523edb387e6bd1fdc,5e6fa0f7430f7ff95d2ae12438ee96e6,67145,ananindeua,PA
f4876daba766288ed5f2dfa645524162,fa590facd8e7006c0226bf4913ed77c8,11010,santos,SP
69de6e98cbd456c73122e8fd3a20554d,91d5da8c24686b483a7b08bfddf5c344,60714,fortaleza,CE
496630b6740bcca28fce9ba50d8a26ef,b701bebbdf478f5500348f03aff62121,09541,sao caetano do sul,SP
3b16d7fa7eb80db40124dc1748faae1c,89b158f7d9e3f348f6abe5234c83877b,80420,curitiba,PR
ae5c099e4280d1e1623790fc42494309,e24412dbb37fcabe11101f614ceed41a,26535,nilopolis,RJ
e5d04a29bc0d884192af129acb7199ea,28676fd63ebb086ed1dfb24785877302,93700,campo bom,RS
ef75d5dbdc414838beb621629a99bad2,b1a6621008f2bb41784232794e2ef0a3,16920,castilho,SP
c5db75451fbf381870054e426b6863bd,5be8242f4f7ca2f0bd389c867a889f0f,01455,sao paulo,SP
6b77526915f264bd79262889e3799564,71d4fb352a6ff378fd8ffbb011ecb50f,36880,muriae,MG
7a3bd3b37285f0ab25983420cbd01f4e,563bf685b8426233585285851fa03881,79540,cassilandia,MS
d48e06972235c6510cc66cebc10ab77e,af4add6ae61530f1768eef38c9a52c05,13520,sao pedro,SP
87fa03356ab0502083e0359921f4b780,381dfcb40faad1f227305b69e6535d34,11025,santos,SP
15b56277e99bef5176b7074fbbb818d0,15746da7b746f5146d84fbfbfc617966,05187,sao paulo,SP
a4bb40b4e438a106bb16b7724273e120,b37b0c57ba17d7a0ee6a63c3cc171af3,12922,braganca paulista,SP
478bde4147e07d0ea250b66bcd36b200,2a342fa405796e94c20d5679d77a7771,03896,sao paulo,SP
9583b047c90d4aa1c5c68b4065ba7f4e,1d74273c053909be057f50f65b48522f,06114,osasco,SP
b5b7e770b62f0e7aa4cc2d9be9212b8d,6814507660c72078cbada9b3660683dd,13806,mogi mirim,SP
bed1104f53cd020a3a410b93952bebdc,5ebff9b8e9d53cd6d3152d32e9ea4aa6,65400,codo,MA
29273dc3d377263d39a9161d8fd64121,9fdcbc70784e835736b2fc6034707c18,09921,diadema,SP
a82511bbc306aa12dff92b60de39e448,0f113bfa5027a902d289c71a3327cf35,24210,niteroi,RJ
1e4e56c1993be4f3be455fae5eac5393,f72c62e3003b21da59e71cc5d92fa7ac,57160,marechal deodoro,AL
ac950cebc3bfe72c92a3768b6e8d3856,ef6f8fd740ae1fe88a80a321306bac50,35490,entre rios de minas,MG
0a663660b4e386d4cdc7f69376912e1e,092d9a82f879163bc21cc66a73145b96,02131,sao paulo,SP
34bbac251335dc86473eb6b1842316fc,38a7f64d0701da4469f172b7623206fb,22470,rio de janeiro,RJ
303d2eb8b98b4a19a0de6baa132923af,bc50fd53934626afd20ddcf5bcd3c684,35700,sete lagoas,MG
e7acff27456fbf335dfae22a6bceba90,b81bc44c4da3f95ddfc71773b8e922b4,22011,rio de janeiro,RJ
6ed3266befbae92b0eed83e8bde7ca27,4a06cf383c4c56edbbe4b907fb955592,04516,sao paulo,SP
37589709e8da3fb3e3835c7c7b942de7,ef068814b087cac3c1bb6cea58c98480,28625,nova friburgo,RJ
6cd217b674e22cf568f6a2cf6060fd07,f51fb63558e88eb3373773d106fa6880,02883,sao paulo,SP
7e7a6bad55dc4c19a83581008f2e9d1e,074f7184fdd96018f97df50380e41f10,33010,santa luzia,MG
3b39dd485342227fd54dc310a7af6f81,9225e300949648e8b223cf4ba9732f9b,15850,urupes,SP
702cf392aa3400680e3f5849fb65f28f,46d9d8adc47b1678d803ce740d9419e8,14405,franca,SP
c9d83efae10ff5d47b75d591e2bbbffe,b79ef39b80b9ed000478244ff8d40cef,13083,campinas,SP
d3d38825275e47847abef7e1936b3bcb,51d11e5abc725531b3a2fd56456885fa,03358,sao paulo,SP
936822bc2c34c35500bbe714445c0299,3fedde6a647a5e0894c004f7b1526369,64028,teresina,PI
5d6daccfa147ddbc4d54826f8645ca5c,aa584bf61054b3967bbc9e8c6f74159f,12515,guaratingueta,SP
9bf7217158566072ba308c3d057bbc44,27c9fbc5854ca2ab9c51abdd4b520589,07865,franco da rocha,SP
915934f0ade43f0068135a83beead0da,dd5910e043d07e3fb1ea1587a1e52bcc,04115,sao paulo,SP
455d3b0a4ba690caca990d8a6ae98f29,e696aa94a87c8e7c24562a26491c2e69,23063,rio de janeiro,RJ
25631315ece1d1541fbede2ef9b2b379,75809419f51063ccba205c281cb5330e,22080,rio de janeiro,RJ
4c05603dd6bd8a1afa59f2684620ffd4,021109bdb16fa17c2463cab87da314f3,13024,campinas,SP
fc04cbc6a598681d02b85ad190f1aec2,c6744ba61f35a5dbb0df5e378f4ea287,28540,cordeiro,RJ
d36f1dfb696d5602bc33a3562e3f2d70,e792295324dc214551396089642c31ca,41250,salvador,BA
90b8af517fbab96fb08d0115dffdc570,f900fc2f1cd425f450ed45de58815199,03433,sao paulo,SP
aab107994b53982ce98d1b528a33fbdf,743afbc068980db1534b9b1d01d80043,95032,caxias do sul,RS
a0be8bd8b97ca99891f726d57b57bfae,99829659b11fdc940b09a440412559bc,06654,itapevi,SP
b3f0f75df1c064dea7888f0afe738b4d,e287faaa248db587a1100d094d120d2a,41650,salvador,BA
1e6ee77f5b9d165c26cd56dd39a83593,449526ece6fc45753e2e2e523065e6bb,83260,matinhos,PR
6eebd7db95271b1824660c5e7ff53a5b,1912afd96bbe171633bb73727487ef85,85960,marechal candido rondon,PR
765e479faa5efcbc58b804c84c62cb71,25c88b7eff936d6a6fed64142b760035,22450,rio de janeiro,RJ
dc61daf0c8964ce718ba769ac2755caa,ac28016be4a1388484adf6576b9eb426,03240,sao paulo,SP
218bdff2df7ac32907c87cda2061e9df,804703c62c1990158913e1a51535f0e2,93800,sapiranga,RS
990029922809a9b5c5324b370973f67c,1b04e17bdad15bf2b7229a940839aad7,28110,goitacazes,RJ
b6cd6b55b4870f765704b5dd17285430,6fd93c11a00e88c0ad43712cbfaa5296,11060,santos,SP
9403d354eae44e50158601ecc4be7060,3cfbe790a05c2d302c768b447864d7a1,02266,sao paulo,SP
6a5fba7498609a7aa97bb68654096329,9fb0ba59bd3016e464017e82658423d1,18185,pilar do sul,SP
dface4a39e0988b07091bee092e06a0e,177c725937ae5f96171bb8b43f196dfa,04110,sao paulo,SP
e7214f2cd8744c2d6d53e74e226ad9de,57aee1a8b40587831ca79a06bf0df5f7,32920,sao joaquim de bicas,MG
dfd31f8e07d6a7078ae3c8119cef1c2e,60037f6454b51af266bb195271583c42,09784,sao bernardo do campo,SP
e55ddd4fde4608bc77a6494772b5bd3b,ab2ed50befdb3983c871c3aa3f542964,20511,rio de janeiro,RJ
1eb55185b50db256089627a30a7eea89,ceff2faea1e1b69116ddb0ac7c222b7e,13486,limeira,SP
141bdfe99910207edd84c00700397580,211391a801f7f19d9dcd7bbe813b2622,02410,sao paulo,SP
bf5c3a54675e9a5b3dd58af952adeaff,dcf2e93c682131bb9b8ba3472d95bed1,14021,ribeirao preto,SP
9bb70fa63970b9d88191a90481d551da,d2c6c89bd52a9b70417f90313b1ce4a3,87303,campo mourao,PR
91faeb032f47277f654a8202eaa9fed6,2106e7aa97e2b0bb0193c9f2478d85e0,09895,sao bernardo do campo,SP
9462d88d82a551270b7c345a53aac7f2,77ece4bc1200eebeef65ecb4fe0188ff,37410,tres coracoes,MG
6035d3c24dd718208f1868e2fc96b7bb,c2e958b910de8004562809e7372bd432,05158,sao paulo,SP
4098b5d8a1400003c8cccba5aa9ffdd2,d42abb03c8796ea293a48772c24843c1,14770,colina,SP
7e3721f04862909bc9e85394898019f4,09b8764214c6d69d7b1bccf9148f335a,89229,joinville,SC
63e9de259c63644730104feea23efc5a,7a6c96872e7bca769be36800f613f3b3,64630,bocaina,PI
450a869eb52446baa38f4beeecbc5843,013ef03e0f3f408dd9bf555e4edcdc0a,13092,campinas,SP
e79f01cdfb606795e097bc5cd880ab90,b01bc6013d6660f340be578a4b2343a2,18136,sao roque,SP
6561ef6306e6369b42177e51ddcc35ef,5567ff09b0607b9546948fec46fe15ad,41730,salvador,BA
e2213ef52c2e5b77e384da020482acbc,cf71400ad4dc7b8ae75143ff39dc94bc,25261,duque de caxias,RJ
cf59457e10b5553577503d3039b1ad7f,16a909e83380bb2ae4676ca69ac30886,96418,bage,RS
af36102025fd8041e660558de504dade,68140a5408cb8525a45eb47f4c2b3fdd,39960,jequitinhonha,MG
b8026bdf32e82bd41ae6f578f6aa0fb8,e7775fe4dd09fa9853f6869ea2e4a047,30431,belo horizonte,MG
954044bfd6fb537969f65fb21750ae1d,fa74ed50f1a843f0316b5c75666b076e,20271,rio de janeiro,RJ
124b29c0b577597f7379265f38d50490,85875ce411d496559611ed09ef65c177,20510,rio de janeiro,RJ
7d4bcc989710ee664b406819ce808a90,21c0739878ec2e4e65c5e466188ef607,85819,cascavel,PR
3bd34d2695b29daf46c726ca65adaa76,2902aa119b0d5e66be473e52db5d52d6,65071,sao luis,MA
4098ded78e423489732762e2b21180b7,9c6380b646680dd3aa3af3f47799048c,13220,varzea paulista,SP
67ec7f982297cfb734824a3b3a7a56c0,d107b299f4c6328dba9f999f235dde3b,22250,rio de janeiro,RJ
5c1c8769cc8b6dbcc64964d7aceaff5b,b16b36ade74a3e7101bc2de76112014e,13324,salto,SP
ad8def83f5b550a3b6e13f1ca084a6df,27259fad9054fce994a70f1d117bc402,56470,jatoba,PE
6a899e55865de6549a58d2c6845e5604,3fb97204945ca0c01bcf3eee6031c5f1,15910,monte alto,SP
c0a3ef518d3de3d78a7a80ed0861c529,c437f78e91112d9dc120311a783aff58,13481,limeira,SP
2519d1ee05255f59ce3859c02dca3d6a,703a07e11fbd3807575a6f25aac60e7e,88802,criciuma,SC
b3fb50a69d9de3ee23504d2cd66da13f,d6a930873ee3f80aa823cb1d4baca58d,86038,londrina,PR
cd25b85f3cf1debb4376bafc231f8137,bdb2114573d1e00a29b0e01a67441cb5,13860,aguai,SP
f0608cac11fcb486fda7efba9bc7c515,f8d3a383bac9056f61dbbcc0e5cc95cf,07132,guarulhos,SP
8f9415469618cb9fb859cacab18cc324,3d46f3720b481bf721544699010b97fd,05411,sao paulo,SP
34d69d0868e365b1c6e30282f13c9411,8c5edafb436e4154397ea9209bcc410a,13044,campinas,SP
c4bfb61a02fa753432f5e5cabc107e28,47f9b7a621b6a928761424c657e8c1cf,19570,regente feijo,SP
1253d291d269b1da011d7928695cc8d4,aa425754a8ac268e8b21631cfd3e06b7,65235,sao bento,MA
d027af2c30c18381b9e2519b5b95c701,05821b648f491ae7a04b5038de685585,29780,sao gabriel da palha,ES
a3986b549407adaa2cbef268e6e930ff,379e4b6c7f7a996e735ba50e7dc353c8,76820,porto velho,RO
9cc7c8d1d33ad6ae2a76f1c34ad512e5,29171d5362ed0946228c199794309e88,22775,rio de janeiro,RJ
e7e0438494f6fd05d28210e8c6bd02a6,46b6b9207955de25a4c8ed1192bae572,90018,porto alegre,RS
72db172e77409b4cc768552a16548206,5d5adbd08f3898549b7a636ba275e717,59614,mossoro,RN
d4eb9395c8c0431ee92fce09860c5a06,af861d436cfc08b2c2ddefd0ba074622,12952,atibaia,SP
3c6ea1acabe8c875fd3484d5e34d10e4,8db23ea8429b2011a538fcbeca947904,02479,sao paulo,SP
d67b2efa31becbe2013bb1991eaf65cf,5b61931b2b19276cef3e503bc3a571c5,52020,recife,PE
c5452f24faa0b6d0febc5ec4ea9e3b13,55c30000d759e95fa8d94da28ecd3288,74215,goiania,GO
346f3247d517fffb206310b3e8ed6f81,6084496782926c56bf04c556331bf884,65530,urbano santos,MA
fb545b1c12acfe1a72c0e57c087f9029,bfd7552391183f548f9956f2069d64cc,01412,sao paulo,SP
ae8ed9c83d32613ae9f7e6c72443cdbb,0f04a72a4b5d5889a83916f2342c9123,09415,ribeirao pires,SP
bb8efe79c2c42a2d9ab089ca35832fb3,2081d3d9578b6f0735f7f71ece11de6d,78120,varzea grande,MT
d34e0dba89b89a8aa2e00cb8b289f565,7630fbd37e0acf91129ec3f07deb81ea,95705,bento goncalves,RS
4fb7af6814466893de614d219265d0af,aad51e35dddb1b364bf32a918ac53b34,71901,brasilia,DF
b81c7ffaa716801ef032807a715af762,10867a902e32dd54061b2cda9c55b0b6,37410,tres coracoes,MG
da8dfb2660ba315e2a99e6e3aa2f5c10,6b0ad7afbc264e61bc52dd2b345f8cd7,31680,belo horizonte,MG
9e16e5717003b3e55ba4b40c22e8834e,3f0348a29d7fa6f4ab557653f87473a6,29725,marilandia,ES
fa336269827b24251d7e6c26e09ee32d,ee71e4121bf54e90fcd39aa794d13538,30666,belo horizonte,MG
2de74bda6ff6a15ce1401e92b6948ea3,2dfc1dc2371019435ae8a8f78ca4219d,59151,parnamirim,RN
2b01d668726fb0b751c55918c0437b7b,b2c72d1e9f6430603b8337d8f1394a99,11533,cubatao,SP
19cb592037881e4aa0efebc16087ab69,442ec7926cde07b2c855a5e100e345c5,04651,sao paulo,SP
5c1af1c75e78df3b1c454c13efbb1f4e,713eb762e91e7dc8c9b4f98e4b52a0ae,31615,belo horizonte,MG
ac56ffb080fb67333f922591764855c5,3a65bbea5554e3fc6f568a2526d2bfac,03088,sao paulo,SP
56efca4fe3df70756383cee8ed1eb77f,6d61f106540c6246b7dcc8d74301442f,59625,mossoro,RN
44dbbaf8b67c55bf72d394075577e557,07ab2190902a80d0bf0bbb898eac76ca,85806,cascavel,PR
a25fb003bca8f89f1f293dff6a4bb460,174d65e2296f8832d5b4b9f12dbd078e,08230,sao paulo,SP
0dc409c0b2ee6af05d8caf7a5676a672,20fa186ec94238951063b182b6cebe92,76889,cacaulandia,RO
886518f246372db5ea23a9b6b8852d8c,f4c44738abaf6e6f6c259acb440b861e,85884,medianeira,PR
5fbf764940fb75727525f6af71eef49d,6e3fb31caa2b7dc1177aea46a7483f9b,01508,sao paulo,SP
a4856ab766d5bbc379fd5c770def82e5,53b6b5d65fbd2f3375bd4ae0b72f4023,24230,niteroi,RJ
27cda559c51079a52420a3366d38517e,0b516f76aa9396c53be2527ceb5479aa,18115,votorantim,SP
8324febfdc14e00556da88cb6d151901,139093b1c6e7e3108ac0469ce43bfb99,24240,niteroi,RJ
7a2e2c861b10856781dc1a45327e6189,6f669b70cf8f200feb01c8c759fdb2f1,20950,rio de janeiro,RJ
7ab6bf8e79e131fb7052921a49aabb2c,1640860d11922b30e57f8f8a38820c86,32241,contagem,MG
1c37132d043014c19670796be17b81cc,920ad49c4269296bc149e5baaccdea37,40150,salvador,BA
3b75ee56fb7838262adbb238abcb829a,e063ef265d53421046ccf982e627d690,13150,cosmopolis,SP
915411390c6b557e49b9cf369572d189,56866c2bd443a3330747d4efa3541c6b,92020,canoas,RS
9ce368c03fe60e88669c7ad2788c623b,09bf37b4ae44dab23f91908140db0d55,45570,ipiau,BA
bcf130ec4f60035b99625fd5c5fc88ed,eebbe9b9abd6cdfe83e65a48adb338a4,11380,sao vicente,SP
af80fb37305133fe068ba9c0eecc7955,bfca360f42d8ab1665ed2af91ac99185,60440,fortaleza,CE
204bbfa4c9b59b50791939141259e2ed,05fef3a82802270f3bfb10eaa50b29c1,30535,belo horizonte,MG
00993c1bdbff4f24ca6b8124b4cf5a1f,10d5890ed5e7ec78a7db23b5ac579b17,93025,sao leopoldo,RS
bee393f2250bb90bd7431d95b7172566,727d4e7674081d534e8d6b4630510e75,09852,sao bernardo do campo,SP
47acf38bb484855c8e70a956e4807145,6b0dd175b453231b94a184a1b97faa43,04675,sao paulo,SP
6ec543ce9dcec8d8c8ccef9b30e3f5e0,67560a78f5e66ffa4fc5f6a7a59b3b28,02975,sao paulo,SP
bde4e157ee06c28735a5ed052ba76769,d5e80e1357cd0c9d5aad86fc0a260dff,38183,araxa,MG
547b138492fe9767762865f216a83e5e,84b466308dc3c57f4b1099c8ea8c671b,02308,sao paulo,SP
110da78c3da35776c00e4ddee0646997,e404115ff39e5242084948aa3e824953,07032,guarulhos,SP
3312b16ef68684caca2d3b248358e2ec,991c0175c1b3dc255f91e7dac1f5fdf3,26021,nova iguacu,RJ
a9929fa5f092ace247a1ea0a3469bbee,4654e5ef29b043f05bbd28af25225a50,41680,salvador,BA
46d8521966b3f64cce626dfc6b655d1a,969cdc8af5b07074766e79c1e6d76c24,03460,sao paulo,SP
bc411cc8e20ef5a0874525646fda2a8c,b5f029222bbc62ba62a6bc324be6a721,44076,feira de santana,BA
27e0e2e588a88587fb90be5470fb57b2,9dd352b7f3fe1da7a0fe9011fec2efcb,03544,sao paulo,SP
a42447b983a2d2bcb002ec960a183f75,0083e758383b3deb6c6dac1b0b431ac0,11702,praia grande,SP
bc6123686b421b9084028c34499824c4,52bbe472f9c44fac7a108b9b3d70faf4,01155,sao paulo,SP
ffca23943c4b620ea24812018373fa3f,e2421eb09087faf4f51661d176aee08d,45810,porto seguro,BA
bb194a93468bc295f8e1ff7186a131f4,036758198b848af7b0e0211d9323a081,30170,belo horizonte,MG
67fcfd9052233afa10b632e4683f6f2f,67afc527d425b15d2430bc63ae211f1e,96075,pelotas,RS
037bf020eead8d38386571748d79f2ed,67d5cb083d5fdbb9d50c7f7e1849c8d7,07142,guarulhos,SP
751cc1b8ca15a4ecc70e07234b48019e,71bd6ff3f70090f785e26643f22c6484,44700,jacobina,BA
29880b59222c463f415962d277f449df,4559f926bbedad3e79b1bce8ace698c7,13152,cosmopolis,SP
fe897037e8018ae4e35bee4ea067420a,ff2aeaf91fcca5d94c48812a08969300,42809,camacari,BA
2ecf3562920bdc387dd9a7dd40177a89,66eb48e451e352ee014e1eff12c9c983,02113,sao paulo,SP
12d14cfe9f206dc5718f17fdd1c32b6c,c97d078e5699a4c2dfacfbb2675ec924,06160,osasco,SP
042d3b446910e8338a3a8bad1dafe7e7,d0e4d11c07a9872b5c41cd8fc63837ba,09190,santo andre,SP
1621186550be18f3174537f01be9a088,a466890f787547d0e08eb3139c31ecb2,30170,belo horizonte,MG
7f2715e475d14727955a85e96a62fdb8,3c183c9a923df352fc37986b4c6e1792,96590,santana da boa vista,RS
34711868e1dd19543a7394d23b5313c3,536a339a5ffdbf5f3cd369e2a0abeeaf,04851,sao paulo,SP
47f6898621126fa91eda967684efadbb,9982778ea04c8e76b329575deb442364,87045,maringa,PR
fe1cc174642276d82248a481bc4c083a,c17db1418a98b4a6d1dcad61cc579c70,79460,corguinho,MS
a60acdac62e9cf7ec389b37d8d81e948,590dc46bd2a7fa518c873ca46af3ba72,80620,curitiba,PR
b8b10ecc0664c406ae20e83dcceb0d80,7728b30e6e69efce169e6ab19f341c66,08275,sao paulo,SP
09742ba5cbfca33a3b9b61099ea648cd,cebe9c005461df797cd6341e470370d7,13503,rio claro,SP
05401fad06eec92dc8a514d6f277d68b,c5fb060a495b07e4d51c3aaf5cb8e32a,09635,sao bernardo do campo,SP
24cb3cfbb2834d6ec16baeef3933d55b,e0a32719d497e50ca4d214adb2940134,96180,camaqua,RS
b777e264df0b508f453971fb87c2a0b7,3fdd5f758dedbccffc537354946aa3b6,35900,itabira,MG
fd9cfa9c0b1759c22b2eda5797a857d5,de7c9467555541e01344e5028edd924d,20260,rio de janeiro,RJ
cd0fd4a64915d508f069b0b5d612ac5d,f560ca3ef0df021521ff6fb537483b2f,04781,sao paulo,SP
9befa54088a64c56bcba0c4328fdcd1d,e017db36909fc33b589b0570c068a574,17505,marilia,SP
d63e92aea6fb367972e3cc4f232a1976,fca073b957482b8bb92de22e5e9c80d6,80020,curitiba,PR
f1f47119f889031980d7fad6a0b0c62f,e9fcfa1ff75dd047ce6a054c2fa22caa,01252,sao paulo,SP
5c52e49d63df1645b3e2340ea8c29a9a,fa8e440a537cc22d1138a0f10abea51a,36050,juiz de fora,MG
6cb82041991c34e22c481ba240faeffc,bc56b256243f67b07c7d5a62faf968d9,22753,rio de janeiro,RJ
b881f59b31df61f2728d3d9b42e93edc,46fe28a37808da7649e403dc4d896d59,27197,pinheiral,RJ
e3cc4bf7e43cc5afc7bfc9693dcd5938,3511aa3ff5fb9645041bf1875415142d,03523,sao paulo,SP
b69f6635e14cc5819197458ea479017d,f8b71035443a05f1089f98519e97b63e,20551,rio de janeiro,RJ
d00f51a52d942dd722d22577d4f8c4cd,fe7244ad27823759af5f43efd9389e2a,11065,santos,SP
175cd17c9e0cedbb8234469ec003c4a6,eb60d4194a1aa2e2d0c821dcc4152c9a,73813,formosa,GO
20aac2061bcd04913c310d5488bebde0,1bf18b74c353a0dff095639c413b6cad,86807,apucarana,PR
cc0375db490f28340c99213435819839,da4cc4e2ac4d719b70b3d98f1733dcce,66080,belem,PA
48e5d2b2d852ddbca633fe87804939cb,c29fa3544a4e3c96964055e4c1a45138,91570,porto alegre,RS
1d30580f1dabbd156f95dd1948a76d53,a112f7591e1fede1435eed37d2a3d64b,55612,vitoria de santo antao,PE
acda4e3bd86587774d6a17b8e8d7e47b,41fb4efcf6fc7f18a4c273be7d1b5d07,02738,sao paulo,SP
b685d8c2aff49286039c7893080fba73,19fb9d4c1e61c26e2a0b8d80e97b057e,15718,pontalinda,SP
b9571bbf4f62e879a3c8dd9ecad479c9,58c0878be3d8bb2330dcf9ab5fb127c8,04795,sao paulo,SP
5f160ef1c18da3546c4b6454f2162972,2fda6cd05ae3dd14c28559a400ef23c7,02925,sao paulo,SP
e969dc5c6a9219727d0b39cd6757e936,6c57e6bd11b8e9d85e77b3e14fb42e6f,28140,santo amaro de campos,RJ
1c244737574dde88c13a85c04017d496,ba79bce42be26d72333c2ef923cfe692,02739,sao paulo,SP
b352f72c8e71e842b889321dea8de206,048059617701c132b5aa971d2330c2d0,73010,brasilia,DF
e8ceabf82cbedd882e3e5d43d9d449f7,4b27ed5216cc91caca981846106ecd6c,26255,nova iguacu,RJ
593284b430f85ce2c670f5aa67bd5464,63dbb420b4992e83eb007ec26452d58d,36240,santos dumont,MG
9318f7b29e978d7964af2bea8aecf18b,0f687670823f779b76513fc03d33aab2,09195,santo andre,SP
2219a3cc521a24bad7f19a67dc498e5d,7f400c7204b3881600bf1ae221e1e878,36048,juiz de fora,MG
0949b5cf9adad08c1421aa3f1778e4a3,ab2731479851fc8019caa384772a2a0b,13563,sao carlos,SP
d3a853408a30f995900bcd86f3b13923,ed200e7b5f234f298db0b45bfc977b32,06826,embu das artes,SP
a599bcb4e597bbc3a7b1a1f6e39988ee,4ff376209add6152358ad7ae10a6f6c1,02169,sao paulo,SP
bc66139be29685b36977c7bad96d1286,45a39af68d608e0f7aecc7492e7dad08,85906,toledo,PR
aa87229699521e365116cfc6061b315d,dff3b582aca1f1f169f58f0952c0c1ad,28930,arraial do cabo,RJ
94f0aeb55a332b7a3480aae50c02c975,89d98f92428e1ab7fe3e3244efe4b2d5,89340,itaiopolis,SC
5fabfab95333c3c3641f4cd20f86a56e,07e49dd22f4f6af000d9a912d0e822c3,84570,mallet,PR
9ced49d0bd7708f54703e002aeb7a77b,52e9d962b5cd7e8dee12b5086a6f2f1f,36325,tiradentes,MG
ad032df5c40dc476b2ae928738dfc7bf,f93b887b573ddbeebd93ca44eaaee548,89804,chapeco,SC
2deb180df56cd700c4c92628718d3d8a,cf4e26095eea9699bdad6b03aba5d64a,65064,sao luis,MA
d3f73e9f703dd22bee2dd83ed43c60b9,1a5dddc88f6096f9e310ddf216235152,01529,sao paulo,SP
cd61ea4c014ba01e198cbb7863b8e212,3a2521ce6d2dddd8318742808daf2a51,05204,sao paulo,SP
b960facb09e55b91fd14efb587eb5bb3,4a5d1c7991061fc4025e6444e0676265,01229,sao paulo,SP
8713663b0e741841fa3110a6eea7335b,a64c408286a26048709e2fee35e9b2b6,88115,sao jose,SC
df6e8e7769e4a072c31ca99bf69fab12,270b3b73305179f848bbc74e576f2808,19801,assis,SP
0f655d5748dc588ce7b67646cd32fc34,6f35305ebba8d59fc219c14cee6e3027,89225,joinville,SC
808cfcd5c83849bfb0c7bf25edd97b2b,646c703dd1be852b9cee57b21b4a5a6c,39404,montes claros,MG
33492e6f3dcc16afb6a9fb8f8cd62910,b4820d896dc6a538f0158e4a9ff373e7,88220,itapema,SC
68fa28baf59e30e1b833f9a21c35ba14,eab1b2c0dedd19664d1f3dceb49b83cc,70878,brasilia,DF
21e1730d52b736bd20ae6c338e2d52b1,9c6d91038516f711fbe3e9ce6aa1e0e8,88111,sao jose,SC
dbef5eb24f60585a8d9b2b118aee84de,2e05bd7cf7e366dd0eda03790fcf221b,03226,sao paulo,SP
8f4f79e8101ae921457541beba9611bf,f7423590e53e055c672fb165a6a5c2de,21040,rio de janeiro,RJ
aa4d5e529106b2c55313938226cd3f4e,cef1a838ec897cd07daa95fa296e65e6,17880,irapuru,SP
87b562396562e68f82047746fe64b167,48150eaf37eff0132bbc9163274820e7,29820,agua doce do norte,ES
5726257f03bff97716fe9f0da0cba41c,c63b4033b04cb70b044383046f268014,12214,sao jose dos campos,SP
1860483913e0190e2f0de57014df6a12,c61e1bdb620c3508bdb6a7b18f5da616,84020,ponta grossa,PR
48c6a2ca13657875d84b5c3b2271fdba,a0d58c3abf0bc947e39f72976db72428,99700,erechim,RS
f784cd575bace953e1672518616df436,90df3fb25b60362363ce4990c388f579,78850,primavera do leste,MT
3ebd35ebde56dc990f6069767e98c9b5,dd3dbd954a92cde43aa989722745a4f8,28613,nova friburgo,RJ
b6889f1f383ff9a9149084f1010a23ec,893fb50b22dec93d66929eaf81aebb93,68507,maraba,PA
669fa2dbff38c196161e330c91842143,20225309debb0a9e1031b180d6133758,86020,londrina,PR
c3d50bc4ad064591467c0b454d018a14,a68173346451e2a238f65dbb1d912c79,13275,valinhos,SP
ad81cc2a6e48530ced9ec9411f109ba1,67f73ad5518eb4141ed051adc7a49551,09380,maua,SP
fcb575e0338a61a52183a700115f416d,daf9309936d164431df2c80398afac7f,13207,jundiai,SP
eff4884acadadcbad03182751f8aeaa5,ec4cfcaca3f0e18ec622318b39263844,07082,guarulhos,SP
a885447168d5878bb08f442a38284741,ff2ac5ec37484dd6da5b68adbf162bc5,22780,rio de janeiro,RJ
5bf28a338133045e3bef23bde5a55b4c,79508a74919b6f31fedae6afd1323c6f,71699,brasilia,DF
9ac1fd75f48d0f50af8400cd461495cb,6e766da2653f726764bc9879a3512931,09350,maua,SP
7d46ad28611679afbffbce56cfd2457b,b3eada830eb86f5a77d55718162cd13c,05002,sao paulo,SP
8e49f5f31f9feb36a1a6c2aa70af719d,01ce78f7a46aaaf7a9d1d2b86224ae38,17051,bauru,SP
bca0486d0965ba585f95eca2ef0080b1,47e17f970a4f89fe48ae88486ba75696,14015,ribeirao preto,SP
f1d2dccf40e047efb9b678cde4a123cc,f714fd5260fc9d9f1b9628afe96e488a,93336,novo hamburgo,RS
890b202d81e69fff91d33beba38bec9d,fee8ac95346307f8076c4c7b26de5404,78750,rondonopolis,MT
cc4e2f483459498c9ce82a70ff415752,d3391cadc57741a0defe8a569e476813,27930,macae,RJ
9facbfd2dd51a45404d58154b12ed2dd,be1401bbfd64455c798bb4683e915c61,22050,rio de janeiro,RJ
a1f63365b87dc9cebf0baa24bc8c6b7e,03c60bf27e8bb42bf015e8fd99b832cc,15811,catanduva,SP
595a27292ecd8550ade73b5a81236879,cb047863e4daa09d7dc29e8f99effaa7,29901,linhares,ES
0a71f8c6192e87a6cd6615bb9313d888,9ea77a6b6d8ee33337f12baa8ad25a27,06826,embu das artes,SP
27283ca25c73e34079ac7f01091d5a43,5109d909e508ec0e7dc0c3a148397ff3,35476,piedade dos gerais,MG
dc573d2a61a467e5e2826c1729691859,f81c042ed0162a51b90372c233b4fbad,25240,duque de caxias,RJ
f4643666652177473bbdc283850ea710,3f696cdb9e9dd19b1b1855a21c6974f1,40254,salvador,BA
9ff742af578d72bce31bf2975d05ee87,13236d13c83b9889af2c7e8b4898ab6d,02234,sao paulo,SP
32e2e6ab09e778d99bf2e0ecd4898718,635d9ac1680f03288e72ada3a1035803,16700,guararapes,SP
458ae436ee64dcf226e07e3e80d0ea15,12328d63390726821fdcd8e8b77f10b5,47690,coribe,BA
8a7610d26708795a04d4322e018f7f06,535f2fdfff2af875ed0f4192e303ca76,11704,praia grande,SP
059571e02973e94b854b30987635dcb1,d5e4bc3ab51abd788eaf77fce19a12d3,14403,franca,SP
6346f4f79b657f6256dcdf1e63a46992,f38b63854efc52fa742823a70b6bb616,24722,sao goncalo,RJ
abd0bfdbe2c7a12636b1c25a87cf38c9,ec4adb0efc1557b0261e383a576bff21,01224,sao paulo,SP
b705b7bcb8909a7b65dd36a6c2653715,6d633223ab8f4c2153dd08b44d6f7be1,29800,barra de sao francisco,ES
e4d417e5628f278edd59031ac99c168a,ec7d40c66edb9281d1d9d58d6a974fac,77825,araguaina,TO
d7165639dc4a682258711343560a17d3,eac51d2355307babc49fe52bc8b7d336,35700,sete lagoas,MG
6458e6b2bd04e77c2beab6b813baacec,868c08490fae8d01bd8a569f0e15d02c,06864,itapecerica da serra,SP
c19159b713b6d5384d233f5805a68b3b,139bd303d86bd895ec622e5cfa6b80f5,12226,sao jose dos campos,SP
2e8a717f1328396791b375f2d401def0,4d5e71a85161c235a376406c237f96aa,60410,fortaleza,CE
725de95aaf5722261b06d055a7b706e7,1df5e7f72744fe5915c190c93d92cb92,89460,canoinhas,SC
2abb163a3747d41bdb536e460f40deb4,c95700aca24efac8baa41689f42adcb9,19013,presidente prudente,SP
66d451e8b96fc3b1c1c6aba4e5cdf6e7,808d9dcd8a4a433f61e54ac54d8e275d,41640,salvador,BA
35eb8474043d903a123d6d6965c530a4,a689fe2b66cd8b68f8eb95a9c0e44cb9,11630,ilhabela,SP
5c92329a45f0d22c263d98a8ce845cd8,a05cfcebcf75e206a15b3e63f7b08ab8,31530,belo horizonte,MG
e84e0676514d73a73b62bc41750d40a1,349c5a7114e1352032784bfd3e5ebb4b,39400,montes claros,MG
9e39eb9bd22c75888a0672ec4b62d56b,50483c532df79997b443411754a4531a,88600,sao joaquim,SC
a9d615d6c2f115660b61898530fe393e,1bdd27e01451d50d9d804040fe941000,29194,aracruz,ES
52e670c39509247226b101a2cbbad245,ef3925178975e16f70808ac3b5cf62c6,17210,jau,SP
1d7a1983f569867020061b280db0234e,1b3010b2f0f02c822765531edaad49be,06725,cotia,SP
39438ed667ddf6622e024e390bd85c73,c358467e02e84ecb3b27f4f1e730792a,22775,rio de janeiro,RJ
62273eb405fff4f8f8937c9a0cc4d5af,fd6114e7642803497bc0c827fe847f64,30130,belo horizonte,MG
e11c517db05b111d2682bcb3ab61e327,4f36b8f2e592e796ecf4c62f299b7a66,68633,dom eliseu,PA
8c6d3fcd7164c66c11e742d3799118bf,18732136dfb87593d4915dd33b402350,88050,florianopolis,SC
f38dab26883c4fe20a3e9b92e07692c8,4fda11b271e3bf58d66d34729397114a,32600,betim,MG
6b635dc10f8b7e1032cc13ff619f52c9,76b656dd5912b7792c709003c19c6d32,85935,assis chateaubriand,PR
e4447a5ba83bd803a92ff42706b70816,e6fd45b1eab3940e2bfc5ed749f653fa,06768,taboao da serra,SP
43b2288200b50dd759ccc3e4c3b24d2c,bc8d400be39b139e071b416e548ab75a,35534,carmopolis de minas,MG
16ea3b34aa8c716158f26e5a07536ecc,d3d5357d956674303e2ab88b888285fe,23826,itaguai,RJ
b846152f6ca2bc8c18c46c3247c33426,1650819cd492bbf4b9d189c7d4126475,59080,natal,RN
14ed9dcdbbcf33c3e561dfdd374373d8,88613309c9c1df2902d6778360d5f1d9,05271,sao paulo,SP
1f822c22c8cf0ad7766811f866810e46,b40f6064ebe740442578721fd3f0e91d,91240,porto alegre,RS
19e9dac43eee8df98092482fdce676da,2fbe21ee78c83f908ed47ba9f4a74121,13203,jundiai,SP
2f52bb4abd2c5558c7f7ce94dd9ae787,803f32a3dc54fccf006d57d5f2df9b2b,65055,sao luis,MA
5941cab9faecc602df8b6e69150b9d65,1a84bb2f089e3c719176f7cb5648276c,49490,poco verde,SE
4df9c5a352d450a4788786688945e0a1,7477d99318e991ae0d54b57c95d0a4a6,38415,uberlandia,MG
853c0f7e3deec49d37c0b37c50382f52,44cccc8b1042e54f3df2db29e3db2b69,01257,sao paulo,SP
68d7fce44a1b7df663bc8086b9aa5d22,67747e4941cdc8a082fd061b45e20155,03475,sao paulo,SP
48a01175afae9a275b3b57ccd21da366,08de67bdeb6f90e74f025279510dbca2,08557,poa,SP
9d1125c3aea5c247d9fe6bb35176bdd2,56060d8ee85fd0c751e6a8119d8f9281,05640,sao paulo,SP
51d502a84c571171762fbda013cb4e09,49db5ff32556ff3ac0123ba825bdff2f,01501,sao paulo,SP
f82b51953c5ce4b803faaf7e95e1c858,c37449d8b51eefa148cd87b2c605a1c1,13495,iracemapolis,SP
dd2f0d64271438f6ad3a75d2a930a4b5,4a57b2a3676de278e26a50b7e60214e6,37200,lavras,MG
a9c38ba869a0a0db70cde7e473a848bf,e82abf2ce2e1afa26bf47670df5a04b5,33860,ribeirao das neves,MG
87fcd3ae8cefbde105ade8be91dbbe7b,d8bb2d0ace3d0bdf4f2c7a95a9900360,18046,sorocaba,SP
16894e9f92caa5eb04cb7a6caa17f076,4baedb8d844cdc5d6a5a6f6e5a080863,59073,natal,RN
819dfc3d34559a6b343fccb30b39a3f9,ea2da7e0fb364b67989d4b8b214821dc,59290,sao goncalo do amarante,RN
36be0c3653ce387a9c5918cfdae9b053,c20faf88190ac7185d11a3f454df0b62,12602,lorena,SP
5bfd5c9b641d1cc6da293adb821253ce,15054d5f81a772f6deb7985eb77a9c69,08452,sao paulo,SP
53379b14e4048e025dc5a2185f461bb7,50bcf3c27a375da1f5d33ab1798b38a4,12943,atibaia,SP
e7ac1a214498dd63097ab1c73d67c5d3,245c40546225efda96a156347eefa306,14900,itapolis,SP
6a0635195b073ff200c9900416b8a99f,82de40d7ff298bff076ccef5f1787c9c,40445,salvador,BA
2b46d9e92a141eb116ecbf2c1e6565ab,668c808552aed82dfcc65bb7da7a89df,26080,nova iguacu,RJ
36e2bc988f301eee478f9542c39635c2,8ddb2d8f41573ce2a9b798ab60117125,71908,brasilia,DF
83fc79bfef5a8fb84c5d77f3748e0064,eede3c924dcfa1c4340e70b50010be26,22795,rio de janeiro,RJ
b987d527657e243b4f3e40ee0c54f601,b3792b4ada73207434d84fc6262ef5a3,88034,florianopolis,SC
763f69d62147292383080e70b397c3f0,62625d7a044658340f83435adadd1aeb,88301,itajai,SC
06a41c2a3c926fc7b680fbf3d3589a4d,6135399208e7e5a026e90342fec66d47,15990,matao,SP
06d529bccb0825265d8b5b73c66e53d8,8f2afd41c8f5e3862f4882dbc9f624b3,55644,gravata,PE
26c6e0c2d9f2ea36acb63a8af98f7a9a,02f3cc68f02f665daf830cbde5fbe0f8,82510,curitiba,PR
6cd14b229f3969efc4e799d5a58af63c,74d3316a8a3535f05feed75b4df15e7a,21670,rio de janeiro,RJ
4cd1aba36c0408f9dd728acb8e7704ef,eb7895c1577088d6a0b86186fae2f679,41233,salvador,BA
1a6619159ba150721453e7a7650ae0ab,e7928873aa29a8b16ac777ce228c92cb,32673,betim,MG
4cd9e0172b581ae5abbe2812df386e57,54c03135433a848d14764833c7693c4f,04126,sao paulo,SP
8598a616116d5118a03195bc239aa7c2,51a7bd3fa19e457748e22d7a3807ea70,12220,sao jose dos campos,SP
70f6d4250ddb2f73a361c100195addfc,6268d0ef45b7e7e7481dab5a7a0cc0b6,27998,carapebus,RJ
b4a2eabc4ac6b82d0f3aa2961fc9220b,8639374fa74fade3b0f3f5381297b88d,01534,sao paulo,SP
21307401801cf2242315563c89d8b9fb,bfe8411cb6fed718c3879fac9847f23f,03375,sao paulo,SP
55ff194b4d155d1922986019aedb8933,24131c6b3a459f16b8c293562e54b4da,12010,taubate,SP
f80a53e3f59ba7c4aa9675cbb7ffb67d,95a8cc62e51000cc4e68b13edf8bc392,97010,santa maria,RS
db14d5544e26caec33796e6d85486585,e26281cbbbba524e191f8fdb2e17d467,88113,sao jose,SC
a9d2550cb10dd002881bd53c1e65b8e6,ac0a213aef20d66edc12ccfba262c163,16402,lins,SP
440d57c9bd11aff852a2587df6059026,fcb4427466abb290f1960f9309abf0b9,88371,navegantes,SC
c6a3e1a0af3891b7f81c78d1ccb16f5b,44a22a3351d7f1bb3d337d1be11b41fb,18072,sorocaba,SP
da1c518df645c2ac617582c9c5c36faa,92716d9d4f69100cb0079185cb974c4e,90670,porto alegre,RS
1789a9c308d16b63a0d1a496756a6942,4d9a9b75dbd405c526d23aec7920d9b7,04564,sao paulo,SP
f97aa3d662919e6238fb759c9e657bca,eb62341c2e0d1a6159704f1137e235fe,12951,atibaia,SP
069c942e82eba9152f2797da49e1e764,3991c41c2de37fb418cbfd8938aead3d,27940,macae,RJ
60ba4ae55efbc6dc0e428fc0f1fe0acb,5f187d7a9ce17aff3891b14692db3911,11451,guaruja,SP
76a2132d4e4cb3d86f5a4d37f93cad3c,612dc2246f3f59e4908bcf6b80825c9a,38703,patos de minas,MG
7e2fc634b12c4c3779cdcbe1e8c9bbc4,8194a6cea93c5c653e7956f0b962b5f7,04144,sao paulo,SP
96d5f5f1a7eb5de66d26556c745015c9,b53e7da5b9aea53134b77d38460c069f,21061,rio de janeiro,RJ
31fbacf0ea2089c524643a24907ff72f,bc1b8aa17fbc6b2ebd22711951614b02,09420,ribeirao pires,SP
fd7f607e063c6ff3a6f6403b35d821c3,cab44ea1de857698ea3e9b97b3ffff01,83409,colombo,PR
477d0086341df0308127cef59628e7be,19fe66d478bfedfdcc743014d562b777,12820,areias,SP
93a9213a3f26b087500abb8186f71703,0278b3b0c4368280c3a17faa0be4311f,94852,alvorada,RS
65d964c098f8db89e1a8a07af1e96d21,3080d6a96ac54f2b88adcfaa49de7ff9,12721,cruzeiro,SP
a0004afe35efb0e69a20cbe006d17e05,a9ce3a5679fd3d4bee30e1a90d4e81ff,05073,sao paulo,SP
af9e6b10595811f8cfa732c179697ac4,b51a80d6d26f9746763c4e3146b81156,09715,sao bernardo do campo,SP
70853b66bdc999fa3b86d867d34ab156,4e14d40f37f04e342f949ecd444a10b8,35162,ipatinga,MG
1a56ca3ed189c5846bffb53057e0e0ca,9ddf65133a565679e0cc421ea83c4463,14055,ribeirao preto,SP
28e063338299369124b14759ef655663,268f67dec46731d0b3aec4305742423d,14700,bebedouro,SP
4fe1f12184b1d22b91608c08757d5f2e,663b40289adae2333137d8db825cf81f,22270,rio de janeiro,RJ
b04895eee6cdbd56c1d80d896adcd6bd,ae11ab40faeb1f8b85f6308e052bd710,96820,santa cruz do sul,RS
76cbb2f50d9907cf49c5fd75d7ab80a6,518e573d63cb0cfe30f910c25b28305f,35300,caratinga,MG
f705ad1fed8572316d5202c1affab472,632eaa37d51488de6b6fa518e7da9a35,07600,mairipora,SP
fcf43464dc356f38b043ad3bce8b48d5,452d17fa01efca52d53c2b88c6cfc041,09572,sao caetano do sul,SP
2fcfc9d4b333b0b81e5d3ce23d6d0ba6,ed84bb23be6213ff342be84da0126c62,98015,cruz alta,RS
23bfd4316e261786deed5a08231c75bc,1df0a296f852bdf1a17b085730f4b894,11431,guaruja,SP
26fc7e710ec9bba533f8967e60f2cc5d,45ca4053806ecd0f595c633184e0ff61,18017,sorocaba,SP
129890a15e5868e3c3a8cf15f5483a31,ad3f5857368b154b772878ef1877750e,37553,pouso alegre,MG
c057b961b955945b62926b5feefaf070,616ec2f13ea3c1ec4582808ab05f3251,37200,lavras,MG
36d38da46c36b3d6e53020634e2be979,abacce626346090b3362b2eff5f5fb8e,06362,carapicuiba,SP
28c8cd18a3ff842d291c265fd0972698,177014bc78f1488de6c8f665bc9499af,14025,ribeirao preto,SP
bc4e77d40d57aaca04d0c5a52d452ccd,a8b827ac68c632280e86ecfa633b7d8b,13225,varzea paulista,SP
a4cc4219f6af8bca6fa018f03aa054ac,364cd8a1b36e7aeadf24976a3e7a0702,30380,belo horizonte,MG
259be3b485b1e4c6f3e732d88d673e68,07945f8606e69cb0e43700b586524050,37048,varginha,MG
211a3a4b495becf111d81e66d9b955c6,ce038c489c41cd9d02aeef93f332f5ba,90020,porto alegre,RS
bb3971094d7eb77b5347edf241a9f60e,992dd82b09483da3ce7927c061fd1880,69030,manaus,AM
d1ce617712697f57e7b0d079759b9bd9,5d0561d60c773391e12ebedb4a56d928,88113,sao jose,SC
41d6eef6ce1a80013f40a19d3500269e,dcd6f045ec41863f1c4f923985bc4b30,38405,uberlandia,MG
04e60b8790c932207bff0db5c8887a31,8bec7decba970b822248039d05af887c,35146,sao joao do oriente,MG
2c197ea326b24a3dd7ae5cd7febd4599,c5417fa0f964240f27e678c045040749,36190,merces,MG
dc1f5b609da6830acd08903116bc3f1a,64db2e8f89e557920f7e33e8d5ab6be8,11520,cubatao,SP
df6d93efba53a613bf2365f7945febb0,9484cca8fd716e613bc1a0bb17ed0172,69800,humaita,AM
5406b9e94d0682bfd3c683d5c54147b6,19be5923f7d998e76b9f3b1eb87c32af,88763,santa rosa de lima,SC
2211b52267470b72aa8016238fe16972,71f5d6c0cf885d0b2b52836a4c469bc3,09721,sao bernardo do campo,SP
88918d2067e3641cb1512fc6167e5d8e,dd91ca21f65ef2bdc41528faff426781,93950,dois irmaos,RS
212eabb96351d2749fac79129e8de92d,26d2deab12236d9b5683602c5cd9348f,01420,sao paulo,SP
a566585a6ead4fb92057528b37750c94,f003991c5bb1051040f5a190e8381015,15910,monte alto,SP
de8d5f6d930d3af55696a28ec701cb9d,87b62c42f5f560474e94a6319b28599e,11355,sao vicente,SP
9e2690a7ad4a0fd8bbf0a5b355d5e6ea,aaeafdd832692cf3b77f4eeded665088,47600,bom jesus da lapa,BA
05ae07724e12ebb587685c8acdb8260c,27bbdb1c8c1324bfb03ad56475bbfb83,89890,cunha pora,SC
d61274989a1013559fec1e4a020eeb0c,9c5da89da1bac2267120ffb461ec86b9,02936,sao paulo,SP
e4caff66029e8290ad28fab525631c74,e6bce3bae4ce9bba358e56e51d9e005a,60721,fortaleza,CE
de50f74e6eaf84cfbf83ee0c30ff3575,f5101c2ff9596c3c64b380f83c4244df,04134,sao paulo,SP
9658c223ca600a39c7c52d7087d0a598,1650459e18e792163dca4edab647caad,03982,sao paulo,SP
9fa56e6eb804eb7f8c2d80a133c84546,f80c7e4cf2fa8ff3532323f19bf603ba,04815,sao paulo,SP
fb83c8cb9ecf4b1cbf1c4f56795d91f2,f2fb6c287ced465e7d115bb02a0a1b27,66095,belem,PA
62ec2ffac596b132bb32e5c1b97c604d,436afbdf1b6fdacafdf362a839fa17a5,24210,niteroi,RJ
e2422f56e6dd19624c27b58c1d622d42,2fdb6fe6d1df8d097aea2933b16f0d38,02322,sao paulo,SP
5a6661b43e78a355ca55ac1443db9e50,92e1775d487ac96a09d0d17139f37a48,23033,rio de janeiro,RJ
91777bf7da6d514032a58412641e51dc,27c98127ee77155cd5a805d8af3d60b2,89460,canoinhas,SC
0922b25ec5945d89980e65bde3d38f51,ed7ecb1bd52fef9f35d06b0f09c79539,30662,belo horizonte,MG
831f214129035247f2db0f858077f010,97ac5fe4d72f6aaca9ec00719a576068,81690,curitiba,PR
52ea385b266902d17ee55b5274787468,55ec56570d1f469da1fcd9c28d44d569,14350,altinopolis,SP
5990f7c1a76e6442f8759da9aa555d21,4f0bcf23a531b9474114b7f81b7243ee,07810,franco da rocha,SP
2b25f2ba843e1bae62f28c7f43211a06,d8f979fcfc0ce686f6abf5af5f5217d4,59631,mossoro,RN
af532e72149b808e9930096c343b5cee,b4ecbde0138491ccae1357d743c66c86,14025,ribeirao preto,SP
2ec7666d1077597d4e4ff2116a319530,f171039a67a78b3d57475168802da70a,72720,brasilia,DF
77bc76d7d24087d5c8fb9d47ac288562,778e15bcb99f09e7f379ebe87cf4ff7a,13344,indaiatuba,SP
381e00b3603ba05314ee7c9548ef7b6a,d0813c57df04369487ff42ab24dd0ac7,73015,brasilia,DF
cb544b0c548dbf3e9e52914472d56415,f706755df4abce09ff6fcdfadbe76166,27940,macae,RJ
462025be11ad81e8138837f833b827c9,b6f0d82c95b4010de67a90cb4cf462cd,25020,duque de caxias,RJ
de1133f37c60eddaa55a82b7e361efad,18b4a8b791c74d00ab5803d5f04be851,13940,aguas de lindoia,SP
177b9f223bb2b6492afde4edf469cd42,cc6e8e47001f7d0a137b911291923ddb,17930,tupi paulista,SP
3e0d489d05ca15801e274f39adb8d213,9451854d3727357cf0506f99e4a41661,11089,santos,SP
61e6a5b24f292e7d1763da7697b0f94f,d0d944559cfb92c04e5ddfd05b596dbf,17511,marilia,SP
3e3196d8c97e8351de8a7a3bc0d06211,2a117e51457d1bf9070aad3c0effa03e,21050,rio de janeiro,RJ
59f6187de64fd84e5f7110fb0f8ad502,79444cb5bb16964eea4c5abb2d3aa023,47970,riachao das neves,BA
63eaea1a0349793e34d1227d845d1f99,73bb26a904faa09c298db6deb320c15f,11040,santos,SP
c5a0073d6661564548122a1570ede3b0,b769087ee916cb68046a4d5698e3ce8f,25255,duque de caxias,RJ
7a629fdfaab8a550e6b9ee97c4ec25de,34ef07a3a4fab34cfa5c1a90e38b1f7e,14790,guaira,SP
0dd059e02831e97c8e5b1895a62eb290,4ed0d05aace22bfec857e1f442d05e93,75925,castelandia,GO
5b894cf9a0b95ce53a6ce010fe000104,d2e96fc998d538905a948410e26fee2c,02346,sao paulo,SP
29b585519cea01e9367649155a072065,c52ad75d077c8ec05b566d6b9f2dd06a,04304,sao paulo,SP
3bed766b475a1eb116f9bfa0121d75f4,3892adf144a34a39022e86b98c5e4d43,08640,suzano,SP
cdc2e8e8d2dd01cc8e5556ab440ccb92,4805c944b7235f559e0056dab6bc43f4,13472,americana,SP
4d0f8caafecf88bd4e5578f488493246,2b99c2ba00b6b2290e1853833a1d4cf2,28605,nova friburgo,RJ
dda6bee0b54815080a67be5cf145e0df,f357618bc89705b66a9b7991a10d4f04,03275,sao paulo,SP
9547671cab73631f8607de9fe65021a3,17c7da60a0690728119612a54035452d,88090,florianopolis,SC
f97d225a3b4ab3cfebf9457ec69cf76a,938638b4e8e194db5e20e3deb15a975f,04860,sao paulo,SP
3cac74b1c7dd18deaec3e1e772bcebb2,5d323409404dee6bdb0f6cf9ef828dae,22763,rio de janeiro,RJ
3880eba5034584724992ca0fb55fb91f,ac9de1ddb57cd97e4f36412d7b328254,23970,parati,RJ
0c34c39c897304ff49eeade3059c4c60,095ffc730d9d2da2f12a0bec18722aae,05711,sao paulo,SP
24b77bdd27f5e6aea7149886b72286ec,448f663622338f4cb25c75f16aa9ef95,06122,osasco,SP
7fbb5f4108715c74461dfab031ea62bc,da2dc2675284f44b338e8d37fcd553a6,57085,maceio,AL
bd13ebe5d7f8f2923430da33ffcf40ec,3238c58997e72431e9e011b0cf7a8749,12403,pindamonhangaba,SP
1441fb0aa631b791bcb461e549d7b7ce,ed70ee444e63fcf427bb3601d89b4057,24422,sao goncalo,RJ
ba0ff1667f88b3a0da55d80dff50b0fb,68ca4469a590f62a686d835f07f91f67,28611,nova friburgo,RJ
5013591eb92232185ff3486218d55057,89dedfe3145383ccc0d7be54ba4da961,07131,guarulhos,SP
6bf7cea1d53d6e27e5debdb2d5049ff6,86d8261e5b348801fec7bf7ed0726e39,15053,sao jose do rio preto,SP
7ccd57bc5c4e0f34fcbc9209b2d4bdfa,71d5e9bcbe05f2adfa08c33a109c12e0,13290,louveira,SP
ac81fb6a1f089d191d0a0337ea2bfad0,15c35e5906c9714b6a7f05bf450274b6,06814,embu das artes,SP
09147d2789c6b1e2b4f0b8bd46d48013,2255e8b829acf40cae2c637bc5a4abd8,08081,sao paulo,SP
874b661d62c1e74aafa401942f9d94cb,7517f4a85dc09bf65c48bb972b8a582c,22793,rio de janeiro,RJ
693d7169ea4da2b4cb918c2c9b7e290d,2750ea8eaed9066e36245a18802eac17,29902,linhares,ES
02ae7918f75386935260f02cbf60d7f7,02f299c978d29bb1d1b47c5a231f7d02,79112,campo grande,MS
b299a44de561de2dbfc8fa91dd704af8,67b657ec047f29a2f42ec7e7be4d03e6,98807,santo angelo,RS
2c94f489b623224edf7fa984b32fd68c,74a4f9d76fbe2a84d70da33ce66e2e18,23893,seropedica,RJ
efef4f3bbae37c2b4ff4d2f950299cc0,4b8bcb63e827badf2656d21892e4fc1b,14806,araraquara,SP
958b47e797d9db0979238d3b7fc08b9b,ab1396beb942dfd3e0f7ac83938bbbd1,58600,santa luzia,PB
9c31acdac442c01a8bfad5430a362a71,737adc1728fcd66b6e66cbe336ab0f9c,07404,aruja,SP
1820fb81da1c085080a3620fc0383f72,af75831d1982e9fd6d6820b4ad41d523,95760,sao sebastiao do cai,RS
accb4b4ad075d07a833eacca116071c7,f139f07dd192b4c3a1b21082a9c632a2,36900,manhuacu,MG
1ae626094b558418fce6729a98a2f4dd,d1b04257223859708d9b6060401afbb8,24350,niteroi,RJ
d5504bb8d69de23d8c49bd96e55e51ec,89be58cbdd6ef318e3ed93fdb22be178,18407,itapeva,SP
52f69439fe573ea3f687e0e66470b28f,8e11fff4e8d62db36a250d7877a8d387,78300,tangara da serra,MT
46c2fcd47be22a210f709e1cf4964ed2,d3505b78fd4fb8c1829e26a7ec8349c8,57244,jequia da praia,AL
ba441b699aeb3bb9afd7ec9c732ec617,798c34ffa9047399853eab8ca7c0b9a0,37200,lavras,MG
9732d83dd0a2e6aa4a1ff900eca36c81,78774ba79d649db8da39ea74e4aff736,32280,contagem,MG
aae187ac20079813ed11e67757602a48,68a3cfd10b2fdd755b7116ef8bdb7670,25220,duque de caxias,RJ
0a791f1725cf14521669d11593be474a,965f06741901098ff2f2b542a257f308,78200,caceres,MT
b0ea223f5d75e25779fd005154765c3f,b331ffa5c1df4e360f78fc2c8919c9ad,48040,alagoinhas,BA
c158fb97a12041c9305718081a78b064,df415a4809c4b0d9c76a68dd167a246a,13478,americana,SP
2ccf8938c99370e26a1a6e9717654be5,8ef11e4f3a4cd4c99e6d177b52f6703e,17056,bauru,SP
1af1723f0cead011af0e8aafd98d8189,944f878da6c337f600e0179cebe42bf5,02805,sao paulo,SP
51883bf50149a3028f35341d1fc008e8,dbb15eb2661a149d6239983aabac88d0,58305,bayeux,PB
1ca9821484ff44d1bdef88a5a51ceb0f,3b019d559572faeba4fe0e5bc17187a3,87310,campo mourao,PR
df5942d345b799c2e2819e9ddb4fb0c0,19924214ce9d3f304844f9fb8d68bf40,22783,rio de janeiro,RJ
5f903b2d6b866fe2698c86e8dd4628c1,4a2d9ad51edec61456cdcce3daefaeda,12630,cachoeira paulista,SP
f1ee7bccd46ef23780664502fb146820,3dd406f929a5a13ddc8d9301b7045eb1,14801,araraquara,SP
b70e717fe0599c3bf2f69725b26fdf8e,cc61ecdda15905388185bfd77969ae72,36213,dores de campos,MG
a92a310a3d6670dd78d7cb9eafa760be,ebea263887e000fb7aff38099de3d6c0,06950,juquitiba,SP
7224fe0e862b9561bca105d385baccca,bb8e665087c1288be40fc50737601ee1,11454,guaruja,SP
90ba3da08cd3de66690ac220e19e6cc3,4d8247e1052e4c90d4f61adbba817df1,45990,teixeira de freitas,BA
3d00c56be9f9c355b9b2ab45dee27c4c,63b36bf4de08f7d753c78442606faff6,09185,santo andre,SP
d1e9fd112fc30cbfc329679820335bb6,e0468285c330baa856e1ce75f8c55a37,07500,santa isabel,SP
3d4c473f325542281c88efce5ae91375,cd13689db46ae3b167ccb071ebbc0e86,25957,teresopolis,RJ
aee9d44d59c6cb00a9d64b390666224d,68f9f23ba578b597c5ae0573a2a72b02,08680,suzano,SP
54ae421973032c25067cdf03e04be610,556d22748660d6974834bf3b8a38ebc0,29167,serra,ES
027f4c7bfb93550c488b03e3eb14e5da,57086e0cbfd1043970a067d8affe54f6,02951,sao paulo,SP
8d924cfc57373c980b55fe575baf2c39,d585ef35b036b3ee32c10429047cae85,99150,marau,RS
58a6c377f5305b1cdfa593156d15b147,b06cbcff71d24194308491c06c79592a,06365,carapicuiba,SP
bc8b9e820a6ac8f83ced0f3d5501614a,98d337875b35ece7c34da1d4674647d6,12211,sao jose dos campos,SP
82a6cf90eef165080973fec6d6dc8910,0280239e6c4add91b8a415d9b2566649,13733,mococa,SP
709116483105e4198b439016da66d4d0,aaaf358226ca4a9f20077806de76473f,81315,curitiba,PR
f89efd7759fe87042b0c51914b702dec,7ddf7ab6b108c32cf077baa4316df6b0,17050,bauru,SP
bf769edf40aab3125f27a234248b5da4,96fbd8c5db81ca0b9a5cb273632a1dca,71900,brasilia,DF
48a8e08cbe87ac7b90b76ff80d3df46b,81fc606558d479bbe026450862a4f2df,29500,alegre,ES
427193866d6c04a3fb307afdc2731b6e,a6f83c597e714375c62c75d9f6e674b0,88050,florianopolis,SC
fff168ca1f8a1d2e8e2108b231a68a8c,19560db94472cdf51948e02929642a0b,03167,sao paulo,SP
c1f4934a2867529428088c9305287625,30e269835796f0c3a4df81efc2ecdb8a,95860,taquari,RS
e7b450488b37ccb78581bc78df2bd066,61825845f32d651576361ffb0d1531b9,13480,limeira,SP
393df32d466d4952412196461ac05d52,f444ba0d223518973d2ab5ee663bfd9a,12910,braganca paulista,SP
e350a18244c16257e0bac342c17e3d1a,839b7048886d2386c4cdaac164e77423,05787,sao paulo,SP
9b72c30ea879e3e2b599dfbd4e8f71c2,6df2852275aab34523dd35a3041c9378,24220,niteroi,RJ
12ed696c4178efaa9f91a47a654e6093,43597919520d44317d2f7f558df6f1fc,08676,suzano,SP
1e02b284271ae29e4df0ed29851ed4fc,e4c5964975cdce8052a5743336264234,52011,recife,PE
7a73b87a6eb83ca9c6e2e8c0b2f03161,a07f7372e1203d22498f4bc52b870e42,04001,sao paulo,SP
3f0ce4e8579d852bd56ab8bbe66f1870,6ac4c2b8476a9b14dc824e2cda804dfc,27937,macae,RJ
351ad5281a1ebe833af7f4fb1f203aa4,a156e873ab29b82c3e8c659399150d2c,20510,rio de janeiro,RJ
836ac53e072a95b5b18cbaa4a4f67f7e,abb921fd52b3004d27bfbbf14a8e0ae4,13478,americana,SP
9ae4bf2bb990fa503baa7e1feaf6f60e,db9a58053c3f7ab8be9970e6b2186567,04349,sao paulo,SP
0f5c8f3aaa4da4fe842ed055aa9fb606,50745e807d72edb1e5f29f0989771a9f,41710,salvador,BA
b7bc51bbad15f6c8242cb08a9dceeb15,745c617eae511cb90924075d841e7b95,79110,campo grande,MS
815d430c8c4c1fd1980edd447ac4f8b6,452afebe487ec1030b322915f4daf2eb,29043,vitoria,ES
699378662a662906118d5c91b689e7db,bd010f70857d171233c8a51ef0bfcac7,03574,sao paulo,SP
64452af16a3a2a817f9f56bd085e535c,75c59d47392e43f3b9bb311e92874cec,04086,sao paulo,SP
b885ff39577dedbe1fcf4682be87619e,97d25181e5b9212f6b4c9c92c94dc120,89240,sao francisco do sul,SC
4d82e79f5404e8c3f059ab099fbe5dda,dd8c09f1b309c9ffc302c745550a9ff3,21321,rio de janeiro,RJ
f8a238ea4650cf05765ac7a2a54d8693,8f4968221af78d6f248322ad465279fc,76260,diorama,GO
c4f1859b6bcb6595557c1f4ffcfbab30,9d4335cb37d62a52c2a0af6865c40183,13641,pirassununga,SP
54d964b83ac779bf3ab0fdb1877a51bc,26021fbea24c3916e675f0dceb0951d9,55340,aguas belas,PE
fbb815b1596389418e2666320654b129,0b8cc9d17d481e03c058582a15b00a41,45200,jequie,BA
ecc61d0a88c7d1634a8e592121e14e8f,81dec91887837a1b173e18c46f199c88,36400,conselheiro lafaiete,MG
68c54dbda8f6d832d974c45a869031c2,4470a1898b6f224ba5065ee72a9b7900,14093,ribeirao preto,SP
e8cf85adfbc68653c831f02159ec04c3,1bb24948a31a2ee3e71f6be59e0dc971,12412,pindamonhangaba,SP
539e46ac17d2bf235de0168dfc35ead9,a7c0ec3d377b3485df8ee19439e3b10d,30180,belo horizonte,MG
ad899b71c43c34a6b3127690595a6596,072ee71e1fabf49e6e17a47132ec849a,08743,mogi das cruzes,SP
2333b5eb4c77379b280aa26a66016020,9ad5ef9b16d5ab5673e7738175c69a1e,02471,sao paulo,SP
d075570ed98e1a5bf9b6355be0f89b57,2ac505ba214f8572497acd6b9b34af4f,72251,brasilia,DF
8fbbbfec010bde32cd194f99deed1d71,e714c31427ab2ce5c68113b038189fae,22231,rio de janeiro,RJ
9f72cabf8e5ebc5743665846b05617a5,cef52ebf681cedda55ba6ee34e288255,15300,general salgado,SP
7194be434cc4eb4eb1a7a44bb4e9e24d,c83a0fac41694e3ff9ccd2bd61a1a892,65274,nova olinda do maranhao,MA
8342028fb42e8c6015bc69156c1281d6,7d69d66e6e223b7230002f8ffc0fb3e7,20561,rio de janeiro,RJ
fd62142b93c2502e26ae2c2277a6dc6d,96f71a3b61a692fe7d2bdfa2a8ff4b57,88703,tubarao,SC
25751e4cdda6d1c387781a1b9e93e72e,badfe870635ba56f341a37342f9d8530,15400,olimpia,SP
06a552b13fb2cc33c6fde4ff1de4c9c9,435ca69b2991db5926ec1af18d4d27fd,04187,sao paulo,SP
f0bc088c671f31458f73cc1a6a347842,0a0c4bf0b7fcb55a0d43abff1ea4569f,03150,sao paulo,SP
fc217359526d7fceb4f1b3b7756dcd56,508a6e712f9de578cd0f8314f9e19a79,07056,guarulhos,SP
8f74e0e4e00e5811f6c80a9aa8661e0f,fbc2b9a10985aff7106288bba14c0c75,01047,sao paulo,SP
2e666de5b2240e7418d06135ff3b95aa,0f8249c6ee3084c935c2c15bf997e618,81020,curitiba,PR
76e4edb343ef3a63a0b831a31ea0338a,75ec65a39f1077558ef1b259982297ff,89535,ponte alta do norte,SC
2430ad4b1b6efb56cf3050b5d3cf5e54,fa78b26c2fa23b2ebda98c2926305c1d,61979,amanari,CE
34b18316e1c66360c7d2603da9a8b0f3,90b48ced7472af3c9c94ff5a432be4f2,36010,juiz de fora,MG
899ae8bcb4bbbafa09b4023c1777cd1c,c48a9e1aeb73834ad73114f11d68f39a,22610,rio de janeiro,RJ
a536fed4f2a97c5dea43c049d0850f1b,818977c72a9a9db58e112e4704137f91,13630,pirassununga,SP
e2bbf69f932758880f88508bea6207a4,ba09e7352cbed201af6d123d7366f3ef,11085,santos,SP
d588273738545bc6a0d30971bf72e938,e883ca09ca9171b6a644ddb4a970ad27,70673,brasilia,DF
5e6b6642bfc0441ebab444fbdce404da,61c580679c31243a6cab6513a96b1b23,13450,santa barbara d'oeste,SP
e20a0968702ce304cc5f98ad6094ee18,1b347d3fb70074212eea755ab9adf0df,74885,goiania,GO
000379cdec625522490c315e70c7a9fb,0b83f73b19c2019e182fd552c048a22c,04841,sao paulo,SP
15d17b993d1a4710e1d4b2718b2f1821,006ec5b170182812131c7d9b219c036f,35500,divinopolis,MG
bd5367862812e14c7400da5cd1e1b135,c81989ee0fd7cd1cfb866a27f8b796b1,88330,balneario camboriu,SC
513fb11b4affcd68a42726ab18ffa6bf,2b9a8287401c45273d732a57e2119f59,28930,arraial do cabo,RJ
c6bf16f05f0fdc4603d841d215a13edb,b417f7ff34522cd0554a00818d67afa8,30411,belo horizonte,MG
8990831f28f0c5a632fed68edb3718a3,91802398bf6fcefbd543b8e1ae742642,47800,barreiras,BA
f0adbcc906e94774e167ee43ce2209f2,b5b46581465f851df3529a30d2503f59,28470,santo antonio de padua,RJ
4d73737f27246fd7094751652d0ee963,5b1be9ec4d6e0f2e3eb073aa560344f5,49043,aracaju,SE
539c53212dac6304e4fa970272abe6e0,913210f4f11bdd83067551a71f42c127,03060,sao paulo,SP
ace4c0c7241fb02b72bb8d019b738693,e1465d5a238178407248585f8b3b9491,01009,sao paulo,SP
9948dd43c6e5b0ffa087dc32c1f78eab,904911bd426459e4646ff3392eb9db4e,79105,campo grande,MS
641025d16fb7bf615b9400b55fd1728a,8fc0b9484c354a47742cab1a935d759d,61700,aquiraz,CE
e7538f59822c6f1ce51b24280709bace,ccfc0157698d4d0931d497d56547301f,04305,sao paulo,SP
b6f5c3a185c33b9c12a722c46f5215c8,4dca9ec3be0cfb434835665ae60a4b2f,22610,rio de janeiro,RJ
a1b9378a25ca08a39d8018bb2294f956,cbcffdb10a42aa3161bd736e4397af99,90450,porto alegre,RS
e3495901f796d61ae2604a9784306f61,88e0eef78a2c8acebf5e23425588e21d,13871,sao joao da boa vista,SP
430ae219c180fc664c3981c91fd7f70e,fa32d50b314a61d8fbff672e57e53519,92500,guaiba,RS
bd6716dadc80ab513e5ef67fc53e6934,925384b320baf4ebc25693e871529794,04038,sao paulo,SP
5c40be15b2c8fc641d9a1fc0493ac2bf,7daa5521f49c5a710da721d485f023d1,52051,recife,PE
b3327f513a96d213bb42f1aa16ee4d31,1b270bd97f6e1d9af2d5d06f0d4a80e8,22245,rio de janeiro,RJ
a0262fcf5f286681fc96c8d2b8396208,b5fd935fca868cbefca0c71a3010d03f,06322,carapicuiba,SP
3c420d15857f754a4d41196173c9f412,b8d541667dc3a5f7532d50b707baabb6,79004,campo grande,MS
75fd1fb0bb511fc71ac2b2649c02b21b,2e875ea57961ad115cec13fef0920ae6,91910,porto alegre,RS
735a6e515279067409c2341e9c090eec,4f07cdb32f9b7b54abcef48c096da983,81310,curitiba,PR
b12bae899f1c75498d7c096e41acaeb2,71bbde2fcfc0f20f7111714a0c43bdff,22631,rio de janeiro,RJ
5d91398ab075e8aa780bf0d893944436,d77fe4b71641d48a814bc0daa68e8712,05792,sao paulo,SP
b9ad88365f35c931dbbbeab892857006,d6daa8df6192fb031e54d36f3a7d246a,41640,salvador,BA
bc265c24a5a745bff94d62fd5f5db043,ec9c7ebb2a345ccd42c46b94ecb4d319,35603,araujos,MG
b875d47d3b0b0bba9fa77d410a584927,e05757dc57fc38f5156c82e9e4444f8f,23067,rio de janeiro,RJ
703d42b3dd0b09b487140c480ea9cf1a,54e9d189ff694c6fa4a8d37004060645,06160,osasco,SP
ffa8a2de48bb3fb30f0452c34d3b978d,1479d41bbd302e37d1316c996c1f55ae,38407,uberlandia,MG
40c8f1f2aea77109365cfada5b3bebe2,78b1e4cd6a09a7fd92260188ce1edd0d,08717,mogi das cruzes,SP
a3777228aa1a73a3bf9a3127609cf68a,d79f00813a32cded40b4575b38eb665e,09950,diadema,SP
8efc8e00b4373776f0f3543e043fd768,3cc3ddf7a8ea6ffd801732450f2cfb09,04047,sao paulo,SP
f146be55cefde6a5c21dd2c13d699bc8,083004073bdf5fe2545d485d9654bda5,38360,capinopolis,MG
51c988b6ca0ffe2a720f93198d2ab51b,0e657c4c9897bbd7b633be337ecfc4bd,32043,contagem,MG
efa6cb1d947d612aa6e8e0b2068de9cf,ca1df6733ab15682f6307b55ee280634,38307,ituiutaba,MG
e374debe4e35018b4d20de4337ea74ae,ffec10ad4229ba46818560e1c8b40a68,29135,viana,ES
2dfbf74859104caf100df3720a1d833d,2193383c470dc9cec894ce78afd0ebd6,86870,ivaipora,PR
9610f21b66c3938400ad9f39014bf93b,e0742ca20dc0749f4e70f5506432bced,28860,casimiro de abreu,RJ
698bd3b24e4bdcce6cbf20053d17f0d4,89bb292c4785e938210399dc100fcf14,20771,rio de janeiro,RJ
82b3403d0cbb90bad615c86c1a1a3b3f,b993f51fb87b954413e897e55d6985a7,24110,niteroi,RJ
2b6e68e78e560c5b8dd02ca48f064a51,b5af880788fd18dc583db64755bf0a56,29375,venda nova do imigrante,ES
a2ca0ba8cb6271f95f286421b60681aa,15bc17a24fe18da7be93a48546fcadab,18270,tatui,SP
5d90c459057d56d74e1299113a657887,11c1e117f1dc1d9223622be1f02caa36,85880,itaipulandia,PR
ae06f7ef9cae527f248b5401c5663265,898106ec3d6efd802c031b7e7bbcc1fb,27310,barra mansa,RJ
ccdabc382839332b9e7a7fe7669e2b1f,b21ff00f0d802f307d5444b78ce83c30,11500,cubatao,SP
615fbaeb4332030104ecbf4ca33aa191,8bd61a6829b0751fccf20202d10e11c8,87970,nova londrina,PR
015f98a7155c15075a5f77a37a8205ed,d2e995b81ab48e84663e3d04383cb3f1,74645,goiania,GO
ace44b787aaa9e76275ef9e5c226f5d2,f6c5030d469247f9fc91bb62a6fb6597,31130,belo horizonte,MG
394c4be8d4a26fd3668aa47dbf088891,f3738f6f5687da7c7ae0623172be00bf,88034,florianopolis,SC
4c35c98b5a1affc77279a0d51c4e4975,5c23dda033289cf4bf68d4afd0686f15,28909,cabo frio,RJ
1128e70fc04372f83dfc47af3566b836,8bede1ad6b3d39d68f23ec39f08c2cf7,76630,itaberai,GO
8a0d726f209fe6181dfe3d5a64d75450,8731fd24284bf78bc042cb8ef0189df0,88330,balneario camboriu,SC
4f4f005f13bc7a3845163497199c2b00,0b5da348e71b60d46741d90a45a8bc10,66087,belem,PA
5c94f28f54aa13e14aaf67039511f318,55b66f38e36f20986ecd81eb16d5dad4,05634,sao paulo,SP
3f402674c608ea67085eb5e0ec4d96ef,83e7958a94bd7f74a9414d8782f87628,80030,curitiba,PR
a0bc1cef1d06235c96a23b0e015b2db3,13deaa2e614f292e08a49cc42fef76ac,13304,itu,SP
16cb12efaba0eb4a1401091ebd4d9ec1,5d8c508f148157b5095cab78700ae2a4,04128,sao paulo,SP
4071865ea4b48ca395beacf0ba2590e6,1df5464036001af408e4820be05c2723,90010,porto alegre,RS
3de54af5bcf3d0ec23cb153a187c9f3a,513c65ee62da825036ba50177279b68d,27338,barra mansa,RJ
e17b2b66a87062574242f1b20ab8b2a1,b51d73d8179d999b81550d846940a720,27350,barra mansa,RJ
1f0ca2f4250709ea904aad7c7a706550,b97240a478be2e61d5bd467d51eaff2c,65058,sao luis,MA
4466cbc4f45d42034ecf15c003bb013c,e414816b4250236fdf309b17fbd96189,97030,santa maria,RS
1b5e997904377a86956c021165c14e4c,d22aa24da72728e2998df9ca9aca4b64,14200,sao simao,SP
2e2534a17bfa1b56a16d51f7514c5370,54ebc03b7f24d848631e57095011ef22,14170,sertaozinho,SP
9ed06342197fde512695b88ef49400c2,64529bfbbfe1ab1832b1bad404aa249e,35400,ouro preto,MG
cee3e95e0b9944bf7c7c6881c286564b,0357aaa4d93f1704a3970255a474eeee,12513,guaratingueta,SP
2d618e470c95c9b425cbb0cbc42683dd,f7d7fc0a59ef4363fdce6e3aa069d498,69900,rio branco,AC
17c5a9997801ff12fa6faeaae9748630,57dcd276abe018f38820b05470c100ea,22753,rio de janeiro,RJ
5860b5d39dc0369205b146cbd32b50b6,3505269571f6d50ac816db11161326df,06420,barueri,SP
11e380be5c4a5ce9622d3e48d02f042a,af4255e3bd906a82b904c612c47c0a88,04295,sao paulo,SP
32995e4cbc0128fbe56e9ee101a31916,e13034a7d651eff97222841955be3eb2,02925,sao paulo,SP
839311a89422ea7a88a3acde94b9f0dc,24cd2ac13d29405aff87f625c98a0b24,37550,pouso alegre,MG
e5dfc88a9e962f7b532ed9559d3bcc61,3bf68977c380839add825091d73ba243,06160,osasco,SP
93a5e793bf8dc1e6cac4e312568ed7a6,e9193f1e273e01ce9161ac51f4043e50,30512,belo horizonte,MG
b10fe33654a6d22ae6e87f3ed316b1dc,7e1013f7423cda110d3ccf6d6d544b8d,02367,sao paulo,SP
c664dc5de5b5f4184bc4ca0285b9f8fe,9a5b186787a143669398bd8083720c21,78550,sinop,MT
90de167c37925320a60cc9f4cc750117,1946044620cb72ca4f9c439a67bd92f2,13186,hortolandia,SP
67a53f6c3a9fc88bd9a6594eaa7af0d1,e9afb894ffeb9ddacb0095f2c486b38b,17830,florida paulista,SP
ca9a6ae226341827c9614ce7568db46c,15b521471c36ed411359347ff8257b79,03080,sao paulo,SP
3cc3c3ea6a8bb392816f4c4bdf12c5a5,d754dd2be3a03a3306351df92361429b,18090,sorocaba,SP
34a015971bd8681dda63a6ac74d6c825,dc12569409e7f9dcd01e3449cb883571,65922,joao lisboa,MA
fe407542528baa5c26f3ab62b9cdcb9c,3e7bb77746c1489704b3e041860dfb6d,74930,aparecida de goiania,GO
65d82ae7c5f1e68cc367bd60c8af8753,05abd7660c793780c1907b39ce20263f,29301,cachoeiro de itapemirim,ES
5ecc5bb2b96483a913b2d138e56aa1df,d6caf670c8bf91aed723f242cafb71c8,29305,cachoeiro de itapemirim,ES
3881d142f5438ea09b6ffb21f0fd1ed6,09edd76a74b8c67c3112cf163c55329a,72231,brasilia,DF
ab8c0f0638baa6bf18c7533cc06d83c1,6cc97df6f83c4d09d9c75bc9cf2afd50,22610,rio de janeiro,RJ
f860f5524f85b83ed02bdeb0522f145b,56251490b76587dfb8f8df2c38c32c33,29060,vitoria,ES
2b6cb6a4852a866c3b71dcbc7c5a2fce,c01bed915357c68393943dd8b7a51655,72318,brasilia,DF
ae629dfbdd8b33fa29028ff92179a62c,45b5425afa4bb09f3b75e12a08f8e438,02972,sao paulo,SP
dd697a2e78207fa7b19293cccfb33729,2ac11480d9e3178481cefa0eb320be92,06810,embu das artes,SP
8a3ee8c4e7b28fbec55bb91eb788a7fc,781d55b671e8b6020c3e791c514c2519,48280,mata de sao joao,BA
9bedb2b2aabcd702476cdaabaf178ab3,beceaa52fb2f761e647222b3cf7ce0b2,88200,tijucas,SC
4cef993bd4c1f61b12e8a8823f20cb08,20c0d1b25561a2be22a834300123a413,22441,rio de janeiro,RJ
9cfad66c82697c8385f5efedeea1b878,af4005eb1df318d2c9b24b8fb4cdaddc,88103,sao jose,SC
fef2e5e63da9f3e1dd89e8e319468657,f30856ad31d3e74253a3f4ccef670648,71955,brasilia,DF
5e98d1f8f0534c460557d71961a7f10a,34dd888b565982c76c7a9ee9dc41db4e,75120,anapolis,GO
298a8c70a96b6e4bb07c44841e5ddd6b,62710d18d2fc51ed913093daac4e9b0f,83215,paranagua,PR
8ffbe0a28823d2a5ff88a9e4b1b7526c,3ba9c1404a9c6974530ffbeb5848aa53,89032,blumenau,SC
fd2f069f330e8205fb45a29fb37ec0ee,344cf133c2248f9601dc410b0dc15322,03322,sao paulo,SP
590db569569a4a1b3074694f522309fc,d7538b573179d0bc4ca666c03cc12d55,73015,brasilia,DF
b6fbaad4eb3a0794111683dca8122610,839ec7c231c579ed10ddab6610f8f12b,02111,sao paulo,SP
1349e7a27c61f2c6ded7a0ae7c9aa5b1,1cace92677005980e761908bb1d4c43b,35502,divinopolis,MG
fb701899863331f841d102ec35e0f4be,2ff85a88d2a10e213a173eeb015e8d20,70855,brasilia,DF
f6a61cd798bac1bb08e6317e766d9de6,70cc968d94bf1dddfc2ad557945b222a,20771,rio de janeiro,RJ
d0485f6114ffc58117a0f1086fd80af5,1b299396788f3826a1428992dd5ea3fb,27323,barra mansa,RJ
809c3dc9eabbbe4e6b03198d239b6e2d,20e05dc7a752ad395ebf5266c1a924a1,35010,governador valadares,MG
03ed7b1b35f2e55b0f4d0b9e4e07b0c3,d0cceb06b81f83e06c5cb63c3f9cb8d3,70658,brasilia,DF
3b85d7e01afbab4314024cef7903a329,e2638dcec86ba8746b692786b3d2ef14,89540,santa cecilia,SC
09d1bc53f084c9c2a597d1a7d6329ecb,4617687e1243576cb864646dc3c5e323,70655,brasilia,DF
9feb947affcba60e3865d3df152ff086,7f08c03efa1d0b682c4cc4dc4d5afe56,44007,feira de santana,BA
d6d2004b0dd3b0fce72d46fb5ddacef9,6d1b4e0269ddf214a835aef2cfc23158,89845,uniao do oeste,SC
eb5baf59fc0b7b2fff7415b0bd185e61,23634c1f8a883e571334693474eaf68e,80740,curitiba,PR
f1c04a5116870e8c079ce3087c795450,5eb351044bd6b55c52e33510a8529bc3,08030,sao paulo,SP
b46839430059483e717277d030ffa798,0dc1fdfbb056ae8f79c53bfe3f2bb173,91787,porto alegre,RS
108baa424c2526d8f34a01a2a16004fa,194a47bc9dd220ae9e221d44aced5fab,09710,sao bernardo do campo,SP
075bf71fb03ea50d4da3b57efb26ce30,b3a356f839411f38b9d99ada1c1000fd,06840,embu das artes,SP
b5877addfeaa2e955ae8dbed97ecd12b,5ad96d7a95788923e8ff455366a90015,12285,cacapava,SP
9beaa860baba91e8b22a41bf8d013023,1b3f87983f51dc8069dbb2fa88d6303f,88052,florianopolis,SC
6e9484377e5431903ba209552cc45e2a,77aab1794b028375b856f66e28b8b28e,15600,fernandopolis,SP
215b793742b8f48abd2a927ff9a5ec94,11f54c0c47f45afcbaad7c215ac1fefc,17580,pompeia,SP
2a1ea3b265ba56bb61bb9a4aafd506f7,7ddfedfa64d35272464a0a4401abbe0e,58397,areia,PB
6f252cf918b69b50e64e942ab59c91bb,ff36fa1d315d885d3c5171ea09996142,90420,porto alegre,RS
3c90bb0fba16e889f898e2da1df5fb32,95206211b1daa20267e50fdd46555802,78643,querencia,MT
0ec44d686aef3c798a6e8d336cb3a2c8,1c6f70cd9100849862278f9d236bbb3e,18108,sorocaba,SP
94cc6d198de265d1e418a24d451bf319,f9bfcc4646d0fbd4d8856870d097bab8,07145,guarulhos,SP
51485e00d58dd4f20f248c9b33d6b70f,325c0de20cb6d263ccb0d4b4ccd0bf83,29980,pinheiros,ES
2922663a56169a375f080ff7454266cd,dee03aff0c23652196c2b40a1e3b1fa5,40385,salvador,BA
826620317269a6de80fbdfa41e213c83,c7a121a8997c9fb5086cd1ab624dc1ac,40720,salvador,BA
161045ee99ad91883dbc1a6d26127785,1d3178b80a8379b8c1547b1dbb0a2d0e,20973,rio de janeiro,RJ
ab421b93f847af0ef7301421bb36da5e,604f317cbd59b4de7b91326f61626d90,13070,campinas,SP
d9983bf03f76f720635b689e1de6059c,9030942b11a81619b6a2106222d6741b,78300,tangara da serra,MT
56df97ca1e2d8a36ee049c9427f9d447,dd726e954ce7cb0fdcb2acab9863695a,06787,taboao da serra,SP
8c66482ec333eae596c93a9131981a9a,f26b89209f5378f95d8e664073b76419,05542,sao paulo,SP
386a6f3a8586bb3c2d2b923312c36572,0e5c70882ea4e570d8024b0b767a4cb1,60190,fortaleza,CE
593c6525b07d968df9a7989939d71738,4f1dced97eedcc55e4966d0b746c2f4a,74823,goiania,GO
f8b4ea8afddd292f4ba858b7215f534d,7cbe2b0a53cdab0679229688462df9da,03045,sao paulo,SP
e15f963b1e611bdab0a0b7a8beb0a6f3,70d7972d758a874d5e16ab77828d36f3,96211,rio grande,RS
7470a1ddb5f78a811fbef15b2556781b,5d2db05a565eda438cf5069b7be6b1bb,35400,ouro preto,MG
3f947876eeaf431cc48e9751af9c6ed8,ac38c74aeb019552b01767cd6e3dd5ea,64007,teresina,PI
5961a0e51bce22d6cbf7f0b7ef63d021,04563bbe8918f5996243a29e95f2741b,35930,joao monlevade,MG
8846f3bf9edb9b9abd019336b3b8d3a7,3c6934aa81e9b87adc82413bc4617873,05541,sao paulo,SP
cee73b4a0a763b2ee84c418e32868e56,8ea379e0ca1cc97eaa5efb0042d342d4,50740,recife,PE
0a89509ed51bf4b266a89f0dde0fa883,810581f011b77fb9ffb69c1c6d3c55ae,75060,anapolis,GO
2a3e9cc5c751116945121703c3013c83,ef93c31f3f43e034a0523b6ed14f1bfe,14060,ribeirao preto,SP
54f0f481cc9257023435b76aa5e647db,89ec7229219bb8b0c1d0da3b74977e23,94110,gravatai,RS
e3e78349eb9adb90eb3168e8bc30d029,dcd27efb93b723b301f8bac00e5d7e01,91350,porto alegre,RS
ab5b237c2d936d6bc9e7c7ad3d51bc11,41de457d21687a6a7615555c237b5d3e,22021,rio de janeiro,RJ
e92376215b80c2c97a67489e50927147,8011b44f42e4dc6fbeec46b365a6f8b2,03111,sao paulo,SP
d6b757c9478ed7366a42b6f09dce476f,62e6cf2a8a490d522f97090b316745fa,19070,presidente prudente,SP
2440bd5050e5264f2759bbdcaaec1b5f,1866e928e2fcaa6ceb5c7cafe4e65c6a,36016,juiz de fora,MG
a4a7d48473dcb6c1c5f918fde2542cb3,f5faa1e1b84bf7e9fab33962688d2be8,04894,sao paulo,SP
081cea15eaa6b814b2f0c96821007981,5f5db7ff4bd4aab0f8d503736584ad6a,71680,brasilia,DF
3b0f0b35d931303ad5c95133ea680414,8e8e8111465227cb21a119e911522406,05401,sao paulo,SP
6891fd02a52a84fd2be5c51502d8f22a,f4f6b3249863b89349e6655aac2ce3f8,82320,curitiba,PR
c5c6a0a05aa9b46c6e725e72a557c00b,3ed2ed22a2a616bd2102cef0a8d9dbe7,35020,governador valadares,MG
5d74d4946913c1e86db6ea898dcf43c7,cde5b43ad5e1af54fec52c32e16b018f,03818,sao paulo,SP
746b43bea6d9eb220867694bfe4b800d,f3719a64d17b893e959fbf553021d3b3,06709,cotia,SP
6fca3886cb74147d27ba31c5016fd0fd,0e05e2706e1dced2a98f116344db4825,20911,rio de janeiro,RJ
2ac05c2154577da9cf490951f1a0da84,a7453e591e1526f8e10da58e78527dc4,09550,sao caetano do sul,SP
1aba9d2a7b717187271edc2f163c1d89,caccd68dd4f7eb6c51f70c91ae9d7dc1,79043,campo grande,MS
4a66e81f5facbb22056e99f332d918b9,2cc3ab894ffb00474daf7268dded66d2,04520,sao paulo,SP
6a3593ddb3fa10742d7f50578eb6820a,1818cf65cd53edcf0851d46901b64686,35020,governador valadares,MG
4fac7263ebf3ec19c8ac5f6b2202b38e,36c3fc185229a8837a1302f4bc8f4b2b,25870,comendador levy gasparian,RJ
0009a69b72033b2d0ec8c69fc70ef768,fa30145b07cad8e972bea351a65216f4,13106,campinas,SP
058d38732ce7f213cc8f62ffcf8fa0c5,e4581db1c4dd6661da43be4ad4275dea,09280,santo andre,SP
d8c75086006d46bf0e3f33b17a2404b9,ae4a04f0b8b5b2860f4d32b1490314b8,38747,patrocinio,MG
a60b063f8b715db294b889eae5acb4b6,dd12487859031219d411baa6f6ac20f5,03908,sao paulo,SP
4bf9f58ae9877a24ad03ac204eb89652,3e991b8a9e93729d0620a37b8ea69f5f,39402,montes claros,MG
ccff27cfcda46bdff5e51b6e6711a85c,8004f80e361a5ee23aadb7418a685fc2,12233,sao jose dos campos,SP
2d44f70281161cbf9bb10e22dfa63fb3,398dee917bb02e71f1fd9653193b2396,04637,sao paulo,SP
6eeb0d55dcc3c0d2973619f1362da7f5,657bfb35ce6639dadf558f9da1a15755,13092,campinas,SP
1f73a986d985bf8c6ace5bd5a3e0b1e8,3e0ec51549acef5abeb76a89812e834c,24900,marica,RJ
a85c4ce1598da0a210287d8af78326f8,7b086205e0980572490b511b015d82b7,09581,sao caetano do sul,SP
08e5ed5ac7e17524347b55e9db5e8692,6e0f804fbab9756e54970777c3de50f2,13050,campinas,SP
fc376bd798ea2c82b7603662867ee0af,1cf641eb1fc43ff738ee8ee0662de8a1,05101,sao paulo,SP
4b2ef9e978a3fb2cf7ea6ca5f7792dd9,b48c5a138371da90badcbc94338b2afa,45615,buerarema,BA
86ade8ebc14f18dd6c3ea75bd0eb7534,1a6cbc34ea404cb0af7ed74df0999354,27213,volta redonda,RJ
f937e630bfeeb7660855a336440d9bcf,af629368ba88b87ee30e1b7d3f1bb098,27277,volta redonda,RJ
d037da3652b6055f3334ce9e9bdaad01,fb4066be70ca3889392cd6d718fc5078,11020,santos,SP
d5e5a632fc74499ef08cc40be28c8202,929cca0da005b90ff84064609a25b805,56190,terra nova,PE
3347f8d33927f9bb5159b2aa82b3d622,dbbdf30a9af9996ef9667badfb0c4aa1,99500,carazinho,RS
6a3b2fc9f270df258605e22bef19fd88,3588484a539617d91500764822230fb6,18900,santa cruz do rio pardo,SP
7556392e5dea50250680dc5e7674cc7d,36db357344c8891e84f88e8d3ae4c538,69901,rio branco,AC
6104cde8d419deae69db335b70f5bf12,e8bad4c2a79ddccbbf052b65d48095b9,13148,paulinia,SP
8d9af6fd03ae64da4f7fb87e4f9fce2e,0027324a96d26a2bc7d69262f83c8403,12220,sao jose dos campos,SP
dc837eded61982cd9978632a52e3bbc6,c314e75b4010c52c80965dea2596378d,88010,florianopolis,SC
f69122629f3b9eefba47cc225aca93ec,9506b3589dc76cb902c0126e212505c3,38610,unai,MG
8b866d31b49a1305c5680658fff7e006,85540b3715724c97bcde884a95f8d5b7,22290,rio de janeiro,RJ
8568c1a8472b76f6399440bdf4578f1b,4ccc4c69b98f35700ce5544a88221a1f,13140,paulinia,SP
b5012b5d4b4174455c8f108d1be55316,3d073c09a5177fc7034412eb4e44870a,22770,rio de janeiro,RJ
a81f98f9ecc7838dd8e9853eee3be318,bd4e7a4bb663b3cf17010bea613dc431,06413,barueri,SP
527eaf78e1c63a381662225c831bb919,f16ed8e2ddd5b798116612f2dcf3d523,05787,sao paulo,SP
f396261ffae591f9905c76e28c3ac59b,42d60475f8cf01c632ca7a63f9c5ffee,83535,campo magro,PR
fe9cb076acaffbee858187352e2f7266,15cdca72d93fc92eab25e4484f9fcb88,04718,sao paulo,SP
bb3ef6ad2a44a8b8f5218b23475a0b32,adaacf4205569e4442d0475628f168b8,49050,aracaju,SE
0f487d3ee79935c828e5317b47c4c9a4,8cb9eb3a92e7bc1e9342a365a72a6fce,31980,belo horizonte,MG
79b4e6917237551454e77c23285fa09a,825fcac393acc9ddfc4fc658d565ebfe,16207,birigui,SP
ca0a811c3f2154cf8d046ce2169bafae,8da0fd2bbefb5e8f300bb327595262ef,95150,nova petropolis,RS
ae55e228ded796581eccc67045516023,b0efd7adeb04d15b16edaedd11215d40,02712,sao paulo,SP
ac7787b04da7c05fe6037343bd8bf577,04b6b856b16a682a6906b6ff778f7479,94852,alvorada,RS
d79b1235f2ab79150ac8dc5f33d3a814,3d544f3317528a3792f01bc1edb9bb52,31230,belo horizonte,MG
9329d0ceca507a1115dcba397fad17a1,ac14942c0566a61583dc1aa03ed17c68,97760,jaguari,RS
4a09496c03782d8f7e5d9fe65d3da015,47bfa6b41a13fba5d7a8a528dcdee44a,85801,cascavel,PR
bb3bdf949a58ff74c17d6aa4c1f94da2,0242e42b2210c764b47e099ddeacd742,49043,aracaju,SE
036c6fdc444676377a8190fa248c7563,81293696c91c32614522ee611bbaf9b9,39812,ponto do marambaia,MG
8f061069ee6bdea1be38ac7fb3de2d1c,5a8e6eb55797c7b5e267339218b77883,15091,sao jose do rio preto,SP
c3dc6b915bf0b799fa7f374212b0faf2,c5056fac89d788e603663e403467ffc0,01543,sao paulo,SP
18c93cf94b9ce20197cd914715d8258a,ec0779db0eb278ebead59ea3fd0acfb1,22451,rio de janeiro,RJ
6c94244091c0ea6ecf242283e1455871,6e7932d65c10afc9c622770cdf6e9d1c,99955,vila langaro,RS
6cd650d55491e2da73465ce4a420afde,cd4e980e57f18e298b12e0c7bb11de23,80230,curitiba,PR
cf4604a56d4e374de013f1ec35280d00,98af3235f3dc55bc74cb8932c64b3523,41940,salvador,BA
b9657b7cc5027452b17e328656a8d069,ecce6e1f0ea39149a8f87a8d3e0f0870,77015,palmas,TO
bf6eadd476364dfccd9590d4e14309a6,423f9e0c39ec9e6ca5b4aea2791393e1,23914,angra dos reis,RJ
cd1822306d5e43d356c576efdc0eadf1,b0c3cd877e81291a25eb0be8b1919458,30160,belo horizonte,MG
b9b38aee92229fb6ba88fbec878f1743,79ad2ad9d71899f7cf8b622f0575760f,96450,dom pedrito,RS
d610f3f7d9676ea7a49e0246047bb7b8,c87b6aeba07bae272573cea653066e30,36850,antonio prado de minas,MG
eee54012f3ee01c587f3c2ba276b8094,667f836c6b4cfebee7ed74b3bd753da4,27916,macae,RJ
de4f592a5c6155b2fe6f87b30aaeec9c,19a589165490fdd58381a271750e959f,99704,erechim,RS
7b41c0d366156b9e46d88f8d8ee291ee,35f9bb630a4d501963ca0c62f00ed2af,22020,rio de janeiro,RJ
58f28288856f391fd920e892adde9393,71a26c172a544ccc789674f1fab9d951,32340,contagem,MG
5da862c892972d042f5dfda14f1d6c98,4ddabde26cd4b8378ccbdc76daf8b745,29600,afonso claudio,ES
0b18d4eda847aa4c48550e26283c5675,51bb3ee307c7368a97297c6f7d610897,24445,sao goncalo,RJ
b4051bb7f29ee4b588846c865187bd9f,f982853f2882760f3a52e7bdfabb1080,03127,sao paulo,SP
baa4ed05f22ffb6c4a41b71b699a492c,d4c784ecad19dfe09e63ffaf9ada82a3,36050,juiz de fora,MG
a08ee5910f78d3f2b79a0e861d0c6d6b,b2134aad352ca60e5d20703c91965f12,90660,porto alegre,RS
eff6dd5f7eb45e342ab116b60eb019b9,f50aa76d289c3ae65611348ab6eeeea1,05443,sao paulo,SP
264d206dde5b28c82a52d2ce11d765f0,40f94a38b9e0e57adccb0d0b2811e56f,33925,ribeirao das neves,MG
ec4fa69a3e15387b7581db26490adfb1,52d5ddebc4e87a2c131e2cc4e2dd5128,40260,salvador,BA
48d85e07af2e0cf0dac271b518829138,917b380ce5d462b47faacf6f323267b1,30855,belo horizonte,MG
82b07eb04567873d275e64c6517407aa,e833bd17118e328c76633e24cf2e0337,60822,fortaleza,CE
ebe05f984c0130e49c774ce2c9688835,81133c6f891edaf2cd1193b262ab2ba7,09403,ribeirao pires,SP
260e71f4624185a5b0e2197b0db65ed0,5a2dd188fb9a8d352f8a3f3fecfbcb8b,30380,belo horizonte,MG
650a73a3bd9b9aa96aa43406dd84fdab,da213261705e114a5d85e48535abf562,04455,sao paulo,SP
62c2b34ef77182d555a097e092cec25e,60ae910f58006f096b4d848e5df0b6f1,14804,araraquara,SP
7ddb7e4242fcc518842aade22f5bee4d,49e67d53accc3f7540aa695b147e8b05,04547,sao paulo,SP
54ba530ce202f1554612132ba1d8b42a,c28da029cfcc1117ea1deacd89eb66cb,89251,jaragua do sul,SC
14d70a0cee529bb63fec5712914c3938,7276cb915f742003b52d4ca829ae8889,18530,tiete,SP
d56aaf069a7ccf464c06b679237f1677,8af1244e6dbacf0fc551a2f616f6fc83,05639,sao paulo,SP
8e75040b2365871c96071a3baa129e93,7ae0d91d3f88f2c52af40452f113167c,76829,porto velho,RO
c4dda7f2ec051e0b838519a511d05cc5,2f44b1531bcc638088bea8fa3415bb2b,09572,sao caetano do sul,SP
a72282d3fc20f2e29b2659372f3aa616,814ceb72855a60059e5065f45a1eb320,32241,contagem,MG
8f16e922756eecf1efa35a32d3a57fe5,cd6d36ae7f6cae0d16e84f588958641d,20091,rio de janeiro,RJ
4e2a379354e75a4545a46fe69949844f,7089338086f563475ee59d1a0cd64ebc,90610,porto alegre,RS
937d932e4f3d619420748f0f4a86a74e,e6f6acc2074b58f269526302f3926428,13417,piracicaba,SP
f1af79ed0c452b79fec6a0217f60a6da,634348bbcede56e5731bfb277a34ca80,05642,sao paulo,SP
3441b9aa98014569ee95cbff82a03abb,b218733357b8317b5738bf9fe3c77b07,06449,barueri,SP
df38e4bf6bea1bc3216d53bd5cdc3150,d763fa89191d92874f9099e028e0830d,24110,niteroi,RJ
0bd07aa3b518a209f19344537fb1c5d3,5315ec6f9f93844fd3c64cadffd9aa24,72006,brasilia,DF
a68c6b39ceff533ed6d5fc3a811880d9,9806a96016a3996fc646461148c7d1af,88330,balneario camboriu,SC
23ff057c563ba09553c1a7d37520a43a,def9333965180d167dedac744dcde41f,48110,catu,BA
a3abeac424922b50be0508c7d3b9372f,a31ef19138e1e8ddad1c8c30612a044d,18010,sorocaba,SP
c2b5591d50732618e8245b7c01bda8cd,083b54b120f24dd1d5ecb1c11322d043,04775,sao paulo,SP
857df1e83336925aff428375b48c55e7,33a419b0647279e06d968238c820a7b0,13272,valinhos,SP
0b06b92f20cf1c739acdceb0e6f6d937,36903c46142f0d9306077f4ac0bdfc7f,06810,embu das artes,SP
150f3b531a30c607299f88011664e2fe,de262525369d8e5d5fe802dcc7935b0d,07232,guarulhos,SP
35b6010ad8b185e27365ae8366cbb76d,e31b80f478df67bee358c8d799deeef7,71805,brasilia,DF
3ce436f183e68e07877b285a838db11a,871766c5855e863f6eccc05f988b23cb,28013,campos dos goytacazes,RJ
4d69d33edb867a842ef0541c0b054a3c,26dbf32c0f5056753b7791105d7a2f87,01416,sao paulo,SP
96eabda898a7f9126f253a6cd3d01c4b,b2b3bf7bed51d6b3bf22cc3a1373fd7a,68380,sao felix do xingu,PA
606b9b7f9b4d451c3824adc8386d0557,06b609212808563b18a3f818b86dd01d,05858,sao paulo,SP
8ba616c70c41e2f52d237e2a71935d36,d3867b64ef2b3d2de8a592df7574ecdc,12248,sao jose dos campos,SP
1a594924ed06b136ec5af68177151e92,62b29ec72b9035f9ecff5f5a083bb59b,40370,salvador,BA
32cce0517ae46ccab825ee186eb8734e,acf584f769dffdbc8e1ffcf59f1c5329,14401,franca,SP
75a30ffc2fc334116e690421e357abf7,9b822290b458222b3033bf2cbd6cf4d6,15090,sao jose do rio preto,SP
1fb69e1024c1877f914b04128cdef209,d47ae28be0ca67986130388a0d4fbfaf,38183,araxa,MG
9388bb1d7e8b53211cff72e787efb6e7,5d9e7d998439876056905e04fd60c5b0,22291,rio de janeiro,RJ
ff70b0c5553479bb9130858713a7e05b,cd02ea87f23fff05145d05e4275270e1,92320,canoas,RS
3dfcd3a85f0c320f16fec5214957d9bc,1a5ef844f7fdb7d5031cc2de5b588598,06655,itapevi,SP
9eaca8a90e67b6779a2dce5d3b4c434d,564fb2956ed34f0a78c1cc37d731f3d9,31530,belo horizonte,MG
ad1e6b608a4dca0dd25bf862939cf3aa,28a1eefd99d5c12b18c9e601df9e811f,15053,sao jose do rio preto,SP
e04b0d3e98bf9cb1ccbe50eaa45ac459,043098c475f50b4e7be9afc9b679f2fe,37014,varginha,MG
89a38ba4d20d8cc109418096b0e3cbf2,d8e3c474b7e5ec5768bed69296a6d209,22730,rio de janeiro,RJ
2f73503d3f3d923095acec18ce04c30e,aa5d6d18f850e370ea0c876268d71d68,89284,sao bento do sul,SC
0ee2a7b14cf16326830092602fd73cc8,116cd8293368aa691e14ac9c9121e3ca,45540,gongogi,BA
5c3cb5ad39b8fee43aa5c64898cb49b3,a11fab839d5f019d86ad3c2970545a5f,76822,porto velho,RO
07a0ad11f72463d647871b9d2d00058b,380abe06766cb6b5de4f47b5ae50a422,71505,brasilia,DF
f66684cd226d7d5cbbc43491ac08390a,f724ca9c02bd1befd3b12acce13f45fa,21750,rio de janeiro,RJ
1b0555269127c13e727a1f3cb545faf2,29939d49096b68defc67b5d5a24cfb6a,81830,curitiba,PR
8638f9c20217d9ca8eaa2bd445316c7b,b84d0234fbc20556e933bf38acbcd21f,38440,araguari,MG
bbaeaf6810cf76b8fd38e746520c7d3f,e961aba0dbef8eec5dd1e8e43a20fcf9,03581,sao paulo,SP
ae6df2d35c8f67cdb9ad5648033a1a2c,9049f1d2b2361e33e5104ed75d81c1fc,30626,belo horizonte,MG
3eb6b717fd80b094c121c4ce049cd3c3,a020e0fa38c4bd302abcbd88e4f6bca4,91050,porto alegre,RS
871215ee1ebfbec40e40094a0e69fa65,d45e0ff6c8a8b9db15004f8a7391a009,89500,cacador,SC
fde6d4f410c038c07dc7d504cd4a540b,dea99e99d6d263f5d87cf500007e642b,69906,rio branco,AC
8c89a09d8fb33b6e5dc8a769d6b2bd63,148a35e3469010c9753897362d1eb8d0,08550,poa,SP
dbb2d80e2dc498f05127173933a375fc,39e5c3959933167d14a989edd3b125a1,16880,valparaiso,SP
c6905c5022f61e99e31ded5f939e702b,743ed6ce1c5998dc0eb766e38cfc7461,13770,caconde,SP
1ef2ac142610b528b3b67d6f21725fa0,b61cd386c324cb8c071b4bd6ce7dea86,22290,rio de janeiro,RJ
ace839d3162a61fdbd51b08fc3e60a39,ff5017601705e932d5545e0eb337cd0b,08674,suzano,SP
9176004cfff177c805ac4a76bef471f4,df9186bb707702970febf194eefa749c,22031,rio de janeiro,RJ
4554f6ad966ed603236a802f8edf11fa,92f19b4906b2ace6d6a453e6442d2a3a,05717,sao paulo,SP
00bd2f03a3aeb727b9c7bf7c2a1c094b,07187f9425311d0bd2a5451169bb8c3c,21745,rio de janeiro,RJ
a3e919f4567ef43cc1a6b171c5900f42,c6f494dcb0a7ac2cc4e151332b7a6d3a,15091,sao jose do rio preto,SP
2826dbfaa1d90ea2b97c93c35fc4cd92,5d5fe6ce70b1d9f2163eca85df9e6f85,78043,cuiaba,MT
e000c51c02fb75809f4f2864f87fcb12,46e8adbe1802b0aa1d172eb1a4eba9fe,95600,taquara,RS
f74fb337ed11fedba7605dbf08af6c8e,f127a7f533042f257b45c2e3df20360b,72023,brasilia,DF
1ae3d1ac4e9f72126d07ba9dff0c3762,ade79c7610461d8dcfe7fe506c327cea,13035,campinas,SP
7162b072ae82b7b6161abea798d5909b,4e91b84bd3941d31daa28a76c53e9f0c,04551,sao paulo,SP
4d4f9c5434e6be54599e84421b48e384,1a328a664417dc7cbff0ed7df49f5a3d,13564,sao carlos,SP
c4f94b1fd815671d9c73e9bb730f2075,4e45d04dd97c6185e03a374d0024ec04,60741,fortaleza,CE
7db1a1c96774d32cbe8d8a8cc2686211,881bc7f0f7982cdfed5ad1d267784cf2,04548,sao paulo,SP
f40f31f8bfcc5f74d9d246354b90af09,8e62db6f625288ad4792855f994abefd,31050,belo horizonte,MG
88797eeedbc6f829464f79b5fb7dcd63,90a6aa7680e62af26d898652c6457688,11702,praia grande,SP
c0ee2597fcfedfe7a39872e74ca75f73,3c38645e45e10d29cba2897019948d4e,74913,aparecida de goiania,GO
a08e096b01b1231d0e7b11cb0cbe0fcc,c4ae87fce2efe3519539c085b11b5bb7,09195,santo andre,SP
fc5e4bfe03533eeea603a12179af3388,582f16f6e7c44c004033eea0aeaf9b69,39100,diamantina,MG
a553a10c8f858e664fe7cb71db0697a4,5e107b75de89e62514473ed94a99aaac,13086,campinas,SP
30bc4543eddb2d5677f3ef3245826c2f,019890d2ead42f267a2c66919d9dedce,14680,jardinopolis,SP
888c9e6c1b81d921be22d597e458b16b,798b4acd0a8a992da690fff78c5b01d8,15043,sao jose do rio preto,SP
75321717fe3af2a3148090d18c699f9d,be83d747a325c0b259b6717700622e36,55158,belo jardim,PE
2947b1f5493e916b287414dc93e1e6b0,bd795d5de7a0119b5460d76f411f31e6,02757,sao paulo,SP
1eeffe21744883fbf61fbf138dbb8eee,eb859d4b5ab54b643d2c0cedaca0c9fb,05713,sao paulo,SP
f28dead4549d1753510b2f16df5724c8,1443b4d9d053e73721c7ae1f5afe5f69,25850,paraiba do sul,RJ
9eee19151f5de68f264d26aa58c990ee,96aa1d85351c471e25d70c9bb0444cb3,13205,jundiai,SP
c3c91f40e481639af088fcf9a9ffa1d0,5a7f39c25c827a1355cd76e498b3737b,13240,jarinu,SP
5370e275eb7b56d78bd41f03c6446232,65290fc39fc326193c8a5b9c71aee62f,29101,vila velha,ES
b92268b0950d4673dcc0b8e1fd1ae17d,5b07509a8573da7473f8e94eafd6d985,88301,itajai,SC
704230ce6edfc1682d86cddb7f8216ae,eba95c4194cfabd51ed78f00dad89815,14802,araraquara,SP
75aee3f7800d3d43002e7d5705c31b4a,a75f7dc2280a40abca2b882ed167896c,20010,rio de janeiro,RJ
1b606aeedafbe92f4c55f4fcad9dbcb4,5c17cd275f9dc9a507ec06869723e0dc,60355,fortaleza,CE
111c5a4d2e3b12a1e4b8dd7fe3e4974c,646088d7a19f34888a17b2e6f5045a7b,04795,sao paulo,SP
5d1fad5801ed92a83f407f90977d08c3,07292d06afd6c45ff8de56079ef4cfdc,05038,sao paulo,SP
17ec3674dce86b3240e0a333cc51112e,af97d12238b4f8b2fdd11edeaa843655,13330,indaiatuba,SP
3174268a8b7e3f6eca7629f077ce08ca,b66611b74047f43bcabe8262694b1c59,29450,apiaca,ES
c7c1be68d17bb1a7cf04dd15fc4d9331,92e2600b1049f75778bc8dc7aababdf8,12241,sao jose dos campos,SP
914f5d77198dea1b107e105471d3db24,c07b5683ea7097bb37e20414d341cf05,39563,santa cruz de salinas,MG
6b4604fc99e30a8ee23986529ee05c09,303455eff9d155d26c9a7ed960fdd099,22790,rio de janeiro,RJ
6460086b02eadee2bb54c83af13698b0,051be26c01eaee2404f19132b80da15f,26272,nova iguacu,RJ
7496d369c45e3249794df2d9b132a3e3,7fa12ff85543277b8842b68a31eca5c2,15061,sao jose do rio preto,SP
7f3c887db8ec3506117be4612105cf28,b5f9e64d3695a5af924e9906a9644593,49027,aracaju,SE
30ff74ba6ed04c0069481436021bc4aa,5cfc9643603c095fd7ed86a50fa17887,04911,sao paulo,SP
d4af02c83608285f0bd9ff891130c980,54e2cf457ebccf1c8b95760afa7c44ad,30350,belo horizonte,MG
8ed6117c357c24a9dec01793baf6a633,f16a1c72ac2205b12c667fec104005d0,88390,barra velha,SC
f9838c605267c6c32feb7159929c2200,7d8b6151fc4a95213c0e97795fa0f496,38414,uberlandia,MG
9a237694d5e6ec690282d214bab91bf2,0bdb1b5e412a2098545a552a2c091686,58685,assuncao,PB
fcd60251e4d59045571d074bc66bed86,f6955f802b2c8d4d88d57fb384f049c5,04852,sao paulo,SP
06272f95035856cac16ee21693dd7302,dc1dac999319e4de0009df7ad0d02104,13225,varzea paulista,SP
c105b81d3a6a33851246796a88ff749e,de1d8c78e49871e66ae405cce55c243d,90630,porto alegre,RS
407b735b2eaad546c9f7c2eb72b1538d,b91add0cf526e3af1deb10619aff244f,13478,americana,SP
052c33d5b6909c0fe63290cb7bd7c08a,0cadff7d5cd315b0367ce51a17c41814,14096,ribeirao preto,SP
dc1368b3293e8248d7af56d7ba24273d,9b8f3d8609c46a052f42209892c701d3,25912,mage,RJ
6883c3d514d170daf2897e80efa0be75,518b0b55834d22183b3b05a5cab22ff2,30130,belo horizonte,MG
1fb2b3173fbb54f9f1cd14e45513f194,4985c6f86aaf1460d9b6fdc74465a5a5,13044,campinas,SP
a43434ddd74de3fb686800674a4f1af6,382f218d24aace0e7a0bbfb045399cf9,37795,andradas,MG
10e63f80462d8c370b091205b8f6d005,165da6d1832da52e2e9de79d562975b1,46400,caetite,BA
0c304fb37832102b8d85acbc63709bb9,3a5000ef81fd13a47220d0e2be38670b,21011,rio de janeiro,RJ
1cd3d15b7c69baa3eba6c7807213f1ef,e3349609920dbb683a8a722145190510,85856,foz do iguacu,PR
2ec5baba2248f403e2877fa9e679045a,a8a45b31b10712524b5502ac6bc37c1c,57037,maceio,AL
a7bae4e3c00ecd65443abee9eacf6614,456355e616b6b9460c8fc10a904abdf0,04166,sao paulo,SP
bcff000958a18b5cf3eca5da492cafb4,90543929698b636417102dba4ee5fd8f,64206,parnaiba,PI
2627062e62fbbad031ac86476ea46889,9d73d8f25f88429a758525f465ca627d,40230,salvador,BA
1477ef68b5dbf1417fead5a9814cf047,4c05f8d6dade0512d22f8894e2b6b2a9,05414,sao paulo,SP
bcd0281b473e8ed4e0a1e37d73e059f6,79562ecc27202f3eb4722d854306c3a1,50741,recife,PE
3180b241917d07e27bd46aac80ded579,06bf11f58f4a6b5ab7dd1623404bf672,30120,belo horizonte,MG
23b8c6b8acf581a5d3c4bd97d55c86bc,83822098b0d5345dc6cb790a224c4492,24460,sao goncalo,RJ
fa9aeaaa3b42642c3b1d4e53f0ef1d2b,0d66c742b4e9676af77e40afc4522b89,74643,goiania,GO
08e7487578bd3fb98d11c5d95f1e5db5,32cbbf7b9770feb67a514300686f5485,36120,matias barbosa,MG
cfeea068ddb39d98dc66cd1804936dbe,0f199a41b250c91989536f3a176e85b6,68909,macapa,AP
bf715f8713583bb9ebc5dbb551b8ba30,c84fb7503e3f8d3f1d094719abb6683d,22451,rio de janeiro,RJ
93c437a123d1d0df54db7df19b321939,0781d2b5d775af55bd8995124c50fda6,85555,palmas,PR
782b6c1a1f51674763812f3c1aca9000,a40805af4228f795553dfc24a25a1aa6,31970,belo horizonte,MG
97712f6bd218a7c7f252be5bb6e75f69,9bef825c531fc3631584df912afbb0a0,76350,rubiataba,GO
5864fb114a78ab4aedd6cbd78b64649d,2589382717c36b8180dd00bf8858bf50,93520,novo hamburgo,RS
ca93eb799ba9cd57573661a4f896e2df,90055272cfcd6e5513388ee9d98e8da8,36512,tocantins,MG
d1805669744b0cd80fed4d80405d75a4,08056efaf8c9775d8e5472281e9001b8,56640,custodia,PE
181726b449c55cd7f8338b5d4609c2dc,7cacb8e960b2e07264dac972eb1acf29,35460,brumadinho,MG
b915e678efb894d35e8ef23dabc97e85,c0827c312eb6ede446cc8e0bec6b7893,08775,mogi das cruzes,SP
7f6a163f7d28e407e5eaa735bf7014c5,3e13e5843eacac8a8ec14b42e8a7174c,70767,brasilia,DF
daec67ae8b3c533bfcb79c3b3990d36b,b9f3daaf766fa1f2d111eb6b8bf8eeba,27933,macae,RJ
f8bd07c127a4ae4a6674d9af09b1934e,9f4017b249266e585fed4d44c4c1e600,17210,jau,SP
11f0c49caade1b82c30832ba7cb8fb5c,c165b645d4f9deefb1f21f9d244375aa,08670,suzano,SP
4b7395d051260eca36885f07f32b5f73,ccdc2cd25c64913a68fe4d44e43c7402,17410,alvaro de carvalho,SP
e0ee6f058f6afeb08927a7eb2d1aaf40,2c442bb928496c5188ae2b0fc9219535,72405,brasilia,DF
77ed46145075364809e072ff0cb625dc,dc011171327975b1279ca5bc4340e9ad,95720,garibaldi,RS
5e2ad1cfbbd5ff1eb07d7612befef8d2,8aafd6bda51eeab15df1bb50be299db1,17700,osvaldo cruz,SP
7bdb92316a87205522ada80a430b87dd,54e1f666a8e47e1c375543e70477a863,33120,santa luzia,MG
344bcdb5be77a9718607ba86ca48f765,546b0c5f60edd7e076dac9b1c637952f,30860,belo horizonte,MG
ef8d59a019f2f85c6ccb715d0da3947c,bc9c66643dcc92ad53dc9805bf199c8b,40260,salvador,BA
6645b9283b1f5f504d00cce41870864f,49746c4175293e1bdab705a1c0a4699d,79093,campo grande,MS
060a46317755b43c75aa45102a4e96d8,096dc12ce4dbdbcf4bf71eed9fc3a4cd,04019,sao paulo,SP
34fe94e0f8c2656309bc7972ce64fa85,40d75d25d699193555e9e46e647dfa69,65076,sao luis,MA
a302033b7db39c0d3521b729a3a64522,a0988feb55f4bf6cd3643c2a0d8d3899,99670,ronda alta,RS
023d1d56f9187c91230a4e8b50ab6fb3,d87cc9520e3fd47ef88f7098e51afe8a,45051,vitoria da conquista,BA
a1a6d4f18deef15fee3ad4b6f36a7ce0,1c83b776b851b057dcc32bb2fa5edbdd,09401,ribeirao pires,SP
5c92c75f28189ffd8cf952b2ea478b76,232e3f357bb1feb6975e76a334813259,44380,cruz das almas,BA
c181ea8a3ec364246642e36dae84bf30,51d121ddc025c1b70f8f62a1b727aecf,76870,ariquemes,RO
8f017d0d38c8cc245c816da55fe4a590,c1d47a6886013c01fc605347defed7c6,12226,sao jose dos campos,SP
560cd84a537eca710953d516675b4274,4a50538f55d9f8e0b2b54d1a49ad8d81,25870,comendador levy gasparian,RJ
0787afe87fbc7be9114a66325d1a5481,3845629d8ac15f4c0e482b5d68e608d8,85555,palmas,PR
51460fb93e8641cb759c87b204e1fcd0,f7552fa99d127d895bc39a3d3fd2beab,23092,rio de janeiro,RJ
12b11f992889101946980981fb471ab2,5e15e6aa831179d018ee6caafe4ac330,21940,rio de janeiro,RJ
46c8678b6afe29d90d3142f31ff01791,dd9b235dbe7d48c82caca4da097a2240,13560,sao carlos,SP
90bd3163f91abddea340d03ca4eaf140,bddc05c034061c84f92fe1710bfa5fe4,14600,sao joaquim da barra,SP
b3bf953a576c12bd6c05c6fb3ca27e4d,07f6a8a8ed248be9ae90368c379b1afe,64600,picos,PI
80f48bf1d049cdecddea8ea5086b1264,a55d6a572f9ed8a230f10665db325eac,25655,petropolis,RJ
9e4424cc993d9e0c8042f150f89a0a9a,745cbae3ad0a811ab5cbf89c0ecdb280,03462,sao paulo,SP
6d1e32657aaa25b6910098474e699e9a,52abba659c0a219f8de7076dc33e0e83,06414,barueri,SP
6d7e3bca55ce37a6c791ee1e96f4e6bc,285c863b24e651c7fc879928cbf422ca,62860,pindoretama,CE
e7503fd14d5b4122c366e457104f8ead,12261e84e0ef3349f9e1bfb8da48cbaf,97105,santa maria,RS
ce99258e67eef2067b629f94c0f92100,7ffa2a1b57b9933dcddfb3684fad51bf,05428,sao paulo,SP
3c37b657b1ced423da2197f90b1c4c5b,adb85e5d4f3c0713ac6d43cdacdaa631,07940,francisco morato,SP
c9fb84e88f11e478d569305888e89920,74e776b43740a826ddbfb8677c4d6f4e,35162,ipatinga,MG
5f1d80961e9cfde25d058cb035671c1d,f4834f89f6c1cba8c1ce4ad1b99c4574,41706,salvador,BA
457e255722e958032b50ff72dd15a4e0,dc87b4f4f0af2ecaa16efb92ca1d34fb,41770,salvador,BA
e30bdf332b6c38f5f22d50dec12282cb,54f3fab90f8879fc698930fb6de60758,65058,sao luis,MA
90efed13526439903b044c40844a38f3,7e593ba917a89fae306521374d488a43,70835,brasilia,DF
11ad0ff67b7fb20bdddb437c0f60301b,2b2a8548b5552173e43563660de11e2f,37704,pocos de caldas,MG
d5b976444c9257b13cf100dd0933cff1,df69205330ca51a4f5312b0ac01918f3,35650,pitangui,MG
1e693b1529d492f7e34a9ed0a166119a,549b73a4d09e5035dce01ce9a3e8f6f8,37200,lavras,MG
8914e881bbf2c9017c99a75e418b5aba,02a8100f33055beec4d219c04e7d4318,02178,sao paulo,SP
53997caa650ff808a586d343b0789fd1,4ca8854dd8e7df762fdaa3141840c47a,06080,osasco,SP
69a24d8e0de91f88acc612cb7d70dc1b,466a171e9af288fa7c8d2e5d90c7f672,14870,jaboticabal,SP
130db473eac67b544bd3813c3a92cef1,8841e54bd927133b28c4a134665c58a8,89560,videira,SC
7eecabb09b5cb3af852caa2a9ab2d9db,a1d0117ac83976f19030f953c2ee8d0b,09811,sao bernardo do campo,SP
c785736d6fb1a0a904195d7f5b709f12,1162122f08021a557cea96e02100380a,43870,jacuipe,BA
97a2a07a99382bbf7e4242fb9282c7c3,ac787a997e479fa231077505fc46993f,33600,pedro leopoldo,MG
0b3a8bc8ff126326a4c6bbc3a6cd8589,77ad9224083ef77343443cf772b6a872,02309,sao paulo,SP
a884bd002c145c1aa0b57429e7ebbf2b,b2bedaad455ab6e463c912cca3e0ca8d,21211,rio de janeiro,RJ
707505827f1845cab9776c719afd1362,0205ecc1296100f97f4ae03e22643b8e,22440,rio de janeiro,RJ
e3675484b0ca35cb2ffddb7ab5258a9c,28a13c399d434c2c6d3ff1414d22b36b,01414,sao paulo,SP
9e43617117f81bfddf4b3ec7625752aa,218ef0d5d3c10267b7929241b0ebede0,13050,campinas,SP
4ebc2a023f9c5a95de15d342694a46a9,438c28e1e3970d5fa0c446a453377a33,02038,sao paulo,SP
dd7fd70977bfc6a88921cf540c612bab,4b5fe1a918e5ed2a0f61380b3d280090,13345,indaiatuba,SP
13c8bb7cb4c9d571930eec060bf12c05,e9a6501768a8cc1125752e157da21cc1,11015,santos,SP
edc347d8ae380a3e06d090a7991004d8,1a09c9c9a99266a1bd2185c19e0fa9a4,26525,nilopolis,RJ
54686c41e86854e35879efbd1c2cab1b,af11903c9def1d99643292e8d695b212,86185,cambe,PR
c704a251b5b82dd1600d4698fdaec3e8,ccd7c35c41d80b77693fb061d3fc36b0,29930,sao mateus,ES
c1763055037cbee9f13fb9f115aea5a3,58c7ab6f4e2267d572bcf5c3a987a01a,13212,jundiai,SP
686ca7499141a82f95123c370af061b0,b14edf7220c5c77f27f11567178c24fb,12228,sao jose dos campos,SP
44e25679aa4d5d2ef5103f6b0174a586,613259d64ba972e49dc25b019b7918c3,06414,barueri,SP
126e796f3f459d75233ffae11eda5001,43128f4462af59091a28f9141a3ee7ba,24800,itaborai,RJ
ee9f2791dfe348b8200f0b687b00a15b,69a8d325e30e0124f7c73277cbcdba35,28949,sao pedro da aldeia,RJ
449baad385972ba0072cbf4dbfc18e34,dd3718773d0c3e14bbe8b2b5405113ab,09090,santo andre,SP
26355ea90aab63ebf5e90caa825a943d,f765c27dd5ad5be41dd370e1ee4657b4,90460,porto alegre,RS
c6b038c09f9bbca007a2b874883aaa86,469c0d6df1bb58ae938abc0926b4d146,09090,santo andre,SP
61527352a91ee41c02fa8c3bda8423f3,8d7f6504c42ffb20375cb6c48668601f,04050,sao paulo,SP
409d8651100f3d1bbb9a4c2b563e37f7,d935573a3741e4309600d03abab471b9,13271,valinhos,SP
c6988d3eb60c30b1d49bb022715b9418,bbebe4b8eb77c193d602f15005347dd6,02128,sao paulo,SP
9e80bf15286ac4efa8833654940b0e1f,ab744045d2445f5bae53b57a4b99bfbf,09240,santo andre,SP
65ff7614e2268f51f715eb6fc1d899b7,16378852217ab73885b298c10a820c36,05792,sao paulo,SP
582af08f73e4b20bd0588b19280e87c1,4f53265bfce2fdff3352fd0a0aab5b56,08474,sao paulo,SP
ddd97c5c66119bd2fe33f8709f77ab7b,c9fb70924f052a5ca6c30588acd6e87b,94910,cachoeirinha,RS
5e67c2816f006a8ef69b3e9c8a5fab8f,fcfbf5e1af0aca3119296ab84a4096a9,76180,nazario,GO
aec38d4420cfbed169a7d1e2163a8154,f4301dc158276be8a00b759b7f1a7f22,03580,sao paulo,SP
ba4d6453843dce644cb8989cf3267583,15cfc80189a1e3899b876f17d09c48a5,09668,sao bernardo do campo,SP
79d759965d96166fd8926ab2c6353747,20b828a2b9563baa2dc1c0ac4142d3b2,18052,sorocaba,SP
db256fd07ff78521a748e1b8f516cc9e,69ff0dc79e2d41cd986e6b794964d70c,27130,barra do pirai,RJ
35a5f209fb977870cf57ca5564033679,065dcef61d5f66b30d2ee51b5343d023,03254,sao paulo,SP
4efd865536f73395e0cada04bc3bc468,869f7103c7c63c3b9d43b64a805f7efa,85760,capanema,PR
eef37fcb3ff9f4de67b5378e23df22ce,eb783987d9d9d01122c41189e639a052,38190,sacramento,MG
c8dcc1767867cf118c0aa5f86519d14e,c540e475e972fedf571cd4f924382f7c,71929,brasilia,DF
e27201cb2a28267142162d8a9d0585bd,68d1040bf3b992cfabd1dded3b8bec39,60165,fortaleza,CE
92422ec9b02504c4d12eecce874990bf,26ffd81154d2a5dbe5cae3dce93289bd,09030,santo andre,SP
9e2d9c6000d88cd4b51ab4dc2bc58ef9,2d7a88002fb4c6073fbef4f59707a0e0,13504,rio claro,SP
5ab56cf5cc9c12dca123f986599f88e8,f18411d7b672c537a95a716f13fc0b17,04104,sao paulo,SP
c68ba7c278daca261cc3ae4f90821d39,819ab4a3def491b5cbad94c02a997c7a,36010,juiz de fora,MG
ef6df80448de23799ff246c3c898c8eb,92ebc42647a2339f0ba0c33f84d9bdba,11432,guaruja,SP
7ecce0bacad3880044f145069b089f3d,05869a56cb7edf789454b3ee270a0888,12090,taubate,SP
ae632365142083e22587dcd1553a1cdb,411305558a54b83e5b855784de815e15,19400,presidente venceslau,SP
0355b0162c38169d5cf921cb9ba5ff19,0da12f504835aca6dd7ca0701c736219,12710,cruzeiro,SP
a3bac6d9f128db48e46167f95d96c523,69a8a056b0546417f2c1b91e3f210cdd,94420,viamao,RS
c3d53f4a39f61b483aa1746e60a2913e,a8807a4faf40da4e8def0353a612677e,38442,araguari,MG
afde51cecb61ed0a18a8c3c1b6ae5b58,71915dcc84d0e4eb3e0328b4ae1fcbc9,35300,caratinga,MG
1e61e36af8fe328f476f84c356416d74,96d3ea0bcd5244480b7ff75e849274ac,13450,santa barbara d'oeste,SP
75de575b1ac67f10d725383d4ae0b0ae,9039374bda410ee8513eca78503e2ab3,95045,caxias do sul,RS
f3084e580643e82bf08226815a75608b,d1170e97d8d0a3bc3adf9cea53d6f385,59902,francisco dantas,RN
18391e6f0c771e4f2cc815e155e61d53,e6daf89ad5d70394292f763272af2362,01548,sao paulo,SP
fafd3c824051e968be7f96ab5f6ccd90,c82e52cd65104e9b85f0eb9e1ecd886e,11442,guaruja,SP
3f62271cc144183c56e7db438c8cba08,56e1345d266f31c440bb8c809fcadd02,24711,sao goncalo,RJ
4cd82bbc6e8b838a998e3049fe862493,e79bdfb1975088838e230df4d810ca45,64025,teresina,PI
da2fbad9b2235c67c9bc7c7a274ee389,279bd194cc9790cf88fbd6442e3cf716,39640,berilo,MG
ec2b17a04abb80772ab4e8949e3dca27,cddc66766972c6d5da2fdd80fcefe1f0,17700,osvaldo cruz,SP
a359041b207edb61ae00ad420f6c4eee,a493e7ed9815ba5cb18de1cbcd24c68b,74655,goiania,GO
fe007b524829f7a174ea059a23bd0a32,13669ed999ecb4580c18d217fedff1fb,14055,ribeirao preto,SP
624dd44e174c96c79397a7f030f08e8d,cb393dbdd89179066ba265209256debe,64600,picos,PI
2142bf7ae61478494829dbaa1694eba2,6681ad9a826614b39ecc67e175aa2575,09812,sao bernardo do campo,SP
302de57ef1a178ee6e3c15cd99eb3edc,383ee4e0af292559059e0ba0415af7be,37160,campos gerais,MG
0ff624414ba63f57af8921508338a509,5ead757839be06943952cf4e7daf3e19,18090,sorocaba,SP
5aa561bd139013f322dceb6a71550d43,70020bbf1dfb2e3fea206c92914bfade,65631,timon,MA
d987da9fb4086ab7c2c0f83963cd6722,870a0bdc769f9a7870309036740e79ea,02929,sao paulo,SP
bae1a0b2aadd71117e8541c15d38e2ef,a255e13ba1ee032f875fd46fe06348e6,65268,cururupu,MA
f21fdacae3273ac85cc6e33919cae43a,f9918df9d176276daf7d13cdf4532b48,21921,rio de janeiro,RJ
2e5a6dab193ae7e25a8fffde134d7035,c8f5a894f02efdbc00a61cb31570cbaa,13052,campinas,SP
2c7ad69b706e69d968f1a25e8ad2e9e4,d0e1c3847430b4fff786eb978e6a5ed2,86188,cambe,PR
9d4454db8535593c2a2f165869f30bc5,2d55aacf7688e281b83de3ffaa61c058,30190,belo horizonte,MG
96c4cf1e729b33d09be90caab495d1fe,31d332d20895c5c0baefe55207a0fead,11680,ubatuba,SP
16730aef160c3f0c10569888ea9adb05,413d4806d97fa1f3c352ad517c1e1561,29163,serra,ES
532106a874f0e6d89668d5aa4066d9cd,92fa81dfd9136b1d242f7ba6cfe4f2f1,08576,itaquaquecetuba,SP
55e24d33ade77f949c22b6e008801c15,71d99240b28b20f7b0d9046d9ff6cbe6,02378,sao paulo,SP
0ef08c64c1b6a57d81ced188dd485805,54459c8dcc6b3c1e10e8a06652bad423,29152,cariacica,ES
bb02acc51461fe7e45f7fdf63d18072c,2586fca3220b925aec835cce085fe64e,65709,satubinha,MA
d74b39df7717e34ebe07e263211bfe52,c823614af4977d762bb41c573d869535,02883,sao paulo,SP
964774f215ba0b9375ea15b85fe87f3e,c59f1c7d4d0ec84a1e1d7d6c2bdfdc42,89560,videira,SC
ab53dab22635ae74adb0baa0689afcc0,a6d070c5bb1625afedbac4c019de0176,05783,sao paulo,SP
f098b709bc90c53838898e66da197e4a,27dee3bb3d5d400ddea5b3cad3b11425,99470,nao-me-toque,RS
3dc408efa49b52c61d521247efe4a270,2b4d2f593e447bd31d2cbb0130ff78b0,02763,sao paulo,SP
37dafcdee86df7843f93d4b4d5325dde,282586b515f07460bafc6bd7eae5359b,04306,sao paulo,SP
975b4155ac0320833dc30e150b1d5ce0,69eee323aa549b444026553c25e378ba,35740,esmeraldas,MG
3570b59a7408f4a3aaa95d2c0485f243,dbdb8cb37ab46bc6abd4b6cb246260ea,81820,curitiba,PR
ed19fa6ce948d52be769926c2baaa17c,0124721bc33e0aa6772b42d4ccfd01db,38710,major porto,MG
5cbe9410f3ea413f95d0858d75f0a42c,14296c52ecd7063d06a69f915d801299,15700,jales,SP
7468faf86269782bb3b6c30713954d28,b337dfe78537a9b13455623c29eb6de9,58046,joao pessoa,PB
50d6bcc25f2532c7a92f144a21187705,e4267ee795e0af3be8273761caef9bae,61610,caucaia,CE
7a24e4852c5145e3def732c1bf6da68f,06e1d389f74c352f6e4e4c0436e1ffcb,27700,vassouras,RJ
9c29746c15ba972bc51e23fcdc498216,e449489aac70922208e33e080712941c,27533,resende,RJ
8e0193c71b2b59a05148996de6841d58,a790b79aa6d54b7d8936aa53a443d1ec,90040,porto alegre,RS
843492ad5fcb23eda76867776a3cea2f,c35d100ee9a5dceed9c5dbbdb242cd36,84285,figueira,PR
c2b7c8b9844ce8239986985f4711fe6b,268c76cfd8c07d089e62433b6a9e60a3,05443,sao paulo,SP
9b98fa6c604ac83f3031c2894205632e,967c5d41250c07265c4fbf6103a52f06,20260,rio de janeiro,RJ
f016a9301ce9a894a43e607fc0355014,ba0a20e238448e2ae8bedaf7a8e04393,89400,porto uniao,SC
12f00aefcd1d137844bb0b139527ffc5,36445bb429c8bb13c3f8cd6794723647,40451,salvador,BA
f2f525f654dc9fed6bb50aaa3aebb0da,628c378c96b96728dff8f63d112bbd27,29047,vitoria,ES
bd1b4c23a6f9365b44d99b2c7905cea2,cc1166c2411979ef1709678719e5d771,13188,hortolandia,SP
ae2702f08dfccf04bf793a9cea9a4b31,2486f0594797f4e9edc77f1867f25872,76220,fazenda nova,GO
36d63113a38882f3f464f8eaa96c4b1c,1f90117a847636892e3c5bf569f2ac68,88780,imbituba,SC
6048ec9b4f1c8b8c74d9c24154f84278,c2692a72878b08784d5cb04cdad4a91f,88063,florianopolis,SC
9e911087ac4b6bab9a8581e5df86a779,478718b4a397f32138833829a1215a13,49025,aracaju,SE
690cd79f4b00c6cc5a7ea781ca0961cb,786df84733884f34d941092d794dcee7,22776,rio de janeiro,RJ
0f27adc68b946466a1670bb2e30a2c7c,abfcf5294c0a5ee36b722b5773b68c1d,09403,ribeirao pires,SP
d0c26cf29062e8483e02761ab2078561,2ba79753c9f8a5c6fbd9be58077bdd69,22753,rio de janeiro,RJ
323660fcecc58704a6fac8faabbdd56b,40b721613372855639b96444338026bb,77015,palmas,TO
39f008f05281376690e251346106e6e8,64423fdadaa5ba5ca1b957a61bbea26f,05409,sao paulo,SP
2418bf588d6de0f09ec132820a6e15cf,5fa46f6e9387b360002615c36c0ae68e,72548,brasilia,DF
4fd707ca46413cc24f686cddf08ca175,aa7ec8eed57b57cba3883423af243b5e,11900,registro,SP
6ed04295dca042b17dc984a992352343,d49f11b7331d59d197d96d0660b51bef,13457,santa barbara d'oeste,SP
1bc8d7df252ed7ef6595a0323345ddac,2828ec50f07f48714d037a800fa806a5,12243,sao jose dos campos,SP
0288ac534f6ba035350df2527703ed47,237beb4b0ae00c80268b9b894ed3f65a,86975,mandaguari,PR
7d5867b8bbaa7a3f16a9f4f867960b5b,95828271d6bee6d5eedcd00e639d67a6,89281,sao bento do sul,SC
6b9c954ac26835161d0f34df89ca1175,50ec8b3270b283cd2e3795d744932c3f,02201,sao paulo,SP
1b191050c9ddcb4fcddae8677ae55983,9b02f5332873395c5af5dec8987ff4ae,91750,porto alegre,RS
7d445a9038b10dcb95db699dd5d9084f,a8c73e4441ced5cb5f0a78d3de155f9e,21640,rio de janeiro,RJ
de95d380cf871cae8dc79670a84a1bbe,eba4578c5f557801a1a0e70e71fd6580,37120,paraguacu,MG
6d9fe8b5637274da827f91f43481d026,4838cd3f23ac071710fbd49be8c98692,85501,pato branco,PR
fb2a6ee3f93f4a4d434cca41ba6d919c,d470c7668d56ef3894610cceed4a4b70,83260,matinhos,PR
7f4b6c52e1e85f2e166d5f01ea86dec1,b647de9a726557749e15366078e10172,07802,franco da rocha,SP
e067722fcbc90ea29be6932c863fea87,fad38f61bf94f5c7e3509e5fc4c7eb6d,12950,atibaia,SP
9f973a49bf25d6fbc095b3b5663b7235,62d04de212af0333758cfb1a2d98dad0,29307,cachoeiro de itapemirim,ES
154907344d231ce6f9e716b698c8c772,97981245c3257ea9b14befffd560177b,38408,uberlandia,MG
564b67a0cc888d056a2a238c1cea6dfe,3a8885f72277b1a3d1dde69e1780bec8,88340,camboriu,SC
10eee4da147ae9bc5f7b21f32c1fb3c0,d2b5dbb06b988b0d6d95c772f1d6dbad,75820,serranopolis,GO
afef0047e43944e8c6630ec0d0f7de2e,7dff353845a1d77a928dcb952c6bc966,45653,ilheus,BA
12a2c614dfc8926e793516b1638c7471,7139ee1d2ad919a82b6e68a29582264e,06519,santana de parnaiba,SP
1e2322453e139f015d7a024b4eb6dbaf,d02f32aa14aeaf9d657d1bf18702d572,24220,niteroi,RJ
3ca51c5c83761d83b4385b4a1cf5f191,ad6a319ffb5b85e94983a1be40455077,12951,atibaia,SP
1b7c152aba1c7478309329cfec0bb5d1,b3c1bc5b24affd7cfb96752860b44640,69044,manaus,AM
223b6f9fabe9237128ff072d99701307,7fae115999743402d055e4e73f1998e4,04565,sao paulo,SP
bcda63215770504537bdb7ae298568f6,a4268f1c2bea89056a164ebd106e72c9,70712,brasilia,DF
081a2d41949e652a50988fd39febb4a8,d462d9e30ff3df8b64ade2aac3cafc7a,04963,sao paulo,SP
0eff840a67ceab65fe61ccffdb12e3f3,8523dbf8d5d81b9b1e723c2a7631a9a4,13843,mogi-guacu,SP
5e9491dcfa20187b357f729effb3f238,847d051a044ae2861445b34294f8f5b2,36500,uba,MG
9e105fda1ace04054f1a9dcb17aea8f9,731ebcc2311f9728a34ae04aa626f4f1,98801,santo angelo,RS
03058eb4c0764d7c06ca841cd71ba6f1,d2931dde96daf36474fb9258d8db337a,18077,sorocaba,SP
607157d84f812059eef282a0468bef85,ac7dae85c4761570835de5d55d5fec7b,85903,toledo,PR
8eafffbc006c6986450ed2a5e6f519c5,b5b46581465f851df3529a30d2503f59,28470,santo antonio de padua,RJ
ca618abc1a2b015a670d47a8f7694612,b7eb84f8a1ea3958ad9950235cffcd4d,21341,rio de janeiro,RJ
f15f5e1d8a0248d9b6552b4d39122bdd,c6c14d6b02b35ffe185803db2ed6c370,13550,analandia,SP
d2cd6ed96a57803ba2f2422ab8707225,aac7dfcda92f50c15f72f4f5d710ecd4,27120,barra do pirai,RJ
924a7f5e3822e366a9ed25271bad99b5,fb3f3a60c883e25c1870545a9e6730a7,69077,manaus,AM
a7b81cf24e2a3d1fbdb932dad8ae8e2f,14e8fa3ae839122091f7ebacad945ebe,05528,sao paulo,SP
1eaeea5f98120089f4f67fc088e4507a,15830d6d8272abd0a4f7496507e9e83d,25715,petropolis,RJ
52bb5fa693affe0c16d28988440ce8e1,08120867e4e7505f99b694ff4e64411b,36400,conselheiro lafaiete,MG
3fc5a0dbd1c9b084cb85b7f2a1ebdffa,1fa5b2d41d572f019ebe025f76fd31fc,08120,sao paulo,SP
77d28992bf7402c72a47860078040901,77c6e4c7eb28d5283d0b789216076ed8,01546,sao paulo,SP
a09beb0c78d884b69948b7a340fe9e68,68f412bbb674141ab49ef13b501baf45,35300,caratinga,MG
2e068340b3037f667ce3224bd59260af,48d4bf53229ec530405b4e461ae6adb0,02938,sao paulo,SP
5acaa0f6483771e35b156b28688839b4,846ec9b0839996e86121ab30c9408a81,70673,brasilia,DF
f93ab5dbe7f190d402cef2add574dc81,45f8153f2d43bfbdbd0a1ab0c08272eb,08599,itaquaquecetuba,SP
3be2ef4ade2e034b28c37f8c996bee27,9eba8f4de38af7ddac17c36ffc95ed6b,90040,porto alegre,RS
92b8d36f0a4d70694f64082b903852d1,66068e0f740bedc625557cdf3fc30bff,75901,rio verde,GO
c1462fe827b0b74c6ba2c32bdf224a67,d08ebb7d89f6399c7107efc28ae86a23,18045,sorocaba,SP
9f6be05e886fa1fd2ef494672b435c6c,c84263c13b3d203c38ea1d7002d32238,45605,itabuna,BA
653aab8386291bc37ce2475f7e449195,927c22725e28f76affbccac8a8e7413d,29102,vila velha,ES
22419d01eca598d91376a0f5216ba095,57850d57ea32f2f3ad99f29cfbf01d16,01321,sao paulo,SP
55439d42edb27419fd91de6c518aa06c,8552bdf3cbc4dd9a9da04139f9a2aa5a,15340,nova luzitania,SP
032f5eb3f82038a0490fd6870bf131dd,35c7d0dd049493875b1051d21f03d846,97200,restinga seca,RS
5f34e2c2466a63ed9257b5925326292a,ecc1b0d1303c84f281e83bb36b477c2c,13213,jundiai,SP
29d09d8e6cb24d45ca8fa79a3f0420f5,aa61088d224a87bf1c613f5deb773317,35330,inhapim,MG
a7ab31829dc9a10f37e82b1e1afd26b6,c8460e4251689ba205045f3ea17884a1,91170,porto alegre,RS
4e1466d23cf154bc57e343db77279d5a,d1ffb6aa264f79f277904708f328cfc6,21215,rio de janeiro,RJ
b7316a502ebd69f8b4def2170d89e5b7,a78fe1a6ff01727b77a4070a49d783b2,22780,rio de janeiro,RJ
24f68e18ddb48a182d88e0fe261776c1,1adab11c115ed5de9a6680d4a0633649,26277,nova iguacu,RJ
86f29a9accefc7429257806c483a33d5,c0be6bc8e812b7d98c9e19f2aedd0ed8,21380,rio de janeiro,RJ
8b2cfc7e3b8fe0472330ccdd448c902f,6e26bbeaa107ec34112c64e1ee31c0f5,21381,rio de janeiro,RJ
92e31a98ed57084b5b8d4a0457b12fa1,cef48a040edb9c64c27bc41dbd8c8131,63660,taua,CE
c25b788e63b4f8ac4a3dc15c00b7d499,8fac120637b2d22be0d6b83111d7c352,02467,sao paulo,SP
229765fae12044b31cc0dd891f42d19d,7b2a0239c76e49ca71f34549b09063b0,22793,rio de janeiro,RJ
26a1ebeb355f1ece14295353f49e859e,93ad2338bae27bc1270bf71df46e4ba7,35935,sao goncalo do rio abaixo,MG
eed06a5744e075618d811e74e1826a22,86552476d5133f3ea1bc914547d91ba1,14093,ribeirao preto,SP
df6afdec3d39282bbf6d560f15911d80,979cb782c09baec1c783c4ce0e36b859,92330,canoas,RS
7e0e83d690e02b4ca1eeb1bb4386a304,d0813c57df04369487ff42ab24dd0ac7,73015,brasilia,DF
016187b76ffe3a8b7709732077de2fc2,49a46a9ac7e72f7ce9e2a6007f4d33e4,31330,belo horizonte,MG
6721f296aee89a6caef0bf53c7547103,68eb9953a8ab7328ef60c98bbd84bc5c,18071,sorocaba,SP
f36f2bd8be3b6c261d6390939cb24620,4f0f7bcd320ea05f9af566b80f092095,38061,uberaba,MG
e89806410bcb033c5cb314490d6c5b99,efab514af1ccc028dcbabd1f8d8cdf90,04476,sao paulo,SP
370518eb3880e605c398910e3bb0aa85,8781c9fd53cc8eec28b7e9b875cba0cd,22280,rio de janeiro,RJ
6c7036cdcea7624d1a6060bb8a2c72ac,8bda166f761e878cd34885f752896437,06823,embu das artes,SP
8f40d3fd9dc45300aa2922aa65d9570f,ab654ea423caf4fd8644891d185c3fc9,11704,praia grande,SP
e3626ed5d1f2e3a02d692ec948b25eeb,b9badb100ff8ecc16a403111209e3a06,88025,florianopolis,SC
b04dacc5c80ac9337afa2f4791f92f45,1c51a4a01c59b922d9c02e1287753f1a,03980,sao paulo,SP
fb6730884fc4466765ef8619cfe90ced,86c7815d3793c770f05377f877736e95,04829,sao paulo,SP
f78e8d1d24e5a4f1b1219e6ae1416aca,0cbcf91ef2dd6dfcce9ee63c8772dc97,08140,sao paulo,SP
610723ccf893b7420a52056e8d460113,0036d365b138cc0ee06bed755bcb5044,44770,pindobacu,BA
d0bfc5ed8302e145eb59a75cc94cb715,c0701622a849e0f0e05461f9c2c427f0,18134,sao roque,SP
35a6ecc0dbad9693cce748e2dd83947a,09e359f12a226bb72603eef57008640a,45157,candido sales,BA
327679cc34d41d4c48ee5e55246aa6d6,250b38e3586d512ece3671470c5d5f6d,20040,rio de janeiro,RJ
a747a8896b60b5b62650776b82fac7d6,5b8a91824cfd2e0cf24bf25307921983,21330,rio de janeiro,RJ
892522b67acfcb855f3feba4cff78050,4093226671a7fef20920692b9093c6c6,08420,sao paulo,SP
e01e9c45a4dc4ef2cbfb266fd92afaab,803095e5d7c0d6fb29faadfbe65b8e53,83420,quatro barras,PR
ed3dc6d3a1e46e631a61cf76894b41cb,e9a1247491846908f72b85b854b37a15,22261,rio de janeiro,RJ
e5e0698e95094be297436cbd55c2dcad,531d6ca1ecce995a2317a0ca559e8c61,31030,belo horizonte,MG
2c8b917c5d7dd720ebe36a5ed3b501ec,33febb33a42a35f5826a22584b127f9d,45860,canavieiras,BA
13e4f3eb0b0869583f720c992376bf08,4ed413aee1c65e98a025d2ee754aa687,35450,itabirito,MG
8ada7e4f6ce429a858423a217c7225a0,31e6423a5f322dddb4e9ac4092e92066,74565,goiania,GO
d7985e6fd1cd00201093d271a93f3985,bfbad637ec59b54146a553e6ef427ea4,20270,rio de janeiro,RJ
0224e997c339d3b6edb3ac3fbff60da7,2d5a624ec4d4d1d540d85339c18dcd73,86063,londrina,PR
2f5ff4d0d6e4f93ff81abd25f3e35391,94a19681bf6faa3c6ce3e2df1c2d97cb,03288,sao paulo,SP
716c95338343be76a421f05145f6d9b7,b4acaca510f847f9927914b51f9b0874,09861,sao bernardo do campo,SP
df9432f68e31773dc4b20fb916f2f647,81b133c3f4e30a14a6585a2f20ff150f,01445,sao paulo,SP
347f08af0418f504b8c7faaeb6c5a367,59c2d3b87536dc2fc9745d625519292e,05625,sao paulo,SP
0fb9deeb22eef8579c6104c8b1007f19,ff6d4669ac6694f4ad278d23c4c7caa5,06705,cotia,SP
648bbd07536c67c93bef21abe6da8e51,e33c1e6783d4f961fadade9465a511f5,22081,rio de janeiro,RJ
59eeac10ee17b2c144822b5ea1fd1fd1,5851d782ea212aea2a6baa3b6a90d5dc,16900,andradina,SP
585c8e523b8ea5ae438d63fccdb6fe4e,0121107a0cebf91b6af74f8a4ab3c4d9,03645,sao paulo,SP
7701e6a040e1fe2cea10e5abdffe6df2,bd8018ad6e122daa06e9a5abf75b8af2,05376,sao paulo,SP
11ab6d2231a0af5746b44a810b62b0a1,a6cc6e3138236cf4795743335351594c,73700,padre bernardo,GO
775c4699698b1ee74e359daff3e7468c,33d32e24685b7eb8a64f475c476af5e8,08062,sao paulo,SP
ee90025971e6786e93cda20b4ad8383b,aa0dac7d8d09e53b9c87f041fd658720,08240,sao paulo,SP
39fd6d063a9335b98a5045cada7081dc,89d68ade60d5942d65fa5189c810bdab,88745,capivari de baixo,SC
0ad8985d712b965bef0db41bd4331248,96b71af61d01165163b71ae61b354b25,08330,sao paulo,SP
3375758b2fb28058dece1e3036b24900,d2893422fbdd87e48b2bdcaf6c96e986,77493,lagoa da confusao,TO
580944a4284f207e54d13f65e578fc3f,2d187d54d031a542ffa9d09e83a9b1d0,06180,osasco,SP
1681ec16c9d648d3ce572488919a48d6,0846d9d672230c5816b36a267e263696,94814,alvorada,RS
a67bd626be8c12cfdf6ef7bd9bb92384,3df6d371f113dda29150312926877133,37580,monte siao,MG
4e5235534f808b754485c20dd4380e37,066ebf6c0b5642ed5ec6a1e7e3f03e12,97573,santana do livramento,RS
36cdc8dbf199fc4fed2822ddc0d07c7d,60465f85e451c9712f1d256a6127702a,26030,nova iguacu,RJ
cd1437f95cf93146c0fdacd572480dd1,9bdcb4acfd3af0cf10c140cb7fb62ce3,47800,barreiras,BA
cb1bb6cbb6d68bf656db2885a5fd8d2b,3b68b65777e0b1d97c46e8344ea43b90,22753,rio de janeiro,RJ
fd44d124e2a3efe1398e5b4919b17413,90e6d96b9838a8f9fdc7f89fb4325ad0,88812,criciuma,SC
8399f53660e61c830a30beaf52472f10,84e18b88a4ed69a43b25a89d1b2178d0,98200,ibiruba,RS
a1b75d3bea2c98dc6f4f8725b82ccdfc,8b7cfd3ab8b53607bf49d1fb44da77d4,13145,paulinia,SP
f2339ae279065c55abadea96d38178d0,d5600043edd55457b552cf196abc4d08,30750,belo horizonte,MG
0f3a6d2c22bbdb61d02eb98f4a1e0dfb,c5cc879614b6acdf5b62db3edd062e81,22710,rio de janeiro,RJ
d58a66feb9cc844ddeebaa8ea7e5e84f,b985671dc857b32f3a4f1d2aa65b661e,13214,jundiai,SP
be19dc32fdd2380731782b48abe63211,dce7181d2163e844624d28ec6bbef0b2,05715,sao paulo,SP
f08306b95370e8d5f0d97b71229284b6,f140f377d666848e3712b51a2734d120,87013,maringa,PR
86a8d29472c668e0c99cfa94a7142ffe,e7094a30b42cda14a6b4734a9f50465f,64016,teresina,PI
b73b4079d7fa128c7eb3905913ee7d60,bd7f2e89c03ab6604abacb0cfbad771c,86080,londrina,PR
8d71726a694b711311fc6dee2f28ed14,a829f670f22dce154b3d967a5b138ce2,98130,julio de castilhos,RS
d5161150c2e2a177eb4d49c4e2ab7990,a74cca5b53aa3fb9a6841f847033dcc1,30150,belo horizonte,MG
10f2beaf4d0f6f475d9f4cfdc9b05457,84a7bab3a01dd7085bf2b17082e6c8a4,08260,sao paulo,SP
ebf80e000feb1315e227014ae07e4d30,d288e311fec0a847cd9b6907a6d46d11,02206,sao paulo,SP
8963214440da51e55f9662749ddb81c7,dc93a795711b06b177aba91bddb79be8,04530,sao paulo,SP
0601c37516aacb054d8ed951625d5fcc,07ca2340f294d146e84ae06b1abf1c3c,76650,itaguari,GO
5907de63c26a780293c48ea763ec76cc,a607acb3f9f31aa3297a5bf4562e16b4,38742,patrocinio,MG
d7f42fbdabbac436ec83973868828fd7,17856b113b558ab0cd335eabd6b61b09,45928,posto da mata,BA
3c3cc3aa98327a4a14d761d165a30f32,aa819d3931d5810f7310bc3e322d52c0,13280,vinhedo,SP
fb78d507b1a69fa3058a333371c7371b,f96ebf3654fe80df84fa1611b00943bd,05885,sao paulo,SP
05410463d02d98f83438d9ab15a0cab1,672cc13f1d8220c6622ba842635301f3,22631,rio de janeiro,RJ
d83f6c677e1ab91b5c1b97fd4b63f43b,8f537f042c462a28337f39b4474f1507,66820,belem,PA
db2bde8c137c06bd2b2f616b27414304,7168de2966ec5d0e040be29141e98aa2,37805,juruaia,MG
98f405f18fec61e1a61037c344213e26,bbfd59135e547be5668fde7563f761ea,72536,brasilia,DF
1acfa2218cb27d4f3d8a50e94d01b7d6,5e8004bfb7deabbbfdf5e1aa231b1fb5,03008,sao paulo,SP
28135fbf5e6fc1254fd50aafee7b02b0,d00ff6cef15542658c3d75742fa2dca8,68927,santana,AP
b204afb461c278e57b4d2edb8cc947e9,14563a6aaf36dc1f7c63a9b45415b6b5,75340,hidrolandia,GO
5441451c5c5d190466e7afbf2adc1c19,6392c99966ef399db8781a316f271d80,07270,guarulhos,SP
212c138741751c407754e4ad14763dd4,cd37af667f322ebc0f8d084f0ad72c5c,07074,guarulhos,SP
d8d4839d9fecfbdc1641ecb1b22981ae,0e10cc92279d1da081a4f9869d4fddc4,28950,armacao dos buzios,RJ
66b8528f2144c6cf919795323c4d43fb,2ecb0fc377050ca3b001d3a199e951ec,02809,sao paulo,SP
a2b7d88f0af86d43c92fa477a46a12e2,3c14caac61247f855866af6c65521d1a,23095,rio de janeiro,RJ
726c6521aff087c08b1742ac438ddec3,06d82374cfbe2ab1833779e39d91cde4,80320,curitiba,PR
e9c1cfe35390c67f7f399f9a89c32714,b9746b56cf8884c9724b03900e46cf0c,59069,natal,RN
a948eaf66310b1a8fab566761234bd3a,1a4fcb5014becfef64f70f86bd9fa0d8,05018,sao paulo,SP
3257a8d4cbb3343dcf40eac13ba329cb,04ed62dc4fa17047b2d70df383dc1f4d,25040,duque de caxias,RJ
96a41a2b6f1ce4dbd4f8fecc3fc26489,140f41115187d454ee517720acc81f57,29194,aracruz,ES
6778b46615b8624dc299c563ca6811a4,4ab35f739c711caa39bffe9c2422d6c8,29140,cariacica,ES
6c84ea1d496954fa658db8f7f20467d5,8837a3d0a8c6ca2e5db6316ff8685128,61903,maracanau,CE
8582a3cb2e9951c3ddc27ca072a259fc,c4e7087fdaff6d26a9b72b4de5ffa937,01134,sao paulo,SP
ff7a52cb304f46020dcd25d21c073e3a,5816f42342d01319fd51e39e45cc2a5d,35720,matozinhos,MG
8e44b5b5a76df9682b27d50f5e98ca3b,78e46b5d6e91b962494b1a841f720075,83900,sao mateus do sul,PR
49af477f51eb0910db1d2c9cf8301ea5,e3ad4e23b9a9ea0760eca68158b6ebc2,27542,resende,RJ
4098347614a8158c6d16eefc6882b29f,399a2a06a7ddefb3b09460ba6a1bcf12,13188,hortolandia,SP
55ae57a8afd95ff914731cd2ff9bccab,4860841dce3abd17be7022064cfa15a3,23545,rio de janeiro,RJ
8a59aa4c819f3517cb74c672f5564ab1,4108ea48ad6d98fc83df0cb9223df199,02618,sao paulo,SP
6dedb64b7cc4bfe0caf12f060f14990b,3370e12bbaf444a362bb56f59a28d376,96300,jaguarao,RS
aedfc62ab52a3e4ea642220ccdec91ff,1c7d1da02dbcd65a57d3056deb615751,52090,recife,PE
629519b219081ad5adc3887edab662d8,fa7e27712151b924965ef33792d7dad2,06850,itapecerica da serra,SP
cad95dd35e0f2ec6f2f0522a3fad9542,1db34fb72dd70dfd8f9b34654a80d935,36036,juiz de fora,MG
70bed66339acf5dfede1a7dce682a6c4,b199c14d92a878257669851b87779293,22723,rio de janeiro,RJ
1ff3a6c7d14e5d9f6ccc18b1f62a9668,d47f5eaacf2b4d3e082870095322b0ed,04542,sao paulo,SP
73f6f07cecb177c52aafb9ddd4b4b448,3d137ee6aef24bc7aa2d3cd0e083ce9c,06343,carapicuiba,SP
aa5e341090958e5111abe3ba75bcfe87,27e41bb481c6beb578b086dd0149992f,65063,sao luis,MA
b39f78012ca3eac8a5c46e5817b1c5bf,c03e11c0a9a101516579db35234b1e8a,24450,sao goncalo,RJ
6e2f130b4259627650baa0c9ce0bd645,957cf06cd9d8e6f5fafc6750f0dbbc6d,13960,socorro,SP
bdcc20055a51ea3a85d7b9087f0a53ef,9c7bba601273835cde4754b81ec5950f,05814,sao paulo,SP
9d37090bcb08893303afadd62b9a5c46,6552db12a4e05649e91881ac99a7cb1a,08670,suzano,SP
cf708bad4ed7ea3afd2d58d189fe2c6b,0214a2864bcff8020dbe8c40a2e9d26a,39280,buritizeiro,MG
24436139c80a4ae51c0e3a98469ed7d4,b2c2e2635aded82494c5be5843664b74,03690,sao paulo,SP
3e15b2d3a5fac27b51a5d2dbd01d18ec,1b25ea1318d69e729374305c521abdb8,81150,curitiba,PR
ee298a93185413cdcd448b734e65f3cc,caac34ad2058114ddafc4e290ce7a432,71884,brasilia,DF
e160fbbf934ea781f3f302118e931029,4bc469b926091d01ac33aeabae48c415,09781,sao bernardo do campo,SP
64adccc0de9d57989a74c5ac34e43272,f79caa1270a074f4da71dc3847ea61e9,75134,anapolis,GO
d9ee1a7cb4871d90758fec8a1bbbb0b0,d01c8b5aaa4cfc1c329ea2fe7609ff69,85760,capanema,PR
c653db387973229cb8a9f24e4bf2ff61,8530c8225469b717235c2583b209bc7e,29149,cariacica,ES
de9ebceca7f056c08928dfa4bb245205,bba3f4be9f3287f353960e7730bd12cb,07183,guarulhos,SP
4a8f8b4023b581f949353edb7a9aa2f6,2c83a7adbd3c147d4fa3074a68dd2fa6,70835,brasilia,DF
8445054b3aa0f68751e0f1ce5af349e8,94374f520fa9fe75d477ecf113cae041,84064,ponta grossa,PR
ae8dce2bd3be3a25622d54adbaf92a27,541817eb0cf6fdf6c6b111436eeeff2b,07790,cajamar,SP
dc8b16ce0696ed593281c1fad09ca07b,889609c6f8182b1814483044b58bb0b7,93548,novo hamburgo,RS
d32b49ac4cbe7f35394e35e9fba57a4f,94a880feea53a99ea54cbe8446834840,11065,santos,SP
08ebd000e60012404de32cacee764799,0417c5c4535764e979a11b19edfef588,38701,patos de minas,MG
07ea600bb145c172bb93190abb2081b9,de34b16117594161a6a89c50b289d35a,09130,santo andre,SP
7fb9bf1fbf9d6a97da563a1ee652e7bd,f6fb0a1d82180937a765dcc6ce6bd9a0,20271,rio de janeiro,RJ
d6f8dd44b89b4808e4a0d8f7f338af37,8f730d34613744f02c599cc33314c2f2,28613,nova friburgo,RJ
dfa47dbf18628970fbfba709ee9354ab,1fd9b141b44af187ca80a3639770dc51,95735,roca sales,RS
d81fce5f1e831085b9d464bc6172ee7a,1782775b0a11be431aafa0abdd0cc74f,37640,extrema,MG
107a43f9c1860b4116fbf0519f888c3c,de6d0cc54acbe9c1a7d7967e29fbb899,68741,castanhal,PA
8148b073080f653d3a86ef8fc3dd6b43,2ecb8546a5c0ea3c74dfa8b77a321370,04763,sao paulo,SP
e8a101d3de305ff620d4febe10137fd0,f93b9c409efa7e30bf05a7b528197400,14110,bonfim paulista,SP
2e2bf40d03d6ed228d47cf7fa49cf90b,ad42aaf1833e2a64136a9d9f823d77ab,41320,salvador,BA
ff5231b8a2bfe583c3ff95675d3f4c0e,1bad1014607abb1ef00a39613bc6734c,09061,santo andre,SP
3641be52976f3de8181f072a7bd7865c,b3fa76a102bfb4ec11ead5b125c8f4f7,95603,taquara,RS
35df3e8a58fe7d040ed21c7d521f8711,f25c64d74c6188c7fb8d3c58d83c6a85,19880,candido mota,SP
06cf02bf583b05fd91bc8eec0f1b4c3f,6bcc1cd0c7f8bffa6f67a6a1fbef5782,01255,sao paulo,SP
4c5aad2fced1c04f3d972de3e17e7e87,4f37b187b2d58f32f0739d1d4d9a12b1,07700,caieiras,SP
8cb98e975263121ca88116b966bef81a,b752593c1cfd99820079881adde2fa46,20920,rio de janeiro,RJ
d734d17e8f83265b2dd1054ca7990b57,149966467edccf72f92260992e235731,09617,sao bernardo do campo,SP
a04cf226c7a48fb4e95019bded0ea863,08000bf3f358f324fcf4db2d071d0155,60762,fortaleza,CE
43b0018187e2831197aab2587884c29c,c273e6625c30e96ee5cefdd2c4e746d8,46690,abaira,BA
7095f9b891c923ab4e2298b22649e6ca,f3aa14594942821a50e8347e0899b046,89120,timbo,SC
93e5e053fee7863481445ab2f577c8d4,2d89bbad23022327249553dc4fc8cb9f,05790,sao paulo,SP
b71abc1975c1da212faaa913da950924,e42e5cffaa896ecca5e413413783552a,58416,campina grande,PB
3ba02060e681d361d603d5f7ef0a730b,dc5aa19797b8fb7a4929ad109fb25553,48475,itapicuru,BA
750f02af7b06bb81d84d3e44b9afc6d3,dbf27222f9c7369aaebf2fe82abf4b49,03216,sao paulo,SP
e5c49220ea97eddff8b1fbb594913a43,539a46fd0fe17b457ea27dacf709c406,20521,rio de janeiro,RJ
5cab98a898f6810fe56ec4681fbe9607,39c27daff7dd7ad6f534c53970fe8e3b,05075,sao paulo,SP
c1afacb800d62408ba097a32d6524e84,2b5cb158bce256f401d39bf934189c86,12705,cruzeiro,SP
2b351cba14fa5f852a79a52516d5e823,a7280058e2a16c9df44cf07e9b10437f,09330,maua,SP
8048f231121e6b83e7042a1d02021b13,a13864ff18b06e8853bfd9d2525ae3b6,29900,linhares,ES
27b058511237c877ea1780292c480848,1e7f48be9fc106bd283fe57cf3952cc1,39915,mata verde,MG
0c51809f15295468c70058026d64a711,72117da49c65cc26df0bb7246a4c16af,14403,franca,SP
971c2e479ef8a3a4a70418a4e6100228,c135309fbd128284cca4af3a41518195,07051,guarulhos,SP
5aed239a8964c9d4307c5f47c0d81132,96caa408e9ca13ba035233f9ad9fd15f,09860,sao bernardo do campo,SP
65f05162299b92d62d60d74b830dcc97,945c243464dad8e6b0d9d04ac9a03b7f,01120,sao paulo,SP
a1eef3423bc0e8339b67cb2208aa3f94,6b3456281f27545556e7b915c8d19c23,07700,caieiras,SP
6e09ac4a8bfc2f8b85c97ad3eeddb910,ca87878556c542ff2b97bf6dad742fdb,01409,sao paulo,SP
eb2222308ec066485ecffca88d08df46,7a5bf215350b8fbdd2ae018d1f4b7853,91910,porto alegre,RS
a6314e9e4b3a250430ad6778bfcac569,9e668a6c6727025c4edd53e57683d07a,23560,rio de janeiro,RJ
616c98205174419827715be4466f8ef5,bfbc8b47cd99dbacfbb838b5c9253049,60130,fortaleza,CE
1f2fc9a5e5b79afd37cab0a1458277c2,5d015eb911244b84cf8b5aedc7fd6f04,13405,piracicaba,SP
8927e66424e270e8dfa5edff7bd06734,409717419af694c5f26f50b9b50714f2,04444,sao paulo,SP
5c66c2564730b91a30cfc39190fc7dc1,7d4f7f21e47f67145e3c295dc97edc2b,31140,belo horizonte,MG
0b8c055126a79bb506c592eea2ddb8eb,9f86523d50f6768bc624252e42e938ff,11900,registro,SP
3c83de52146ed3ce7c9786f3cf800565,fb2f6348cd915df27a50ef11fcdf9ead,25808,tres rios,RJ
9d2a100b3989b4688a0498dc976946bf,acc374bd9024806a83121b1d2565db2f,96214,rio grande,RS
2bb87da72f42e1d9ece846a158974854,8a493d14ab08c6d60673881fc9525c6d,07092,guarulhos,SP
ce16772052d1eedeecdecd1deb3b0ec1,8d95960cba7da36b31a2253c6445dc17,05868,sao paulo,SP
db85776d3a2c4b18bb7b7eb0ee0cd3fc,8da72a12f0e8b10ce9f1b4295587afc0,12220,sao jose dos campos,SP
5508ab552ed2d4da9d21e777849034d0,9afc29b951c1e0fae7d91fb3192d655d,97503,uruguaiana,RS
99e2b41b1cc2e2779110f22a874e0416,5edb5e94dde197f8fd914eec2975b891,06543,santana de parnaiba,SP
f93b631ae6e592bbe9dbd11ad77af237,f4d341829671a2ca6b253cba441e1efe,77600,paraiso do tocantins,TO
2ffc88ec5e8f0015074628574fdee23c,30b6fe5fb355877c7bded1817219d96c,05812,sao paulo,SP
e9265d4ec55c848f9330c9449ba3b2f7,24391449252cf6db04ce271b2a208d83,35610,dores do indaia,MG
347c6e5b1c1661f05ddc3f89ca90cb1c,6ccf80cb99d25d93c2419c2d6130ee00,05616,sao paulo,SP
365adfcd960eaab19ba5e79e34d30b03,97b7e420622142b94bae2465a7ea4423,66813,belem,PA
422c1063e6bb4e39e0f40de0c06450e7,609696fd8317f51ea66bedeb21d71966,02129,sao paulo,SP
51e4740dd528fe393562380ba49e41ec,483bc92f963bbc90c3006e11f9ac552a,07794,cajamar,SP
f340efcafd7be14d4014aa093a7efd9a,a2961c13e89ab54c312606c65a77475e,65709,satubinha,MA
d6f6a039d3fcbeb5392bd0739b5e1833,30a4b6d183ad53b918e06a860cf53eb8,13465,americana,SP
89613c693397667078f2b43896e6c8c5,2e51876c3eb7beed472aec1de06ed865,60181,fortaleza,CE
b0962d2b8c090ec26077939595a5b00a,e0298e0626c3f75d94a60dc6628f27cc,54350,jaboatao dos guararapes,PE
e57ad40af961e5012b7c863a582d16db,95ad54c1f758042b6ea3e026b7166d9b,32450,sarzedo,MG
61bf256e81b104925bc8323ddda7cae4,930e9f0d9455cb3951d1b2c258dfc9bc,62580,acarau,CE
9391729f79cd9e5fd7ca884ca030f579,05a3b50193563913613acada5c86b1d2,18710,arandu,SP
37545d081a2bd27b805a154aa6ac3a73,09aefa81fc97a149e321b5f152fe713f,36900,manhuacu,MG
fa59e6fa00387c862015f023358f6c6d,96fcd8f62741aae35a3c9f9845c049e1,22431,rio de janeiro,RJ
df578de48490fad348557aca8514d6be,87efb3bc38dea0dc5625e73a053724bc,01035,sao paulo,SP
68fda186cf0d78b846df318aeb4e85a0,65b78b47b97a28bbbc084c0167718a3a,13142,paulinia,SP
5bbefc8139328a291147ac389f226052,ec4d3f58a02a9b6a80fdf59418416b5f,13501,rio claro,SP
8e78dbe65183a6e99960e0ce46b373ae,8a7d35e7b3f0a4377e1c75bfe379ac6e,77750,couto de magalhaes,TO
79566318b6a66b5ea84699122114a934,4e95c3db873ad0daa03d9a233362396d,30240,belo horizonte,MG
7887f43daaa91055f85b6dd23cccdfcb,1e5dec3847fa11b24069995161a7b95e,36770,cataguases,MG
4ca9a0827276e08dc7f6501766861b04,81e1e6fb1bbc3a061c8c5f6c9ffa9650,44720,miguel calmon,BA
bdd71d1ed3a12a4878d61d011209c2da,5b4b4c95a263788f6b0c147c0bc93ad3,88135,palhoca,SC
97f6f6eb7e2173cf88b0dd5b78b80070,57b555c68da8a376b55460b582088d03,03654,sao paulo,SP
9d70473610a913bc6ae8b9b52c35459b,7d98b79446c0ebb0efc2acd85cf76559,29770,mantenopolis,ES
f145b776c9a84798752ab06f0bad91d6,34415df9a4e2f05f76e2e35d7752ae90,05348,sao paulo,SP
d73144ccd5680a3ed460ed34939c036e,d53adc63203c98ec017241bb7571b429,54767,camaragibe,PE
6888824f6a0a78173ad41847d2dac2f0,e246473a236ca29747182e7986dbdb7a,07176,guarulhos,SP
16098d97a1d12a6152a14e9d930beb8f,9c5118e31b9ce13216afa1ec11d223d1,70847,brasilia,DF
956b98e4d6642bc3c6ceccea5aa488a9,95abd88649da5a5d03837dc62e6b2091,33400,lagoa santa,MG
66f800bfc254bf9cec8041dd1896fcb7,77d8e34ae93d396ecba7a3b230180620,12401,pindamonhangaba,SP
ea1991a3341d703b3b5c4c97790b8b2b,6c893cb84f2fdb0afd6fc87eb5c054c8,06420,barueri,SP
5697cbe94d562410848751c5866649f6,f3516af096848f3db0affd21223aec16,15600,fernandopolis,SP
ec502d64c6fc7492e3957073459f1d00,e6c7a00e164a7d5a74f5f0414de8a8dd,38401,uberlandia,MG
6edfc5bd75a056281193727926d99a0a,065dcef61d5f66b30d2ee51b5343d023,03254,sao paulo,SP
db157e43885bae83e589dff79ed78d87,52da369489ce73cfcfce100675196aaf,51030,recife,PE
6481279fcd5935cc4012de23ac379ab6,67f5420469ecf30af33c56afc4c82c68,05305,sao paulo,SP
ccdc2ddfa95f2b9436f3c21dfcd6ae2d,56f386e5912e70f17ce1308ccc7f483a,30160,belo horizonte,MG
ca46dc49c3ab226c9a46d8a55be0f0f9,6c85f456bb81ba219f67b16c1e9f5bcb,11025,santos,SP
cc8f009a3720198ffbe68014fb567cfc,69a703cf1a1a742e6b88ff86bd82b36a,26051,nova iguacu,RJ
45cce495588388d074ab985f2f9b9bb4,f183cbe7ea382975291850db9c8526a7,09280,santo andre,SP
c99ecf7cf706ac542dd007e0cbbd0fcf,ad5d9130cd9cde7a5ea7e9be7daf8484,31255,belo horizonte,MG
94e7e292dc2dff64425ec4d0f39137c2,ff60ab8b394052bf2dae9fc5dba4c70e,85605,francisco beltrao,PR
17575cf5c2a523e21115d818fd467253,fc73438d7164cec52a643a09b10b503e,68371,altamira,PA
ba24dd2a357ed4fed5ab575862f41b61,f5c7eba6f2feb6baa7bc3daa2e7baa98,23094,rio de janeiro,RJ
8f5af572009e7490315259d1da83eb09,4a06f217ed0b9f9376564219499d69b2,89216,joinville,SC
996c755332451ffc8970c79ee2139dfc,57600ac0fe5d60235720f09d0f62b367,39403,montes claros,MG
f3faad339b52d207bed5cfadeb6ae797,c22a7089b53d7c76d7e051d7d081c504,03090,sao paulo,SP
10665575b485ee952164ddaf090e9f41,a9f6361710e18b2e3397137d69aecd86,03924,sao paulo,SP
0e17f21d1c39581137b6cbc8d14bea37,e2340cef700ec4ec7e6a338976b1dc13,21931,rio de janeiro,RJ
0daa7bd937255d73f48e190e51151a17,d196ab8d9f42e010ec789be7bb5e52d3,66070,belem,PA
abfa18d164717e434b6dfe7c67e1a446,6705621d85295c4251c5e60a219f030a,88220,itapema,SC
479c1265c816d9edfd2ff572a78d2004,5c66226ef5251d47590a265a7e97fa1b,88015,florianopolis,SC
9ef700d1d8d4a2dda8544f93b56f3b89,ede453aa135a0c331737ba13f190a51e,71691,brasilia,DF
f432d282b2e8e587252b4ce932d4438d,f6d3a127cdf442b5aae64b8af6dc8645,26510,nilopolis,RJ
956a8bb215a81b14bf7cf65d68d3c45a,bcde9c93596b9295f3bd26ec5a6cacbd,21350,rio de janeiro,RJ
0ef6c3eb9b6225c4e6e938b4d1016713,4d7e6ee77e984de7603341c14791676c,06216,osasco,SP
a4f138dbdd2ad412bc7173fedc0e0bfd,1c0021da0039ca9e7ed770e4b2a1498a,65250,alcantara,MA
153e6d880db3cac30ecfeb13e0047841,159306b86e782097be9a4e29e3d294d3,95540,palmares do sul,RS
27b08a44041d90a2f35e381a9db0d379,cb4253d36367737b6baa4f8ca58fac62,92120,canoas,RS
81fcd802d74cece79db578cf4bb3b9ba,96920b560cde2744c4d553356bc25219,37701,pocos de caldas,MG
d2038fc66997336ea2fb9a7870fc279c,4f0592752b645e0d5625505d5286edd9,38408,uberlandia,MG
115f6268f9705c6ed3b4119c8fe5f85e,34be8fa07e63708f818e10e2096c83d1,05713,sao paulo,SP
bd3416ec4a72b10772b79778916c1fb5,254a9ad117407d26a52ee780dfd5216f,17063,bauru,SP
6159a210523abcf7fa166f7cc088bab3,4e645a53f570db099324b8427b360c60,46900,seabra,BA
81434b9d10a7796f96c83d3b6695016a,a8e4ef0240d9bf6aeceb1fa07f98b7bb,03471,sao paulo,SP
8345aea75d31e321ecfe407c12cbf5e0,dc5965b04677202ed00410475fe3c733,28910,cabo frio,RJ
e3d26d1fe9b0926a8a306b11179bbd00,a925c3e5df82fdc6082f1383d2834998,39825,ladainha,MG
9ad2ff61802821ec369d655bc8482e00,b7b68a8bb6ca48aefdd5790e04cda817,71691,brasilia,DF
18a0915969a15a6ef74faae25f0838af,5dd80be6e0ba0572623fecd64ca7b73c,04612,sao paulo,SP
ca8e595c4c2e4a55fa75a41d5bf08382,8c108bbb0e50260292b20cc76a647aaf,13484,limeira,SP
188961c3a59cf2dc947be5a75e4d62ce,43c783f99323669984a2e82bb6509030,13320,salto,SP
b417a9a4c05c243aacb8d35106ed5361,bffc4415e44bfe97f6a0267d81c294fe,24436,sao goncalo,RJ
464c432b9a954fdde0a2620ffed7f681,077542ca1f8cb2df9a6e98c978034144,13186,hortolandia,SP
c865d1d500bae6adb604c4a55a31525a,bc63c4173e1894a960b5e018ad16eeae,04342,sao paulo,SP
e9bfa89152f63f9d38fd4dc978100ce0,dba4ad448aa28c20665f6e71ec2a54e0,27347,barra mansa,RJ
c2b33cff8fe4c4d8eb300547e5e5208e,98d609d0160c8510c762a70ca0ed4c8e,18550,boituva,SP
2cf869dd40c98f29686f636d83545cce,eb2568a7ba9b2ca9bf1f818a8dea82ce,12530,cunha,SP
78b25e360d8d5b6ec68c6bb392e90c48,d4fcfd610357d92c0137c5488038e6de,37270,campo belo,MG
2e3648e35008f6586b84e6ee8bbfd25c,99b8ee09d642ffedf091951a7235faa0,72811,luziania,GO
299735fa1daa3e83ee1048309d22f9da,cf24fc26d6007e7a24eb804c9ef6a0de,35058,governador valadares,MG
cca88fa7b5c234e518fb27e1b1856c85,5635216314a6c805bd733cbbf6d777b4,04457,sao paulo,SP
14f41b6464ff102ab009a269052e7a11,b1079e3544bf2cf3786e52f5f0220738,13080,campinas,SP
cdf96d2b0152fd28e7ded02cd0743815,a3ad86e859f1d0466bc1beb77fdf218c,05639,sao paulo,SP
4797fb67b3991c9513486658f6d694fd,8215ca540d5abcc9e3564f69e898769f,16403,lins,SP
c513203fe6e98698871cdf652700f459,ca26c28cab4d8cef1f2bc24e9bc78380,28860,casimiro de abreu,RJ
30c93f8296b9a02c0eec5de60b94f98c,16156a86625a02a82bf1cd39de12a4ea,69043,manaus,AM
853bcde006a5a776eaf9930b5b0f961c,053b7336758bd6fd3b657c370e702f7b,04624,sao paulo,SP
c2c1f9265c1a47f99b792656ae38ea54,cb18886b90f05982e944d6c717c2e9dc,08050,sao paulo,SP
423a8dbe127fb9a8969448ba71969037,e5e60342357db3e77ff162dc102dc0c3,19910,ourinhos,SP
790b71dafc9a25097d6a911c65f351f6,37283889835480f1b0290b12968c8eea,09070,santo andre,SP
368007c7af210b8120dee45313b707d7,c7ee35b80dffbd37d0015dfc6020d4fa,32342,contagem,MG
a3a56df70dac7a02e8717683109cef4b,bf62d5d68cc829b3e9269e7001ced2fa,45800,belmonte,BA
bf3a6e18cbf1a91fae6bfab562949722,1721a22fa2f0dbb91ba8e598fe8e4c39,13411,piracicaba,SP
1b2930f7c6cbbabfab9c4842b78b84ee,96893cd7782b0a79e7ab4127b6b8308f,13471,americana,SP
bcae9ddbea097677bef7b6857d0afb1a,ae362278a888614b4fc58a3f203c5f8c,21351,rio de janeiro,RJ
828c30ae3a51aea1d168e88e6e735bf7,4788cfa765d9650f25d192b5d88b8613,14020,ribeirao preto,SP
d71417bdc4732253d051aea71d4141b6,18d1fb77d6d3408d22bea7b52edb9b50,77001,palmas,TO
b98baf7d84898f6974710d8199a6f338,68bda3e3fdb706aa1bea19deffba043a,59088,natal,RN
e9a600a9582d96365e2d57f4e2f6533a,1287f6d27e4d6b299b6df65340831bc0,03058,sao paulo,SP
bbe4079ce54eb3663947a8e3b012a5b0,a601a970485c7ff0396bbb60146723b8,04812,sao paulo,SP
c4866f0b17eceb1322854c023648a596,d2e88d9c50422550ee9b0fc82c8208c4,95084,caxias do sul,RS
cef90a63b305fc7abea62dd395a056f7,e9b83c5c52887dcf92bcf50ab1ff1ee8,25060,duque de caxias,RJ
04719f10ea55e8d39bff210bea43c1a3,afa4fbe424bab6593e9a8395836966ef,08215,sao paulo,SP
f5099455960fd677edc4badb55917954,6d887f0f6d505edbfd980aefad415c04,18085,sorocaba,SP
1a1b5f9e903aa3c203caf5cb63fca2b1,701a19d561fa7884b12c229759819698,24445,sao goncalo,RJ
8aeb565d66f27043b38e4476f72360f4,b0fa48301348e570d1de128c8b75e9f3,93052,sao leopoldo,RS
5b1385b497ecd70d5816aa1208ae6e08,207df55f65d67def4878e939a1e669ab,29160,serra,ES
d339519755a16bc40e45c2491af7b918,cb4e6b1ba51f75b0c71ec207fd41a559,36400,conselheiro lafaiete,MG
da1c9a7e7fa9de1d48ecd6d6e027313e,e59e80fa326ba8d2e055c001d4053ca3,28993,bacaxa,RJ
8ef0a1cf31ce44185f0ee98fd976ef70,bea868f2d5335db6ea59f0028ca47515,32604,betim,MG
5e90428c469d2fa05f5622a910189232,a426efac328ac4dd7e1b94fdf72e0d33,21715,rio de janeiro,RJ
e2696f174d3800f8f86fca7d33a82018,6db99644c69ba64b1a944bf6a14d1147,83203,paranagua,PR
9a69f3a16bd6b1a50dfdbccd74e97757,252c0dcac11ce99e1f06fc9fd4218fd7,05172,sao paulo,SP
33e3447a291780d38e59f5d4fdb42d0e,4868eb71f4e43f6c8450433ccaad7379,05686,sao paulo,SP
449809b16f1bbf5498551b734555950a,592c7258a277ceae66e32188e8ef0d79,03191,sao paulo,SP
1f0e878fe25b2df28171c16a769928f6,4be7adfef8293d4e7dff59a8ddc70e32,03958,sao paulo,SP
cfd291abeecfeb65e06539b6fcf99b92,178393e51b3aa48645d806d72c5ef47a,91225,porto alegre,RS
3f0230019389955cbcf00d4667d0883a,946a32d8d2929519878d10e6696c60ff,31720,belo horizonte,MG
14868f37a05bafdab87b728267196f10,73adcb8cb8eebabe35641d29e7078079,58037,joao pessoa,PB
a78b75a2ad06180de06b82857ca442b3,198fa73f9282fb46d9b5b5c25394b7e1,59123,natal,RN
a7ca77c243e6f130b70aa2cedcf78f7f,44de7debb789fba4f5145c5cd47219ba,25931,mage,RJ
62b59a64eb786a96516229b7f3612c72,921fa6982e780da7d9e0bb6ca11b380c,93010,sao leopoldo,RS
70b9a93d19b044822d5e5af9e673f250,d5f10de578a314bd35362e14c61a7bc0,35701,sete lagoas,MG
f60105561ba924f5c86f56fb9aedf5f8,ba0c0e497661b804dbb590a6c5660b77,01520,sao paulo,SP
daa3fdea600ba786a3da7cbd4e19aa96,bd0880583be8b120d23326b57ff8943e,09060,santo andre,SP
6cae3f205b77ca69e198bf63547f890e,75bbb6b481a1df1689bb769e63ec3acb,62685,paraipaba,CE
91ef15a60f302d55d0f2867836abca9c,da79f631be2ff2b72fae0427676727bc,57036,maceio,AL
1b1aa6b965239711ee0033be972f7f65,80c9360aabd15ede059a81021be4ee54,48950,uaua,BA
687223424c00a708c168301ebb8d16ef,83e1722d7fa45e1393a1226cd68c46b1,87501,umuarama,PR
a5b454391a2ec8f9245882a258186cda,492f1b0229ac29e6f4fc11e9753f5d79,03404,sao paulo,SP
0d038a7041deb46bb935bf687590a7b2,1ed33fabc1b564c5debaebc6af495e0b,88334,balneario camboriu,SC
a40a9cca30df7d2a36fdba0dfc4b03e7,4851463625df0c8c8e3e60f6119673aa,30525,belo horizonte,MG
a17846ed33d62b0e48c6f07ce9132318,43eb0e993502bd4cbd3400a492a5444d,37600,cambui,MG
00f5116a953fdf1b86dd0deb055c0e12,9f268d26a5ab9839702b621fbcda4f5f,26325,queimados,RJ
3518f2be2f99c06e220f5dcc2dc04ecd,04a48e2b0435f0d9bfb6bd37efde50ec,88036,florianopolis,SC
2b77921222673f5f8c7d73279c7bb251,62e32e0b239b36c93427f7910eb6a173,08050,sao paulo,SP
3341e65ccc3a083fcc8775020854154f,d181089fdc7cd010c9e402ccedb4c48c,17280,pederneiras,SP
a780c20430b67279f7a0b43cf94b1738,8a44fe7a0a9fa910c26bdf99933e36aa,03209,sao paulo,SP
5ca683b344929c41668368dcf9d5b168,f0a16779a7adc4efb88a1a329b15474b,31170,belo horizonte,MG
0d34797f478a608695b3635dfaf86733,adfe61acba44add7d03a0eb04abd79ec,77410,gurupi,TO
bfb2de23d4abe0eb20a7e63974fbfc23,4d9e104764077f7dfae917c7cc803212,29106,vila velha,ES
521593e76eab8070e2cb4c1a090f7c5a,fd2ff2c0042a5578d7754cfe88dba3e1,04052,sao paulo,SP
1db1d512baa3377e9356150fb80eef98,77db96cba47ba7fc9fb3e908f95bf4b1,25261,duque de caxias,RJ
9959467a8562a7937386de4cdc07ae13,9a532d267519fc583312ee894c9fa405,21351,rio de janeiro,RJ
86588ef341dcd262707edd4dc5f043a2,11992a16f977690eb132cd13e9899225,47640,santa maria da vitoria,BA
83b22908078c379ad87b33bd9034ebc2,d58b4f7e679c57d0c5d0f7b8cf3e5722,03512,sao paulo,SP
c99b00c3b4053a8a6159264ad625dea6,73598046f1a96a0270bd36b6cfaa4624,06317,carapicuiba,SP
32f5f0b501cc2cc5753fab31971f2385,77705170751a28565993fdde0bb73234,18016,sorocaba,SP
b0d798d76605a085ed8b3a196da24b24,975bc043bf164fd6da5d3f192c42dd42,22630,rio de janeiro,RJ
fd458d0e1786001b290de9b01dc9fa9c,b553fe14a56ef1176c1ab86fbaefa2df,32310,contagem,MG
993422eff8c6cfaca2c04adf2b097296,6dd3c4339de6aa207cf4099bd3edac40,66083,belem,PA
6b0741b9cab6fa1a27692db25bb28610,77c9e962e8a61b05d0173eb694c11fad,52020,recife,PE
8f3fcfbb2fa3d2f7e3de0d54ff424439,673a485e43a91ada79a8c29e91eef548,06663,itapevi,SP
7c91fa46908712a478a20deaf86252bf,dd7a6c4682e8eaa62b1a7d9d1abae7e7,87930,querencia do norte,PR
d06f29dd67e263d2bc2e00c2cac53025,2f5d781ceb0b51582c9f09dccd625d59,24030,niteroi,RJ
0e63a54cb887ce4ed340ebf5e8cececa,4c34d2ee146ada6cab4004100f065fd7,35160,ipatinga,MG
03a7750fc7a7bfbd7a84b2f4f26b92f1,ae7e471f70f6fb521a3dc8770cefa369,83430,campina grande do sul,PR
733c47cbefbef886d7cea3f0c37fdb22,321236cee92896bc208459c90ac7a5b2,89167,rio do sul,SC
d8f6ead838ecc7e795a6b88a85d0d274,729ae294ec6bc065b3388b026ec040e1,05787,sao paulo,SP
a22b5e829ec1ca245de827b70b0fd334,39ee0b80bea01c06c6919ec88e14ec45,13181,sumare,SP
fe8c2af8a8a466fb4131716fa9b3858a,6d2c0561abf4839164f41e365c17289c,19901,ourinhos,SP
7b2dc93ae14fdd68c575ca579d937b71,cd0e81bb667bef6d632fa5a71a076e74,89888,caibi,SC
282ab86c49646e5a18507b088ee0d74c,680b9de0221bb1b59defd49ed2a5d948,22793,rio de janeiro,RJ
dcc777d07a081464e7a71921cc13cde0,671446536e718375a0d10d2af3562788,18195,capela do alto,SP
342c4258969c528c3469db9acaf6b0ad,2605c5e0b518e57802205cfb05246774,22790,rio de janeiro,RJ
e489a88e2064b5ea8970d11339ac8f15,f0d32a619ce0d4594df9a57fba1a3a6c,41385,salvador,BA
c40f7f00e91eb8a0da1e58484380a796,5e107141755c25a665b011009bc254b9,80210,curitiba,PR
40b3bac8fe032b2ae6fa23cb2d614a89,25728236d8bf12a519005be375c5fa2f,29092,vitoria,ES
ab3642244247c0c638253fe68ee4c345,5c96a427e784b5e917f5a4fbf0f9e84a,65350,vitoria do mearim,MA
72a46280034e63cc3703b1f969f65733,dce5c2ba30e0cdab93060715a2f7dafb,04190,sao paulo,SP
087f9b43add509b918c1152191f2d243,3ac9e42b05329a4f0fc229648ca4bd86,35010,governador valadares,MG
0fc1bff893d4a706ede1cc92f6d310d2,e1dc04d9c7409bdb78bf89102616f7de,16370,promissao,SP
0893ae80a887e2e2c177f3162f05aebc,d1746be9240248a16adaf23efdc3008d,96010,pelotas,RS
273e7697bb7a327a13c24c506804fbb9,17744f009ccdd13b8c3e19685491503c,04213,sao paulo,SP
0cd47abbc8d9c815ff586e5b21280105,23ae02cdcd126d779864e941c1202249,12970,piracaia,SP
e422d6c59e0b0b1c22fe8c94835ab2fb,af0367eaef2463aec1807b755fa083ab,81730,curitiba,PR
10c63cdfbd60a719c99aaea0f45cb6f8,1e572b5de1e769de620eb5fb19e7e7c9,24751,sao goncalo,RJ
7a8cd6b234a923bf3984d793b0b64154,0fd78845b572a38abebfb7418be19650,68195,jacareacanga,PA
13a546131c3ba5360cefc5abbb428a01,4d76d18a3c2a23f3610de21232fc8bf1,12231,sao jose dos campos,SP
b425056573e43472de6a94a4327f3cc4,b16443e1ab9431cf6087f9f11090a62c,01421,sao paulo,SP
9ae6a1c35062a9ef885bf22b62970227,d58760239457cc420d92744d97087921,24912,marica,RJ
0732c0881c70ebcda536a4b14e9db106,bfb1a102e6fe99d83c5e78e58370a8de,35118,periquito,MG
9c4a98c1e93c14a86d4c14ce25180aa3,876809bd6fa6123648eb9b79300c5d13,88085,florianopolis,SC
264484a3add4c4f5ae9c05e21bfa6466,3e08b9cd8d0eeebebd230aead5016f71,26910,governador portela,RJ
981fa4abc1b27dee0fd30a98a2447de0,c22d40ecc043e8c312c15c24ded31ddc,18530,tiete,SP
ddffe99936ec5bf99f1ea9ad22fde3eb,9df040be9d7656d4c912b62472bfcf05,08710,mogi das cruzes,SP
2f08bf21468eccdf69598582d4b89fb5,b31e69e978d97f380d52102ac379fd7e,07082,guarulhos,SP
787e333c11dbf966e21171853d71ff36,60d7d38f337407b0fdb77599e6e7ed0f,08599,itaquaquecetuba,SP
7920ebe0de6925c9b6a7900675231e7e,e2a22025597e086617c35d90404f9b07,91050,porto alegre,RS
2e5091c4326d04e10780f540758d9893,d20a76c8a200c89cb97ab6e8ceb3bada,95778,vale real,RS
b583ca6364f9ea2135c2dd9d3a3d1f1d,5e24610c5a55f0b6ffdaf9e846d02362,75054,anapolis,GO
1c3d8766b5f8b24d7e95001ce31d1d38,ca36d819c1759cdb6257fef0bb5d362d,05089,sao paulo,SP
badd985462c8b012533248eef2b4bd86,e24fd88c2ae70a0eac18426e9485afe1,62530,miraima,CE
28622a30de0b61091d78cb053b9cf450,2c84f1599c2cbebed0b8fa6cadf82003,36420,ouro branco,MG
2584a8c397f871fab8d373d60dedd289,c0f139fe95b95fe9648723696465c72b,30350,belo horizonte,MG
1e0123f53e6dd3fba2b938d4d5871029,c80c64c5de8503dec1c5cf8ab277ea5e,22451,rio de janeiro,RJ
150262ecde07c5bc549ca2cc732dcbde,6fcd81a947162c4b4fd4cc59b204dbad,83650,balsa nova,PR
5762791fc4f790e9bcd3b13e01e60f1f,49448603b610a118b4328fc16f891974,12234,sao jose dos campos,SP
3f9d223f86d2f243dd5a85fdc286c62a,93b592cbb89abbda7dc554c39add344e,13848,mogi-guacu,SP
3c138c472fb6f243ea59fa2589b20440,4125ca92d09b7d7a7709209878845a0e,17053,bauru,SP
338e6042821357f927ba8e5bc128c832,7f503cdc59bbd60d0112c66fb7ff91db,50720,recife,PE
40efe1655a1721e65dce406440349517,8bdab6cb6788348b46352e3b4bb2d7b8,13450,santa barbara d'oeste,SP
b49786f49847d2fecf5ba2d455321642,f8bc1d81f395f6239a2a5ab1b9edf1ab,30130,belo horizonte,MG
bdf54f7d1694971f430170fca990f2ef,2530578c7db988c97b4afd8a3d44cfd2,12080,taubate,SP
6aa648d1941ad74851f11529a29d5fdf,c39d4eb63d6ef6bfe4c61ec857dadb21,03047,sao paulo,SP
b99655875e88535e49976ea21cb258a1,ecebb5627b6336378511917b54a81405,31525,belo horizonte,MG
7949f58c22788fc436d73186a078e0ad,2b0d9f9711eb5fa44b99f4b3f8de29ad,79955,juti,MS
45016dcb53fa07cb0c050dc78b2d6f51,c5fd8c6fc581f9792cf214b22363671f,19907,ourinhos,SP
4b691768be854218728575411948fcba,4090db2dfb40ecb087c4b67571d50d97,39387,francisco dumont,MG
a9262f07bdf485ee87c6780a830ff83a,bf3d0b96c5568f51f70c45ac9c5f7278,06900,embu-guacu,SP
6e36e65ac8a2d6648fe31c13aa4e7b42,1b359b38c83520c3d4a8518ae0a7e304,22260,rio de janeiro,RJ
00694a1bf2da47e37b2bd3193eeae839,be062ffc58427d6c959180b68a67471d,12241,sao jose dos campos,SP
97324b134a7e75d33decb2a65d637343,617a7998a5246e035bbf0c6eb97bf436,38015,uberaba,MG
12a9f04e1b2cad4b8f510168f31d5663,0f2489905219a85efa84d4e6f873367e,06449,barueri,SP
376f08a4928b577b7113659f1c2bf415,47ddd131b1dc4718022cc343c3d674b1,21350,rio de janeiro,RJ
30252efebc24559e1a26dbede516424c,7a9f032449dce94cfadee4cdd3edb7ff,36307,sao joao del rei,MG
e7232b4d5318177ea3ab911dfb920cbf,16598a26ab52b99a6790cee0542f7d3b,03029,sao paulo,SP
75cebdffc30ea87f6b90465318eb7968,9cdffa935c79cf06d8bee1954e03b255,05705,sao paulo,SP
97b2b730a9199d685c6ad1edb3b2b2c2,8f0c64face0424da015b3c43b57b3f51,36880,muriae,MG
5fbc3ff103d135045b4bd2e77ddac6a0,0e3bad0595df771dc20ffbb02c0c3bbb,20540,rio de janeiro,RJ
0d0ce626603ca795728958e76c79785e,0a5678ed49dceff3134508e58ef32740,79011,campo grande,MS
c6f1de87b7344ea1d33400c3c15b1a47,a2dbc98e10ce1a8a3a0c98b4b41ef63c,13092,campinas,SP
f54d85c1e85a1f5d17c500a699b2ccc2,1178b0a7632f8af98f4bdc6d0260dde3,05767,sao paulo,SP
620f2482e95e1b24c3c228e940f84384,8fe3952a1127c277dd7a83fd5fe96edb,11030,santos,SP
f08cbd00eae908d02c0c4984598f1d2e,e8ddc823809246fabd9c235ef7714630,12308,jacarei,SP
526633186ddc00e185c117db06d78d33,d8aafab80ae2e5e85c3c42e53acc6d92,03211,sao paulo,SP
4b339b812b88b697ecbe6f20baae7e99,397c43786b70d47098b02f72c2ced573,18113,votorantim,SP
edc2830530b7d989c82121b21e1c229d,c4aafd2eb2916764d0bf1acac201688a,40243,salvador,BA
70856b1e2541638130dd5073344401a1,0f0894fa9e80292ffa49f9ab99093318,90430,porto alegre,RS
dba001f78ebcbf63aec0095cc03ad969,f889db6fc6944e1855d143f79c4c8844,13060,campinas,SP
f4f12b8475349e0391008cf5e621a65f,f8b5ffb2c5c11f32c3d09fd96a9265a8,14807,araraquara,SP
267bfea62bbfc1342ffc898248403bb6,36928e3de80f63dad3bd1d0223b035fc,06266,osasco,SP
95c0c43f95b6e11a4ffae8f6d6877f74,0821fdf6e8db71ae96742f7676440779,05403,sao paulo,SP
8bb9547aec97f493e91a078f66fa7ac5,630331e73a79ae9a2ba821bd326ea298,88850,forquilhinha,SC
9253a5b4505d318a6cee55fd80b3bcba,b640ce9e719a58e56efeb4ac754cc11d,07161,guarulhos,SP
931f171166895ae304d6e982ee54d197,ea01897da007844219c7559642c2554a,58175,cuite,PB
2ea4875e4673944bc07e7520e5d96df1,4b326cc8e41dce8453e87a6f4781683f,37550,pouso alegre,MG
3cfbb410f95cea8ee7ee4d94816ef1ca,3f2b65bb88f42dce686fdf02e18f4e78,20940,rio de janeiro,RJ
c8601345ccaff528cbca46e04f74ff2b,e09e509936d44d03ec876c40b0f6dd3f,98802,santo angelo,RS
643c75fed93c5f43541eaf9c6c8b4828,a20cdc29893c82874d8609df52228828,28455,sao jose de uba,RJ
ac8d05674efe12528f6d96c507aac3bc,4148cb4b02695af300af0674b9b3a723,88080,florianopolis,SC
414aa2fa7df5bb8836e17bfe8e2a0658,1aafbf7397e87ee25859a246e1304c8f,04136,sao paulo,SP
95ec188041551055bfa8abedc15c9218,9506d0f37838eb6943346ba4874834b7,96750,butia,RS
116458665bac0ff47d5e87f65e8ec681,e6fdeb2ae78e71035c9db4c86e778455,31270,belo horizonte,MG
4d89aa17cabb9666287aeec3288d07fb,8afd9492240f9348cea2de4655c34011,72405,brasilia,DF
d5114ea20c2a52447a40aa1e87bfd5cd,f9425b912468993ef72b5056801b1957,87210,cianorte,PR
49d6722c4381c0f4240be0e3fdb6a883,c658db7225bd629c88fb83fa5ff600b0,22240,rio de janeiro,RJ
5a39602202cb2bb7fe86f395f7f25252,4e36352fdabf91ffc9777dc7003fb30e,03062,sao paulo,SP
21b744d40c3f56ef36b6207f61c49db8,21c5ca0b2e2eacc91af538e3a4063e43,28930,arraial do cabo,RJ
e937151346d1bec664f5b80cd798bdd2,2760aef7bd977a44aabf53f656e92722,53635,igarassu,PE
efeb1f8a504d300879922d4cd4a8a0d4,045876bb64f31e69b5d38c1acfe9774f,88380,balneario picarras,SC
193754de85c4fb8fa230a4da9b125c66,155af62b6c947689a67af5c16acd5c55,39820,novo cruzeiro,MG
c3d289c17f8f7ff380061f524006e8ba,fba04af40339d62dac17dd468283cca4,76382,goianesia,GO
91449a9f90feafcbfcb06adfa94f268e,206707511ef20c9605442006b8be234d,44840,tapiramuta,BA
3b864cf315fee8e0e4dafd9396d57248,89f87ffdd991f5c7a57c14570e5bab8d,03084,sao paulo,SP
898d5e5238863a03c7e476003490f40c,44733fe173f346686092191f6ab4feed,60165,fortaleza,CE
5a31a9de95459eb5b6930f540a1b368c,194ec39b076fb2178ae682457b073c36,34004,nova lima,MG
4ca7133216f9b31f80221af0636877b3,63bedadba4446f63f14650e093665fc8,88040,florianopolis,SC
b902824d87ab9a5958c6a4462518dcf6,037fa6e5912d98df30bb5e88df3f40b7,13412,piracicaba,SP
e6844a55be2b09d0651ee44371fe6298,611799e29c068180c82b65ab192b559b,34004,nova lima,MG
8dddf27adc934a43b2ab68289ec22651,142ed0dad12a73d4e9eac64b4918fe2a,72810,luziania,GO
6f2aa8cb749347f2045d1104aa7b8fcb,6c2567283afe67eb8a3e2325fcdd9b01,06404,barueri,SP
7511d7ebaabaa2f1e5b75763fac193c9,5254e267e74196f1e1c275f9716c89a7,47690,coribe,BA
7d9edced80af5c9503cbf88a9e5f2a3e,3b776563843bf7cb5adb4e65296aefae,06083,osasco,SP
15d7dbcd027b5b24866db33e2b819021,ddab5650ba76e2fa2d7e25ed3343bd92,01005,sao paulo,SP
9b0befd87ff5c159c8a3e3bd6318a655,53beaaaafb7b657172c341e7f69e2ca0,88056,florianopolis,SC
2194fbf68f31edcb5a92443a516ac591,531ff8c46bb9686930d88a883eb84f4e,09371,maua,SP
a69c820c317aa348d781a9d6732afc23,17726716a98c98a7806b43a789820245,79304,corumba,MS
ed18a0580d4fd2ca6fb30b5ecd58b5c0,b20e9ca74f03a90be117bdb9da13573e,18680,lencois paulista,SP
aded241eaa68c31246d82eb3198d4ae3,970f8e94d1e9ff19f5362c239c803768,16403,lins,SP
9ade6d9e0052f02a42f0f4b68b9ae537,06e8cfa2a8fa7e52a62f8970657cd12b,09572,sao caetano do sul,SP
c59308d2a8b807a93f3a7d00e9f2b222,24c2fad8c24d02f02cac801f74d6a6cf,31140,belo horizonte,MG
3e2930de7e731ac3ed3a0b024aadbb69,41cc5f6aa8c35f905d5ccab6db922369,36050,juiz de fora,MG
7971e8c2a8da56cfc093d984bd572c75,a819712316c168b6e4828822a64c9427,02513,sao paulo,SP
0523cd19f27a70bda29f2efb68a2db10,c2919fbdb45366551c1e80d5cb35cd3f,38061,uberaba,MG
a466a6b7b523a9ad0b85a1872a03c264,0b62bb597b77ab1ecc1da8d6cbc95b63,06236,osasco,SP
10ea1c70a7401d768cae1da688935824,76c1e5615e108eeae2c00f69664f747c,21060,rio de janeiro,RJ
2741d30aa289cae1b78c923cf31e6470,9e11a15e61660b1f33f25a5b36729356,12518,guaratingueta,SP
b5c1c56fe1ec3cec6893b98d90a339bd,4facc2e6fbc2bffab2fea92d2b4aa7e4,91450,porto alegre,RS
da108bc410acffb1400cf9caea65a332,ffec490ab531184a483efe2eedd68908,79091,campo grande,MS
91d3149d945965cc9dcb46ca1981f7c8,ab0dbb476c5765039e40a2492a1c3dfd,05017,sao paulo,SP
a2e4923be4b1e3437cd230f177b25ad2,8c8bb2ff6ed3e9784b14bc967fb40690,49032,aracaju,SE
aece34f7c1fd0c6130f0d8298c1b93bf,82056edeb34b1497e39bb52ae3142b26,24350,niteroi,RJ
0e5cde0fdd1709898292a48802e28144,9f2c8934978dfccb30125e17c77c2a08,70337,brasilia,DF
00da45766aa7d360508cf25434334a8d,63606d6ecee30138790da5be23cac8e4,24020,niteroi,RJ
f99b5c67d9517ee04168e778a38581e1,61a5911707404146d998a28b3f5e30b0,65630,timon,MA
f1821c00b393147f35773641d2b53cd3,66832c8a08118ce07d6091866582b30f,03577,sao paulo,SP
1b8d4b28ab60427100f70a7232fdf094,7ae91d0327fb06c557aaa56c16409150,58328,pedras de fogo,PB
966912f20c8442f872cefe072d749ce6,6b0097aeeb7a1291d006b971a18a5430,84130,palmeira,PR
2487a1f2ca00d0bbdd2b768b7407d75b,e5200f35de4c094ffc5c6c56398fe944,11030,santos,SP
ecfa3f58947d84b3346a3634b233a259,a84f2e0c0c6a263c966d30fc8b51fa0c,73850,cristalina,GO
f4f17ada91ef010cbde3892ae54e625f,3d01f9412759a6a68f249b76eca0de78,11500,cubatao,SP
39860c1476da3e80b10d2af02d2e1a7b,306ddc273a21c3bdbba1c1e01b443b60,24416,sao goncalo,RJ
7010333c051d9116f2df834f27ed380f,2bd5a30d87455c3dc885897d5f561bc8,57074,maceio,AL
0ce7a95e45a3f8c60b04c0feabd7fb95,cf77d16520cfa8872481da61af7dc93e,03275,sao paulo,SP
3a3e3b216aad1589b4c7b5a8edd75c4c,3b93bfab3bdce83683d66becddd9df2b,22790,rio de janeiro,RJ
6069e96c176d200c3495d72244ae535a,ea28cd8e9244091f759a14d15b3ebe6d,64001,teresina,PI
774858779c1de29d2be62401459a8ca0,f944ee56d8467517955c2ddc7b0d486a,89253,jaragua do sul,SC
3c5208735611db0353acf269389b07b2,50cbf8f029f86149fef3d5688e4abd4b,05425,sao paulo,SP
cc427818670e1a876ce1a0c989d92f68,a984dc73180e58d6b3520c7e32dd33c9,03321,sao paulo,SP
e46010c28f8c49202bcf2a0b0347189d,b3c219d791c94f06a0d453c38b75cdb6,22450,rio de janeiro,RJ
65d253d62427d89106258c7ec2410eab,fd592e54477a38149f66056b6afa81b6,94175,gravatai,RS
bd6ba2b9c68f85b6386b3b3b087c4050,29d12609e73eaaa26d113a5e5d4ace53,09750,sao bernardo do campo,SP
6b47c3eea2c418b4ee03f1cc38e30519,215c346bf0164978a8725f01f7715ab4,37150,carmo do rio claro,MG
cfe65a3ee75686d0ac417375b2d33d64,b6ae19f87d8ffe88757aa202a1265973,55660,bezerros,PE
f467accea193ed2a3000f9ea4092820b,4bd91035db69402af2402d830849b4df,29310,cachoeiro de itapemirim,ES
5ccd6241cc65f50dbbc212f2ca39d71f,f27a3cee3bcebc5b64fb804f15f4c501,95680,canela,RS
5cea701060ead4cc1a096a18ccf19ff5,eb8ace0670e08632f5fe8977b669530e,13482,limeira,SP
acf93fbd81965a5131b63e3681954539,c036799f1b7d9832bfa372f83278182a,80035,curitiba,PR
8d521d4ee311b662cde488c5fea705c0,e661614250a17fe1a53be84269c7386c,16570,guaranta,SP
79d0540451c56f00f1d0d34f131d4a22,6923204be0531deec064abd1c225b96c,11320,sao vicente,SP
d182316491d236e297714265a675d511,055966f70078cd8c718bac6f0ec63542,49040,aracaju,SE
bdae1c8fe3cb5924d3ffb3f2887d2236,b515b4864f64817fe4c75b08b532f92a,30530,belo horizonte,MG
392569e210fa974c457c69cfdb400d1e,ff994a455350d9f24c79a7482b89dfe6,16400,lins,SP
2a2fd17c1706896127eff21e3750c0ea,5f5fdb9bc306b91204388b0b8da5ed6c,05444,sao paulo,SP
8cbe6c3bbaaae2aa9f5d97827a7968d0,a1874c5550d2f0bc14cc122164603713,22221,rio de janeiro,RJ
22fe25aae324ee80194e8fabf7d6970a,fde9624e2eb42ae1a340a6e5c836a179,03115,sao paulo,SP
1586d296dc10717a16c0ebfbd90439b5,af3b675d1e66e779b777389130df216e,36021,juiz de fora,MG
0c8d2c8d7de4b3bbb87eb8475d964252,c327e8d925f99e98ce94b739d78fe36c,08475,sao paulo,SP
ef502a24cf89085171f7a1ec7625e43f,b97b00bc9fb5b996fb0c7b338d064025,03310,sao paulo,SP
053f9f6d14eae73c5dcd35952b42f44b,5a217b57456380cc037f0466c4772f48,06871,itapecerica da serra,SP
ba0b8884d1b2e367c211fc51cf96bd4d,d39ad27ebe9439aa26965558c27aadea,13023,campinas,SP
25308e9c16af1a99ce8c88b431f0bca5,223695e4bcc4f7b660ae257524363af2,15084,sao jose do rio preto,SP
ae42f7bb2b7fd41673207c4a4903b919,a6d5806c529a9c93a116468d58649ff7,88803,criciuma,SC
1735aa00e7e53aafa92b65a536089fdb,dac6f2c77c9577d4f6119f9295ac05a0,01543,sao paulo,SP
f418fa622ecaa0dc1bc8524446faf6fd,40682a6bda55c041ac28f77b0818868a,01307,sao paulo,SP
56e023e21be211feb920b2e0eeb75c1d,4c6b7c9dc0a557d1aa17cca17b9f6fbe,24936,marica,RJ
211c5e59e4228e0ea780f1ab02f3029b,67f160b6a745ada303c35d984ab2402a,21555,rio de janeiro,RJ
f825769d284f18c195a406aefba84bde,8dafb82f687e3b0dc9e97b4198b92128,97670,sao borja,RS
5dbd65686c8be953edaf0d56c22f973b,247d272769453960c18cc56455fd0b62,09321,maua,SP
169c3ca987a830baef97320592292dae,f55f5b958b01f7040f6f42c0abaca6f4,75903,rio verde,GO
9abc3d571a784146d4f60c6a45ca1cee,bce11bb3c53f9d7c5d4196a88e27937a,36830,espera feliz,MG
5d241427165ce1fe53a31686710fd6c2,2aab68499e5a2b627282a496f5b0ed33,25807,tres rios,RJ
33e9f4b9cf16be89234b0eac5a37173c,e32aa4e5230e4f78cd989b979fc4279b,87203,cianorte,PR
ba49f69104161f11989bc1bfd6a5d6c3,8a6fd4c834ecc73624bd1ee83772e913,14801,araraquara,SP
0c7b234e8c2cb37488e4077f7369bbd7,ac0bcd2ec5e7d025f90e3d46b02dd36a,39804,teofilo otoni,MG
2d872c3792f119ecf5d60a08c2d90a66,0c956b53696f9d59c0620eec45164a35,29345,marataizes,ES
9c1e141643cc2c164c2fa7c7140f5317,a67fecd4801b668a6f99946a13333c61,21230,rio de janeiro,RJ
633852d4d34596c85895e88e7047f948,50f0617a467cfd77186033c394288ba2,05181,sao paulo,SP
d40c0a437930e5c214c1a779b5815b81,93c6af03fa409a28e083e2a5cbfa8204,57035,maceio,AL
d66257ac03cd3b43b15b41b8bc1db3b5,6395132a03f096da6f4c590ca2aa1a76,06852,itapecerica da serra,SP
0dc4d1b841d3c1a1f076fef9a39c210b,f18598d2f1d11637c3ed5fa9ebfce5b3,04747,sao paulo,SP
99f3961a1bcb55085e8bda6b25df6c16,808a74ffa0381f16a4a15cc3ee7007f7,41338,salvador,BA
6ceae544a7b14267290dbaa361e511fb,d2a99116b467ff71d74438a6f3827c94,44750,caldeirao grande,BA
6e65c443e6d67127d9b1f0d14be75617,17b02657b33d70c10696d941d13080ad,02450,sao paulo,SP
062cc8c5ff387d407645b93970baee73,062238d27c69d03c3cf38b199d6a17a4,36036,juiz de fora,MG
a1c779cddccf5ffe60e543d3ce0dc477,12e7867bb47d014edf9f37ce4c609621,01227,sao paulo,SP
1519b1653748a7af60dc6f3d515bd4ff,a98eca1e2110900f92984d7075d6d68b,07230,guarulhos,SP
c6908fb668454ce4294172398b33d5ec,f25dbe47dcd3f1cd4f1bf546e0985e43,91450,porto alegre,RS
b08388f79b3d1431d4d711ad96e26209,1744a22c30f293433130d89c41c633b4,89509,cacador,SC
d05a2fc75287e80ba6aa6c9958d2abb2,6f72c9a82fdcca4fde09203391d2a8cb,41290,salvador,BA
c6fc061d86fab1e2b2eac259bac71a49,107e6259485efac66428a56f10801f4f,13419,piracicaba,SP
bca923b4bf0e608694abdc3e4f18c5b2,da87a19579eaff2f6444e57ad0c4f9b3,08253,sao paulo,SP
bb89ed467b77ce0e60a8af8152957ffd,0192a97d19fd891f0a4453609753b886,04864,sao paulo,SP
cb4057b44a4efe80ba3db6417f1a3ce8,797cbd5b2db5e08f37dc2e55e1000832,04555,sao paulo,SP
7f8390bb894afc2fcf160888c1a418bd,95c0710e8278b42c0faa6c884be2da49,22011,rio de janeiro,RJ
5848ef3f994e18c5121d291e0daedc81,7e59d854b9bb4cbb2c85fcd93877c694,08527,ferraz de vasconcelos,SP
7008f7f2a9a222280115cc2a4f2e5b34,95417d239104acddb6fe868a21aaa641,32140,contagem,MG
5cc48607521a18de6b6e2eeaace14501,69d53f96fa1fd127565c68e0c98bb4fd,89750,peritiba,SC
72dc419d76a248bf7709fccefbf4731d,92fb5b65fbbdfe7d8e55e53e0af5a971,20040,rio de janeiro,RJ
6aa98365fd711a9e996d0d41a80c3be0,228bc506b954d332b12aaf13b0842249,20550,rio de janeiro,RJ
2d0386ffa6a583f65981153d4f3ad5a4,b3437705bbd85a5550645e65f26b1790,66060,belem,PA
3a9795ba3f6c5d04cbca83a5d29cfaf6,9aaeac4d7597ef5e2c9dca24968afec9,04462,sao paulo,SP
cdd33d0b02c81a178d88dfbc1ed9f0af,13df7eb64b9577ce07a5e767e24bbe64,65076,sao luis,MA
ab4606afb44526c3a33ce2b9c4571b64,a999e4bbad221a030b57ef4a2bfa1c39,28230,sao francisco de itabapoana,RJ
73c2df352cbd86c80f9aaa6da043d2f1,cfa872ed9da801b38016e10d18653b97,80410,curitiba,PR
d3f497230c673e3eb4362335acdc799e,5e787bf74b4a77702b1ab06cb42e65cd,24220,niteroi,RJ
f495468ea3520f4c1ed6bef24cf3135a,481e14f4afa0bc51b944c7dbfd68c8fb,13272,valinhos,SP
4733ae003f8ee471b008a1bb07cf1633,14f0ab886603a9e09fc3e3680d48a419,42850,dias d'avila,BA
b2e9fe38e0eb107f91e26b5f777de56e,6f5994cb7fceadc61d70b91fffcfcc3a,70846,brasilia,DF
219ac6264d4fc0182ce6773440355b6e,aa89c9c0b36d35205f4bc13f3ec61c13,06343,carapicuiba,SP
a6d7640f52f30dc6dbc120c31cfbebe9,8b8c6cd9b82fe4f684b16e22940d7709,15061,sao jose do rio preto,SP
f3476df115c5d26bdb6bfb71b5fb66af,cd2fd2a38f5903eb2a7377b548e0bfdd,04826,sao paulo,SP
c3490dcedf42cc4adaed83f6360bfa1b,381865bb5f82d4d601fa3026a283b47e,71692,brasilia,DF
3d5851730e87c65aa5fc8e706c859c84,220e8dbfc514d030c1aec5594b8f99f7,87820,cidade gaucha,PR
672510553bcfbf72de694db2cd88f046,e75fd09539dff5c7c80a12781404ffea,04078,sao paulo,SP
410b01953ef40c9962bb6dc6578c7ff1,b4280a4f708b5e554795989590a542e8,06716,cotia,SP
24b3827e65cf09e06d6510524822749c,d7a7eaae05afd9cb00a7e5378dbae99b,90820,porto alegre,RS
cc0f43bd4e0f3ed1a2165365d26029ae,8a996e32e8d729f4f10947fb34bf5763,03150,sao paulo,SP
eb729faa993caad20442243265804a7c,5eb8cc30e45a67bdb05240e7e735967d,12212,sao jose dos campos,SP
9ef02e0bb31e88a1fde897b4adc31233,abc44d14ce112d264ff9637967e98106,84925,pinhalao,PR
a70076d8d4bfce15f8081951c43bf187,a27e4166e532a9f96b33021546df3c38,93700,campo bom,RS
c842b7ed6d1ad9e0eecf06cacefb1bb1,a2203dfedc3b062662c14d3a57b9ec8f,90820,porto alegre,RS
d68f9c633f9ab44265b54f3792fcbe71,a4fa4a8bd22ffcc2651264212eac9f39,13077,campinas,SP
770a46db9679c9f9b8f8d24f7b81d150,fea2054e713554cbbf0d681e062dd6de,38400,uberlandia,MG
e93df84b6db60bf18610814d86332a1a,2a7f837de6a1999e457b8e3c5619156f,09390,maua,SP
439fd4a92dca4ea45485bd99e028004b,ceaa8332aa14a606de44c05a1271e6d2,55580,sirinhaem,PE
73c9d97f890b683d4d6b69781918dd9c,0d7ec9878ebe4e77c961f11487598826,84550,reboucas,PR
139cdadccfc90320a5d8599745cd10cf,421979d2aca976bfcdeb3b4f745f6b35,29580,dores do rio preto,ES
e2d80f15879933506a918d1ae458e70d,ebefb707a0e21d073dfc5b0a1c90f4b8,94480,viamao,RS
763a720a236f5b8efe8220ef8b87bc81,00fb957ae14ffd35a3211d8aa6d9cf9c,04009,sao paulo,SP
258a9a5463df41a824ae9f7cd9d7ae5a,cf7c722c7f650a71ecaa5079cd85c6b2,13487,limeira,SP
0928de2429e186c48346ffaa5738cbe6,5e5e45d10f0d852c85733ded028ab58e,44072,feira de santana,BA
acb794270abe7a3049df2793c2da7f5c,093d87e3bf49e406c0eb435dfdcadedd,18240,angatuba,SP
6668dac2eb65c90a4b5662e8d5a38514,f0b7acd2e2d0980cde86801f38ee0e6f,37795,andradas,MG
0f3e9d86fecf526bfb491387aece8e02,177046a5910ce6dcbebb14997a36fb18,79601,tres lagoas,MS
a12427487c970a4a75dbeb5884f126a8,c5e94cf711798a7bdde48952d2b3ee28,04474,sao paulo,SP
2013d892495e1a101d742d533d2d1119,02daaa0e021d624d1784c4ea5cc84ace,01033,sao paulo,SP
3d611418d3317f83cc72fa55120c25a8,02105a58e384edb89a9827dfd3b8173b,02550,sao paulo,SP
a7fd924b11c1776e4992293e2b2694d3,9f65b22046ff3281527d2c66debd30c3,22420,rio de janeiro,RJ
e8f5294ac14b69130e07090b8968d934,d77d246d1ed9af082bde1ff40827675f,11390,sao vicente,SP
a4712004cd61cd9a1645946cadccfbb1,bf836cb985b4804d4d2b30a5fdc01611,11730,mongagua,SP
7f04bae0255c12792d4f1e345db66077,dbebf4c599e762ec3faae60d7e0c2605,12233,sao jose dos campos,SP
6d13dcf9140e8203f98049ac8c1989d5,fd6e9d353a87db116fff2b5d7f9e6d7b,23020,rio de janeiro,RJ
8e98bf676f11db9fd078edd4d3dad51c,ada34b99e77d7427f903b45fdf1d3772,72620,brasilia,DF
b8c900c65077ca9accd2e1132f863220,58a36e5c8a6ee775b3560452f7daa02e,20231,rio de janeiro,RJ
32414a38e12950c3121fec300b889ee4,4c98fa82af326124574616dd8e3c8dff,90550,porto alegre,RS
965cef866a59a3cd6d1e92ba0ad2c779,9e11a53a57f750f786cf63a2c4543b27,72001,brasilia,DF
03fcc171d06123c951b373d1bf113748,f11173fedbf10c2913afef5844d86c9f,05171,sao paulo,SP
93db96687b16132297af1de44d17e01b,90a1d3ac705ddafabec78b854f15bcf2,01224,sao paulo,SP
e878e62b47d38518219dc965e4fc7281,717f1dc5ed2dc818d23c383e889b3030,41701,salvador,BA
dd340f55b79392c58be2ee54c2004c26,1f120499af090bbc76911420dd1f93ad,67030,ananindeua,PA
f4ba748d8b07e14ec640572f6f368e47,e67ffb93f00c3c5ceddaad4c0dbb1f0f,92425,canoas,RS
89129b4134df3289d76b155160d6e441,21bde4e982c4681021edabb899bcebfe,38701,patos de minas,MG
1c34888248845ed3c9607a2652adad9c,3ac21ab85b7a7594972f8b595c0b4827,74120,goiania,GO
8b732006d93eda03060a52ce6bc22acf,ee86c319ba988c50816cb59a863b1882,01422,sao paulo,SP
4f3f778022aefa22b9f9e52d2c47edf3,cd5a5843d35eebdf90368bf24d4a04cf,09390,maua,SP
e92123d0ebc71e37e389e112544064bd,b3bda7119957fa2b748eae87e839c41e,14402,franca,SP
c6e095c02c127a9a70519bafb092be5c,114f0b19eb9bbac33eff4d0f04e6b113,12324,jacarei,SP
35e78cde5b0035c5619904e902c385d7,a419dd7dfd2ca5800069304fde68e3b9,96216,rio grande,RS
a38a9ffb610562b589318c8b263e0d5b,0b301ba858fea6e878faa5da12b044c6,04273,sao paulo,SP
b39772ec1d9fc1994b44e64ecbc1d13f,e922cef65c84977f14c662eb2ab386ae,05027,sao paulo,SP
6afc62083bb702009f39e1b65e3bf2a3,c5a2d400bac55c2ebcb3d7815810142b,97650,itaqui,RS
72c1a2258eaf9420206a0a13cb760b99,a24b992eef004eb002488fce9e3be44e,58038,joao pessoa,PB
fec0ee5582ea1ee913428817f09e8883,cf365ebefda4b1e49ecfe6a6a7c21edb,03282,sao paulo,SP
1b3a5726a67f0222890dc9c922f19809,6e576eaae1a8076ef24c487f08cd1bda,11701,praia grande,SP
8e2d143438d380d522c2a4ccc781c6ac,6b55f7157c72d5b59efdcce5669d1c62,13340,indaiatuba,SP
3752551df5449159b916410bb81a13c0,e5e19e97afdefa88a01ad43794ac2650,22471,rio de janeiro,RJ
8a501a6f9fc4c5431e91de49eca55778,4d35276095e7c9b9f81ab155d0bdfdb4,05842,sao paulo,SP
e60df9449653a95af4549bbfcb18a6eb,5c58de6fb80e93396e2f35642666b693,80045,curitiba,PR
11af45ad3e989cec1c7b9c677d8ec713,92d3d9f32205262f8c02d4d5f42c3d45,44690,varzea nova,BA
9561fb5984d862e686beec844488550f,c896a03511f04a65568335fcf3fad642,23535,rio de janeiro,RJ
7c49e9f39b3edb70c81f1b9a3c443b06,d909efc170e97275cfe65980da6fd7a6,09290,santo andre,SP
af2769eaf466dabca4bd67df142ff48f,b9a927773f76702fa485db5a1d03d37c,87020,maringa,PR
de6a99b52963d6b03a27d8ada37ba930,2fe6eb56a0a7badb1498de564585b21d,19802,assis,SP
a07376bae88bd48df71a590d7191739c,ccbf23953fdda487709f41c2ac5c4f00,06253,osasco,SP
7f29240004dd657bbdf131b0ec558634,2822fb97bf696ca53a1ecb48ba91d288,09664,sao bernardo do campo,SP
18f1bb6325d50619d5c13b7a25b869fd,7e765e16bdd8cf6bb0dc7728e1294636,45960,medeiros neto,BA
08413a7d01b73094974b41e36cf77094,4d2850067c25c07096a9e34ff4a1d1b8,03945,sao paulo,SP
0281f03348b06722b7e0f92455daafd4,926c047356935ed05cb3fbee9ebcac0b,88330,balneario camboriu,SC
c8b5cf65af25e599ec44662ffe565065,27471f7fc206da344fa29b57c48417c0,18060,sorocaba,SP
f0d62fcceaafaea74a143d7fce54f1f4,46d2e80a1ca0ee7a62db0ab302e8b4b7,38065,uberaba,MG
6e27bba7912469fdd0527f2c6c8ea100,1fbd81e4d0a0cf9125ca038b43533b7f,28500,cantagalo,RJ
c9889c41f5b9cb77189f1af324eb1fe6,8858d6560a5cae6209296667e41d07e2,76842,mutum parana,RO
b76530b7e66b27cd664ee26efcb0c7dd,1d8dc0ddca15b95682905c326b2dbb20,79170,sidrolandia,MS
566725ddad946bd0c0934125dc3126bd,91f75e89e981ef7304d0c1fb35e503b6,05788,sao paulo,SP
5ac428ce4c03f5de316e89f6bf056560,8e1f181cc5bcac5577cb660fd13a0503,11660,caraguatatuba,SP
3f979506b05475cf5da22aa8e6c36a6c,197e7a981a20a197855fb41c4ffe8c5e,07142,guarulhos,SP
218751f47454855f63dd09ed692e34fc,d02aef1a1d91578d47ea33fc7cb152dc,75690,caldas novas,GO
4a085ed25db023c6efb5f7d9708385ec,791fd1aad1bec674c2f3f514ea25fafa,89032,blumenau,SC
70dbdadd7050b13d4b0e0838fd5388b6,9cb5b6ca9f36f66e35b55cd70fb81d12,87505,umuarama,PR
bfd798b55813a211343f1612ecc25b17,e3ed27f7f18b9aad123fec8eb8ce027d,22770,rio de janeiro,RJ
e84d9c0fb40fccf1b0e326e840f6a8ec,1ff3cb11d59e1782c6fc95912849a62d,13150,cosmopolis,SP
77bdefa289f03aa2549e5546923cc5b2,dbb5aba7e1a8a849072908cdc2ceddff,71535,brasilia,DF
f3e49ba0a33ed964f5e7f20b9ae1c478,81ede855f58f99b76014d66d161e7a23,05468,sao paulo,SP
5fb9d23a8af73d1d81be9447185a10f7,4d1816adb92709672c1c049f8756f542,06702,cotia,SP
1c5b37d20011c637ad1a5b6d423c7483,aaff146bd210808c7d004a05966472a7,24431,sao goncalo,RJ
9f0c1f084027175956642f25a0c96cba,3e57306aa9904ddc83efafee12dd4625,30624,belo horizonte,MG
549025fad34a0caabe89d632f0a20a88,f6b425b2f38f6842c559fa89c27c2621,12270,jambeiro,SP
568582be60824f5a39353bf7aafcffae,5962b3d00e5c411c4939c732442af00b,15035,sao jose do rio preto,SP
1276bfeebf316d2fd56f31e384b9ffc5,b068fd2fab68b996faabf91137ba8bf5,23080,rio de janeiro,RJ
8e3d29a001bce34acad03f9871f89204,4330a0ccfb4285690a46b1e9fe2a0994,01531,sao paulo,SP
03ea960cf43b1d1e8ea7343f503e8fd1,5872f202865385317a6078777633adf0,94475,viamao,RS
47159eaf5092747bb560f38b5acdd0da,6cfbad53d4f179f70fa6016ae164296e,06867,itapecerica da serra,SP
5eecda6ad529c01c64a0dc71cfc02f17,14836decc7195459c2fb090c8173fac6,04827,sao paulo,SP
03e0ca8ff692a46af071866422dded4c,4cfea1c0d66ed41b769d78040e59fa73,36512,tocantins,MG
31be8c287cde2933aefd80ec4b107011,2f2b167cb3ef14988b2a1c194e11a790,06455,barueri,SP
bf02d2d8cd0525d8849563e2a03b95da,3839e1a64b6474690abb49e150b1eb43,76345,nova america,GO
c70dbe9bfd930472b5a3bc0d052fafa3,69e6cc87a9eb80c6815799251e83150c,09910,diadema,SP
569d0542c214c1f833112efb87157c01,9b9f9eb886f72924c825f89b68266efc,82530,curitiba,PR
336857dea01e0e67e04d8e9fa9b61508,16eb488d29edf5c35d37a1c1ec3484a3,03336,sao paulo,SP
5f6bbac628ae418db4e0f92932f899c1,d02e64b28b7c386aab81bb6ce148799a,37580,monte siao,MG
6750172272a6a616067b595a9aa0d6c2,c0feca9e5d043fc29634ffe766756f11,78890,sorriso,MT
60c23b4f05e926f24472f5ae2ec6b89c,00504b68faa074d0f40adcb4f7727f71,26700,mendes,RJ
ab65db409c590bb188616224a7e76cf7,97389ed5addd9b9f90dc5b64f3e4f938,07716,caieiras,SP
c0d8c122eb9b251748d380735ceb72b7,e0bbdfcc37fae18fd8c1af69eceaeee5,03201,sao paulo,SP
acad447a2406e2d43fad356e2d89aec3,668f76ea8fa5d0f459e6a15d8d55ac63,93347,novo hamburgo,RS
a572792aa6ba6ead6491799c102b1b0e,b8044423bf5b63d164e65a0c90684788,53350,olinda,PE
e20a7db0678d2a167680a003fc25d4cd,e89757d565be1e7784b3aca4432077c3,13140,paulinia,SP
86bf3bdfb50d3b479ac3508e8654cf86,99b026061fefe9ff09cdd0e745a9233e,13043,campinas,SP
9235e3ab22f834a8777bf3b0ddc34b04,332b50f5ad97c9168f9c07494169b117,79150,maracaju,MS
e1fa3e11507423349f9e0833b9698b2e,0484f4053df3702347e3b260d0eccf39,71503,brasilia,DF
f36723822267d804066b22ef8b5eb655,7b2561d9d15389bae6d2c4e97a2d0621,88058,florianopolis,SC
0410837784e2dbaa9a557a94d9975b14,1581a918a58a11d99c69f86d9c0d2098,46100,brumado,BA
f9d7122bdd5b9a3ad155417469c69c34,698b9fba35afa2346c8e579695ca2151,60511,fortaleza,CE
4024b83c510f004326fbcf0671738663,60389b9628af3e1ed0b3d14226b77994,09280,santo andre,SP
5447af43cbd7d4c3a958bbdd1327b6e3,8305c9033f18b2a9da785f80fbf80eb7,11630,ilhabela,SP
7475f775af7286fdb7c6802eade228bf,7cc947985b74a0c1ea03e914b2aa3ceb,88502,lages,SC
41065d9dcea52218c3943d2eed072b97,8e5a8d9363eb6296154b65750c8702ca,83325,pinhais,PR
827a42e41fca052da4378e08dde4d5a9,bc5d56db41d085a187b0e6e1dfbfbb4d,09190,santo andre,SP
48ee4490f797cdb00bf00f9255351ee4,36c2f8a28196fc5987d669d8e043178a,94198,gravatai,RS
0adbcea65a531588e0a7c68142d54192,b5e6527dc5f242231eb0248668eb2646,96445,acegua,RS
632615afeadba799faf8226958a2eaa3,f9ccc64481a04c1a9886994895b97f03,58350,caldas brandao,PB
b36cee83a40635fe990ad29c7171f33f,b6c5dc6ddcb93efe16687dc272f74aa3,47850,luis eduardo magalhaes,BA
c9f0400e07ab2446a7485f67d31c51ea,a30d83e1dca98475662141c4e5f1c727,38900,bambui,MG
3e089f738aef695bac3734a9bce1ed20,4c9d7a522155c04c8a1ef4c76ea68998,02242,sao paulo,SP
4db6657e3f2f229751497dc35de64e26,390a4a09930cb5b39c45ea5ef6433632,38035,uberaba,MG
6e20e3411f6125ce6341690687c83fef,899d181c9917a7ccb3248b4e47f6f580,01020,sao paulo,SP
7f340a499d079212d76e5a57f5d42389,934d7e7b5aec6b485caa9f0bb98ebd48,89620,campos novos,SC
511d19680a1a81a79af022e8d743ccdc,6c59befe2250193ff57af87de794d177,82300,curitiba,PR
10177dc3aea2feb6100db360ddc9192a,a115aef3917ee6ea750d2fc7d975a4a8,05819,sao paulo,SP
83921c0d0f7fbb56e05892c41d5a2445,e1cf735f320c9870c2046dbbc634fcec,19804,assis,SP
1cc017a5604ae9c2f6928e6130fb9be3,448e0dea390e9ed20f330b7e75b12ff3,13275,valinhos,SP
d7a77284d0a56f6b1ecb8c344b60d3e4,125afe43321f838bed64b7e0ecfddba4,83327,pinhais,PR
d92a0146dec6700c8843c392da07a41e,6ee5a0879c4bcd71bc0ae0352effd675,59067,natal,RN
5d178120c29c61748ea95bac23cb8f25,7ed0ea20347f67fe61d1c99fdf8556ae,21810,rio de janeiro,RJ
c4df73f215e54692735130c2e738c177,bd8bee2d841f2573c7c4f2d49dfdcaf0,06440,barueri,SP
e1a7cfb92cade4aedd22ea4860bb848c,4ddf638d30917fc90e69fa4294fec79f,01508,sao paulo,SP
1fc9edfa5157a14833804b4ffeba2c2f,9f1fc6a06662230a1fc39572248a64c7,13456,santa barbara d'oeste,SP
59d8f775e59cb4feccd4fe7c23216541,39361be8bed3f1f846461b49fdc6aa6c,90038,porto alegre,RS
6fe4f4c2c6976ee660a72d5f5202e417,a61dea271acb6e99a18b90309f894706,50630,recife,PE
84cb4824ee3f6d0c24b60d12a8e5bd00,be7dbe5ffc6f17e2b76ad573398bb93c,64019,teresina,PI
d667ea9696496830a23ff4a8e38db1e3,f224c968e69ed64cf5332f1cd4a3507c,61760,eusebio,CE
249a282dec8f999f2d4180923c165803,cfb93852d2c981a6d5f6638fabe1aa4e,03812,sao paulo,SP
bfab01097454f7cf7d2ba80d7af6125f,c5d371601018aa18e6c3a30b5678fb1e,60355,fortaleza,CE
51305a24f02a05869e1fa706fd5d5bd3,43b843bd189abfd2fee8c8cdd796e798,03053,sao paulo,SP
d35996269f53b0d70d2dbf6f3836ed60,b7974be9aba6166e8dc42b4f7db90626,01103,sao paulo,SP
0bdaf62bf3211420cb25a16386b56801,bf77f7e1f3be1c38f6686194ad96365a,12287,cacapava,SP
a4cba27784dff4e827894a6cf91fc55f,5267a8c9b203efd22d5bd1ee46cd25d0,12072,taubate,SP
05428560b11124d146bc86a2c4d5bf35,8af7c3e9ec5825a574bf03b2813eea29,13184,hortolandia,SP
3985d677d82341e381758018d936ef49,c297bb9230dc3152522d0c2b4caa7a1a,08773,mogi das cruzes,SP
a45bb6b2defa953b1e4025c6f40532a0,5206a6a64eeb54d092be68b3427f3d92,04635,sao paulo,SP
24a9d9ed5262306de7a4b0925ada06dc,2548ce8e60025afcdc81a1a44c3caa9b,21230,rio de janeiro,RJ
a5802bdf6acdea92021a695149a8bbc2,027a37fed88effa55ddc5e961a48575c,79560,chapadao do sul,MS
e38db46321e8a8652cba6569860e5902,0c10bf136ae164f2b69624482f95f6fd,14580,guara,SP
20200721e6df99558d4ab4bd85979be3,8e094d0d1307bb19fe14f772b723cbd7,86605,rolandia,PR
39c97375f33b48f0e40142121854d6ec,0f0b49d45120fcb28bda56e94bc85673,17030,bauru,SP
625686f10cec48c80b355bdcd4b94dd8,308821e781e809311898edd3769315d0,05271,sao paulo,SP
7ba8828b204ff74e292e6a82f84415de,10f31bf1a6e4ca208d738fd5d453c9e6,81750,curitiba,PR
5e168bceb0efacd860ad767bb6f4e41a,319b9cc9f7adaf36ce7835621c30248c,13977,itapira,SP
98661b627038780e9e655a56ebc23dc6,d6cbe5bf7d8f5583902fd66f1b7a2f44,17990,pauliceia,SP
749cd3ddb1d89cb71726ab0bee1013fb,601bf929b8d0a8feecab068a2110ae1f,74911,aparecida de goiania,GO
5a01d03e70311e54445e9dc460e35c7a,777e39efdb2068331411db648c09d385,45990,teixeira de freitas,BA
266636baec3cfa8d854713f0b465a2cb,f507945d757fe904ec16d8e7bb7ba7ad,24452,sao goncalo,RJ
faf4c7a6a07938227b98f454caee1814,b26bbb11c1875531633828f729d972ef,04016,sao paulo,SP
7ae2c19d2a758e510d43a9ba38abf6d3,38cb0005af60f18f5fb63038213054ee,35450,itabirito,MG
378b80aaccaaf259cfd1389b968e4bb2,19d49f41fb53c169a6ad94ff06b023b1,85884,medianeira,PR
42bb50515411f1a0d51a700636416201,ad3e4daca8169bc9e980a84a593194d8,13350,elias fausto,SP
b22929060c67ae572e2e82d531af2fc4,406369948f16d70aaebad59a87541dba,88750,braco do norte,SC
0fb85ae4e233e275790cba098c95c855,0204f3da94dadaf3fa21305413e02d63,64290,altos,PI
5c3662c3c0d32edf5dd9e7b13abcd4ef,12e230ff1bbc20b7e71976c11e1eabbf,02937,sao paulo,SP
552215a43eb8963b5ea631bde3e63bc5,dbc6ce0dfea576d88ea65af28d09b69e,56460,petrolandia,PE
a6472fafe286c66c40540fa2b3217657,8dff9b4552dd014ec5d661e447fbfc4f,88303,itajai,SC
1aac2b5adf8aec2c00fe67d06aa8ebc2,96fab6e511253d619ab79a63c31b29c4,08240,sao paulo,SP
2a7650b65bcb266e812c0408d2bc2414,b0cd87c4ef5fc1d8ce2c817690223a83,06124,osasco,SP
b223b44714378dd59b2e92910714f19e,0af3c2351aa741ac5fb2a0415616dd7b,98700,ijui,RS
7f2a66ad36459534aeadd9b1985bef2b,a89fe4bf01e67497dd3b1aaa9a43f41d,37550,pouso alegre,MG
b2b204350c535ec8e130d1e42dba1bed,7704b4ee92be4fc9b92ec80163c45272,21235,rio de janeiro,RJ
b9d3b0749093e5cbd5c5017ec08f0ade,6428403ac3b03984c38fd083fa1647b0,24440,sao goncalo,RJ
58ee8c095bfa7fab72d5ab65d411c975,33a189c27c13eb6f9609976cf628bd9a,13843,mogi-guacu,SP
207dcd5dba3bdbe35232e736b4cdf538,85c783172258a31a5f689352bc9b637c,11704,praia grande,SP
90331f6d4993e9930f17d54c34190477,206b04b38a5dc8404458ec16edeca606,83065,sao jose dos pinhais,PR
0107ed88ec010416e20cacf67d2c905c,84720447172b234e7504da52ee639435,81050,curitiba,PR
1241066fe4eb287cb32cc128d0c4af4a,08f079395a188f5d5b175588fd8d420c,91030,porto alegre,RS
e5475160d45b86c1272caa11513641ba,9cc01133abd8502b1b89a0121e80c10b,09951,diadema,SP
ab30bf72cae845f3814c7baa50ca549a,8b9c297f4874622ea42c249bba3854d7,15775,santa fe do sul,SP
60f9c5ec01881784ca846e12c16aefce,67b0a8350bf38e5d5be5df23e0d293a7,70040,brasilia,DF
4cb9c04be8cfbc5c1e0519344c72a5ed,baa8514552c2181d27fa72c8fdcbb36a,02111,sao paulo,SP
9f978a12f447c1d1e426f473f95983c8,9562d61f69da68125efdb3fb770ce0c8,05145,sao paulo,SP
8be17a073e7cd65a10e13bd307a20592,1bcb0d37872e0be7a8dd956b475523dd,86037,londrina,PR
8f0352cfaa71a939a2aa8dfc4b4165fb,b9985168e18b03feef0dcfa99e65fc4e,88717,sangao,SC
3b01c1a86716aef93f40e4136bc1866e,9b8ce55666bd674d92cf355e39c88d35,28685,japuiba,RJ
c7a4f3b89bd89c8b47b3eab4a1df1176,bbc33f1ef4e6e1293cc6c04d7c99f7ed,03191,sao paulo,SP
46dcf912d282f0e1aa9c3278ec488723,122f8b38ffa5173825fedec390c9ff95,34000,nova lima,MG
cf2ca98ff50dd7bc444ed0cb47a21d14,1bdfc8e1d23f38cd4f2eb0a6e117c863,72811,luziania,GO
ec3e951d452fe7bc2a123f2544665c4b,2e039c15a318216150dffbbd9d8afb7e,08574,itaquaquecetuba,SP
b0bb72efee14e2f42fabdfb419e52486,23e1e01cf6452c0b079b172465044559,88308,itajai,SC
8b2abe6f49370b6d136af8e75cefd25f,c48642668651e99d483e1c90f9744437,03147,sao paulo,SP
38f9acc05b467543eb2ab4536729e1d2,d3a6a654f91fd4bb5ff0b019d0f5bfaf,71909,brasilia,DF
c46e1af5a15417246a9c5e81ac964358,da9fe686eb368251f74be6cf68c13678,30575,belo horizonte,MG
47d656c08a282ec5ab4c1f18303a3a30,b5910f24d2483d697b37e3857b621061,09820,sao bernardo do campo,SP
2733a4e78706230ef8e6da9fc7f80444,0fea8b54df51aac3bceb41c79bc556a0,86050,londrina,PR
03432b33c8aeb8601e3ffbb38127ee2d,d7aba360e924fca1be9f96f56c85b0ba,75890,sao simao,GO
cd042ac503b01b08c0c1e582bb978154,236655441ae8dd4485fd328d918186fa,48020,alagoinhas,BA
f7a7fe1aa3478530445edb70fa6527b6,7a7e3553b6882e57b97839affbeef926,08246,sao paulo,SP
90e3eeece77d494de02de58bc257b248,b1324928500c7eb187957630199b6113,17012,bauru,SP
ed2cb6882fb72357912fb1ebb592eb3f,8a86ed4bed47bcac26f94311443b954c,19360,santo anastacio,SP
7f2bea5e1e2401a11a15c1e666445196,4e97be24d55ed95a3e6cc85df693bf41,05795,sao paulo,SP
0a88fe358661f9b9cd87d419e7bffcdd,655456320877a5b071dfa4ac10bfa161,04710,sao paulo,SP
0eab5c860fac0aff7a9ef8f11deced68,8b4fb50121e80492650750b1f1356b83,06020,osasco,SP
8923186c52dddf7148df8811d43c0fed,3670def3112badda773d3f09d506a322,20260,rio de janeiro,RJ
485a077ad2a0a1d77ab724863b2f50fc,13b22209d84e4226957f4e4f6419bb3a,35860,conceicao do mato dentro,MG
bfddea478823f3128b7a3bd9253988e7,9ddf3b3f87864dc1fa52163adc2656c3,28906,cabo frio,RJ
d538faa55c1f7cec661fd02a25d8a74b,29b58ab34a2b7a11858c320f7f1da2b7,04076,sao paulo,SP
6112ec2abfe626685bd8c15e3e188304,54285600832ce895402e1620dad8383e,20520,rio de janeiro,RJ
3b66c28f77179c08a558c7c45540b6aa,93049ae397cd06e7dbddbf132cd2d40b,14090,ribeirao preto,SP
8e31bcb3d20439f3d6c67160d9df093b,5a83824981b849806e4d02b7c7a18950,37975,itau de minas,MG
46fe2c3e3a512f1d45f193379522a24e,53a3848ef62bc586e56c66f273a83b10,92412,canoas,RS
866dd245d597f9bb5288d41286834c83,5b19e5f43269fcafe54aa4f5ff361d2e,24445,sao goncalo,RJ
77a6136f49bac0c337eb24e043f624b4,842909a01087405cc84f9c41d519b3f4,54450,jaboatao dos guararapes,PE
07bb78d58680e12babcfcb21476f9e14,e97fa3c8846903173a7ffe24dc455c44,48500,euclides da cunha,BA
f2865b6b88ce263c27c20b3156712eae,936ab2f17a183ff042fecbacdda0b824,17320,mineiros do tiete,SP
224596c5a40f0b3fab3be69edd4db8b1,1bfa238eaadd40580532424c2f383b46,60875,fortaleza,CE
c9a67b1df99803321bd59735c389a6c5,d9b27380a404b2f7f88faa075302f1b1,27250,volta redonda,RJ
45d13f49d630df78bccfa2a05aca18a9,bbe23bf5d5ed17c5a3132bebc16db355,75803,jatai,GO
9daff53df6b6fdb6bf1ef391d9138f5f,a3e2cda6aa36a8b56c59c414f3a5f378,05007,sao paulo,SP
2f7df887ddcb022dae90b092de0e4ef5,b75240cef5e5899733713fc4c9f4206c,35300,caratinga,MG
0b171140ee2baf7b6039c45ee04d8abf,dd27109e85436259744768c2450b2818,35590,lagoa da prata,MG
cd6bb6cb42e1fb7ad795a83702d6a27c,a2fd22263bc1dc3be656a0f725d3866c,79008,campo grande,MS
84171de389927066b2f82ff038e94cb7,1b61b6490c6d609224d6e8bb4bc415a4,13044,campinas,SP
a368e7a5ecc4fbc5f7c9bbd5b809244d,f504a7ed99f2a37120d9cc0164bd5765,28085,campos dos goytacazes,RJ
39d5f491d314a5e26d16cf74581bff02,5d81012f5f20f3781512403410be3043,06624,jandira,SP
fb7df68b487c7340f5a4e9c5d4ae3e73,e6aede5b2818df1b512845c729cf7463,04551,sao paulo,SP
ecb809e65ff4dda823037481d5a64741,653be8468290908dd1c11327eb9dd8a7,29047,vitoria,ES
9abf606fc27c284b79f293ca455f99f5,8aaf36b618a4473f308a71f685a12c97,21321,rio de janeiro,RJ
0d55393eac5360eec19095b10b1fab90,58d513b04e154b773a1b26d3d5da1f6d,13184,hortolandia,SP
65e76b6196e163f93011170f498258b6,1dd36a22ab6a96634ddaff1be203eb52,22250,rio de janeiro,RJ
aae53fd05ec93f09b7dedec22367e9c9,f951da148496f526577408477569e7da,95050,caxias do sul,RS
e51e265631ae2f257a00482297d63017,a1c796e8ab168cccdc1198aaad768942,35020,governador valadares,MG
4c0e4e69a60620838f4c131f46498b06,6aa418a1635d2c09acc3f8a9751dbb1d,89813,chapeco,SC
2b655432dbb2d5e62b02aee3eafada73,0d3d2bb5ba03b60324b0684e614c7c20,13160,artur nogueira,SP
6031cd91d182925af3d38ae9590e5afa,34acad212e30cd0d511be1034e2f9821,14150,serrana,SP
bcc899d69a3c93f883f15a72dd015868,0abbca729ef420397b2bda19b4d1428b,21765,rio de janeiro,RJ
f4b699445bfa4eb7d6247e4f47eae9e0,6b2a5ca1951e2192b2605cbf45b29892,04562,sao paulo,SP
627ed432c94cb78c7372b6f7cade43b5,736f5dd51ba596512ab19214081058a6,17900,dracena,SP
9ec353f970bdf785f6568724d9ea19aa,484689f7961df6e755f6373221aff64d,83280,guaratuba,PR
94c2f45091985c47b4c4fb301113f0a4,f53d847d49d33538c9a0d17251ceb68a,38413,uberlandia,MG
c6939007cd393fc30bab02c37c316d5f,3068ec7c0e125f40dcf14f487b9ba0bf,09520,sao caetano do sul,SP
a237096e8b07d5d634173a9e8b6fc6aa,7c5138727ee96ab4508a7efdcd5c4ada,83065,sao jose dos pinhais,PR
93ad62fc1229e9099881648f34813706,5506de51d8ddcf415bd12d9824c38eed,39644,francisco badaro,MG
6a4ddebfbf47946b17af9d23bca8208c,b95af8a1e4210ac231669877aff22962,24210,niteroi,RJ
03f2849096ae58cf4ef032d9a4bd72a0,5d1eff736f91fb803fb4b3ccdaab4f23,13092,campinas,SP
f0781957f383921320d238faa1255f4e,ea7c9f64e2cf32dbfa722b16058fd07f,01329,sao paulo,SP
d3b3960bebb0ff8c6edb75c8edd39212,cd6ab472aeca00c899a173ffea882881,27570,porto real,RJ
bf5b40a6507179f537bbe16dae02d080,691e7d204a68d16f2353fc8db449f02f,88745,capivari de baixo,SC
ced7ee0cea0aa9e44efcd8accccb28ea,44e64b7162915525578f601e73e72b16,18071,sorocaba,SP
d854153b7476df74f10bda5c56d37413,44dbd08cc06662e0ca8ac504aac75f18,83025,sao jose dos pinhais,PR
9805ae32c145edf1ad0e8d8ab5e8fd8e,15bfb86101ff330333ec4d68ae7c96c9,26015,nova iguacu,RJ
061435b8938e25375c2bcf58dff7745b,0526069a90ad5605a9b7b0c21bb9d1ca,07025,guarulhos,SP
2cd1a450888a4cc3d4b8c5ed6482fe47,70021e69eaf8a1b1ef870f5ac0682185,98270,pejucara,RS
9f1ad46564d73464434b221ba6ba08f4,7cc832a90de185fa7ca3c4874d914d0b,11030,santos,SP
4635c796ac0535050e1eac3e023c9166,b134d7b6885303d9613004221e238e30,22753,rio de janeiro,RJ
4733753e3bd9b0dfec451269ed46544c,9c6df4f732107bea2f1afbdf84ca2201,06606,jandira,SP
398d40045df6bd85c62cc47e4f5715d2,bd663391397e9e28a029433c1b8291fc,15804,catanduva,SP
e14f88af7cd71552ac393ef41ed3a679,41a5c7750bd9445d0c92253d51059c9a,05429,sao paulo,SP
def27cdf0c08b8b1f35fb84d3859a5be,3b70fbccff132949ea1bea0dcf302135,90130,porto alegre,RS
ad19729359871232cb5b33a9fabc1793,1ccbff1e079e43f6fab2147eab81a441,04815,sao paulo,SP
6da4f9a7ce1e9c0eb31e860f92c866f5,4c3d123168c78dcca6cde5a7274430a5,12243,sao jose dos campos,SP
c5a9ffc867b51a706a06ac6e1e3fa61a,a75583a63d1dc5591fee025b0a670c9b,04116,sao paulo,SP
0b686b6cc50a4a516f7c2621e8d35287,547e8ae6a6b3beb0587f3dc6d2d62efd,13309,itu,SP
ad6f2686bc9a43070103abf4021c6e35,57687546c853c106a30036e7c483dc7d,11065,santos,SP
0ca30ecffdf9576a1fd10f70b32c5cf9,b885995d13d09ce79ac8d65856c5df32,14040,ribeirao preto,SP
6a9314555839080b4a67cab05e532105,150a2fc71a1324ebdf6b8ba3b8a2f884,09040,santo andre,SP
52857131a4ec3f7a9ffcfdfa5d417ae4,f96464832b8cf295888b6035b62c6fd4,75800,jatai,GO
21fac8ff24f5231ff8f105323fea28a7,83ae47dedb34563d71d7a406f282d2eb,96810,santa cruz do sul,RS
a51b2e9f1088010982a0bcf451a4de6d,b382326375f34d32dc6f708ae7b34691,80430,curitiba,PR
1052ae24b3c5acdf4c7f5d4165a11dbf,885f85d419d323a54c3f4645893fe568,35181,timoteo,MG
b57cf80b3778ed268142cd5596d861f5,0a8482d3b9220dfb3411e1458a9ac60f,12910,braganca paulista,SP
8626a2b044790a9eee2473a9d464d5f3,1b758c967b6b6453eb881da29ed5811e,09762,sao bernardo do campo,SP
4175fbc781d0d74d0ab138c8b598611e,7fffeaabaebb943851910c8d04210e00,02401,sao paulo,SP
e6fbb4cd7a63ea4863efc08e62db0186,43bdd205ff0d4bb2249dcc9db98da43c,03066,sao paulo,SP
8ec2ff0f89db489ab703d4be25831be6,e0f8ebd32ca3cf629c40b77227f8e847,04243,sao paulo,SP
b9a96d45b2fc1fb779cd86dba54a3110,8d06f1dd7e1ca6a1837e24c304b2726d,29090,vitoria,ES
24d8bb5ce835d746abf0d7aed090dbcb,eb70e70ab5935a82bf4512d0a08596c5,83414,colombo,PR
b797ea51195bc7d2e372d6243af24b02,d777791c84db8d5a2722886b4a11b6b8,05397,sao paulo,SP
082494e1ad97fbe3fd2efb729b24e252,df040b01a02286856b4bb1033a251ec3,13610,leme,SP
243243e2638f6c85b2b5c38f5bf05b53,75190022751fc37ea481648582f29503,06783,taboao da serra,SP
8c476a43d105e52524d6a1fa3fd51d13,73d96942cdfb8fea36382781503ebdd6,36500,uba,MG
5993edc559f101a53914bdcdd9d230bf,5250c9708a2b44c10bd5cd9f94235290,28470,santo antonio de padua,RJ
aeb3d464f6b83eecd79d6fd58d6208fb,be09f3273b8ef531c15a9ea93d1b6280,08041,sao paulo,SP
3e3cb27f0d01f9763177c6de2d4bf139,393f8eed73a198197061b5e207cb6172,84660,general carneiro,PR
351c4091b6f035cbc49b25c86db368fc,fc6edb96180128815a10afb2297bf552,69313,boa vista,RR
6c35c047c1722366ee705c6e73847f80,9468d5f47f7860aa11cc73deda96af0a,05145,sao paulo,SP
d117e2d169c937e91f16b0f48673d575,9689908caf4de73724feed92175d867a,28991,saquarema,RJ
fa40ca124c4f1de21f3a5b4aab3819ce,1c07f226754a85c70aeec638f2f7b270,26381,queimados,RJ
d3957fb48561ebaa908d640c7452f8dc,82a942ca919e963244fbf83c6ae50ab7,27520,resende,RJ
521302710083ba5e737ef5cf6438450f,4d094dfd23064797e35aab51f129fda4,70670,brasilia,DF
a7e8a3cb55d9c9a536992c6465a46a3f,f0b9f688a3b9151bc6b38f4b5b36ea44,06539,santana de parnaiba,SP
dd6ff79fddc7e5fadda7b83b2bf4383b,1bd9ea0e69c784dfd93facf065b406d0,06050,osasco,SP
5d5b87f8daede7b7ade03d9d96a54c77,88f83892541b895d8658b38689854ee9,04213,sao paulo,SP
b0c13215e53207d4d0469c45832011bc,86dcd41c7ebde101d4da2054316a617b,01413,sao paulo,SP
5b3b4e44b50bdde1b3454ac5d970205a,f4dab2a5ba9642222ee504e6d6a409a7,71931,brasilia,DF
f1f51e74435d2a80493b83c3d90598ac,89d6eadf848c5a7a841cac7886cba3f3,74650,goiania,GO
96ce05a47b37faa11bd59938ee555a7d,e3695821bdbe747a2f9d72bb83dc4bf8,91780,porto alegre,RS
f51670c66e7e928844fc66261ed1b91b,4ddf25b85103aa90e4e53f275db83285,15035,sao jose do rio preto,SP
031d6ed886ccf5805f9da926fbe0fba1,3eff47149425984172e11e18a974e80e,88045,florianopolis,SC
dd311e90965698c65649b0ee6793432d,926c8d39b0f9a9cfa922b4c26067466b,22210,rio de janeiro,RJ
58d89fd1f863819ff9b040734f7bd7c6,748d25636bb96e15d9919877f9b9095d,78138,varzea grande,MT
4748b3055f838bb2685924aae49b1aac,27cba8de86d3af0359c557cb971c891a,27542,resende,RJ
d70c3932cf4d049a839f58a0d259559e,4837d18df7cb3d4baf1a3959d0244554,29360,castelo,ES
dc9919c18e50e3160afe68a91cfcbc6a,c6d44715bc4825c73c205c39646c648a,13500,rio claro,SP
3f942b4762a240bbefcc1ab22b83bfcc,208ac51a3dc87c9de81f6d95a52ddd27,35230,resplendor,MG
c798702c7aeaca1e47c10e45742b5c02,6b4f9db3932e60d8255df92acff8edd7,03260,sao paulo,SP
e288b145525a2a1b7f73fa9101f3904f,cee4e6509d99d45518c65d26971c1cbb,05058,sao paulo,SP
321f41f3515edf9c58437c5aeaa163a8,ebe2185b1b6c336f75df6616565e53f7,05074,sao paulo,SP
0861e2295c798be38db3b39ab793abaf,c553ad0bb4d5018a245654d2be0f4905,55540,palmares,PE
c0912d91c480e2988d7f4f097fd5152e,9b02db6dcad15dad9ecf70c0f0ba0373,12309,jacarei,SP
0b5f6687d659478f1747caed607c4ec5,77367b6fbb034ca710d4f41aad009151,09185,santo andre,SP
69a7c2c293e83fd36e2fd81a7bcb74b3,b5447d364a6201833d7e004e22283a6c,79115,campo grande,MS
4211bdba3c51ddcb72cc253a46b7c1bf,1ee42b320be100d406f7bb7b7acb8a14,76804,porto velho,RO
748e48c353e795b7303618bf785991bb,3b9e02f3344d4d5f94465f05f296210f,14955,borborema,SP
42e4121e8de37d7ce019530aadae9f3d,f5dc8f69191f145ce355f14b90efbc85,12943,atibaia,SP
28fdb0f4d733ad48a41295bb90f339cf,9fa4143876580e51a6932d41442a15b8,83507,almirante tamandare,PR
7999bbff150ed9132667f5c350d45c3e,719268f22cb2d1632471b52cfddcb420,38660,buritis,MG
b7494292e530fcf77327f1649793a426,0514d58859a4a5ca6476885ba50b2f6b,22610,rio de janeiro,RJ
aede7cf4fe90e191b431d682aab7b863,6cc728d3c22ad303f53b4a3bba9e8248,03566,sao paulo,SP
142fe4836c9bfdddbee1f3198dbf4337,05d3991ae07553007b20a9aad3eaa41c,83450,bocaiuva do sul,PR
34a2a828531db1ef9254ee073b8aa9d3,6f40da67e9ca1ffe08bbbc2fb761e75a,13145,paulinia,SP
022d8582868c8ee0a200885b357c4208,99d3330ae1fc9b7c7e8218c1b6304904,68503,maraba,PA
52ec7c76aecc393c0db44c9bbcc4aa68,4df2f8ce1d98a38ead24358c74cec8a3,14080,ribeirao preto,SP
87eccba53579db5563b0588f8943373d,aca661b86a424c1cbea17d14787d3ce3,18602,botucatu,SP
68c8855d1c948dff63ae6fffabb8fe5a,26d571da801f51da17d64ab0b50641e1,05885,sao paulo,SP
06bf27b49c6c26aa688482c2f76ada5e,0c4c416f1f9844e6805b074f8f96f52c,30286,belo horizonte,MG
6204061101097bad0b25b3c4fce9ee8d,6724236615afbc343645dacfa693fae0,01035,sao paulo,SP
77f27aecab797512134865f2631de5e1,e83ce5d16a04eccdf8b688a5f5c55a08,08544,ferraz de vasconcelos,SP
9d419198e08fe789f309e3a8e58fef7d,cfc5a054f35df6ce92631773f31ad179,65031,sao luis,MA
bfdc41ae95fd0559aaa3ceb47770735c,da4498479da8116853e055f1e2fce2c7,03085,sao paulo,SP
b6fe463c461a6e4fe0cb1f23527efe53,ad8dc8878b71d1a54917768ef9b06b38,57055,maceio,AL
783f0cf708012c4c712921de5c773f10,37ebc5d2bfb5e627815f16fe28da474a,07851,franco da rocha,SP
e8430195f2db14c574e72de0d1d7c735,63f802c944ae93d5572534d787304237,23914,angra dos reis,RJ
a80a94cf8bd343cdd10d03d8b37ad719,d32ff0b76e8658da2ab1d56794461ca2,55125,toritama,PE
fb7e9a0264b2987537473967c3518c95,cd7ba8d9c38011e37b802cbf80798696,07023,guarulhos,SP
79c672ef1735d58585e076fb896276b3,e49047a4c83acc67477aea24e68e0d10,12324,jacarei,SP
8f37df550dae5039e7ec425e50d733c7,a1204ca2879c58faccd465921870dfc2,24742,sao goncalo,RJ
57523f30c7d806147639a898f023a462,5e9f4ed4fd3fe4a3708cb355f17618b9,94920,cachoeirinha,RS
d5dbbec5196cc5d81fff118925e2bc5d,1e887ea4fea3832176079f70db143f08,02611,sao paulo,SP
7ca107237a9bd4f07595806d73b75edd,85101bc666e06929fec79cddadb14146,13610,leme,SP
7ebe919bdce35baa4a4063132bece606,9d34aa833ed346023947cea5264ba747,05630,sao paulo,SP
0cbab479f583876bf94810bb85aca618,8626bd1c1bfc3055e51695cf4879917d,13760,tapiratiba,SP
38bac1f6676c1e392e13ccb39448c210,875b5ac6564f5401afbf88f786c4446e,03429,sao paulo,SP
8da4a561ec4d53e218fa89fe8530d8c8,5cf7ac94f5697a614605e110b45a5d2d,35950,alvinopolis,MG
9e2ae0d82b9057c99ad147658cd4e336,772ffd765af49e973bc0666eac6ec854,30150,belo horizonte,MG
e41d728aab3d0dff5fb070f93eb61345,770c43f54c33cbf4bc49b7f2d6576891,22793,rio de janeiro,RJ
7190e3096142c612e46f988bffd57529,345b62837e70ddbcdc88fbdf7c99f7f4,72850,luziania,GO
d0ea9e4c581e61a68de4994445f4e5ca,918c948e993a24f0603a3c2488201931,22750,rio de janeiro,RJ
592fe733eef8c8ab12d27a84a98c94a6,40ab3e4a058e03da00c83586c4001193,58057,joao pessoa,PB
947460703c5712189a4e5b5cfff686bc,fb8bc250f9f12a9121282d4b0d59485b,76811,porto velho,RO
9af9b372722698b16172ddf27eacab34,bd4b901bb8fd797f7c1c2d391e536c08,03134,sao paulo,SP
18ef6bc859ef973f95e9f70287e72a69,44b49176f1aca9533b67f3eedab0b2de,24350,niteroi,RJ
a1306c28063b41c54726e91e24ffcb3a,c7cbfcb8dee7ddc7cae233ac314ca3c3,04403,sao paulo,SP
a3bc153e31417450d48c6b079df00bd6,d2af3198afe093e40ce227679e5f9a64,01512,sao paulo,SP
72b319c928f3d04322db2e904d91a611,10f04a31aae273f9931b511a423b186d,22795,rio de janeiro,RJ
a646acbc1456be6eafd75e04d1368587,92a9601c31da170034ec411625bed475,95052,caxias do sul,RS
ff8bbdad408a29736ad4e73dd740f896,e082e78a5e3b63c4c4ddd7599c6822f2,78070,cuiaba,MT
3aa3ea759f5e05fa8a02c9eddfbeb090,a170569c1d088c7d0bd7bc432cb81bf2,42850,dias d'avila,BA
f374a23494f580eda86c55a7443f6e28,c9c2b386068c88ba3b35f6620b25a8f6,17060,bauru,SP
6091f333209123c861ccfb14f0816132,aaf00c4cf40ae5b125c7f169dcce2fa3,02243,sao paulo,SP
b5024012e2eb8cefcc0a866047341d47,79b950a1f40a82740c2d71a937525061,25980,teresopolis,RJ
8eafb1ae4b90494f3c3460771c07612c,0b63891bfcfcede37c648664908e6cb3,13171,sumare,SP
6c496722271e456537aa324397cc46af,2043559e77298e5c92dccccd693424e9,29645,santa maria de jetiba,ES
e1e49b430a59e70670e977664c8f2f8f,fad61b77c26ecaf96813bf7dc9e3ee80,85815,cascavel,PR
19302a30c6a6f3b071b5ba9ee49c9f1d,0f4800f4a01c54821e6ecc08a7e19433,81630,curitiba,PR
85d84596608ea7f87175ca9521ee12aa,e4c1da04e1d03a2f6f276ebcb68b8253,05767,sao paulo,SP
008def95c3ec7f58d2cc8f2b1d2c3feb,23af7ed42b446329e95c7645ba337f86,76934,seringueiras,RO
a7ba98528d4d1bb722a25e574d5a09cc,7839f50558d5b6c21331887939c0f414,03731,sao paulo,SP
73b2b2fcb77f2cb1eef9f1f9789da60f,18c5c4fe1e1ec0844d6dc8bad7ace3e3,06390,carapicuiba,SP
f5a2891493b5b415942b5e2e98ebaf11,d461a6e1e82a30987d051ea0f4b9b789,13212,jundiai,SP
fd4d78d4ac99d34e9c5d0f66a4540d8f,151d5e16e7dee2cb28269f1690c83397,15993,matao,SP
d06d4e2d7fba05929a9efc2721bb1d82,08c071b2da5aff918314430dd54b0c60,89253,jaragua do sul,SC
099b2cc431e3ef6cdf16d32b2b8fbc34,62b85da215b6371494064b5dd7e0ce9b,04368,sao paulo,SP
678c7714cdd189c7aca5cd7e6c70fb94,ab08b7f9d42ac261c3f6b7c201bb3c99,04306,sao paulo,SP
6c7a5e32a79b013a97a9f9421fc18349,1aadf4a9e0a37b068ca29e210986aca8,86050,londrina,PR
1ab52508d3c58d96241850142347b75f,58b051c30d684ac12a2049a49c856203,44065,feira de santana,BA
63a479f36824ee8972e112caa2e4e64a,28dcad8be7db3ef1b0e1f5da9f19bec9,37925,piumhii,MG
e09bddc2b1cb1ef0e2e4829e02303212,f43b49556f7aa32c6e9067240c3316a2,16800,mirandopolis,SP
735fea8fd580c255c79ad1572ad02a11,b349278984725808b0928f12b0ca24a6,65070,sao luis,MA
25f825beab636b1d492d0cfbb87af0aa,48d56237116adf508d3663d0a19688e1,02998,sao paulo,SP
e688102208c1564afce92d987656bf29,8a0793d04e0f4be13434516ee7037104,78075,cuiaba,MT
ed4299a50d0b1a4065cda2bcefb91703,93aeae96eaeebae08c03f8026d30afbd,21930,rio de janeiro,RJ
b160ea16b7e64557b6c6fead0b3cdc7d,d8628783cf93c3fec2a27cbc68e608a6,41770,salvador,BA
905bb858283fd4c7c6da0aefcafeac32,eb2927c9a421bcf13406ba52e73edf86,38408,uberlandia,MG
a5ced4926d7d8fa71e9be2b007720356,94ea9edee3656707894565f35cb8570d,08671,suzano,SP
8630914c34f45ca88a7589cddb8e0ae2,ead67853687963974dfd6a3c23072deb,34006,nova lima,MG
7f52f3f969ad5ea4a7b9828b41fe4913,65b13de479f7ba879fe089ebd8d53f8a,05616,sao paulo,SP
b2bef38366dc077d98cbc04d439fa233,26b177a2f8eddb2c4fd57ff782acf2d5,08490,sao paulo,SP
7518fa33beeab5aa7ebe84e85d36ef99,7bf4f2ba9ddd4842999dd89a22d34179,08050,sao paulo,SP
c2fd07c064da726f771496f47be85d7f,786ed6a6d920a0145c8411715ddbfd1e,92020,canoas,RS
487a1ff2c6a61d9df9dcd8a94c3914c2,cd6173be20a8569b0c08caa941074ee0,65058,sao luis,MA
0671272d236e58448b3cbdb7f819f6f7,f64882def8a20e86033de3d0401515c2,05133,sao paulo,SP
e5f9d792aee28c3e58bef63830800b1a,c317be6b4b0d5d2f6a653261b66c1e05,04109,sao paulo,SP
2e3c87a1fe28dc56e695f7584818c62b,bfb7efceb9d7151266cdbaee986d2296,07023,guarulhos,SP
a8e4fcb04ab98006c138e1db0a084c28,b2132bdaf756ec51ced38891421b72d6,86050,londrina,PR
cfad256eb02ee52ebd2a75e6a3095cca,25d006b3634dea40c307e9ad13b41894,58058,joao pessoa,PB
b18c3b2965c137609a80f4254444c0a8,888d3667d8272a0f9c9c346e8fa11fc4,22621,rio de janeiro,RJ
122935516a68e6f08864fa373221e373,96cbd91a949b5dec3a1e9493b5fc2d07,27700,vassouras,RJ
e736f5ed99e8006c42053a398381a116,c8d5ad532e0c99723d5933d5972717d2,09842,sao bernardo do campo,SP
328940eae1f0fc2517af314e26854533,a09a1aed3df952e2716804bdaf2b04e2,64180,esperantina,PI
693183c6c2250fb4f5114820f86791a0,97b2d5bb4efa38e719b68769a462aa9d,18520,cerquilho,SP
cccbff3abc86a7fd77f8090cb0b9639e,f31d2c22ddcad145e224e6dc48f349b9,02552,sao paulo,SP
3727a3314490e397e94c7d276ba8aca8,beb157320e40bb48646b3671f8ca8f84,07111,guarulhos,SP
793021f4b6ca3e6f3212595d6a317761,f570b19aff008c6e1676c20e2598238b,04011,sao paulo,SP
7a2a4f108f5de77e0e1ed87dc208a267,94f6f1fee9a7e57454c1dc85ec7012f1,38414,uberlandia,MG
db33548a973e1a93d3e7a6e599951336,b9b1e425dfe2ef80d27e28300c2664fe,56780,tabira,PE
57ed67c3bc4ffafc8b6f7ef565d4a8f7,82307e37b9fd76879740dc52b9d4cfac,24900,marica,RJ
44f5f5476eb92ebc9c4ab70c8b1bf189,bcec9b9aa5e994638f1eb6c2e5f449aa,60850,fortaleza,CE
7e42f801c6588638f347d7590379e617,003c457932a554e4df13834237b1ed00,18030,sorocaba,SP
0cbd081962a78ce40305137da0c39b13,e41fffc26bbea3b2a68b17501f3828bc,37795,andradas,MG
ca68346c65393936cd365b91d997fe8e,73ee3949d1f9a9e4e1cf5ae9bfe92b56,91770,porto alegre,RS
2c6882de19e82ab91b7cd3dd2c49873e,0109643e8c9bc5d8d7791439f3fa4259,41315,salvador,BA
670ec71eb17d748055f9fa2a0d111979,64f153180018c78a3d75afacb057b284,34800,caete,MG
b6468b4d8c27698cc09468fa3efa39d8,40bb6e4754ff5f9199f857e146af0cb5,30520,belo horizonte,MG
3e6551142018cfa35fe34cc86e790ebf,5b2b1ba630515ff8f2d4e426514e1170,89202,joinville,SC
73d09f34ade23726e0b2388af3b357e4,2fbed526955cf9cfa88dfc3a1c73463e,64490,regeneracao,PI
1b9aa90d016ad2968af5de5ec7cf0d64,e2fd4c6781935ad89e8781943f266cfd,23953,angra dos reis,RJ
c54f1cbae6276adf60d6e66d6543a1ee,900403954518736c75167e1536f5a9a6,11320,sao vicente,SP
9fd29314a799da1d88ba45fc957b84cf,fde6994db8fea368850378a9e1e55666,66095,belem,PA
2f5c5ebb61f2eeb48a990244af12827e,1cadad7b5fbc2c6f0f21ceccb1f043b1,11015,santos,SP
d352299ea54f781314939010d505a9af,56eaa5feeba6a6d10e263c858154c465,13400,piracicaba,SP
e0a1d2de2e8046564b9c4de4a47ceb50,2a9671898590b884d3b740014991a33d,13061,campinas,SP
5584b1ace8b18cc156ce51b989fd2958,b525e356a742ac8d016275a217de225b,83206,paranagua,PR
fca1f22de13081a34651c48cbb5cfb01,069ee0689429b858e857a7da2a80b9a7,72015,brasilia,DF
49b0b78f8fd6fc95605c46e685c4b611,d77caf275e9f22055520d5a58bf0691f,09350,maua,SP
e6cc3085bfd669d31daced208e8f9a69,05b6f8d94c378446bcfe5cb4f75785b1,88310,itajai,SC
049a364f58c2436196be4378cf9b2ff0,9d863a65fe6121e594e8ecb619766de4,08330,sao paulo,SP
5e47108744501cc098879b44a9252a03,4c59cf3b8144893e300fd7c3526ec377,13232,campo limpo paulista,SP
4a4468855065f3194a120ebbea06e6c0,07ebbbf710aeb63207a80fdcdc6d233a,45662,ilheus,BA
4700d67caf6d4f7e9bf60d730cac3c69,f3feb82c04568172b339d1ece917c6e4,60455,fortaleza,CE
0b17547070772a7ce777870c5aefd09a,d04c6215922f50448442fa1752df2393,03694,sao paulo,SP
bd5dee4ca2945a0ecb54846178944df9,3f5c2f46e425fbdbd5341e0c4a30ff63,91770,porto alegre,RS
4eca2e495967922f24cbc0600040e006,2405f1b2ab4f5660d9338425029ddb50,01546,sao paulo,SP
ad72f2a64075d63311e1bf4daf91e173,db9d51b7d9555e9e714a129da54c593c,92412,canoas,RS
b1a5afc135d86a079003163cf95cecaf,924f226bd0426ed28ec908a135b18950,08980,nossa senhora do remedio,SP
91ad3f8e690ac01a441bee801929b0fd,e5c778e6b81792517b5c3c1a56037841,91250,porto alegre,RS
d95c4eb894db9fa73c355006bfa2534b,a4ab5f34ede13ac71145acd2fe5447d5,07500,santa isabel,SP
dfeb892a28d77cb8432b1c0c402bfcc8,dd4dea9fc10dc16658ecb15ee6ecb263,15035,sao jose do rio preto,SP
c5b44be122ce413a4517716ad9dd072e,04373f7c105c306e9bdae55e5c70163c,11702,praia grande,SP
b02fc839c91ea555a5e79cfd4abc2cbf,e856fc86ae5d181c39c3517c5ba26966,32676,betim,MG
e62a03d00892173f46bb99a1da0f86f3,e8ead022ae2b3779a4aafdcb1bba8f31,08635,suzano,SP
56893da41f4c6bb7e20dd7b135e487da,5cb9d38e39626a98106af8b691fac4fb,42804,camacari,BA
d70e5eac00a9d35a3cb193442c0287cd,4831f388aaf5dfed43c1bd4455f37eac,22030,rio de janeiro,RJ
e429e3d84062a519aaa2f9355dbea8eb,f32164d257e42aaf471e808c25c6da8f,59625,mossoro,RN
6bc095de9379a75fe58a5aff2570f2a8,4c4b590239dda8bbb2765ef508567504,15990,matao,SP
97c3206d614083e8f256184bb271778b,fe834c54bf8bbb9af65c5939e574c1ba,25565,sao joao de meriti,RJ
2b27fae969b7d2bc173e466a742e50c6,ecdd7200b5bc4a68c5e75117d61a5751,18055,sorocaba,SP
92e2508e660317ea7b5be007a5e38e7a,04797864da463ad3509a27b58337a009,18550,boituva,SP
4930dfe106be258618f6907e8ce8795d,e26c256b09efa85577c1c600cf1e9bea,05269,sao paulo,SP
dd810dd0a6c0af12c6450f51f139a2bf,3648f9e5f51f679ed24deff1f031a093,99708,erechim,RS
b129d989bd1940915efbdc2d239386d3,0b9779c6ddf61db3641edd60f13be109,68637,ipixuna do para,PA
9e342e03f8a735e0d724a3715c64e565,185228f85383158504ca2c297a3ea411,83005,sao jose dos pinhais,PR
cb3ac9287a240ab1ff177d10e4f61553,e7186ccfd4b94f9bec13a341d33b79d3,50870,recife,PE
36a80398a8d7c60932411d45ca20c4b6,7f75f185743196f97139443349a006f3,29092,vitoria,ES
7f19d565d956cc2fe3f01a860e841ae4,1eef7aecfaf102d8e3ac486569a2519f,76200,ipora,GO
64a7f1076e9d17d6f5208d3ce76a7eb8,3b866d8dc4c1f4a90a96c57ef538e271,04918,sao paulo,SP
6ee6a13ac4b3e616824015be6ddc5977,490752d6d25e7b5207da24cb2a870c27,86990,marialva,PR
570f691879071b176cf72fd133287711,2e71ef0bd6b2e092901c480f193e0602,13715,itobi,SP
0bf622b6f70b7f7f0af5948b9886af09,d7b4f3c9c89ba771ef099693c61d7085,33400,lagoa santa,MG
2800b82a7d904585f1f78639be21f877,956ea737391c0ca027592dd7aeeae027,20031,rio de janeiro,RJ
1addc7d0ea1d5587f4cec79230ef78c5,74084085261435e53305c2b031007d88,32371,contagem,MG
9112f67cff437f03c7617e0b7a72846c,fd037201e479226546635251e9e5d519,03521,sao paulo,SP
d45cfb2ed69ddf56d6fadc0c3e8b2767,3eadcbb5a228a4a978a8112bcbffe573,30750,belo horizonte,MG
55c659609e77669f57655706b9777eb9,99b2422f82c69dc544750a945b5f5406,36880,muriae,MG
53de046ee8ad4bbe74dc77b0a5ad8c52,c87e883097b23676f93b77147b8acda0,08717,mogi das cruzes,SP
8e5fb420cf8c57efbdf1632de43b3f16,e752cbd4b0fd0f52ceec3b4cf56cc34b,48930,curaca,BA
7d330f9363872d46a4d38361586876a9,78f7a0000176f416c525fbda5b2c6840,29060,vitoria,ES
cc1b493af97ae700d97fce303d5af14e,573ddd3618687eecc338147df179590a,04117,sao paulo,SP
3f887ff09d642f0cfc712a5f6751c5c7,895ae7e95f846cf2a68eb3e693c01950,85580,itapejara d'oeste,PR
bfadadd0d97f4c52f859c1c4d809edf9,cfbf4886ae3c9a97d20957d147e50fbb,83306,piraquara,PR
b8ec04c8a20aa6136b207e84ec12593f,374ad33a8b3ec3e6fac9cbceaeb727ec,15540,alvares florence,SP
f970cf91aebb424d5389764dbc72d2b1,9c36eedc9de64614cf76d7212fe1c919,41390,salvador,BA
1a28ded1e3d29445d89990556e40cbcd,97926b7776d59245d92c63644e3c6c97,06335,carapicuiba,SP
904032bced6ac35598f7dd1927cbc6b8,bf4223a5c5507f106829b422513301a8,75920,santa helena de goias,GO
02e460a9db12a0de7f952f8facb66312,258212f72c68bfd7d05ca8b3e59b5157,80730,curitiba,PR
b73cbf9c01a0f36287fbffc7905dce70,9a1877590573252fd939fe6011530f96,14085,ribeirao preto,SP
076ef990626d218176fa27d3d6e2773f,083ce299ea3fc1eba79bd0b17f64555b,04119,sao paulo,SP
01621ab81b760e6e48e8eb3a300c77bf,7cc783df9242724b3978ad4c65051413,04296,sao paulo,SP
bb463a696f34481aedd8de6488bdc959,dcbccb9a6e118d352f497b94cfa57f52,30662,belo horizonte,MG
ab8fe6f7befe06ef4536fb2ed52a4c21,01ece9ffbb6a00db5549188bc410e878,90020,porto alegre,RS
e3aaae760c7433a9e8cde67c265f494a,5f559ae955c7022e7774d5850bea5351,48605,paulo afonso,BA
5f3cd73d195a1fb2b2557465d7e5488b,20db05605066c869e0c25e0dcddd08e7,15770,tres fronteiras,SP
3c75d55fc69882d5c9e3a2b87c5fc54e,0f181a6d0bf0fc4080cb70ddd5ba16a2,26255,nova iguacu,RJ
1837c6c28707afbd624c47502b6cd99b,71168dfb69f1d949ca08ba4f5474597e,83508,almirante tamandare,PR
5bb8de60ca2ca8b01a5ce471802fe10b,75a8009b779f5925f34196f17b19962a,22450,rio de janeiro,RJ
1867fd3a705e13f9043a5411e03958f9,4d7b6c39aa3c7b53acb8058e4094a593,05187,sao paulo,SP
6962cfc35f21a68b37734f341484b193,de25a31bbf207c8718b7b03764f95ddc,06310,carapicuiba,SP
de10aea6bf74351ad7b1356c45fafb6a,6f86966522c9cc665158102946d1e4ff,18300,capao bonito,SP
7b9b8d7961c1d95d51f951fd8fb67229,0fdf87696b45ff2116afbbe3c86c42f2,11703,praia grande,SP
d61f9007e9d3abfc30b266dc4f843ce7,7bc99a9906c2b5167e4c6852ef4eff33,39530,rio pardo de minas,MG
a9c810513a4d94b6ad72f215cc9c36ae,d11d606d46b6f115b856b7e6d7650deb,95520,osorio,RS
3fb1b736500b371cd8576c7050fe7256,959b120a59e2bd76acb9207e7cb463d3,04037,sao paulo,SP
b3fac4767464b4cd4308f7178d3d0760,39c74dc5fd255c00f604b9ebf9e343f5,13087,campinas,SP
dbd72a02438012f5b026b90630aa8bbb,26f0dc90a386a2375a109b6975dff3c7,15042,sao jose do rio preto,SP
40f3a8d02b47a0705c03269ffc9a76dd,c8d93bcb5f477df23b9722e56a24869a,05730,sao paulo,SP
945cd4096444d1649974e03e61381aa6,a9e7ef3d62f583d305fccfcc632f45df,02925,sao paulo,SP
eb6ebc68d7ab6ad83e9d68dc1b707f1c,25bd804c580bc1ee0c93d073fae09a84,01403,sao paulo,SP
b4028a61e0f13ed5789bb2b270e7672f,6667847f7b2cde48a616449b2d2774b6,04012,sao paulo,SP
8832232b097dba67d540a76f6ba88795,c0d9dda253199c2d4d3a2a255b77e517,74823,goiania,GO
025ede66ec5d6ac9bbb393875dd71fa5,17999c371b226d98242c95e006c22e3d,47520,ibotirama,BA
f3a7ebd01294cc0c18f30693542694e0,a601294fe5eeb1f05f93b1a11bdd01cd,76200,ipora,GO
68eec3e6a739288fb08b5948faca1f5c,57a722a97b4c7956a3fe5a2dad93dfd7,06694,itapevi,SP
83e1602374f1c008027bbf8828fc785b,7f77e7790a5b56e40a0ba156506a517c,27264,volta redonda,RJ
4a6ed71930a8dcd917e76a360713582c,afff0a82d666cefe84a5bbafc923f8cc,66650,belem,PA
1d26c126f9597e1a7ee29449ed714258,e4a3e12a38e84615ed5377597f23c270,23013,rio de janeiro,RJ
c1e06a0f8523b5b71662bfed38d79a07,d744cabf5f797c46cf17ace45c496b63,62598,jijoca de jericoacoara,CE
743b9baadaa9734c4f4955e2848448ef,d3a62be63049f04cd073b1181c0cb70e,22775,rio de janeiro,RJ
cf45e9bc7544ba97a0db03c7c7bf63c9,c4ebedb09beb89cc0314c5c0c33f8053,09961,diadema,SP
ca9e43d2589e04a0608d8989d5c5452d,8f062a3d9b2c79e29cc3d8db301b6d39,04316,sao paulo,SP
526caafeb47b743834c8e21b5faed622,d88e864efae1c993d594967aac79ce2a,13590,dourado,SP
ab6c292f7ffe934c4f9d7d7529e7ce2c,b64d39d1e77c4d9a7e7d002ad7552178,29161,serra,ES
c11041983dbb097b3e7f8054edb680d7,865c77590abaa77db865e2a2313ffc31,06654,itapevi,SP
b1517b4078772e718a46e03f9ea9321f,7062c39f1843312ff40c29838e4a8960,13295,itupeva,SP
b817bff4fb17d66f0e9f00c5a0a2553c,ab46e99101c7a6f9beff3e8b77fceeb2,50710,recife,PE
1fb67b763df136bf1a29f1da8eeb128d,73001c351ae67a6b093462ce7a643b57,95270,flores da cunha,RS
198f8a1c41eaeb274fc8b25993320f18,0c428f7733b04c35dac27a76efeec295,72268,brasilia,DF
b4eb7d78fa672b58a0e9883f29cb3cdb,36bedbc76bee99ef9629b67d37d78607,06329,carapicuiba,SP
e26ff684f072838193772ca5506a1d04,717369626ec16ea93f95caaa053e0bb6,14177,sertaozinho,SP
bb94a3b74ba3365158625e1dd55f6642,163b85375071c14d070fec2d38655417,07261,guarulhos,SP
396573e1df49285167b26331d72e7f96,5ac6468b01b29ea7238103d44092c65a,89694,faxinal dos guedes,SC
d242973fcc51203ce6f07da575139a0f,7ba1d7225056b4b2bca4f688bcb5c88d,05187,sao paulo,SP
eda3ac9158cb43faace7e932c763378f,314b690fa4e208f1e8122220378e7b5a,75955,indiara,GO
d70f382aefc5e3273ba95831d8588930,3ed4404759ed8860749e78c75e683180,49096,aracaju,SE
24c7cad158eb1baa048288b63c1d6085,8b0769e4ee3f7a3e5c98b3de1b087a5a,13208,jundiai,SP
0ab91423d1e877aec33c6da6e9b5509c,66d916b6e4e889e481c2b7a32da0f10a,32602,betim,MG
1750863a3a72d9a25b7e95358c496a50,5b82ff102b7e63f7ed275408685c06e7,14090,ribeirao preto,SP
984cf72312d65695c494a2d60d43857e,467dbf2b36b570c4fabc2c2e463068fe,22640,rio de janeiro,RJ
461f03df681f6f248f35e924ad547cc6,031c3f0de9be6e0c7b04de23fd60c283,90450,porto alegre,RS
b2953e4ac52f5594d9c90b84b607df3b,0aaa7ef2d687f8de9788034c8129c69d,73340,brasilia,DF
6b994d4f438ab832290549dd01b35032,9836bee8c9b546bed28c2ee0bbdb2d3f,03309,sao paulo,SP
beefbb3f515fb4ae5c3b4822f9e880ea,3517852bd010ead9a40e95130ba29835,11070,santos,SP
5fd34b6c7233619283197ff572e5e966,a9fb026555bf90291457057bcd39f613,30320,belo horizonte,MG
c1865c11ead00a1bcd19971382032e8a,5c74db72c1cdc37dc37c27542ec62542,96010,pelotas,RS
66f367ff21d8f67aa80a9cf3301fa4ca,9607ace378224a18045abf5fa2d67134,17511,marilia,SP
4d3afd054c81809d99eacd8a22e08075,4306ae87bca0dc6f2fb4eaecdabdfc96,23075,rio de janeiro,RJ
b63fa2c5e73bc1c4f1340748442f0722,bd9e235e9996a20d1153c238c2706b92,03570,sao paulo,SP
b72b72071e374566785cc845ec347345,7bfee396a66328e0fb0a65b05149bc6d,21230,rio de janeiro,RJ
c767121cc11b2c981fc93dc686c8c9cd,0b052dec06c1d5bdf49eb19ad47cb630,13960,socorro,SP
a396376e9147cf6dedca4eea41c5eafe,2d20a91bda6cce68319de3919a613914,64073,teresina,PI
b6dad47ef66c400b5ea975b58f58c57d,3721e9b977a986ca82cd8478ba0e03cb,08588,itaquaquecetuba,SP
8bc6d4441da1f5ad07e433a76c8f0606,7133682044321f8d798e5007e0924dda,04257,sao paulo,SP
9c64cd776ee9f018ad51dfda0666bae3,9df0c554a0b37fc0c8d3ca2f4a47ef7e,07179,guarulhos,SP
520352d4097142d3c9aae9b7eead7fd7,a52dcbf79fef6560bc5733c599029b3f,21825,rio de janeiro,RJ
dc1c0469d96faaa29225d6a91f47dba8,401eabb874cf1d6c26a62418c186e15f,03989,sao paulo,SP
016890b20bac6cd8155fb02cd3ec3e44,618753607eae5ce77280f5a82a2a730a,37550,pouso alegre,MG
f2ad615b9e352f08c5382d34ed55ce8b,33e2fc41ad206b4cb58898703509d48e,31560,belo horizonte,MG
0fb0919d1c2791fb41c75bec69db8df1,f4bb8bed1c890f3eb2f65a026e8e1b07,12721,cruzeiro,SP
7972adc90c55b1426a19d090b47a8a1b,85b6c5865aca52d3b5c320062ea16844,95044,caxias do sul,RS
4537e1008a9afab2213beb76df625f95,7014b6141883847be921f098927b239f,24220,niteroi,RJ
53d8052fb56568f144410fc5ff6141c5,1174fb783ffca25cec25f6925f0d99de,36530,sao geraldo,MG
a3a2563c24eca97f2b5cf885c2d8ae3d,71ecba3c7c26d1bc0fc74c02a74ab1ee,04455,sao paulo,SP
83a4c167271d0e1fd401e9f18a66d7c7,eec986cd55c7e9216de6c9cbe49979d3,06263,osasco,SP
0ceb28a00e14081b054eee1421d9d970,5318e121362ccfb8cd324d2ee75d20d6,02807,sao paulo,SP
1463c5c67f6b36773fe813a44c4f5b9c,182053495bc94c2f41090ce8c41be266,34515,sabara,MG
07acb3c7b1fc507ae53e2e611d2b42a0,fc2b5f19f2fea59761bf4961bc83ada6,31270,belo horizonte,MG
69f024489cee2b5586ecdea5148f1038,72f4809be8cdf93685ceaa2804c6addc,27700,vassouras,RJ
fe1d751718c414270932bac5a8b024f5,ed240c4c9c5f4b95f7c6561bc00c7993,96412,bage,RS
2f7a0d01d00f7711a9334e4266cf0cfb,8ed2447ace7f204bf94f070f0dfffbb0,24240,niteroi,RJ
838e6092a13d571267967a79dbfdf662,508b6b77e8b92046abb3221291b02267,95012,caxias do sul,RS
6bf5800109c2c615c79f5d43105f8f18,e0cc152157beafcfc0ed0ee5d100c467,12071,taubate,SP
dab046e9e5817b2f04b357b4fbb9fafc,174a20d05ce3833ac66877e7649aee57,13171,sumare,SP
926c8544055f08fcf4a065407ebbba95,756574c3d9ed581f72a283c38776c116,05025,sao paulo,SP
01952039ba4abb6c459e7b6d62a69d7a,7f8bac457c1d938d234436386853ed53,78890,sorriso,MT
ee5b048a2bbbcaa49900bb4e0fa515c9,5709900c6ded8af6dfb28b043943368d,14801,araraquara,SP
1e8e8e0bd7a6523848511a4f8359f8b5,8630c135ea5945476842282f90d6de5d,12225,sao jose dos campos,SP
398899392bf588aac4d8668ae3dca492,a3a984545d6c5e37fa027c5e5d05cb8c,79114,campo grande,MS
57ee2ef64f17a5f9a4bf30489b06326c,91a7366b39d3620ce44f85fa5d116896,24120,niteroi,RJ
136650e7d6ed0da6d222b83fb59144ad,43e195ceb5ab683d2ececb21906a0bc7,08420,sao paulo,SP
fe9e048ae4267835d2658aca15096833,fddb7f687eb70d51fafe165dd83c093e,77023,palmas,TO
226a63a502f031aafeb924719d58a805,c434a9fbbb43e6b1d20451ae9c40ca8e,30160,belo horizonte,MG
3aa3badf42189513115df5858d5c2678,204cba313368c5a47c2fc7856eb8a499,41260,salvador,BA
f1b39a3f57ab0e618b294bd1a9698ff6,088d39d3b4e2242bcc593956f4578957,19041,presidente prudente,SP
e8adfcdd079a803f2f9852ea1e27cc4c,ca6668767463f2dd3896e9395c1fc085,09531,sao caetano do sul,SP
87150b3d9a793f5308d1f02a4a9a29a0,f7a4e3a119ca95171fb62bde4a271c03,60192,fortaleza,CE
82ad287ffd79d1492f0291e8d41dde20,0b6e816bf951b83bb07f8c97adb3c1ae,03968,sao paulo,SP
1970ae021f65edd548c338b11bdd98a7,adcd43b10066dcfcfef4ffeef6021d87,67133,ananindeua,PA
921ea7f6e2a5645d5d1288696ed9c953,a58d75d906619891fbc629049af9a429,04738,sao paulo,SP
7ff8e942a84a6cac114e1ef9c331242f,3e7d8d6bd7100a5c71cdf2572a0b402c,66050,belem,PA
d5c98e2099bddd4681eef690abc896c2,70fb0ed2f1a54b96f98763fc86199ef2,60055,fortaleza,CE
f3f396000326939460be279082874605,06e4c037b01aceb787fdcf2b4cc7b1f9,18870,fartura,SP
9b9a9d852b98e8d9cad5a35caedb2ad1,6475f2400dbb12665847b9e998268923,18133,sao roque,SP
076dcea2eb6c8dbe9354f7c0d8670a00,5a014dabe8de0cc29621e8c8d5ebfd8e,42850,dias d'avila,BA
eac2fb60d3f12675772fa03f9d8f8ddb,f113042ff356f926d517f3087d4a1ba8,99400,espumoso,RS
ee78e2394f33a3bf7e81e1ba6192863e,04c9f042aaafb2430f14e0c3d46c0a68,09120,santo andre,SP
6344d00636d39fababe43b09e0159ca2,f2259b88912a5efe2ed988413d1f923a,13419,piracicaba,SP
ee72fb782e7724b04820a72307e299f2,faea8d3ca7727a278bf3045a9486eca7,88955,balneario gaivota,SC
5919e1f7863f9b5837dae40ab61436df,407312c8cd35affd61b35e18e7462453,22775,rio de janeiro,RJ
bc3b33c776afd3818bff753856688345,b39eefe231ee42e53b8622b984b21115,15775,santa fe do sul,SP
aa6bbe83912aa4d9762752cf237ac30e,bfc70d3b02a9960e0a177e8f7f62bfce,14405,franca,SP
615ae88261f09750647dcdb0cd6858d2,23a944d718f96d95c768d97f07b330fb,88352,brusque,SC
c2435f2aefcb4a3b7fbfdfa47db46af5,f2fe55a1d05160523eb0a10613014b89,07021,guarulhos,SP
514c224360b5f3d898bc57052663ba38,f734a61bce870e6fd0918d29ac95d663,75908,rio verde,GO
9d3f60afb962f188a275d0ff6790d3fa,48e487feb7824fe154b6d5647e39f90e,91370,porto alegre,RS
c025200e87520a89f95e5520045a8b5c,26624b9399ad6aa028a09e30e63cd696,65075,sao luis,MA
0539a1d77e38f808299c0f1f44280ab7,ab2255eb14e071fbe873408ff2c4fd12,29705,colatina,ES
d99a24ecc2f7593c35f0a6ab038a3b80,79b02568421e994e50334a23d009480d,21250,rio de janeiro,RJ
63ee324986f02bde9075a307f4c3cc73,a0100a3a8d31f0be33d406cc72aff56b,87033,maringa,PR
344a27b3c9562cf236082962d1767630,d377c2325682d5c448f87b67ef7733f2,83833,fazenda rio grande,PR
5c15488d1970472a9bbcd68ac1468e33,3af5f7534be6d2d2d81562ee1dc98af2,89186,aurora,SC
aad20e68b92b9d5989bb98698bec41d1,56d9f7e21e5646dbe8148f88453ea798,28695,cachoeiras de macacu,RJ
2b11d30e7762ee0e087603f4a5d3cc6a,9babef38291b535a79ce06be358bad7a,30710,belo horizonte,MG
362a2ed4cfc696ffb1b54029c4886493,5e682f7edbdec87b0dc91be7e910d186,23012,rio de janeiro,RJ
c4d2b21d80e07bd6d1b8e170b9ae4d9d,4766c34deb79566d30d1c7a51ea898f7,07600,mairipora,SP
1730e1c6c871728cb55c1648810fa30b,1f68f3d5a98b660595b50cb5572c97e6,14660,sales oliveira,SP
1ab9a596215dd981d4af34b1f89eadca,b19097869ce8fc97a3555a8748e74c26,84268,telemaco borba,PR
eab22d3171e51fc2a3b380f5da7c7310,181fe5cb523664e70003f36f5ba01d23,63260,brejo santo,CE
db4ce50bf63f8c1a9518462b0499aabd,f513f0c6703eeca0a7c917c3fb6e407c,61648,caucaia,CE
20ed1eb8b4e92e5209c09a6f5a60df22,fc09bd9c52826077629d200d15cf05fd,05463,sao paulo,SP
5d576cb2dfa3bc05612c392a1ee9c654,b6027ac07fb76ebca8c97b1887865aee,12954,atibaia,SP
81bf8b2387b9d3716a34a33be63c45ea,6da1f239b54ae1312f44837503ff6d1a,11085,santos,SP
3ca9c178df280c7759485d997febb7b0,76f7d40948174f5cde0fcf8e6147b59d,07194,guarulhos,SP
a86efb07b29b0ab31a5c6047c600edab,ecf7874aa8a2586adf6ca37fab21ecc2,29303,cachoeiro de itapemirim,ES
6909938bdfdc79e0e6a5eeeb781566ab,425697ce3d3fac914952c34f43c9dece,09450,rio grande da serra,SP
32077254957a1045786d8999f60b0ed1,8a5f7681b61832cfe091bb4ac6656028,18683,lencois paulista,SP
2653ffa2adf76d9827e1458918c125ef,b120185218db2a74f354de194405aa77,06814,embu das artes,SP
c09962ce82ae80e545818b93530aab09,47b38e3ca4ce43247fdfc425e3dae292,07190,guarulhos,SP
de803ca99877b56ce0d121b7e2d57bc5,675bbd87e94431bd6c6fc90aefa1427d,35170,coronel fabriciano,MG
95ae8f8b2660ab72b433470f27396a3f,9bd02f419986004f80d10dbf52f8c128,23045,rio de janeiro,RJ
710cca84f93dad4ebbfff1220d409458,14cd2a6afa543e633f7ef344caafbc9c,09341,maua,SP
2c499841f2c353053fd296844c4908f5,7d70830062fb69cd2b3f095aa6ad8fd0,71741,brasilia,DF
6da649023525b7a22b12737c8f18423b,bb1770ae9e096a25630b2404ed9bcbc4,79730,gloria de dourados,MS
6d68129f050598becc89de9b781c298c,7d815d7246f1f071a3bfbf856543db2e,15410,cajobi,SP
4f35ebb1592ee75a4a0d34f4c9615090,506851dc3dcb46d6d3780857def2576f,42739,lauro de freitas,BA
bafd4361ea9061be4b18bbc25300f2b9,ada075db68fd3e0c522fb5a9e2b26805,04809,sao paulo,SP
b09217cd25a81dffeccd1aeeb66fc004,ce65851fb270ae61e30e5ac93e16c3c6,64160,luzilandia,PI
a4baf842746c9b377c5fe5ab016996b7,4b2998e008d71f6d04b23931db986cf4,35195,belo oriente,MG
c0c57d5e694be4512af66525fad54068,d9937d0176b93951c382907aa50a86cd,04559,sao paulo,SP
aa49a857b9196c3ecc7cd8cc02f954f9,84e13ef722e424b9f6ed3533f1996aec,89899,ipora do oeste,SC
d0f1e9e852ef9b1099b6dd3c25027d55,704c21a02e59001049f14ec33b3b0be0,56220,bodoco,PE
16457aa87c0aa54bf5a3ba8b46f5a5ba,0743c38f68e0d3fa5cff234ddb844569,13140,paulinia,SP
3a6fc4af206cad7a5eaca926cdffd0d7,d5ccb9146be20771162df61d83ee6a31,12230,sao jose dos campos,SP
14532f1320645821a6da04e049dc6b53,3e1f5ce6a6847bac4bc3f20a2c3a58d0,21235,rio de janeiro,RJ
2ecd7b05e49716f5a4efb5aa0f4cc899,8e93e02a66a3c47d7f05494bcae389d0,22750,rio de janeiro,RJ
1fa0a6dffcd587c4a296237a7dca3e27,2729fcf116ebf40c139954768b57af51,72135,brasilia,DF
0623ac95ea8764ca730185db76ea56a0,034f3cf671ecc03610f2ce339ee72f4b,90420,porto alegre,RS
5e223ba2e969f6c316d104a99db67a71,f96fba562401ffaedb60f667b56c60d2,22061,rio de janeiro,RJ
ce88121027e42c2e895f84a8f3ccd665,5891450360108dc473afec34275d86f2,11664,caraguatatuba,SP
ef4330e4999fdb2780359307807093bd,0af866a53e660ef8eccb5ba24c1bb696,07142,guarulhos,SP
a33aa4395098f8b30755738b398ece95,6404d0227d0bf382e56d1d26373d467e,04777,sao paulo,SP
09b383911c9df8366e4c4ecff5220f2a,690320ceb16aaf86de5c68d93dbf6721,04348,sao paulo,SP
946f35bd37b2438f7f2d68da8ed3b963,b9d90399fae52218195b4b23536f6fa2,27657,santa isabel do rio preto,RJ
546c427cda01bf664853d185e4cde13b,86e896dba6fdb74896219fde98a65bfd,25585,sao joao de meriti,RJ
08ba3f633e08284c827e14b9700d8949,be33152ae3eb53008fdba8c5efa40ab7,07950,francisco morato,SP
de0c1a4d8c367c58d66e61dfa379f4cf,67339b5ed21a26219ebbeba53fba836a,11725,praia grande,SP
b1e9b2988dc3522049789d4794c3b46e,3deb7bc22f1b3296b00e84e35a7df74f,83603,campo largo,PR
3773bcf1a6fbd29233ea1c1b573c4f22,f5f088001070650f9e9a8cd773621f35,13208,jundiai,SP
a7adc93e1086eab42f28ee3d1c4b77d5,a45d660d406d3bb802771cc015114f28,25237,duque de caxias,RJ
6a72b0e91fbb821cdade717f5899a67f,c502c4be2ff2dcf09b3fb80a47d1e9cf,87707,paranavai,PR
3e3aac425794c9d8f210c7fe2daff787,ddb324b9d7fab6376d67c9939db4c0fc,21320,rio de janeiro,RJ
7c43cc8f6953deea674d34207a646886,73c4efed8d45dab6e5e412c2f3594fe6,58175,cuite,PB
c9eba034ee5ffca9771a1a60f603c827,8b773922de721ae547665eb8713eff08,99690,liberato salzano,RS
74179773f1f31f3af11c3b3b065115f1,78d665ab97fb0bfd754a20a48476c4e7,28630,nova friburgo,RJ
d3a6688ba3e7d1f5775d0ae9b2992712,8dbcce79f9d830067a7ea8d202f115ea,06826,embu das artes,SP
2010587cb06df66a241fa29a40cdf9ab,78f1426483887323ca6f074d0e76f3b6,99525,santo antonio do planalto,RS
c2c67639ee959564126f62c5f03328ce,eb47ff8b5057b9083f363e947831e696,86010,londrina,PR
60d8ab975103138567fe656cf30575f4,6109885a87d4541b0677c4d576c2c76f,27253,volta redonda,RJ
e05a84797d611a433339232b499f6222,b777081ff33037f313eb83b79ca3c19b,04457,sao paulo,SP
12b78d9eacb77edde80d19b9528bcfe9,c169af26a849e6d6b99ce9cace56a379,12040,taubate,SP
f6d650f5127f08c4ed7c4f596c0f9cb5,3880b8d94e3a64bca0e7df6c5f05c29a,05734,sao paulo,SP
0338cedf9fd370fe655047aaa0725078,1f98d2384ff7a372e6a2d3bb75cbcd54,36680,sao joao nepomuceno,MG
8f359b4f2dcce84f7e8e43b452e7020e,ca456971ad182f9d085b4f90c1590e3d,28906,cabo frio,RJ
44b095b70f75bff71c680d045fbfdfa3,e6ac17748609d067cd1fb0de631adf2a,06415,barueri,SP
7a096b2118d6b610b1a4efb484f76750,a27633404af1d7136e86d973f05580e9,17021,bauru,SP
505daea6a4fe3f09365ec3d4fb3f2763,0ad611d05148a7466e6ea0f3c508660f,11630,ilhabela,SP
9c82bb6bed60a8f2141d7a55c90d98c8,52dc22ae01a82d60aec888a2ce0997c0,20771,rio de janeiro,RJ
f7277fce45fad3165379c15cacf5ddbe,1544f85dff3797491b60f2a5241d14c1,06160,osasco,SP
112f9ea59ac9a9565c76c2152490fe30,d4c01fb33a50efe02b5f7ed95f566389,37800,guaxupe,MG
a884259dce0c9768fbdc7a223723a4f5,572d420d8092b410da2076e2923b32f6,81710,curitiba,PR
3fa57a1801314f5064ffebcc14d2063b,88fcb680dc8cd2e540010c0750b78242,13348,indaiatuba,SP
053577e4537e6b6b68b9f0e929f27d32,a99ca5de16bb8737a59d562a3c32ca9b,01258,sao paulo,SP
5e36db9241439a2da5ba15f679116bec,1fb38e71af7bc75c40a5e8ac80d3d748,26088,nova iguacu,RJ
789866f98a4d051812a2ad7e9c2443c0,d61c923fff01b0e448672a2159ed5757,38412,uberlandia,MG
59c8f8409e6a27b4134fd666ca564e8e,7b41b7725aa92a0a785588bce9fdff15,02310,sao paulo,SP
3ba82631bd5d98cf9aed23c57a08cc13,484ebf9e88a9ea286cba257eca428310,08280,sao paulo,SP
49d060225cea4efaab0882a62cc3997a,814286cc1f3e933227c148747bbe3a71,05413,sao paulo,SP
c859e1f9641a31e71020f8be665daaea,7d96d0e3e9160720b6538a101955ad26,37750,machado,MG
a89e53e23892b105599b8701f6353a5a,3e2e0129ccee0dbc042204185452ab8d,37945,sao jose da barra,MG
bad1653658d184e1c4dabad107ab9cad,10cd81466a4f2cbe0f59514b1a8d9221,55270,venturosa,PE
c61b59e94df1163cac39154ea29f88a9,6f9f62530cd555570ffd20aafc4b1b9c,32113,contagem,MG
896be0715700bbc505b6fb32f4aa44a0,3538cf3e6c8ad661ea4ac1d27f099397,04256,sao paulo,SP
38816f87277c9326c66590c7a1202fdc,34bb455fd095fdf1a9964fed915c596e,36800,carangola,MG
cf9d02b5881ac8b8c6c2c5d4be462589,02d01e34105848c4f70c643817d8b904,87203,cianorte,PR
7ddf54360177b27382331360ba87ec83,e0f04b36bd7eb9695d66b9b49aa2cb87,95630,parobe,RS
2d99f1ab585a5ca8c2d77dd6fa57eae4,dd1e9538fb98728cae371bf3a0ca541e,13185,hortolandia,SP
34c44f5198dacba9936078212bca4b61,7a0f2eaff476686b9422b91874e1aef2,38500,monte carmelo,MG
c6ea5fee4779628bf4d55977fec66560,5b144ed81d73eab158657c9516c0d2cf,30664,belo horizonte,MG
6be2538210060931127d78f976f0708e,5426571d21e82bb33eaab30e48e6f290,03345,sao paulo,SP
7e1d6ae9c77f1010a374656024661408,aac87016855bd40827b41313863872e4,12515,guaratingueta,SP
d13bbecc49b17d5666a341f4151cc680,2e0b805455260cd1f7de32b1b5235337,02720,sao paulo,SP
476762b9609040c46aa4e7288716197d,dc323227bb5bc2e71f053871543d8a5e,21210,rio de janeiro,RJ
4d3280f2dbfc1d6b631448e986a0123d,57ec113f18471789b4c412b02c34368c,60170,fortaleza,CE
025247dee36960e70666880b8073e582,05d1983f756f88c02430157372fc1402,21775,rio de janeiro,RJ
c0b4f1d2d74169ee8f2c4a8f4e2ec429,1314e23c75b635a4dae426ada71ef9aa,88040,florianopolis,SC
d12b97844cdb418736b09a98bd775fc3,ce3074d73cb3828e407c462309b0ff7f,13203,jundiai,SP
b81dbbd9b626394ff08e4ef7d8b19555,90335619a821b1b6e74cbb0c8cacece1,89460,canoinhas,SC
89d2aa071dbb29c337230bef92eab040,afa0af01c923a0df289a64fe8b7dac05,13184,hortolandia,SP
9425138786a500f53870c673b2000da1,ff69760e24ee8cd6a88ff1e0110f0701,42803,camacari,BA
6ab5adc744d5c894470ce74466a78a27,40163091ee73ffaa57448cb8e21a2615,15041,sao jose do rio preto,SP
ad6d4e14fbcac0ec27004560ab1d0c21,7f1efc6850b3545f8e011092447e664d,06787,taboao da serra,SP
bacf5021c97183a2a3946dff31e56098,cb56f37beb68b1e2557f4ce00879d21c,89280,sao bento do sul,SC
6dc864b913bbfbe227bd1da4d8080a2a,2744066af4bd156c08ec0c0549e2a539,12444,pindamonhangaba,SP
b9c7a79a20537b1e943044225f0b0113,0451ef5a31cea3e14ce02d768d7c9943,41800,salvador,BA
512ab098fa4d12ef6885a8ccedc02eaf,fa9e894ac0b2378ba83156e9281caacc,69021,manaus,AM
ddb83a5b3161520fcd64863c1a266ec4,9b06f6c009832ad8a108a8ae7367ad4c,20211,rio de janeiro,RJ
df4377ee7e2f8972b24a39ff87cd3a6a,b3a34bbf1a1d11885918ad3ad99083ae,45400,valenca,BA
c61ae9f1f2351bbd660334ae4775cf10,2433dce3c78ff42f594634545d3ed10c,11040,santos,SP
ff582f34a30b0646c52541de86107865,50915df398391da01c01bd5cf272f61b,02033,sao paulo,SP
55e153b503a15cf10845bacbb3b4d616,7c6afa006e0c76d40fe0dc6aacee2940,22750,rio de janeiro,RJ
606ee56c24ba3bbe8db80bb73ff1dcb7,192eefceff02aa918c56d35357557d93,84053,ponta grossa,PR
54e9ecf855eeada42eebb2d344ae3d2e,927ba5110113360b9eb6737848cbe46a,05798,sao paulo,SP
b07d3845ff0addca8fc9fa54ea872c84,86524cb20ed520c47b9826f97bbabcca,87900,loanda,PR
65c6da734e03f00a02315762773f9e5a,c658781f2931c08e5adef93d62b67007,30140,belo horizonte,MG
9a31f5e48f4274cd08d49d5b6681be28,6954a50b9d0de5b2c747f12743915254,01456,sao paulo,SP
5f92563bde007bfa821abb4fa663e0d4,c7b577de54cb78d5d8f60f78f0476a52,12916,braganca paulista,SP
5837b288ad076175ff451a905d6153f9,4619a0062095f6d6946a97ae46be4782,04327,sao paulo,SP
a295e08ab5581bb236c059295c4e202d,1cddffc632aa19a1db7d5fb0ad187b16,93548,novo hamburgo,RS
3960b54ae7f5ec5965a08bf94efc2411,36fecee96b47a599e59f6ac3565b1fab,28905,cabo frio,RJ
f166734c59f0606a6c1ab33ada902aa4,bd335beb8f3ec4525fd0fd5d568cc87e,15803,catanduva,SP
8b97935c355ec9be1897a67de022a398,b98ffc4585392290cf590c54056ce198,24915,marica,RJ
c7079118b666659ab965232b538299af,1382666ea2fb0184512f3269cacb3c9f,45834,jucurucu,BA
cd00039f779735fae733fbefe4aaabbe,69298d2c495133fc08e9770e7b5a0c66,13175,sumare,SP
58fb5805fb543260da75a8219ce4a285,89d60969a774d9ce6f453932d1bcddc9,07400,aruja,SP
bc3944c929f6bef6cfff35bf6473781d,ab42422d09a16abb4d396dea815b73be,78030,cuiaba,MT
40ea24d06a54905dfa43438cf8732efa,e6acf8d170b8a04c3243057e4afbf3ad,06253,osasco,SP
7c08087045374bb1d3d72120ba4f1cc6,d41921118d17ae7938c2a2e22a930550,03520,sao paulo,SP
8e20f087ea52d83311b8a9df03ab67f2,c70f7100f8daa28992b8c2816d68ef98,07085,guarulhos,SP
12d1b4f01a98d5300ce2b471a0190721,72d5cd15622e86e499609e4654af2439,13046,campinas,SP
36b56d749b05761cbde563cc6c791cab,7c10cc54eb0a77299d3fede5c780d65b,51030,recife,PE
f8fc70c22831cb93f1bf7f8eefa19765,511ac552669ae0bea0aa5e724f69f28d,04128,sao paulo,SP
8709f685a85d5c65fb7e7a9a77e97182,5882e10ed75dbb86ed6b62bddb146e5e,22261,rio de janeiro,RJ
082d62ce77055d3e52dcd10c1e2ddd2d,2df3668c4487ba2cc80bd990a2f4d9e5,74486,goiania,GO
b9816399341dbf1063afeaf923a1860b,35e3c2132cca0d7615fd5192aecb2c3d,22440,rio de janeiro,RJ
af605ee4741b701d7e3369192f200a40,805363c3cdfb04fca106609664537903,17300,dois corregos,SP
258a456e9fc702644a8f3c49f1a07031,03824ca7259812a13878a064dced0400,23093,rio de janeiro,RJ
f8db74f90cb69ee798432c01baf38009,504008f73e607b2e88d3f176da96cb06,22753,rio de janeiro,RJ
d8a0e0a95a125e99270837c560431d9d,9bdeb44994c8a469d0555497fd70c3d5,05842,sao paulo,SP
720f9eb7343c0fb80260074ae6c3fc35,d75fb6a485d852274d02790815fbbb34,46875,itatim,BA
bdc1f7873ac4879bbd970ac78c3d2d96,da5bbfd583efb762f6fda762f1aaf4a9,86050,londrina,PR
29e3a2295fa12b8d38458c597bee5635,a41415ad767a9b63a17539bae0d36c66,13974,itapira,SP
1bc7096979db74678ff84d5a54599054,75b938544158368ac8bf217bf8ec88c3,06730,vargem grande paulista,SP
837e5a59495c88f7881edf3d5b3c9c97,44c6fd175e072b9e77d386e4478ed202,99700,erechim,RS
a48d8fbdbed3a8b9840c3f6bb5215a86,f7b9e927cea804da838f1e6875bb6675,38280,iturama,MG
2cd8c5d16f98a776a87ccfeb14c0ed33,99dc44814f4149b4c54128029ea0eb4c,76590,sao miguel do araguaia,GO
47bbec3546f4004399e1e60aac67315a,c7ba5ecdf4f95144e084d86235fccae7,11020,santos,SP
8c0371d9a7330d609cb2b0f9781183d0,a0e1b13a3ee2d46c7de8d987ef47ec4b,86063,londrina,PR
d75b1a468435f5ad447bb2cc1e97a81e,25b2ebd48f0514f355a8294c53d9df25,04552,sao paulo,SP
eab676576871f35b5954a84272b96c9b,672d9b35adf346fe59f7aa2e8264a2e0,12324,jacarei,SP
ad16e4d1da8efe9f51626cc703441dab,a170267b2c94d6784386cdf7c918e975,11320,sao vicente,SP
8aaad69c0f33504ee7c6bad3ae9e20a6,e7b917f42818ddf2ff52d21a2270ca76,18405,itapeva,SP
f4c561310fbfc0b28a3419ff3df88950,ef317827888c6998bb1672e72e9d3068,55028,caruaru,PE
eaf6adf12bafd0a65d373221cad2dacf,f410f5e94bd5618b2b801de22c52b07f,14060,ribeirao preto,SP
909d8e1f1bfb6af00321a96711b711e2,c133361ab7b2f82b707a4963a701dd57,14090,ribeirao preto,SP
d15040354179edf98a52370f7b427729,2c8466c03923a51fd621169573e7d836,41635,salvador,BA
67e656bad90cf1cff3eb60db78ba3da6,b45f94f3b26b9096c7af8c523a2c9edc,03471,sao paulo,SP
479ca8d1cff55ed96a8668fbcad81524,65e43f0a771df20fd154bd6071356b2d,68552,redencao,PA
d9778e3e408e8c54bdb818ab6bdccc39,5a08f2b992462b9094d1db89f7c5f53b,22795,rio de janeiro,RJ
a4ebd6f335462d496189929f5f84b64c,250bcd34eedc5ddb868f66d5a8b0d441,02403,sao paulo,SP
93981a3a039274f7c0f9dfaa22318d78,a74d59ab24a3dce26b545e849047b0ed,04616,sao paulo,SP
9ee50c5ffc022a4e663f5d4af3de3d75,cf36fa9b6e276c0559a4e80cf5ab44eb,36660,alem paraiba,MG
1fb653faa25a3b5aad140fd39b886bdc,77ec31993fcf90d38a101b4df9a1151c,91787,porto alegre,RS
cdb061c59e7ce1676b3246012919cde2,6919ba537f29bcd395c42b3d910db37f,22240,rio de janeiro,RJ
b80b7641c7244c79644d4f6fe6e2e731,09baec50afccbb414f24bf8e0bc7c020,31330,belo horizonte,MG
963a1bdf3457fa0fc821708aa51e087f,a5691fa7bd4401e76eb85545f64dfa07,36205,barbacena,MG
84f30d2805ae1bddbe5deefc84c80cd0,0511b00dba27c937d7c1b15aa385359e,29101,vila velha,ES
0b0e2a12cbf100c36a10fe8fb871d783,a1588c8835d1e73d889f5e116bbaa967,08543,ferraz de vasconcelos,SP
bb39a7d8837917ec378363316589ab88,5c7255bd0431758b1d92ca387145a7fd,39710,coroaci,MG
b4c4af6dbbbbafcfd8d6863fa0fc6e61,f9b89cfe153ff980aa3d8dc18b380888,76630,itaberai,GO
7a4d4a91643c3ed808af700c41364e3e,d3fc984c5a92922652079a947bcdd508,20251,rio de janeiro,RJ
1ff23faa252154298c3e52a1e36c1cda,843fce53a8077f28ff10cbfaab2ab957,27933,macae,RJ
87976cbdc669a9bb8ebf166b3c2175b6,3363a65aa1c38fd0e1f4fbb7e50f1fdf,09426,ribeirao pires,SP
713be237a62bf47f7bc3acb21f0f41eb,b4c9b126711b621c4f4cc755596936f9,13052,campinas,SP
fc9e3765628a8e2f65090b2d28e70555,e9523749328fe82cd18a39f8611a69b9,30455,belo horizonte,MG
5e02b87345f6fe10a41606943f568ded,606895478a52866c50804a43c243383f,12950,atibaia,SP
6e6943d8c4822ead782b17d532e6ee63,2302114645331312215fffbe07aab78a,06060,osasco,SP
c02efbe53a1febd27cc6b0fb9544d81d,752fc5cc8aa8402ab155ab39828beaf6,86990,marialva,PR
3f3aaaac1d9df140266ee77970735eaf,c40388c86f0334d1d69f33fc43322a8c,45985,teixeira de freitas,BA
18badabf25972a66874bea0871fb9dd6,e561063af08281d25e01eee0979477ba,35557,carmo do cajuru,MG
a73fa1e059154a6fa8c7e419b5bd0936,c40b4a21d854ab194280dadc8998061f,71939,taguatinga,DF
dfec7cb1347f76c3ce993ccde152e6f7,b0f47d39f0e55621071ec1e93ca6b74d,65071,sao luis,MA
2ef691fd17de0f7ba5299ba1a11a00c3,31be1dddf65bc204d6b5a3c8bd8d5d1c,23059,rio de janeiro,RJ
650b8d581bd67d61888f8ea779e34e7c,76d27298b0c6f62c2127b1ef01b6611a,22421,rio de janeiro,RJ
944ef9f636fb17c976efe30712d21402,f923e199120435fc709f1b21fc44e483,41315,salvador,BA
7bfe2d37d3643c4bd9fe6fd5c4228d0e,f3c96794acb463d2a2785d4eb46af0bf,23035,rio de janeiro,RJ
7c2a55810a39cd8421f6fd48f88210ac,5b1ccb22b017dc7b926bc2de7a6ae857,79420,camapua,MS
a25c191eb1025845e8e9d1d806fa2605,a311db8053cf14527828dd6d89a1f57a,98801,santo angelo,RS
5d919c80e16c86df90faf8ea585a052b,99543a715ca26289c0fbb3e8d92c3516,96400,bage,RS
e82aa49c904185344fbfbbe025433ba5,b2f4ca50352ef05b755693d159d82147,11370,sao vicente,SP
18e56af97c2f24afcfaf7aa97ad2b969,d9ff7e37d7bf448abb783a6e56462d93,63765,sucesso,CE
fb72b7779e168d8e34a6400ff4c30c29,ae5e8e05539e7be6b2a0b16241879f7d,30520,belo horizonte,MG
7fa80efb1ef15ca4104627910c29791c,205d5aa158338f2b733a07326aae8c87,42804,camacari,BA
4ab60901050d2b4b877596c2edc24a6e,62fe3c4ffefb1c3462cb546598df78f8,21215,rio de janeiro,RJ
f6a623ccb7b0dac8b9c9c74594f2c041,3290c55d91fa90ad3eccc922f8174046,18050,sorocaba,SP
4f4c1fc9acea17a745dbd2a0eed70403,a8d6e32507de96713d398ba0fe214d7e,72800,luziania,GO
a947822e31f502d0f6297cdee1448a73,da42590d5fb158dedc2996e0cdf95a58,89520,curitibanos,SC
4138cbe661da10a8a2428754495ab8fb,d6e3f8ffe22be51ff7df0880477577a9,13065,campinas,SP
5aa74c879595083359ded75778c85a3b,cc0472ed54d7ef34d66a4cad6bf2e666,81935,curitiba,PR
c447c5e0a10dfabee87e3d41dc0250eb,7a167e835e9a0aa46714fdce78a7ecb4,13160,artur nogueira,SP
953d151252d1305b272923cb0776a79b,c8f4f0e903ec33304d2c7a5301a94c7e,22753,rio de janeiro,RJ
9662a6e2918ac93d63f687e51219d027,2444e57c718501efe5dcdcc6576f57c4,17700,osvaldo cruz,SP
e91aaba52c45b2044c6dc4319af54a5c,595e86ccb5e139b87f2585257597b82a,13050,campinas,SP
ed06079dced62dbfd744b48a2dd8e789,30918014dcdd61ccbeb79c2fd3bc8d6e,41720,salvador,BA
7f3751bed6fa577d36ce3a74179e992a,74fb95244fc51cd2b2ba1870c8b97aa1,75084,anapolis,GO
20899a98f69e29ac34d852719a64f431,52832e2d43e2afc66377c52f26dacfc4,98400,frederico westphalen,RS
2f04d3db6495e1a45b6d8473469522a7,d4720687c47a65b47afddb6086b1d100,29101,vila velha,ES
5323a8b4980e72ece631b3f3e77642a5,c11e03f932a26afd062d3916ae0c85fc,03557,sao paulo,SP
b7fefe142962b04fa4d97b8bec20f8a1,9ef4905006f939a993f4794df18564c7,64056,teresina,PI
f9c989b75558c119a7ce8e9f3c2b8f45,ce13190d9ef1e855dc50ecea9a1ef809,22790,rio de janeiro,RJ
